mfcc_1_mean,mfcc_2_mean,mfcc_3_mean,mfcc_4_mean,mfcc_5_mean,mfcc_6_mean,mfcc_7_mean,mfcc_8_mean,mfcc_9_mean,mfcc_10_mean,mfcc_11_mean,mfcc_12_mean,mfcc_13_mean,mfcc_1_std,mfcc_2_std,mfcc_3_std,mfcc_4_std,mfcc_5_std,mfcc_6_std,mfcc_7_std,mfcc_8_std,mfcc_9_std,mfcc_10_std,mfcc_11_std,mfcc_12_std,mfcc_13_std,d_mfcc_1_mean,d_mfcc_2_mean,d_mfcc_3_mean,d_mfcc_4_mean,d_mfcc_5_mean,d_mfcc_6_mean,d_mfcc_7_mean,d_mfcc_8_mean,d_mfcc_9_mean,d_mfcc_10_mean,d_mfcc_11_mean,d_mfcc_12_mean,d_mfcc_13_mean,d_mfcc_1_std,d_mfcc_2_std,d_mfcc_3_std,d_mfcc_4_std,d_mfcc_5_std,d_mfcc_6_std,d_mfcc_7_std,d_mfcc_8_std,d_mfcc_9_std,d_mfcc_10_std,d_mfcc_11_std,d_mfcc_12_std,d_mfcc_13_std,d2_mfcc_1_mean,d2_mfcc_2_mean,d2_mfcc_3_mean,d2_mfcc_4_mean,d2_mfcc_5_mean,d2_mfcc_6_mean,d2_mfcc_7_mean,d2_mfcc_8_mean,d2_mfcc_9_mean,d2_mfcc_10_mean,d2_mfcc_11_mean,d2_mfcc_12_mean,d2_mfcc_13_mean,d2_mfcc_1_std,d2_mfcc_2_std,d2_mfcc_3_std,d2_mfcc_4_std,d2_mfcc_5_std,d2_mfcc_6_std,d2_mfcc_7_std,d2_mfcc_8_std,d2_mfcc_9_std,d2_mfcc_10_std,d2_mfcc_11_std,d2_mfcc_12_std,d2_mfcc_13_std,jitter_local,jitter_rap,shimmer_local,shimmer_apq3,hnr,label,type,person_id,recording
-366.9345397949219,155.82911682128906,54.7683219909668,57.8002815246582,25.70938491821289,8.99871826171875,-7.129913330078125,-16.41585922241211,-16.689014434814453,-6.604341983795166,-5.723231315612793,-24.59757423400879,2.298447132110596,38.17610168457031,7.68053674697876,18.65032768249512,6.967997074127197,4.425025463104248,7.271999359130859,5.136887073516846,5.723202228546143,4.8631205558776855,4.685982704162598,5.137484073638916,5.57221794128418,3.718304395675659,-0.524189293384552,-0.0999068543314933,0.1034473478794097,-0.008908674120903,0.0387775376439094,0.1352816969156265,0.0647060349583625,0.0202287882566452,0.0710952579975128,0.0016391568351536,-0.0941964611411094,-0.100473828613758,-0.0575923547148704,5.338999271392822,1.041420817375183,1.2296817302703855,0.9328300356864928,0.751957893371582,0.5727918148040771,0.7190062999725342,0.750980019569397,0.6363216042518616,0.7529686093330383,0.7086331844329834,0.8852590918540955,0.7450172901153564,1.1635476350784302,-0.0050150780007243,-0.1729848980903625,-0.1568597555160522,-0.0894339680671691,0.036405473947525,0.0773097351193428,0.0990832448005676,0.1046677380800247,0.0191686823964118,0.009027162566781,0.0785085335373878,-0.0916913449764251,3.673898458480835,0.5193831920623779,0.8225874304771423,0.6817734837532043,0.5736332535743713,0.3767569363117218,0.491398811340332,0.5010143518447876,0.5466768145561218,0.4601255059242248,0.4316951632499695,0.4130839109420776,0.5044136643409729,0.0036982384342904,0.0021122418606185,0.0207476153152328,0.0119243219752236,31.36058539256461,1,Hyperfunktionelle Dysphonie,1037,u_n
-398.2424621582031,208.3296813964844,86.68560028076172,49.21989440917969,24.131101608276367,-3.1588733196258545,-17.749916076660156,-22.48861312866211,-10.873093605041504,-10.936163902282717,-4.966925621032715,-0.1104552447795867,-0.3279154598712921,21.91589736938477,6.486196517944336,7.938445091247559,5.715953350067139,5.014561653137207,4.52688455581665,3.690667152404785,3.6378211975097656,2.614630460739136,2.790018320083618,2.7583978176116943,3.5252652168273926,2.899176359176636,0.4327239990234375,-0.0496318005025386,-0.1484086513519287,-0.1312176883220672,-0.0558859556913375,0.0144356060773134,0.0183712691068649,0.0234345477074384,0.0273467749357223,0.017857152968645,0.0346727967262268,-0.0189349111169576,-0.0160259716212749,3.8321011066436768,1.252360224723816,1.175472855567932,0.688691258430481,0.6472253799438477,0.6110328435897827,0.5057738423347473,0.5807413458824158,0.4179505109786987,0.377660185098648,0.4650902152061462,0.5735912322998047,0.4641783833503723,0.6501018404960632,-0.1748233586549759,-0.1768532544374466,-0.0808251053094863,-0.0724527537822723,0.0564181618392467,0.0673627778887748,0.0335957109928131,-0.0028521600179374,0.0094989854842424,-0.027371235191822,-0.0401730686426162,0.0036738712806254,2.751626968383789,0.9091305136680604,0.8611327409744263,0.5677926540374756,0.5233080387115479,0.4631983637809753,0.4514855742454529,0.376677542924881,0.3190199434757232,0.2866396009922027,0.3724554181098938,0.4645995199680328,0.3048126697540283,0.0014680724480948,0.0005913870712668,0.0161208807887868,0.0057136050005679,31.91710874407957,1,Hyperfunktionelle Dysphonie,1043,u_n
-379.5174255371094,152.267578125,81.53251647949219,49.90768814086914,-23.13054275512696,0.4893145859241485,-8.398652076721191,-9.912481307983398,4.396576881408691,2.9891726970672607,9.043020248413086,-3.7708840370178223,2.018641710281372,24.960119247436523,4.1513190269470215,7.926223278045654,4.702045440673828,5.830227375030518,4.312320709228516,3.514507293701172,3.651391744613648,3.4052071571350098,3.7297794818878174,3.9612247943878174,3.4561986923217773,2.9707181453704834,-0.3525078296661377,-0.0075869089923799,0.041012018918991,0.0337997339665889,-0.0275788772851228,-0.0187330041080713,-0.0175573863089084,-0.0131687484681606,0.0352460034191608,0.0175257306545972,0.0317765288054943,0.007780335843563,-0.0095991548150777,4.735764503479004,0.7034654021263123,1.2937957048416138,0.7980538010597229,1.0099085569381714,0.5763816237449646,0.5598958730697632,0.5671165585517883,0.5137340426445007,0.4986964464187622,0.5929695963859558,0.6005100607872009,0.4514476954936981,0.8277304768562317,-0.0007962486124597,-0.2357423454523086,-0.1282336860895156,0.1072414293885231,-0.009068981744349,0.0278328564018011,0.0826488509774208,-0.0070104706101119,-0.0213930997997522,-0.0088537642732262,0.0263996552675962,-0.0188206899911165,3.284744501113892,0.49433633685112,1.0273241996765137,0.7066232562065125,0.6611457467079163,0.4998597502708435,0.4355761110782623,0.5282565951347351,0.3680472075939178,0.3815308809280395,0.3840921223163605,0.4429754614830017,0.3681894838809967,0.0019966846461544,0.0011581694407786,0.0233997447651352,0.0126866047115125,32.4877137038545,1,Hyperfunktionelle Dysphonie,1044,u_n
-361.10986328125,177.97039794921875,32.994991302490234,39.02643585205078,-16.269527435302734,-19.17482185363769,1.4449033737182615,-12.224858283996582,-8.996230125427246,10.6607027053833,3.573671340942383,-13.92775821685791,-2.284367084503174,24.40334701538086,6.266711235046387,5.516706466674805,5.052826404571533,4.6559157371521,4.896363258361816,5.206449508666992,4.311212539672852,3.976246118545532,3.5632216930389404,3.608957529067993,5.0914835929870605,3.311765432357788,-0.0490752756595611,0.1143198013305664,0.0816462039947509,0.0635608062148094,-0.0441657043993473,0.0160807762295007,-0.0583467669785022,-0.0460990481078624,0.0432155318558216,0.0236576441675424,-0.0155159337446093,0.0193104147911071,-0.044452603906393,4.446191787719727,1.2193244695663452,0.725623607635498,0.8356305956840515,0.7695884704589844,0.7532776594161987,0.5625013113021851,0.4949257969856262,0.5534706115722656,0.6704179644584656,0.4450282752513885,0.555483341217041,0.3605521321296692,0.939870059490204,-0.1240668669342994,-0.0497126951813697,-0.1578072756528854,0.0890884697437286,0.1079304218292236,-0.0265162829309701,0.0387132354080677,0.0490282773971557,-0.0637602433562278,-0.0177859831601381,0.0763576105237007,-0.0137017481029033,3.3355460166931152,0.6665388941764832,0.500089168548584,0.7313220500946045,0.5094308257102966,0.5789134502410889,0.4478530287742615,0.422544926404953,0.4118350744247436,0.463698536157608,0.3168893754482269,0.4109136462211609,0.3630628287792206,0.0027424408762228,0.0015824955659422,0.01984781702466,0.0109955225232272,29.074172442187216,1,Hyperfunktionelle Dysphonie,1050,u_n
-362.3700256347656,166.70462036132812,86.89581298828125,67.16818237304688,-17.869857788085938,22.28020668029785,-15.003783226013184,-17.9537410736084,8.921462059020996,3.153314113616944,2.365495681762696,-0.7572373151779175,0.0153322722762823,19.34650421142578,5.357646465301514,8.201147079467773,5.421876430511475,5.5046234130859375,3.1684885025024414,4.119683742523193,4.357419013977051,3.309760570526123,3.275792121887207,3.624356269836426,3.63718318939209,2.800527334213257,0.1082028672099113,0.0555637814104557,-0.0157203376293182,-0.0097515108063817,-0.0534967519342899,-0.0187347512692213,-0.0703423917293548,-0.0461628921329975,0.0317205972969532,-0.0027592224068939,0.0261446628719568,0.0385516844689846,-0.0061014289967715,2.6802620887756348,0.5014181137084961,1.441882848739624,1.0082566738128662,0.8916612863540649,0.5588581562042236,0.5475853681564331,0.6858618855476379,0.5189302563667297,0.5433706045150757,0.5115631222724915,0.4715719223022461,0.3954102993011474,0.5134453773498535,-0.0094868429005146,-0.1862150132656097,-0.1183211281895637,0.1204271391034126,-0.0231529492884874,0.0614562928676605,0.0764548853039741,-0.021760931238532,-0.0153844356536865,0.0054097101092338,0.0114773325622081,-0.0169475451111793,2.241027593612671,0.3480657637119293,0.9742117524147034,0.6257961988449097,0.6051207780838013,0.3911709785461426,0.4301511347293854,0.5109046697616577,0.3659527003765106,0.4386714100837707,0.3617791533470154,0.3359443843364715,0.3678544461727142,0.0025611186207282,0.0013707240264473,0.0324446711291187,0.0182234366313401,27.23769106949101,1,Hyperfunktionelle Dysphonie,1051,u_n
-447.8764953613281,175.27662658691406,103.2725601196289,80.22403717041016,17.304182052612305,23.710254669189453,-20.83911323547364,12.408615112304688,2.009483337402344,-19.913524627685547,1.6966131925582886,-6.064976692199707,-13.15654182434082,32.56797790527344,6.329829692840576,11.469396591186523,10.561551094055176,8.729715347290039,6.029125213623047,7.453078746795654,8.040504455566406,4.8129167556762695,4.4246039390563965,4.337280750274658,4.040717601776123,7.625083446502685,-0.1404402107000351,-0.1742840409278869,-0.0862115994095802,0.0118043329566717,0.0847269371151924,0.0145057123154401,0.1103625074028968,-0.0502512194216251,0.0152965271845459,0.0421646609902381,0.0446313507854938,0.0730345472693443,0.0811630859971046,4.999480247497559,0.9280134439468384,2.210400104522705,1.7455285787582395,0.8590683937072754,0.852175772190094,1.2136716842651367,0.7780330777168274,0.7228229641914368,0.7754997611045837,0.6497384905815125,0.4780945479869842,0.7203494310379028,1.0031477212905884,-0.1694942861795425,-0.4589216411113739,-0.2847909927368164,0.0475896932184696,0.067605435848236,0.1611799150705337,-0.0473414324223995,-0.0334263481199741,0.0729464218020439,-0.0364017933607101,-0.0220207832753658,0.0540635772049427,3.4756462574005127,0.7800792455673218,1.6297338008880615,1.188193678855896,0.62044757604599,0.7324789762496948,0.7437019348144531,0.5548008680343628,0.4751906991004944,0.5185426473617554,0.4525650441646576,0.3710114359855652,0.4344577193260193,0.0020725575593975,0.0009407991708695,0.0267971185247536,0.0137641839211428,27.54684279182262,1,Hyperfunktionelle Dysphonie,106,u_n
-350.0817565917969,198.0193328857422,69.82769775390625,55.67516326904297,19.342914581298828,0.6327521204948425,2.189155578613281,-9.615044593811035,1.5241622924804688,-6.821575164794922,7.189952850341797,20.76365852355957,4.670133590698242,16.791566848754883,7.345823764801025,4.5001420974731445,5.617624282836914,3.9077048301696777,3.931783199310303,3.9252943992614746,5.477919578552246,3.5146663188934326,4.11733865737915,3.689675331115722,4.2484941482543945,4.351689338684082,-0.5420551896095276,0.0057838815264403,0.0706774517893791,0.0932703167200088,0.0487730242311954,-0.0003789298934862,0.0004927679547108,0.0203668512403965,0.0275383442640304,-0.0430998913943767,0.0010800552554428,0.049643438309431,0.0703878253698349,2.1730785369873047,1.1336315870285034,0.8430228233337402,0.9754613637924194,0.6866812109947205,0.631135880947113,0.7006101608276367,0.750988781452179,0.5861794948577881,0.6488786935806274,0.5589174032211304,0.7374978065490723,0.5225217938423157,0.2309146970510482,-0.1183035969734191,-0.0698892623186111,-0.0172138977795839,0.0495113134384155,0.004908098373562,-0.0420514307916164,0.0417560823261737,0.0123021341860294,0.0154180498793721,-0.0104360086843371,-0.0221515763550996,0.0162998288869857,1.4955567121505735,0.796792209148407,0.6443232297897339,0.6177437901496887,0.5020671486854553,0.4072683453559875,0.5184409618377686,0.5486328601837158,0.4143747091293335,0.399147629737854,0.404454231262207,0.4715223908424377,0.3793554008007049,0.0031255819190131,0.0015874175970806,0.0325406315026278,0.0163762327474684,22.55668254339464,1,Hyperfunktionelle Dysphonie,1083,u_n
-411.5820007324219,170.11993408203125,75.65142059326172,79.71475219726562,14.03641128540039,-7.337169647216797,1.2568501234054563,2.7933950424194336,-12.572379112243652,6.704125881195068,14.661916732788086,-8.06793212890625,1.8895747661590576,25.6106014251709,7.184186458587647,7.975049018859863,7.788513660430908,5.940989017486572,6.516640186309815,4.919922828674316,4.677098274230957,4.343669891357422,4.867672920227051,5.053341388702393,3.500378370285034,4.245519161224365,0.0083898976445198,-0.0308171026408672,-0.0305602978914976,0.000745004392229,-0.0259589906781911,-0.0325626172125339,0.0010537302587181,0.0175959505140781,-0.0365664511919021,-0.0020370059646666,0.0215335860848426,-0.0036358283832669,-0.0004419781034812,5.167355537414551,1.12494957447052,1.706576585769653,1.517239332199097,0.8400663733482361,1.03257954120636,0.6367504596710205,0.726521372795105,0.7069894075393677,0.6845706105232239,0.6726038455963135,0.6445302963256836,0.64969801902771,0.807738721370697,-0.1193452179431915,-0.1808702498674392,-0.2104132324457168,0.002128341468051,0.0514661930501461,0.0031279013492166,0.0238207057118415,0.054188847541809,-0.0519863590598106,-0.0903950110077858,0.0179726406931877,-0.023672791197896,3.191757202148437,0.7514687180519104,0.8030233383178711,0.9477522373199464,0.4715766310691833,0.6373009085655212,0.4608533978462219,0.4881712794303894,0.4964280426502228,0.4697968959808349,0.553172767162323,0.4565407037734985,0.3883149921894073,0.0039409120442802,0.0016183272787631,0.0261415620659502,0.0108804740267679,27.69913389050729,1,Hyperfunktionelle Dysphonie,1085,u_n
-405.75927734375,151.0009307861328,72.48716735839844,54.75004196166992,6.279336929321289,-22.880464553833008,-21.835124969482425,-25.996591567993164,-20.43397331237793,-13.22281265258789,-16.363109588623047,-6.001854419708252,-0.4128996729850769,32.34235000610352,12.181217193603516,11.959019660949709,6.594354152679443,4.569178104400635,7.847925662994385,6.898925304412842,6.069294452667236,5.598642826080322,3.922847032546997,3.556102991104126,3.962401628494263,4.457320213317871,-0.9850513935089112,0.4256206750869751,0.098663330078125,0.0342997387051582,0.0515606105327606,-0.0193790458142757,0.075341023504734,0.0778363049030304,0.1142320409417152,0.0315369293093681,-0.0435556545853614,0.0210879538208246,0.0829042568802833,5.5622992515563965,1.9416762590408323,2.5819993019104004,1.3972337245941162,0.8801622986793518,1.7610845565795898,1.6511746644973757,1.3108381032943726,1.0219228267669678,0.7074598670005798,0.6699070334434509,0.720135509967804,0.7562335133552551,1.4600157737731934,0.3607165813446045,-0.2381671369075775,-0.2047545909881591,0.1423364728689193,0.2663929164409637,0.1825337409973144,0.0880350098013877,0.0084513733163475,-0.0419346652925014,-0.0138254454359412,-0.0707652419805526,-0.0897255763411521,4.795837879180908,2.015976905822754,1.3673380613327026,0.7278624176979065,0.6101464629173279,0.99213844537735,0.8884363770484924,0.5720480680465698,0.498239666223526,0.6140416264533997,0.3749673962593078,0.4639804661273956,0.5691043734550476,0.0253954325609984,0.0143862293481558,0.1283469872143345,0.0670940707881602,22.90783331835508,1,Hyperfunktionelle Dysphonie,1088,u_n
-314.42291259765625,158.6376953125,64.8315658569336,69.81580352783203,-28.75510025024414,26.7005672454834,-11.128796577453612,-6.802917003631592,5.1226420402526855,-3.6903951168060303,2.441000938415528,-5.933581352233887,4.063822269439697,17.526592254638672,8.598219871520996,10.261173248291016,8.457880020141602,7.717274188995361,5.059459686279297,5.665167808532715,4.703072547912598,4.390471935272217,4.983173847198486,5.257528781890869,5.228292942047119,6.332268714904785,-0.102407194674015,0.0882389470934867,-0.1227126792073249,-0.1332148015499115,0.0166390910744667,-0.025433886796236,0.0856213569641113,0.1310773491859436,0.0830835103988647,0.0535937994718551,0.0995128974318504,0.0302881672978401,-0.0152316913008689,2.8747620582580566,1.4692615270614624,1.4510358572006226,1.3484234809875488,1.2311588525772097,0.81416255235672,0.8905101418495178,0.7421237230300903,0.6997568607330322,0.8421101570129395,0.9281818270683287,0.8195826411247253,0.861792802810669,0.5516122579574585,-0.0553325079381465,-0.0925518721342086,-0.1482346057891845,0.2157380431890487,-0.0427016839385032,0.0313104502856731,0.0340722501277923,-0.0207168068736791,-0.0190797634422779,-0.1013688966631889,-0.029046120122075,-0.0293230079114437,2.122646808624268,0.7020056247711182,0.9121202230453492,0.9241629242897034,0.934740662574768,0.5224583148956299,0.5795246362686157,0.4931102991104126,0.6036781072616577,0.4864348471164703,0.665390133857727,0.5802406668663025,0.5182495713233948,0.0120055592611914,0.0069206522932945,0.0909852462618152,0.0489826891590517,17.051229286547414,1,Hyperfunktionelle Dysphonie,1090,u_n
-300.8271484375,143.16183471679688,35.123531341552734,39.01141357421875,-28.216461181640625,25.67284202575684,-0.7587956190109253,0.4841468334197998,7.911792278289795,-3.595547676086426,8.992520332336426,-8.312171936035156,0.0767136737704277,7.456540584564209,4.458425998687744,6.19829797744751,5.161417007446289,5.586400032043457,3.81261682510376,3.265852451324463,3.900828361511232,3.770573139190674,3.7600929737091056,3.549112796783448,3.554619550704956,3.0989437103271484,0.0209114141762256,-0.0842971950769424,-0.1611810177564621,0.0100575210526585,0.0176370795816183,-0.013148995116353,0.0171899311244487,-0.1300606280565261,-0.060411836951971,-0.0548530146479606,-0.0649458318948745,0.0973941534757614,-0.02690658159554,0.990723192691803,0.6900311708450317,0.9152442216873168,0.8823920488357544,0.9616957306861876,0.6592387557029724,0.5003552436828613,0.5883800983428955,0.5549868941307068,0.6520215272903442,0.6134978532791138,0.6075953841209412,0.5479611158370972,0.1341173499822616,0.0255640260875225,0.0750555619597435,0.0892955660820007,0.173434242606163,-0.0016970294527709,-0.0213771313428878,0.0225284490734338,-0.0239280685782432,0.0068517108447849,-0.0005592568777501,0.0157741662114858,0.025818670168519,0.8351423740386963,0.5322837829589844,0.7415067553520203,0.8105378150939941,0.8436787724494934,0.4459275603294372,0.4298847913742065,0.4185226857662201,0.4599312245845794,0.4270786046981811,0.5284915566444397,0.4724303185939789,0.3988854885101318,0.0050474161635478,0.0030318706891296,0.0358849668496161,0.0170890997172629,23.57057706019493,1,Hyperfunktionelle Dysphonie,1113,u_n
-315.7636108398437,171.43385314941406,58.0322151184082,38.66550827026367,-39.132083892822266,22.020437240600582,-21.049531936645508,4.235153675079346,16.554407119750977,-10.265307426452637,8.501774787902832,-9.145529747009276,-1.534027338027954,17.833202362060547,5.629669189453125,6.707018852233887,6.3932037353515625,7.155178546905518,5.096985816955566,4.760896682739258,3.8796889781951904,4.034114837646484,3.622451066970825,3.355308771133423,4.087723255157471,3.723019599914551,-0.266021579504013,0.0402018092572689,0.0791840255260467,0.0498882420361042,-0.0868811979889869,0.0648146569728851,-0.024823946878314,-0.016996044665575,0.0283475555479526,0.0118941087275743,0.0457337982952594,-0.0021940139122307,-0.0425896570086479,3.2779781818389893,0.7563988566398621,1.0243027210235596,0.8461163640022278,1.1882234811782837,0.6110041737556458,0.6985141634941101,0.6287234425544739,0.5730477571487427,0.6191608905792236,0.5148542523384094,0.5092813372612,0.5253939032554626,0.6066925525665283,-0.1331109702587127,-0.1194178089499473,-0.0485363081097602,0.187776431441307,-0.0515535175800323,0.0637143477797508,-0.0438205488026142,-0.0744715109467506,-0.0019783312454819,-0.0642378479242324,0.0038484062533825,-0.0172576326876878,2.383660793304444,0.7110969424247742,0.6698765158653259,0.5812840461730957,0.8832530975341797,0.5203698873519897,0.4407762587070465,0.4948642551898956,0.4909808039665222,0.4254554510116577,0.4541215002536773,0.3924647867679596,0.458238273859024,0.004647287373666,0.0028409128340188,0.0468343320865695,0.025162888551049,21.40921449066629,1,Hyperfunktionelle Dysphonie,1118,u_n
-321.472412109375,158.61550903320312,55.387813568115234,64.44783020019531,-26.106246948242188,1.2824231386184692,-33.420928955078125,-10.255680084228516,22.265596389770508,-24.14588737487793,-5.495219230651856,3.5507915019989014,-18.95672607421875,25.233686447143555,4.83499002456665,4.055909633636475,6.492885589599609,6.531525611877441,3.622026443481445,7.159211158752441,3.5739786624908447,4.914139747619629,5.1116251945495605,3.203364849090576,5.164408683776856,3.0637452602386475,-1.4259800910949707,-0.031903252005577,0.2081725448369979,0.1852163821458816,-0.1159994229674339,-0.1174424067139625,-0.0192022528499364,-0.0760366916656494,0.1197836026549339,-0.0227786507457494,-0.0079586626961827,0.123774342238903,0.0060073831118643,4.213486671447754,0.6247667670249939,0.7755478620529175,1.162890911102295,1.2184375524520874,0.7239245772361755,1.5846707820892334,0.6801049113273621,0.8840710520744324,0.8844276666641235,0.5682000517845154,0.8563345074653625,0.5023455023765564,1.1057703495025637,0.0070037324912846,-0.0754706189036369,-0.2311541438102722,0.3128582537174225,0.0773048847913742,0.2924337089061737,-0.0094609539955854,-0.2199877798557281,0.2244716584682464,0.0359110459685325,-0.1719581484794616,0.0068440665490925,2.4810173511505127,0.4523523151874542,0.3751508593559265,0.604210615158081,0.7996872067451477,0.590050995349884,0.7942553162574768,0.390947550535202,0.5512349009513855,0.6402219533920288,0.365011990070343,0.6641360521316528,0.3730692565441131,0.0028753170469741,0.0016307861549059,0.0236416217611182,0.0121801477468097,28.04152414268012,1,Hyperfunktionelle Dysphonie,1189,u_n
-357.6346130371094,181.2375946044922,64.05318450927734,33.54488754272461,-8.293736457824707,-12.94053077697754,-28.20600891113281,-3.72046971321106,-1.849071979522705,-6.5348310470581055,5.6838698387146,-15.78158187866211,-8.046371459960938,35.00728225708008,5.755300521850586,7.308099269866943,4.352179527282715,4.050168514251709,4.044690132141113,7.293756008148193,2.980189561843872,3.538930177688598,3.565033197402954,6.209527015686035,5.62362003326416,2.5453600883483887,-0.4119959473609924,-0.2862868309020996,0.0008144120802171,0.0724965333938598,0.0025381976738572,-0.06136080250144,-0.0160509645938873,-0.0156720019876956,0.0356394425034523,-0.1361175775527954,-0.1635556817054748,0.0179027803242206,-0.0505737215280532,6.580570697784424,0.9675050377845764,1.5167165994644165,0.7910116314888,0.6664139628410339,0.6292628645896912,1.061768889427185,0.4491580128669739,0.5971194505691528,0.4596567451953888,0.7546535134315491,0.7434709668159485,0.3640571534633636,1.955095648765564,-0.2013452649116516,-0.391283631324768,-0.1730207204818725,0.0706572458148002,0.1631043404340744,0.2762011885643005,0.0027694927994161,-0.087671548128128,-0.0418566614389419,-0.1124751344323158,0.0346924029290676,0.0321822352707386,4.604570388793945,0.6571661233901978,1.0326296091079712,0.5265949368476868,0.3757003843784332,0.5610533952713013,0.8489240407943726,0.4121591746807098,0.5503101944923401,0.3352909684181213,0.4315221607685089,0.420340895652771,0.3832566440105438,0.0018106901677597,0.0009686693344122,0.0175046721506106,0.0087158198798554,32.33246413977948,1,Hyperfunktionelle Dysphonie,1196,u_n
-385.34912109375,177.95518493652344,54.30436706542969,43.33726119995117,-6.363583564758301,-6.6444091796875,-2.85364294052124,-10.457554817199709,10.06793212890625,-2.817447662353516,-12.889896392822266,-2.061953067779541,-22.48797607421875,16.515459060668945,5.15697717666626,4.400373935699463,5.772909641265869,4.865238666534424,4.002102851867676,3.7579147815704346,4.388802528381348,4.091562271118164,3.197795391082764,3.4711170196533203,3.7994425296783447,3.365936756134033,-0.1613062471151352,-0.0295838601887226,0.0196205917745828,0.0773562490940094,-0.0149569362401962,-0.029867572709918,-0.0263916794210672,0.0226942189037799,0.045174766331911,0.0069218892604112,-0.0035438183695077,-0.0261182934045791,-0.0425922758877277,2.9516077041625977,0.8386510014533997,0.7607389688491821,0.8435116410255432,0.8818861842155457,0.7309193015098572,0.6267653107643127,0.7770963907241821,0.7150068283081055,0.5466415286064148,0.5471459627151489,0.6177175641059875,0.5924438238143921,0.5190179347991943,-0.0586837492883205,-0.0488980524241924,0.0005460321553982,0.1188804358243942,0.072387158870697,0.0193631649017334,0.0678835064172744,-0.0467117056250572,-0.0321775153279304,0.0082153491675853,-0.0401010625064373,0.0280803702771663,2.204800128936768,0.6379985213279724,0.5445718169212341,0.657947838306427,0.6500023007392883,0.4932794570922851,0.4094545543193817,0.5817817449569702,0.505763053894043,0.4329016506671905,0.382697582244873,0.4682371020317077,0.4264871180057525,0.0021054666196488,0.0012013202450245,0.0131292934795712,0.0068332703234704,31.70501856943265,1,Hyperfunktionelle Dysphonie,1204,u_n
-382.6396789550781,163.72760009765625,52.02198791503906,56.801300048828125,-1.2203797101974487,3.6984150409698486,-35.30329895019531,-13.054195404052734,0.8745366334915161,-6.069695472717285,-8.479183197021484,2.347449779510498,-3.417307615280152,17.128541946411133,5.32075834274292,3.877097845077514,5.821224689483643,6.100622653961182,5.187049388885498,5.530150890350342,4.26096248626709,4.123345851898193,4.967987060546875,4.9436869621276855,3.188255786895752,3.7050137519836426,-0.0220560226589441,-0.1502191722393036,-0.0427002012729644,0.0452350229024887,0.008985798805952,0.0742430537939071,-0.0252433884888887,-0.0699735581874847,0.030861523002386,0.0057495036162436,-0.0505077317357063,-0.0766642764210701,-0.0523142032325267,2.9515135288238525,1.0059305429458618,0.5164439082145691,0.902264416217804,0.7354095578193665,0.7635211944580078,0.715791642665863,0.7701565623283386,0.4840397834777832,0.591383695602417,0.7450088262557983,0.4598829746246338,0.5866355299949646,0.6387582421302795,0.0684090703725814,-0.0852657854557037,-0.1550999730825424,0.0271815322339534,-0.0484811440110206,0.0953484401106834,0.0494383089244365,-0.006293075159192,0.0051704859361052,0.0382773205637931,0.020038554444909,0.0445584505796432,2.287498712539673,0.581330418586731,0.5924811363220215,0.696454644203186,0.4855813086032867,0.6221676468849182,0.5060721039772034,0.4881124496459961,0.4593945145606994,0.455400675535202,0.497740089893341,0.3351995646953583,0.350425511598587,0.0018227562871173,0.000943607575795,0.0232082506653533,0.0120550678848029,29.540293907384367,1,Hyperfunktionelle Dysphonie,1222,u_n
-342.12127685546875,153.15150451660156,58.79528427124024,62.09785461425781,-37.10897064208984,15.117076873779297,-35.36775207519531,-15.281305313110352,14.649629592895508,-26.675424575805664,0.2042225152254104,6.283977508544922,-9.943506240844728,27.085168838500977,3.482201099395752,5.739642143249512,7.077719211578369,8.417335510253906,4.334113121032715,6.618225574493408,2.8480658531188965,4.373993396759033,4.532360553741455,3.1574203968048096,4.17967414855957,2.884045124053955,-0.4876396954059601,-0.115067608654499,0.0698857456445694,0.0510219037532806,-0.0065333386883139,-0.0119882430881261,-0.0230229068547487,-0.0213687717914581,-0.0325254201889038,-0.004758249502629,0.0069074886851012,-0.0588457994163036,-0.0750456526875495,4.675721168518066,0.4049948155879974,0.7803238034248352,1.2239357233047483,1.7084556818008425,0.6249487400054932,1.0293208360671997,0.4982447028160095,0.7630094289779663,0.86870276927948,0.5360392928123474,0.8641427159309387,0.4040360748767853,1.2192659378051758,-0.058296363800764,-0.2211156338453292,-0.2952134609222412,0.3973425924777984,-0.0225587580353021,0.2421138882637024,0.0718765407800674,-0.1619816720485687,0.1411442309617996,-0.0190294217318296,-0.1105266883969307,0.0378794148564338,3.222875595092773,0.37991863489151,0.7728074789047241,0.9386737942695618,1.0875728130340576,0.4135381281375885,0.7299563884735107,0.3607159852981567,0.5581709146499634,0.5112444162368774,0.4069800972938537,0.6127177476882935,0.3825991153717041,0.0025405534848269,0.0014969205489337,0.017341488147007,0.0092203842245055,29.178106913630646,1,Hyperfunktionelle Dysphonie,1266,u_n
-336.9875793457031,168.64576721191406,43.97702407836914,82.06851196289062,-11.419378280639648,0.904727339744568,-20.48414421081543,-19.96052360534668,8.233074188232422,-15.65996551513672,0.8078027963638306,-0.6854380965232849,-13.66815185546875,10.664219856262209,9.101892471313477,5.032799243927002,8.197463989257812,5.538843631744385,3.760240316390991,4.561712265014648,4.217040061950684,6.202617168426514,2.79162073135376,4.224725723266602,3.238389730453491,3.659066438674927,0.1260430961847305,-0.0440897233784198,-0.1120910868048667,0.0398514345288276,-0.033959362655878,-0.0157701559364795,0.0177100393921136,0.0192341674119234,0.0452569387853145,-0.0010064016096293,-0.0157376229763031,0.0288175996392965,0.0334518402814865,1.487600803375244,1.2788323163986206,0.7811797261238098,1.1200268268585205,0.9054362177848816,0.5562170743942261,0.8238144516944885,0.7071475982666016,0.5686749815940857,0.4309317767620086,0.5116822719573975,0.5058346390724182,0.6329721808433533,0.2118145525455474,0.1399302929639816,-0.0357056185603141,-0.0382154285907745,-0.0238596238195896,0.0140738422051072,0.0683692842721939,0.0382459163665771,-0.0154904881492257,0.0129215912893414,0.0092547181993722,-0.0023538693785667,0.0511288046836853,1.2591145038604736,0.7667155861854553,0.5146522521972656,0.61632239818573,0.5811700820922852,0.4121150076389313,0.5210596323013306,0.4714727997779846,0.3289351761341095,0.3623744249343872,0.3667142391204834,0.3715843260288238,0.3925841152667999,0.0031682739620844,0.0015692380403537,0.016336753705544,0.0086173277012918,29.542092953690844,1,Hyperfunktionelle Dysphonie,127,u_n
-355.3904113769531,161.8844451904297,59.14494705200195,48.60894393920898,-27.01134490966797,-1.2490975856781006,0.6054812669754028,-19.070083618164062,5.160256862640381,3.8666703701019287,-2.7438864707946777,-1.3929561376571655,-1.1824336051940918,15.793339729309082,8.419429779052734,5.082383632659912,6.032159328460693,5.713255405426025,4.436089992523193,4.295576095581055,3.2621307373046875,4.434417724609375,4.001404285430908,4.28274393081665,4.885806083679199,2.308586597442627,-0.0761907845735549,-0.2141211777925491,0.0575109869241714,0.0738796442747116,-0.0096894018352031,-0.0778481885790824,-0.0365476459264755,0.0133215123787522,-0.0299773551523685,-0.0148831345140933,0.0361339747905731,-0.0350111164152622,0.0514722652733325,2.601818323135376,1.0117017030715942,1.009610652923584,1.153709888458252,1.0031077861785889,0.6643794178962708,0.6980723738670349,0.5443820953369141,0.8050488233566284,0.7576172351837158,0.746993899345398,0.7953104376792908,0.3901599943637848,0.5069915652275085,0.0852440446615219,-0.0546592511236667,-0.0558569729328155,0.1398632377386093,0.0112860482186079,-0.0081060091033577,0.0292519386857748,-0.1148094907402992,-0.026577740907669,0.0411546900868415,0.016240082681179,0.0359240025281906,1.8726850748062127,0.7537497878074646,0.7570416331291199,0.8855598568916321,0.6733593940734863,0.6445851922035217,0.5350616574287415,0.3775635957717895,0.598111093044281,0.5117442607879639,0.5016225576400757,0.4655876457691192,0.3359611630439758,0.0067056319221686,0.0040405695314508,0.035476769626973,0.0177410350445101,23.69724143620189,1,Hyperfunktionelle Dysphonie,1280,u_n
-411.4259948730469,180.5342254638672,83.6355209350586,69.30258178710938,20.324857711791992,9.251930236816406,1.823397755622864,-10.15632152557373,0.4492748975753784,3.4789910316467285,-4.798829078674316,-3.5739216804504395,5.134675979614258,9.175507545471191,8.09225845336914,4.816240310668945,6.496251583099365,3.355802297592163,3.662751436233521,4.105536937713623,2.5161068439483643,2.4553539752960205,3.6222574710845934,3.3509328365325928,3.1308703422546387,2.824495553970337,-0.236835241317749,-0.1777068525552749,0.0515238046646118,0.1800687313079834,-0.0640793740749359,-0.2020801454782486,-0.141902357339859,-0.0189577303826808,0.0627025663852691,0.0415362045168876,0.003129705786705,0.0299278758466243,0.0040089786052703,1.6677764654159546,0.8728992342948914,0.8536562323570251,0.9833117723464966,0.5393208861351013,0.5502945184707642,0.5006089806556702,0.3583303391933441,0.4456490278244018,0.5873632431030273,0.4993824064731598,0.4356107711791992,0.4018884599208832,0.4689352214336395,-0.013289138674736,-0.1843840479850769,-0.1581346690654754,0.0607569813728332,0.065200537443161,-0.0049354368820786,0.0803140476346015,-0.0264944452792406,-0.0082959663122892,0.0801624208688736,0.0442588776350021,-0.0892990007996559,1.218522071838379,0.4354881048202514,0.5900772213935852,0.5377338528633118,0.4385022222995758,0.3605676591396332,0.3591713905334472,0.3968417942523956,0.3313755393028259,0.4532015919685364,0.3421653211116791,0.3022945523262024,0.4658815264701843,0.0025345233868287,0.0010608806415804,0.022740135731429,0.0107518491879574,28.43974235469697,1,Hyperfunktionelle Dysphonie,1282,u_n
-382.51080322265625,172.82484436035156,53.63024520874024,58.15787124633789,4.190732479095459,-12.610100746154783,-17.511327743530273,8.055147171020508,-7.853504657745361,-28.424102783203125,8.251022338867188,3.888169050216675,-6.968974590301514,25.03385734558105,5.720547199249268,7.696574211120605,5.949481964111328,4.493108749389648,4.012257099151611,4.7628912925720215,4.934215545654297,3.094758987426758,4.467700481414795,4.098368167877197,3.6015162467956543,3.8528895378112793,-0.9667494297027588,0.1052327528595924,0.2829328775405884,0.1929034888744354,-0.063735619187355,-0.0786924883723259,-0.0638724192976951,0.0422320924699306,0.0212751813232898,-0.0609402731060981,0.0229714438319206,0.0189447272568941,-0.0045952750369906,3.571223258972168,0.9762742519378662,0.9560191035270692,1.000382423400879,0.5292601585388184,0.6266345381736755,0.8534896373748779,0.7657091617584229,0.4902025461196899,0.6798397898674011,0.8510199189186096,0.6397958397865295,0.5322312116622925,0.5155044794082642,-0.0849699005484581,-0.002718876581639,-0.0333292409777641,0.0171572063118219,0.0451342947781086,0.0352234058082103,-0.011216196231544,0.0138019854202866,0.0463547520339489,-0.0476963706314563,-0.0287595521658658,0.0077042602933943,2.506877422332764,0.8575041890144348,0.4928909540176391,0.5975572466850281,0.429849624633789,0.3846898078918457,0.5311971306800842,0.4027463793754577,0.3855927884578705,0.4393255710601806,0.5521604418754578,0.4708211421966553,0.4461205601692199,0.0028992851336098,0.0016425078407063,0.0270955757963146,0.0139128502280705,27.413396230577767,1,Hyperfunktionelle Dysphonie,1284,u_n
-321.3451538085937,208.03131103515625,51.73038482666016,57.793243408203125,-2.2699766159057617,4.383204936981201,-37.54479598999024,-16.163818359375,6.5195746421813965,-1.7732911109924316,10.344765663146973,0.633317232131958,-14.987317085266112,19.5896110534668,12.402669906616213,5.506964206695557,8.499555587768555,8.797223091125488,5.674980640411377,8.518553733825684,7.41682243347168,5.857579708099365,4.2860636711120605,3.7094976902008057,3.987199306488037,4.905797004699707,-0.3353820741176605,-0.2411643862724304,0.0186496768146753,0.0559568181633949,0.0586293265223503,0.0170017089694738,-0.0403113402426242,0.004787431564182,0.0149367647245526,-0.0290213674306869,-0.0602175034582614,-0.0015016989782452,0.030197188258171,2.3797595500946045,1.4272102117538452,0.7523677945137024,1.1509513854980469,1.2706520557403564,0.9777143597602844,1.150888442993164,0.9875513315200806,0.8919569253921509,0.645505964756012,0.5963340401649475,0.6857386827468872,0.7515952587127686,0.3461732268333435,-0.149688720703125,0.0260154977440834,-0.0401678010821342,0.0910090804100036,-0.0867198482155799,0.107673704624176,0.072459727525711,-0.0072553153149783,0.0365990474820137,-0.0463451668620109,-0.0280927680432796,0.0216784384101629,1.514861226081848,0.9845892786979676,0.5725987553596497,0.6289870738983154,0.7632396817207336,0.6620463728904724,0.6516161561012268,0.6360390186309814,0.5906115174293518,0.4713565111160278,0.4934354722499847,0.4942604899406433,0.5105469226837158,0.0340265863915306,0.0214004208620471,0.1282326232166749,0.0725077357695742,13.636044522184392,1,Hyperfunktionelle Dysphonie,1285,u_n
-353.80517578125,174.45742797851562,66.10247039794922,21.840574264526367,-17.43983268737793,11.19282054901123,-25.40688705444336,-6.1285810470581055,0.6895703673362732,-14.693699836730955,-0.5700811147689819,-25.75933837890625,-22.937402725219727,27.079275131225582,5.281423568725586,6.806314945220947,4.89797830581665,4.929149627685547,4.241330146789551,4.425940036773682,3.220489740371704,3.7915585041046143,3.5855982303619385,3.500551223754883,3.685447454452514,3.906245231628418,-0.1177484989166259,-0.1051345989108085,-0.0339947007596492,-0.0264191180467605,0.0252316873520612,-0.0100321620702743,0.0013337536947801,0.0002854218473657,-0.0137489773333072,-0.004320943262428,0.0292791537940502,0.0220223907381296,0.0223476868122816,3.917244911193848,0.7201389074325562,1.0135990381240845,0.8160540461540222,0.8012405633926392,0.7150102257728577,0.7012037038803101,0.4924665987491607,0.6400446891784668,0.6080860495567322,0.6094939708709717,0.6803141832351685,0.6165598630905151,0.7251663208007812,-0.0622064583003521,-0.1524924039840698,0.0298026409000158,0.1044783517718315,-0.0372377708554267,0.0605594292283058,-0.0297236796468496,-0.042827371507883,0.0338325835764408,-0.0304925460368394,0.0477692298591136,0.0453641898930072,3.0338709354400635,0.5112963914871216,0.8967311978340149,0.5421844124794006,0.6711457967758179,0.5357601046562195,0.4639407396316528,0.3711739182472229,0.4613989889621734,0.4032846689224243,0.457594096660614,0.3764384686946869,0.4616968333721161,0.001558892320072,0.0008724945006061,0.0119145708303242,0.0061932938543149,32.6971091808113,1,Hyperfunktionelle Dysphonie,1294,u_n
-313.47869873046875,166.2795867919922,46.91365432739258,34.659912109375,-19.1226806640625,8.030202865600586,0.3389304876327514,-6.637869358062744,-1.1947754621505735,-2.3652172088623047,-9.18423557281494,-0.4211463332176208,0.2485098242759704,15.05435848236084,5.143742084503174,4.913954257965088,4.999937534332275,4.324703693389893,4.013670921325684,4.046316623687744,3.518187522888184,2.920164108276367,3.65403151512146,3.77386736869812,3.563297271728516,3.7011444568634033,-0.3780633807182312,0.1025182679295539,0.1062441393733024,0.1143500432372093,-0.0360529534518718,-0.0166041906923055,-0.0255717355757951,-0.0474909245967865,-0.0097490195184946,-0.0216975938528776,-0.0188479721546173,0.0354117564857006,-0.0034453957341611,2.5813686847686768,0.9201480150222778,0.7631758451461792,0.7588580846786499,0.80302894115448,0.6280637979507446,0.6763697266578674,0.5588864088058472,0.4659625589847564,0.5436163544654846,0.6695367097854614,0.5802109837532043,0.6485254168510437,0.3733322024345398,-0.0286082420498132,-0.0207479242235422,-0.0141792995855212,0.0752357840538024,-0.0309855695813894,-0.015554373152554,0.0023222530726343,0.0049218358471989,-0.0186532083898782,-0.0222967509180307,-0.0354307815432548,-0.0267113484442234,1.838389039039612,0.6630064845085144,0.5961664915084839,0.5932759046554565,0.5492300987243652,0.4924763143062591,0.5147513747215271,0.4538105428218841,0.3740265369415283,0.4503329992294311,0.5575220584869385,0.4189312160015106,0.4885536730289459,0.0048895623813402,0.0029654517432486,0.0372990682341315,0.020860184889988,24.235610031668603,1,Hyperfunktionelle Dysphonie,1299,u_n
-377.06549072265625,207.8555603027344,72.61000061035156,73.62239074707031,14.42470645904541,-8.322197914123535,-11.886001586914062,-2.9383373260498047,8.366876602172852,-2.1953821182250977,5.947975158691406,13.682957649230955,-1.417293906211853,15.147995948791504,8.716975212097168,4.965325355529785,7.266719818115234,3.60427451133728,3.6598305702209473,3.410563707351685,3.1038243770599365,3.973369598388672,3.499175310134888,3.078697443008423,2.8125903606414795,2.726355791091919,0.0456972010433673,-0.1947842091321945,-0.0390326380729675,0.0655979290604591,0.0632297098636627,-0.004594569094479,0.0021618828177452,0.0307496711611747,-0.0409671291708946,-0.0254773665219545,-0.0258621126413345,-0.0574438124895095,-0.0357523709535598,3.058825731277466,1.1913270950317385,0.9444234371185304,1.292811393737793,0.4973257482051849,0.6118651628494263,0.6284316182136536,0.5661864280700684,0.4698065519332886,0.4204292893409729,0.4896801114082336,0.5032552480697632,0.4232690036296844,0.6995477676391602,-0.2900100648403168,-0.2297226190567016,-0.2386346608400344,0.0666997581720352,0.140553206205368,0.0560958348214626,0.0226766057312488,-0.0384255647659301,0.0483297109603881,0.0275067128241062,-0.0507451482117176,0.017726007848978,2.070541381835937,0.9461843967437744,0.7893674969673157,0.9155814051628112,0.4974692761898041,0.5338121056556702,0.5458633899688721,0.3911215960979461,0.4006091952323913,0.3707318007946014,0.3910467624664306,0.3895739614963531,0.3776639699935913,0.0041750069694892,0.0022677018328799,0.0219834975152825,0.0106515121278631,27.47155473767545,1,Hyperfunktionelle Dysphonie,1310,u_n
-416.25390625,181.9654693603516,51.76224899291992,40.631744384765625,17.7507381439209,-19.338647842407227,-11.37686538696289,8.280345916748047,-1.4487555027008057,-11.507390022277832,0.5445588827133179,7.332597732543945,-7.667741775512695,30.700878143310547,9.809773445129396,10.528538703918455,7.776938438415527,7.955138683319092,6.040613174438477,4.401144981384277,4.943955898284912,3.8427939414978014,4.202646255493164,4.738372802734375,3.4866886138916016,3.3863942623138428,-0.7215912342071533,0.1281878650188446,0.2594369947910309,0.2309967428445816,0.0650069564580917,-0.0216260999441146,0.0034521757625043,0.0424194708466529,0.048961229622364,-0.0390083007514476,-0.0877652019262313,-0.0525668151676654,-0.0164957977831363,3.9432790279388414,1.1399040222167969,0.7161306738853455,0.7913488745689392,0.8326666951179504,0.7675288915634155,0.6328976154327393,0.6755085587501526,0.6442717909812927,0.5779141187667847,0.5394901633262634,0.6625874042510986,0.5218688249588013,0.471252977848053,-0.10585767775774,0.0535029955208301,0.0804908126592636,0.0488560795783996,0.0894173383712768,0.025862818583846,-0.0275207571685314,-0.0158972963690757,0.028298120945692,-0.0075927088037133,-0.0280767865478992,0.0215015020221471,2.1550159454345703,0.9778199791908264,0.5577605366706848,0.6529226899147034,0.5915638208389282,0.5693029761314392,0.4385742247104645,0.4582172036170959,0.4763312041759491,0.3808937668800354,0.4352156519889831,0.4476625919342041,0.3393512368202209,0.0026058430606441,0.001513349655796,0.0182746189479833,0.0096934199981423,30.940341143771256,1,Hyperfunktionelle Dysphonie,1324,u_n
-384.1103515625,153.29490661621094,50.7602424621582,57.66949081420898,-13.324959754943848,2.666878223419189,-19.50684356689453,-9.22233772277832,21.052623748779297,-14.852130889892578,-21.526594161987305,12.5967435836792,0.3741534948348999,17.003009796142578,7.767106533050537,4.562235355377197,4.555068492889404,4.930614471435547,3.855035781860352,3.6477322578430176,3.8459646701812735,3.821763277053833,3.4114115238189697,3.490330934524536,3.154498338699341,3.226814746856689,0.0538117587566375,0.0725057497620582,0.0072724819183349,0.0558396428823471,0.0043575125746428,-0.0574540644884109,-0.0605941228568553,0.0258413441479206,0.051829993724823,0.0041242721490561,-0.0307590533047914,0.0379955470561981,0.0372348167002201,1.6181403398513794,0.9111921191215516,0.7058340311050415,0.7649587392807007,0.6677666902542114,0.6757547855377197,0.4511561393737793,0.4930216372013092,0.6466867327690125,0.5362954139709473,0.5321548581123352,0.4667293727397918,0.4909713268280029,0.1539874076843261,0.1263520568609237,0.0546849220991134,0.0128644285723567,0.0647673085331916,0.0153396567329764,0.0129430405795574,-0.0123123675584793,-0.0634251832962036,0.0130293052643537,0.0337331183254718,-0.0105336029082536,0.0156217897310853,1.0719935894012451,0.6794372200965881,0.504761815071106,0.5093880891799927,0.4600058495998382,0.484747439622879,0.3425126373767853,0.3994698524475097,0.4847327470779419,0.3908847570419311,0.4306552410125732,0.2996268570423126,0.3585509061813354,0.0022675297394963,0.0013579084315669,0.0188593845693362,0.0100590312179989,30.414544872658176,1,Hyperfunktionelle Dysphonie,1327,u_n
-410.4710083007813,181.1630859375,67.63630676269531,33.95482635498047,-1.3022342920303345,-7.79611349105835,-0.7891380786895752,-6.892129898071289,-5.153210163116455,0.8516570925712585,2.7255451679229736,1.1106648445129397,1.957096695899964,25.889142990112305,13.225530624389648,11.572267532348633,12.364493370056152,6.914954662322998,6.014504909515381,4.900945663452148,3.846769094467163,4.138838768005371,3.592749834060669,3.461801290512085,4.511801719665527,4.180149078369141,-0.8130435943603516,-0.0412300117313861,0.2851410806179046,0.2152048945426941,0.076228879392147,-0.0086101880297064,-0.0025968870613723,-0.0390586070716381,0.0022961588110774,-0.0004692446091212,-0.0398845858871936,-0.0402745716273784,-0.0650592371821403,2.2261314392089844,1.2172160148620603,0.7728441953659058,0.7917260527610779,0.8907600045204163,0.8529346585273743,0.664871871471405,0.6702412366867065,0.694980800151825,0.5727714896202087,0.5573301911354065,0.7256789803504944,0.6782919764518738,0.3094482421875,-0.0320296250283718,0.0123213995248079,0.0559450536966323,0.1094848364591598,0.0590060614049434,-0.0063091958872973,0.0271820276975631,0.0436551943421363,0.0058526340872049,-0.0064158560708165,0.0087829874828457,-0.0083764940500259,1.6496962308883667,0.8671727180480957,0.4370949566364288,0.5841115117073059,0.6429318785667419,0.5833249688148499,0.4405583143234253,0.5129398703575134,0.6039425730705261,0.5388341546058655,0.475759208202362,0.5501656532287598,0.528211236000061,0.0046748338682123,0.0027745297633952,0.0474119390552091,0.0265859837309903,22.597299144699942,1,Hyperfunktionelle Dysphonie,1331,u_n
-341.6727600097656,199.86166381835932,95.0448226928711,35.13849258422852,-2.021846055984497,1.6631611585617063,-14.805449485778809,-13.665745735168455,-0.0756068378686904,-9.60781955718994,-6.432273387908936,-8.777100563049316,-5.310782432556152,40.45186996459961,16.683223724365234,13.25269889831543,13.962425231933594,10.198969841003418,4.707443237304688,4.302958488464356,6.024253845214844,7.136434078216553,3.688023805618286,4.106424331665039,3.282979726791382,3.921071529388428,-1.318213939666748,-0.0452325753867626,0.3263850808143616,0.5386311411857605,0.2402378171682357,0.078677013516426,-0.2079055309295654,-0.2549938559532165,0.0164834316819906,0.0109797045588493,0.0622088611125946,-0.0280317571014165,0.1348229646682739,5.149613380432129,2.1640496253967285,1.9420130252838133,1.0934807062149048,1.2361149787902832,0.667496919631958,0.8683270215988159,0.520703911781311,0.8947222232818604,0.6615070104598999,0.6282607913017273,0.57867431640625,0.6105865836143494,1.2816493511199951,-0.304975688457489,-0.3086647689342499,-0.116878867149353,0.0449304357171058,0.1076447069644928,0.0727975219488143,0.0438280329108238,-0.0259625483304262,-0.0216810554265975,0.0431070402264595,0.0863479152321815,-0.0937202125787735,3.939905643463135,1.257825255393982,1.1591836214065552,0.9282793402671814,0.5339454412460327,0.6366439461708069,0.518770158290863,0.4314232468605041,0.4123436510562897,0.5552604794502258,0.4360337257385254,0.573699414730072,0.3607661128044128,0.0049610756854745,0.0025454284515225,0.0235027731653743,0.0117498688767086,27.675162670974192,1,Hyperfunktionelle Dysphonie,1335,u_n
-356.8140563964844,148.19093322753906,65.00636291503906,61.259891510009766,-11.966192245483398,11.210318565368652,-34.33523941040039,-11.027998924255373,-1.639352798461914,-3.834553480148315,-2.534558057785034,-3.505565404891968,2.1973392963409424,19.57331657409668,6.692262649536133,8.620750427246094,6.787654876708984,10.615798950195312,4.581457614898682,7.764851093292236,5.333866596221924,5.339908599853516,4.939392566680908,5.29856538772583,3.7646005153656006,4.634516716003418,-0.094038002192974,0.0170404724776744,0.1204097270965576,0.0596839562058448,-0.0795417726039886,0.0557906925678253,-0.0485083982348442,-0.0254878215491771,-0.0320650786161422,-0.0445159934461116,-0.011087623424828,0.0116770137101411,-0.0372468195855617,3.451192140579224,1.0641638040542605,1.18462872505188,1.251429557800293,1.0425500869750977,0.8408922553062439,0.933605134487152,0.7771818041801453,0.6525354981422424,0.7666348218917847,0.6749328970909119,0.6635798811912537,0.7303529381752014,0.6062700152397156,0.0072761136107146,-0.1916810125112533,-0.1560046821832656,0.0533611550927162,-0.0077315336093306,0.1261928081512451,0.057105004787445,-0.0049027474597096,-0.0383634194731712,0.0108359223231673,-0.0007048208499327,-0.0309400055557489,2.63236141204834,0.6353778839111328,1.011312484741211,0.8887076377868652,0.6570137739181519,0.6400695443153381,0.6908829212188721,0.6174436807632446,0.4969421923160553,0.5070881843566895,0.5203970074653625,0.4730859696865082,0.450810819864273,0.0024051821996682,0.0010321685397511,0.0167910381176934,0.0079524837905528,30.25907721793528,1,Hyperfunktionelle Dysphonie,1379,u_n
-359.6275939941406,180.28628540039065,59.43206024169922,34.26397705078125,1.320976734161377,2.438209056854248,0.196500688791275,-7.139985084533691,1.0252556800842283,-1.2150123119354248,-0.2262224555015564,1.722489833831787,-7.720605850219727,20.472118377685547,5.267891883850098,6.562337875366211,5.629574775695801,4.74828577041626,4.504242897033691,4.211004734039307,4.2338972091674805,5.076582431793213,4.213854789733887,3.011256217956543,3.735062599182129,3.1421406269073486,0.3376526534557342,-0.1819589734077453,-0.1140753924846649,-0.0907372385263443,0.0014816074399277,-0.0091883363202214,-0.022213464602828,-0.0377231054008007,-0.0611611455678939,-0.045897003263235,-0.0480872653424739,-0.0421652793884277,-0.0041431291028857,3.810236930847168,1.0112379789352417,1.1303589344024658,0.8544111847877502,0.7908843755722046,0.7369524240493774,0.7532199621200562,0.7642478942871094,0.6583753824234009,0.6804729700088501,0.4753646552562713,0.5948450565338135,0.5510208010673523,0.5804727673530579,-0.0992157161235809,-0.0920269638299942,0.0286782123148441,0.073131039738655,0.0203430373221635,0.0010221577249467,0.0203622672706842,-0.0024497702252119,0.001056620851159,-0.0222380552440881,-0.0089155947789549,0.0113310171291232,2.788836479187012,0.6662980318069458,0.7292351126670837,0.5981051921844482,0.6253321766853333,0.527773380279541,0.5054977536201477,0.4967753291130066,0.4568745493888855,0.504489541053772,0.4219642579555511,0.4755496084690094,0.3846513330936432,0.0022022705927369,0.0012761142209432,0.0165512073250457,0.0089153510018474,31.28433731344157,1,Hyperfunktionelle Dysphonie,1380,u_n
-371.9505615234375,154.96922302246094,69.28695678710938,72.44438934326172,-0.1292354613542556,5.437536239624023,-12.003565788269045,-11.904184341430664,1.122915744781494,13.056474685668944,-7.857746124267578,-4.033163070678711,5.477828979492188,25.78034782409668,4.666842937469482,6.258785724639893,7.609592914581299,4.234847068786621,3.498231887817383,4.2927021980285645,3.54762864112854,3.5729734897613525,4.669358253479004,3.478477716445923,3.502889394760132,3.988713979721069,-0.3985491693019867,0.0434903725981712,0.0850590169429779,0.1606568992137909,-0.0695656165480613,0.016805088147521,-0.0198070704936981,-0.0032968553714454,0.0405117347836494,-0.01055458933115,0.0134163992479443,-0.0037454501725733,-0.0004647146270144,4.728415012359619,0.7891371846199036,1.3131499290466309,1.4444910287857056,0.8073751330375671,0.6229603290557861,0.7176113128662109,0.5252503156661987,0.640461266040802,0.7940784692764282,0.6420233845710754,0.70027095079422,0.7042751908302307,0.9213712811470032,-0.0202012583613395,-0.2126442641019821,-0.2369987666606903,0.0346537195146083,0.0147059727460145,0.0867470130324363,0.059887520968914,-0.0197720881551504,-0.1008524820208549,-0.0109883351251482,-0.0006558311288245,-0.0608127526938915,3.440063953399658,0.6150174140930176,0.8242833018302917,1.065386414527893,0.4988793432712555,0.4160315692424774,0.5100154280662537,0.4133664965629577,0.420689582824707,0.6257372498512268,0.5196081399917603,0.4597809016704559,0.5280715227127075,0.0030477237318999,0.0018061034971216,0.027681783359893,0.0142904859265524,28.5027657400345,1,Hyperfunktionelle Dysphonie,1394,u_n
-366.7181701660156,198.0150604248047,65.19373321533203,59.37321090698242,-6.843278408050537,-1.6801061630249023,-2.509218215942383,-13.517508506774902,3.056269407272339,-11.908827781677246,-9.545736312866213,12.781251907348633,5.333788871765137,15.899169921875,4.522258758544922,4.781970024108887,7.245026588439941,4.895408630371094,3.91895604133606,4.102552890777588,4.196389675140381,4.113345146179199,3.930490970611572,3.2002339363098145,4.01781702041626,3.3405468463897705,-0.5045067667961121,0.1469136625528335,0.1412958353757858,-0.0362762287259101,-0.0642399042844772,0.016013815999031,0.0459601506590843,0.0326724722981452,-0.0282411333173513,0.0135381333529949,0.0251201316714286,-0.025899339467287,0.05436223000288,2.897820234298706,0.5900049805641174,0.8000907897949219,0.8437258005142212,0.7877764105796814,0.5288577079772949,0.7476022243499756,0.5807123780250549,0.6693241596221924,0.5680848360061646,0.4632913172245025,0.5945809483528137,0.5478719472885132,0.4868716895580292,-0.0766621083021164,-0.0446591861546039,-0.0681956335902214,0.1110973879694938,0.0512984879314899,-0.0128456400707364,-0.0062758298590779,-0.0767478346824646,0.0571861900389194,0.0542077496647834,-0.0566308833658695,0.0114259459078311,1.8548649549484253,0.4720831513404846,0.4531016647815704,0.6528007984161377,0.5482617616653442,0.4474255442619324,0.4502168893814087,0.4621049761772156,0.4530467689037323,0.4522908329963684,0.3928086459636688,0.3762661218643188,0.4063756763935089,0.0036903174213564,0.0020794276118067,0.0334059247730026,0.0176536873322481,24.85549732183961,1,Hyperfunktionelle Dysphonie,140,u_n
-353.0763854980469,167.9941864013672,64.37403869628906,44.65937423706055,-34.173622131347656,2.01309871673584,-16.43963050842285,-20.350418090820312,2.7124440670013428,-22.147029876708984,-6.216132640838623,7.846808910369873,-8.64124584197998,21.254188537597656,8.177342414855957,4.977110862731934,8.22496509552002,8.765449523925781,5.853564739227295,6.006014347076416,4.544353485107422,3.887385606765747,6.206429958343506,4.256153106689453,3.834256649017334,3.83181095123291,-0.7074323296546936,0.0303541347384452,0.0624532215297222,0.1027073562145233,-0.0183904785662889,-0.041638545691967,-0.0766453817486763,-0.0644046068191528,0.0207474175840616,-0.0755193978548049,0.0079654036089777,0.0501467026770114,-0.0448186323046684,3.302189350128174,0.9265208840370178,0.7778276801109314,0.7285694479942322,1.2056561708450315,0.8862369060516357,1.0330138206481934,0.8306474089622498,0.5680270195007324,0.9706631302833556,0.7921274900436401,0.7111629247665405,0.6063749194145203,0.5206596255302429,0.0405759774148464,-0.0824503228068351,-0.0236428994685411,0.1672921031713485,0.0416308380663394,0.0323935225605964,0.0522736497223377,0.0116625167429447,0.0070806215517222,0.0175150111317634,-0.0056509776040911,0.0314818881452083,2.5028059482574463,0.7833964228630066,0.7963132858276367,0.5701912641525269,1.0069048404693604,0.6250530481338501,0.5994313359260559,0.5064824819564819,0.432040274143219,0.522306501865387,0.4881470799446106,0.5253018736839294,0.4228038191795349,0.0023569057156415,0.0012211165014911,0.0156039410290634,0.0072013153287635,29.97772049234145,1,Hyperfunktionelle Dysphonie,1406,u_n
-351.3208923339844,148.98715209960938,44.30651092529297,64.75531768798828,-7.010049343109131,31.64192008972168,-3.882859468460083,-47.19347381591797,10.256086349487305,12.253466606140137,-7.240049362182617,-18.133686065673828,-14.98398780822754,23.447433471679688,8.612666130065918,5.1812825202941895,6.647177696228027,4.392670154571533,3.3643124103546143,5.017836093902588,6.046091079711914,4.0358476638793945,6.213783264160156,4.474769592285156,3.3352580070495605,4.752613067626953,-0.0794683620333671,-0.158754289150238,-0.0646238923072815,-0.051124382764101,0.0391219183802604,-0.029992077499628,0.0561952367424964,0.0113133694976568,-0.0570038631558418,0.0670756623148918,0.0166759435087442,0.0275088306516408,-0.0233240816742181,3.469940662384033,0.6223222613334656,0.7407408952713013,0.8765544891357422,0.6977059841156006,0.6210964322090149,0.5064359903335571,1.1713635921478271,0.4631388187408447,0.6359947919845581,0.5633726119995117,0.6106148958206177,0.4682451784610748,0.5614988803863525,0.0280869342386722,-0.0240561794489622,-0.1345539540052414,0.0675114467740058,-0.0643898248672485,0.0443310774862766,0.1592620760202407,-0.0293466169387102,-0.053899485617876,0.0324666872620582,0.0714043453335762,0.0309678222984075,2.2238056659698486,0.3970380127429962,0.4237211048603058,0.6935388445854187,0.4813123941421509,0.3927923142910003,0.3999671041965484,0.6780794858932495,0.3600828945636749,0.4480656683444977,0.3945479393005371,0.4623464941978454,0.3184583187103271,0.0022517322472818,0.0012538121455188,0.0166392651068167,0.0060481966556603,30.095966076336325,1,Hyperfunktionelle Dysphonie,1431,u_n
-345.4345092773437,173.39805603027344,44.066680908203125,37.710479736328125,-29.61665153503418,5.505016326904297,-9.508193969726562,-9.190093040466309,-2.847010612487793,-16.74478530883789,8.415067672729492,-6.118319034576416,-16.610525131225586,12.220906257629396,5.854620456695557,6.356926441192627,3.936761140823364,7.59128475189209,3.809252977371216,4.18184232711792,3.9338204860687256,3.8719499111175537,3.7943172454833984,4.036040306091309,4.661554336547852,3.2996160984039307,0.1563247889280319,-0.2069002240896225,-0.0762997418642044,0.0131162097677588,0.0969995707273483,-0.0823466181755065,0.0632889196276664,0.0156024508178234,-0.098836563527584,-0.0495399534702301,-0.0088717630133032,0.0172303281724452,-0.0631081014871597,2.1114230155944824,0.9525005221366882,0.83681720495224,0.6104828715324402,1.009006142616272,0.544098973274231,0.8966365456581116,0.5807360410690308,0.9337310194969176,0.6924888491630554,0.5606197714805603,0.5297049880027771,0.6147845387458801,0.4137003421783447,0.0949271991848945,-0.0189767703413963,-0.0122787551954388,0.1393269300460815,0.0246465411037206,0.0379275158047676,0.0348069258034229,-0.0103389518335461,-0.0035694104153662,-0.0762139707803726,0.021842997521162,0.0418487340211868,1.8967317342758176,0.7352951169013977,0.6081686615943909,0.499982625246048,0.7133498787879944,0.4206468462944031,0.5271167755126953,0.4740941822528839,0.5424166917800903,0.4869476556777954,0.5144863128662109,0.4174520671367645,0.393218457698822,0.0028290267615866,0.0015937218929277,0.0158002972843824,0.008019647781911,29.26819814474176,1,Hyperfunktionelle Dysphonie,144,u_n
-349.17828369140625,176.17323303222656,54.24291610717773,39.90172576904297,-19.060401916503903,8.663122177124023,-19.82624244689941,-12.842620849609377,0.620477557182312,-20.757715225219727,0.6418470740318298,-2.5128023624420166,0.1766671538352966,21.035818099975582,9.081378936767578,10.193150520324709,6.547241687774658,6.596230030059815,4.416102409362793,6.371341705322266,5.281013488769531,4.3305745124816895,3.707610845565796,4.888740539550781,5.200977802276611,3.3813257217407227,-0.0341533608734607,0.0773481801152229,0.0492981299757957,-0.1305349022150039,-0.0217036735266447,-0.072366364300251,-0.0130278067663311,-0.0075674238614737,-0.0068297437392175,0.0311853904277086,0.0437693148851394,0.0701538100838661,0.0173503793776035,2.9810073375701904,0.7054347395896912,0.8931100368499756,0.7256186604499817,1.045998454093933,0.7973597645759583,0.514890730381012,0.5884411334991455,0.6731167435646057,0.608780026435852,0.6819434762001038,0.6242631077766418,0.4901105761528015,0.4473861753940582,-0.0782456547021865,0.0200324058532714,-0.0126217566430568,0.1523720771074295,-0.0242849234491586,0.023854125291109,0.0046640201471745,-0.0693761110305786,0.0130050126463174,-0.0182562973350286,0.0074111982248723,-0.0162036474794149,1.8500819206237795,0.5862635374069214,0.5981156826019287,0.6662040948867798,0.7826526761054993,0.5184983611106873,0.4003412425518036,0.4181981682777405,0.5379014611244202,0.4620636701583862,0.4635214507579803,0.4217255115509033,0.3697831928730011,0.0026507998201056,0.00152877117767,0.02297133909986,0.0113222912772076,27.621179992249942,1,Hyperfunktionelle Dysphonie,1442,u_n
-306.4643859863281,181.6807861328125,56.98525619506836,50.01722717285156,-11.76789665222168,-0.1503309905529022,-18.40240478515625,-9.849326133728027,9.255425453186035,-7.540463924407959,-0.0967597067356109,1.639452338218689,1.2973631620407104,21.302078247070312,5.509969711303711,5.286281585693359,5.551515102386475,5.195402145385742,6.26795768737793,6.457107067108154,4.375270366668701,4.379680156707764,6.295370578765869,4.17450761795044,3.028830051422119,3.6927294731140137,-0.3339982628822326,0.0252940207719802,0.0663958340883255,0.051546137779951,-0.0604901202023029,-0.1105656251311302,-0.0467935390770435,-0.0371135585010051,0.0416189171373844,0.0973620936274528,0.0724628269672393,0.0498914197087287,0.0125836199149489,3.70510458946228,0.9212247729301452,1.0083547830581665,0.7960403561592102,0.8123756647109985,0.6329195499420166,0.8959455490112305,0.6722419857978821,0.6035355925559998,0.6139490604400635,0.4948115348815918,0.5431082248687744,0.6244811415672302,0.732225239276886,-0.1179215535521507,-0.1202085837721824,-0.0979106575250625,0.1364288032054901,0.0387786775827407,0.0566327683627605,0.002597905229777,-0.0561007298529148,0.03585185110569,0.0118764545768499,-0.0179511941969394,-0.0113196177408099,2.3913462162017822,0.6695730686187744,0.5744490623474121,0.5700970888137817,0.6710687279701233,0.4558742344379425,0.5894158482551575,0.4617770612239837,0.4192748665809631,0.4088242352008819,0.3789787888526916,0.3375804126262665,0.5197431445121765,0.0045835174588255,0.0026250262440623,0.031045039445759,0.014527881358656,25.1962882249454,1,Hyperfunktionelle Dysphonie,1443,u_n
-330.1431884765625,178.59097290039062,56.51282501220703,42.63589859008789,-17.041059494018555,-2.7916970252990723,5.2403564453125,-4.623920440673828,3.97760009765625,-0.2465626150369644,5.251214981079102,3.769089460372925,-0.813811719417572,27.03470039367676,5.93568754196167,10.98495101928711,7.471705913543701,7.753460884094238,5.770226001739502,4.499783992767334,4.864748477935791,4.69975471496582,4.1962761878967285,3.5364363193511963,3.5681633949279785,3.939254760742188,-1.4424121379852295,0.1355287134647369,0.4703590273857116,-0.1111020520329475,-0.0734508708119392,-0.1007450893521308,0.004578310996294,-0.0571145974099636,0.0266899745911359,0.1975833922624588,0.0773594230413436,0.1001270487904548,0.0367118082940578,3.448500156402588,0.8527716994285583,1.1154390573501587,1.3088284730911257,1.392111897468567,0.9105345010757446,0.8162387013435364,0.8065146207809448,0.6117819547653198,0.6692526340484619,0.555500328540802,0.5602538585662842,0.5741747617721558,1.0837736129760742,-0.2382822185754776,-0.1284465789794922,-0.1480360478162765,0.3187298476696014,0.0518292859196662,0.0190342515707016,0.133043572306633,-0.0524796843528747,-0.030577927827835,-0.0214135199785232,-0.0346509702503681,-0.0469705052673816,2.369509220123291,0.7307596206665039,1.078792691230774,0.6572992205619812,0.8811326622962952,0.6467351913452148,0.5367429256439209,0.5315604209899902,0.3902816474437713,0.4975622296333313,0.5005178451538086,0.4607112407684326,0.5853014588356018,0.0071370763782572,0.0043124309532061,0.0533732837001644,0.026881114359113,20.12252355144631,1,Hyperfunktionelle Dysphonie,1459,u_n
-396.1112365722656,178.09291076660156,53.5346565246582,52.13020324707031,1.972398042678833,-11.382843017578123,-4.643143653869629,-4.981500625610352,-9.710119247436523,-12.801677703857422,-6.716746330261231,-6.529095649719238,-14.080068588256836,16.85760498046875,6.393212795257568,6.165816307067871,6.676467418670654,7.189535140991211,6.642644882202148,5.870530605316162,6.047103404998779,3.850172519683838,3.2299106121063232,3.175391674041748,3.906314849853516,3.849658966064453,0.2240497022867202,-0.1570307314395904,-0.2047597765922546,-0.1568395942449569,0.0712781995534896,-0.0487348176538944,0.0237914156168699,0.1533909738063812,0.054957453161478,0.0036165898200124,-0.0123664485290646,-0.01180602889508,-0.0591454058885574,2.7995176315307617,1.0498378276824951,0.8388833999633789,0.9998196363449096,0.7294155955314636,0.996807873249054,0.9360055327415466,0.8520104885101318,0.5473381876945496,0.5258154273033142,0.5836712718009949,0.5149614810943604,0.6150287985801697,0.5216537714004517,0.0224299300462007,-0.0584353692829608,-0.1283323168754577,0.0279438458383083,0.1066472604870796,0.0897391736507415,0.0078190900385379,-0.0024218948092311,0.0274829044938087,-0.0095999259501695,-0.0168889593333005,-0.002079454716295,2.1136116981506348,0.7391144633293152,0.5259695053100586,0.6577959060668945,0.5262759327888489,0.5933265686035156,0.5837558507919312,0.5521376729011536,0.3239071667194366,0.416269838809967,0.4315492808818817,0.3300170302391052,0.4682184755802154,0.0038904739418945,0.0021476240094251,0.0131771565373464,0.005781671884427,30.89999322218547,1,Hyperfunktionelle Dysphonie,1462,u_n
-376.217041015625,184.5782165527344,44.36942672729492,32.85884094238281,-24.587093353271484,-3.4567675590515137,-18.04331016540528,-9.226659774780272,6.506932735443115,2.124351501464844,-17.935895919799805,-1.5920612812042236,-0.1279274970293045,11.846229553222656,5.917261600494385,4.602150917053223,8.29846477508545,6.336508750915527,3.881092071533203,3.572252988815308,3.6373932361602783,5.611809253692627,5.870676040649414,4.54085111618042,3.3482441902160645,3.656127452850342,0.0390297845005989,0.1271839141845703,-0.0565284080803394,-0.1971682459115982,0.076891578733921,-0.0240665469318628,0.0730591565370559,0.0615940652787685,-0.10975182056427,0.1472830325365066,0.0409647412598133,0.0101930499076843,0.0927492454648017,1.9281901121139529,0.5479731559753418,0.4908754527568817,0.8553156852722168,0.9022509455680848,0.7028174996376038,0.6155411005020142,0.5970224142074585,0.5110476613044739,0.7082703709602356,0.5970314145088196,0.6233357191085815,0.5232070088386536,0.4627006649971008,0.0113794282078742,0.0368494316935539,-0.0320157743990421,0.1308017075061798,0.0043012327514588,0.0337838195264339,-0.0302703883498907,-0.0563771985471248,-0.0211703684180974,0.0261254999786615,-0.0824234262108802,-0.1009214520454406,1.5185095071792605,0.5613469481468201,0.4378723502159118,0.5588515996932983,0.6347343921661377,0.4719763994216919,0.4652563631534576,0.4238888621330261,0.4527904689311981,0.5254163146018982,0.4386882781982422,0.526343584060669,0.5026565194129944,0.0022755356558713,0.0013270652359754,0.0241339130363237,0.0134998625835751,28.082807529564377,1,Hyperfunktionelle Dysphonie,1464,u_n
-317.5265808105469,132.10398864746094,73.13365173339844,78.30052947998047,-49.0318489074707,27.23139381408692,-30.1855525970459,-0.0097716143354773,6.774942874908447,-19.54827117919922,18.76836395263672,-11.575672149658203,-14.31394863128662,13.135952949523926,4.439145088195801,5.632267475128174,5.825071334838867,7.141280651092529,4.175156116485596,4.630544185638428,3.393751621246338,3.308156728744507,4.05585241317749,3.1854031085968018,3.318968772888184,4.1209397315979,-0.0934681892395019,0.029696948826313,-0.0182016007602214,0.0085972994565963,0.0374127924442291,-0.0409593023359775,0.0059292330406606,-0.0013752415543422,0.0294248461723327,0.0332792066037654,-0.0181535836309194,0.0083546116948127,-0.0279768332839012,2.4190118312835693,0.8398561477661133,0.8983041644096375,0.9564481973648072,1.1133707761764526,0.5222436785697937,0.7788758873939514,0.5651136636734009,0.6202775835990906,0.6442530155181885,0.5325483679771423,0.6302627921104431,0.5668768286705017,0.4053910672664642,0.0005893027991987,-0.1248139292001724,-0.1346778720617294,0.1465320736169815,0.0045430250465869,0.046630248427391,-0.046101301908493,-0.0155048705637454,0.012472947128117,-0.0353048294782638,0.0212492868304252,0.0091447234153747,1.7460752725601196,0.6722855567932129,0.7785214185714722,0.6848578453063965,0.7700731754302979,0.4875424206256866,0.6025862693786621,0.4908225834369659,0.4537514448165893,0.5385684370994568,0.4402112066745758,0.4210664629936218,0.4117257595062256,0.0155828679113421,0.0096864774590476,0.0617144513795834,0.0336621638066593,18.36710032752843,1,Hyperfunktionelle Dysphonie,1468,u_n
-377.7630615234375,168.1073760986328,68.95328521728516,32.7227897644043,-19.074987411499023,0.9486390352249146,-16.48015022277832,-13.555269241333008,6.141868114471436,-14.108081817626951,8.968849182128906,-1.9668793678283687,-5.424475193023682,26.79811668395996,10.567761421203612,7.955512523651123,6.855096817016602,5.167557239532471,3.3576815128326416,4.522607326507568,4.752725124359131,4.361822128295898,4.825830936431885,3.981224298477173,3.6008872985839844,3.851065874099731,-0.373536616563797,-0.1154464706778526,0.0125541565939784,0.0367683842778205,0.021518737077713,0.0604384616017341,0.045184452086687,0.0436985827982425,0.0002903861168306,0.0127881485968828,0.0390955358743667,-0.0383734926581382,0.0096585229039192,5.117299556732178,1.642559051513672,1.3091323375701904,0.9064565896987916,0.9619359970092772,0.5296697616577148,0.5809512138366699,0.7591999769210815,0.5411240458488464,0.761494517326355,0.6523289084434509,0.5161242485046387,0.5938290357589722,0.8826009631156921,0.0078389765694737,-0.1579578667879104,-0.1026588231325149,0.0950655341148376,0.012037705630064,0.0505934469401836,0.0701352432370185,-0.0233054980635643,0.0536342188715934,-0.0392006300389766,0.0252330508083105,0.0288946833461523,3.361726760864258,1.1748663187026978,0.9902918934822084,0.6319264769554138,0.569261908531189,0.4323737919330597,0.5372924208641052,0.568629264831543,0.3921705484390259,0.4258513748645782,0.4904320538043976,0.444864422082901,0.4939789175987243,0.0031516657116721,0.0019460168733737,0.0352057034723638,0.0211247025574667,30.730489736699216,1,Hyperfunktionelle Dysphonie,1471,u_n
-372.6629638671875,169.60328674316406,72.94808197021484,53.914283752441406,3.471829652786255,-13.903789520263672,-2.698639154434204,-8.212950706481934,-3.216094255447388,4.459902286529541,7.632268905639648,0.5446566343307495,-13.371655464172363,34.38578414916992,5.944821834564209,7.218719482421875,4.8193535804748535,4.28742790222168,4.804050922393799,3.8022665977478014,3.94588041305542,3.753152370452881,4.505693435668945,3.2195894718170166,2.764935255050659,5.188816547393799,-0.3728967905044555,0.2682143449783325,0.0947802886366844,0.010363127104938,-0.119060218334198,-0.1532952487468719,-0.0671115890145301,-0.0112713910639286,-0.0004984309780411,-0.0270219799131155,-0.0014821604127064,-0.0523548945784568,-0.0713361129164695,6.463145732879639,0.9163897037506104,1.2082996368408203,0.8947225213050842,0.6963304877281189,0.7284702062606812,0.6713615655899048,0.7572619318962097,0.5360459089279175,0.5123357176780701,0.5512015223503113,0.4824972152709961,0.8800857067108154,1.4320775270462036,-0.257107675075531,-0.3247374296188354,-0.1723043173551559,0.1285675317049026,0.1715525239706039,0.008008656091988,0.0636506453156471,-0.0438874512910842,-0.0734450295567512,-0.0274218767881393,-0.0006913655670359,0.1270074248313903,3.9160423278808594,1.0223209857940674,0.9931958317756652,0.5733159184455872,0.5242369174957275,0.6096672415733337,0.4345159530639648,0.5098056197166443,0.3332845270633697,0.414694994688034,0.3665456771850586,0.3093229830265045,0.4973335862159729,0.003386205763914,0.002038473601081,0.0206958912842173,0.0085488087416027,31.681698243386187,1,Hyperfunktionelle Dysphonie,1476,u_n
-355.7698059082031,187.1595764160156,74.87939453125,45.662872314453125,15.34156608581543,3.723971128463745,-16.86420249938965,1.2560913562774658,-7.40338134765625,-12.71126651763916,19.56870460510254,-1.3522140979766846,-5.273940563201904,28.730960845947266,7.429595947265625,9.274998664855955,6.581028461456299,4.7376203536987305,4.84213924407959,5.899441242218018,3.93620228767395,4.485156536102295,4.643561840057373,4.69577169418335,3.641070127487183,3.982656717300415,-0.878143310546875,0.0641176626086235,0.3193719983100891,0.1823366284370422,0.0174826029688119,-0.0103291533887386,-0.070008561015129,-0.03682442009449,-0.0227006655186414,0.0583564564585685,0.1061442643404007,-0.0241787452250719,-0.0297940671443939,5.05194902420044,1.4311847686767578,1.431715726852417,1.1342179775238037,0.7485240697860718,0.7212801575660706,1.0368179082870483,0.5629029273986816,0.682558536529541,0.7954132556915283,0.7776130437850952,0.6963487863540649,0.6500033140182495,0.8808646202087402,-0.2164523154497146,-0.158250480890274,-0.0764351636171341,-0.0346572287380695,0.0075036957859992,0.0975674241781234,-0.0186923332512378,0.0427896194159984,0.112356349825859,-0.0907077938318252,-0.0152413956820964,0.0575151816010475,3.0667037963867188,1.0728411674499512,0.7528200149536133,0.6900259852409363,0.5096195936203003,0.6060053110122681,0.6970657110214233,0.408555269241333,0.4582590758800506,0.6980742812156677,0.4885135293006897,0.4573055505752563,0.4953578412532806,0.0022465788586539,0.0010293808911567,0.0136647227921978,0.006116447612317,31.0812571448919,1,Hyperfunktionelle Dysphonie,1492,u_n
-314.4447021484375,115.03754425048828,75.4412841796875,49.36017990112305,-31.77814292907715,17.54259490966797,-36.9246826171875,15.681437492370604,-8.782617568969727,4.618875503540039,-13.00039291381836,12.70959758758545,-0.259480357170105,27.01460647583008,10.29811668395996,12.325884819030762,11.262937545776367,7.069306373596191,7.857732772827148,8.62127685546875,4.305772304534912,4.289588451385498,3.989902257919312,4.54229211807251,5.397155284881592,3.899296998977661,-1.1215262413024902,-0.1419389992952346,0.2924499213695526,0.2635827958583832,0.0279149543493986,0.1063899174332618,-0.0403335206210613,0.0840071663260459,-0.0124970916658639,0.0135877793654799,-0.0386402532458305,0.0677119195461273,0.0552090555429458,3.4625918865203857,1.057624101638794,1.6805416345596311,1.1723560094833374,1.382111668586731,1.1569499969482422,1.2115297317504885,0.7466620802879333,0.794904887676239,0.5536679625511169,0.6122880578041077,1.128754734992981,0.6234778165817261,0.933858036994934,0.1484969109296798,-0.4637058675289154,-0.3116213679313659,0.2682972550392151,0.0408107787370681,0.2627697587013244,-0.1288034468889236,-0.0687116906046867,-0.0451627746224403,0.0716349557042121,-0.2198716551065445,-0.0775840580463409,2.515885591506958,0.7455871105194092,1.4134429693222046,1.0349074602127075,0.905523955821991,0.6873593330383301,0.925993263721466,0.6809922456741333,0.5534960627555847,0.4090887904167175,0.5174160599708557,0.7661965489387512,0.5210613012313843,0.0108924200144881,0.006425670106614,0.0932965259152736,0.0490863281580266,17.757408886322477,1,Hyperfunktionelle Dysphonie,1500,u_n
-324.0841369628906,206.813232421875,55.427734375,35.2287712097168,-26.50259590148925,-22.323604583740234,-19.88603782653809,-1.7471723556518557,-8.742419242858887,-7.577157020568848,14.092447280883787,-14.973577499389648,-13.151419639587402,25.28494644165039,15.262638092041016,8.438606262207031,5.258017063140869,5.900084495544434,5.364114761352539,4.310546875,6.448672771453857,3.949812650680542,4.460126876831055,4.566674709320068,5.6439409255981445,3.583562135696411,-0.9172825813293456,0.3022741377353668,0.2795999944210052,0.1024226993322372,-0.1192889586091041,-0.1073017567396164,-0.0092122880741953,-0.0387928299605846,-0.014412329532206,-0.0416019149124622,0.035348292440176,-0.0582599937915802,-0.11342154443264,4.597095489501953,1.5385140180587769,1.0211681127548218,0.801140546798706,0.9207374453544616,0.8068215847015381,0.6186003088951111,0.7122286558151245,0.67498779296875,0.6173502206802368,0.7095052003860474,0.7227689623832703,0.5601631999015808,0.6948814392089844,-0.2136395722627639,-0.1574819386005401,-0.0876571983098983,0.1365081965923309,0.0470917262136936,0.0482149645686149,-0.0242752451449632,0.0469081066548824,0.035769984126091,-0.0858532711863517,0.0431228019297122,0.0149136399850249,2.8176345825195312,0.9445177316665648,0.70726078748703,0.5324457287788391,0.7098163962364197,0.4595137238502502,0.5073842406272888,0.4018369913101196,0.4718860983848572,0.429974228143692,0.4878665804862976,0.496853768825531,0.4080241918563843,0.0097222197422898,0.0053705939882525,0.0853620789312387,0.0428677931238746,15.405402002092943,1,Hyperfunktionelle Dysphonie,1562,u_n
-367.9713134765625,156.290771484375,65.86815643310547,26.58467102050781,-19.4238510131836,11.82296657562256,-14.31011199951172,2.93546462059021,6.624495983123779,-7.231547355651855,9.540783882141112,-9.223465919494627,-13.418485641479492,23.055160522460938,6.1042962074279785,6.467775821685791,7.286846160888672,6.180840969085693,4.547443866729736,7.093948841094971,5.064103126525879,4.300072193145752,4.562713146209717,3.936835527420044,3.628321647644043,5.62647008895874,-0.1228337660431861,-0.0190164931118488,-0.0296059008687734,-0.0580898374319076,0.0208300333470106,-0.0434592701494693,0.0377700366079807,-0.0173076391220092,-0.0232069306075572,0.0292811170220375,-0.0322770029306411,0.0052473992109298,-0.03303037956357,2.728232860565185,0.869341254234314,1.2270084619522097,0.8032500147819519,0.7967249751091003,0.7392252683639526,0.7599374651908875,0.682519793510437,0.6384879350662231,0.5972062349319458,0.6736935973167419,0.6290953159332275,0.6529315710067749,0.4040558040142059,-0.0332553014159202,-0.0792740285396575,0.0477065593004226,0.1179154217243194,-0.00734280096367,0.0424827672541141,-0.012787353247404,-0.0223379712551832,0.0304423160851001,-0.0332205556333065,-0.0183200314640998,-0.0049402089789509,1.829525232315064,0.6481204628944397,0.8048956394195557,0.6108327507972717,0.6925795078277588,0.534318208694458,0.5523244142532349,0.5508354902267456,0.5050663352012634,0.4832853674888611,0.4620352387428283,0.4777273535728454,0.4967235624790191,0.0036262417402273,0.0016998993014329,0.0197896047078278,0.0102931732025846,28.06662670867249,1,Hyperfunktionelle Dysphonie,1566,u_n
-368.8890686035156,206.0018768310547,87.78031158447266,72.9841537475586,15.829636573791504,19.93455696105957,-10.603593826293944,-24.236841201782227,-4.529450416564941,-4.441068172454834,13.907821655273438,-5.890811920166016,-12.450560569763184,32.235015869140625,10.913043022155762,12.354915618896484,6.54420280456543,6.261452674865723,4.858736991882324,5.008340835571289,5.387657642364502,4.509925365447998,5.073177814483643,3.653386354446411,4.254839420318604,4.851517677307129,-0.8787415623664856,0.0757535547018051,0.1736573278903961,0.1659168303012848,0.0531667955219745,0.0573360919952392,0.002913340460509,-0.0717937722802162,-0.0249707773327827,-0.0020300368778407,0.0637312829494476,0.0630906149744987,0.0067231240682303,5.017524242401123,1.527525544166565,1.9908047914505005,1.07772696018219,1.16439950466156,0.8554750084877014,0.8875651359558105,0.8007127046585083,0.6421913504600525,0.8637550473213196,0.5938183069229126,0.6239330768585205,0.6061939001083374,0.663154661655426,-0.1882348656654358,-0.2143324315547943,-0.149029865860939,0.0373138301074504,-0.0315837524831295,0.0528570041060447,0.0961883589625358,0.0071730269119143,-0.0330849327147007,-0.0656188875436782,0.0574336238205432,0.0544594600796699,3.109791278839112,0.967518389225006,1.1580779552459717,0.7420260310173035,0.7294926047325134,0.4920547902584076,0.6225799918174744,0.5734325647354126,0.4573529064655304,0.5115294456481934,0.5032486319541931,0.4657309651374817,0.4277743101119995,0.006078604809612,0.0030855560975208,0.0378297967537911,0.0182028430362003,23.9067155840871,1,Hyperfunktionelle Dysphonie,1569,u_n
-333.34375,199.44346618652344,80.32865142822266,70.92974853515625,-26.9936466217041,-4.82946252822876,-38.74497985839844,-8.054244995117188,12.197303771972656,-20.012943267822266,2.68169903755188,-2.76450514793396,-12.471778869628906,25.05588722229004,6.213584899902344,12.949034690856934,6.271020889282227,6.7700018882751465,4.697834491729736,4.536373138427734,5.203233242034912,5.349587917327881,3.258329391479492,3.777711153030396,3.399580955505371,6.407284736633301,-0.751408040523529,0.0377462431788444,0.5888049006462097,-0.1044743582606315,0.0151956444606184,-0.0407870411872863,0.1196488812565803,0.0899880975484848,-0.2152329981327057,0.0678413361310958,0.0584023967385292,-0.0391226597130298,0.3317950963973999,2.103155374526977,0.998869776725769,1.5772485733032229,1.4868258237838743,0.8759474754333496,0.7637208700180054,1.0775853395462036,0.67458176612854,0.4925843477249145,0.5334941148757935,0.5748420357704163,0.4763608872890472,0.4700357913970947,0.1877943724393844,-0.1302028894424438,-0.1847429573535919,-0.1151529103517532,0.1060899868607521,0.1449958086013794,0.0939177274703979,-0.0364608243107795,-0.0831328630447387,0.0390829853713512,0.0381604954600334,-0.0394046902656555,-0.0208913050591945,1.283069729804993,0.6825913190841675,0.7771784067153931,0.5412454605102539,0.6871452331542969,0.6293830275535583,0.4336782693862915,0.4176235496997833,0.3373349905014038,0.3949763476848602,0.4601392745971679,0.4349899888038635,0.2212496101856231,0.0899838590603752,0.0634270941098355,0.1876390333013118,0.1220104424012104,3.4134420810327493,1,Hyperfunktionelle Dysphonie,1571,u_n
-334.6824951171875,230.00917053222656,59.26480484008789,48.09260559082031,13.875184059143066,-17.604093551635742,-12.045772552490234,8.686391830444336,1.7552927732467651,-8.126089096069336,7.846254825592041,7.102709770202637,-12.602229118347168,30.64120864868164,11.288966178894045,13.232808113098145,4.957767963409424,5.832233428955078,5.717189788818359,3.0244548320770264,5.369882106781006,4.186886787414551,3.890647411346436,3.3711516857147217,4.267693519592285,3.499595165252685,-1.755798101425171,-0.2239078879356384,0.6237032413482666,0.3573338687419891,0.0888894274830818,0.0214047785848379,-0.0118152378126978,-0.1770418584346771,-0.1818915754556656,-0.0936539322137832,0.0745136812329292,-0.0292814075946807,-0.1088046357035636,2.112426519393921,1.3906285762786863,1.5307971239089966,1.0575917959213257,1.2330807447433472,0.9883744716644288,0.4748863875865936,0.9601422548294068,0.670847475528717,0.6221758127212524,0.5213935375213623,0.6582775115966797,0.5749539732933044,0.3515035510063171,-0.2168964892625808,0.0002994159876834,0.0668291300535202,0.0703079625964164,0.017718581482768,0.0673302039504051,-0.0457486771047115,0.0772925391793251,0.1796215325593948,-0.0285276565700769,-0.0361212082207202,0.0264646410942077,1.4419617652893066,0.9988619685173036,0.4419087469577789,0.6019396781921387,0.7402980923652649,0.5105190873146057,0.471269816160202,0.5422380566596985,0.409423828125,0.6208550930023193,0.3813199400901794,0.5438970923423767,0.4168836176395416,0.0038576990066849,0.0008512269866178,0.0222006721200644,0.0088719009530907,27.9731409687241,1,Hyperfunktionelle Dysphonie,159,u_n
-356.2344665527344,193.9520568847656,76.03374481201172,24.871938705444336,-14.986513137817385,-9.006461143493652,-11.117405891418455,-2.9641902446746826,10.446266174316406,2.3647406101226807,-3.2058029174804688,5.595836162567139,8.27173900604248,26.041793823242188,7.313095092773437,9.731389999389648,6.614819526672363,5.27182149887085,3.996347904205322,5.735357284545898,5.995604038238525,5.008814334869385,3.128865957260132,3.449202060699463,2.8070363998413086,4.11518669128418,-0.4018871486186981,0.2054990828037262,0.1520321369171142,-0.0485754050314426,-0.0967941135168075,0.0142656126990914,-0.0782505497336387,0.0062989168800413,0.1426319926977157,0.0364222526550293,-0.022095039486885,0.0416947863996028,0.0547218136489391,4.460563659667969,1.112782597541809,1.3922985792160034,0.8080552220344543,0.860362708568573,0.7126304507255554,0.6243241429328918,0.8524847030639648,0.993727207183838,0.5125088691711426,0.6542830467224121,0.5552679896354675,0.7428110241889954,0.9640766382217408,-0.2630557119846344,-0.2304837703704834,0.0087609775364398,0.1203712597489357,0.005377591587603,0.0024958988651633,-0.0143609158694744,-0.123881846666336,-0.0947943106293678,-0.0212383307516574,-0.0215535704046487,-0.1015033051371574,2.977313756942749,0.964377760887146,0.8387224078178406,0.5221109986305237,0.54087895154953,0.4844879508018493,0.3656343817710876,0.379998505115509,0.5941275358200073,0.4501916170120239,0.4118878543376922,0.2917532324790954,0.5078275203704834,0.0013138443552573,0.0003405997706435,0.0115826135483466,0.0048738351783863,35.3959965743907,1,Hyperfunktionelle Dysphonie,1591,u_n
-375.8064880371094,164.11563110351562,55.69026947021485,23.15218162536621,-5.9901323318481445,-11.156452178955078,-21.850807189941406,-12.473166465759276,-14.434003829956056,-8.477184295654297,-5.970746994018555,-14.063814163208008,-5.011031150817871,17.816104888916016,12.642848014831545,8.126287460327148,7.656026363372803,5.972496509552002,5.60670280456543,7.022872924804688,5.593173503875732,4.980012893676758,4.2105393409729,3.7743873596191406,3.099847316741944,3.181643009185791,0.2050319612026214,-0.1910905689001083,-0.1666592508554458,-0.0814995542168617,-0.0524865947663784,-0.028901107609272,0.0600566528737545,0.0516328439116478,0.0428056716918945,0.019538827240467,0.0122630884870886,0.0289316233247518,-0.0504648275673389,2.931941270828247,1.325572848320007,0.8066067695617676,0.7228612303733826,0.6465065479278564,0.8373398184776306,0.863470733165741,0.7569501399993896,0.7198904156684875,0.4946567714214325,0.547522783279419,0.4778207242488861,0.4910261929035187,0.3715212047100067,0.0060136630199849,-0.0335518158972263,0.0734069347381591,0.1124052852392196,0.0976156517863273,0.0861857905983924,0.0333617143332958,0.02369961515069,-0.0055248462595045,-0.0249082501977682,-0.0191812496632337,-0.0315581038594245,1.947540283203125,0.8948544859886169,0.5106644034385681,0.6505195498466492,0.7246261835098267,0.7002151608467102,0.5981154441833496,0.481118232011795,0.497214525938034,0.4240610599517822,0.4269443452358246,0.3684828579425812,0.3841909766197204,0.0081411897005413,0.0052279781301875,0.0499963508468919,0.0317975728878119,31.489574804200902,1,Hyperfunktionelle Dysphonie,1594,u_n
-282.308349609375,217.9838256835937,56.65182113647461,62.1205940246582,-0.5611715912818909,16.259897232055664,-11.48686695098877,-27.939281463623047,6.982643127441406,-9.894848823547363,-8.423389434814453,0.298848807811737,-15.577978134155272,16.92510414123535,8.544315338134766,4.689261436462402,7.119385719299316,7.501695156097412,3.4207284450531006,4.504123687744141,5.252107620239258,4.542331218719482,3.4587619304656982,3.705409288406372,3.728769540786743,3.911268711090088,-0.5284563302993774,0.0592776760458946,0.0614241287112236,0.1177369654178619,0.0340787395834922,0.0201050508767366,0.0287189558148384,-0.0622439086437225,-0.033547181636095,-0.0055710286833345,-0.0263565257191658,0.0317441560328006,-0.021049540489912,1.833937406539917,1.33147394657135,0.6407617330551147,0.9811335802078248,0.9341081976890564,0.5679613947868347,0.6912488341331482,0.6479435563087463,0.6597360372543335,0.5006307363510132,0.6452246308326721,0.5000920295715332,0.4844805598258972,0.246979534626007,-0.1360905766487121,-0.0403465777635574,-0.0760915651917457,0.0885442122817039,-0.0247602015733718,0.0670616999268531,0.0509839802980423,-0.0665294900536537,0.0254064016044139,0.0249338876456022,0.0050605093128979,0.0197812970727682,1.3241273164749146,0.8627796173095703,0.4751288294792175,0.656559944152832,0.661658525466919,0.5005754828453064,0.5658661127090454,0.483723372220993,0.5132691264152527,0.3482455909252167,0.4666711390018463,0.3712306916713714,0.346291571855545,0.0029997905283297,0.001155749243553,0.0302325265174746,0.0166469668030007,25.35107994600148,1,Hyperfunktionelle Dysphonie,160,u_n
-348.00067138671875,187.999267578125,74.08844757080078,66.87052154541016,-8.147496223449707,20.01335906982422,7.2230634689331055,-23.07181930541992,14.56349754333496,12.996036529541016,-5.34607458114624,1.8219671249389648,10.071051597595217,13.498074531555176,5.349715709686279,5.538278579711914,5.039890289306641,5.099281311035156,3.9405574798583984,3.3882622718811035,4.95466423034668,3.999601602554321,3.290560483932495,3.40792179107666,3.621405839920044,3.781454086303711,-0.2307871878147125,0.100587397813797,0.0940738916397094,0.0268291756510734,-0.0721587687730789,0.0395160466432571,-0.0092869000509381,-0.0327268317341804,0.0504180677235126,0.0572248063981533,0.0064861685968935,0.016245637089014,0.0132997697219252,2.487069845199585,0.9410387277603148,0.9862026572227478,0.8488170504570007,0.8756555318832397,0.6680459380149841,0.5558233261108398,0.8855963349342346,0.609728217124939,0.4262475371360779,0.6179176568984985,0.6196035146713257,0.6185780167579651,0.4683929681777954,-0.1299502104520797,-0.1702375560998916,-0.1280340403318405,0.1193371787667274,0.0029982477426528,0.0025380318984389,0.0923830270767211,-0.0731529295444488,-0.0692298337817192,0.0314484238624572,0.0371301136910915,-0.0260537192225456,1.800135850906372,0.7127576470375061,0.7057027220726013,0.7664467692375183,0.6883957982063293,0.6044467091560364,0.501666784286499,0.5801550149917603,0.5657123923301697,0.494787186384201,0.4466412663459778,0.4548434615135193,0.5440464615821838,0.0084452024563347,0.0049238415619837,0.0616354690824117,0.0342305865488109,19.70163550782512,1,Hyperfunktionelle Dysphonie,1602,u_n
-352.1515197753906,163.18218994140625,52.30207061767578,45.88559341430664,-21.98746109008789,2.708287000656128,-21.016876220703125,-21.750606536865234,13.554265975952148,-10.45132827758789,-12.800883293151855,1.544442057609558,-0.9220266342163086,19.33171463012696,6.695743560791016,6.309980869293213,7.910673141479492,6.125457763671875,4.607540130615234,7.065103054046631,6.361184597015381,4.745760440826416,3.697934865951538,3.300010919570923,3.938086032867432,5.350858688354492,0.1627553105354309,-0.0159637536853551,-0.0117758437991142,0.1178252473473548,-0.0576949529349803,-0.0042405189014971,-0.1729496121406555,-0.1452976614236831,0.0417256467044353,-0.036947626620531,-0.0104420417919754,0.0240855310112237,0.0152412876486778,2.532306909561157,0.7659173011779785,0.9891356825828552,0.6488658785820007,0.9005092978477478,0.6474385857582092,0.673007607460022,0.6143376231193542,0.62679523229599,0.445955216884613,0.4705953598022461,0.5136716365814209,0.7096503973007202,0.5583294630050659,0.0315323770046234,-0.1054598242044448,-0.0484601259231567,0.098649077117443,0.0253706090152263,0.0481192655861377,0.0523598045110702,-0.0449592173099517,-0.0064644119702279,0.005900309421122,-0.00371337775141,0.0079182470217347,2.4022583961486816,0.6173462271690369,0.8540417551994324,0.5467039942741394,0.6222296357154846,0.5275564193725586,0.5253632068634033,0.4416775107383728,0.4924916326999664,0.4881438910961151,0.4438103437423706,0.3757853507995605,0.5075049996376038,0.0027109450377475,0.0015321299202209,0.0171521158889798,0.0091135945892873,30.243900589026147,1,Hyperfunktionelle Dysphonie,1607,u_n
-376.9384460449219,143.55685424804688,82.28472900390625,65.55485534667969,-3.313068628311157,20.993268966674805,-24.11785125732422,-19.25563240051269,-1.40646231174469,-14.954694747924805,-5.626724243164063,-6.322630882263184,-0.4292656183242798,25.72945022583008,6.197685718536377,9.059054374694824,6.411933422088623,6.508349895477295,6.093880653381348,6.1207709312438965,4.47795295715332,4.364096164703369,4.192695140838623,4.225354671478272,4.272221088409424,4.0432538986206055,-0.0944680720567703,0.0077599231153726,0.06568543612957,0.0001823665224947,-0.0968057140707969,-0.0275631081312894,-0.01450961176306,0.0232198107987642,0.0110676623880863,-0.0141800520941615,-0.0400051325559616,-0.0070673581212759,0.0172954518347978,4.110789775848389,0.9284056425094604,1.6011546850204468,1.0569891929626465,0.8040944337844849,0.9199139475822448,0.812525749206543,0.7177565097808838,0.5958986282348633,0.6461213231086731,0.7808107733726501,0.7211230397224426,0.5707454085350037,0.7510591149330139,0.0154285449534654,-0.2619282603263855,-0.1604497730731964,0.0808284729719162,0.0205835737287998,0.151232436299324,0.1000739336013794,-0.0354530289769172,-0.0135680977255105,-0.0403741225600242,-0.0149782635271549,0.0210105348378419,2.8901383876800537,0.6359072923660278,1.267393708229065,0.9227956533432008,0.7050489783287048,0.5817350149154663,0.7934210896492004,0.6389287710189819,0.5142576694488525,0.5468406081199646,0.5965025424957275,0.4469445347785949,0.4525417387485504,0.0025036242098273,0.0011747195835263,0.0186034476568885,0.0095234948691569,30.3711614892274,1,Hyperfunktionelle Dysphonie,1608,u_n
-370.0923461914063,178.95372009277344,82.03315734863281,44.73240661621094,20.837247848510746,14.148385047912598,1.9643123149871824,-0.7217193841934204,4.131120204925537,-3.49492621421814,-0.787070631980896,1.6396657228469849,1.0995151996612549,17.173768997192383,12.209933280944824,6.237076282501221,7.26715612411499,5.918586730957031,4.037537574768066,5.148271083831787,4.607664108276367,5.3103532791137695,5.517177104949951,3.843301296234131,4.374850273132324,4.09325122833252,0.1572590917348861,-0.0884107947349548,-0.1158285588026046,0.0190809443593025,0.0297145415097475,0.0346646830439567,0.0149912107735872,-0.0217103864997625,0.0171918421983718,-0.0094916447997093,-0.049576710909605,0.0210216455161571,0.0382767356932163,2.770770788192749,1.0784423351287842,1.1537476778030396,1.0744668245315552,1.0403066873550415,0.6524620652198792,0.6258713006973267,0.6253646612167358,0.6694166660308838,0.8650144934654236,0.644328773021698,0.7791978716850281,0.6937927603721619,0.4094382226467132,-0.0505136847496032,-0.1424199044704437,-0.0405929796397686,-0.0167600847780704,0.0192987546324729,0.0467679277062416,0.0173157434910535,-0.0230846349149942,0.0042497217655181,-0.0185546204447746,-0.0198999624699354,-0.0173654779791831,1.7022838592529297,0.6158075928688049,0.7840119004249573,0.6964519619941711,0.6688304543495178,0.5432985424995422,0.5259218215942383,0.5052424669265747,0.5579398274421692,0.536977231502533,0.490990400314331,0.4491326808929443,0.5583751201629639,0.0042467030406412,0.0017048200705558,0.0362397767891119,0.0151155989923578,24.047876090152467,1,Hyperfunktionelle Dysphonie,1637,u_n
-357.3280334472656,176.82647705078125,69.21809387207031,83.71795654296875,15.778799057006836,8.910292625427246,-4.835530281066895,-21.258724212646484,11.706212043762209,-1.8124319314956665,-3.7584290504455566,5.949709892272949,-8.432487487792969,27.171649932861328,6.373174667358398,13.782800674438477,10.361592292785645,11.79124927520752,6.972525596618652,4.338831901550293,5.339120388031006,6.023786544799805,6.020302772521973,4.858698844909668,4.504525184631348,3.135404825210572,-0.5710867643356323,-0.005105432588607,0.0274571999907493,0.0119904326274991,0.0634268447756767,0.0435245223343372,-0.0204648748040199,-0.0179654695093631,0.0965280383825302,0.0899562537670135,-0.0066230073571205,0.0181504897773265,-0.0006383732543326,4.305401802062988,0.9749900102615356,1.3213996887207031,1.6310089826583862,0.7426347732543945,0.7096311450004578,0.740191638469696,0.7890166640281677,0.727325439453125,0.5735384225845337,0.5790787935256958,0.6130409836769104,0.4087828695774078,0.7406195998191833,-0.1620207875967025,-0.1923784911632537,-0.2506746053695678,0.0607338808476924,0.0481993444263935,0.0315901041030883,0.0864626094698906,-0.0602700412273407,-0.003190201241523,-0.0197896938771009,-0.0694119185209274,0.0215702932327985,2.873377799987793,0.7673075199127197,0.8235588669776917,1.0093821287155151,0.5457577109336853,0.4222373068332672,0.4372640252113342,0.5501742362976074,0.5242749452590942,0.463867038488388,0.4498185515403747,0.5313340425491333,0.3368982970714569,0.0030511967391072,0.0014442186557492,0.0206168840722638,0.0105023880620017,29.166221863015043,1,Hyperfunktionelle Dysphonie,1643,u_n
-351.23211669921875,176.8357391357422,39.29058837890625,27.92557144165039,-0.3435968458652496,2.036810874938965,-26.15356063842773,-7.508009910583496,-2.251891851425171,-16.68819236755371,-5.370738506317139,-3.646772623062134,2.2008941173553467,18.430160522460938,8.018159866333008,6.076259613037109,7.910798072814941,5.724113941192627,4.279178142547607,5.082851886749268,4.227809429168701,3.837350606918335,4.092548847198486,4.431414604187012,4.268914699554443,3.7250516414642334,-0.2643134593963623,0.017524279654026,0.0148391751572489,0.0502373278141021,-0.0235736183822155,-0.0097734276205301,-0.0236216839402914,-0.0288954153656959,-0.0097049353644251,0.0113414982333779,-0.0058040143921971,-0.0577749386429786,-0.0010171361500397,3.1845736503601074,1.0003530979156494,0.7482303977012634,0.7100363373756409,0.6397073268890381,0.6771407723426819,0.8890387415885925,0.6204705834388733,0.6040278077125549,0.6710116267204285,0.6070823073387146,0.6500357985496521,0.5772438049316406,0.5258385539054871,-0.1088505610823631,-0.0975750610232353,-0.0358558185398578,0.0334017053246498,0.0394695103168487,0.0811149999499321,-0.0227614548057317,-0.0578474067151546,0.0195373222231864,-0.0197865515947341,-0.0398990809917449,-0.0194787103682756,2.3924031257629395,0.7093048691749573,0.7044028043746948,0.4791323244571686,0.5012937784194946,0.4664815068244934,0.5429466962814331,0.4558709263801574,0.5234720706939697,0.5156254768371582,0.4374844133853912,0.4724764823913574,0.4449711143970489,0.0033544007887253,0.0019564736133937,0.024080145185783,0.0132324370347642,25.72706789389103,1,Hyperfunktionelle Dysphonie,1648,u_n
-376.7467346191406,184.7198944091797,85.1902847290039,102.12283325195312,-7.578947067260742,-2.1459057331085205,-17.522058486938477,-4.384189128875732,-3.614904165267944,-17.23878288269043,1.7352749109268188,8.552727699279785,-9.403236389160156,28.14582633972168,6.838601112365723,7.873708724975586,9.53269100189209,6.505659580230713,4.31169319152832,5.448030948638916,3.76509141921997,4.716094970703125,3.534003496170044,3.19861912727356,3.443317651748657,3.962668895721436,-0.7448590397834778,0.1404423266649246,0.1329078525304794,0.1039458662271499,-0.0128110162913799,0.00214239442721,0.001878393930383,-0.0208850875496864,-0.0042987945489585,-0.017343396320939,0.0143607351928949,0.0007260557031258,-0.034342922270298,3.26773452758789,1.1511417627334597,1.2160042524337769,1.787074327468872,0.7691730856895447,0.7506694197654724,0.8276981711387634,0.5846514105796814,0.5701214671134949,0.643760621547699,0.5479811429977417,0.5985599160194397,0.5445703268051147,0.4744545817375183,-0.0165840871632099,-0.1889642775058746,-0.3037596046924591,0.0365449897944927,0.0572806596755981,0.1089819446206092,-4.567026553559117e-05,-0.0150091582909226,0.0122362179681658,-0.0189692080020904,-0.0061292140744626,0.0261884313076734,2.182931661605835,0.7082454562187195,0.9497593641281128,1.3973931074142456,0.6443384289741516,0.5635049939155579,0.6756621599197388,0.4604522883892059,0.495547205209732,0.4305779337882995,0.4600683450698852,0.4375284612178802,0.3872060775756836,0.0030736508698289,0.0012567458841892,0.0216511011077939,0.0105207105443184,25.65017211516046,1,Hyperfunktionelle Dysphonie,1653,u_n
-338.10125732421875,164.3965606689453,45.10974884033203,49.65851974487305,-16.61598014831543,-1.6820447444915771,-14.552545547485352,-2.5817553997039795,6.53685998916626,-16.67694091796875,3.96877694129944,-9.61570167541504,-13.113106727600098,27.942058563232425,16.38273048400879,6.9329328536987305,14.154715538024902,9.19832992553711,9.677626609802246,8.99852180480957,3.26718807220459,12.948704719543455,6.908839225769043,4.305899143218994,4.118055820465088,3.548342704772949,0.4877200424671173,-0.339496374130249,-0.0388294346630573,0.0352881103754043,-0.1746492683887481,0.1644272655248642,-0.1342121213674545,-0.0012445932952687,0.3870377540588379,0.0199563410133123,-0.0637942478060722,0.0216806903481483,-0.0158298257738351,5.665187358856201,1.7049497365951538,0.911300778388977,1.7629393339157104,1.294156193733215,1.2101082801818848,1.1735883951187134,0.5496039986610413,1.2788883447647097,0.992059051990509,0.6220254302024841,0.9528465867042542,0.6831670999526978,1.3627384901046753,-0.0621792450547218,-0.1094923391938209,-0.247747540473938,0.1974335014820099,0.1152221113443374,0.1779642254114151,-0.0547974146902561,-0.1078559532761573,0.0653291866183281,-0.0754098445177078,-0.0226073358207941,0.0508100241422653,3.5008907318115234,0.8074359893798828,0.7518938183784485,0.9943379163742064,0.7797152400016785,0.6808359622955322,0.8939306139945984,0.3983602821826935,1.0041474103927612,0.5296154618263245,0.501504123210907,0.485989362001419,0.4182761609554291,0.0060037766317118,0.0034760738611478,0.0335585997375131,0.0172459673901329,24.35952792628072,1,Hyperfunktionelle Dysphonie,1660,u_n
-408.3372192382813,152.57803344726562,77.46282196044922,55.14734649658203,-16.338821411132812,3.915075302124024,-17.8072509765625,-5.33608341217041,8.533252716064453,-17.018156051635742,7.250829219818115,-5.823546409606934,-8.019391059875488,27.273252487182617,5.080972671508789,9.512005805969238,6.9863128662109375,4.41262674331665,4.118771076202393,5.863133430480957,4.873579502105713,4.673867702484131,4.73133659362793,5.348803520202637,4.380937099456787,3.074892044067383,-0.7174363136291504,0.086766317486763,0.1334933936595916,0.0581377781927585,-0.0561155267059803,0.0490416996181011,0.0746098682284355,0.0258387867361307,0.0472283922135829,0.0205506719648838,-0.020422326400876,-0.0245192740112543,0.0208154283463954,4.503232002258301,0.9598141312599182,1.3121484518051147,1.0165021419525146,0.7521300315856934,0.5936394333839417,0.7461090683937073,0.4782031774520874,0.7459442019462585,0.6142861843109131,0.6325106620788574,0.4268033802509308,0.5236253142356873,0.6952913403511047,-0.0012791639892384,-0.1672869771718979,-0.1421850770711898,0.0872006714344024,0.0432954207062721,0.1202915161848068,0.0085756424814462,-0.0738763734698295,0.0375041142106056,-0.0344480276107788,0.0382765755057334,0.0370567366480827,2.7529280185699463,0.6488091349601746,0.7232011556625366,0.6763157248497009,0.4494622945785522,0.3925485908985138,0.5689107179641724,0.3528237342834472,0.5297924280166626,0.5014207363128662,0.4715903401374817,0.372330904006958,0.4287105500698089,0.0021698270953475,0.0012094251239141,0.0165767330265591,0.0082418422391546,30.744848291379128,1,Hyperfunktionelle Dysphonie,1669,u_n
-354.0846862792969,176.75274658203125,51.10312271118164,41.15251541137695,-22.710205078125,9.633641242980955,-5.145726680755615,-10.044447898864746,5.497180938720703,-12.920561790466309,0.7931614518165588,-12.439661026000977,-10.611559867858888,15.73165225982666,5.751945972442627,3.5893633365631104,3.458547353744507,4.597879409790039,4.2295637130737305,3.926313400268554,3.590833902359009,4.255407333374023,3.0073862075805664,3.4996800422668457,4.755026817321777,4.448511123657227,0.0383225902915,0.1735841482877731,0.0001157717924797,-0.0563061572611331,-0.0395996421575546,-0.0682840943336486,-0.0326419509947299,-0.0164930578321218,0.1047455370426178,0.023513413965702,0.0321554839611053,0.0272499900311231,-0.0144876949489116,2.5166494846343994,0.7152354121208191,0.5187270045280457,0.4709210693836212,0.7389640808105469,0.6180583834648132,0.5788056254386902,0.4834190309047699,0.6013147234916687,0.4787535369396209,0.4451465606689453,0.4791342616081238,0.6260187029838562,0.540113627910614,-0.0183932613581419,-0.0510695837438106,-0.0591524951159954,0.1295171082019806,-0.0504012517631053,-0.0101083358749747,-0.0027921414002776,-0.04652114585042,-0.0020843921229243,-0.0704510658979415,0.0470018908381462,-0.0008416460477747,1.92944610118866,0.4930583834648132,0.5128841400146484,0.4829400181770324,0.6410526037216187,0.4958020150661468,0.4342856109142303,0.432476282119751,0.3621276617050171,0.3455587029457092,0.4614323079586029,0.4615256190299988,0.5115848183631897,0.0022489257091581,0.0013054173441347,0.0243020816678953,0.0127224950860815,28.187285241727263,1,Hyperfunktionelle Dysphonie,1682,u_n
-384.6522521972656,181.59402465820312,77.15430450439453,53.956790924072266,10.32649040222168,-8.729660987854004,-25.74640655517578,-26.840177536010746,-14.012258529663086,-20.45142936706543,-9.793882369995115,-4.363411903381348,-1.5113506317138672,20.68516731262207,8.270357131958008,9.358250617980955,4.08042049407959,4.219612121582031,3.088494777679444,4.214715003967285,4.982764720916748,3.741248846054077,4.426705360412598,4.335551261901856,3.296746015548706,2.7456254959106445,0.0509733483195304,-0.0173748042434453,0.0460270829498767,-0.0335094854235649,-0.0570705607533454,-0.0171345341950655,-0.0196884609758853,-0.047712467610836,-0.0375889092683792,-0.0272649768739938,-0.0208000317215919,-0.0324444249272346,-0.0214123744517564,3.456932544708252,1.2633081674575806,0.8071150779724121,0.7142871618270874,0.5863333940505981,0.4211765825748443,0.5387436151504517,0.6923698782920837,0.563874363899231,0.6793426871299744,0.6010716557502747,0.4020115435123443,0.4761298894882202,0.6062488555908203,0.0190936867147684,-0.1102290526032447,-0.1096414998173713,-0.0080486526712775,0.0187799520790576,0.0289660356938838,0.0282494947314262,-0.0091342888772487,0.058822862803936,0.0390513502061367,0.0023689260706305,0.003901955904439,2.5964832305908203,0.7436158657073975,0.6575270295143127,0.57124924659729,0.3735416531562805,0.2819212675094604,0.3620378971099853,0.4639064967632293,0.370095819234848,0.4094091057777405,0.3776886761188507,0.2567811906337738,0.3281367421150207,0.0016759819297468,0.0008020887821085,0.0170999520530931,0.0082551266687674,34.724644926159705,1,Hyperfunktionelle Dysphonie,1686,u_n
-382.9827880859375,183.5462951660156,62.23755645751953,44.01452255249024,-8.255463600158691,-6.99208927154541,-25.688745498657227,-14.79883861541748,12.84390354156494,-7.172399044036865,9.751361846923828,6.2982177734375,-19.99469566345215,12.582313537597656,5.879701614379883,3.927001953125,4.857419013977051,4.004160404205322,3.7209489345550537,3.845724105834961,4.550235748291016,3.958752155303955,2.763154983520508,3.962251901626587,3.238158702850342,4.768394947052002,-0.2677854001522064,-0.0200622864067554,-0.0068089943379163,-0.0566543154418468,0.0446977019309997,-0.0408762991428375,0.0026986033190041,-0.038581371307373,-0.0709821656346321,-0.0141152618452906,0.0275622326880693,0.0179397966712713,-0.0257524736225605,1.451488375663757,0.8154123425483704,0.6846235990524292,0.6454979777336121,0.6680647730827332,0.5416697859764099,0.6185128688812256,0.6933166980743408,0.6655263900756836,0.4157874882221222,0.4658215939998626,0.4305434226989746,0.4219168126583099,0.2480263113975525,0.1357532292604446,0.0161390900611877,-0.0148852188140153,0.0193579755723476,0.0226324815303087,0.0863546282052993,0.0674291402101516,0.0193169694393873,0.0503515116870403,-0.009059608913958,-0.0221637748181819,0.0200411789119243,1.196932077407837,0.7435621023178101,0.5534701347351074,0.5465842485427856,0.4438578486442566,0.4406290650367737,0.5947179794311523,0.5207660794258118,0.4455218315124511,0.3787494003772735,0.3482842445373535,0.4280792772769928,0.3194953203201294,0.0019561365711474,0.0009271334365536,0.0179092340763658,0.0098759697271756,30.488774165501987,1,Hyperfunktionelle Dysphonie,1690,u_n
-387.2425842285156,143.34767150878906,84.01171875,79.39479064941406,24.600923538208008,8.255477905273438,14.544351577758787,-1.133050560951233,0.9288839101791382,8.283574104309082,6.663187503814697,-0.1693117469549179,0.0962747260928154,29.90890121459961,6.0071539878845215,8.915566444396973,8.398667335510254,5.559319496154785,4.59831428527832,3.2572455406188965,3.463496208190918,3.754073619842529,3.8875653743743896,3.459836959838867,3.120623111724853,3.789019823074341,-1.283883810043335,0.0527265332639217,0.3778935074806213,0.3306863903999328,0.1271266937255859,-0.0126027865335345,0.0194169785827398,-0.0490145199000835,0.0127718895673751,0.0378040745854377,0.0188284013420343,-0.0320060439407825,-0.0787837207317352,4.403716087341309,0.8240439295768738,1.4686318635940552,1.512236714363098,0.7791079878807068,0.7385547161102295,0.5298448204994202,0.5770503282546997,0.7938370704650879,0.8321018218994141,0.5625602006912231,0.5822142362594604,0.5428044199943542,0.7481329441070557,0.0049965130165219,-0.2209022343158722,-0.1869796514511108,-0.0485905557870864,0.0011656671995297,0.0001003785582724,0.0532831586897373,0.0127898240461945,-0.0274679437279701,-0.0292074140161275,0.0069513665512204,-0.0134140662848949,3.049269914627075,0.5710000991821289,1.174577713012695,0.9320855140686036,0.5616137385368347,0.5064197778701782,0.4168832004070282,0.3888334035873413,0.5463321805000305,0.594820499420166,0.4442519545555115,0.3755874931812286,0.5196423530578613,0.0041142236440785,0.001552260317726,0.0371769795990102,0.0137662084083211,26.427590500777512,1,Hyperfunktionelle Dysphonie,1741,u_n
-341.2043762207031,175.2281036376953,52.40298461914063,45.42349624633789,-20.0282039642334,4.0533127784729,-11.205480575561523,-13.146100044250488,-0.4895833730697632,-8.476655960083008,-5.723910331726074,7.267693519592285,-8.144980430603027,10.636640548706056,6.059389591217041,4.317528247833252,4.672516822814941,6.092200756072998,3.965177059173584,3.9013209342956543,3.4235057830810547,3.117640495300293,3.6007790565490723,3.387150764465332,3.750857353210449,3.001198530197144,-0.288461297750473,0.0962384343147277,0.1010523214936256,0.0043585305102169,-0.1642239093780517,0.0480670556426048,-0.0683959871530532,-0.1009980291128158,0.0383354872465133,0.0427314043045043,0.0138334836810827,0.0100196925923228,0.0134773980826139,1.7819044589996338,1.051121950149536,0.5111179947853088,0.7643760442733765,1.0598511695861816,0.6002817153930664,0.6578319668769836,0.644280731678009,0.5832328796386719,0.5872581601142883,0.5183624029159546,0.4958093166351318,0.5892210006713867,0.316351979970932,0.0248158387839794,0.0059839594177901,0.0427394397556781,0.1630159765481948,0.0731047466397285,0.0183626897633075,0.0116764167323708,0.0254141613841056,0.038760982453823,0.0303871557116508,-0.0217076856642961,0.0087499041110277,1.1964118480682373,0.7472174763679504,0.3690996766090393,0.5414702892303467,0.908904790878296,0.5000358819961548,0.4383643567562103,0.3791396617889404,0.4263399839401245,0.455928087234497,0.4372182190418243,0.3716980218887329,0.4001711905002594,0.0055076993986413,0.003309757154798,0.0321812225035734,0.0162413322843955,23.34968877065167,1,Hyperfunktionelle Dysphonie,1745,u_n
-342.9730224609375,162.91883850097656,50.173133850097656,55.35350036621094,-36.243431091308594,-0.792334794998169,-27.398832321166992,-16.227277755737305,13.086565017700195,-20.33812141418457,4.5994791984558105,1.608594298362732,-19.619647979736328,18.495424270629883,7.253754615783691,6.768421173095703,8.450557708740234,4.658085346221924,8.227899551391602,8.108583450317383,7.819298267364502,3.965665102005005,5.526779651641846,3.495356798171997,8.074237823486328,4.130151748657227,-0.757689356803894,0.2527854144573211,0.3085404634475708,-0.0805404707789421,-0.1445404440164566,-0.2241597324609756,-0.398759126663208,0.3107691705226898,-0.0801517218351364,-0.1530106961727142,-0.0257786586880683,-0.4154857099056244,-0.0588502623140811,3.175527334213257,1.1592634916305542,0.6537647247314453,1.187684178352356,0.839392900466919,0.6905246376991272,0.6663094758987427,0.9773865342140198,0.7251268625259399,0.8904014825820923,0.4574940800666809,0.7574483156204224,0.6541013121604919,0.7049705386161804,0.2228666841983795,0.0921662375330925,-0.1651510298252105,0.1370368152856826,0.0143000688403844,0.1281387060880661,0.0696444734930992,-0.0638466700911521,0.1760128140449524,0.06670493632555,-0.0451461598277092,0.0809313729405403,1.9496568441390991,0.7008558511734009,0.4791872203350067,0.5133437514305115,0.6714487671852112,0.5724936127662659,0.7058327198028564,0.496260792016983,0.4982550144195556,0.6807682514190674,0.3516950607299804,0.3398670554161072,0.3993268609046936,0.0036564784881553,0.002026946881343,0.0234683663757965,0.0114196114767362,26.300305534460605,1,Hyperfunktionelle Dysphonie,1753,u_n
-410.8180541992188,155.44827270507812,83.73786926269531,80.19618225097656,-12.872808456420898,-1.4340732097625732,-16.716392517089844,-17.62636375427246,10.125353813171388,-27.028589248657227,-3.3625428676605225,3.435460090637207,-16.386159896850586,22.782773971557617,4.476131916046143,7.892852783203125,8.063823699951172,4.796339988708496,4.8088459968566895,4.74218225479126,4.428870677947998,3.9891068935394287,5.524707794189453,3.6166000366210938,3.965452909469605,3.270280361175537,-0.1923664510250091,-0.0398789495229721,0.0197443887591362,0.0689397901296615,-0.0038071614690124,-0.0442936643958091,-0.0750094279646873,-0.0491365529596805,0.0158694721758365,-0.0175831243395805,0.0050646946765482,0.0059860814362764,-0.0312934294342994,3.811808824539185,0.5790389180183411,1.204601526260376,1.4016562700271606,0.7372580766677856,0.6761301755905151,0.6993532776832581,0.6706244945526123,0.7009069919586182,0.6888145804405212,0.4894253015518188,0.6404721140861511,0.6075119972229004,0.7246832251548767,-0.0032838231418281,-0.2154933959245681,-0.2206176966428756,0.1123466044664383,0.0473900772631168,0.056001529097557,0.0272244475781917,-0.0808636248111724,0.073511503636837,-0.0338229909539222,-0.0127479396760463,0.0439819805324077,2.8519721031188965,0.3724692165851593,0.9258962869644164,0.9613557457923888,0.6581668853759766,0.4728879928588867,0.5528898239135742,0.432902991771698,0.5745469331741333,0.5147038102149963,0.3834912180900574,0.3995866179466247,0.4294149875640869,0.0053052570316217,0.003401466879563,0.0163494678712024,0.0085899778267508,29.12801060130161,1,Hyperfunktionelle Dysphonie,1754,u_n
-365.3643798828125,173.34207153320312,47.19002914428711,48.99492645263672,-2.6530208587646484,-4.153057098388672,-23.47561836242676,-7.594404697418213,10.918464660644531,-4.903197288513184,-18.47599029541016,3.28167986869812,11.832367897033691,22.549983978271484,5.144478797912598,3.918081760406494,5.307888507843018,5.895188808441162,6.274210453033447,7.64048433303833,4.64606523513794,6.249355316162109,4.477799415588379,5.709864139556885,3.9135468006134033,4.8401079177856445,0.1846379935741424,-0.0340846665203571,0.0427432470023632,-0.1085498034954071,-0.1422397196292877,-0.1110836118459701,-0.0248053632676601,0.0003244989202357,-0.0939578562974929,0.0546769648790359,-0.0551817156374454,-0.0904411002993583,-0.1250966638326645,4.304481983184815,0.7214931845664978,0.5629701614379883,0.939507782459259,1.1749638319015503,0.5662619471549988,0.9292818903923036,0.7731917500495911,1.3305130004882812,0.6819393038749695,0.9608897566795348,0.7273532152175903,0.9430119395256042,1.2268239259719849,-0.0398456752300262,-0.0986145436763763,-0.1716816574335098,0.1215366274118423,-0.0304975565522909,0.1397484391927719,0.1235608905553817,-0.1659068316221237,-0.0382614061236381,0.1333455294370651,-0.100984089076519,-0.1606646478176117,3.240593910217285,0.7023856043815613,0.5971300005912781,0.7282804250717163,0.5277354717254639,0.4253472089767456,0.4915993809700012,0.5525923371315002,0.5895422697067261,0.5526422262191772,0.5243047475814819,0.5325384140014648,0.6019514799118042,0.0031164634857282,0.0018700348204407,0.025634542859807,0.0125771657268441,27.868375117886888,1,Hyperfunktionelle Dysphonie,1758,u_n
-357.6244812011719,189.8470916748047,1.9720596075057983,42.020626068115234,19.67840003967285,-29.24469947814941,-21.26393318176269,1.6845074892044067,3.859243869781494,-19.137964248657227,-5.731491088867188,10.097214698791504,-8.49668025970459,24.35154151916504,10.187872886657717,9.066967964172363,8.338862419128418,10.291597366333008,5.1346435546875,7.608948230743408,4.346465587615967,5.264747619628906,5.803927898406982,4.838938236236572,4.441097736358643,5.550474166870117,-0.3807154893875122,0.4322593212127685,-0.0351177453994751,0.3063200712203979,0.2995752394199371,-0.1977987587451934,-0.2924189567565918,0.0418396331369876,0.1655701696872711,-0.1970436125993728,-0.1431434750556945,0.1332483738660812,-0.0080349426716566,3.969435691833496,1.3132785558700562,1.1855018138885498,1.2820128202438354,1.996378421783448,0.9460780024528505,1.6581897735595703,0.8269001245498657,1.0917856693267822,1.0235199928283691,0.8185592889785767,0.9458399415016174,0.6616718173027039,0.4382894337177276,-0.1687060445547104,0.0787200480699539,-0.0582689009606838,-0.0062079564668238,0.1284962743520736,0.078061819076538,0.0545237548649311,-0.0017440982628613,0.0084066949784755,0.0104377102106809,-0.0126874772831797,0.0346502102911472,2.6096444129943848,1.0855631828308103,0.5952601432800293,0.5938094258308411,0.7541570067405701,0.6581152081489563,0.78570157289505,0.4989993274211883,0.4905451834201813,0.533409059047699,0.4394633173942566,0.45601287484169,0.4452874660491943,0.0057600825964173,0.0033881794964024,0.0312407046418477,0.0154217106235237,26.749837635751646,1,Hyperfunktionelle Dysphonie,1777,u_n
-389.7187805175781,167.46595764160156,82.41769409179688,59.42043685913086,-23.30665779113769,20.344274520874023,-28.4477596282959,-10.536934852600098,-4.544460773468018,-24.67180633544922,-6.280059814453125,-5.706376552581787,-4.887897491455078,18.935529708862305,9.345650672912598,12.291556358337402,6.981085777282715,7.345827102661133,6.615598678588867,4.8702921867370605,6.0273613929748535,4.583676815032959,4.667727947235107,6.565029144287109,4.68622350692749,2.94262170791626,0.0319064892828464,-0.0296982564032077,-0.0791061222553253,-0.1036150977015495,-0.1109048724174499,-0.0436469204723835,0.0751584768295288,-0.005658758804202,0.1114376708865165,0.0708213746547699,-0.022491255775094,-0.0453102327883243,-0.0313153453171253,3.0709691047668457,0.9244461059570312,1.54386305809021,1.1251171827316284,1.3914998769760132,0.7112846970558167,0.8615531921386719,0.6516025066375732,0.779259979724884,0.787916362285614,0.7592073678970337,0.6489351987838745,0.445105105638504,0.7076746821403503,-0.0055819018743932,-0.1860947608947754,-0.1061669811606407,0.1644195318222046,-0.0321938283741474,0.0866618901491165,-0.0101958224549889,-0.0262166075408458,0.0308757927268743,0.0068729408085346,0.014825434423983,-0.0137388510629534,2.8253848552703857,0.579241931438446,0.9113040566444396,0.6154388189315796,0.7189403176307678,0.5303571224212646,0.624501645565033,0.4993034899234772,0.5349253416061401,0.4404400289058685,0.5089846253395081,0.4766314923763275,0.2868093252182007,0.0048205470769575,0.002879889365014,0.0282470301742184,0.0157983461425077,26.58772113099987,1,Hyperfunktionelle Dysphonie,1778,u_n
-333.0756530761719,182.18907165527344,39.43820571899414,37.771263122558594,-9.82932186126709,4.95473575592041,3.302125930786133,-6.50850248336792,-4.603152275085449,14.720083236694336,3.129402875900269,-14.731464385986328,12.247810363769531,31.60098648071289,8.478510856628418,8.715633392333984,5.201003551483154,5.150572776794434,5.144048690795898,4.5082879066467285,5.505133628845215,5.8322601318359375,4.132446765899658,4.982571125030518,4.5683770179748535,6.576531887054443,-0.9496538639068604,0.2214053571224212,0.2030659317970276,0.1412138789892196,0.0292452592402696,0.0140325175598263,0.0143514825031161,-0.0467563681304454,-0.0867853388190269,-0.0119894687086343,0.0069423667155206,-0.0532139800488948,0.0915683507919311,4.014124870300293,1.4895598888397217,0.774648904800415,0.9061888456344604,0.7792443037033081,0.8632633686065674,0.662135124206543,0.8198980093002319,0.7516770958900452,0.6336553692817688,0.6574929356575012,0.5236386656761169,1.0021159648895264,0.9395901560783386,-0.2380899041891098,-0.0374213345348835,-0.031995203346014,0.17351795732975,-0.0120177501812577,-0.0173518750816583,0.0023214537650346,0.0091706477105617,-0.0387196391820907,-0.0240368042141199,0.0265983734279871,-0.171758770942688,2.9270801544189453,1.0728484392166138,0.5519012808799744,0.6372131109237671,0.806291937828064,0.49630007147789,0.4341275095939636,0.5196260213851929,0.5078147053718567,0.3410846590995788,0.4544435441493988,0.4184923470020294,0.6439059376716614,0.0043920819242993,0.0025366410166947,0.0461909985476537,0.0224562187735677,25.116225942939327,1,Hyperfunktionelle Dysphonie,1786,u_n
-371.7873840332031,179.0115509033203,73.19292449951172,55.9940299987793,-5.19369649887085,1.876539945602417,-7.885890007019043,-10.40565586090088,11.58592128753662,-2.483149290084839,2.252108097076416,1.4841891527175903,-14.903641700744627,32.60262680053711,7.7894768714904785,9.529577255249023,5.923839569091797,7.698779582977295,4.135918140411377,5.626833438873291,3.7657454013824463,5.164721488952637,3.985153913497925,3.393730401992798,4.172345161437988,4.099020957946777,-0.2976666390895843,-0.0344980284571647,0.0521056987345218,0.0954824164509773,-0.0069821663200855,-0.0329944938421249,-0.0194131415337324,0.0172376688569784,0.0762569010257721,0.063184380531311,0.0273205414414405,-0.0417267046868801,-0.0678659379482269,5.928733825683594,1.072382926940918,1.484053134918213,1.0856443643569946,0.961191952228546,0.5586271286010742,0.5676829218864441,0.599053144454956,0.7935558557510376,0.4833839535713196,0.6190478801727295,0.6064821481704712,0.5692699551582336,1.2238532304763794,-0.2170658707618713,-0.2883543074131012,-0.1609140634536743,0.0987103655934333,0.0531170442700386,0.03755858913064,0.0506955161690712,-0.0349982269108295,-0.0364284440875053,-0.0687559992074966,-0.014547455124557,0.026594441384077,4.188512325286865,0.8438878655433655,1.0299426317214966,0.8442512154579163,0.5569450855255127,0.5486519932746887,0.4605000913143158,0.4832967519760132,0.4887386560440063,0.4173537492752075,0.4258502423763275,0.4345404505729675,0.4535863101482391,0.0013470952063041,0.0007162826712055,0.0103927615065314,0.0054590494892521,33.87761188907064,1,Hyperfunktionelle Dysphonie,1792,u_n
-346.8081359863281,159.53688049316406,66.06989288330078,61.21930313110352,-15.900586128234863,-16.77465057373047,-49.44643783569336,-4.000796794891357,4.866325855255127,-35.73019790649414,10.52633285522461,-3.370994329452514,-20.750770568847656,25.21124839782715,6.605932712554932,6.834814548492432,7.295210361480713,5.025307655334473,4.943548679351807,6.755542278289795,3.2717080116271973,3.864161968231201,5.016458034515381,4.486368179321289,2.910679340362549,6.044614791870117,0.274724930524826,-0.0630090981721878,-0.0371851027011871,0.0363457798957824,-0.0553608536720275,-0.0053856628946959,-0.0722661986947059,0.0212196353822946,0.0274876896291971,-0.0440733842551708,0.0492076836526393,0.0096086887642741,-0.0607669427990913,3.042098999023437,0.8371691107749939,1.1244957447052002,0.985593318939209,0.6219414472579956,0.8471537828445435,0.8827378749847412,0.5743391513824463,0.546789288520813,0.6028226613998413,0.4745206534862518,0.4162007868289947,0.4886955022811889,0.5190906524658203,0.0524952076375484,-0.1194897666573524,-0.1077963858842849,0.0640169382095336,0.0447279065847396,0.1604616045951843,0.0230526626110076,-0.0216008517891168,0.1031119599938392,-0.045997031033039,-0.0082191340625286,0.0455968715250492,2.1139559745788574,0.5533108115196228,0.7621728777885437,0.6330173015594482,0.4700237214565277,0.5214418768882751,0.7706525921821594,0.3912797272205353,0.3621742129325866,0.5713593363761902,0.3628981709480285,0.3202561140060425,0.4379686415195465,0.0080925273729329,0.0052303210118956,0.0242120674039037,0.0140975610902037,27.85459296226908,1,Hyperfunktionelle Dysphonie,1794,u_n
-330.11279296875,184.55111694335932,25.49546241760254,29.295896530151367,-22.35630798339844,-0.8847240209579468,-3.6532950401306152,-9.597990036010742,-3.724998712539673,-5.788499355316162,1.9791327714920044,-6.856215476989746,-6.200322151184082,25.312259674072266,10.438820838928224,9.349206924438477,7.831266403198242,5.7130231857299805,8.353851318359375,3.843086957931519,3.292214155197144,4.054141521453857,2.892643451690674,3.3601224422454834,3.5618579387664795,3.5333244800567627,0.009155566804111,0.2375124245882034,-0.0432250127196311,-0.0517144501209259,-0.0667051821947097,0.0580235980451107,-0.0635644793510437,-0.0226652566343545,0.0669307261705398,-0.0143274581059813,0.0149832656607031,-0.0441528037190437,-0.0509388633072376,3.27634072303772,0.6751391887664795,0.9779627323150636,0.7024374604225159,1.02906334400177,0.7033452391624451,0.5766351819038391,0.467097669839859,0.5384958982467651,0.4089489877223968,0.5556681156158447,0.4990190267562866,0.6424804925918579,0.625032901763916,-0.1007503867149353,0.0030377719085663,-0.0308322589844465,0.1835364401340484,0.0770989656448364,0.0154522191733121,0.053700391203165,0.0122160082682967,-0.0208353158086538,-0.0359858646988868,0.0166969094425439,-0.0049716364592313,2.28656005859375,0.616215169429779,0.6433230638504028,0.4964470565319061,0.7847179770469666,0.5653637051582336,0.4570983052253723,0.4832504391670227,0.3599699437618255,0.3138347566127777,0.3979465365409851,0.394965648651123,0.4556137323379516,0.0028459816770226,0.0017196679568452,0.0320168158545339,0.018418340174278,25.288845881600743,1,Hyperfunktionelle Dysphonie,1800,u_n
-366.4036254882813,195.95933532714844,86.51397705078125,64.90895080566406,2.2787232398986816,-22.762998580932617,-19.585033416748047,-10.767576217651367,3.188029766082764,-7.493566036224365,1.7521371841430664,9.553497314453123,-9.869539260864258,30.15994644165039,9.14411163330078,11.20580768585205,7.659042358398437,3.5208208560943604,6.391906261444092,3.203801155090332,3.159819364547729,4.738932132720947,3.711406946182251,3.3888614177703857,3.6791415214538574,3.5576040744781494,-0.4926535487174988,-0.0165995862334966,-0.0468913502991199,0.001026983722113,0.0886952504515647,0.0179553963243961,-0.0418103858828544,-0.0376919098198413,-0.0799200385808944,0.0226969514042139,0.0589544847607612,-0.0009770722826942,0.0698783546686172,5.33839750289917,1.877228617668152,2.011723518371582,1.319133162498474,0.6918412446975708,0.8253336548805237,0.5387595295906067,0.5175718069076538,0.6142794489860535,0.7333390116691589,0.5877814888954163,0.6587612628936768,0.5292315483093262,1.16171133518219,-0.3847744166851043,-0.3602292835712433,-0.253832072019577,0.0213534571230411,0.1096717044711113,0.015445508994162,-0.052826277911663,-0.1196406260132789,-0.009205357171595,-0.0313989408314228,-0.0534787364304065,0.0729154869914054,3.632014036178589,1.1343262195587158,1.1449486017227173,0.8368499279022217,0.4922438561916351,0.5444654822349548,0.3448098301887512,0.4159179925918579,0.4726061224937439,0.4817562103271484,0.3779086768627167,0.4468329548835754,0.4084611237049103,0.0045582019769508,0.0018116187258706,0.0524568121154968,0.0224960353625626,24.251529335057626,1,Hyperfunktionelle Dysphonie,1802,u_n
-379.9487915039063,194.472396850586,72.86783599853516,68.03336334228516,39.27825164794922,3.709916353225708,-25.034273147583008,-5.313790798187256,9.852747917175291,-3.7401936054229736,-5.790573596954346,-1.970530986785889,6.449732780456543,23.507726669311523,8.722556114196777,8.808894157409668,9.240434646606444,8.521011352539062,4.472201824188232,9.262446403503418,6.159770965576172,4.1112213134765625,3.722344160079956,4.947854042053223,3.4010913372039795,4.650431156158447,0.0421000383794307,-0.0111634032800793,-0.0451187752187252,-0.0003949464007746,0.0367566421627998,-0.0200992617756128,-0.0326886065304279,-0.0447650961577892,-0.0346009843051433,0.0136532038450241,-0.0088895764201879,0.0001618669484741,0.0064193117432296,3.7747533321380615,1.1806817054748535,1.457018494606018,1.319404363632202,0.9209733605384828,0.6540374755859375,1.0539968013763428,0.638055145740509,0.6344830393791199,0.6324746608734131,0.734828531742096,0.5474337339401245,0.606985867023468,0.5610659718513489,-0.2032615393400192,-0.1410899758338928,-0.1608182489871978,-0.1046805158257484,0.0247161742299795,0.1336276829242706,0.0488833114504814,-0.0283966325223445,0.0021057543344795,-0.0069706090725958,-0.0148667674511671,-0.020430788397789,2.3830316066741943,1.0227752923965454,0.8102722764015198,0.8172685503959656,0.7312815189361572,0.4717079699039459,0.7072843909263611,0.5005831122398376,0.4295805394649505,0.4009192585945129,0.4431729614734649,0.3691794276237488,0.4070087373256683,0.0227025726697342,0.0113030565482843,0.0707899395509933,0.0344023472337144,16.71542422917028,1,Hyperfunktionelle Dysphonie,1812,u_n
-424.6968688964844,148.3991241455078,75.46763610839844,52.60798645019531,1.4887373447418213,-12.007121086120604,-5.778553009033203,-11.98981761932373,-12.37917709350586,-0.9046880602836608,-0.0646004378795623,-1.333571195602417,3.075779676437378,33.16500473022461,14.19888973236084,8.545948028564453,8.695432662963867,6.933407783508301,9.14432144165039,6.220738887786865,6.689042091369629,6.652556419372559,5.701943397521973,4.758780956268311,3.537107229232788,4.737730026245117,-0.8523281216621399,-0.0066193370148539,-0.0477236583828926,-0.1475347280502319,-0.0470250621438026,0.1857652962207794,0.1026709750294685,0.0923459976911544,0.2965127527713775,0.1426626741886139,0.0264041125774383,-0.0058861160650849,-0.0648825392127037,5.7949538230896,1.888903260231018,1.689147710800171,1.408047795295715,1.0668014287948608,1.4552228450775146,0.90092134475708,0.6711084246635437,0.7859558463096619,0.8468888998031616,0.7758385539054871,0.6169321537017822,0.6694949269294739,1.0887984037399292,-0.0623212344944477,-0.2847954332828522,-0.139281153678894,0.0750116854906082,0.1443452090024948,-0.040214154869318,-0.0216631963849067,0.1112160831689834,0.0479594431817531,-0.0595916621387004,-0.0483168512582778,-0.0395266599953174,3.5269370079040527,1.0764774084091189,1.175721287727356,1.272566556930542,0.8196694254875183,0.9960107803344728,0.6152967214584351,0.3985435366630554,0.6731340885162354,0.5338167548179626,0.4974624216556549,0.3671476542949676,0.335644394159317,0.0022466156807501,0.0011408866355104,0.0152805959932136,0.0069277180079244,35.22391490417821,1,Hyperfunktionelle Dysphonie,1813,u_n
-374.47601318359375,166.47708129882812,74.34394073486328,51.05402374267578,-27.211143493652344,13.2001314163208,-18.342987060546875,-2.02083706855774,-6.693160533905029,-13.969289779663086,-0.576521635055542,-7.53250789642334,-9.199258804321287,16.377086639404297,5.7689290046691895,7.645130157470703,8.605265617370605,6.969554424285889,4.599574565887451,4.49061918258667,5.496166706085205,4.87327241897583,3.592228651046753,3.111579656600952,3.4871273040771484,4.625690937042236,0.2357529103755951,0.0611689984798431,-0.1123093739151954,-0.0689726024866104,-0.050701692700386,-0.0020197788253426,-0.009416265413165,-0.057092897593975,0.0138954482972621,-0.0663334429264068,-0.0034331120550632,0.0300887804478406,-0.0206385441124439,2.522312641143799,0.7117527723312378,1.1131120920181274,0.9945827126502992,0.8863810300827026,0.6718217134475708,0.5792595148086548,0.5752078294754028,0.6802849173545837,0.5332956314086914,0.4240753054618835,0.5397787690162659,0.5666993260383606,0.5549968481063843,0.1157718822360038,-0.2116501182317733,-0.1738093346357345,0.1239463910460472,-0.0213467627763748,0.0281480923295021,-0.0207367502152919,0.0063208378851413,0.00895765889436,-0.0165848936885595,0.0377745479345321,0.0110815437510609,2.1717779636383057,0.6506851315498352,1.0349178314208984,0.9044620990753174,0.6061179637908936,0.4059619307518005,0.4463955461978912,0.3971383571624756,0.4554298222064972,0.3635712265968323,0.4277351498603821,0.3570919930934906,0.3838900029659271,0.0021742987583864,0.0012122687396466,0.0194789060630222,0.0108881841180359,29.624085773609565,1,Hyperfunktionelle Dysphonie,1816,u_n
-383.4285278320313,188.8389129638672,77.33242797851562,52.41133117675781,4.876445293426514,1.2472679615020752,-28.66291618347168,-15.70028591156006,11.029485702514648,-2.685723304748535,-0.7226150035858154,-2.37643837928772,-9.410239219665527,19.8875789642334,8.938925743103027,5.653038024902344,6.385279178619385,5.086627006530762,4.307493209838867,5.028805255889893,3.841888904571533,4.516120910644531,3.636754751205444,3.50533390045166,3.570351839065552,3.517792224884033,-0.4906599819660187,0.1212858706712722,0.0969747826457023,0.0543575994670391,0.0053942124359309,0.0579302757978439,-0.072572186589241,-0.036370649933815,0.069682627916336,-0.0143123213201761,0.0376321300864219,0.0396908558905124,-0.0315528959035873,3.548124551773072,1.0897716283798218,1.0017188787460327,0.6619169116020203,0.6034365892410278,0.506974995136261,0.8061994314193726,0.3901830315589905,0.6686521172523499,0.5695079565048218,0.5266849398612976,0.4514175951480865,0.4349791705608368,0.6050617098808289,-0.0885929241776466,-0.1486493498086929,-0.0745673179626464,0.003158557228744,0.0101513899862766,0.0999722927808761,0.0346475392580032,-0.0573093146085739,-0.0195449758321046,-0.0224848613142967,0.0043941871263086,-0.0030859464313834,2.6649370193481445,0.6707658767700195,0.7253707647323608,0.5368964076042175,0.3797962069511413,0.4179244637489319,0.5748090744018555,0.3701306879520416,0.4417152106761932,0.3949525952339172,0.3870263993740082,0.3411495983600616,0.3174388110637665,0.0041699258925628,0.0025933117519205,0.0156229704444374,0.0083273391431907,31.070021293629,1,Hyperfunktionelle Dysphonie,1822,u_n
-371.0213012695313,184.01014709472656,52.87049865722656,28.36050796508789,-25.16531753540039,8.036155700683594,-10.328553199768066,-9.360448837280272,4.357639312744141,-8.305242538452148,2.1491973400115967,-5.524599552154541,-0.9819834232330322,23.45280647277832,4.882445335388184,12.784648895263672,7.1631269454956055,6.459414958953857,4.750736713409424,3.691974639892578,3.73874831199646,3.916623830795288,4.471797943115234,3.960293769836426,3.912090301513672,3.615801334381104,-0.3323561251163482,-0.0488417781889438,0.2168854922056198,0.162029355764389,0.1015133485198021,-0.0323892459273338,-0.0583629496395587,-0.0817853361368179,-0.0450023338198661,0.0086859436705708,0.0230828206986188,0.0085400566458702,-0.0401411093771457,1.884610056877136,0.6826767325401306,0.8032057881355286,0.9679570198059082,1.067110300064087,0.654518723487854,0.5589345097541809,0.7305994629859924,0.5920387506484985,0.5955511927604675,0.6356854438781738,0.5153127312660217,0.5903730988502502,0.2820005118846893,-0.0587465241551399,0.0217425543814897,0.0395484939217567,0.1326644569635391,0.0135632818564772,0.0243950597941875,0.0435340777039527,-0.0339067839086055,-0.0185902789235115,-0.0241179764270782,-0.0044752708636224,-0.0217101462185382,1.4152464866638184,0.5033940672874451,0.65385901927948,0.5398380756378174,0.7551134824752808,0.5104798674583435,0.4713651537895202,0.48684161901474,0.4660007655620575,0.5306023955345154,0.5489271879196167,0.4200010299682617,0.4528997540473938,0.0040022911515689,0.0020804695741736,0.0242772090206364,0.0121464807623451,26.215743072127864,1,Hyperfunktionelle Dysphonie,1823,u_n
-357.86383056640625,187.2135009765625,68.98486328125,71.14635467529297,21.89320373535156,-13.367506980895996,-33.625213623046875,-22.2495346069336,16.037960052490234,-9.296586036682127,-24.719417572021484,1.1943598985671997,1.6741594076156616,22.992765426635746,7.948305606842041,7.868740558624268,6.83074951171875,4.286061763763428,6.829746723175049,7.258032321929932,4.501997470855713,5.161459445953369,4.882635116577148,4.605149269104004,3.7851402759552,4.477445125579834,-0.0680889636278152,0.138943076133728,-0.0136070763692259,0.1176855191588401,0.0866882354021072,-0.0645896419882774,-0.1996400207281112,-0.1047649607062339,0.0888658016920089,-0.0160741247236728,-0.1083501726388931,-0.032175064086914,0.0115043325349688,3.927324533462525,0.8641970753669739,1.3825985193252563,1.205275297164917,0.8264332413673401,0.8722531795501709,1.0825939178466797,0.8784770369529724,0.7752118110656738,0.8735100030899048,0.7584474086761475,0.7264971733093262,0.5737204551696777,0.6984879970550537,-0.0940027683973312,-0.1749247014522552,-0.1654036343097686,-0.0255828816443681,0.0653020739555358,0.1046828851103782,0.0867490172386169,-0.0752724334597587,-0.0104230511933565,0.0734853520989418,-0.0153450416401028,-0.0361581593751907,2.880997657775879,0.5315213203430176,0.9470670819282532,0.7747004628181458,0.4476788938045501,0.4602985680103302,0.6332138776779175,0.5014779567718506,0.5394933819770813,0.3916033208370209,0.4485462009906769,0.340995192527771,0.3386951684951782,0.0028103736611477,0.0013978139956828,0.0214784288876779,0.0109502713602087,31.3827751789344,1,Hyperfunktionelle Dysphonie,1861,u_n
-333.3598022460937,141.23472595214844,65.70053100585938,56.337989807128906,-2.64518141746521,11.966242790222168,-13.475658416748049,-14.193113327026367,12.496870994567873,-6.248845100402832,7.186446666717529,-1.884662389755249,-12.542322158813477,12.088094711303713,3.413776397705078,4.63485860824585,4.228403091430664,4.589747905731201,3.73405647277832,3.947237491607666,4.209007263183594,3.4138803482055664,3.477280616760254,3.644898414611816,2.929174423217773,4.266769409179688,0.0053321309387683,0.0159618500620126,-0.0062668160535395,-0.0028403541073203,-0.0735315605998039,-0.0252205953001976,-0.0685226246714592,-0.0530794262886047,-0.0010982189560309,0.0004856301529798,0.0216294061392545,-0.0091605139896273,-0.0497367084026336,2.0275495052337646,0.6322454810142517,0.7048766016960144,0.6584131121635437,0.6362260580062866,0.4659933745861053,0.6989933848381042,0.6781100630760193,0.6589665412902832,0.5397137999534607,0.5881555080413818,0.4369632005691528,0.5939778685569763,0.4378211200237274,0.0493512004613876,-0.0922017991542816,-0.0522921867668628,0.0694606676697731,0.0276955664157867,0.0744636356830596,0.0734220445156097,-0.0212243013083934,0.029918223619461,-0.0335723794996738,0.0123993521556258,0.0231092739850282,1.6962586641311646,0.4435374438762665,0.4827576577663421,0.4555082023143768,0.4787066280841827,0.3649663031101227,0.4801880419254303,0.4941479861736297,0.4451936185359955,0.4343556463718414,0.484325110912323,0.3736091554164886,0.4408667385578155,0.003556813033542,0.0021054711089774,0.0254727644319335,0.014084650133685,28.859992822302296,1,Hyperfunktionelle Dysphonie,1887,u_n
-365.5948791503906,159.8622589111328,77.54786682128906,42.98155212402344,-15.35376262664795,7.476537227630615,-5.47002649307251,-12.305475234985352,7.853918075561523,-14.794390678405762,2.934669017791748,4.397469520568848,-13.954669952392578,17.556684494018555,6.820571899414063,6.954550743103027,11.014379501342772,5.699913024902344,4.409789085388184,4.003153324127197,3.992441415786743,4.309881210327148,4.336855888366699,4.038352012634277,3.6753487586975098,4.761699676513672,0.6459270715713501,-0.1643843203783035,-0.1394390910863876,0.0900850668549537,-0.0609696395695209,-0.0540413297712802,0.0015934243565425,-0.008819187991321,0.0073060630820691,-0.0450452715158462,-0.0578730814158916,0.0261667538434267,0.0100319543853402,2.76782751083374,0.7529447078704834,1.0161645412445068,0.9080213308334352,0.972357213497162,0.7527482509613037,0.6778133511543274,0.677300751209259,0.5547067523002625,0.5429406762123108,0.5426801443099976,0.5218082666397095,0.4843012392520904,0.5054487586021423,0.0779046043753624,-0.0748428180813789,0.0359071865677833,0.1477113664150238,0.0254489444196224,-0.0182342808693647,0.0307298246771097,-0.0072090313769876,0.0266734343022108,-0.0069461874663829,-0.012392078526318,0.0146665414795279,2.052949905395508,0.5817657709121704,0.6974826455116272,0.575276255607605,0.6894017457962036,0.5336514115333557,0.4510031044483185,0.5120247006416321,0.5593401789665222,0.4887399971485138,0.496994286775589,0.3792290091514587,0.3986378312110901,0.0031082326044051,0.0017819183887589,0.0264188158789759,0.0138924885043466,25.993719597799565,1,Hyperfunktionelle Dysphonie,1888,u_n
-337.6258544921875,162.3776092529297,44.125709533691406,37.54115295410156,11.952926635742188,-8.276923179626465,-4.645477294921875,13.41811466217041,8.598222732543945,-4.402863502502441,9.278709411621094,8.193744659423828,-5.114506721496582,22.47566795349121,8.775023460388184,7.236856460571289,6.417269229888916,4.509258270263672,5.796143054962158,5.291117668151856,4.034454345703125,5.855660438537598,5.945214748382568,3.4701294898986816,3.613964796066284,3.3882532119750977,-0.2104543149471283,0.0142176011577248,0.0532299950718879,0.0319345071911811,0.0202618278563022,-0.0209165457636117,0.0081197153776884,0.0470979623496532,0.064306803047657,-0.0161532238125801,-0.0292955692857503,0.0399564951658248,0.0049441154114902,3.2233481407165527,0.950428068637848,0.9889501929283142,0.7255139350891113,0.7422480583190918,0.7477708458900452,0.6857389807701111,0.642005443572998,0.5079766511917114,0.657183051109314,0.6374948620796204,0.6177495718002319,0.5497556924819946,0.5617004036903381,-0.0003084728377871,-0.1061853691935539,-0.0847427994012832,-0.0033251296263188,0.0636140033602714,0.0257223937660455,-0.0261783692985773,-0.0199112016707658,0.0358624830842018,-0.0237323306500911,-0.0417368970811367,0.0025735429953783,2.68580174446106,0.5596343278884888,0.7318655848503113,0.7377767562866211,0.5095105171203613,0.5165470242500305,0.4495382606983185,0.4767724275588989,0.4291977286338806,0.4632528126239776,0.5006289482116699,0.5060519576072693,0.4280590116977691,0.0041432792449623,0.0024532907457903,0.0355400068681459,0.0167387047702547,24.89728458793332,1,Hyperfunktionelle Dysphonie,1891,u_n
-340.341796875,154.32220458984375,49.74384307861328,43.255741119384766,-18.359111785888672,-2.554064989089966,-18.09542465209961,-9.336387634277344,15.382863998413086,-24.791427612304688,-3.4102399349212646,14.12503719329834,-8.357711791992188,36.736473083496094,7.162105083465576,7.406357765197754,6.562851905822754,6.995780944824219,5.292799949645996,5.78557825088501,4.115016937255859,5.08332633972168,5.475353240966797,3.970235109329224,5.172780513763428,4.97032356262207,-1.1979074478149414,0.1262970268726349,0.210398182272911,0.3115145564079284,-0.1334438323974609,-0.2144506275653839,-0.3352158963680267,0.11668711155653,0.1933090090751648,-0.2293588519096374,0.0355208180844783,-0.0108223753049969,-0.2188858240842819,6.346134662628174,1.2609622478485107,1.1978919506072998,1.0879020690917969,1.2607585191726685,0.8412195444107056,0.7456703186035156,0.5528334379196167,0.552179217338562,1.022223949432373,0.7742171287536621,0.8175317049026489,0.9055497646331788,1.8055273294448853,-0.1907171159982681,-0.3169265389442444,-0.1747098863124847,0.3329492509365082,0.1061236709356308,0.2263842821121215,0.1209387481212616,-0.1464418768882751,0.2935431599617004,0.0699355006217956,-0.1785829812288284,0.0280772522091865,4.5876078605651855,0.6315807104110718,1.0560094118118286,0.8403952717781067,0.9257178902626038,0.5082935094833374,0.773118257522583,0.5620549321174622,0.4948570430278778,0.7940611243247986,0.5453972816467285,0.5517847537994385,0.4953988492488861,0.0038959463821226,0.0019693799136865,0.0174540911374043,0.0082520937463455,28.6220999354166,1,Hyperfunktionelle Dysphonie,1895,u_n
-335.086181640625,170.25900268554688,54.90558242797852,40.98819351196289,0.5930157899856567,5.698620796203613,-15.23257827758789,-2.081426858901977,-2.983457565307617,-8.47232437133789,0.4875081181526184,-10.06786060333252,-3.816630363464356,18.400529861450195,5.622344017028809,7.0405755043029785,6.131410121917725,5.577033996582031,4.624296188354492,5.946892738342285,5.482598781585693,4.16946268081665,3.807043075561523,3.630035877227783,3.652024745941162,3.5243167877197266,0.2709035277366638,-0.0365910194814205,-0.0203849989920854,0.0034760877024382,-0.0626648217439651,-0.0176999326795339,-0.057493295520544,-0.0833391472697258,-0.0323154032230377,-0.0463050194084644,0.0067593548446893,-0.011933846399188,-0.0330118164420127,3.1110360622406006,0.8547801971435547,1.0148499011993408,0.8982412815093994,0.8785674571990967,0.705399751663208,0.8125412464141846,0.6594275832176208,0.6919273734092712,0.6378981471061707,0.6099074482917786,0.6218630075454712,0.4953973293304443,0.5521515011787415,-0.052328772842884,-0.1098647639155387,-0.0926809832453727,0.0291041899472475,0.0211096554994583,0.0604755952954292,0.0132606429979205,0.008270263671875,0.0148188527673482,-0.0032418426126241,0.0135053386911749,0.0005422071553766,2.3305392265319824,0.56593918800354,0.6584709882736206,0.6914165616035461,0.5905848145484924,0.5604779124259949,0.5602742433547974,0.5324550867080688,0.4499035775661468,0.4206744432449341,0.4676191210746765,0.4179991781711578,0.3669236004352569,0.0036077184828736,0.0020209716583657,0.0343716693593657,0.0183373090789566,26.05114083649023,1,Hyperfunktionelle Dysphonie,1898,u_n
-362.8477783203125,122.28485870361328,73.37511444091797,56.88697052001953,15.302103996276855,0.3836888968944549,2.334900140762329,-5.82614803314209,-5.0057220458984375,-1.8004190921783447,-7.341760158538818,-5.738399505615234,0.3809405863285064,9.81166648864746,7.500260829925537,4.543727397918701,4.997177600860596,5.179493427276611,4.026895999908447,3.544814348220825,3.35728406906128,3.1847288608551025,3.433232069015503,3.4123806953430176,3.1411914825439453,3.297623634338379,0.0433863960206508,-0.059614073485136,-0.0637096688151359,-0.0556793101131916,-0.0297671128064394,0.003409001044929,0.037457425147295,0.0584487207233905,-0.0022811710368841,0.0100384671241045,0.0531102456152439,0.0296384934335947,0.0329015702009201,1.6894125938415527,0.99528568983078,0.6384403109550476,0.9255848526954652,0.670418381690979,0.5690695643424988,0.6501582860946655,0.5852938294410706,0.6102324724197388,0.5257033705711365,0.5462760925292969,0.560306191444397,0.6262874007225037,0.2308837920427322,0.107983648777008,-0.0697043240070343,-0.0413098968565464,0.0029543850105255,0.032941248267889,0.0074899177998304,-0.0143686793744564,-0.019274378195405,-0.023301949724555,-0.0045624342747032,-0.0030672634020447,-0.020859831944108,1.083809494972229,0.6189514994621277,0.4678882956504822,0.50348961353302,0.484361320734024,0.48040571808815,0.4783913493156433,0.4219120144844055,0.4281739592552185,0.3986873924732208,0.4090497195720672,0.3999490737915039,0.4763232767581939,0.0040282512688764,0.0023230508377907,0.0362070814994366,0.0133050425742696,25.555053536624936,1,Hyperfunktionelle Dysphonie,1900,u_n
-366.6309509277344,194.70242309570312,82.9049301147461,72.54725646972656,6.299098968505859,1.3370537757873535,-8.018930435180664,-8.865138053894043,3.563146114349365,-11.34804344177246,-7.148918151855469,6.970939636230469,-0.4911033511161804,29.39407539367676,11.516223907470703,8.808034896850586,7.915799140930176,8.51720142364502,5.586306571960449,6.33542537689209,4.696871280670166,4.010788917541504,3.1024746894836426,4.551700115203857,5.339024066925049,4.514015197753906,-0.2763849198818207,0.0249030292034149,0.0541950240731239,0.0635897517204284,0.0302642025053501,0.0414828136563301,-0.0027482844889163,-0.0231187995523214,-0.0122286416590213,0.0369347110390663,0.0204309225082397,-0.0387107841670513,0.0586766600608825,5.787113189697266,1.3195794820785522,1.731025457382202,1.563889503479004,0.829807460308075,0.8133761882781982,0.6564803123474121,0.536338746547699,0.5537528991699219,0.4637947678565979,0.6206744909286499,0.6077014207839966,0.5822793841362,1.1849149465560913,-0.236509621143341,-0.3550394773483276,-0.2759870588779449,0.0263090059161186,0.0898247212171554,0.0949460491538047,0.0228654667735099,-0.0595050081610679,0.0582226812839508,0.0159419514238834,-0.0629947111010551,-0.00609827414155,3.838465690612793,0.9197715520858764,1.215538501739502,1.0007176399230957,0.4400351941585541,0.55923992395401,0.5984652638435364,0.4120790660381317,0.5414661765098572,0.3999685049057007,0.358372688293457,0.557350754737854,0.4636881053447723,0.0017393168411683,0.0008099848009988,0.0171444048161895,0.0079872467385441,30.33498463673257,1,Hyperfunktionelle Dysphonie,1903,u_n
-374.069580078125,165.9875030517578,88.12296295166016,51.00987243652344,-15.785018920898438,-1.3086320161819458,-14.67771053314209,-18.85548973083496,0.6401571035385132,-7.3510284423828125,-8.871891975402832,-1.4813544750213623,-5.637064933776856,21.908626556396484,6.37766170501709,9.800804138183594,6.241621971130371,5.66116189956665,4.301449775695801,3.750018835067749,3.9090304374694815,3.989842653274536,3.581018686294556,3.126127481460572,4.768919944763184,3.3825478553771973,-0.0297924913465976,-0.020856287330389,0.0041308747604489,-0.0038638561964035,-0.0162296555936336,0.0152136292308568,0.0043365363962948,-0.0033373648766428,-0.004154244903475,0.0035074113402515,0.01095727737993,0.0406223908066749,0.0548472739756107,4.087700366973877,1.0345534086227417,1.7640725374221802,0.9179657101631165,1.1102036237716677,0.6737968921661377,0.600766658782959,0.5920848250389099,0.7328587770462036,0.5967079401016235,0.5098446011543274,0.61574387550354,0.5494504570960999,0.7233010530471802,-0.1141351610422134,-0.2627209424972534,-0.1117042824625969,0.1258553564548492,0.0312259625643491,0.0487900413572788,0.0583958402276039,-0.0480809621512889,-0.0144612658768892,0.0230933427810668,0.0078532081097364,0.0364270620048046,2.854965925216675,0.7883163094520569,1.129780650138855,0.643106997013092,0.6993669867515564,0.5127083659172058,0.4532459378242492,0.5213020443916321,0.4413624405860901,0.3930552899837494,0.4246662557125091,0.4717323184013366,0.4592092335224151,0.0071503021024187,0.0041973214363425,0.0275346291993555,0.0147532924557559,25.11120586300208,1,Hyperfunktionelle Dysphonie,1906,u_n
-343.3886413574219,150.09262084960938,81.48021697998047,48.14928436279297,-25.528703689575195,-10.325437545776367,-40.49347305297852,-13.213547706604004,-13.941006660461426,-23.49259376525879,9.604761123657228,-13.287212371826172,-1.9233959913253784,16.05689811706543,5.709752559661865,7.296016693115234,4.002201557159424,4.471328258514404,3.465848445892334,3.6381869316101074,3.597376823425293,3.2443654537200928,4.189647674560547,3.558050632476806,2.921754837036133,3.646774053573608,0.2112889587879181,-0.0980625078082084,-0.1038789972662925,-0.0954179391264915,0.0085159912705421,-0.0744195058941841,0.0213212575763463,-0.0725988000631332,-0.0649706274271011,0.0012959636515006,-0.093509055674076,-0.0609716437757015,-0.0078657791018486,2.625542640686035,1.0169017314910889,1.0046406984329224,0.6291253566741943,0.7580249309539795,0.5862533450126648,0.6884701251983643,0.6280298829078674,0.5685213804244995,0.6323497891426086,0.5911678671836853,0.5510696172714233,0.6106473207473755,0.4256863296031952,0.0230307932943105,-0.1682973504066467,-0.0877707377076149,0.0916009023785591,0.0552833043038845,0.0988084897398948,0.0128922462463378,0.0326815918087959,0.0659950375556945,0.0017803483642637,0.0309544596821069,0.0381026417016983,1.7052302360534668,0.8072423934936523,0.9327611923217772,0.5484131574630737,0.477802574634552,0.4271481931209564,0.4799262285232544,0.486808568239212,0.4286760985851288,0.5157002210617065,0.3996895253658294,0.4458024799823761,0.3842091560363769,0.0089130255186724,0.0051114392102222,0.0350465603221174,0.0188030342418559,21.37752012680757,1,Hyperfunktionelle Dysphonie,1910,u_n
-299.4047546386719,160.82904052734375,43.10447692871094,37.1776008605957,-29.19123649597168,10.797432899475098,-23.226938247680664,-4.279133796691895,5.023707866668701,-5.146087646484375,-1.560383677482605,0.4224168062210083,-13.512532234191896,21.22069931030273,8.347555160522461,6.31279993057251,3.559474229812622,10.670087814331056,3.799306631088257,4.442603588104248,7.344580173492432,4.1863226890563965,4.637319564819336,5.3084564208984375,4.602886199951172,4.190351486206055,-0.2741374969482422,-0.314635157585144,-0.0026740706525743,0.0201025139540433,0.1985531896352768,-0.0302121583372354,0.1097521930932998,-0.1454246342182159,-0.0043239532969892,0.02931360155344,-0.1841689497232437,0.0869129821658134,0.0560131408274173,2.120929718017578,0.7474223375320435,0.9501344561576844,0.4867317676544189,1.1163763999938965,0.5905968546867371,0.7378600239753723,0.7166565656661987,0.8036644458770752,0.7128737568855286,0.5632108449935913,0.552169144153595,0.7187259793281555,0.4690430760383606,0.1341795921325683,0.0957501530647277,0.0275637861341238,0.1265095323324203,-0.0858509317040443,0.0269084945321083,0.0122189726680517,-0.0497185997664928,0.0510610416531562,-0.051724936813116,-0.1100056990981102,0.0280562434345483,1.9943007230758667,0.7472221851348877,0.7551349401473999,0.372368186712265,0.5379698872566223,0.5712801218032837,0.4101111888885498,0.3702691197395324,0.5906779766082764,0.4928958714008331,0.3678728938102722,0.4979637861251831,0.3414525091648102,0.0024918905226958,0.0013764176541386,0.021050357027009,0.0101215923070324,29.887199715864348,1,Hyperfunktionelle Dysphonie,1927,u_n
-326.66162109375,189.36070251464844,30.139039993286133,34.49127197265625,-25.84652328491211,-1.135278344154358,-6.994178771972656,3.7163589000701904,3.1334216594696045,-7.866281509399414,11.513161659240724,-5.987257480621338,-9.574443817138672,7.138108730316162,4.453579902648926,5.991642475128174,8.208620071411133,5.182573318481445,5.6319684982299805,3.529289484024048,2.9987871646881104,4.600643157958984,3.779367446899414,4.133773326873779,3.099177360534668,3.489049434661865,0.2735542058944702,-0.12748783826828,-0.1697243899106979,-0.2419898509979248,-0.0133055411279201,0.260967344045639,0.058568499982357,0.0533944889903068,0.1090689077973365,-0.0567075349390506,-0.0421978160738945,-0.0466724261641502,0.0472842864692211,0.974942982196808,0.714180588722229,0.864322304725647,0.8125183582305908,0.8270671963691711,0.7271634936332703,0.5540016889572144,0.423599511384964,0.5051295757293701,0.6590452790260315,0.6268731951713562,0.491043210029602,0.4906393587589264,0.0642247945070266,0.0428935922682285,0.120687335729599,0.0687917694449424,0.1424203217029571,0.0598664879798889,0.020286701619625,-0.020317068323493,-0.0151677336543798,-0.0172512773424386,-0.073254644870758,0.0026625208556652,0.0348216854035854,0.7835686206817627,0.5138543844223022,0.5820416212081909,0.6281705498695374,0.5629664659500122,0.5701891183853149,0.4217961132526397,0.4292971789836883,0.4515922963619232,0.531202495098114,0.4775643646717071,0.4360413551330566,0.469611793756485,0.004810213848682,0.0029110907076304,0.0362023605218001,0.0194275382029094,22.86144935311124,1,Hyperfunktionelle Dysphonie,1929,u_n
-387.1015319824219,199.79473876953125,104.5373764038086,75.94178771972656,23.838228225708008,10.032846450805664,-21.66615295410156,-13.373930931091309,1.718885898590088,-17.46565818786621,-10.701767921447754,-4.659441947937012,-2.7887840270996094,23.29656982421875,6.369879245758057,12.210407257080078,8.38102912902832,8.075483322143555,3.7807400226593018,6.697289943695068,4.286303043365479,4.585707664489746,4.026185512542725,5.096180438995361,4.736093044281006,3.9129042625427246,-0.4597484767436981,-0.0768748223781585,0.1315558850765228,0.1565507054328918,0.0556848086416721,0.0453642979264259,-0.0332395173609256,-0.0211896859109401,-0.0235690847039222,-0.0207054782658815,0.0628686621785163,-0.0503780879080295,-0.0829081460833549,4.067198753356934,0.8209342956542969,1.5876814126968384,0.9884403347969056,0.7770822048187256,0.5873078107833862,0.9365776777267456,0.6682400107383728,0.6772290468215942,0.6480862498283386,0.5357232689857483,0.532757043838501,0.5465670824050903,0.900149405002594,-0.1538929939270019,-0.2409756332635879,-0.1251025795936584,-0.0630531832575798,0.0035775857977569,0.0868737995624542,0.0265166126191616,-0.0177354998886585,0.0739556401968002,0.0486122220754623,0.0387132689356803,0.053591389209032,2.933554649353028,0.7189120054244995,0.9388840794563292,0.5450026392936707,0.4456783235073089,0.4403579831123352,0.6031934022903442,0.3687798380851745,0.5489908456802368,0.3778017461299896,0.4848755002021789,0.4259409308433532,0.4278261363506317,0.0027610413075606,0.0013382645293113,0.0170827692456987,0.0090346975468143,29.482970761805543,1,Hyperfunktionelle Dysphonie,1934,u_n
-363.8720397949219,171.28768920898438,66.58698272705078,49.07046127319336,-19.62982940673828,-11.92422866821289,-19.466726303100582,4.69127368927002,-3.375192880630493,-19.65256118774414,12.034972190856934,-4.980667591094971,-9.720001220703123,25.197126388549805,6.349689960479736,6.743237495422363,6.071255207061768,5.869627475738525,4.231409072875977,3.634126663208008,4.082589149475098,4.232594013214111,3.9092166423797607,4.309252738952637,3.195531845092773,5.198411464691162,-0.1905600428581237,0.0796568021178245,0.0524122342467308,0.0569461174309253,-0.0022775132674723,-0.011865266598761,-0.0193842574954032,-0.0018845204031094,0.0127504095435142,-0.0181585662066936,-0.0011213757097721,0.04991415143013,0.017163386568427,4.74028205871582,1.026279091835022,1.2047570943832395,0.979633331298828,0.8676486015319824,0.6562079787254333,0.4992350935935974,0.6918194890022278,0.5920848250389099,0.7317790985107422,0.7503882646560669,0.4879539906978607,0.6363320350646973,0.977751851081848,-0.1254555881023407,-0.1866501569747924,-0.1468366980552673,0.1016901507973671,0.0775588378310203,0.067693330347538,-0.0472348891198635,-0.0118073383346199,0.0341162793338298,-0.0991173535585403,0.0142098721116781,0.0392795279622077,3.5708343982696533,0.5949986577033997,0.844932496547699,0.7376781105995178,0.5151000618934631,0.4838690757751465,0.4685965776443481,0.398395299911499,0.4109883904457092,0.4491312801837921,0.5983032584190369,0.431709349155426,0.4442241191864013,0.0027027859675788,0.0016052160955819,0.0205582603604626,0.0105732646049564,29.11896050361536,1,Hyperfunktionelle Dysphonie,1944,u_n
-365.17291259765625,154.19723510742188,68.05496978759766,61.1851692199707,-6.009493350982666,-4.38635778427124,-10.007284164428713,-9.458718299865724,-11.458253860473633,-5.928928852081299,11.877640724182127,-12.87160301208496,-0.4737262725830078,32.75445556640625,6.882888317108154,8.012869834899902,8.796708106994629,6.502154350280762,5.882864475250244,4.22999382019043,3.252854585647583,3.438427686691284,4.744187831878662,4.419515132904053,3.613240957260132,2.846388578414917,-0.3492585122585296,-0.1018983125686645,0.0285739507526159,0.0222377702593803,0.0650044828653335,0.0320618115365505,0.0758697167038917,0.083734393119812,-0.0633221715688705,-0.0194247979670763,-0.0399113446474075,-0.0495077297091484,-0.0225666593760252,5.552942752838135,0.7549343109130859,1.4914562702178955,1.4214870929718018,1.0335290431976318,0.7954900860786438,0.6857343316078186,0.5624266266822815,0.5570003390312195,0.5047675967216492,0.7288264036178589,0.5563562512397766,0.4637991189956665,1.2902127504348757,-0.024170272052288,-0.2690325677394867,-0.2564082741737366,0.0896108150482177,0.0508550629019737,0.0442471094429492,0.0071935257874429,0.0200318861752748,-0.0263286475092172,-0.1024263873696327,0.1150706112384796,-0.0142423314973711,4.02655839920044,0.4443454146385193,0.9243000745773317,0.9090627431869508,0.6243325471878052,0.5238805413246155,0.4141460359096527,0.4134290218353271,0.3762057423591614,0.369339108467102,0.4503751993179321,0.5108354687690735,0.3731985986232757,0.0027751771451369,0.0015467178678168,0.022443054133374,0.010628517615199,30.479987095059712,1,Hyperfunktionelle Dysphonie,1952,u_n
-378.0599365234375,166.53945922851562,61.20883941650391,59.54025268554688,-25.22720527648925,-17.376882553100586,-6.013224124908447,-6.740034580230713,2.23321533203125,-5.366486072540283,-10.480914115905762,-2.715584516525269,-7.824798583984375,21.83401870727539,9.913333892822266,6.918878555297852,5.436126232147217,6.441335201263428,5.390629291534424,4.722354888916016,4.840404510498047,3.05858850479126,6.998271465301514,3.5585052967071533,4.340492248535156,3.087718725204468,-0.3402927815914154,0.3434593677520752,0.1969392746686935,-0.0013803883921355,-0.0035269600339233,-0.0105023989453911,0.0080925235524773,-0.0314240045845508,-0.0326777026057243,-0.0029220127034932,0.0447101853787899,-0.0175621062517166,0.0159529037773609,3.503405809402466,1.0928963422775269,1.2864317893981934,0.959442973136902,1.0548580884933472,0.8553334474563599,0.523016631603241,0.6054059863090515,0.4859206974506378,0.6586690545082092,0.6820939779281616,0.5055531859397888,0.5766658782958984,0.5524505972862244,0.1890147626399994,-0.1081458926200866,-0.1606708616018295,0.1480443477630615,0.1699937134981155,0.0545557104051113,0.0170697961002588,0.0197797790169715,0.0536989346146583,0.0545026175677776,-0.0233807489275932,0.0066227386705577,2.184291362762451,0.8194069266319275,0.5959948301315308,0.7468094229698181,0.6817758679389954,0.8316277861595154,0.4400408267974853,0.3756827712059021,0.3241970837116241,0.3800854086875915,0.3613268136978149,0.3805974423885345,0.4230027794837951,0.0019837228719895,0.0008354608093252,0.0092791693374094,0.0037357659221853,34.79287211941001,1,Hyperfunktionelle Dysphonie,1964,u_n
-356.5744934082031,156.18606567382812,69.28807067871094,38.30324172973633,-34.16314697265625,0.6968647837638855,-15.34190273284912,-5.824347496032715,-3.999880790710449,-4.232271671295166,4.343928337097168,-12.377020835876465,0.852984607219696,37.89591598510742,5.452354431152344,12.755367279052734,8.081365585327148,9.01749324798584,8.38917064666748,4.974271774291992,6.546497344970703,6.537942409515381,6.238731861114502,4.765239238739014,5.048316955566406,5.413913249969482,-0.7619665861129761,-0.0401045121252536,0.095477171242237,0.0724981501698494,-0.0539043545722961,-0.0397871546447277,0.0438726283609867,0.0063302698545157,-0.0041269045323133,0.0406235791742801,0.0139512550085783,-0.0137112233787775,0.0046159410849213,3.354524850845337,0.8281053900718689,1.055883765220642,1.0677013397216797,1.4918842315673828,1.1671931743621826,0.6998454332351685,1.0504207611083984,0.8750620484352112,0.637800395488739,0.876337468624115,0.65986168384552,0.6465939879417419,0.4393141567707062,-0.006139731965959,-0.1117594763636589,-0.0405328385531902,0.1604515314102172,-0.0343687012791633,0.0681435540318489,-0.0102529805153608,-0.0015504730399698,0.0340467914938926,-0.0440098419785499,0.0069140815176069,0.0039443667046725,2.087636947631836,0.7007928490638733,0.7585852146148682,0.6003492474555969,0.9441409111022948,0.7763546705245972,0.5802968740463257,0.5765526294708252,0.555491030216217,0.480342149734497,0.5826509594917297,0.5110363960266113,0.3901578187942505,0.0036075330012874,0.0017891282779631,0.0224060760089995,0.0103033225167417,28.58999150007906,1,Hyperfunktionelle Dysphonie,1976,u_n
-338.3480224609375,175.90286254882812,70.5469741821289,77.5711669921875,-0.0071306927129626,6.476191997528076,-33.392547607421875,-9.95653247833252,4.250236511230469,-9.918659210205078,3.676385164260864,1.268897533416748,-0.8587996959686279,21.30859375,10.773197174072266,5.663020133972168,8.471835136413574,12.209084510803224,3.621783018112183,12.504508018493652,4.396109104156494,3.6275477409362793,4.037073612213135,4.355883121490479,3.411303758621216,5.380949020385742,-0.4005042314529419,0.2171202898025512,0.1571585088968277,0.0577288679778575,-0.0066145346499979,-0.0264417137950658,-0.2374793440103531,-0.0453736446797847,0.0106144500896334,-0.0232727229595184,0.0930532962083816,0.0188934039324522,0.0831692740321159,2.883064746856689,1.4159491062164309,0.9699867963790894,0.9918238520622252,1.041172742843628,0.6122580766677856,0.9779788255691528,0.5935309529304504,0.6612735390663147,0.6463454961776733,0.5979702472686768,0.6494715213775635,0.7056397199630737,0.555404543876648,-0.0437448360025882,-0.1567841619253158,-0.2161674946546554,0.059830117970705,0.0053826137445867,0.1241314560174942,0.0100854029878973,-0.0328965708613395,-0.0104576665908098,-0.0206275600939989,0.014169156551361,0.0363747365772724,2.333996057510376,0.4281581044197082,0.7962941527366638,1.1048340797424316,0.4476094245910644,0.4155410528182983,0.6658573746681213,0.4125027656555176,0.4382018148899078,0.4282544553279876,0.4361811876296997,0.3907866179943084,0.4788383245468139,0.0023232733657189,0.0010893835264418,0.0156858238183818,0.0086307398565973,28.54102042030618,1,Hyperfunktionelle Dysphonie,1978,u_n
-321.0599670410156,161.6778106689453,64.75675964355469,61.857330322265625,-14.22447109222412,14.369149208068848,-33.072139739990234,-19.02409744262696,2.15346360206604,-3.927417516708374,6.774109840393066,-6.992193222045898,-9.711782455444336,17.200571060180664,5.783055305480957,4.142547607421875,6.687226295471191,5.057966709136963,3.507879734039306,6.491502285003662,5.446393013000488,4.535185813903809,4.6922783851623535,3.675595998764038,3.96616792678833,4.065861225128174,-0.1340244263410568,-0.0327816605567932,0.0227417256683111,0.0606278665363788,0.0059204073622822,-0.0359291806817054,-0.0950868874788284,-0.0941781252622604,-0.0035265195183455,0.0434759408235549,0.0035439117345958,-0.0330604910850524,0.0057080355472862,2.8558506965637207,0.6525157690048218,0.695669412612915,0.9038538932800292,0.8846724629402161,0.5255922675132751,0.7728378772735596,0.5686646699905396,0.5460251569747925,0.5406494736671448,0.6517376899719238,0.5555977821350098,0.5898425579071045,0.4817807376384735,-0.0445118658244609,-0.0969389453530311,-0.1099747791886329,0.1120310574769973,-0.0540554523468017,0.0680924877524375,0.02759282104671,-0.0528987497091293,-0.0281248707324266,-0.076678566634655,-0.0032951789908111,0.0431845821440219,1.914052128791809,0.5072156190872192,0.4950327277183532,0.6626629829406738,0.614250123500824,0.4664713144302368,0.5373176336288452,0.4059134721755981,0.4639418721199035,0.3698583841323852,0.5158224105834961,0.4218845665454864,0.4844013452529907,0.0019249896268069,0.0010546930975186,0.0255235229604543,0.0119874888691625,27.87067710316877,1,Hyperfunktionelle Dysphonie,1982,u_n
-386.221435546875,163.19766235351562,69.11658477783203,60.66083908081055,-3.102104663848877,-21.18173217773437,-15.953907012939451,-11.23020839691162,-7.335385799407959,-6.822179794311523,-2.849003553390503,-0.5626852512359619,6.9365949630737305,23.78220558166504,7.476330757141113,6.546618461608887,7.840609073638916,5.6293253898620605,5.941244125366211,4.055938720703125,3.92216682434082,3.5879509449005127,4.6027374267578125,2.8017702102661133,3.878098487854004,3.99139928817749,-0.6042888760566711,0.2577694654464721,0.0704376623034477,-0.0594201050698757,-0.0867107957601547,-0.0520704314112663,0.0373645275831222,0.0386468283832073,0.070329338312149,0.0767092704772949,0.0361843556165695,-0.0215573068708181,-0.0089750308543443,3.651698350906372,1.161576509475708,1.2034201622009275,1.1922128200531006,0.7223694324493408,1.0924159288406372,0.682607889175415,0.604964017868042,0.5727370977401733,0.638841986656189,0.4209720194339752,0.6725277304649353,0.7110103964805603,0.7857736945152283,0.1310306638479232,-0.1916057914495468,-0.2230051308870315,0.0776910558342933,0.1305817365646362,0.0760841593146324,0.0135493092238903,-0.0080215213820338,0.0232808645814657,0.0189645923674106,0.012452058494091,-0.0142694097012281,2.8704845905303955,1.005991816520691,0.7655515074729919,0.8443132638931274,0.4826971590518951,0.6915437579154968,0.4764955043792724,0.4189480245113373,0.4274974763393402,0.5046954154968262,0.3346293270587921,0.4767747521400451,0.5235154032707214,0.0042452299356277,0.0025153025668403,0.0323289426963949,0.0185923797559386,29.15898766928225,1,Hyperfunktionelle Dysphonie,1983,u_n
-342.7342529296875,190.32534790039065,48.84557723999024,52.15399169921875,4.544881820678711,-36.28635787963867,-31.66827774047852,-5.966216087341309,6.360935688018799,-25.579044342041016,-15.243743896484377,6.903677940368652,-20.323387145996094,21.3911075592041,7.008456230163574,5.034877777099609,5.257210731506348,4.639472961425781,6.475307464599609,4.820714950561523,2.9560530185699463,2.913339853286743,3.852259635925293,4.501903057098389,4.527217864990234,3.4085707664489746,-0.4392660856246948,0.2110027968883514,0.0831876769661903,0.0543106123805046,0.0211867671459913,-0.0692638456821441,-0.0766522213816642,-0.0120590198785066,0.0135016031563282,-0.0405945517122745,-0.0458429716527462,-0.0179493408650159,-0.0508811548352241,3.7194297313690186,1.279051423072815,0.6164782643318176,0.9490433931350708,0.7193902730941772,1.0512250661849976,0.796828031539917,0.4615473449230194,0.4893857538700104,0.5422461628913879,0.4377508163452148,0.5165939927101135,0.5498660802841187,0.5824095010757446,-0.0601486340165138,-0.0180556923151016,-0.0731017366051673,0.0280094426125288,0.1568057984113693,0.0983646064996719,0.0084466850385069,-0.010145716369152,0.0732200592756271,0.0138316564261913,-0.0605948194861412,0.037455927580595,2.636206865310669,0.9453445076942444,0.3838876187801361,0.5039221048355103,0.5352275967597961,0.8168477416038513,0.592632532119751,0.3398906886577606,0.2710096836090088,0.4195090234279632,0.2524178028106689,0.4486069083213806,0.3103141188621521,0.0064855350515521,0.004098041856835,0.0140489162367225,0.0080924617327537,28.94626034116688,1,Hyperfunktionelle Dysphonie,1988,u_n
-307.5396423339844,158.27272033691406,48.82015609741211,52.18901443481445,-16.14748191833496,9.759798049926758,-9.47692584991455,-15.96854019165039,10.350008964538574,-15.474188804626465,-7.681208610534668,8.86450481414795,-7.649571895599365,13.061391830444336,9.321083068847656,4.558938026428223,4.906365394592285,5.562534332275391,3.886743068695069,3.2562005519866943,3.675252914428711,3.723002195358277,3.7272682189941406,3.923137187957764,3.888829469680786,4.586163520812988,0.171344980597496,-0.2084010988473892,-0.1085368171334266,-0.0827589780092239,-0.0351934991776943,0.0227098315954208,0.0220373403280973,0.0428353324532508,-0.0139232017099857,0.0538300648331642,0.0023669253569096,-0.089900441467762,0.0250202342867851,1.7420241832733154,0.8298826217651367,0.9789727330207824,0.8878722190856934,0.7380808591842651,0.6914635300636292,0.571316659450531,0.6335696578025818,0.7121874690055847,0.7001356482505798,0.5985354781150818,0.5866644978523254,0.5319732427597046,0.2397602945566177,0.1156352013349533,0.0197677947580814,-0.0570233650505542,0.056860152631998,0.0120373694226145,0.0194808356463909,0.0327890329062938,-0.0055473106913268,0.0258820727467536,0.01121964212507,-0.0210336316376924,-0.0104653248563408,1.307959794998169,0.699650764465332,0.514227569103241,0.5800933241844177,0.5114229917526245,0.5426982641220093,0.3953559398651123,0.4687865674495697,0.4941690564155578,0.4655977785587311,0.4372008442878723,0.4568348228931427,0.475473016500473,0.0101968987911351,0.0066790381636834,0.0392620345329387,0.0211141084086918,24.30101017716343,1,Hyperfunktionelle Dysphonie,1989,u_n
-399.0721435546875,186.3638458251953,89.26913452148438,50.86980438232422,-8.040678977966309,-30.56123733520508,-23.6268253326416,-19.28422737121582,0.1668326258659362,3.3314855098724365,-11.106806755065918,-5.56389856338501,-5.588010311126709,36.2191162109375,22.038986206054688,12.836481094360352,6.436386585235596,4.039005279541016,8.346561431884766,9.104037284851074,6.229452133178711,5.59034538269043,4.524894237518311,4.197434425354004,4.785550117492676,3.93205499649048,-0.6964433789253235,-0.0080273654311895,0.1034386828541755,0.0401885248720645,0.0139094442129135,0.0378296673297882,0.0021480701398104,-0.0356426425278186,0.010317675769329,0.0274013206362724,-0.0301640890538692,-0.0172455813735723,0.0046353694051504,3.770426988601685,1.9860938787460327,1.549638748168945,1.063220500946045,0.7474754452705383,0.994447648525238,1.0100226402282717,0.7564583420753479,0.7545307874679565,0.6052640080451965,0.6875033378601074,0.5943353176116943,0.6721897125244141,0.4957291483879089,-0.1344189345836639,-0.1653197109699249,-0.0792741253972053,0.0553498566150665,0.1355392336845398,0.0551997944712638,0.036613930016756,-0.0084151439368724,-0.0169642958790063,0.0391223542392253,0.0207759868353605,-0.002836096799001,2.473295927047729,1.419869065284729,1.1614067554473877,0.5930142402648926,0.522925615310669,0.7236806750297546,0.6019606590270996,0.4805043637752533,0.4869082272052765,0.4351198375225067,0.4298566579818725,0.4305742979049682,0.4029717147350311,0.0241312087807861,0.0134078771647807,0.1159142515706559,0.0585358099739538,18.07864382370574,1,Hyperfunktionelle Dysphonie,1990,u_n
-383.6799621582031,167.08522033691406,62.80854797363281,50.97109222412109,0.9145985245704652,-12.442421913146973,-2.185858726501465,-3.092592239379883,-23.018817901611328,-16.667762756347656,-6.852324962615967,-11.276591300964355,-13.050603866577148,20.64104080200196,6.224782943725586,4.939724922180176,7.214141368865967,5.890647888183594,4.717885494232178,4.035686016082764,3.263768434524536,4.2650885581970215,3.762559175491333,3.8198225498199454,3.168290853500366,3.5654656887054443,0.03556839376688,-0.0410134643316268,0.0419232472777366,-0.0135733261704444,-0.0461455471813678,-0.018465457484126,-0.0300607625395059,0.0161402001976966,0.019669035449624,-0.0239354893565177,-0.0221911650151014,-0.0506892129778862,-0.0543527491390705,2.150456666946411,0.8737820386886597,0.7721412777900696,0.7417728900909424,0.7447656989097595,0.6554861664772034,0.605289101600647,0.5118860006332397,0.6635569930076599,0.5916692018508911,0.696108877658844,0.5726988911628723,0.5691654682159424,0.3066852390766144,0.128255695104599,-0.050386119633913,-0.0833299905061721,0.025900823995471,0.0670150369405746,0.0198904350399971,0.0120497997850179,0.0596527829766273,0.0546299554407596,0.0315462984144687,0.0188347492367029,0.0184382945299148,1.4649590253829956,0.6551374197006226,0.629594087600708,0.6260858774185181,0.573927104473114,0.5359923243522644,0.4881649017333984,0.422740638256073,0.48506960272789,0.5096960067749023,0.5366805791854858,0.4212704300880432,0.4660404920578003,0.0061658818331105,0.0038172352258247,0.0273779985597633,0.0154266181793229,28.314274315320844,1,Hyperfunktionelle Dysphonie,1993,u_n
-349.6086120605469,181.9923553466797,75.13558197021484,56.61628723144531,-5.854783535003662,5.313981533050537,-17.94877815246582,-11.867488861083984,-0.9656440615653992,-14.604475021362305,-3.0402586460113525,-5.491951942443848,5.275441646575928,20.8004093170166,5.817133903503418,9.213428497314451,8.93241024017334,6.9973626136779785,4.885092735290527,6.392625331878662,4.170539379119873,3.7695116996765137,4.851077079772949,4.553756237030029,3.3173344135284424,3.4202349185943604,0.3693179488182068,-0.1083279997110366,0.199584811925888,0.3214529752731323,0.0244542472064495,-0.1674770712852478,-0.1575547754764557,-0.0915017873048782,-0.0146028501912951,0.0341965667903423,-0.0558737181127071,-0.0398402772843837,0.0441403687000274,2.371014356613159,0.9563817381858826,1.581364631652832,1.0336743593215942,1.0832659006118774,0.7518423199653625,1.181971549987793,0.7799859642982483,0.6985417604446411,0.8671582341194153,0.6761748194694519,0.5743138790130615,0.5316023826599121,0.0351612903177738,0.0376897118985652,0.0652898773550987,0.1159242838621139,0.0456159748136997,0.0059129581786692,0.0029123937711119,0.0442241840064525,-0.0478527285158634,-0.052589263767004,0.0969870463013649,0.0341442972421646,-0.0546216666698455,1.2432851791381836,0.7983483672142029,0.9423898458480836,0.7873963117599487,0.5747978687286377,0.5767039656639099,0.6298731565475464,0.4797813296318054,0.4771632254123688,0.4982631206512451,0.5482161045074463,0.4125323593616485,0.3995899856090545,0.0073289279362676,0.0044540456371241,0.0398498259096595,0.0200839006041653,22.853379989158675,1,Hyperfunktionelle Dysphonie,2012,u_n
-370.3433227539063,189.30355834960932,49.165977478027344,56.94490814208984,29.42927360534668,-1.6163851022720337,-9.65558910369873,3.114128589630127,3.128840446472168,-17.190622329711914,-3.420540571212769,-0.7214182019233704,-8.468062400817871,11.034969329833984,5.777732372283936,5.259559631347656,5.453158378601074,4.186326503753662,5.1685662269592285,4.650430202484131,5.4888200759887695,3.9971961975097656,4.895586490631104,4.189255237579346,6.266967296600342,3.136376142501831,-0.0014925230061635,-0.0204017460346221,-0.0656114146113395,0.0338641554117202,0.0448054522275924,-0.0197284948080778,-0.0489719323813915,-0.0342242643237113,-0.0728074982762336,-0.0940965190529823,0.0435762926936149,0.0990514233708381,-0.0118952253833413,1.6124873161315918,0.7261496782302856,0.6906862258911133,0.6953480243682861,0.7768131494522095,0.7153455018997192,0.7803211808204651,0.9359680414199828,0.7287141680717468,0.6525610685348511,0.5426780581474304,0.6472572684288025,0.5147443413734436,0.3368577659130096,-0.0251516252756118,0.0199736133217811,0.006142945960164,0.0350335948169231,0.0754607617855072,0.0292884092777967,-0.0102464109659194,0.0228112302720546,0.072438970208168,0.0042065316811203,-0.0151297897100448,0.0040904823690652,1.2607394456863403,0.5624961256980896,0.3811724483966827,0.5067616701126099,0.6411585807800293,0.5708819627761841,0.583037793636322,0.6965516209602356,0.5216782093048096,0.5133740901947021,0.4478048086166382,0.4647075235843658,0.3745914995670318,0.0038475019375881,0.0022230890387657,0.0187756912410505,0.009158618294502,27.70317942960644,1,Hyperfunktionelle Dysphonie,2034,u_n
-341.23663330078125,181.9146423339844,55.03211212158203,26.45890998840332,-4.771061420440674,-4.578553676605225,0.1934538334608078,-6.80483341217041,-4.858641624450684,-3.259438753128052,0.7314774990081787,-1.5267890691757202,-0.2793187499046325,17.287487030029297,5.073802947998047,4.219513416290283,4.735395908355713,4.219404220581055,4.843238830566406,4.722504138946533,3.425893068313598,3.352467536926269,3.919645309448242,3.798757314682007,3.24766492843628,3.855301141738892,-0.1932662427425384,0.0455837845802307,0.0156661067157983,-0.0251143667846918,-0.0381607748568058,0.0139811001718044,0.0001592030603205,-0.0029577994719147,0.0435130521655082,0.0190782137215137,0.0141046335920691,0.0121217872947454,0.030681213364005,2.373373508453369,0.8695719242095947,0.6818564534187317,0.6002428531646729,0.660493791103363,0.6039356589317322,0.6114343404769897,0.5792698264122009,0.5885451436042786,0.5697779059410095,0.6746847033500671,0.4757046401500702,0.5724263787269592,0.3821947276592254,-0.0884067565202713,-0.0736500471830368,0.0011147679761052,0.0406603701412677,0.0499983504414558,0.0106398621574044,-0.0050045805983245,-0.0162896476686,0.0089655071496963,-0.0125454207882285,-0.0210729353129863,-0.0312973596155643,1.8620812892913816,0.5744903087615967,0.5857665538787842,0.4504285752773285,0.4300348162651062,0.4696494340896606,0.3903582096099853,0.4168541431427002,0.3908724784851074,0.4466888606548309,0.4624570608139038,0.3913596570491791,0.436509758234024,0.0033001951092916,0.0019472972974154,0.0435419302041446,0.022213117423409,23.445838535211664,1,Hyperfunktionelle Dysphonie,2062,u_n
-331.8097839355469,141.466796875,55.721981048583984,44.91327667236328,-26.653751373291016,-14.748373985290527,-13.165657043457031,-10.014508247375488,-7.663646697998047,-17.618925094604492,3.845349788665772,-9.431739807128906,-13.735130310058594,18.27899169921875,7.262392997741699,8.029172897338867,9.512935638427734,6.9235029220581055,5.087974548339844,5.456884860992432,3.201491355895996,3.036989688873291,3.865169763565064,3.479318380355835,3.380582332611084,3.474334716796875,0.0883009880781173,-0.043385449796915,0.0235017128288745,0.0195557381957769,-0.1155259236693382,-0.0604073703289032,-0.0796406716108322,0.0457754507660865,0.100873164832592,0.1157650575041771,0.077608399093151,0.056437000632286,0.0412607565522193,3.46166467666626,1.2056801319122314,0.8086934685707092,0.8972947001457214,1.2096757888793943,0.727594256401062,0.5040848255157471,0.5974708199501038,0.6205811500549316,0.6020276546478271,0.5747820734977722,0.5727609395980835,0.5135661363601685,0.8553287982940674,0.240023523569107,-0.1448086500167846,-0.1188791915774345,0.2016929984092712,0.1065827310085296,0.0555136129260063,0.0661600679159164,0.032096441835165,0.0660693421959877,-0.023012327030301,0.0152329420670866,0.0235760323703289,2.88098692893982,0.8688957095146179,0.6826698780059814,0.7585762739181519,0.7354391813278198,0.6109001040458679,0.537352979183197,0.4914905726909637,0.3830785751342773,0.420959323644638,0.4037643373012543,0.3691634237766266,0.4123059511184692,0.0012841727175917,0.0006503166853429,0.0104276143222743,0.0053549946035577,35.71516310729198,1,Hyperfunktionelle Dysphonie,2067,u_n
-411.11370849609375,145.67372131347656,43.7711067199707,50.0716438293457,-15.806386947631836,-13.349039077758787,-9.631016731262209,-17.355697631835938,5.481533527374268,2.0349154472351074,-21.64041328430176,-2.2775144577026367,5.155151844024658,25.85611343383789,6.068948268890381,6.649221897125244,5.454960346221924,4.720454216003418,4.691640853881836,4.000430583953857,3.77666449546814,3.612205266952514,3.889522075653076,4.408331871032715,2.976811170578003,3.277951240539551,-0.352533608675003,0.0105189392343163,0.0737586021423339,0.0324008576571941,-0.0326487533748149,-0.0156525708734989,-0.0137837613001465,-0.032361626625061,-0.027628032490611,-0.006334657780826,-0.0163713749498128,-0.0215692594647407,-0.0060545885935425,4.29526948928833,0.8385801911354065,0.701682448387146,0.7891101837158203,0.9291488528251648,0.8592934608459473,0.6154773831367493,0.6882182359695435,0.5446463227272034,0.6915187239646912,0.7683183550834656,0.477280855178833,0.5642150044441223,0.7812632918357849,-0.0142372231930494,-0.0616287514567375,-0.125360295176506,0.0996313616633415,0.1052138730883598,0.0394945740699768,0.0463838800787925,-0.0188300311565399,-0.0007573262555524,0.1065518409013748,0.0147878229618072,-0.0266369152814149,2.9919800758361816,0.5258970260620117,0.4116948246955871,0.6484442353248596,0.6556541323661804,0.6185964941978455,0.5198093056678772,0.4176790714263916,0.4553063809871673,0.4690505862236023,0.5683985948562622,0.3869986832141876,0.3849176466464996,0.0017721816904322,0.0010180607275762,0.008487498721818,0.0041373580499759,34.29143073121625,1,Hyperfunktionelle Dysphonie,2071,u_n
-349.9078063964844,155.16770935058594,72.07229614257812,59.94401931762695,5.46156120300293,-3.227139711380005,-4.78455114364624,-4.966893196105957,2.844062566757202,-0.2215895056724548,-3.799138069152832,-0.8247211575508118,1.286381483078003,21.21700668334961,5.310427188873291,6.909733772277832,5.937713146209717,4.912619113922119,4.586032867431641,3.560764789581299,4.49472188949585,3.7441494464874254,2.88424038887024,3.015576362609864,3.3496410846710205,4.102385997772217,0.4856363236904144,-0.1153736636042594,-0.1845812201499939,-0.2278133034706115,-0.0137951774522662,0.0249019153416156,0.0036129911895841,-0.0019630878232419,-0.0362700372934341,-0.0255439355969429,-0.0335640646517276,-0.009131439961493,0.0177925564348697,3.39819598197937,0.776077389717102,1.341503024101257,1.1009371280670166,0.9443808794021606,0.8262008428573608,0.6261157989501953,0.769618809223175,0.6523302793502808,0.4562579989433288,0.5402228236198425,0.6182505488395691,0.6239473223686218,0.6093825101852417,-0.0021645079832524,-0.1693630814552307,-0.09918162971735,0.0461611486971378,0.113805204629898,0.0662474036216735,0.0112451435998082,0.0324891582131385,0.0082368850708007,-0.0500876083970069,-0.0407861992716789,-0.0884757712483406,2.4140963554382324,0.5158951878547668,0.720421314239502,0.502695620059967,0.5152104496955872,0.7292836308479309,0.4444234669208526,0.5247286558151245,0.4373452067375183,0.3487344086170196,0.4910593926906585,0.448647677898407,0.5676558613777161,0.004020111640272,0.0023568246116525,0.0248858292615811,0.0125749330633334,26.13660750519037,1,Hyperfunktionelle Dysphonie,2077,u_n
-391.8591003417969,142.12396240234375,59.11829376220703,54.53953170776367,0.5520998239517212,-26.74139404296875,-17.83868408203125,0.4890718460083008,-12.941930770874023,-18.35117721557617,2.4404561519622803,-6.371092319488525,-6.432285308837891,28.32167053222656,5.815525531768799,6.976105690002441,5.705004692077637,4.8387131690979,6.371063232421875,3.2792677879333496,7.156560897827148,3.999534368515015,4.285878658294678,2.9662632942199707,3.408936023712158,4.596860885620117,-0.7552459836006165,0.112846091389656,0.220574215054512,0.0820535793900489,0.100399300456047,0.004660720936954,-0.0629087388515472,-0.0933774262666702,-0.0758148655295372,-0.0326488614082336,-0.0067071090452373,0.0422657392919063,0.0746394395828247,4.811995506286621,1.0591473579406738,1.156782627105713,0.9386806488037108,0.7739540934562683,0.9683638215065002,0.5828409790992737,0.7063001990318298,0.6373047828674316,0.706457257270813,0.5413399338722229,0.6041675806045532,0.7300006151199341,0.8879656791687012,0.074375182390213,-0.0964346006512641,-0.103368692100048,0.0822672173380851,0.1458635181188583,0.0285563915967941,-0.0468394644558429,0.0384766794741153,0.0639505684375763,0.0032569589093327,0.0773079320788383,0.013461478985846,3.3003573417663574,0.6776286959648132,0.7387825846672058,0.8754098415374756,0.5137014985084534,0.7456967830657959,0.4124194085597992,0.4676758944988251,0.4737555086612701,0.4094824194908142,0.3826254904270172,0.5083630084991455,0.3907451331615448,0.0012306180577229,0.0006977830663196,0.0058023191825671,0.0027887946370221,39.08062630757043,1,Hyperfunktionelle Dysphonie,2080,u_n
-407.7828369140625,174.90863037109375,91.69786071777344,51.10515975952149,18.257308959960938,6.149440288543701,-8.882296562194824,-15.217873573303224,-1.7829015254974363,7.980466365814209,4.785327434539795,-1.7923258543014526,-0.0398430153727531,23.80636215209961,7.757531642913818,9.870420455932615,7.290918827056885,3.128033399581909,3.756580829620361,3.8135087490081774,3.883313655853272,3.603972434997559,3.1903340816497803,3.401812791824341,2.80584979057312,2.9559569358825684,-0.2356641590595245,-0.0250264182686805,0.0427405796945095,0.0863783285021781,0.0337973572313785,-0.0069426489062607,-0.0424636900424957,0.030233047902584,-0.0051268273964524,-0.0529173389077186,0.0127632180228829,0.0256926212459802,-0.001573457266204,4.345878601074219,1.1957157850265503,1.842458844184876,1.2217223644256592,0.594933271408081,0.7530412077903748,0.6524644494056702,0.7509648203849792,0.6699849367141724,0.549791693687439,0.6091951727867126,0.4792909622192383,0.4379381239414215,1.0673307180404663,-0.1679071187973022,-0.4284816384315491,-0.0914224684238433,-0.0131884925067424,0.0144319050014019,0.1104878112673759,0.1409898400306701,0.0034808495547622,-0.0695477128028869,-0.0310611743479967,-0.0009948655497282,0.0060455608181655,3.3259401321411133,0.8922256827354431,1.4053059816360474,0.8366400599479675,0.4279437661170959,0.508111834526062,0.5469388365745544,0.5424802303314209,0.4424386322498321,0.4106090664863586,0.4541785418987274,0.3101113438606262,0.2712989151477813,0.0021840171876632,0.0010455488684994,0.0148601491343441,0.0068103215301906,32.107336384295486,1,Hyperfunktionelle Dysphonie,2081,u_n
-341.7139892578125,165.77645874023438,59.553741455078125,47.08740234375,-33.269832611083984,4.274552345275879,-21.448776245117188,-11.38885498046875,-5.364633083343506,-4.8575215339660645,5.740311622619629,-16.748279571533203,5.096673965454102,24.84502220153809,5.997533321380615,11.344855308532717,7.571939945220947,8.125068664550781,4.751758575439453,4.742564678192139,4.730216026306152,3.208814859390259,3.01869535446167,4.078047275543213,3.5919971466064453,3.5179901123046875,0.1181790083646774,-0.3632047772407532,0.019908869639039,-0.0498982705175876,-0.1010480895638465,0.0007631418411619,-0.0184723436832427,-0.0296013727784156,-0.0438685342669487,-0.0987737998366355,-0.0128420051187276,0.0063299513421952,-8.648308721603826e-05,3.942806243896485,1.1826720237731934,1.260535717010498,0.972825527191162,1.4210243225097656,0.6030856370925903,0.6247197389602661,0.6923367977142334,0.5493361353874207,0.5693619251251221,0.5677933096885681,0.7742533087730408,0.587974488735199,0.8510473966598511,0.0217210333794355,-0.2155544906854629,-0.1798019409179687,0.3053198456764221,-0.0260009188205003,0.1155267506837844,0.0375505723059177,0.014735747128725,0.0181214231997728,-0.1296264976263046,0.0828076153993606,-0.0619984976947307,2.967832565307617,0.4896389842033386,1.0507075786590576,0.8061676025390625,1.1824395656585691,0.5291711091995239,0.5766641497612,0.5194578766822815,0.4278034567832947,0.4009754955768585,0.6481391787528992,0.4752615094184875,0.4018940925598144,0.0049666689606669,0.0030302651161737,0.0228952782043809,0.0132997981282114,26.70815834729741,1,Hyperfunktionelle Dysphonie,2090,u_n
-416.2063598632813,139.19361877441406,85.64136505126953,55.92300033569336,-2.946669578552246,-14.909733772277832,-13.317845344543455,-22.51119041442871,-10.973774909973145,-1.7745113372802734,-11.873892784118652,-9.171195030212402,-3.5855557918548584,18.021778106689453,10.028356552124023,7.065850257873535,5.69460916519165,5.0695390701293945,5.247073650360107,4.571935653686523,3.99780011177063,3.949027538299561,2.65194034576416,3.1590735912323,3.354111433029175,3.4372365474700928,-0.0755209252238273,-0.0936910286545753,0.0576243586838245,0.0794862881302833,0.0472982339560985,0.0370972342789173,-0.0578749254345893,-0.1017560586333274,-0.0887746289372444,-0.049113530665636,0.0263961683958768,0.0192369632422924,-0.0075312783010303,3.2260210514068604,1.907068490982056,1.2981849908828735,1.0160833597183228,0.968135416507721,0.9743694067001344,0.7908532023429871,0.7060862183570862,0.4625003933906555,0.3831172585487366,0.5591495633125305,0.6143743991851807,0.5891435146331787,0.5863679051399231,0.3757940530776977,-0.0855067670345306,-0.0851414650678634,0.0905577838420867,0.1377137005329132,0.0637732297182083,0.0693038627505302,0.025281898677349,-0.0083987265825271,0.0515655279159545,0.0505387261509895,0.0220153722912073,2.2834506034851074,1.3413329124450684,0.9186034798622132,0.6684640049934387,0.5345126390457153,0.7555274367332458,0.5307859778404236,0.4584079384803772,0.3717509508132934,0.3352043628692627,0.4334547817707062,0.4225008189678192,0.3595089316368103,0.0021816536193045,0.001211033571549,0.0145987239511705,0.0086440265104662,36.311849359924544,1,Hyperfunktionelle Dysphonie,2102,u_n
-389.7251892089844,164.02882385253906,93.46033477783205,61.35725021362305,-0.0271385237574577,-5.331611156463623,-20.942607879638672,-23.83492088317871,-0.3468871712684631,-12.730212211608888,-1.5299723148345947,4.427043914794922,-8.18017292022705,40.51305389404297,7.221271514892578,15.744704246520996,8.568459510803223,3.735408306121826,6.871121406555176,8.54111385345459,5.518300533294678,4.712357997894287,3.634988784790039,3.3687291145324707,4.386404991149902,2.607138395309448,-1.593281626701355,0.435217022895813,0.5781428813934326,0.4350474774837494,-0.0970133692026138,-0.2900514304637909,-0.5194252133369446,-0.3474979698657989,-0.0675236657261848,-0.0795771405100822,0.1175576075911521,-0.0163597576320171,-0.1407029926776886,7.718329429626465,0.9700504541397096,2.6018636226654053,1.2955254316329956,0.7122679352760315,0.7338780164718628,0.70890873670578,0.8846083879470825,0.6803781390190125,0.5739197731018066,0.4980349838733673,0.6500353813171387,0.4895732402801513,2.364979982376098,-0.2459909170866012,-0.9153017401695251,-0.4776601195335388,0.1654610186815261,0.0179250072687864,0.14512400329113,0.237028956413269,-0.0156773049384355,0.1279392391443252,-0.1295704096555709,-0.1695398986339569,-0.0211174115538597,5.11960506439209,0.7779000997543335,1.986199259757996,1.084473967552185,0.5213828682899475,0.448332130908966,0.4905901253223419,0.5134786367416382,0.4548924565315246,0.464792937040329,0.3933605253696441,0.6065973043441772,0.3330969214439392,0.00576414041143,0.0032394695958624,0.0167991931845356,0.0058258777857693,26.754800887739783,1,Hyperfunktionelle Dysphonie,2104,u_n
-377.7488708496094,153.74807739257812,69.87714385986328,50.39264297485352,5.201545238494873,-14.55637264251709,-8.078008651733398,-10.836832046508787,-4.668763160705566,-6.543652534484863,-2.5460360050201416,-2.091594696044922,-10.189016342163086,37.851837158203125,6.628002643585205,14.86098861694336,8.31110668182373,4.1645941734313965,5.92338752746582,5.527640342712402,3.0897538661956787,3.820871114730835,4.454645156860352,3.561686038970948,3.259147882461548,6.382801055908203,0.6656540632247925,-0.0140385217964649,-0.0499472804367542,-0.418984591960907,-0.1927997171878814,-0.0861815214157104,-0.0949106365442276,0.0520036667585372,0.0591071769595146,0.1569937318563461,0.0373460128903389,0.0221914090216159,0.0703324005007743,5.664760589599609,0.8364830613136292,1.484530329704285,0.9554551839828492,0.9604900479316713,1.039304494857788,0.7207188010215759,0.6125821471214294,0.5922234654426575,0.7599782943725586,0.6560268402099609,0.5670247077941895,0.7828359007835388,0.9862419366836548,0.0807197988033294,-0.0605991892516613,-0.064451977610588,0.0183840990066528,0.1033376008272171,0.0488482788205146,0.0068640182726085,-0.0538774542510509,-0.0087458854541182,-0.0046672224998474,0.0370127707719802,0.0981410294771194,3.225996494293213,0.8660260438919067,0.9364515542984008,0.6683815121650696,0.5134672522544861,0.6256545782089233,0.5028535723686218,0.4615062773227691,0.2655394077301025,0.4653014838695526,0.5417527556419373,0.4076319932937622,0.515243649482727,0.003594413605881,0.0017701469356003,0.0237763487439688,0.0126068000830025,29.067078907784925,1,Hyperfunktionelle Dysphonie,2105,u_n
-353.4414978027344,171.25047302246094,49.387813568115234,38.01412582397461,13.085088729858398,-24.56557273864746,-28.234155654907227,3.5162479877471924,5.417171478271484,-16.379257202148438,-11.378933906555176,3.559176206588745,-6.4717206954956055,28.122583389282227,7.38224458694458,9.647955894470217,9.183268547058104,3.58457088470459,8.93758773803711,9.245318412780762,3.806100606918335,3.9973394870758057,4.064235687255859,3.557271718978882,4.277801036834717,3.303273200988769,-1.0929924249649048,0.1820132285356521,0.2441204786300659,0.1337811052799224,0.0708438605070114,-0.1806124150753021,-0.1788429617881775,0.03926407918334,0.1753855347633361,0.0701709240674972,-0.0302129592746496,6.586701783817261e-05,-0.049446303397417,3.6209661960601807,1.366990566253662,0.6248021125793457,0.6777201890945435,0.3317360877990722,0.7954093217849731,0.7870617508888245,0.6337854266166687,0.720205545425415,0.5763528347015381,0.4848495721817016,0.5367766618728638,0.5036118626594543,0.9394857883453368,-0.1835188865661621,-0.1233260631561279,-0.0346931330859661,0.0058164908550679,0.10525444149971,0.1063056960701942,-0.0977635458111763,-0.0898345783352851,0.093432106077671,0.0574189387261867,-0.0023002282250672,0.0570058673620224,3.05854868888855,0.8000873327255249,0.6407079696655273,0.5422260761260986,0.2751264572143554,0.6269314885139465,0.643772304058075,0.4482262432575226,0.3510573208332062,0.5113433003425598,0.3869379460811615,0.2732326686382293,0.4256053864955902,0.0072463959623162,0.0046018860988219,0.0213457693436661,0.0113909774831676,28.9801002645129,1,Hyperfunktionelle Dysphonie,2107,u_n
-417.9144287109375,142.57745361328125,85.24312591552734,54.315406799316406,6.960474967956543,3.608463048934937,-1.036229372024536,-12.976579666137695,-0.6254215240478516,0.7269124388694763,-6.195725440979004,-7.163485527038574,-7.115350723266602,30.846105575561523,11.823160171508787,8.438300132751465,6.8207106590271,5.635217666625977,4.074156761169434,3.771636247634888,4.448252201080322,3.710644245147705,3.2719101905822754,3.449042558670044,3.621826171875,3.5880467891693115,-0.5514301061630249,-0.0835786387324333,0.1335619986057281,0.0829034224152565,0.004202424082905,0.0241106003522872,0.0217690300196409,0.0119232479482889,0.0125126847997307,0.0427660718560218,0.0438240505754947,0.0771228671073913,0.0461880192160606,4.908648014068604,1.1447747945785522,1.5959093570709229,0.7158828973770142,0.8595362901687622,0.7148686647415161,0.6629149913787842,0.6816329956054688,0.527869701385498,0.6107562184333801,0.6434802412986755,0.6118764281272888,0.6324198842048645,1.1357665061950684,0.037081092596054,-0.338104099035263,-0.1244832277297973,0.1327267736196518,0.0757642984390258,0.0389656759798526,0.1043801829218864,-0.0043758964166045,-0.0606149062514305,0.0175938997417688,0.0203581806272268,-0.0367298871278762,3.386500120162964,0.7368276119232178,1.0753601789474487,0.5540564656257629,0.6523807048797607,0.5391159653663635,0.5127095580101013,0.5505059361457825,0.3649982810020447,0.3802310228347778,0.4913461208343506,0.4147291183471679,0.5098634362220764,0.0021674612709167,0.0011972331108928,0.0149744026293437,0.0063254954998704,33.19000475608921,1,Hyperfunktionelle Dysphonie,2114,u_n
-351.7965087890625,166.29373168945312,74.55541229248047,40.08673858642578,-22.220603942871094,-11.564000129699709,-10.109175682067873,-3.9395599365234375,10.506110191345217,-5.477585792541504,-13.52589511871338,-5.468138694763184,-7.236807823181152,23.076425552368164,8.694962501525879,7.714748859405518,5.186578273773193,11.450430870056152,5.913185119628906,7.82010555267334,4.5852484703063965,7.201209545135498,4.998209476470947,4.715874195098877,3.699273586273194,3.754554748535156,-0.8050180077552795,0.1243418902158737,0.2776792645454407,0.1597236543893814,-0.1941849291324615,-0.1779127866029739,-0.1548967957496643,0.0046142661012709,0.2108885645866394,0.0189085509628057,0.0925761610269546,0.1210313960909843,0.0112959807738661,3.75668740272522,1.1024433374404907,1.1809040307998655,0.8983663320541382,1.337826371192932,0.7829108834266663,0.6299047470092773,0.5164446234703064,0.8018186092376709,0.5727054476737976,0.7067791223526001,0.5882659554481506,0.5129308700561523,0.8218270540237427,-0.0729460194706916,-0.2153117060661316,-0.0244802497327327,0.2397229522466659,0.0751994550228118,0.0127232242375612,-0.0222260374575853,-0.0957345068454742,0.0245531611144542,0.0233380980789661,-0.0207298826426267,0.0074505116790533,2.745173215866089,0.7541334629058838,0.8188197612762451,0.5420666933059692,0.9712148904800416,0.5149832367897034,0.4236786663532257,0.368617445230484,0.474599689245224,0.4322014153003692,0.3780220448970794,0.3632448017597198,0.4042391180992126,0.0032197605397557,0.001864224742891,0.0207516104755185,0.0107223947006828,29.9076749195529,1,Hyperfunktionelle Dysphonie,2121,u_n
-405.2400817871094,153.09230041503906,65.44052124023438,45.47171401977539,15.06782054901123,1.1915968656539917,-8.076385498046875,-15.543643951416016,-3.081284284591675,-0.6756832599639893,-12.3265962600708,-10.250717163085938,0.1685781478881836,26.404088973999023,6.692501544952393,10.129674911499023,5.816977500915527,5.135413646697998,4.033912181854248,4.903644561767578,5.723003387451172,3.431936502456665,3.0061113834381104,3.6741690635681152,3.441650629043579,4.797384262084961,-0.4113163650035858,-0.1085285320878028,0.0906022936105728,0.0543083287775516,0.034072246402502,0.0194460786879062,-0.0216248966753482,-0.010918072424829,-0.0123875457793474,-0.0498929172754287,-0.0502202175557613,-0.0042592459358274,0.0523829869925975,3.3431432247161865,0.7135788798332214,0.736828625202179,0.7301332950592041,0.6856071949005127,0.5938796997070312,0.5940748453140259,0.7881441116333008,0.4902116954326629,0.4629004597663879,0.4686226844787597,0.4353692829608917,0.5258827209472656,0.6264550089836121,-0.0208354983478784,-0.090494267642498,-0.0234770309180021,0.0375262610614299,0.0422403812408447,0.0289871413260698,0.0344439037144184,-0.0118931643664836,-0.0062923259101808,0.0131065752357244,0.0080921007320284,0.0199413001537323,2.493593215942383,0.4131738841533661,0.610062301158905,0.4648125171661377,0.4605607390403747,0.4638615250587463,0.4716555178165436,0.5131790637969971,0.3971645832061767,0.3040641248226166,0.3170545399188995,0.3026452660560608,0.366920918226242,0.0015614904849728,0.0007167504871965,0.0100967267645315,0.0039518424880048,37.47450042785228,1,Hyperfunktionelle Dysphonie,2122,u_n
-402.7052001953125,177.9546356201172,65.37503051757812,34.70088195800781,1.3483887910842896,-5.111357688903809,-10.314961433410645,-14.581780433654783,5.5036444664001465,4.419872283935547,-13.133337020874023,-5.355721950531006,-2.8045547008514404,27.87200736999512,8.65333366394043,6.43845796585083,9.30713176727295,6.235635280609131,3.800411939620972,5.857903957366943,4.035012245178223,5.876224517822266,3.94865345954895,4.917840480804443,3.8605690002441406,4.420456886291504,-0.4673789739608764,-0.0709725841879844,0.01522614993155,0.0571339428424835,0.0752500221133232,0.0091753080487251,0.0295421164482831,0.0330962911248207,-0.0175887625664472,-0.0004359422309789,-0.0365191176533699,-0.0925879999995231,-0.069217212498188,4.628554344177246,0.802068829536438,0.9851569533348083,0.7579060792922974,0.6470604538917542,0.6141533255577087,0.769544243812561,0.6762405037879944,0.7593313455581665,0.5705153346061707,0.6757134199142456,0.5889444947242737,0.6907909512519836,1.0036375522613523,-0.0870603695511818,-0.194126695394516,-0.0903868004679679,0.0685061886906623,0.0588909052312374,0.063095711171627,0.0431824810802936,-0.1043104380369186,-0.0875391140580177,0.0212572272866964,0.0128699904307723,0.0111184194684028,3.193479537963867,0.5110315680503845,0.6891496181488037,0.5039851665496826,0.3915155827999115,0.4345916211605072,0.5215079188346863,0.4405224919319153,0.5444632768630981,0.5062339305877686,0.3666330277919769,0.4322712421417236,0.4867435395717621,0.0029555589083102,0.0016727807540475,0.0153749693789053,0.0081224318985419,31.738407743598152,1,Hyperfunktionelle Dysphonie,2124,u_n
-397.1403503417969,145.4075927734375,82.45640563964844,55.584659576416016,12.175682067871094,1.961436152458191,7.849381446838379,-5.032166004180908,-2.5081584453582764,3.044008255004883,0.135770633816719,4.631129741668701,7.216958045959473,22.903186798095703,7.405697345733643,9.98043727874756,6.500427722930908,4.628611087799072,6.350363731384277,5.247034549713135,5.554773807525635,4.083333492279053,4.145117282867432,3.730304002761841,3.6721389293670654,3.740932703018189,-0.47085040807724,-0.138440802693367,0.0308162309229373,0.0670021325349807,0.0678702667355537,0.0267474744468927,0.0271961279213428,0.0287432242184877,0.0391821190714836,0.044286411255598,0.0383236072957515,0.0036797097418457,-0.0184331070631742,3.9400713443756095,1.2977516651153564,1.317443609237671,1.0593841075897217,0.5745726227760315,0.9102723002433776,0.8881453275680542,0.9198663234710692,0.6824166774749756,0.7895846366882324,0.6749921441078186,0.6964535713195801,0.7433332800865173,0.9239143133163452,0.0035694779362529,-0.3433493971824646,-0.12547567486763,0.0420693084597587,0.047333974391222,-0.0544211789965629,0.0344064496457576,0.0309897828847169,-0.0252373702824115,-0.0041757631115615,-0.0465343929827213,-0.0589840151369571,3.089585781097412,0.9422388672828674,1.3706908226013184,0.9092342257499696,0.5909923315048218,0.6805176734924316,0.484121561050415,0.5572395324707031,0.3961115479469299,0.4992435872554779,0.4726646244525909,0.4271078407764435,0.4974409341812134,0.0043497822473288,0.0020672126148221,0.0300160059378336,0.0124313505647602,25.49108431689978,1,Hyperfunktionelle Dysphonie,2135,u_n
-350.4765319824219,162.52867126464844,54.873321533203125,65.3572998046875,0.9834399819374084,-1.276562213897705,-32.87694549560547,-2.162540435791016,16.87528419494629,-24.03815460205078,8.178471565246582,-2.185019493103028,-14.1127290725708,32.76106643676758,6.88788652420044,5.926922798156738,8.621652603149414,4.734391212463379,4.198178291320801,6.682835578918457,2.833878517150879,5.026714324951172,3.9296817779541016,3.944285392761232,2.5247836112976074,3.0372681617736816,1.20515775680542,-0.532548189163208,-0.4690597057342529,-0.3257367312908172,0.1111034452915191,-0.1815696060657501,0.0026185296010226,-0.1119084507226944,-0.0683999434113502,0.0687579065561294,-0.2512334287166595,-0.0774391517043113,-0.0516498386859893,6.1778483390808105,1.3200136423110962,1.0594570636749268,1.361275315284729,0.6308947801589966,0.6832106709480286,1.2100578546524048,0.5507935881614685,0.8839282989501953,0.6670296788215637,0.6535981297492981,0.4523293972015381,0.5471426844596863,1.7569034099578855,0.0113580245524644,-0.1060013547539711,-0.3514063358306885,0.1227410733699798,0.1791145801544189,0.4165360927581787,0.0064842044375836,-0.3284439742565155,0.1840124130249023,-0.0896137058734893,-0.0483089722692966,0.0981789678335189,4.136159896850586,0.7950624227523804,0.7949095964431763,1.0424305200576782,0.5762766599655151,0.4828027784824371,0.9959058165550232,0.3266946673393249,0.850556492805481,0.4830706715583801,0.4080173075199127,0.3696575164794922,0.4310726821422577,0.0033977476623209,0.0018779827274185,0.0137359588262158,0.0080461738318968,30.9116052433368,1,Hyperfunktionelle Dysphonie,2138,u_n
-379.3855895996094,170.07872009277344,61.686466217041016,35.999732971191406,-13.88696575164795,-2.145720958709717,-3.4649691581726074,-13.507267951965332,-3.2801520824432373,-2.0718085765838623,-1.6642951965332031,-2.951641321182251,1.0043023824691772,22.15542221069336,5.249330997467041,11.727404594421388,5.192575931549072,6.110464572906494,4.728835105895996,4.418341159820557,3.469458818435669,5.568646430969238,3.087203025817871,4.380893707275391,2.8486852645874023,3.2394163608551025,-0.4301645755767822,0.1951506286859512,0.4196331202983856,0.0487435795366764,-0.0034435715060681,-0.0499095171689987,0.0794992819428443,-0.0177853088825941,-0.1296049803495407,-0.0035864803940057,-0.023419301956892,0.0304741654545068,0.0486025474965572,3.6100592613220215,0.8792530298233032,0.6476616859436035,0.9397006630897522,1.0630760192871094,0.6423564553260803,0.626276433467865,0.5432865023612976,0.3991722464561462,0.548949122428894,0.6828895807266235,0.4585839509963989,0.4567839503288269,0.7678954601287842,0.0208899937570095,-0.0715799182653427,0.0182568915188312,0.269526720046997,0.077705018222332,0.0592441260814666,0.131206676363945,0.0250204782932996,-0.0253958869725465,-0.0056325439363718,0.023335738107562,-0.0308031253516674,2.290614604949951,0.7199747562408447,0.5670015215873718,0.7686669826507568,0.9180095791816713,0.550777792930603,0.4988223612308502,0.492360770702362,0.593591570854187,0.3878588080406189,0.4955595731735229,0.3818348348140716,0.3614431321620941,0.003854595531217,0.0022953556370687,0.0293318843962381,0.0157741818969696,27.08871944128861,1,Hyperfunktionelle Dysphonie,2139,u_n
-439.9674377441406,146.26480102539062,97.25685119628906,69.15306854248047,-9.084982872009276,3.097039222717285,-15.521678924560549,-16.112775802612305,5.684812068939209,-18.871944427490234,1.9724427461624143,4.189577102661133,-11.319664001464844,33.864776611328125,5.4033942222595215,10.168027877807615,6.979929447174072,5.581048011779785,4.61138916015625,4.51740312576294,4.900143146514893,3.3931987285614014,5.293830871582031,3.6074447631835938,4.161808967590332,3.709242820739746,-1.0510244369506836,0.056584533303976,0.3530018627643585,0.1436640620231628,-0.0315644145011901,-0.0083162644878029,-0.0394303910434246,-0.1150195226073265,0.0205904822796583,0.0075316028669476,0.0038801927585154,-0.0407677143812179,-0.0165115632116794,4.98887825012207,0.7361512780189514,2.0118889808654785,1.3346338272094729,0.8885718584060669,0.5485459566116333,0.7414730191230774,0.940327763557434,0.4661100804805755,0.6342714428901672,0.5563756227493286,0.6765207052230835,0.6309359669685364,1.020240068435669,0.0572872832417488,-0.3581327199935913,-0.2736385464668274,0.1243092641234397,0.0263300389051437,0.1284888535737991,0.0833814516663551,-0.0443038903176784,0.0655046328902244,-0.0781457647681236,-0.0753711462020874,0.0227246209979057,3.363550901412964,0.5116877555847168,1.2268900871276855,1.0216364860534668,0.5888910293579102,0.3572519719600677,0.6252120137214661,0.5793353915214539,0.4193976521492004,0.501375675201416,0.4660256803035736,0.531319260597229,0.451824277639389,0.0041825032327279,0.0024746450734003,0.0198642082669025,0.010682759555515,29.516648211893912,1,Hyperfunktionelle Dysphonie,2151,u_n
-360.6919860839844,151.83338928222656,80.37542724609375,55.33262252807617,-0.3619275987148285,1.2396862506866455,-22.512920379638672,-17.64674186706543,-8.992810249328613,-9.3266019821167,-10.728241920471191,-17.6019229888916,-2.70849347114563,26.593849182128903,4.372818470001221,9.607291221618652,6.497808456420898,4.139431476593018,6.000644207000732,5.043796539306641,3.996669292449951,4.989104270935059,2.6288387775421143,3.684563636779785,4.3509297370910645,4.069190502166748,-0.1021536290645599,0.0490256361663341,0.0470801666378974,-0.0210318304598331,-0.0431402698159217,-0.0809585079550743,-0.0317056514322757,-0.0129347899928689,-0.0526461638510227,0.0129206655547022,-0.0229374058544635,-0.0135428365319967,-0.0490664802491664,5.189214706420898,0.593105673789978,1.5715174674987793,1.0822526216506958,0.4847657680511474,0.5163662433624268,0.8173354864120483,0.6968649625778198,0.481059193611145,0.3745822310447693,0.4714496731758117,0.5837281346321106,0.5077102780342102,1.033301591873169,-0.0372126996517181,-0.3179056644439697,-0.2189937829971313,0.0421478040516376,0.0162593834102153,0.0920945703983306,0.0415814034640789,-0.0214867293834686,-0.0060288063250482,0.0361133590340614,0.047490295022726,-0.0340462103486061,3.582970380783081,0.4241343736648559,1.149762511253357,0.8684309124946594,0.3313525021076202,0.4069899022579193,0.460265576839447,0.4552018642425537,0.3953334093093872,0.3430481553077698,0.3733047842979431,0.4633559286594391,0.4078855812549591,0.008600725171323,0.0056301338719801,0.0126947468920532,0.0068523490514314,30.50349165885457,1,Hyperfunktionelle Dysphonie,2184,u_n
-355.49029541015625,235.0357818603516,44.96011734008789,41.45087814331055,43.23885726928711,6.371724605560303,-29.253559112548828,-17.815284729003906,7.731704235076904,-0.3571479916572571,-6.110817909240723,10.304179191589355,7.973686695098877,20.024248123168945,11.58351230621338,5.566663265228272,4.74661922454834,5.573117733001709,3.124552011489868,4.962582111358643,3.920438528060913,2.8752923011779785,2.837236166000366,3.226700782775879,3.4753189086914062,3.199131727218628,-0.6190939545631409,0.2841916084289551,0.1520940214395523,0.0384161658585071,0.0267707780003547,0.0112227639183402,-0.0444981828331947,-0.0506646074354648,-0.013922531157732,0.0136302653700113,0.0243583209812641,0.0508703775703907,0.0184066630899906,3.765352249145508,2.0801379680633545,0.844179630279541,0.6511150598526001,1.0287258625030518,0.4288757145404815,0.961165189743042,0.7681437134742737,0.4807865917682647,0.5255979299545288,0.540360152721405,0.6081495881080627,0.5288210511207581,0.638055145740509,-0.3429884314537048,-0.0706317573785781,-0.0460887253284454,-0.1113464534282684,-0.0044622612185776,0.1294969469308853,0.0801614373922348,-0.052193135023117,-0.0020139089319854,0.047941468656063,-0.0201114751398563,-0.0068862750194966,2.787086248397827,1.401760220527649,0.5393249988555908,0.5037186741828918,0.6529107093811035,0.3803759813308716,0.627281904220581,0.4866394102573395,0.4117242097854614,0.3960287272930145,0.4556578993797302,0.4053894281387329,0.3547679185867309,0.0036926613523821,0.0015332842665786,0.0204059536671493,0.0103948129898449,27.200583768059445,1,Hyperfunktionelle Dysphonie,2185,u_n
-343.2025451660156,192.5042724609375,82.43766021728516,57.10823440551758,0.2808411717414856,-8.223590850830078,-1.8589602708816528,-16.615131378173828,-7.464954853057861,0.2286851108074188,4.618414878845215,9.88101577758789,-5.391852855682373,27.404958724975582,7.350132465362549,9.004207611083984,5.791408061981201,3.005587339401245,3.464932680130005,2.48012638092041,3.543038845062256,2.6418728828430176,2.331423044204712,2.868581771850586,2.8242483139038086,2.582447528839112,0.0074010388925671,0.057844154536724,-0.0128239514306187,-0.0338619984686374,-0.0275771282613277,0.0014116044621914,-0.0146081326529383,-0.0036273577716201,0.0223802290856838,0.021757086738944,-0.0060211508534848,0.0124987857416272,-0.0050315130501985,5.288113594055176,1.3953478336334229,1.648289918899536,1.0136840343475342,0.5106502771377563,0.5909337997436523,0.4276947379112243,0.7110867500305176,0.574124813079834,0.4002480506896972,0.4335805177688598,0.5184758305549622,0.5175697207450867,1.211201786994934,-0.3080412745475769,-0.37773397564888,-0.2085843980312347,0.0758368745446205,0.1155138164758682,0.01316190790385,0.1248835101723671,0.0856495648622512,0.0018628850812092,-0.0431873723864555,-0.0607027858495712,0.0571670420467853,3.6621127128601074,0.941833794116974,1.181973218917847,0.6413041353225708,0.3075266480445862,0.4280478060245514,0.2650971412658691,0.402748167514801,0.3572669923305511,0.3016107678413391,0.3312163650989532,0.3300325274467468,0.38091841340065,0.00329823982483,0.0019316052142278,0.0119350260146993,0.0063641362797747,30.08574697780028,1,Hyperfunktionelle Dysphonie,2186,u_n
-344.9470520019531,147.80953979492188,75.43186950683594,49.334774017333984,-14.50313663482666,-10.667072296142578,0.9517906308174132,-10.889911651611328,-7.599484920501709,1.0111699104309082,-3.576688766479492,-7.884306907653809,-6.7435078620910645,14.6355562210083,4.695520877838135,5.3164496421813965,4.175056457519531,4.814340591430664,4.437012672424316,4.061369895935059,4.237764835357666,3.9628851413726807,3.616373300552368,3.219773292541504,3.0312085151672363,3.7402615547180176,-0.3294547200202942,-0.0551118031144142,0.0567430965602397,0.0366597138345241,-0.031802911311388,-0.0475290231406688,-0.0279188957065343,-0.0158159676939249,0.0023730378597974,-0.0091450400650501,-0.0419028140604496,-0.0545011572539806,-0.0539140701293945,2.437164306640625,0.5773690938949585,0.7530714273452759,0.7100098133087158,0.7714401483535767,0.6878662109375,0.6255529522895813,0.7215922474861145,0.6209914684295654,0.6024048328399658,0.5512080192565918,0.4503168761730194,0.440104216337204,0.4333881139755249,0.0440913252532482,-0.1217132732272148,-0.0551812425255775,0.067595936357975,0.0326477363705635,-0.0300012417137622,-0.0057517434470355,0.0022189698647707,-0.0161894708871841,-0.0080756936222314,0.0075058178044855,0.0034936522133648,1.849286794662476,0.5090330839157104,0.7077556252479553,0.6244051456451416,0.6061258316040039,0.5248852372169495,0.4872158765792846,0.5655835270881653,0.4993993639945984,0.4526420533657074,0.4186294674873352,0.3402056694030761,0.4069838523864746,0.0029157441817645,0.0016665093870266,0.0262055215672097,0.0143809483822193,26.48400943739811,1,Hyperfunktionelle Dysphonie,2215,u_n
-368.1746215820313,176.99964904785156,71.18355560302734,50.61730194091797,-4.340372085571289,-21.220298767089844,-20.29094696044922,-13.515122413635254,2.6153581142425537,-15.869932174682615,-19.32831573486328,2.616614818572998,-7.261837482452393,12.585625648498535,5.759077548980713,5.313846111297607,3.425577402114868,4.958477020263672,4.968358516693115,3.6223742961883545,3.1471316814422607,2.848475933074951,3.218745470046997,3.683819770812988,3.1197385787963867,3.079185009002685,0.06735859811306,-0.120851844549179,-0.0650134459137916,-0.0102037917822599,0.0542620569467544,0.0204656384885311,0.02169288136065,0.0352918952703475,-0.0406659319996833,-0.0335294008255004,0.0414218790829181,0.0024808992166072,0.0075848465785384,1.9605330228805544,0.6523229479789734,0.5798543691635132,0.5379987359046936,0.7355272173881531,0.7094976305961609,0.5511067509651184,0.4372745156288147,0.5261827707290649,0.4068775773048401,0.5387922525405884,0.5026953816413879,0.5513210296630859,0.3689673244953155,0.1071458905935287,-0.0322497971355915,-0.0402013510465621,0.0676995813846588,0.0849197208881378,0.0541181042790412,0.0100297732278704,-0.0373684912919998,0.0083573805168271,0.0386992022395134,-0.0136740365996956,-0.0021780100651085,1.3906551599502563,0.6284302473068237,0.4055676162242889,0.4500814974308014,0.462614506483078,0.5155702829360962,0.3918626010417938,0.3704245090484619,0.3505873382091522,0.2891719341278076,0.3943573832511902,0.3658007979393005,0.3831517100334167,0.0039213831202569,0.0022696112992011,0.0185508021179368,0.0101514741667636,32.20109340961161,1,Hyperfunktionelle Dysphonie,2221,u_n
-363.8605651855469,164.23130798339844,54.831153869628906,63.47285842895508,-1.7786566019058228,-2.3121628761291504,-20.022253036499023,-18.08349227905273,-2.978060483932495,-20.950176239013672,-3.9784109592437744,2.77067494392395,-18.18732452392578,23.506488800048828,7.298747539520264,5.187845230102539,8.779071807861328,7.188735008239746,3.721068382263184,4.939965724945068,3.94541597366333,4.176642417907715,5.350569248199463,3.383305072784424,4.597001075744629,4.590439796447754,-0.1048802509903907,0.1494449228048324,0.0591867677867412,-0.0228485129773616,-0.1219719126820564,-0.0420237071812152,-0.0304768495261669,0.0024546089116483,0.0693607777357101,0.0165884140878915,0.0199411809444427,0.0730460435152053,0.0140078589320182,3.59765887260437,0.6601330041885376,0.914511740207672,1.1220399141311646,0.7315946817398071,0.5541961193084717,0.759914219379425,0.7383024096488953,0.5011196732521057,0.6544368267059326,0.515756368637085,0.4972975552082062,0.5685059428215027,0.6350839138031006,-0.0226097200065851,-0.1313037723302841,-0.1855785995721817,0.030807115137577,0.0149283017963171,0.0714388415217399,0.0805035531520843,-0.0143810138106346,0.0450265817344188,-0.0227687302976846,-0.0544760674238204,0.0198866929858922,2.672518730163574,0.3850913941860199,0.6867377161979675,0.9171034097671508,0.4663316607475281,0.3808614015579223,0.5350989103317261,0.5293278694152832,0.3402137160301208,0.3824544250965118,0.4175179302692413,0.334432989358902,0.4167563319206238,0.0024518667631316,0.0012595504673374,0.0164780157297954,0.0086749251405563,31.37173332259488,1,Hyperfunktionelle Dysphonie,2224,u_n
-368.0567932128906,144.975830078125,76.31548309326172,56.34683227539063,-13.057340621948242,17.324628829956055,-2.9172253608703613,-10.241439819335938,10.851290702819824,-10.544556617736816,1.982230544090271,-0.4132591784000397,1.266049861907959,22.095121383666992,4.932231426239014,7.105363368988037,5.305349349975586,6.102266311645508,4.519495487213135,4.395132541656494,4.390133857727051,4.035371780395508,3.486126661300659,3.7731001377105713,3.355387926101685,3.5689001083374023,-0.3156314790248871,0.0191971026360988,0.0696202889084816,0.0558537617325782,-0.0307220965623855,0.0357319489121437,0.0307941641658544,0.0551191791892051,0.0751152262091636,-0.0197879970073699,-0.0065766489133238,-0.0144757041707634,-0.024108724668622,3.526916980743408,0.7184955477714539,1.1540954113006592,0.8180163502693176,0.9882645606994628,0.6945816874504089,0.7401665449142456,0.7655544281005859,0.603839635848999,0.6171457767486572,0.6638399958610535,0.449547529220581,0.5950120687484741,0.5245074033737183,-0.0162771847099065,-0.1698729693889618,-0.0697671398520469,0.1086296215653419,0.0319794490933418,0.0411768145859241,0.0306372083723545,-0.0342303439974784,0.0225148741155862,-0.0101614454761147,-0.0149633167311549,-0.0120302736759185,2.560251951217652,0.4538520276546478,0.9767476320266724,0.6470023989677429,0.737850546836853,0.4788707494735718,0.5786015391349792,0.5360702872276306,0.4830138385295868,0.4786543846130371,0.5557896494865417,0.3400441706180572,0.460775077342987,0.0031906496025965,0.0018565826160227,0.0217173429628326,0.0107222102003975,30.28994491708489,1,Hyperfunktionelle Dysphonie,2225,u_n
-363.1724243164063,125.68348693847656,54.12500381469727,60.583309173583984,15.423087120056152,-21.99047470092773,-5.794236183166504,2.387432336807251,-13.807147026062012,-14.874190330505373,-3.8881819248199454,-1.7567825317382812,-7.705470561981201,19.822620391845703,7.088772773742676,6.769171237945557,7.214318752288818,5.994246959686279,6.7625017166137695,5.508365631103516,4.442839622497559,4.017761707305908,4.021963119506836,3.299351692199707,3.192033767700196,2.898900985717773,-0.6516343951225281,-0.0240796580910682,0.2225376069545745,0.1089563444256782,0.0276923179626464,0.0883429497480392,0.097271591424942,0.0296250432729721,0.0591098442673683,0.0762474164366722,0.000958219054155,-0.0423569455742836,0.0087614012882113,2.816040277481079,0.9326608180999756,1.01332426071167,1.2794948816299438,0.9225334525108336,1.2328789234161377,1.0505837202072144,0.836638867855072,0.7349807620048523,0.7394664883613586,0.5419836640357971,0.4589570462703705,0.4748627841472626,0.4778621792793274,0.1288385391235351,-0.0106084495782852,-0.1344746947288513,-0.0048284479416906,0.1810527890920639,0.0604185052216053,-0.0550154373049736,0.0051327580586075,0.0400983728468418,-0.0312109980732202,-0.0597413815557956,-0.0002526908065192,1.9572237730026243,0.6786717176437378,0.4759733974933624,0.746639609336853,0.5174111127853394,0.7972160577774048,0.51264488697052,0.5492525100708008,0.4785383939743042,0.4725247621536255,0.3936687409877777,0.4154944121837616,0.3359752893447876,0.0044362045706339,0.0020081251167996,0.014925520427252,0.0057443895596792,29.290130171423748,1,Hyperfunktionelle Dysphonie,2228,u_n
-427.9389343261719,129.15615844726562,87.64834594726562,78.43648529052734,-19.87866973876953,10.703741073608398,-2.567275285720825,-21.652467727661133,0.6376761794090271,-11.573988914489746,-14.172368049621582,-0.722113847732544,-6.118918895721436,23.25642776489257,4.539440631866455,8.291390419006348,8.628307342529297,8.205288887023926,5.106454372406006,4.555123805999756,4.617842197418213,3.1327569484710693,4.104735374450684,3.934504270553589,4.079782962799072,3.141062498092652,-0.157440111041069,0.0185330379754304,0.0341881699860096,-0.0154513753950595,-0.0438835732638835,0.0227239895612001,-0.0035369975958019,0.0170015692710876,0.023122388869524,-0.0275527592748403,0.0040840203873813,-0.0049427272751927,-0.0042367191053926,3.9885141849517822,0.7828930020332336,1.554008722305298,1.3344731330871582,0.9577589631080629,0.7201797962188721,0.5911793112754822,0.5783512592315674,0.5145233869552612,0.630431592464447,0.5028149485588074,0.5592824220657349,0.5446603894233704,0.6312716603279114,0.0204786863178014,-0.2269051969051361,-0.1762046813964843,0.1112673282623291,-0.0363283455371856,-0.0114752519875764,0.0449287109076976,-0.0290934965014457,0.0204986650496721,0.0318850427865982,-0.0157862398773431,-0.0164321679621934,2.676320552825928,0.5417924523353577,1.0164200067520142,0.9615803956985474,0.7195712924003601,0.5653328895568848,0.4404845535755157,0.4763421416282654,0.4191688299179077,0.4601529240608215,0.4542016386985779,0.4191092848777771,0.446521520614624,0.0048880756803337,0.0029820699967124,0.0432576444054871,0.0230902377700299,26.33562532018196,1,Hyperfunktionelle Dysphonie,2229,u_n
-361.678466796875,170.5665740966797,86.09086608886719,66.2394027709961,26.683826446533203,6.113173484802246,1.1146256923675537,-6.330159664154053,-5.005778789520264,-4.6909661293029785,-3.919632196426392,2.90488076210022,1.923026204109192,13.893783569335938,5.350919723510742,7.099707126617432,5.390022277832031,4.161531925201416,3.4753119945526123,5.624610424041748,5.10986852645874,3.266634464263916,3.3355839252471924,2.967951536178589,3.285022020339966,3.7615983486175537,-0.2648706138134002,0.0508692674338817,0.0877745449542999,0.0712177455425262,0.0038273360114544,0.0055253957398235,0.0311757661402225,0.0287523381412029,-0.0022854492999613,-0.0143343247473239,0.0044842944480478,-0.0328036844730377,-0.0026071548927575,2.075081586837769,0.704948902130127,1.0195761919021606,0.6826860904693604,0.6684249043464661,0.4676822125911712,0.6159724593162537,0.597203254699707,0.4733272194862366,0.5143073201179504,0.4515737295150757,0.5228387713432312,0.5961117744445801,0.286284476518631,0.0108194565400481,-0.0902521684765815,-0.0888784229755401,-0.0595970042049884,0.0408925674855709,0.0401085503399372,0.03987992182374,0.0126048764213919,0.0117787132039666,0.0038358112797141,-0.0408415384590625,0.000260456406977,1.4308950901031494,0.4862086176872253,0.7035118937492371,0.6369600892066956,0.5443726181983948,0.4123324453830719,0.4512544572353363,0.4938183128833771,0.437158852815628,0.4568572044372558,0.389696329832077,0.4240797758102417,0.4041855633258819,0.0020564112750957,0.0009721606268827,0.0147119954558182,0.0066900098618898,28.627729992402973,1,Hyperfunktionelle Dysphonie,2230,u_n
-370.5593872070313,166.088134765625,88.27818298339844,70.32310485839844,24.30413055419922,15.913537979125977,-11.946084022521973,-23.640457153320312,1.2743501663208008,-15.291424751281738,-11.30546760559082,2.881596326828003,-7.163498401641846,18.97427558898925,3.979752779006958,10.209071159362791,6.44511079788208,3.55812406539917,4.027248859405518,3.990460157394409,4.8211283683776855,3.948842763900757,4.251127243041992,2.8952040672302246,3.182065725326538,2.9660348892211914,-0.5549719333648682,0.0059017152525484,0.2100302278995514,0.0418632999062538,0.1328243613243103,-0.052234873175621,0.0748615339398384,0.0948980748653411,0.0234454255551099,0.1378629207611084,0.0836747363209724,-0.0522872656583786,-0.0090990560129284,3.4485340118408203,0.5833051800727844,1.269826054573059,1.0350061655044556,0.5573842525482178,0.6741265058517456,0.573632001876831,0.7400903701782227,0.7501637935638428,0.5665830373764038,0.5271279215812683,0.5388769507408142,0.5193755030632019,0.9139798283576964,-0.0610047429800033,-0.4071241915225982,-0.2872680127620697,-0.0428464189171791,-0.0615322589874267,0.1652463376522064,0.1947263330221176,-0.1070817783474922,0.0404554419219493,0.0628244057297706,-0.0365074463188648,0.069364495575428,2.4643378257751465,0.3889645338058471,1.0747724771499634,0.8206771612167358,0.3698425889015198,0.4465186297893524,0.4490488469600677,0.5725448131561279,0.3114432990550995,0.3939050436019897,0.4609899520874023,0.2581972479820251,0.4743635356426239,0.0023166605137376,0.0007970527986378,0.0283470277811126,0.01284849265101,27.863369203551176,1,Hyperfunktionelle Dysphonie,2232,u_n
-349.76129150390625,168.38034057617188,89.9874038696289,47.95259475708008,16.350120544433594,11.219785690307615,6.132137298583984,-1.7608450651168823,-2.040741205215454,-3.9102160930633545,-0.9387801289558412,-0.4210729598999023,1.6399592161178589,14.454604148864746,5.442640781402588,9.47017765045166,6.023336410522461,3.896886110305786,4.50911808013916,3.926435470581055,3.668424844741821,3.3868775367736816,3.388045310974121,3.530616044998169,3.518639326095581,3.709614753723145,0.7364886403083801,-0.1916138529777526,-0.3572366237640381,-0.2898142039775848,-0.1300348043441772,-0.0582768209278583,0.0420698709785938,0.0904139727354049,0.0512543618679046,0.0412048064172267,-0.0640634447336196,-0.0905057564377784,-0.0708716213703155,2.5693016052246094,0.8745083212852478,1.6153572797775269,1.0480271577835083,0.6902874708175659,0.8416047096252441,0.692764163017273,0.6583644151687622,0.5912197232246399,0.5535069108009338,0.7080788612365723,0.6616026759147644,0.7219838500022888,0.4839119017124176,-0.0713775604963302,-0.303888589143753,-0.0428441278636455,0.0458956509828567,0.0498700365424156,-0.0178976338356733,0.0067368107847869,0.0204557199031114,0.0550791174173355,0.0511727668344974,0.0088837789371609,-0.0753390565514564,1.950868844985962,0.6079817414283752,0.9588735103607178,0.6374656558036804,0.6614320874214172,0.653331458568573,0.5263058543205261,0.4854631721973419,0.4854654371738434,0.4520587027072906,0.5105732083320618,0.4059152007102966,0.5140509009361267,0.1501363246296192,0.1009120826197321,0.2543227549009868,0.1693977614562562,5.41005295853959,1,Hyperfunktionelle Dysphonie,2233,u_n
-345.19482421875,210.56056213378903,71.54269409179688,47.4428825378418,-9.858380317687988,-0.9478718042373656,-13.484484672546388,-24.152210235595703,5.333012580871582,0.3665812015533447,3.5622658729553223,8.906716346740723,-5.127292633056641,17.78957748413086,9.73032569885254,6.610504627227783,7.539884090423584,8.818078994750977,5.491499900817871,5.046838760375977,7.399764537811279,4.910717487335205,4.624307632446289,3.016237258911133,5.477843284606934,3.5023303031921387,-0.531578540802002,0.0921709313988685,0.180617019534111,0.1606174111366272,0.0797459185123443,0.0760083496570587,-0.0684921741485595,-0.1573582142591476,-0.0128235006704926,-0.0794103592634201,-0.0195181053131818,0.0643562152981758,0.0131983300670981,2.8131322860717773,1.3186209201812744,1.0486624240875244,0.6359901428222656,0.71805340051651,0.5898736119270325,0.5036138296127319,0.4696005284786224,0.5453217029571533,0.4214528203010559,0.4537236094474792,0.5341489315032959,0.5146061778068542,0.4445056915283203,-0.1584348678588867,-0.1001003459095954,-0.0241985749453306,0.1041977927088737,-0.0112476730719208,0.0409783348441123,0.0441821776330471,-0.0509241111576557,0.0200409442186355,0.0366834960877895,0.0025565268006175,0.034000564366579,1.7215826511383057,0.797086775302887,0.5088168382644653,0.4520694613456726,0.5627111196517944,0.3710339069366455,0.3312343955039978,0.3344323933124542,0.410482794046402,0.2928307652473449,0.3744051456451416,0.3317852914333343,0.3397319316864013,0.0037033210962092,0.0013303539810542,0.0232397812549598,0.0110471267539187,26.818461569258968,1,Hyperfunktionelle Dysphonie,2239,u_n
-361.7759399414063,173.6620330810547,90.97603607177734,69.62220001220703,17.240806579589844,-1.2467679977416992,3.467567443847656,-7.793717384338379,-15.827116012573242,-11.561748504638672,-8.044971466064453,-6.32778263092041,-4.353867053985596,15.236896514892578,12.420886993408203,9.979540824890137,9.886534690856934,5.182924747467041,4.306342601776123,3.680938720703125,4.004696846008301,3.860583782196045,3.012274980545044,3.6010003089904785,3.595765352249145,3.680968761444092,-0.2849970757961273,-0.1976292729377746,0.1486924141645431,0.1975529789924621,0.0860158652067184,0.0267067085951566,0.0240473132580518,-0.0312904603779315,-0.0240193214267492,-0.0134798223152756,-0.0029356582090258,0.0040795933455228,0.0181875396519899,2.189657926559448,0.9481210112571716,1.08307945728302,0.9038148522377014,0.7844774127006531,0.8344772458076477,0.5144034028053284,0.5855144262313843,0.5911101698875427,0.4875082969665527,0.5888197422027588,0.5069591999053955,0.7201861143112183,0.3961215019226074,-0.0967335030436515,-0.175693467259407,-0.114983782172203,0.0377621464431285,0.1175772473216056,0.0320950485765934,0.0112092159688472,0.0555807054042816,0.038720391690731,-0.0196933969855308,-0.0152337802574038,0.001171963638626,1.436980128288269,0.6601725220680237,0.7036829590797424,0.6654992699623108,0.5554419755935669,0.5905253291130066,0.404845267534256,0.3979658186435699,0.4397014379501343,0.4151033461093902,0.4421904385089874,0.4532172083854675,0.5553809404373169,0.0024957146872622,0.001339598752443,0.0280948463641618,0.0137052778145041,24.89547758049056,1,Hyperfunktionelle Dysphonie,2240,u_n
-295.5685119628906,213.9290771484375,62.08282470703125,56.2932243347168,22.67658424377441,-3.941778898239136,-36.22026062011719,-9.126815795898438,4.093492031097412,-1.3091758489608765,-1.1957004070281982,-2.6096127033233643,0.422431468963623,15.665779113769531,9.110333442687988,6.917056560516357,7.056459903717041,4.661539554595947,3.314862012863159,5.711840629577637,3.835227489471436,3.657606840133667,2.598631858825684,3.1343488693237305,4.5310468673706055,4.129454135894775,-0.1832246333360672,0.1493833512067794,0.0284611042588949,0.1004731804132461,-0.0874188616871833,-0.170520931482315,-0.1390668451786041,-0.0011722401250153,0.1042725443840026,0.005598603747785,0.0083122169598937,0.0020015665795654,0.1450670957565307,2.75273871421814,1.654826045036316,0.992833137512207,1.0241154432296753,0.6355545520782471,0.4980060160160064,1.014017939567566,0.8226852416992188,0.5550847053527832,0.4234116375446319,0.5000529289245605,0.5981777906417847,0.7295424342155457,0.8475069999694824,-0.34727942943573,-0.2068316340446472,-0.1531043350696563,-0.0608793795108795,0.0429994165897369,0.2606942653656006,-0.0102107934653759,-0.069272369146347,-0.03645970672369,-0.0359390489757061,0.0195781961083412,0.0005960495327599,2.2124011516571045,0.7699140310287476,0.69021075963974,0.568126916885376,0.3552829027175903,0.2901365458965301,0.7815704941749573,0.4037018716335296,0.4092487692832947,0.3543564975261688,0.3631825745105743,0.3217568397521972,0.3304868936538696,0.0035760705100474,0.0009330701897281,0.0194722187521114,0.0052540427338873,31.131834169216702,1,Hyperfunktionelle Dysphonie,2241,u_n
-372.5007019042969,165.6108856201172,57.792266845703125,31.669336318969727,-4.552614688873291,2.4629971981048584,-1.7962095737457275,-4.299720287322998,-2.675845146179199,-1.6955128908157349,8.55521297454834,-4.321781635284424,-5.093899726867676,21.27315139770508,6.940190315246582,9.301268577575684,5.29514741897583,6.551217555999756,4.186408996582031,5.910494327545166,3.5022406578063965,4.580196857452393,5.661893844604492,4.370855331420898,4.721811294555664,4.539829254150391,-0.6845703721046448,0.1160029023885726,0.2308861464262008,0.0370815657079219,-0.0874315872788429,-0.0488031022250652,0.0586075149476528,0.0501839108765125,-0.0241729114204645,-0.0292842797935009,0.023932060226798,0.0370136462152004,0.0426966995000839,3.427421808242798,1.195279598236084,1.11296546459198,0.8316823840141296,1.0031766891479492,0.5923331379890442,0.6326184868812561,0.5765958428382874,0.5611960291862488,0.7558633685112,0.7317644953727722,0.5791935324668884,0.5915221571922302,0.5598891973495483,-0.0628361105918884,-0.0894734412431716,-0.0061020879074931,0.1042925268411636,0.050855703651905,0.0152488024905323,0.0255795158445835,0.0190865993499755,-0.019277449697256,-0.0209054667502641,0.0635482966899871,0.0251729972660541,2.315737247467041,0.7111195921897888,0.7803144454956055,0.5621797442436218,0.6468509435653687,0.4277567863464355,0.4310979545116424,0.4303480386734009,0.4278932511806488,0.5018751621246338,0.5083079934120178,0.5230854153633118,0.4547216594219208,0.0035250627378739,0.0019905501833243,0.0248015475553695,0.0125376801525016,28.93948504023881,1,Hyperfunktionelle Dysphonie,2245,u_n
-406.3085021972656,164.04617309570312,93.3416748046875,54.89580535888672,9.886675834655762,11.441574096679688,8.840401649475098,-14.009672164916992,-9.014447212219238,3.334949254989624,-1.2927591800689695,-2.544278860092163,2.66289496421814,14.544466018676758,3.2788143157958984,8.128408432006836,3.683129549026489,4.439708232879639,3.065292358398437,3.24851655960083,4.457375526428223,3.6021406650543213,2.830127000808716,3.12991714477539,3.2484233379364014,3.6014461517333984,-0.3574423193931579,-0.1439761817455291,0.1404323875904083,0.068055972456932,-0.1067485213279724,-0.0802419781684875,-0.1184763833880424,-0.2208969593048095,0.0551169626414775,0.0832181721925735,0.0108941188082098,-0.0202628578990697,-0.1449121683835983,2.437239408493042,0.4901796877384186,1.4683351516723633,0.6376304626464844,0.6282796859741211,0.2957023084163666,0.483669638633728,0.7182883620262146,0.5629912614822388,0.5145888924598694,0.5020393133163452,0.5112237930297852,0.5565063953399658,0.9094457626342772,0.0746109187602996,-0.5519362688064575,-0.178873524069786,0.2047973275184631,0.0829445645213127,0.0040615228936076,0.1891185790300369,0.1422389596700668,0.0217946227639913,-0.0456683970987796,-0.0511499606072902,-0.0093088261783123,1.7913081645965576,0.3353363275527954,1.1258490085601809,0.4869957566261291,0.601718008518219,0.3463587462902069,0.3790056109428406,0.6224366426467896,0.6506870985031128,0.3746001422405243,0.4380229115486145,0.4240445494651794,0.4679543972015381,0.0028496295158297,0.0014774882026104,0.0172627169052349,0.0086175624093583,29.1438268227626,1,Hyperfunktionelle Dysphonie,2270,u_n
-345.998046875,143.9508056640625,50.77798080444336,50.286468505859375,-15.832199096679688,-11.231955528259276,-25.25002861022949,-30.17169952392578,-3.0889923572540283,-13.373459815979004,-13.945496559143066,-0.6063714027404785,-2.926732063293457,14.87913417816162,5.807554244995117,4.905951976776123,4.606373310089111,4.6960625648498535,5.1392011642456055,4.189788341522217,4.5938029289245605,3.824860811233521,3.39354944229126,3.113591432571411,2.999308586120605,2.8730251789093018,-0.3328379690647125,0.0663964301347732,0.0539437010884285,0.0504797920584678,-0.0104980738833546,-0.0620515532791614,-0.0611580610275268,-0.0182956811040639,0.008166923187673,-0.0061386600136756,-0.0258002448827028,-0.0071468069218099,0.0092099206522107,2.695431709289551,0.7653094530105591,0.7888737916946411,0.7415754795074463,0.7706840634346008,0.5767999887466431,0.5875909328460693,0.6308295130729675,0.519961953163147,0.4844125211238861,0.4195805490016937,0.5424175262451172,0.3990087807178497,0.4033998847007751,0.0702250450849533,-0.0171625241637229,-0.0362173430621624,0.0945965051651001,0.0359378941357135,0.0599552914500236,0.0651346445083618,-0.0327058099210262,0.0236143544316291,-0.0042787375859916,-0.0267377626150846,-0.0024709792342036,1.8292988538742063,0.6043934226036072,0.4791093468666076,0.3859433531761169,0.6036531329154968,0.4158689081668854,0.4076050817966461,0.505748450756073,0.3995922803878784,0.3827907145023346,0.3029293417930603,0.3680301308631897,0.3194173872470855,0.0016018095164568,0.0009028264671395,0.0078305623283154,0.0042333412161322,34.635634318724954,1,Hyperfunktionelle Dysphonie,2272,u_n
-380.3929443359375,168.55520629882812,73.14698028564453,39.2222900390625,5.154201030731201,14.818047523498535,1.584672927856445,-3.085756301879883,-1.2792541980743408,-1.0500863790512085,4.74166202545166,-2.0320465564727783,4.355892181396484,20.777156829833984,7.439615249633789,10.51850414276123,5.462058544158936,5.048403739929199,6.184446334838867,6.277691841125488,3.943053722381592,4.501396179199219,3.859572410583496,5.262880802154541,4.228720664978027,4.011750221252441,-0.1063758134841919,-0.0743569284677505,-0.1054171025753021,-0.1764881610870361,-0.0507592670619487,-0.0765557736158371,0.1873327046632766,0.1225414127111435,0.1406289637088775,0.1018120497465133,-0.0162369571626186,0.0451926365494728,-0.0473066940903663,2.0961153507232666,0.7314447164535522,1.4241324663162231,0.8399055004119873,0.8710596561431885,0.6836037635803223,0.7069620490074158,0.820808470249176,0.7780367732048035,0.6028435230255127,0.7123584747314453,0.7062152624130249,0.74924635887146,0.373878926038742,-0.0496587194502353,-0.1049855947494506,0.0660472884774208,0.1395596414804458,-0.0316563993692398,-0.0484459325671196,-0.0356818363070488,-0.008551076054573,0.027733402326703,-0.0083145145326852,-0.002708698157221,-0.0043262960389256,1.5611153841018677,0.6620084047317505,0.7774552702903748,0.6748405694961548,0.696281909942627,0.5010986328125,0.5395744442939758,0.4858666360378265,0.4998650848865509,0.4609993696212768,0.446355938911438,0.4114739596843719,0.4637628495693207,0.0084076588577203,0.0051240581754292,0.141858649689925,0.0756817796672534,13.325166119249015,1,Hyperfunktionelle Dysphonie,2288,u_n
-316.38409423828125,147.47390747070312,51.41865921020508,36.32297897338867,-22.86466407775879,7.756221771240234,-32.12714767456055,-5.25714635848999,3.578309297561645,-15.24877643585205,-8.156591415405273,12.462101936340332,-12.660163879394531,30.11748695373535,4.345518112182617,6.1515889167785645,6.079104900360107,6.626650810241699,3.339268207550049,5.398289680480957,3.21692156791687,4.404078483581543,3.4082517623901367,2.7066409587860107,4.134119510650635,3.1109061241149902,-1.0901936292648315,0.0468773394823074,0.2216655611991882,-0.0179054345935583,-0.0876620411872863,0.0711665824055671,-0.0467171967029571,-0.0242147427052259,0.0109138041734695,-0.0444233007729053,-0.0540996715426445,0.057973600924015,0.0441992469131946,3.718065023422241,0.6324924826622009,0.6622422337532043,0.8200684785842896,1.1610559225082395,0.5112906098365784,1.0887963771820068,0.5560346841812134,0.701580822467804,0.6375585794448853,0.5897970795631409,0.6533532738685608,0.6728126406669617,1.0579990148544312,-0.0170316640287637,-0.2304290980100631,-0.1025920361280441,0.2870451807975769,-0.0250570066273212,0.1490828692913055,-0.0960961505770683,-0.1909076273441314,0.0272253956645727,0.0359777547419071,-0.1913855373859405,0.1001627147197723,2.733471632003784,0.6228805184364319,0.7928457856178284,0.7291663289070129,0.8780666589736938,0.4069317877292633,0.5134024024009705,0.4462152421474457,0.6787479519844055,0.412854790687561,0.3612643480300903,0.5650931000709534,0.3051108121871948,0.002008696581379,0.001096405827522,0.0221985799474534,0.0116460647640728,30.00418974258424,1,Hyperfunktionelle Dysphonie,2292,u_n
-374.0566711425781,133.5389404296875,87.0715560913086,59.6578369140625,1.451407790184021,-13.803497314453123,-11.574278831481934,-14.772371292114258,-7.304061889648437,-4.667609691619873,-8.756285667419434,-2.9781856536865234,-4.741328716278076,18.956758499145508,5.174060821533203,7.165611743927002,5.892996788024902,3.681331396102905,4.7314772605896,3.911640167236328,3.404029369354248,3.3872992992401123,3.276592254638672,2.9798083305358887,3.3909945487976074,3.49620008468628,-0.4291444718837738,0.0214960500597953,0.1216528937220573,0.0533352904021739,-0.0133639089763164,-0.061814896762371,-0.0440850295126438,-0.0367869362235069,-0.0105389840900897,-0.0335969515144825,-0.0462951362133026,-0.0402287170290946,-0.0413243435323238,3.4391140937805176,0.7848916053771973,1.180459976196289,0.8112186789512634,0.5409786105155945,0.6185997128486633,0.453703910112381,0.5040852427482605,0.4894265234470367,0.4764294922351837,0.5551236271858215,0.6291294097900391,0.5342149138450623,0.5999774932861328,0.1091841831803321,-0.1880931705236435,-0.110865831375122,0.0706584826111793,0.1176896914839744,0.0444146506488323,0.0446755699813365,0.0022666435688734,-0.0266394857317209,0.0247888192534446,0.0223335176706314,0.0238265004009008,2.766100645065308,0.6010270118713379,1.030225157737732,0.725766658782959,0.5199101567268372,0.6769355535507202,0.4293342232704162,0.3729488849639892,0.377548485994339,0.4144388735294342,0.4029459357261657,0.4517377912998199,0.4349816739559173,0.0024977944934935,0.0014697688127112,0.0130301272816317,0.006142603190807,33.08093768826328,1,Hyperfunktionelle Dysphonie,2293,u_n
-407.1871643066406,137.62286376953125,84.72662353515625,52.369625091552734,1.5751057863235474,3.4726686477661133,-11.805649757385254,-16.10315704345703,-5.298131465911865,-10.33867073059082,-3.8104305267333984,-8.281296730041504,-2.61202335357666,41.32958984375,12.88450050354004,10.80229377746582,6.942324638366699,4.141277313232422,4.776288032531738,4.8302764892578125,4.857748985290527,3.307816505432129,5.011429309844971,4.310596942901611,4.170473575592041,5.528396129608154,-1.9844467639923096,0.2988911271095276,0.4724588394165039,0.1285240948200225,-0.0119757298380136,0.0785734355449676,-0.0715550035238266,-0.0542246326804161,-0.0130721414461731,-0.0530454590916633,0.0231243148446083,-0.1633975952863693,-0.1957141906023025,7.071694374084473,2.492683172225952,1.749375820159912,1.0316739082336426,0.7407034635543823,0.9237440824508668,1.0857895612716677,0.9246244430541992,0.4458302557468414,0.6055986881256104,0.7115588784217834,0.516086995601654,0.7062788009643555,2.095881223678589,0.45500048995018,-0.6381606459617615,-0.3626407086849212,0.163109079003334,0.1570441275835037,0.2282535284757614,0.2980065047740936,0.0719357877969741,0.1655299365520477,0.1522157788276672,0.1204180046916008,-0.04943423345685,4.535595893859863,1.3441215753555298,1.5427407026290894,0.909777283668518,0.4626196622848511,0.5749465823173523,0.4987397193908691,0.7433871030807495,0.2959988117218017,0.7953733801841736,0.7042103409767151,0.4394136667251587,0.5025361776351929,0.0037687589449701,0.0019443517576232,0.0250953090508163,0.0084681392282209,30.58683011486638,1,Hyperfunktionelle Dysphonie,2298,u_n
-388.4222412109375,159.3527374267578,68.22196960449219,44.91424179077149,-11.2274751663208,-13.059432983398438,4.008667945861816,-12.147570610046388,-4.763967037200928,2.5272161960601807,-7.953274250030518,-6.043895244598389,-4.669895172119141,27.74213981628418,14.47254467010498,10.054065704345703,6.751257419586182,5.846377372741699,6.4452714920043945,8.764890670776367,6.443061351776123,5.505285739898682,6.505483627319336,3.717133283615112,3.929807186126709,3.675761222839356,-1.1313719749450684,-0.064405433833599,0.2166259139776229,0.1437729001045227,0.0003086458600591,0.0756515860557556,0.1987810879945755,0.080538734793663,0.086583137512207,0.1401927918195724,0.022496385499835,-0.0536117069423198,-0.014666199684143,4.449028015136719,1.4617105722427368,1.6188410520553589,1.0098741054534912,1.0077662467956543,0.7930722236633301,0.9612014889717102,0.8251841068267822,0.6885427832603455,0.6760475635528564,0.6754854321479797,0.6706901788711548,0.6038028001785278,0.7382737994194031,-0.0234540291130542,-0.0702445730566978,0.0040331711061298,0.1847194135189056,0.1406880468130111,0.0463163070380687,0.0666828975081443,-0.0410496443510055,-0.1023668646812439,-0.0136711318045854,-0.0129137448966503,0.0371888317167758,2.895660400390625,0.8215333223342896,0.6802162528038025,0.5984095931053162,0.8932726383209229,0.6816957592964172,0.588873028755188,0.6418195962905884,0.4982844889163971,0.5661528706550598,0.4307753443717956,0.3708192408084869,0.423851728439331,0.0109076196933573,0.0047126346659152,0.0283672288050394,0.0151094123902495,25.168544734003195,1,Hyperfunktionelle Dysphonie,2307,u_n
-334.8034362792969,127.75787353515624,56.039649963378906,20.08890151977539,-10.23221492767334,-11.094658851623535,-0.5553703904151917,-4.792510032653809,-3.2208406925201416,0.3523837327957153,-5.369695663452148,-7.574138164520264,-6.922666549682617,16.65338706970215,8.658435821533203,10.856624603271484,9.541682243347168,5.06834077835083,4.335196971893311,4.543420791625977,5.1352314949035645,4.8513503074646,4.131792068481445,3.450315475463867,3.7723915576934814,4.1568684577941895,-0.5720091462135315,-0.2236693799495697,0.2937298417091369,0.179534912109375,0.0183167997747659,-0.0122456140816211,-0.0165737010538578,-0.1319673359394073,-0.1263469755649566,-0.081219807267189,-0.044720709323883,0.0893828347325325,0.1420081555843353,1.2840042114257812,0.9328548312187196,0.8467198610305786,0.9175291061401368,0.7206807136535645,0.6728004217147827,0.6906895637512207,0.6692151427268982,0.607106626033783,0.6503826379776001,0.6156502366065979,0.5658405423164368,0.4018791019916534,0.185568705201149,0.1874029040336609,0.0704040676355362,0.0863575115799903,0.0972610712051391,0.085991583764553,0.0068366671912372,0.003889120183885,-0.0157734621316194,-0.0141805279999971,0.005308517254889,0.0094726756215095,0.001037769485265,0.7613490223884583,0.7571603655815125,0.6049103140830994,0.629594087600708,0.5163770318031311,0.5034691691398621,0.4724612236022949,0.4503723680973053,0.3871327638626098,0.389591634273529,0.4497010111808777,0.3974991738796234,0.3263178765773773,0.0057044268314885,0.0034608132551842,0.0229450490685733,0.0114388037425656,24.62805541515685,1,Hyperfunktionelle Dysphonie,2317,u_n
-334.9252624511719,186.6038360595703,40.9831428527832,43.06938934326172,-13.442861557006836,-26.471359252929688,-4.568732738494873,0.4425629675388336,4.755199432373047,2.829085111618042,-1.1054083108901978,-3.818932056427002,-8.057280540466309,19.04753494262696,8.457202911376953,5.012811660766602,7.06967830657959,6.772955417633057,8.11296272277832,5.110260486602783,4.110594749450684,3.65230655670166,4.613109111785889,5.641713619232178,7.056981086730957,4.378688812255859,-0.3250480592250824,-0.0811003074049949,-0.0017213786486536,0.0874303057789802,-0.103570319712162,-0.0899542942643165,-0.0488940887153148,-0.1124646291136741,0.1344737559556961,0.1109756082296371,-0.2004145383834839,-0.2001673132181167,-0.1612025201320648,3.2994959354400635,1.8635399341583248,0.7882483601570129,1.507388949394226,1.2548632621765137,1.2582124471664429,0.8409938812255859,0.5096866488456726,0.6507390737533569,0.6503962278366089,0.4609200060367584,0.6359153389930725,0.4449203908443451,1.109786033630371,-0.2698151171207428,-0.0927606746554374,-0.1783115118741989,0.3056585788726806,0.4003942012786865,-0.0251067597419023,-0.1409367322921753,-0.1373582929372787,-0.0400896593928337,0.0075953593477606,0.0449528060853481,0.0141462441533803,2.77971625328064,0.6998720169067383,0.5219778418540955,1.0336556434631348,0.7955713868141174,1.241848349571228,0.4557236731052398,0.4779010713100433,0.5558939576148987,0.4160604774951935,0.4282900094985962,0.4852701127529144,0.3372661769390106,0.0041457841639047,0.0022105633532057,0.0281759833098571,0.0142822203991188,25.78500128153455,1,Hyperfunktionelle Dysphonie,2331,u_n
-322.78375244140625,190.46495056152344,41.58788299560547,21.799251556396484,-14.1657133102417,-6.280684947967529,-0.3720884621143341,3.255227565765381,7.489136695861816,-1.2299227714538574,2.524928569793701,-8.245617866516113,-10.596073150634766,23.362154006958008,9.624116897583008,5.173620223999023,4.6184916496276855,5.324553489685059,3.777121543884277,3.5466010570526123,4.116915225982666,4.144856929779053,3.808381319046021,4.398528099060059,4.15123176574707,4.819061279296875,0.1467206627130508,-0.7372409701347351,-0.2693070471286773,0.1788246929645538,0.1252347826957702,0.0315117761492729,0.107804387807846,0.1723901182413101,0.1088617667555809,-0.0488566569983959,-0.1243090033531189,-0.1248342245817184,-0.2211179137229919,4.399497032165527,1.3371080160140991,1.02256178855896,0.6928312182426453,1.1461578607559204,0.7560487389564514,0.6062244176864624,0.7295169234275818,0.7725124955177307,0.7715141773223877,0.8095920085906982,0.704331636428833,0.7327251434326172,1.366746425628662,-0.2949003279209137,-0.0557188615202903,-0.0348443873226642,0.2035572975873947,0.1579953283071518,-0.0583640523254871,-0.1270986348390579,-0.1180737614631652,-0.0030012838542461,-0.1578644067049026,0.0564617738127708,0.1403257250785827,3.0140483379364014,0.9392789602279664,0.7708318829536438,0.9177309274673462,0.5867268443107605,0.687301754951477,0.4157129228115082,0.516211211681366,0.5325754880905151,0.5597383379936218,0.5700781345367432,0.4835528135299682,0.5979829430580139,0.0069426311885984,0.0042571005967705,0.0466859197012288,0.0238206497144694,22.77450005973547,1,Hyperfunktionelle Dysphonie,2338,u_n
-380.5350646972656,188.6043701171875,52.42824935913086,27.93328666687012,-11.933645248413086,-8.459121704101562,-3.252548217773437,-6.482350826263428,1.652989387512207,-7.039618968963623,-5.788028717041016,-5.868776321411133,-15.03172779083252,17.241838455200195,6.397217273712158,5.790565490722656,4.6614274978637695,4.703330039978027,3.5936267375946045,3.3777730464935303,3.364225149154663,3.886389970779419,3.3085711002349854,4.410708904266357,3.691739797592163,3.3609580993652344,-0.1852647513151168,0.196319967508316,0.0052750655449926,0.0194469839334487,-0.0262103304266929,0.025810906663537,0.0250846110284328,0.0124273793771862,0.0934505313634872,-0.0157218500971794,-0.0274282786995172,0.0113744940608739,-0.0635997131466865,3.003448963165283,0.857948362827301,0.758685827255249,0.8032130002975464,0.8220434188842773,0.6313620209693909,0.5414937734603882,0.5850498080253601,0.5863219499588013,0.498492032289505,0.6054181456565857,0.573631763458252,0.6697783470153809,0.5598738193511963,-0.1214086487889289,-0.0834228843450546,0.0491176433861255,0.1410359889268875,0.0730955302715301,-0.0457401201128959,-0.0181389693170785,-0.0361953265964984,-0.02940852381289,-0.0271156597882509,-0.0222887527197599,0.0224029514938592,2.324746370315552,0.6321559548377991,0.6666939854621887,0.587237536907196,0.6170997023582458,0.5143948793411255,0.4657419621944427,0.4383968710899353,0.4226382076740265,0.3647100031375885,0.3909632265567779,0.5080879330635071,0.4376181364059448,0.0024495753083238,0.0014574256385533,0.0172098963026377,0.0099042936961932,30.946135497207464,1,Hyperfunktionelle Dysphonie,2363,u_n
-358.01971435546875,165.93377685546875,83.10111999511719,64.9293441772461,-13.7970552444458,-27.11800003051757,-20.267240524291992,-16.2045841217041,4.537605285644531,-2.171070098876953,-5.4317946434021,0.3821415305137634,-6.637930870056152,32.08798599243164,7.168031215667725,8.73268985748291,7.841860294342041,4.586949825286865,4.569764614105225,3.622027158737183,5.136192798614502,4.425317764282227,5.604622840881348,3.496766328811645,3.123542547225952,3.772801637649536,-1.6470670700073242,-0.0364298075437545,0.4428908824920654,0.3556979298591614,0.0561538077890872,-0.143130362033844,0.0436036251485347,0.01256706379354,0.1362596154212951,0.1406344175338745,-0.0059295310638844,0.128166988492012,0.0412714518606662,4.894568920135498,0.9189954996109008,1.7241973876953125,1.5843830108642578,0.7966898083686829,0.8037754893302917,0.5984285473823547,0.6600163578987122,0.8974736928939819,0.5942043662071228,0.6841923594474792,0.4977712631225586,0.700224757194519,0.8465197086334229,-0.0071594188921153,-0.1631400138139724,-0.1697959899902343,0.1112938299775123,0.098114401102066,0.0420484729111194,0.0039967382326722,-0.019725551828742,0.0504340678453445,-0.0394356437027454,-0.0440092198550701,-0.0203914325684309,3.082661867141724,0.826848566532135,0.8168184757232666,0.8108673691749573,0.6165674328804016,0.6990710496902466,0.4914786219596863,0.3776082098484039,0.5209404230117798,0.4259512424468994,0.5481330156326294,0.324138194322586,0.4113816916942596,0.003129391681038,0.001655657414567,0.0229888375863848,0.0114741918013735,29.693906412184703,1,Hyperfunktionelle Dysphonie,2370,u_n
-382.6303405761719,139.30767822265625,57.7044792175293,69.33414459228516,16.143644332885742,-0.9647720456123352,-28.96220588684082,-19.62798309326172,9.39411735534668,-17.13689613342285,-9.474135398864746,-5.168251991271973,-2.4636318683624268,22.71339225769043,7.275019645690918,6.298166275024414,9.397087097167969,6.715975761413574,3.2582592964172363,7.127132892608643,4.745219707489014,4.590344905853272,3.565083265304565,3.289447069168091,2.826171875,4.132324695587158,-0.2743442952632904,0.0502679981291294,0.1355648636817932,0.0714177563786506,-0.068763144314289,0.0344389826059341,-0.0389304682612419,-0.0252586714923381,0.0348370559513568,-0.0713217332959175,0.0318610556423664,-0.0107865491881966,-0.049014613032341,3.62005877494812,1.039863348007202,0.9760401844978333,1.4874672889709473,0.5799015164375305,0.5393986701965332,1.1335432529449463,0.8276904821395874,0.6491867303848267,0.5199759006500244,0.5695754885673523,0.4296921789646148,0.486705482006073,0.6834560036659241,0.0650360360741615,-0.1279293298721313,-0.2198704034090042,-0.0062281065620481,0.0348108671605587,0.1238339990377426,0.0663928389549255,-0.0565278679132461,0.0546400882303714,0.0192222446203231,-0.0041167791932821,-0.0284855049103498,2.795171022415161,0.6467904448509216,0.6499418616294861,0.8883540630340576,0.4371151626110077,0.3956218361854553,0.5396978259086609,0.4005234837532043,0.3338842093944549,0.4170120060443878,0.4319519996643066,0.3127603530883789,0.3869294822216034,0.0020163874622614,0.0011125292514628,0.0283761917444934,0.0174919612629674,32.74535931173677,1,Hyperfunktionelle Dysphonie,2374,u_n
-401.98052978515625,148.43157958984375,75.65010070800781,40.7550048828125,-3.647034168243408,0.8209530711174011,-12.800992965698242,-23.093536376953125,-2.567834615707397,-9.651164054870604,-12.5701322555542,-16.32343101501465,-12.71079921722412,44.44829177856445,26.3012752532959,15.216365814208984,6.472658634185791,6.709392547607422,5.694526672363281,8.259020805358887,8.400796890258789,5.263049125671387,7.43144416809082,3.860466480255127,4.713021278381348,3.7666678428649902,-0.8045060038566589,-0.1833294630050659,-0.0796332359313964,0.0107403239235281,-0.06995140761137,-0.0362888574600219,-0.126983031630516,-0.2074350267648697,-0.1785001009702682,-0.2290485054254531,-0.122499756515026,-0.0328620560467243,-0.0806720256805419,7.984137058258057,3.4788854122161865,2.214176893234253,1.1979727745056152,1.0861531496047974,0.7731727361679077,0.8609753847122192,1.0232280492782593,0.5920224785804749,0.5474465489387512,0.4957872629165649,0.6682659983634949,0.5744680762290955,2.161474227905273,0.0516494959592819,-0.5619882941246033,-0.2056008577346801,0.1051468849182128,-0.0087187476456165,0.0450170375406742,0.172977477312088,0.0061531458050012,0.0658932477235794,0.1179735660552978,0.0590264797210693,-0.0165572501718997,5.596978187561035,1.95991313457489,1.5122427940368652,0.7344159483909607,0.5885730981826782,0.5360127091407776,0.5314972996711731,0.4633784592151642,0.3920494318008423,0.4567150473594665,0.4663958847522735,0.3875663876533508,0.326683908700943,0.0070951963826581,0.0033200420028091,0.0419312059035995,0.0156791416609214,27.43868054759957,1,Hyperfunktionelle Dysphonie,2378,u_n
-388.5144958496094,153.59181213378906,64.74109649658203,40.04930877685547,10.794182777404783,-12.971508979797363,-12.62985134124756,6.405448913574219,-6.45501184463501,-17.708242416381836,4.405594348907471,-2.081279754638672,-13.228943824768066,21.70754814147949,6.419295310974121,4.970927715301514,4.269675731658936,4.570165634155273,4.619666576385498,4.474143028259277,4.47310209274292,4.54350471496582,5.117918491363525,3.367650270462036,2.7909281253814697,4.057530403137207,0.0422893799841403,-0.1178569421172142,-0.0583146475255489,-0.0520602576434612,-0.0339276120066642,0.0217719245702028,0.009650582447648,0.038523219525814,0.0333229005336761,0.0342036075890064,0.023886352777481,-0.0335558056831359,-0.0408843234181404,3.3458261489868164,0.6017777323722839,0.8965939879417419,0.7170467376708984,0.7013418078422546,0.8482562303543091,0.6885758638381958,0.5608035922050476,0.5142738223075867,0.5831570029258728,0.5257929563522339,0.4921481013298034,0.5964417457580566,0.5479596853256226,-0.0016860644100233,-0.1537864357233047,-0.062857486307621,0.0223102774471044,0.0643205568194389,0.0443743057548999,-0.0013690654886886,-0.0161307267844676,0.0307702403515577,-0.0219026301056146,0.0048536187969148,0.0187268871814012,2.350505828857422,0.4360908269882202,0.7869918942451477,0.5912861227989197,0.4664731025695801,0.4647250175476074,0.4635786712169647,0.4230294227600097,0.3530773222446441,0.3869994580745697,0.3969409465789795,0.3170864284038543,0.3941642940044403,0.0014684344190303,0.0008784226896704,0.0100824009073285,0.0038848993564429,36.71091500370577,1,Hyperfunktionelle Dysphonie,2398,u_n
-366.1827697753906,170.2483367919922,34.66673278808594,46.29972457885742,-12.519974708557127,-6.347086429595947,-6.440165042877197,-2.143343448638916,-7.224693298339844,-12.80062770843506,1.2430564165115356,-8.03698444366455,-1.7468204498291016,23.19532966613769,5.487661838531494,4.253410816192627,6.074414253234863,5.982061386108398,4.988264083862305,3.748648881912232,4.936020851135254,4.443134784698486,3.877331495285034,3.408822774887085,3.263733625411988,3.5311098098754883,-0.4626840949058532,-0.1476270109415054,-0.0329737439751625,-0.0487629324197769,0.0868429020047187,0.0019528181292116,-0.0856845900416374,-0.0579103343188762,-0.0726369172334671,-0.0364418402314186,8.663193511893041e-06,0.0225746221840381,0.0538094043731689,3.9417433738708496,0.7957989573478699,0.7411956787109375,0.8544586896896362,0.7001412510871887,0.7449387311935425,0.6321770548820496,0.6935964226722717,0.6167448163032532,0.6976239085197449,0.5855010151863098,0.5307890772819519,0.5435659885406494,0.8694315552711487,-0.1097530573606491,-0.036726489663124,-0.1143629029393196,0.1575196832418441,0.0429605655372142,0.0205081924796104,-0.0303054880350828,-0.0052037765271961,0.0502777583897113,-0.0860113725066185,-0.0111331986263394,-0.0320796072483062,2.751445770263672,0.5545134544372559,0.4983716011047363,0.5866028666496277,0.7568786144256592,0.5085886120796204,0.4579753875732422,0.4507321715354919,0.4330198168754577,0.4885603487491607,0.4516810774803161,0.507112979888916,0.460643470287323,0.0032380242205955,0.0017550132029177,0.0261416220208438,0.0150119726760239,28.75462578638799,1,Hyperfunktionelle Dysphonie,2399,u_n
-346.75421142578125,191.1971740722656,75.95368957519531,37.427528381347656,38.55024337768555,11.292576789855955,-29.203338623046875,-22.56214714050293,7.575490951538086,7.520510673522949,-4.591920852661133,-11.033374786376951,-2.897332191467285,21.745317459106445,6.575911521911621,5.23081636428833,3.1843607425689697,3.5854618549346924,2.101171970367432,3.8496639728546143,3.385972261428833,2.4495890140533447,2.9182121753692627,2.551088333129883,2.786486387252808,2.625758171081543,0.3219494521617889,-0.1862584948539734,-0.0690186470746994,-0.0824598893523216,-0.0678123831748962,0.0181433428078889,0.0622594356536865,0.013520710170269,-0.0155558530241251,0.0132119879126548,0.0011541713029146,-0.0239637922495603,-0.0281892195343971,2.8285434246063232,0.6443561315536499,0.8499298095703125,0.4240117967128753,0.5202051401138306,0.33924400806427,0.6148156523704529,0.531456470489502,0.3211490511894226,0.3373335301876068,0.321543425321579,0.4399036169052124,0.3514537215232849,0.4034621119499206,-0.1158662587404251,-0.0906652957201004,0.0147344153374433,-0.068865992128849,-0.0051142615266144,0.091003231704235,0.0431132018566131,-0.050138670951128,-0.0342499502003192,0.0061917104758322,0.0386506915092468,-0.000983229605481,1.8819137811660769,0.5720551609992981,0.5911920666694641,0.3034124672412872,0.3813769519329071,0.2160869538784027,0.4847219288349151,0.2872129380702972,0.3241681456565857,0.2786546945571899,0.2416381537914276,0.2743991613388061,0.2432226687669754,0.0016604597214068,0.0007383673493971,0.0151157255938783,0.0061919208138037,32.31455146216653,1,Hyperfunktionelle Dysphonie,2420,u_n
-381.39556884765625,202.59326171875,91.6114273071289,53.32674789428711,13.620508193969728,-10.802401542663574,-23.75311279296875,-20.51098823547364,-18.7311954498291,-10.826794624328612,-6.462445259094238,-7.328585147857666,-4.147305011749268,33.81389236450195,11.317686080932615,12.952285766601562,7.728847980499268,4.191701889038086,7.202333450317383,5.142369747161865,3.775958299636841,5.875743865966797,3.863204717636109,3.777884721755981,5.742834568023682,3.399533033370972,0.0749854296445846,0.0365395061671733,0.1284162551164627,0.0584563575685024,-0.0127039598301053,0.0772044882178306,0.0442997552454471,-0.0002722388308029,-0.0841149538755416,-0.0135774062946438,0.0037706687580794,-0.0762429162859916,0.0079575041308999,6.342592239379883,2.270853042602539,2.3998141288757324,0.8930802941322327,0.6443551182746887,0.825498640537262,0.788081169128418,0.611553430557251,0.5701859593391418,0.5058625936508179,0.5036627650260925,0.4616552293300628,0.5046756267547607,1.4949313402175903,-0.5228974223136902,-0.5313330292701721,-0.1629402637481689,-0.0190867148339748,0.1302850991487503,0.1322372257709503,0.0508864372968673,0.0664187520742416,-0.0006992364069446,-0.0457777120172977,-5.7464552810415626e-05,0.0057099219411611,4.345012187957764,1.5415775775909424,1.5935403108596802,0.6145829558372498,0.3842442631721496,0.5743990540504456,0.5678227543830872,0.4058710038661957,0.416220873594284,0.3253373503684997,0.3587186336517334,0.3104499280452728,0.2796761691570282,0.0035585057483353,0.0016368438533052,0.0155360455071445,0.0078144986932364,28.60327997495082,1,Hyperfunktionelle Dysphonie,2425,u_n
-380.6354064941406,196.5966339111328,65.6778564453125,33.01481628417969,16.17070960998535,2.716358184814453,-1.9989513158798216,-10.80677318572998,-9.240365982055664,-6.808498382568359,9.131464958190918,0.8709499835968018,-14.781804084777832,26.64594459533692,10.229991912841797,7.167721748352051,6.5781683921813965,3.1245574951171875,7.080288410186768,4.040209770202637,3.580373287200928,3.671120166778565,4.413488864898682,5.1059250831604,5.217564105987549,4.252779483795166,-1.3142446279525757,0.3073318898677826,0.3974217474460602,0.1306134611368179,0.0121267149224877,-0.127889335155487,-0.07623752951622,0.0439458638429641,0.0279408656060695,-0.0569827184081077,0.194100946187973,0.0550561025738716,-0.2339899837970733,4.8045334815979,2.026956796646118,1.3108237981796265,0.7770342826843262,0.563775897026062,0.7665384411811829,0.4939251542091369,0.6032623648643494,0.6732293367385864,0.6352491974830627,0.5901210904121399,0.6339770555496216,0.7495776414871216,1.147814154624939,-0.3040993213653564,-0.1848926395177841,0.0632252395153045,0.0006917906575836,-0.0239921770989894,-0.0460854358971118,-0.0046357437968254,-0.0294911786913871,0.0693897902965545,-0.0242192242294549,-0.0179079826921224,0.1360512226819992,3.657858371734619,1.1683902740478516,0.6647194027900696,0.5024129152297974,0.2954573035240173,0.4491214752197265,0.3553470075130462,0.3971373438835144,0.4791004955768585,0.4831700921058655,0.4091453552246094,0.4123691916465759,0.6021717190742493,0.0045584908000359,0.0018126251023594,0.0224788379170255,0.0093313511131719,28.09235399478633,1,Hyperfunktionelle Dysphonie,2438,u_n
-386.0398559570313,154.42515563964844,76.73728942871094,50.25179672241211,-8.387235641479492,17.093931198120117,-8.752334594726562,-19.04218101501465,7.185327053070068,-7.528233528137207,-3.079733371734619,0.1658922135829925,-4.502258777618408,43.10722732543945,4.266298294067383,11.872308731079102,7.203222274780273,5.940937042236328,4.63900089263916,3.33695912361145,5.186525821685791,3.5156843662261963,3.535431385040283,4.52059268951416,3.124856948852539,3.176825046539306,-0.9921828508377076,0.2052341550588607,0.3202831149101257,0.1355078369379043,-0.1000309810042381,0.1299064606428146,0.0314980633556842,-0.0457067899405956,0.0813381820917129,0.0070787309668958,0.0270453058183193,0.0245452318340539,0.0006315492209978,8.202889442443848,0.5831304788589478,2.4093265533447266,1.631499171257019,0.7497113943099976,1.075875759124756,0.5791308879852295,0.9976627230644226,0.619217038154602,0.7140231132507324,0.7622283101081848,0.5568936467170715,0.550212025642395,2.5167956352233887,-0.1156911998987197,-0.5755071043968201,-0.335608422756195,0.1725161075592041,-0.1178004071116447,0.0967402979731559,0.1896841824054718,-0.1078729331493377,0.0908469930291175,0.0263735372573137,-0.0127691784873604,0.017997495830059,5.373616695404053,0.510880708694458,1.116123914718628,0.683142364025116,0.7008358240127563,0.50956130027771,0.5353742837905884,0.6722608208656311,0.3499876856803894,0.4828334152698517,0.5284927487373352,0.3640397191047668,0.4127175509929657,0.0031184320758023,0.0017353560786625,0.0189745155657782,0.0082123553930435,31.00287345798478,1,Hyperfunktionelle Dysphonie,2447,u_n
-329.7319641113281,200.5923309326172,56.93156051635742,42.7885971069336,10.779181480407717,-4.716241836547852,-4.209002494812012,-8.399874687194824,1.585696816444397,4.072237968444824,11.265913009643556,-8.876666069030762,-10.772727012634276,16.995365142822266,4.902769565582275,6.371716499328613,3.1239380836486816,5.5627264976501465,4.114750385284424,4.169623851776123,3.432729959487915,3.230560541152954,3.675224542617798,2.9825010299682617,3.325902223587036,4.452159404754639,-0.9466267824172974,0.2763057947158813,0.4274663627147674,0.0578517653048038,-0.2604723274707794,0.0819111987948417,0.1601130366325378,-0.1330474317073822,0.0996139571070671,0.2218138575553894,-0.0662615001201629,-0.0640986189246177,-0.070031888782978,2.806668281555176,0.9430586099624634,0.6006725430488586,0.5503121614456177,0.4605245888233185,0.6516768336296082,0.5706598162651062,0.5377758741378784,0.4176811873912811,0.6084429025650024,0.5085359215736389,0.464879035949707,0.4778341948986053,0.883433997631073,-0.1283010393381118,-0.1143595948815345,-0.0474483408033847,-0.0199167840182781,0.096850574016571,0.1438549757003784,0.1631971150636673,0.0057709631510078,0.0214447509497404,-0.0063101602718234,0.0559046156704425,0.0719043612480163,2.4655981063842773,0.610011637210846,0.3441742360591888,0.3841394186019897,0.3147355616092682,0.427812397480011,0.4871500730514526,0.4593378901481628,0.3519222438335418,0.3167608082294464,0.433180570602417,0.3457242250442505,0.368840217590332,0.0025200866560345,0.0011715187386548,0.0181536320031628,0.0088544609226579,30.65132068502103,1,Hyperfunktionelle Dysphonie,2449,u_n
-402.5103759765625,174.33953857421875,78.97858428955078,52.8121223449707,22.905977249145508,5.165410041809082,-10.49485969543457,-10.909384727478027,4.0460357666015625,-0.4916031956672668,-0.2469329833984375,5.365662097930908,2.003414869308472,23.949541091918945,5.353008270263672,7.9625654220581055,5.468247890472412,5.761804103851318,4.958078861236572,7.52631139755249,5.956698894500732,4.031143665313721,5.46435022354126,3.103429317474365,3.746392726898194,4.228273868560791,-0.5949660539627075,0.1217957958579063,0.1065217927098274,-0.0053068860433995,-0.0211776942014694,-0.0698143243789672,0.0173684135079383,0.0086252316832542,0.0375490486621856,0.0890684872865676,0.0429679341614246,0.0790415257215499,0.0178424939513206,3.9753012657165527,1.0033513307571411,1.0687425136566162,0.8464506268501282,0.8785378932952881,0.6916393637657166,0.911914050579071,0.6513696312904358,0.6054378151893616,0.546501874923706,0.4946876168251037,0.7171030640602112,0.5769913196563721,0.8249059915542603,-0.0861267521977424,-0.2376473397016525,-0.0661532878875732,-0.0121937803924083,0.0218354389071464,0.0749822109937667,0.0461963079869747,-0.0127264950424432,0.0183887481689453,-0.0195251610130071,-0.0241561587899923,-0.0074182106181979,3.270169496536255,0.5488525629043579,1.0438995361328125,0.6547119617462158,0.6410293579101562,0.4709959030151367,0.5746179223060608,0.4754600822925567,0.4542058408260345,0.4626081883907318,0.3526978492736816,0.474554032087326,0.4350841343402862,0.0034518193358606,0.0017131559928878,0.0170184350252664,0.0083471398080994,32.60619309090614,1,Hyperfunktionelle Dysphonie,2454,u_n
-366.9002990722656,204.630615234375,67.11261749267578,29.50505447387696,8.697309494018555,-2.4193761348724365,-11.246970176696776,-12.92230987548828,-12.375146865844728,-5.324476718902588,7.170591354370117,8.508468627929688,-4.830487251281738,35.80060577392578,12.909847259521484,8.951241493225098,3.039112567901612,3.603059768676758,4.196354389190674,3.921977996826172,3.673529863357544,3.742668628692627,3.8061795234680176,5.222474575042725,3.629925489425659,4.180060386657715,-0.1099911108613014,-0.0761257782578468,-0.095395341515541,-0.0472836345434188,0.0702835917472839,0.0756451934576034,0.1651066988706588,-0.0959470346570015,-0.1376835256814956,-0.1537753939628601,-0.0025588029529899,0.1311140805482864,0.1247014999389648,6.522303104400635,2.833484172821045,1.609042048454285,0.4786940515041351,0.6144058108329773,0.9787343144416808,0.6240010857582092,0.5759236812591553,0.5980802774429321,0.4840285181999206,0.7221689820289612,0.6300678849220276,0.6706621050834656,2.44118070602417,-0.667593240737915,-0.4638806879520416,-0.019272431731224,-0.1203399449586868,0.0213328413665294,0.2132827490568161,0.2023610323667526,-9.886949555948377e-05,0.015925021842122,-0.0895439535379409,-0.1818290203809738,0.0007521014194935,4.7170281410217285,1.3036376237869265,1.032016038894653,0.3420946300029754,0.395222395658493,0.3959097862243652,0.5882337093353271,0.5905871987342834,0.2882769107818603,0.3374056816101074,0.3721283972263336,0.4817098379135132,0.420215904712677,0.0038401400382863,0.001775779045478,0.0170464742821925,0.0077609960673447,29.319438474661776,1,Hyperfunktionelle Dysphonie,2463,u_n
-376.0419006347656,152.85931396484375,81.22344970703125,58.96492767333984,-23.5605525970459,15.314773559570312,-4.766296863555908,-24.87848854064941,1.3582167625427246,-9.905407905578612,-10.223502159118652,-4.08768367767334,-7.122257709503174,25.17066192626953,7.081141948699951,8.860851287841797,6.480440139770508,7.298906326293945,4.276845455169678,4.504276275634766,4.149693012237549,4.426562309265137,4.008884906768799,3.441612243652344,3.390641212463379,3.671422958374024,-0.8507526516914368,-0.0852554365992546,0.1094161123037338,0.1280411332845688,-0.0549863018095493,0.0600618608295917,0.090083934366703,-0.0409777015447616,0.0286106653511524,-0.0774062871932983,-0.0511433333158493,0.0516497008502483,-0.0019788413774222,3.5730817317962646,0.861207127571106,1.3102567195892334,0.9022020697593688,1.3651854991912842,0.7505098581314087,0.6931918859481812,0.7467703223228455,0.8203029036521912,0.7931247353553772,0.5922207236289978,0.452380359172821,0.5816580057144165,0.6851984262466431,-0.153498500585556,-0.2459383606910705,-0.0516018010675907,0.2179511338472366,-0.0163001399487257,0.014898519963026,0.0732394456863403,-0.1131737530231475,-0.0738762617111206,-0.0283684600144624,-0.0199767053127288,-0.0152936074882745,2.3819739818573,0.7628172039985657,0.843535304069519,0.4734142124652862,0.7940316200256348,0.56733638048172,0.4689413607120514,0.5075098872184753,0.5856356620788574,0.6537812352180481,0.5225001573562622,0.3687016665935516,0.4550076723098755,0.0072314351817934,0.0043145041455738,0.0322540771398095,0.0168247223704625,25.56196485893937,1,Hyperfunktionelle Dysphonie,2466,u_n
-353.7772521972656,180.1596527099609,80.3201904296875,49.88611602783203,-1.6608182191848757,-12.422950744628906,-2.717755079269409,-5.904212474822998,-2.288285732269287,0.3797758817672729,-0.8127696514129639,2.292020082473755,-2.067203521728516,17.51917266845703,8.334195137023926,9.43821907043457,7.412594318389893,4.604205131530762,4.692743301391602,2.999612808227539,3.893638610839844,3.657188415527344,4.934333324432373,4.669399738311768,3.6064341068267822,4.123508930206299,0.1755776703357696,-0.1681250929832458,-0.0429258346557617,-0.0133983269333839,-0.0118069481104612,-0.0327282138168811,0.0022111488506197,0.0035366278607398,0.0486252047121524,0.0876136571168899,0.0664757341146469,0.0788202956318855,0.0193985123187303,2.694633960723877,0.5344758629798889,1.1242899894714355,1.0226271152496338,0.7251878380775452,0.8091917037963867,0.5611962080001831,0.5105205178260803,0.5629493594169617,0.5205048322677612,0.498124212026596,0.4030631780624389,0.6271234750747681,0.4753138422966003,-0.0510172061622142,-0.1540397107601165,-0.0953030809760093,0.0946154668927192,0.0913559719920158,-0.0077760852873325,-0.0082061681896448,-0.0539045594632625,-0.0221366956830024,0.0034409069921821,-0.0145283294841647,0.0209696162492036,1.7615958452224731,0.4670892357826233,0.7215561270713806,0.639971911907196,0.6096381545066833,0.5911633968353271,0.4132774770259857,0.3473457098007202,0.4300456345081329,0.4178754091262817,0.3328140377998352,0.3401489555835724,0.4496389627456665,0.00362177191169,0.0020911724371282,0.0313415697358526,0.0148024304962752,24.86394317918344,1,Hyperfunktionelle Dysphonie,2471,u_n
-374.650146484375,138.255126953125,70.0449447631836,61.549095153808594,10.265722274780272,0.3251773118972778,6.454432964324951,-9.473650932312012,-6.340131759643555,-4.368348121643066,-12.094341278076172,0.4562823176383972,4.714961528778076,14.536117553710938,6.327149391174316,6.912253379821777,5.2537922859191895,3.947439193725586,3.761590003967285,3.3328397274017334,3.223550796508789,3.180053949356079,2.6960041522979736,2.7580904960632324,3.078439235687256,2.7871992588043213,-0.6226082444190979,-0.1154119819402694,0.1336297690868377,0.1350428611040115,0.0201812572777271,-0.0057308608666062,0.0277497638016939,-0.090416707098484,-0.0383592173457145,-0.0259058121591806,-0.0669170171022415,0.0362741611897945,0.0613693334162235,2.050415515899658,0.6767248511314392,1.1440672874450684,0.7499943375587463,0.7121801972389221,0.5587410926818848,0.627654492855072,0.5858566761016846,0.5409919619560242,0.4695299863815307,0.3964186608791351,0.564407467842102,0.4772460460662842,0.2690553367137909,0.033326793462038,-0.0903603285551071,-0.0563226528465747,0.0803513899445533,0.0763168185949325,0.01540351472795,-0.0199778638780117,-0.0304312426596879,-0.0126137426123023,0.0094693433493375,-0.0251230634748935,-0.0150709999725222,1.678089618682861,0.5224490165710449,1.0130071640014648,0.693596363067627,0.5530009269714355,0.4952008128166199,0.4421492516994476,0.4275533258914947,0.4393355846405029,0.4004289507865906,0.4048913717269897,0.428051620721817,0.3826880753040313,0.004504773172903,0.0026574543557573,0.0317762435146236,0.0122948967892336,25.675336359933432,1,Hyperfunktionelle Dysphonie,2479,u_n
-369.8883972167969,154.68212890625,79.39876556396484,75.48693084716797,14.470970153808594,-7.583042144775391,3.200152635574341,-1.172627091407776,-4.289637565612793,-3.736307621002197,-2.770448923110962,-0.2901584804058075,-4.2525410652160645,22.890365600585938,4.735982418060303,6.5677032470703125,7.416067123413086,5.004078388214111,4.8080902099609375,4.825567245483398,3.435002326965332,3.514019727706909,3.6065573692321777,2.742074012756348,3.608025550842285,2.758660078048706,-0.203633427619934,0.0438168607652187,0.0756142660975456,0.0944103822112083,0.0389030016958713,-0.0231698155403137,-0.0352204069495201,-0.035112302750349,-0.0223347283899784,-0.0205840207636356,0.0216845162212848,0.0376903638243675,-0.0026417523622512,3.0695693492889404,0.5833046436309814,1.087350368499756,1.074856877326965,0.5937037467956543,0.8112180829048157,0.5566575527191162,0.4931547939777374,0.4755643010139465,0.5086624622344971,0.4785637557506561,0.3668272495269775,0.5164235234260559,0.4033215045928955,-0.0032551728654652,-0.1455589681863784,-0.0951060056686401,0.0458859615027904,0.0816028788685798,0.0194108951836824,0.0025825153570622,0.0001380486792186,0.0033468601759523,0.0218814797699451,-0.0008327178657054,-0.0203524883836507,1.996699810028076,0.4256763458251953,0.8139855861663818,0.7061078548431396,0.4259327352046966,0.583901584148407,0.4150870740413666,0.3579385578632355,0.3625622391700744,0.3846927285194397,0.3603299558162689,0.3439274430274963,0.377902090549469,0.0023869566222176,0.0013390965015568,0.0157244340318726,0.0080956357241261,33.32162351729776,1,Hyperfunktionelle Dysphonie,2480,u_n
-367.6174621582031,173.3135223388672,48.69976043701172,35.98270034790039,-11.906694412231444,7.277013778686523,-6.04818058013916,-7.690788269042969,1.3498132228851318,-11.180584907531738,-2.82729434967041,-2.468327760696411,-5.938601016998291,31.319801330566406,10.418967247009276,9.581503868103027,6.732700824737549,5.749718189239502,4.937828540802002,4.244158744812012,4.049982070922852,4.029186725616455,4.298786163330078,3.8156278133392334,3.2102489471435547,4.17940092086792,-1.2399110794067385,0.5324580073356628,0.4654662311077118,0.1330073475837707,-0.1454495936632156,0.0106972036883234,0.1015799716114997,0.0393638685345649,0.1188240721821785,-0.0041875722818076,0.0364482179284095,-0.0022550879511982,0.1405137628316879,4.602021217346191,1.9103761911392207,0.6143123507499695,0.9311262369155884,1.0939151048660278,0.9995503425598145,0.971993088722229,0.6274340152740479,0.8060030341148376,0.8275432586669922,0.5973765850067139,0.5869656205177307,0.8365224599838257,1.018743634223938,-0.1633655726909637,-0.0624088570475578,0.0072015589103102,0.2866455912590027,-0.0468795299530029,0.0768301486968994,0.0729022622108459,-0.0443546809256076,0.0314971469342708,-0.049957737326622,-0.0130820162594318,0.0312681831419467,3.102172613143921,0.7900188565254211,0.4547429382801056,0.6011855006217957,0.8699187636375427,0.6287732124328613,0.5267142057418823,0.4983041286468506,0.5049139261245728,0.540963351726532,0.4178012907505035,0.4577042758464813,0.5460984110832214,0.0030964026695983,0.0017418054501843,0.0256513745822747,0.0138529541377143,27.970630140428533,1,Hyperfunktionelle Dysphonie,2482,u_n
-422.6748962402344,153.52931213378906,88.50495147705078,85.67720031738281,16.110538482666016,24.52471923828125,20.08304214477539,-10.171223640441896,-1.4933010339736938,-3.354292869567871,-9.747021675109863,-9.8993501663208,-5.225841045379639,40.21010971069336,10.451764106750488,13.680091857910156,12.960183143615724,8.651153564453125,5.958668231964111,5.335348606109619,5.879302024841309,4.586367130279541,5.054359436035156,4.690089702606201,4.324148178100586,5.180419445037842,-0.3077301979064941,-0.0803209394216537,-0.0190660450607538,-0.0069523374550044,0.1186819672584533,0.0402118153870105,0.033818032592535,-0.014097080565989,-0.0543165020644664,-0.0179750975221395,-0.0808642134070396,-0.0605916529893875,-0.0728552043437957,6.882237911224365,1.3245196342468262,2.591778039932251,2.485128402709961,0.8515172600746155,0.9169715642929076,1.0063161849975586,0.9322465062141418,0.7921844720840454,0.9567078948020936,0.8023877739906311,0.7570714950561523,0.8411732912063599,1.3064517974853516,-0.180952712893486,-0.3873961865901947,-0.2861528098583221,0.077836237847805,-0.0337389595806598,-0.0604762434959411,0.0933035910129547,0.0259082447737455,0.0287054572254419,0.0392813421785831,0.0281841494143009,-0.0324736721813678,3.683205604553223,1.0043628215789795,1.035343050956726,0.9137396812438964,0.7834122776985168,0.5787150859832764,0.6502770781517029,0.5160809755325317,0.5471999049186707,0.5598745942115784,0.5745809078216553,0.4703222811222076,0.6496681571006775,0.0061547046815079,0.0030755698248428,0.0227653207541355,0.0126372918518077,27.12373057661949,1,Hyperfunktionelle Dysphonie,2487,u_n
-349.294677734375,172.20277404785156,83.61528015136719,78.15684509277344,34.571990966796875,-10.677661895751951,-12.687368392944336,-3.8418056964874254,5.740214824676514,-6.531664371490479,-5.227524280548096,7.864908218383789,6.919670104980469,17.59517478942871,5.05106258392334,11.39416790008545,4.031210899353027,9.285319328308104,3.904074668884277,5.30916166305542,4.765116214752197,3.966811418533325,4.638051986694336,4.566784381866455,3.3160479068756104,3.092155933380127,0.2104144096374511,-0.111392468214035,0.0788124576210975,0.0141466371715068,-0.0751984342932701,0.0163696724921464,0.0621974878013134,0.0018860738491639,-0.0113324979320168,0.0165543165057897,0.0230420138686895,0.0176077857613563,-0.0082715936005115,1.5212322473526,0.6127504110336304,0.9023826718330384,0.7347072958946228,0.5934001207351685,0.5891449451446533,0.5939638018608093,0.5778095126152039,0.4999533593654632,0.445898950099945,0.4665808379650116,0.4865500926971435,0.4252018630504608,0.1587806493043899,0.0241233333945274,-0.1169794276356697,-0.093126930296421,-0.0042980946600437,0.065149113535881,0.0455086380243301,-0.0207545813173055,-0.0488456636667251,0.0001526433770777,0.0523715876042842,0.0245233923196792,0.0017077135853469,0.9221923351287842,0.3472781777381897,0.6452510952949524,0.5390914678573608,0.3204732239246368,0.4997130334377289,0.3817678391933441,0.3439985513687134,0.3706275820732116,0.3022111356258392,0.3596713840961456,0.3226493299007416,0.3186049461364746,0.0036196797738269,0.0016263711187965,0.0259794427052815,0.011607001893211,28.008836163333022,1,Hyperfunktionelle Dysphonie,2492,u_n
-285.0354309082031,147.03172302246094,54.814239501953125,69.73910522460938,-13.813583374023438,40.57585906982422,-30.562877655029297,-25.90480232238769,10.467894554138184,9.70107078552246,-13.0314302444458,-12.39207935333252,-2.550124406814575,15.965971946716309,5.371374130249023,7.930934906005859,9.44959545135498,7.612200736999512,7.217348575592041,6.924750804901123,4.945531368255615,4.944687366485596,5.346414566040039,4.150282859802246,5.368795394897461,5.681985855102539,-0.165101483464241,0.0176359806209802,0.0837859958410263,0.1019801273941993,-0.0378566235303878,-0.0138394068926572,-0.0284310542047023,-0.0852204114198684,0.0077490122057497,-0.0098371589556336,0.029146546497941,0.0567981638014316,-0.0482059605419635,2.5153942108154297,0.786531388759613,0.836453914642334,0.8367140889167786,0.980181872844696,0.8807405233383179,0.8414717316627502,0.6609232425689697,0.5951727628707886,0.5942046046257019,0.7596662044525146,0.6919281482696533,0.6786503195762634,0.4043115377426147,-0.0287845525890588,-0.0559955090284347,-0.0708097070455551,0.1094475463032722,-0.0860164836049079,0.0573272593319416,0.0485160015523433,-0.0388610213994979,-0.0522685907781124,0.0175866521894931,0.0245865993201732,0.0044021573849022,1.9228700399398804,0.4735385179519653,0.556331992149353,0.6233418583869934,0.6177455186843872,0.557579755783081,0.4613107740879059,0.435411274433136,0.4382909536361694,0.4223501682281494,0.444249153137207,0.4127217829227447,0.422430545091629,0.0027357727200527,0.0011728622028527,0.0111269171262903,0.0048503981476059,29.994971950605205,1,Hyperfunktionelle Dysphonie,2517,u_n
-341.4974060058594,178.41265869140625,98.98088836669922,62.06295394897461,-4.280234336853027,12.68701457977295,-10.262855529785156,2.5196127891540527,-10.640013694763184,-22.57230758666992,25.15475845336914,4.199977874755859,-5.509592056274414,29.73579216003418,6.555978775024414,10.7740478515625,7.40988302230835,11.743408203125,6.7073845863342285,4.593673229217529,6.237522602081299,7.172697067260742,6.146604061126709,4.777616500854492,3.8089966773986816,4.0832366943359375,-0.8516990542411804,0.1683321446180343,0.1138730123639106,0.0836293250322341,0.0985151976346969,-0.0270522218197584,-0.0208326801657676,-0.0896264016628265,-0.0684898942708969,-0.0162635594606399,0.1042307615280151,0.0800336375832557,-0.0415521524846553,2.752023696899414,1.1973073482513428,1.6686732769012451,1.0181846618652344,1.3636012077331543,0.8365727663040161,0.7644203305244446,0.7072268128395081,0.7096928954124451,0.7334597706794739,0.7999773025512695,0.6230541467666626,0.5858104825019836,0.5048439502716064,-0.0449413284659385,-0.2212953120470047,-0.0880329310894012,0.1816853284835815,0.0034022363834083,0.04039091989398,-0.0446779355406761,0.0045803398825228,0.0928122699260711,-0.0856195241212844,0.009669336490333,0.061847124248743,2.3841869831085205,0.6242885589599609,1.174193263053894,0.6248378157615662,0.8581779599189758,0.4988590776920318,0.4072481691837311,0.4169928133487701,0.4510551989078522,0.5781193375587463,0.4717930853366852,0.4774426519870758,0.4388571679592132,0.0041576122091763,0.0016059761387707,0.0260714503934014,0.0125413958837163,26.90530332288995,1,Hyperfunktionelle Dysphonie,2521,u_n
-370.9075622558594,178.39959716796875,67.77229309082031,32.54446792602539,2.1912474632263184,-2.36281418800354,3.654127836227417,0.5987783670425415,6.3325676918029785,5.736100196838379,-2.396672248840332,-1.6041178703308103,-4.205988883972168,36.60492706298828,18.40509986877441,9.19477653503418,6.6902360916137695,6.615484714508057,5.492228984832764,9.178101539611816,5.914122104644775,4.706289291381836,3.951864004135132,5.604100227355957,4.548152446746826,3.7563681602478014,-0.9313907623291016,-0.9473224878311156,-0.3675616979598999,-0.2337942719459533,-0.0832979530096054,0.1671709716320037,0.4499133825302124,0.2898233234882355,0.0737067386507988,0.1491024792194366,0.0607535913586616,-0.059755690395832,0.088902436196804,5.037834644317627,2.111368179321289,1.2715147733688354,1.076034426689148,0.9557149410247804,0.8932628035545349,1.2216681241989136,0.7783850431442261,0.9182421565055848,0.5516165494918823,0.9548987746238708,0.7424638867378235,0.7501934766769409,1.7744064331054688,-0.4593097269535064,-0.5139370560646057,0.067347303032875,0.235687643289566,0.1767120063304901,0.0502411052584648,0.0285700839012861,-0.1990243047475814,-0.122619554400444,-0.0176035147160291,-0.0747815743088722,-0.0092860730364918,3.863458156585693,1.152999997138977,1.3329081535339355,0.5976620316505432,0.8215659856796265,0.609606146812439,0.5961923003196716,0.7138837575912476,0.690919816493988,0.7858670353889465,0.7081964612007141,0.58076411485672,0.5513251423835754,0.0148760581176862,0.0078629530261881,0.0362563825561503,0.0160394693855417,24.565424179778656,1,Hyperfunktionelle Dysphonie,2523,u_n
-360.8810424804688,189.6439208984375,53.0788459777832,23.25110244750977,-1.7881817817687988,7.107563018798828,4.547305583953857,-4.408943176269531,2.1619176864624023,1.0128204822540283,-3.154945373535156,-2.053887367248535,-4.559750556945801,17.074968338012695,9.8158597946167,12.12287139892578,8.309329986572266,6.3948588371276855,4.7944512367248535,5.167237758636475,5.209609031677246,3.458360433578491,4.372072219848633,3.7936041355133057,3.549143552780152,4.8472819328308105,0.4223331212997436,0.1364665925502777,0.2308387756347656,0.0670014768838882,-0.0830677151679992,-0.0774780958890914,-0.0562548339366912,-0.0207859799265861,-0.0312953814864158,-0.0469591841101646,-0.0143740782514214,-0.0401039198040962,-0.094615526497364,2.8354196548461914,1.627362608909607,2.209164619445801,1.623526692390442,1.013229489326477,0.7116328477859497,0.90509295463562,0.8803402185440063,0.6835446953773499,0.6545072793960571,0.6275830864906311,0.5583745837211609,0.6055349707603455,0.5104188323020935,-0.3798992037773132,-0.0981453657150268,0.0923200920224189,0.1113346666097641,0.0202630590647459,0.0316326655447483,0.0526759140193462,-0.0255256723612546,0.020134063437581,0.018445324152708,-0.0143925845623016,-0.01836459338665,1.6457204818725586,1.2857261896133425,1.1480836868286133,0.8252285122871399,0.6219252347946167,0.5165861248970032,0.626672089099884,0.502948522567749,0.4565282464027405,0.5353110432624817,0.5184641480445862,0.514022707939148,0.5155726671218872,0.0092504133782218,0.0042623655915546,0.0540983129094003,0.0248249209114099,19.859168080731507,1,Hyperfunktionelle Dysphonie,2526,u_n
-339.3927307128906,180.14013671875,74.089599609375,35.45389938354492,-21.73421096801757,-5.121827602386475,-5.604799747467041,-10.79623031616211,15.27503490447998,4.464519500732422,2.531001329421997,-7.39188814163208,-13.296489715576172,20.018234252929688,10.00881004333496,6.442057132720947,6.523181438446045,6.846525192260742,4.182350158691406,4.452847480773926,4.370973587036133,4.348572254180908,3.6292741298675537,3.680139780044556,3.3367977142333984,3.860853672027588,0.1178336292505264,-0.1843158900737762,-0.0621009916067123,0.0418941229581832,-0.0058960411697626,-0.0022555249743163,0.0098803304135799,-0.018446397036314,-0.0147249298170208,0.018329044803977,0.0079179061576724,-0.0392080768942832,-0.0153525304049253,3.025619983673096,0.5682834982872009,1.110966682434082,0.8358314633369446,1.0850626230239868,0.619158923625946,0.4944043457508087,0.6474896669387817,0.7819185853004456,0.6338441371917725,0.5637563467025757,0.5696297883987427,0.562759280204773,0.4565949141979217,-0.0592415370047092,-0.0972073674201965,0.0190086383372545,0.1472723931074142,0.0384878404438495,0.0037537782918661,0.0477063730359077,-0.0525578446686267,-0.0529381670057773,-0.0354385264217853,0.0163175072520971,-0.0030746001284569,1.9905465841293333,0.527993381023407,0.7017204165458679,0.6525341868400574,0.7697744369506836,0.4554241597652435,0.3917261362075805,0.5023875832557678,0.5077926516532898,0.4341655373573303,0.4328707158565521,0.3978487551212311,0.4538207352161407,0.0047741575734058,0.0028446031281787,0.0321940587748787,0.0180956626540754,26.44980821010226,1,Hyperfunktionelle Dysphonie,2540,u_n
-398.0179138183594,173.02468872070312,64.14523315429688,50.23511505126953,23.161645889282227,-6.38831901550293,-21.760482788085938,18.73426055908203,19.80988121032715,-6.267837047576904,-9.780365943908691,-4.099689960479736,-10.10225772857666,27.192358016967773,11.318928718566896,6.788923740386963,6.223317623138428,6.775737285614014,4.876203536987305,5.637863159179688,6.001815319061279,4.755874633789063,4.64622163772583,2.945657253265381,3.27040696144104,3.332625150680542,-0.1617121547460556,-0.3774643540382385,-0.0487696640193462,-0.0308645889163017,0.0081402286887168,-0.0033569294027984,0.0273073706775903,-0.0981720462441444,0.0022531973663717,0.0419572629034519,0.0807670056819915,0.0463801324367523,-0.0168604776263237,2.9637768268585205,0.9728750586509703,1.0196102857589722,0.6346328258514404,0.7677507400512695,0.7936683297157288,0.902072548866272,0.4954180717468261,0.722210705280304,0.4973861575126648,0.3676075041294098,0.5414275527000427,0.5516400933265686,0.5849793553352356,0.0535385683178901,-0.1489156037569046,-0.062366846948862,0.0263013131916522,0.0746104568243026,0.1277972012758255,-0.0168563406914472,-0.0790621787309646,0.0369311012327671,0.008020993322134,0.0004808038356713,0.0368380546569824,2.151360988616944,0.7092506289482117,0.5759975910186768,0.5000866055488586,0.5026671290397644,0.5223966836929321,0.5961182117462158,0.3600155413150787,0.4639570116996765,0.3771704733371734,0.2688724100589752,0.3444990515708923,0.3732842206954956,0.0053087379114974,0.0029730946630309,0.0198078972211255,0.0109065711454323,28.740920864832106,1,Hyperfunktionelle Dysphonie,2545,u_n
-352.7817687988281,186.8889617919922,75.88441467285156,47.287200927734375,0.1535201519727707,10.762163162231444,-8.965744972229004,-9.092658042907717,5.769096851348877,-10.644845008850098,7.160161018371582,-3.2960593700408936,-9.697751998901367,28.16423225402832,7.418366432189941,9.060979843139648,4.731091022491455,4.995875835418701,4.056178092956543,5.259628772735596,3.369957685470581,4.036030292510986,3.760186195373535,3.789815187454224,3.615025758743286,3.517439365386963,-0.9409675598144532,0.1934514343738556,0.1922956109046936,0.0704722329974174,-0.0912194773554802,0.1015295013785362,-0.0878804102540016,0.0174116604030132,0.1388407796621322,-0.0477700270712375,0.078225240111351,-0.079990454018116,-0.0594966486096382,4.838343620300293,1.2347129583358765,1.1455610990524292,0.8827337026596069,0.838883638381958,0.5768139362335205,0.6938084363937378,0.6561129689216614,0.6815264821052551,0.561589777469635,0.611657440662384,0.5579059720039368,0.6345726847648621,0.8471928834915161,-0.1304180473089218,-0.2070572972297668,-0.0524904765188694,0.067432701587677,0.0394792258739471,0.0343679226934909,0.0146759273484349,-0.014301573857665,0.0038336717989295,-0.035899631679058,-0.0066524124704301,0.0026932656764984,3.5599868297576904,1.1652759313583374,1.0525821447372437,0.5539658069610596,0.6556637287139893,0.5206542015075684,0.4626602828502655,0.406669944524765,0.4218724370002746,0.3589096069335937,0.3472701907157898,0.4247367978096008,0.4422616958618164,0.0101824013038574,0.0066218371885699,0.0240680935187337,0.0147245407203064,28.57509150283524,1,Hyperfunktionelle Dysphonie,2546,u_n
-360.1720886230469,171.5174560546875,55.35081481933594,52.90864944458008,3.522287130355835,-15.031598091125488,-15.58299446105957,-1.8250598907470703,7.422459602355957,-9.550415992736816,-1.943579077720642,4.24522066116333,-9.096271514892578,37.86048126220703,12.03705883026123,12.407504081726074,12.979772567749023,8.635050773620605,12.282722473144531,8.3505220413208,6.009344577789307,6.514768600463867,10.13300609588623,5.829601764678955,3.073575258255005,4.279429912567139,-1.6763657331466677,-0.2126952558755874,0.1514750123023986,-0.2444008588790893,-0.0334757380187511,0.1630729287862777,0.0973187014460563,0.0495254844427108,0.3142162561416626,0.4424626529216766,0.2565137147903442,0.178646981716156,0.0591117180883884,4.2322845458984375,1.720496416091919,1.4217431545257568,1.8726904392242432,1.421422243118286,1.5243321657180786,1.0365853309631348,1.160016655921936,0.9559578895568848,0.8899866342544556,0.5779061913490295,0.5829684734344482,0.640916645526886,1.1420035362243652,-0.1107207536697387,-0.194387599825859,-0.0813489258289337,0.1302410364151001,0.2246034145355224,0.1444946378469467,0.0438683927059173,-0.0634810626506805,0.0093689113855361,-0.0199382826685905,-0.0814282074570655,0.048400804400444,3.1670312881469727,0.8596876859664917,0.9266705513000488,0.9534705877304076,0.8291619420051575,0.827900230884552,0.5656951665878296,0.7752843499183655,0.5323853492736816,0.5246073603630066,0.4646696150302887,0.3266425728797912,0.3631812632083893,0.0035993975199944,0.0017275751228253,0.0230441456685562,0.0102591660962592,29.376623287759784,1,Hyperfunktionelle Dysphonie,2553,u_n
-275.25848388671875,102.97097778320312,55.58419418334961,88.0760269165039,-43.82933044433594,15.164554595947266,-2.705014228820801,-21.463924407958984,-10.469070434570312,4.057969093322754,0.5612500309944153,-3.554312467575073,4.083548069000244,13.662701606750488,4.586319923400879,6.761267185211182,6.775203704833984,4.434328079223633,3.9752755165100098,4.621954441070557,5.010901927947998,5.682432174682617,3.873165845870972,4.767736911773682,3.592888355255127,3.898676872253418,-0.2136169523000717,0.0136105511337518,0.2733948826789856,0.086671382188797,-0.0812284648418426,-0.0455943904817104,0.0190656967461109,-0.0401359573006629,0.0028327137697488,0.0857120752334594,-0.049425758421421,-0.0944247245788574,-0.0567790865898132,2.0595972537994385,0.761028528213501,1.242169737815857,1.1284356117248535,0.7582516074180603,0.653752326965332,0.649286150932312,0.6543782949447632,0.8284139037132263,0.6084485054016113,0.6205781698226929,0.5581069588661194,0.6428815722465515,0.254630833864212,0.0736059844493866,-0.1107912808656692,-0.1562824845314026,0.0806571096181869,-0.0144435362890362,0.0284630041569471,0.0639286562800407,0.0864723622798919,0.0154214352369308,0.0250996332615613,-0.030300049111247,0.0089720087125897,1.0326602458953855,0.4831146001815796,0.6568952798843384,0.7494752407073975,0.5544766187667847,0.5479194521903992,0.5026801228523254,0.4464862048625946,0.4932471513748169,0.5075873732566833,0.4806136786937713,0.3930115103721618,0.5137573480606079,0.0350474952879381,0.022136928585309,0.1985299903660739,0.1094890599847843,11.762510228733708,1,Hyperfunktionelle Dysphonie,2572,u_n
-370.01361083984375,159.1160125732422,44.76424026489258,32.00042724609375,-16.33078956604004,11.675000190734863,-14.935317039489746,-3.096691608428955,4.768256187438965,-5.051257610321045,0.7465832829475403,-12.150403022766112,-2.536284685134888,13.22157096862793,8.050017356872559,6.778602123260498,10.850543975830078,6.591946601867676,6.481895923614502,7.486108303070068,4.161660671234131,3.376441717147827,5.722925662994385,3.7285830974578857,5.826692581176758,4.776238441467285,-0.4452794790267944,0.0811169296503067,0.0462249740958213,-0.1656631380319595,-0.1437626183032989,-0.2039609253406524,0.1559604853391647,0.0663975924253463,-0.0519963577389717,0.1130175217986106,0.0464857220649719,0.2008083760738372,0.0202547311782836,1.723204493522644,1.0359779596328735,0.96110200881958,1.3104033470153809,1.3046032190322876,0.7223802208900452,0.7573768496513367,0.6855303049087524,0.387777179479599,0.6830666661262512,0.5944041013717651,0.7359919548034668,0.6744011044502258,0.3372260630130768,0.1672739684581756,0.0790557041764259,0.1547299772500991,0.270735889673233,0.0616746693849563,0.1689791828393936,0.0565702356398105,-0.0518248192965984,-0.0203984454274177,-0.0375782661139965,0.1052423641085624,0.0110608031973242,1.0477975606918335,0.7025747299194336,0.5623627305030823,0.6462252736091614,0.7627204656600952,0.658763587474823,0.6434299349784851,0.4848708510398865,0.3517939746379852,0.5864927768707275,0.5013123750686646,0.5260704159736633,0.4864768087863922,0.0034931650914234,0.001845638985234,0.0266033678907845,0.0137733059381455,26.351229510446142,1,Hyperfunktionelle Dysphonie,2577,u_n
-332.24383544921875,148.90663146972656,70.11129760742188,40.5861930847168,-21.62541389465332,2.802065372467041,-17.659751892089844,-17.386362075805664,9.491570472717283,0.1910097450017929,-9.73528289794922,-19.179426193237305,-21.77134895324707,25.2893295288086,8.581265449523926,6.430522441864014,5.780027389526367,5.310542106628418,3.5816490650177,3.7353947162628174,3.2118608951568604,4.711421489715576,3.4404561519622803,3.342834234237671,4.136224269866943,4.501121520996094,-0.8973564505577087,-0.0843118876218795,0.1475545018911361,0.1172290369868278,-0.0703947469592094,0.0336687415838241,-0.0443793646991252,0.0018356839427724,0.0880633294582367,0.0153302690014243,0.0019322923617437,-0.054505567997694,-0.0635545924305915,4.095960140228272,0.6390366554260254,1.082334041595459,0.649707555770874,0.8077883720397949,0.5906860828399658,0.6600916981697083,0.4669907987117767,0.6224061250686646,0.5607211589813232,0.6106323599815369,0.6102280020713806,0.6149450540542603,0.6078435182571411,-0.0481013394892215,-0.1261156499385833,-0.0170310884714126,0.106041245162487,-0.0100464541465044,0.0166093353182077,0.0561929121613502,-0.0252353381365537,-0.0305142737925052,0.0061251041479408,0.0270146988332271,0.0244582090526819,2.7515344619750977,0.6450226902961731,0.7114745378494263,0.4354824721813202,0.7008917927742004,0.4746118485927582,0.4291431605815887,0.4487978518009186,0.5429569482803345,0.4136360883712768,0.443576455116272,0.4654033184051513,0.4281163811683655,0.0089849033446097,0.0057664700648007,0.0207396784005898,0.010898198626368,27.5016397639374,1,Hyperfunktionelle Dysphonie,2589,u_n
-407.7288513183594,167.4790496826172,62.94325637817383,35.81646728515625,-1.2683240175247192,4.838949680328369,-3.338393449783325,-7.075982093811035,-2.7515010833740234,-4.235395908355713,-5.828510284423828,-10.603700637817385,-2.429377794265747,38.38555145263672,7.128970146179199,8.207833290100098,4.409439563751221,4.880040645599365,3.868005990982056,4.548717021942139,3.606884717941284,3.5218377113342285,3.965418577194214,3.867255210876465,3.63470196723938,3.8212056159973145,-1.0295624732971191,0.210735484957695,0.123840719461441,0.0844625607132911,0.0752482935786247,0.0216401144862175,0.0179116055369377,0.0681838393211364,0.1014987304806709,0.0949422046542167,0.0936818942427635,0.0587602518498897,0.0301671773195266,6.770534038543701,1.247543215751648,1.6374248266220093,0.819947361946106,0.9205378293991088,0.6516490578651428,0.8810587525367737,0.621829628944397,0.7046365141868591,0.638786256313324,0.5904386043548584,0.6775650978088379,0.5321182012557983,2.145785093307495,-0.2233507186174392,-0.4456794559955597,-0.1023348718881607,0.1200350448489189,0.0088025527074933,4.68875041406136e-05,0.0372588112950325,0.0543841049075126,-0.0225842352956533,-0.0107516152784228,0.0671926364302635,-0.0111916558817029,5.206842422485352,0.755565881729126,1.2042546272277832,0.6136897206306458,0.5829520225524902,0.4269671738147735,0.6081076860427856,0.4748122692108154,0.4169386029243469,0.5516598224639893,0.4066708087921142,0.5086386203765869,0.4642095565795898,0.0030516005320382,0.0017162181849424,0.0224197541563186,0.0106282743672129,31.77993745531768,1,Hyperfunktionelle Dysphonie,2590,u_n
-389.50982666015625,170.36013793945312,45.5650520324707,33.635520935058594,-16.685876846313477,-18.55106544494629,-14.213018417358398,-2.058305263519287,-15.784540176391602,-8.27125072479248,16.630840301513672,-18.613306045532227,0.6896032094955444,26.463350296020508,5.844730854034424,6.980072498321533,9.216224670410156,7.725557804107666,4.964465618133545,4.318735599517822,4.285240173339844,6.021016597747803,4.951227188110352,4.804238319396973,3.6522812843322754,3.283384084701538,-1.186328411102295,0.211105614900589,0.1944367587566375,0.0061049996875226,-0.2133642882108688,-0.0591918304562568,0.0551442690193653,0.1807248592376709,0.1219554916024208,0.1366649270057678,0.169522225856781,-0.1053109392523765,0.0063045746646821,4.691327095031738,0.6793262362480164,0.8137420415878296,1.0403984785079956,0.6638770699501038,0.7453000545501709,0.6697145700454712,0.7257773876190186,0.6440733671188354,0.7025739550590515,0.9966288805007936,0.6534194946289062,0.6101894378662109,1.122545599937439,-0.0157266911119222,-0.116266943514347,-0.1456803083419799,0.0728611573576927,0.0721512213349342,-0.0051987590268254,-0.0051802187226712,0.0998615175485611,0.0185036901384592,-0.1267091035842895,0.1101700067520141,-0.0354917161166667,3.519816637039185,0.7087081670761108,0.687255859375,0.6746094822883606,0.432729423046112,0.4010790884494781,0.562305212020874,0.4495681524276733,0.5025713443756104,0.4740019142627716,0.4648391902446747,0.4863434135913849,0.4086832106113434,0.0017227755203839,0.0008802967138011,0.014251338496482,0.0074084207300825,32.154409871614966,1,Hyperfunktionelle Dysphonie,2591,u_n
-357.6307983398437,176.05596923828125,17.35898208618164,48.46436309814453,-11.251888275146484,-14.83794403076172,-18.25051498413086,-0.9390885233879088,5.186863422393799,-28.65007209777832,3.5905864238739014,1.1087054014205933,-17.644969940185547,26.387205123901367,6.751897811889648,9.1432466506958,5.528769016265869,8.818767547607422,6.9398112297058105,5.0204362869262695,3.977625608444214,3.346729755401612,8.790914535522461,3.93301773071289,3.840290546417236,4.733333587646484,-1.7487674951553345,0.3502567410469055,0.3526897728443146,0.0262056607753038,0.0059557505883276,-0.2707705199718475,-0.1688871830701828,-0.2149845659732818,0.014221005141735,0.223710224032402,-0.0090037891641259,-0.0012413586955517,0.0166368782520294,3.4707179069519043,0.769840657711029,1.2931849956512451,0.9353546500205994,1.311148166656494,0.9693516492843628,0.9676975011825562,0.4961235225200653,0.639986515045166,1.0226619243621826,0.7217820286750793,0.8523924946784973,0.710890531539917,1.121008038520813,-0.126974418759346,0.3016223311424255,-0.1365262567996978,0.1713243275880813,0.055337831377983,0.0147324008867144,-0.0416779853403568,-0.0853529945015907,0.2172378152608871,-0.0800304412841796,-0.1695103794336319,-0.0139935780316591,2.6311185359954834,0.6706802845001221,0.7934520840644836,0.7272546291351318,0.5322068929672241,0.5543486475944519,0.4048854410648346,0.3493984341621399,0.4130359292030334,0.7575772404670715,0.372383564710617,0.6115686297416687,0.3510277569293976,0.0024516442082251,0.0012635927104003,0.0183128178946212,0.0099611767415528,29.188025704986,1,Hyperfunktionelle Dysphonie,2603,u_n
-402.0286254882813,156.0654754638672,72.39996337890625,33.811893463134766,-16.111732482910156,-3.899613618850708,-8.839951515197754,-12.649996757507324,-4.425452709197998,-12.397015571594238,-4.343639850616455,-5.568319797515869,-4.367440223693848,21.75002670288086,5.601038932800293,7.582086563110352,4.5934224128723145,6.225730419158936,5.09000301361084,3.698265552520752,4.602632522583008,3.502653121948242,5.134695529937744,4.547874927520752,3.363381862640381,3.797434091567993,-0.4119148850440979,0.1397278159856796,0.3497355580329895,0.1351069211959839,-0.1386416852474212,-0.0176165010780096,0.0484851226210594,-0.0655364617705345,0.112621434032917,0.011423802934587,-0.0604075230658054,0.0533698499202728,-0.0605761520564556,3.501208782196045,0.8937140703201294,1.5632082223892212,0.7126822471618652,1.107782959938049,0.802567183971405,0.6137382984161377,0.6607104539871216,0.5187729001045227,0.8978531360626221,0.704540491104126,0.5252377390861511,0.5697505474090576,0.6928854584693909,0.0472060069441795,-0.1543764024972915,0.0473125502467155,0.1975781768560409,0.1142357513308525,0.1048615351319313,0.0286927968263626,-0.0178871918469667,0.0478018783032894,-0.0461262501776218,-0.002425943268463,-0.0262981411069631,2.19677209854126,0.7493293881416321,0.925801396369934,0.5305330753326416,0.8157715797424316,0.5175602436065674,0.4557886123657226,0.3202773332595825,0.3750844895839691,0.5145556926727295,0.5022234916687012,0.3757492303848266,0.531730592250824,0.0046668258772442,0.0028740415550622,0.0332205396012431,0.01812438971099,26.84448003839828,1,Hyperfunktionelle Dysphonie,2604,u_n
-348.9061584472656,200.5867919921875,53.52789688110352,36.29805755615234,9.33815097808838,12.834006309509276,2.733847618103028,-3.0464751720428467,0.5977398157119751,1.1632155179977417,5.006857872009277,-1.4508782625198364,-0.2106871902942657,20.903091430664062,6.396658420562744,10.22994327545166,4.277174949645996,4.641936779022217,4.349642753601074,4.060827255249023,3.932427167892456,3.312638998031616,3.901859998703003,4.083224773406982,4.82655668258667,3.693233013153076,-0.5929681658744812,0.1564651280641555,0.1773390173912048,0.0101470118388533,-0.0404052510857582,-0.0217012241482734,-0.0604849457740783,-0.0267543513327837,0.0382049679756164,0.0511625371873378,0.0779707357287406,0.0584461912512779,-0.021459337323904,2.573086977005005,1.1578470468521118,0.8091639280319214,0.712615430355072,0.7873400449752808,0.5783418416976929,0.6244868040084839,0.6078943610191345,0.6019944548606873,0.5941652059555054,0.731235921382904,0.5325321555137634,0.6997873783111572,0.3460237979888916,-0.1120483055710792,-0.0725160837173461,-0.0345944240689277,0.0184889435768127,0.0197340361773967,0.0313475355505943,0.0409425944089889,0.0108790174126625,-0.0070306230336427,-0.0054019619710743,0.0118725728243589,0.0034274521749466,1.9406448602676392,0.7699131369590759,0.6756043434143066,0.6333568096160889,0.6339380145072937,0.4727672338485718,0.4586512148380279,0.5364084243774414,0.4506578743457794,0.4816470742225647,0.5453424453735352,0.4308039247989654,0.4784165322780609,0.0027276184125955,0.0015489042802075,0.0294974446109081,0.0162126361215714,23.37173616130241,1,Hyperfunktionelle Dysphonie,348,u_n
-363.2784423828125,188.7749481201172,52.19067001342773,36.36653518676758,7.176501274108887,-4.175817966461182,-7.715307712554932,5.764829635620117,9.551448822021484,-13.34665298461914,8.248603820800781,7.442517280578613,-13.89736270904541,24.47359275817871,8.209798812866211,9.02025032043457,4.845275402069092,4.918580532073975,4.403823375701904,4.842817306518555,4.779255390167236,5.272695541381836,4.545145988464356,3.975931406021118,3.777307987213135,3.734117984771729,-1.1469937562942505,0.1460236310958862,0.3200903832912445,0.1237297505140304,-0.0058637042529881,0.0307839084416627,-0.03009719774127,-0.0473018288612365,-0.0441775880753994,-0.16978420317173,-0.0314440689980983,0.0778392702341079,-0.0059803966432809,3.826993465423584,1.408202052116394,1.196513295173645,0.92166405916214,0.8637486100196838,0.7674906849861145,0.7470773458480835,0.8217060565948486,0.8112059235572815,0.9981029033660888,0.767732560634613,0.7354267239570618,0.5576406121253967,0.7743027210235596,-0.2276492267847061,-0.1336740553379058,-0.0659920796751976,0.0136173423379659,0.1391725540161132,0.1305269598960876,-0.031022934243083,-0.0612783543765544,0.1005686447024345,-0.0962059274315834,-0.0868380963802337,0.0815101191401481,2.4712750911712646,0.841478168964386,0.6063105463981628,0.6059185266494751,0.6459569334983826,0.6452457308769226,0.6513437628746033,0.5486027002334595,0.61081862449646,0.601604700088501,0.5753469467163086,0.483522355556488,0.4897211194038391,0.0085823595043838,0.0055507596856645,0.0597776333910546,0.0311035063967623,22.494912407597127,1,Hyperfunktionelle Dysphonie,355,u_n
-339.5852966308594,162.00547790527344,58.47639846801758,65.6157455444336,-16.313425064086914,0.2882514297962188,-34.6998176574707,-14.323107719421388,18.007598876953125,-18.92015266418457,-2.2054481506347656,8.158703804016113,-15.67551040649414,23.194913864135746,5.060080528259277,6.045162200927734,6.930745124816895,4.410400390625,4.425614833831787,9.446205139160156,4.595029354095459,7.322858810424805,3.566737174987793,3.993277788162232,4.039976119995117,4.296847820281982,-0.1417642086744308,-0.052047275006771,-0.0334146842360496,-0.0412522777915,0.0233791191130876,-0.0391928069293499,0.0666736587882042,0.0332266800105571,-0.0505345165729522,0.0053784758783876,0.0206852089613676,-0.0260862577706575,-0.0067315301857888,3.6196322441101074,0.7559008598327637,0.8504257798194885,1.2250187397003174,0.7367726564407349,0.5623235106468201,0.8894494771957397,0.6031669974327087,0.7270808815956116,0.5340541005134583,0.5475618243217468,0.7024785876274109,0.5621923804283142,0.6916545033454895,-0.0479747094213962,-0.1123726144433021,-0.1875487565994262,0.07095567882061,-0.0019950387068092,0.0977540165185928,0.0152017511427402,-0.078552059829235,0.0663726106286048,-0.0146851567551493,-0.0333879813551902,0.05899653211236,2.870342254638672,0.4881268739700317,0.6404712200164795,0.8102079033851624,0.4588700234889984,0.4222864806652069,0.5490981936454773,0.442679762840271,0.5136873126029968,0.4915169179439544,0.3727616667747497,0.4242193698883056,0.4552266001701355,0.0025420052339367,0.001449230808756,0.0197802130825467,0.0101493746883839,29.3919584327922,1,Hyperfunktionelle Dysphonie,363,u_n
-336.88739013671875,162.1644744873047,46.11656951904297,60.94248962402344,-3.012070417404175,-4.346250057220459,-18.04374122619629,-19.2285270690918,17.208454132080078,-17.286043167114258,-11.915945053100586,15.623926162719728,-19.4304141998291,19.334793090820312,9.898921966552734,6.693961143493652,7.256091594696045,7.91590404510498,5.543198585510254,6.223079681396484,4.094539165496826,4.858930587768555,3.786761999130249,3.692504644393921,4.782952308654785,6.255505084991455,-0.1015079319477081,-0.3033002614974975,-0.0756583288311958,0.139484092593193,0.1571843326091766,-0.0956333056092262,-0.0927285179495811,0.0097002368420362,0.0529968738555908,-0.0137909166514873,-0.0400632210075855,0.0617603436112403,-0.1170704960823059,2.308833360671997,1.216419696807861,0.9499778151512146,1.0941370725631714,0.7997195720672607,0.8260908722877502,0.9087059497833252,0.5572941899299622,0.7513389587402344,0.5989064574241638,0.6409104466438293,0.6298606395721436,0.6425384283065796,0.4062676727771759,0.0913431197404861,-0.0688138008117675,-0.054079595953226,0.0235482286661863,0.0439212583005428,0.0746173113584518,0.0724241286516189,-0.0691222473978996,0.0094398623332381,0.0223671402782201,-0.0705969184637069,0.0146982595324516,1.570229411125183,0.6730524897575378,0.5266245007514954,0.5492419600486755,0.4278945326805115,0.5664153099060059,0.5537540912628174,0.4419867098331451,0.4793291687965393,0.3715572953224182,0.4356326162815094,0.523302435874939,0.3670251667499542,0.0020726869235961,0.0009885969916238,0.0136556014578903,0.0066683772344523,32.25223708223801,1,Hyperfunktionelle Dysphonie,499,u_n
-401.3215942382813,154.3355255126953,65.14437866210938,51.8927116394043,0.4200434684753418,-1.4101309776306152,4.198447227478027,-4.980401039123535,-5.411260604858398,-4.458221912384033,4.758718013763428,-9.872785568237305,-12.522101402282717,20.793916702270508,8.009392738342285,8.003962516784668,9.232775688171388,5.424542427062988,5.174000263214111,3.5040650367736816,4.166965007781982,3.997822761535645,3.236732006072998,4.02566385269165,3.816819429397583,3.614100694656372,-0.0827816054224968,-0.0324445702135562,-0.0413780808448791,-0.0309836659580469,0.0074928058311343,-0.011086281388998,0.0238032918423414,-0.0037353914231061,-0.046462707221508,-0.046610239893198,-0.0258559063076972,0.0324872098863124,0.0042009386233985,3.822437047958374,0.8248588442802429,1.213939189910889,1.2411606311798096,0.7395548224449158,0.6482530832290649,0.5835538506507874,0.6795004606246948,0.5882521867752075,0.5171136856079102,0.6300063133239746,0.6392723917961121,0.6049131751060486,0.6126012802124023,-0.0166738983243703,-0.1655435115098953,-0.1319477260112762,0.0696967840194702,0.0307561289519071,0.0038902296219021,0.0421780720353126,0.0160200111567974,0.0184415075927972,-0.0594961531460285,0.0255938898772001,0.0705945640802383,2.3967325687408447,0.5000668168067932,0.7834615111351013,0.6386187672615051,0.5274964570999146,0.4241858124732971,0.413568377494812,0.4751374423503876,0.4317682981491089,0.3637385070323944,0.4551459848880768,0.4289004504680633,0.4818349778652191,0.0037557496236695,0.002114920895808,0.0274195380240776,0.0095571794717005,28.32985725182498,1,Hyperfunktionelle Dysphonie,665,u_n
-360.5182189941406,152.10093688964844,70.27566528320312,70.36450958251953,-9.223427772521973,-9.350258827209473,8.285490989685059,-15.648604393005373,-5.43243932723999,6.522983551025391,-3.5489518642425537,-7.171894073486328,-2.807191848754883,24.26499938964844,7.169417858123779,6.268348217010498,7.387627124786377,4.516452312469482,5.596307754516602,3.333524942398072,4.171491146087647,3.5708606243133545,3.3762381076812744,2.975365161895752,3.193739891052246,3.1070117950439453,-0.1152102127671241,-0.0982966646552085,-0.0317276902496814,-0.0390172898769378,-0.0057359016500413,0.0189854484051466,-0.0108167706057429,-0.0307997483760118,-0.014473739080131,-0.0117976814508438,0.0003297751245554,0.0175740849226713,-0.0269378665834665,4.145469665527344,0.523301362991333,1.274362325668335,1.245589017868042,0.7129172086715698,0.6300822496414185,0.5043014287948608,0.6619288325309753,0.5963982939720154,0.5107088685035706,0.5597756505012512,0.482926607131958,0.479597270488739,0.7071628570556641,-0.0309641119092702,-0.1886916607618332,-0.1408470422029495,0.1055170968174934,0.0563929975032806,-0.021514331921935,0.0338418707251548,0.0051025212742388,-0.0185798965394496,-0.0001908962876768,0.0110534997656941,-0.0008681342005729,2.826178550720215,0.4197145700454712,0.7979625463485718,0.7150847315788269,0.626319169998169,0.4487399756908417,0.4267455339431762,0.4689516127109527,0.4696148335933685,0.4211860299110412,0.4093842506408691,0.3361207544803619,0.3114546835422516,0.0074140345174666,0.004701058671141,0.0175895837962619,0.0090958117947004,28.200035662399127,1,Hyperfunktionelle Dysphonie,669,u_n
-310.4761047363281,187.02572631835932,62.35393524169922,71.88152313232422,-22.783008575439453,-0.2905592918395996,-8.16911506652832,-27.18599510192871,-6.509501934051514,8.910968780517578,3.645730018615722,-23.04225349426269,-0.5770121812820435,9.235485076904297,4.290671348571777,4.442074775695801,4.383421421051025,4.110818386077881,3.3911590576171875,2.918474197387696,5.296730041503906,3.6826000213623047,4.445992946624756,2.8529531955718994,3.407839298248291,3.21781587600708,-0.1338103115558624,0.0976973250508308,0.0375052466988563,0.0023979060351848,-0.0690008774399757,-0.0249553192406892,-0.0175136532634496,-0.0766219273209571,0.0277448147535324,0.0577482245862484,0.0268750786781311,-0.0415136404335498,-0.0187772940844297,1.3059409856796265,0.540370523929596,0.6335138082504272,0.6308724284172058,0.7056300044059753,0.4836152493953705,0.3861448466777801,0.4362023174762726,0.4369657635688782,0.3560413420200348,0.412458211183548,0.471650093793869,0.4421991407871246,0.1956454366445541,0.0610614493489265,-0.0608903020620346,-0.0854737162590026,0.0344322547316551,-0.0172490682452917,0.0056158723309636,0.0470136851072311,-0.0009728295262902,-0.0433705560863018,-0.0078751780092716,0.0360699109733104,-0.0218252427875995,0.93674498796463,0.4267451465129852,0.4375018179416656,0.5490593314170837,0.4248403310775757,0.3317088484764099,0.2948686182498932,0.3656038045883178,0.3284919261932373,0.343435674905777,0.3272924423217773,0.3351592123508453,0.3448249101638794,0.002001021929567,0.0010207766442221,0.0177285882571134,0.0089283721688019,30.01851758823001,1,Hyperfunktionelle Dysphonie,692,u_n
-334.8537292480469,158.5870819091797,57.38252258300781,60.51579284667969,-37.14443588256836,13.298912048339844,-3.970551013946533,-13.369818687438965,6.436361312866211,-6.822714328765869,3.056848526000977,-1.4546101093292236,-4.242062568664551,20.38161277770996,6.5221028327941895,4.194313049316406,7.139110088348389,9.04652500152588,6.481134414672852,4.6089959144592285,3.41672420501709,3.716885089874268,5.1073994636535645,4.952830791473389,4.411853790283203,3.26384711265564,-0.5995176434516907,0.1127934455871582,0.1269610077142715,0.1450341641902923,-0.7314502000808716,0.151326522231102,0.2552952170372009,-0.0219791587442159,0.1458790451288223,0.21905517578125,0.0426214002072811,0.1177918314933776,0.0960991978645324,3.45757794380188,1.1782386302947998,0.7475475668907166,1.4495689868927002,1.4206390380859375,1.2045024633407593,0.6338866949081421,0.4612801671028137,0.6624303460121155,0.8009369373321533,0.7524785995483398,0.7931092977523804,0.5828178524971008,1.0381888151168823,0.153694674372673,-0.0257253311574459,-0.2260866612195968,0.2405888885259628,-0.0546053610742092,-0.0318305641412735,0.0776089951395988,-0.0627273842692375,0.0322439260780811,-0.10823505371809,-0.0434591919183731,0.0024117636494338,2.892929553985596,0.5000671148300171,0.5112053751945496,0.7762790322303772,0.7342630624771118,0.6142163276672363,0.4558973312377929,0.3224400579929352,0.289570689201355,0.4296841621398926,0.6246898174285889,0.3494715988636017,0.3610460162162781,0.0044760183907479,0.0026393513359364,0.0414929979852635,0.0227543559057756,25.87004671530143,1,Hyperfunktionelle Dysphonie,724,u_n
-354.5870666503906,150.03883361816406,86.90157318115234,81.988037109375,-21.784364700317383,39.63427734375,-1.6324890851974487,-16.05398941040039,14.18033504486084,14.87770652770996,-9.24316692352295,-8.040569305419922,8.447412490844727,9.161507606506348,7.829016208648682,5.188007354736328,6.319138050079346,4.846531391143799,3.8576717376708975,5.210020065307617,4.810726642608643,4.023230075836182,4.107386112213135,4.513704776763916,3.8996663093566895,2.9296000003814697,-0.1234250292181968,-0.0763882249593734,0.0107444655150175,0.0611588656902313,0.0340053997933864,0.0103579154238104,-0.0043321568518877,-0.002179097617045,0.0265937689691782,-0.0433396324515342,0.0045543895103037,-0.0076885148882865,-0.0054336418397724,1.51960289478302,1.2656824588775637,0.8256273865699768,0.9596285820007324,0.6168677806854248,0.6583396196365356,1.0032793283462524,0.9093559980392456,0.6461282968521118,0.7286909222602844,0.6535151600837708,0.6964482069015503,0.4478780627250671,0.1143134385347366,0.0963429361581802,-0.0792329758405685,-0.0564169622957706,0.0311029236763715,8.283270290121436e-05,0.0526278987526893,0.0243467986583709,-0.0242578331381082,-0.0260498113930225,0.0289909541606903,0.0252141747623682,-0.0077142692171037,0.8406801819801331,0.780676007270813,0.6115217804908752,0.6513882875442505,0.5335745215415955,0.4864462614059448,0.6955203413963318,0.5283682942390442,0.4884928166866302,0.5125961899757385,0.5161185264587402,0.5234695076942444,0.3668491840362549,0.0061946177420829,0.0030627402939775,0.0522451873911213,0.0231847481542139,22.989078399794817,1,Hyperfunktionelle Dysphonie,819,u_n
-355.8210144042969,198.31092834472656,50.78792190551758,20.44554901123047,-8.311577796936035,-1.1809855699539185,-1.0770021677017212,-7.405491828918457,5.546802520751953,4.225645542144775,1.3692708015441897,3.520400285720825,-4.096856594085693,23.45180892944336,6.48280143737793,11.068133354187012,4.5969953536987305,5.683981895446777,5.315202713012695,3.701155424118042,3.5877280235290527,3.745336532592773,4.164845943450928,3.2372963428497314,3.0187973976135254,3.328295946121216,-0.270323246717453,-0.0713801905512809,0.0590164922177791,0.0044618593528866,-0.0828968659043312,-0.0777016580104827,-0.0205616541206836,-0.0037469409871846,0.0487398095428943,0.0433654561638832,0.0168535988777875,0.0373161397874355,0.0360109880566597,2.751415014266968,0.6977959871292114,0.7414790987968445,0.7339425683021545,0.8986912369728088,0.6977220773696899,0.6585483551025391,0.5723037719726562,0.5721266865730286,0.4558778405189514,0.590770423412323,0.5132774114608765,0.4522051215171814,0.4835519194602966,-0.142872616648674,-0.0366572067141532,0.0484378822147846,0.1010742411017417,0.0555151142179966,0.0276994761079549,0.0305238123983144,-0.0427883081138134,-0.0155225349590182,-0.0019229496829211,0.0019242309499531,0.0236758142709732,1.7306923866271973,0.7366861701011658,0.6104966402053833,0.5363149642944336,0.5734877586364746,0.524953305721283,0.4710797965526581,0.4393175840377807,0.472224473953247,0.4495768845081329,0.4050996303558349,0.3851070702075958,0.4408915638923645,0.00450450279668,0.0025106704687043,0.026756561236658,0.0135947829225094,24.585027246304453,1,Hyperfunktionelle Dysphonie,827,u_n
-372.0859680175781,185.439682006836,74.29281616210938,33.70006561279297,3.981411933898926,2.3993985652923584,2.4013795852661133,-5.300178050994873,-3.332996129989624,2.75622034072876,1.3876036405563354,0.4266716837882995,-1.417427659034729,17.99728775024414,9.270050048828123,9.705859184265137,7.31306266784668,4.815219879150391,6.216068267822266,5.128579616546631,3.5667388439178467,3.649881839752197,3.3795409202575684,3.821036338806152,3.728967666625977,3.688218593597412,0.2655678689479828,-0.1752041131258011,-0.0190790370106697,0.0361896902322769,0.0018895192770287,-0.0421975590288639,-0.0141911283135414,-0.001229993882589,-0.0397210791707038,-0.0360358841717243,-0.0410934500396251,-0.0140120862051844,0.036153145134449,3.083523750305176,1.0204229354858398,1.4651082754135132,1.2908155918121338,0.7265937328338623,1.025129795074463,0.7750748991966248,0.5808568596839905,0.626761257648468,0.5172439813613892,0.6183910369873047,0.6872221231460571,0.6722239851951599,0.3108322322368622,-0.0336091369390487,-0.0529218576848506,0.0339810401201248,0.0430200062692165,0.0125715546309947,-0.0173138380050659,0.0134969167411327,0.0212153811007738,-0.0077718598768115,-0.0120955733582377,-0.0182682983577251,-0.0139791816473007,1.944036245346069,0.795932412147522,0.7737616300582886,0.7267140746116638,0.446618914604187,0.5350295901298523,0.4099338054656982,0.4220432937145233,0.4614237546920776,0.3556335568428039,0.3906705677509308,0.4408399760723114,0.4312877058982849,0.0070746264986855,0.0036678204612512,0.0575164525220514,0.0276944670366533,22.10888608250613,1,Hyperfunktionelle Dysphonie,829,u_n
-372.8686828613281,195.8838348388672,67.91222381591797,74.14608001708984,25.16644859313965,4.2942986488342285,-2.1847357749938965,-12.678081512451172,-13.318982124328612,3.202719449996948,7.60919189453125,-8.212952613830566,-2.340679407119751,21.93946075439453,6.202416896820068,6.75330114364624,5.75107479095459,6.306220054626465,4.377622604370117,3.15645718574524,4.764189720153809,4.691510677337647,3.431080102920532,4.553353786468506,3.5300755500793457,3.4547383785247803,-0.3634302020072937,-0.0426250919699668,0.0835434794425964,-0.0980102196335792,0.0302966646850109,-0.0571677647531032,0.0144026614725589,-0.0235524848103523,-0.0406361036002635,0.0153527054935693,0.0895165055990219,0.0733160376548767,0.0280679874122142,2.96187162399292,1.2118678092956543,1.067467212677002,0.8452218770980835,0.8735421299934387,0.9123154878616332,0.5294256210327148,0.6950840950012207,0.5767089128494263,0.5661634802818298,0.7823022603988647,0.5658276081085205,0.5199111700057983,0.4873056709766388,-0.1159697324037551,-0.0633188784122467,-0.1486888378858566,0.0175682660192251,0.0451875664293766,0.0253056250512599,0.0372784920036792,0.0391662530601024,-0.0730351656675338,-0.0882860794663429,0.0484187453985214,0.0357156582176685,1.7894141674041748,0.5217673778533936,0.4826793670654297,0.6801360845565796,0.4253506958484649,0.4029987752437591,0.3410497903823852,0.3704904317855835,0.3840266168117523,0.4495824873447418,0.480644941329956,0.3473401367664337,0.3916622698307037,0.0024839560674969,0.0011738071433623,0.035123260133506,0.0164036377626802,26.52316010368769,1,Hyperfunktionelle Dysphonie,850,u_n
-362.93597412109375,208.63137817382807,53.1614990234375,72.93141174316406,30.288890838623047,-0.0004738821007777,-33.08058166503906,-25.617490768432617,29.22148704528809,6.428288459777832,-26.60421371459961,8.601724624633789,7.54754114151001,12.29709243774414,4.531535625457764,2.7858996391296387,4.289212226867676,5.208460330963135,6.901573181152344,6.326395988464356,4.7238359451293945,5.020413875579834,4.421915531158447,3.161062717437744,3.28174352645874,3.2549195289611816,-0.0316413007676601,-0.0156751088798046,0.035901740193367,0.0512555688619613,0.0544211231172084,-0.109027199447155,-0.1599215716123581,-0.0126796104013919,0.1040726825594902,0.0595349445939064,0.009498119354248,0.0035736230202019,0.0527661703526973,1.7668638229370115,0.5551972985267639,0.4137275516986847,0.742520809173584,0.4843918681144714,0.5715980529785156,0.8413971662521362,0.6428840160369873,0.6573221683502197,0.4696404933929443,0.5222469568252563,0.4713568985462188,0.4349839687347412,0.4020893573760986,-0.106009192764759,-0.0302177052944898,-0.1194794625043869,-0.0761027112603187,-0.0224301740527153,0.1204436123371124,0.1036327257752418,-0.0942985489964485,-0.0098085021600127,0.0826575458049774,-0.0303028728812932,-0.0461638644337654,1.570528507232666,0.512551486492157,0.3375557363033294,0.554176926612854,0.4625326693058014,0.4478747248649597,0.5226755142211914,0.4720831215381622,0.4531581401824951,0.34640833735466,0.4129870235919952,0.3636772334575653,0.298925906419754,0.0020291865500791,0.0008073300797972,0.0110887409795224,0.0055580580722467,30.60541207931942,1,Hyperfunktionelle Dysphonie,854,u_n
-414.0416564941406,174.5622100830078,53.570919036865234,33.5881462097168,-5.543578147888184,4.377763271331787,-11.551032066345217,-9.241140365600586,6.579725742340088,-9.656830787658691,-13.26158332824707,1.271551251411438,-3.443967580795288,27.79995918273925,8.307957649230957,7.659945487976074,5.321818828582764,4.354162216186523,4.053189277648926,3.319704055786133,3.7199063301086426,5.88068437576294,3.91975474357605,3.480301141738892,4.48676347732544,5.353054523468018,-0.7523748278617859,0.0149136846885085,0.1872732788324356,0.0954481810331344,-0.0421833954751491,0.037856426090002,0.008525283075869,-0.0134418327361345,-0.0949415192008018,-0.0884455516934394,-0.0406960770487785,-0.0097478255629539,0.093878261744976,4.194528579711914,1.1448317766189575,0.9000739455223083,0.6427075266838074,0.8680153489112854,0.5387120842933655,0.573722779750824,0.6540178060531616,0.8099947571754456,0.5648815035820007,0.634817361831665,0.6073114275932312,0.4984631836414337,0.8076151013374329,-0.1692297160625457,-0.1040119007229805,-0.0380523204803466,0.06405870616436,-0.0327571965754032,0.0356894321739673,0.0075827408581972,-0.0853128209710121,0.0268577523529529,0.059314839541912,-0.020707843825221,-0.0152526525780558,2.93223524093628,0.7818447947502136,0.5849481225013733,0.474483847618103,0.5542793869972229,0.4575819075107574,0.4615529179573059,0.4836648106575012,0.4824142754077911,0.4140698611736297,0.4686314165592193,0.3842649459838867,0.4236271977424621,0.0017104684132303,0.000949723153095,0.0158428691961441,0.007659375338962,31.17601797256249,1,Hyperfunktionelle Dysphonie,857,u_n
-366.3782348632813,149.25587463378906,38.794715881347656,84.51356506347656,3.3291611671447754,-32.52947998046875,-18.784034729003903,0.3381907045841217,-20.747203826904297,-23.30926322937012,3.370633840560913,-12.532163619995115,-1.569224238395691,29.057308197021484,6.643831729888916,6.316840648651123,10.29930591583252,4.373378276824951,9.343050003051758,5.236504077911377,4.362363338470459,7.1322922706604,4.198270797729492,4.548224925994873,4.943464756011963,4.687846660614014,-0.5078060030937195,-0.0589797869324684,0.1517316550016403,-0.0017698953161016,0.0934363305568695,0.2744452953338623,0.1057055816054344,0.0726558864116668,0.0784507170319557,0.074206568300724,-0.0219729505479335,-0.0319005995988845,-0.0545800626277923,5.335611820220947,0.8011897206306458,0.8142966032028198,1.7149795293807983,0.8774641752243042,1.335497498512268,0.8741927146911621,0.7419883608818054,0.9310761094093324,0.7117436528205872,0.7909987568855286,0.5980902910232544,0.720165491104126,1.139256715774536,-0.0492817461490631,-0.1055370867252349,-0.3657180368900299,0.0318226367235183,0.1971668452024459,0.0618387348949909,-0.0163931846618652,0.061952605843544,0.0838553458452224,-0.0322948805987834,0.0127973379567265,-0.0330825857818126,3.61132287979126,0.5611168146133423,0.6271519064903259,1.2913222312927246,0.5375686883926392,0.6483438014984131,0.504775881767273,0.4699106216430664,0.4383610785007477,0.470909059047699,0.4364402294158935,0.4283196330070495,0.3929789662361145,0.0023661692481399,0.0012820558728716,0.0118830828871788,0.0047573352776321,32.66986366123499,1,Hyperfunktionelle Dysphonie,868,u_n
-360.9142150878906,155.20272827148438,27.532548904418945,41.49613952636719,15.898847579956056,-23.598726272583008,-36.77193069458008,12.078354835510254,16.11221694946289,-20.49051856994629,1.5908795595169067,-6.016327857971191,-33.2027702331543,20.460315704345703,4.440733909606934,5.87836503982544,4.884443283081055,6.527482986450195,5.613382816314697,5.097856044769287,3.665907382965088,4.222416877746582,3.30063796043396,4.456842422485352,5.564141273498535,4.091065406799316,-0.3265111744403839,-0.0439079143106937,-0.0302159655839204,-0.068770132958889,-0.0632248371839523,-0.142866626381874,-0.0581971816718578,0.0142827052623033,0.0289928708225488,0.0314376503229141,-0.0579172894358634,-0.112660065293312,-0.0800753161311149,3.4076759815216064,0.8044034242630005,0.7090997695922852,0.6133270263671875,0.8372023701667786,0.6386536955833435,0.795747697353363,0.4939695298671722,0.6493249535560608,0.4475547969341278,0.4210553467273712,0.4308526515960693,0.5829942226409912,0.6003172993659973,-0.0106780743226408,0.0272163525223732,-0.003375154454261,0.0338185131549835,0.1092396453022956,0.1042220592498779,-0.0883798152208328,-0.0981992036104202,0.0837361216545105,0.0193615593016147,0.0220169145613908,0.103431798517704,2.136490821838379,0.490023672580719,0.4243022501468658,0.3110014200210571,0.4902071356773376,0.6334238052368164,0.5654980540275574,0.4583300948143005,0.4248833954334259,0.4500606954097748,0.307487279176712,0.3019015789031982,0.5093004107475281,0.0018570093808692,0.0011153843390494,0.0094516900536089,0.0046126297706359,35.874008770109384,1,Hyperfunktionelle Dysphonie,881,u_n
-329.2294921875,197.6025238037109,42.63751983642578,33.388328552246094,-8.342157363891602,2.442432880401612,-1.7805627584457395,5.578213691711426,-3.868551015853882,-0.4300353527069092,10.04374885559082,-7.64507246017456,3.7533793449401855,7.00233793258667,6.466368198394775,5.165782451629639,5.611292839050293,5.001427173614502,3.3689334392547607,2.956965684890747,4.092985153198242,4.194164276123047,4.0259199142456055,3.7548668384552,4.213184356689453,3.6151628494262695,0.3500946760177612,-0.2961829900741577,-0.2031978219747543,-0.2617947459220886,-0.0313853360712528,0.0245859865099191,0.0637959465384483,0.0372224561870098,0.1194496750831604,0.1857903897762298,0.1067657023668289,0.0766217932105064,-0.097844585776329,1.4148762226104736,0.8878157138824463,0.7319381833076477,0.8684613108634949,0.7367773652076721,0.5438380241394043,0.4330231249332428,0.5843678116798401,0.4997029900550842,0.7410768866539001,0.5163323879241943,0.5919256210327148,0.7049575448036194,0.2700938880443573,-0.010562689974904,0.1387057155370712,0.1338419020175933,0.1884716898202896,0.0361455753445625,-0.0583578124642372,-0.0272506400942802,0.0534179396927356,-0.0494076274335384,-0.1188265830278396,-0.050707496702671,-0.0542878806591033,0.7379626035690308,0.8585233688354492,0.4747413694858551,0.6716660857200623,0.8094941973686218,0.4071097373962402,0.3998141288757324,0.5684148073196411,0.4394141733646393,0.4681438207626343,0.4414449334144592,0.5194211602210999,0.4658543169498443,0.0055643378059761,0.0031610999685246,0.0580046541233594,0.031282816138439,20.0596159578771,1,Hyperfunktionelle Dysphonie,888,u_n
-334.869873046875,163.80746459960938,59.9875373840332,54.40134048461914,-17.902463912963867,14.709232330322266,-12.239852905273438,2.686595916748047,-0.0470920614898204,-2.65413761138916,6.31308126449585,-8.704360961914062,2.365922451019287,12.307608604431152,7.105224132537842,5.593137264251709,6.300352096557617,9.008355140686035,6.45441198348999,4.517518043518066,6.009410381317139,3.9439854621887207,4.037372589111328,4.648055553436279,3.649233818054199,4.344383239746094,-0.5045880079269409,-0.2445211857557296,0.0501193664968013,0.0587584674358367,0.1796487867832183,-0.1347606033086776,-0.0696937292814254,0.0749640166759491,-0.0647570937871933,0.0939782783389091,0.0689050480723381,0.0400104187428951,0.0483670122921466,1.7424436807632446,1.317152500152588,1.102924346923828,0.9250000715255736,0.7605105638504028,0.7761485576629639,0.6326414942741394,0.8762882351875305,0.7147629261016846,0.561220109462738,0.679172158241272,0.5353906750679016,0.6630003452301025,0.0893405079841613,0.1229567900300026,0.0266083534806966,-0.0056493179872632,0.0555139258503913,0.0260235518217086,0.0157339461147785,0.0237758234143257,0.0213830322027206,-0.024768304079771,-0.0408092066645622,0.0140269650146365,0.0021491856314241,0.9922556281089784,0.7044394016265869,0.6721237897872925,0.5541253089904785,0.6297104358673096,0.5312354564666748,0.4658076465129852,0.5801405310630798,0.4879493117332458,0.4598739445209503,0.5486305356025696,0.4711124300956726,0.4206524789333343,0.0080775835892999,0.0047005590789833,0.0473162368912873,0.0248408683887902,21.27514624698277,1,Hyperfunktionelle Dysphonie,889,u_n
-348.8128967285156,191.1634826660156,48.403926849365234,41.48629379272461,-9.16677188873291,-10.115108489990234,-14.004633903503418,-5.814032554626465,-1.9908711910247805,-18.5976619720459,15.124384880065918,-4.070237636566162,-17.545734405517578,17.22324562072754,4.757445812225342,7.639571189880371,5.317237854003906,4.596222400665283,4.401236534118652,4.578257083892822,4.1839704513549805,4.338934421539307,4.020711421966553,4.898038387298584,3.401271343231201,3.4121623039245605,-0.9822626709938048,0.0667625293135643,0.1649521142244339,-0.1275251060724258,-0.134415403008461,-0.0605383701622486,-0.0485320873558521,0.0875213593244552,0.1566094607114792,0.1172661557793617,0.1112082824110984,0.0462299473583698,-0.0036174457054585,2.683506488800049,0.8268434405326843,0.9015489816665648,0.5921759009361267,0.9031417369842528,0.9768839478492736,0.918206512928009,0.6543051600456238,0.7603413462638855,0.7551892399787903,0.9816740155220032,0.5244449377059937,0.7271816730499268,0.4132869243621826,-0.0478286854922771,0.055335346609354,-0.0534365735948085,0.1133499145507812,0.1176963672041893,0.0825759321451187,0.0225768480449914,-0.0187703464180231,0.1242148280143737,-0.0368809625506401,0.0203884560614824,0.0895913019776344,1.7545360326766968,0.6053627133369446,0.5298459529876709,0.5100782513618469,0.5035333633422852,0.6385051608085632,0.6105570197105408,0.4693971574306488,0.4742239415645599,0.4989668130874634,0.3863216638565063,0.4934267699718475,0.435111939907074,0.0027970096648322,0.0016073558580742,0.0195354945801789,0.0101806188283235,28.892424845344955,1,Hyperfunktionelle Dysphonie,890,u_n
-415.423828125,197.01480102539065,83.91686248779297,54.69194793701172,2.7919487953186035,-4.982945442199707,-5.300178527832031,-7.304829597473144,10.230135917663574,4.355647087097168,3.8458669185638414,5.529086589813232,-3.479437828063965,21.7183837890625,9.233922958374023,9.156747817993164,9.632699012756348,6.354904651641846,5.91604471206665,7.0121259689331055,4.253661155700684,7.138668060302734,4.360546588897705,3.634648561477661,5.434110641479492,6.75191068649292,-0.426152765750885,0.0340533144772052,0.0852907001972198,0.0762345492839813,-0.0024634494911879,-0.0815713480114936,-0.05441689863801,0.0257013458758592,0.076515145599842,0.047780591994524,0.0455022938549518,0.0143171679228544,-0.0555081143975257,3.396257877349853,1.2369990348815918,1.0759141445159912,0.7715893983840942,0.7748029828071594,0.5756715536117554,0.7291695475578308,0.5747013688087463,0.6715637445449829,0.5678812265396118,0.5839391350746155,0.6029404401779175,0.5157412886619568,0.5782952308654785,-0.1653350889682769,-0.1564927250146865,-0.0447665601968765,0.059548657387495,0.0379809439182281,0.0226203985512256,0.0347810164093971,-0.0277714077383279,-0.0181327518075704,-0.0095727266743779,-0.0352069251239299,-0.0042772083543241,2.458632469177246,0.8814492225646973,0.7700418829917908,0.5335452556610107,0.5096091032028198,0.3773357570171356,0.4893040060997009,0.4116221964359283,0.4798079133033752,0.4954979419708252,0.4531341195106506,0.4158831834793091,0.43945974111557,0.0031944533671484,0.0015117134074669,0.0200646439756871,0.0092657876966596,29.13416663024436,1,Hyperfunktionelle Dysphonie,894,u_n
-328.048828125,211.67996215820312,84.46983337402344,54.48513412475586,-15.094202041625977,-14.338105201721191,-24.66011428833008,-11.61651611328125,-9.135082244873049,4.857645511627197,4.14384126663208,-20.349767684936523,-4.309633731842041,22.66347885131836,7.55420446395874,9.62829303741455,6.330787181854248,5.09992265701294,6.293676376342773,5.576962471008301,3.444665908813477,3.4578139781951904,4.06874942779541,3.084044933319092,5.312081336975098,3.4221529960632324,-1.0710731744766235,0.1750384420156479,0.3831798732280731,0.1342865079641342,-0.1240204274654388,-0.1356965452432632,-0.0577953271567821,-0.0220394544303417,-0.0759052410721778,-0.0312124919146299,0.0315849334001541,-0.0747397020459175,-0.0262118019163608,3.18220853805542,1.5816476345062256,1.380719542503357,0.7775801420211792,1.040236234664917,0.6274730563163757,0.5760151743888855,0.5239297747612,0.4816720187664032,0.532357394695282,0.4202316999435425,0.7154202461242676,0.5948010683059692,0.5599098801612854,-0.2906349003314972,-0.2376002073287964,-0.1221125349402427,0.1663088351488113,0.0165098197758197,0.0049437815323472,-0.0068555646575987,0.0588554814457893,-0.0284364428371191,-0.0367259159684181,0.1173260882496833,-0.0479842610657215,1.7033202648162842,1.0426485538482666,0.667159914970398,0.5721825957298279,0.520283579826355,0.3648847937583923,0.3719574213027954,0.4107555449008941,0.3513021171092987,0.3417323231697082,0.2993644177913666,0.5149275064468384,0.3448891937732696,0.0053532986198159,0.0020396554583179,0.0230011899776512,0.0089179508496527,24.77409427356061,1,Hyperfunktionelle Dysphonie,898,u_n
-368.459716796875,145.88140869140625,82.98155975341797,66.842041015625,-16.64552116394043,1.4919577836990356,2.638446569442749,-18.95589256286621,-9.448686599731444,-3.323110580444336,-1.6345471143722534,-2.568542242050171,10.008841514587402,30.26544570922852,6.619622230529785,9.62397575378418,8.258295059204102,7.164572238922119,4.525677680969238,3.3514442443847656,4.5810747146606445,6.944724559783936,4.9334797859191895,4.51476001739502,3.6345560550689697,5.425614356994629,-0.3760851919651031,0.076730765402317,0.0693596005439758,0.0060597262345254,0.0050043514929711,-0.0307264775037765,0.0061698355711996,0.0096323518082499,0.0132583677768707,0.0078431963920593,0.0181874055415391,0.0551422722637653,0.0440671890974044,4.695122718811035,0.7919037342071533,1.2988359928131104,1.2287646532058716,0.9044626951217652,0.4799209237098694,0.5135404467582703,0.7289750576019287,0.6191800832748413,0.5907525420188904,0.5406594276428223,0.5370818972587585,0.5450525879859924,0.826503574848175,0.0399215333163738,-0.2361224889755249,-0.183455154299736,0.1201868280768394,0.002421936718747,-0.0048427311703562,0.0889404490590095,0.0447893440723419,0.0181892458349466,0.0284128468483686,0.035483930259943,-0.0428470186889171,3.313844919204712,0.466675341129303,1.047374248504639,0.8002437353134155,0.6682096719741821,0.3144460022449493,0.3335961699485779,0.5261510610580444,0.4525001347064972,0.454551100730896,0.4076572358608246,0.3520779907703399,0.3851723372936249,0.0010399691562293,0.000535251161442,0.0109065049979866,0.0043598992876497,36.52497462672914,1,Hyperfunktionelle Dysphonie,909,u_n
-434.7925720214844,172.37957763671875,90.35096740722656,82.34860229492188,9.102705955505373,4.455791473388672,2.3615427017211914,-0.3277713060379028,-8.642084121704102,14.35895538330078,12.752208709716797,-9.506674766540527,8.42168140411377,22.93868064880371,6.165478229522705,9.90887451171875,8.237523078918457,4.021708965301514,5.748847961425781,5.725404739379883,4.7829909324646,5.584399700164795,5.136673927307129,4.284038066864014,6.439811706542969,3.252812147140503,-0.398585706949234,0.0135626653209328,0.2027008831501007,0.1946636587381363,-0.0064577972516417,-0.0151222823187708,-0.052823819220066,-0.0431769154965877,-0.0474187657237052,-0.0157213527709245,0.0233128517866134,-0.0357809178531169,0.0208009351044893,4.152252197265625,1.034877061843872,1.959401249885559,1.3534750938415527,0.7786970138549805,0.7912772297859192,0.5332280993461609,0.6362058520317078,0.6222017407417297,0.5973029732704163,0.5206034183502197,0.68867427110672,0.4923265278339386,0.7588473558425903,-0.1550332158803939,-0.2278509736061096,-0.1464519798755645,0.067372165620327,0.0310790352523326,0.0036580068990588,0.0545133426785469,0.0334311127662658,-0.073059506714344,-0.029251217842102,0.0405850708484649,0.012565647251904,2.904510736465454,0.82634437084198,0.8453965783119202,0.620465874671936,0.5451202392578125,0.4259482324123382,0.372615098953247,0.4730591177940368,0.3718048632144928,0.4652934968471527,0.3951534926891327,0.4105713963508606,0.3732203841209411,0.0038276761931505,0.0014644795497698,0.0139871615002443,0.0067525609863822,27.69089786555784,1,Hyperfunktionelle Dysphonie,922,u_n
-317.173095703125,203.1657867431641,19.30877494812012,28.630041122436523,-2.01554012298584,-13.304743766784668,-2.703918218612671,8.027494430541992,5.502047538757324,-12.114519119262695,-10.48435401916504,5.335307598114014,2.7529544830322266,13.546975135803224,4.809848785400391,5.018011093139648,4.725625514984131,5.899454593658447,6.528217315673828,5.894914627075195,4.21264123916626,3.367161989212036,3.488898992538452,3.296961545944214,3.7900121212005615,2.9011075496673584,-0.3655730187892914,0.092875137925148,0.0277694910764694,0.0265484917908906,0.0677018389105796,-0.0917632803320884,-0.0921892151236534,-0.0023911835160106,0.0100634917616844,-0.0103390552103519,0.0144732855260372,0.0334711037576198,0.0173722375184297,1.0220210552215576,0.7746549248695374,0.7788708209991455,0.8249261379241943,0.7384687662124634,0.678108274936676,0.6102714538574219,0.5872427821159363,0.6723885536193848,0.5898804068565369,0.6318700909614563,0.6943158507347107,0.4894866049289703,0.0589118748903274,-0.0529258511960506,0.1054668426513671,0.0526188723742961,0.0819494426250457,0.0065557588823139,-0.0096008293330669,0.0007934717577882,-0.0096326367929577,0.0033948798663914,-0.0136185064911842,-0.0353512205183506,-0.0222234781831502,0.7318534255027771,0.6401141285896301,0.6782328486442566,0.7024439573287964,0.6709348559379578,0.5766696333885193,0.4532928764820099,0.4036008715629577,0.4991355240345001,0.5138817429542542,0.4206651747226715,0.446835309267044,0.3758767545223236,0.0053731598023938,0.003265928854923,0.044450002793765,0.023472119930144,22.40647987884828,1,Hyperfunktionelle Dysphonie,934,u_n
-356.1841125488281,197.79010009765625,51.91168594360352,30.31013298034668,-9.331241607666016,-5.426805019378662,3.2487425804138184,-1.3071616888046265,-4.074529647827148,8.390796661376953,0.7986465096473694,-13.878839492797852,0.4477573335170746,19.85282516479492,8.4177827835083,5.2291998863220215,3.8726511001586914,5.381411552429199,5.731024265289307,3.571343421936035,3.126551628112793,3.742397785186768,3.576597213745117,3.0417213439941406,2.7390503883361816,3.672273635864258,-0.0215745493769645,0.2745184600353241,-0.07615727186203,-0.0103429136797785,0.0699365213513374,0.0550549738109111,0.0542533285915851,-0.0153273195028305,-0.0064347996376454,0.0340025275945663,-0.0099977105855941,-0.0585185140371322,-0.0253069661557674,3.274487972259521,1.2008475065231323,0.9401704668998718,0.6833438277244568,0.7137233018875122,0.8067896962165833,0.5324971675872803,0.4979473650455475,0.6419114470481873,0.7175713181495667,0.4418293833732605,0.4765786826610565,0.452081024646759,0.5442220568656921,-0.1930331438779831,-0.1038326621055603,0.0082067530602216,0.0726638436317443,0.0122370775789022,-0.0405094660818576,-0.0161871686577796,0.0548025555908679,-0.0188204124569892,-0.0011558656115084,0.0096838036552071,-0.0694094896316528,2.161997079849243,0.8091821074485779,0.6687890291213989,0.4306255578994751,0.5836362838745117,0.6376521587371826,0.4454227387905121,0.4487103223800659,0.5165883302688599,0.4925957024097442,0.4308310449123382,0.3378180861473083,0.4094445705413818,0.0054354091184729,0.0030945195115031,0.0327766766013553,0.017472873396337,21.71688875332743,1,Laryngitis,1046,u_n
-432.3355712890625,174.30508422851562,79.34159088134766,41.55854415893555,-9.26046085357666,0.8027739524841309,-4.667655944824219,-6.258847236633301,-3.879859447479248,0.3595738112926483,3.144599199295044,-8.447236061096191,0.9537601470947266,31.853496551513672,7.492562294006348,9.064913749694824,4.740603446960449,6.050583839416504,4.270802021026611,4.789202690124512,3.5676798820495605,4.387073516845703,4.292331218719482,3.7444252967834473,3.8343257904052734,3.950081825256348,-0.1339271664619445,0.1223228499293327,0.0658710971474647,0.0087725073099136,-0.0193204879760742,0.0334045067429542,0.0316674560308456,0.0323096439242363,0.065724991261959,0.04975226521492,0.0583049096167087,0.0501367188990116,0.0312210563570261,5.438267230987549,0.9879778623580932,1.6572351455688477,0.7309335470199585,1.0442184209823608,0.7364944219589233,0.8492333889007568,0.5915549397468567,0.6044660806655884,0.6640779972076416,0.6243566274642944,0.5861271619796753,0.6995508670806885,1.1525089740753174,-0.1724893152713775,-0.2795598208904266,-0.0543090030550956,0.1202389001846313,0.0210157744586467,-0.0068906410597264,0.0211002323776483,-0.0083663361147046,-0.0005812318995594,0.0065641333349049,0.0094668455421924,-0.0904165655374527,3.9225761890411377,0.7017374038696289,0.9664649963378906,0.4640794992446899,0.5607996582984924,0.5009126663208008,0.5415752530097961,0.4124636650085449,0.3900942504405975,0.4456659257411957,0.4361283481121063,0.4321633577346802,0.4790813028812408,0.0032905784060473,0.0019310748725564,0.017212835528932,0.0087622978393292,29.74159200588957,1,Laryngitis,1047,u_n
-368.9328308105469,175.635009765625,66.38666534423828,84.08158111572266,-9.560625076293944,22.400012969970703,-0.0079423552379012,-35.53900909423828,1.050515055656433,0.5706543326377869,3.4881272315979004,-17.279409408569336,-10.0758056640625,37.51852798461914,5.428776741027832,16.712661743164062,8.248818397521973,5.214620113372803,4.789466381072998,6.806411266326904,8.171590805053711,4.4913249015808105,4.685466766357422,4.308598041534424,4.9476399421691895,3.788905143737793,-1.230741262435913,-0.0526942946016788,0.3536452651023865,0.1466818749904632,0.0682514384388923,-0.0733265951275825,0.0742983371019363,0.0878970995545387,-0.032073650509119,0.0756699964404106,0.0990363359451294,0.0224124509841203,0.0245671644806861,2.3403680324554443,0.8559625744819641,0.8872319459915161,1.350877285003662,1.1252044439315796,0.7925190925598145,0.6375356316566467,0.8817887306213379,0.7163863778114319,0.6820692420005798,0.7233497500419617,0.7555558085441589,0.737496018409729,0.6246805191040039,-0.0969714745879173,-0.0994054973125457,-0.2447719573974609,0.0702841132879257,-0.0745798423886299,3.95683127862867e-05,0.1289399713277816,-0.0011434921761974,-0.0422711297869682,-0.0333495885133743,0.1167690604925155,0.038134329020977,1.960737705230713,0.5992122292518616,0.6484209895133972,1.0231215953826904,0.6293136477470398,0.6268391609191895,0.441904753446579,0.7110335826873779,0.5641747117042542,0.4534531235694885,0.5696621537208557,0.4970097839832306,0.5160066485404968,0.002928654030445,0.0013469462017021,0.0229605982564718,0.013232439282169,26.416802352590985,1,Laryngitis,107,u_n
-355.3634948730469,131.1123809814453,65.13627624511719,34.01476287841797,-23.775165557861328,10.28357982635498,-38.056427001953125,7.687247276306152,7.234567642211914,-16.47824478149414,10.917348861694336,-13.884526252746582,-5.741137504577637,34.47879409790039,11.059675216674805,8.813512802124023,4.3348708152771,7.668846130371094,4.548497200012207,6.817329406738281,5.864483833312988,3.3904364109039307,5.785568237304688,4.0403900146484375,7.658487319946289,5.2379069328308105,-1.3359692096710205,-0.3295321762561798,-0.0259674787521362,0.027796983718872,0.1278758496046066,0.0428542420268058,0.1948094367980957,-0.1603704243898391,0.0180881526321172,0.1185888797044754,-0.0071963774971663,-0.1614678502082824,0.04130395129323,2.739315986633301,0.7132927179336548,1.421547770500183,0.5616317391395569,0.9141300320625304,0.9761865139007568,0.9710155129432678,0.7665759325027466,0.5041652917861938,0.7357591390609741,0.5567939877510071,0.8070275783538818,0.7037252187728882,0.7986287474632263,0.222836285829544,-0.2658864557743072,-0.1529881656169891,0.250053346157074,0.0716136544942855,0.2330822199583053,-0.0411013290286064,-0.0326487123966217,0.0407705008983612,-0.0036289191339164,-0.0220093447715044,0.0414423272013664,2.476125955581665,0.9486098885536194,1.0007119178771973,0.7125939726829529,0.851789116859436,0.5595759153366089,0.731865406036377,0.5235902667045593,0.3098980784416199,0.4510540962219238,0.3584230840206146,0.7623889446258545,0.3136849403381347,0.0039880849561684,0.0019734197404668,0.0205314002651619,0.0092141292929812,26.2219340597788,1,Laryngitis,1119,u_n
-309.1942443847656,180.7994384765625,81.88691711425781,66.85311126708984,15.635001182556152,19.258974075317383,-19.38506126403809,6.498258113861084,-17.18947410583496,-0.2349543124437332,9.376843452453612,-23.46396827697754,-0.675442099571228,16.857471466064453,5.868529319763184,5.904402732849121,5.511776447296143,3.998355865478516,4.067401885986328,4.687749862670898,3.2335128784179688,4.612453460693359,5.031364917755127,3.659959554672241,6.337193965911865,2.8277082443237305,0.0300064086914062,-0.0112710036337375,0.0144099798053503,0.0008555116364732,-0.0413135588169097,-0.072709746658802,-0.0656302347779274,-0.0034305867739021,-0.0550988428294658,0.0602440983057022,-0.0092079984024167,-0.113140121102333,0.0028995571192353,2.5765514373779297,0.8243297338485718,0.7374852895736694,0.8764459490776062,0.7296557426452637,0.6054871082305908,0.7236292958259583,0.4872560501098633,0.6780773997306824,0.5140500664710999,0.5478688478469849,0.7388925552368164,0.4826637208461761,0.5330132842063904,-0.1430947631597519,-0.1915238797664642,-0.1249537244439125,0.0625369995832443,-0.0071437670849263,0.1045286059379577,-0.0370445661246776,0.0500721968710422,0.0102824922651052,-0.0643864497542381,0.0595698133111,-0.022928237915039,1.980936050415039,0.6060547232627869,0.8458682298660278,0.7523825764656067,0.6147459149360657,0.3360399901866913,0.5631447434425354,0.4169346988201141,0.5854361057281494,0.4789754748344421,0.4811851680278778,0.4494845867156982,0.3977934718132019,0.0020180217527704,0.0010847153533858,0.0232486988337631,0.0119441867936274,29.01815713955996,1,Laryngitis,1161,u_n
-381.7780456542969,195.5417022705078,55.19210052490234,26.954330444335938,-8.497246742248535,-10.136631965637209,-18.426166534423828,-23.404571533203125,-1.8281017541885376,7.772416591644287,3.8783986568450928,-8.599210739135742,-20.17165756225586,23.53974151611328,7.73386812210083,5.979118824005127,7.783223628997803,4.960736274719238,3.801731824874878,6.244556903839111,8.428084373474121,5.780046463012695,4.517325878143311,9.018412590026855,4.8432698249816895,7.592637062072754,-0.2010465115308761,0.0945611074566841,0.0657523050904274,0.0937624350190162,0.0213536266237497,-0.0117926001548767,0.0086322119459509,-0.0358886830508708,0.0184619817882776,0.0306394062936306,0.0258783008903265,0.0370692051947116,0.0622694566845893,4.094291687011719,1.325797438621521,1.0037695169448853,1.113045334815979,0.9209706783294678,0.7028372883796692,1.0525975227355957,0.994045078754425,0.9403415322303772,0.9106571078300476,1.2532966136932373,0.7225050926208496,0.8303589224815369,0.7834451794624329,-0.1390354335308075,-0.1935364305973053,-0.1033163368701934,0.0649299919605255,0.0466676577925682,0.1074968203902244,0.0714704468846321,-0.0839549526572227,-0.0762455016374588,-0.0377791114151477,0.0135186491534113,0.0324719101190567,3.1565301418304443,0.788689911365509,1.085376262664795,0.8533461093902588,0.7102699279785156,0.4990458190441131,0.7579127550125122,0.6604709029197693,0.7361981868743896,0.6210158467292786,0.6945284008979797,0.4807582199573517,0.5222119092941284,0.0019762609311198,0.0006438084177702,0.0123960090760085,0.0040137234958199,32.95519881899969,1,Laryngitis,1163,u_n
-319.49822998046875,180.8902587890625,59.45254135131836,44.40518951416016,-29.894155502319336,-18.19233703613281,-28.27960777282715,-5.823440074920654,-0.403284877538681,-12.960733413696287,-8.101251602172852,-0.0442574471235275,-6.972095489501953,21.94877815246582,7.383280277252197,7.670324325561523,6.950459003448486,7.668030738830566,5.233366966247559,4.893370628356934,4.217878818511963,4.275713443756104,3.5382652282714844,2.9647440910339355,3.5129103660583496,3.460700273513794,-0.3767664432525635,-0.1508138179779052,0.053108125925064,-0.0490270182490348,0.0035645463503897,0.110343761742115,0.0005783942760899,0.0914437025785446,-0.0255738459527492,-0.0345884896814823,-0.0259386654943227,-0.0102754179388284,0.0309081915766,4.1239166259765625,1.653905987739563,1.3422737121582031,1.1037713289260864,1.318621039390564,0.8614953756332397,0.771683931350708,0.7971020340919495,0.7041642665863037,0.5422715544700623,0.5278177261352539,0.5394412875175476,0.5056656002998352,1.037861466407776,-0.0382735319435596,-0.1336939632892608,-0.0882100015878677,0.297313928604126,0.0705648809671402,0.1181374862790107,-0.1020290553569793,-0.1168211102485656,0.0633511245250701,0.0350988358259201,-0.1300175189971923,-0.0610286854207515,3.001469612121582,0.6415233612060547,0.5860103368759155,0.7714724540710449,0.9557753801345824,0.5489794015884399,0.5706645250320435,0.6019591689109802,0.4953737258911133,0.3943608403205871,0.4386755228042602,0.5357857346534729,0.4476537108421325,0.0069189386612412,0.004213624252055,0.0462443039566914,0.0275643752584417,24.7944642822764,1,Laryngitis,1188,u_n
-298.70330810546875,182.49191284179688,74.1558609008789,28.2934513092041,-9.541979789733888,-0.2819288372993469,-37.75031661987305,6.819607734680176,-3.784481048583984,-15.789225578308104,1.0274596214294434,-18.886791229248047,-4.186278343200684,37.02180480957031,21.985332489013672,18.577735900878903,6.82523250579834,6.095718383789063,10.52591609954834,9.394405364990234,5.389995098114014,3.2946856021881104,4.34834623336792,6.193418025970459,4.090287208557129,3.8983771800994873,-0.2596578598022461,-0.0098912538960576,-0.0530829802155494,-0.2249093502759933,-0.0636881217360496,-0.1910571455955505,0.0918547138571739,-0.0403194427490234,-0.0099235596135258,-0.067932903766632,-0.2064199447631836,-0.032090313732624,-0.0814645811915397,5.473801612854004,3.134397029876709,2.5852694511413574,0.8830469250679016,1.0773721933364868,0.8944994211196899,1.24116051197052,0.8242224454879761,0.6051895618438721,0.853479266166687,0.8698906302452087,0.6801838874816895,0.6243392825126648,1.4067003726959229,-0.1191093325614929,-0.2539578080177307,0.1332897394895553,0.2773911356925964,-0.0317726507782936,0.2889033854007721,-0.1001805067062377,-0.0775520503520965,0.0486635267734527,-0.101357415318489,0.1322459876537323,-0.0637196376919746,4.037749290466309,1.512404441833496,1.3152273893356323,0.5315960645675659,0.7905051708221436,0.6032589673995972,0.9006103873252869,0.5132462978363037,0.446812242269516,0.5424190163612366,0.6006069183349609,0.5753378868103027,0.4396548569202423,0.0330501153847726,0.0170166683899009,0.0498001207545123,0.0214257754983329,22.277484760539654,1,Laryngitis,1192,u_n
-245.1800079345703,192.2274475097656,18.74759864807129,35.658905029296875,-24.40506935119629,3.7744429111480713,-11.306736946105955,3.2815752029418945,0.4317215383052826,1.4812331199645996,13.41272258758545,-5.637607574462891,5.4363274574279785,19.282230377197266,9.013914108276367,9.180233001708984,3.9434618949890137,6.264304161071777,6.900908946990967,4.102846622467041,3.93921422958374,5.307384490966797,4.030534744262695,6.032460689544678,6.726351737976074,4.314343929290772,-1.022423505783081,0.6113744378089905,0.3052458465099334,-0.0378618538379669,-0.1029350906610488,-0.2025361508131027,0.0014822093071416,0.1376442611217498,-0.2953406572341919,-0.0903076902031898,0.177590861916542,-0.3195237517356872,0.1646032631397247,0.9312175512313844,1.2078511714935305,1.3799982070922852,0.5060935020446777,1.3160810470581057,0.6866446733474731,0.8801034092903137,0.5152164697647095,0.7746120691299438,0.7502191662788391,0.6287958025932312,0.6498310565948486,0.5447788834571838,0.1620403230190277,-0.1897929161787033,0.2523491680622101,-0.1827888488769531,0.2118567526340484,-0.0654568299651146,0.1511639207601547,-0.0582247786223888,-0.0890496149659156,-0.08745888620615,-0.1210756823420524,0.035744022578001,0.0042419000528752,1.136313796043396,0.7020391821861267,0.5995148420333862,0.6126651167869568,0.6317312121391296,0.5883282423019409,0.5814309120178223,0.4814882576465606,0.6241872310638428,0.6371383666992188,0.4014746248722076,0.6841498613357544,0.4749780595302582,0.0202870706569377,0.0124275186830155,0.1589838768444672,0.0932684099865367,11.893201319770156,1,Laryngitis,1221,u_n
-282.09332275390625,143.8135986328125,5.386020660400391,69.80752563476562,-30.3387508392334,-23.8990478515625,-4.983991146087647,-20.589773178100582,-10.753732681274414,10.487471580505373,-18.44973945617676,-10.44351863861084,-6.004438877105713,18.690309524536133,8.363428115844727,9.946274757385254,8.016291618347168,7.0625996589660645,6.355047225952148,5.880906105041504,10.33482837677002,6.854587554931641,4.803712844848633,5.15623950958252,4.166097640991211,3.225329637527466,0.3523190021514892,-0.3760121762752533,-0.386474609375,0.1974022388458252,-0.0916943699121475,-0.2360740602016449,-0.1972041428089141,0.3643449246883392,0.1159265711903572,-0.1406899243593216,-0.0099968565627932,0.0258188545703887,-0.0072641009464859,3.3533308506011963,0.8458053469657898,1.6320512294769287,1.5165104866027832,1.2299442291259766,0.7920433878898621,1.010456085205078,1.402134656906128,1.1812238693237305,1.0002522468566897,0.6952478289604187,0.6419681906700134,0.531295895576477,1.0957691669464111,0.0920481532812118,0.1696970909833908,-0.4420635402202606,0.3674726188182831,0.1894842535257339,-0.1159881129860878,-0.0210980530828237,0.1062947958707809,-0.030349027365446,0.0118534015491604,-0.0178181994706392,0.0762348920106887,2.252370357513428,0.5489256978034973,0.7460975646972656,1.0555963516235352,1.0658199787139893,0.6452589631080627,0.589747428894043,0.7190738320350647,0.7158896327018738,0.4201550185680389,0.4219722747802734,0.330998033285141,0.3518988192081451,0.0026382961160159,0.0011945128677561,0.0137908915949866,0.0065116980477946,28.99248633141905,1,Laryngitis,1228,u_n
-372.3426208496094,190.69708251953125,104.4128189086914,85.60397338867188,-10.687670707702637,-1.500962734222412,-27.697519302368164,-0.6417490243911743,6.8849873542785645,-20.18320083618164,10.211444854736328,0.861594557762146,-13.389081001281738,18.22612953186035,7.1918158531188965,8.15722370147705,6.81514310836792,11.48227310180664,6.327528953552246,8.379297256469727,7.795626640319824,6.578623294830322,5.046685218811035,6.617055892944336,4.42821741104126,7.471976280212402,0.651537299156189,0.0014299773611128,-0.3119277358055115,-0.1851380914449691,-0.2874181568622589,0.1842265576124191,0.1659101098775863,0.3275865912437439,0.1812314093112945,-0.2788797616958618,0.1591789126396179,-0.0877672210335731,-0.3239364624023437,1.818872332572937,0.97752583026886,1.4240740537643433,1.2207950353622437,1.1471192836761477,1.2266055345535278,1.4064923524856567,1.473845601081848,0.9241682887077332,0.8883712291717529,0.9445866346359252,0.9147607684135436,0.9366896152496338,-0.3172408640384674,0.2597736120223999,0.0377654768526554,-0.3262047171592712,0.2911317944526672,-0.025099778547883,0.1140685454010963,0.0442111492156982,-0.3184729218482971,-0.0052434634417295,0.1811466664075851,0.0487373732030391,-0.0320889428257942,1.81414806842804,1.1055409908294678,1.1893447637557983,1.188517689704895,0.7355900406837463,0.4936012923717499,0.7011205554008484,0.9141396284103394,0.9344686269760132,0.5892643332481384,0.8528802990913391,0.4610664844512939,0.4594110250473022,0.0065253117434942,0.0018104646952786,0.0313180477611047,0.0092301355495242,22.88533064690348,1,Laryngitis,1229,u_n
-328.9911193847656,170.42262268066406,47.7227897644043,34.06116485595703,-29.42654037475586,-0.2295944690704345,-25.234241485595703,-7.278775215148926,10.697395324707031,-13.647140502929688,5.967634201049805,7.43772554397583,-9.17794704437256,20.694562911987305,5.406339168548584,5.823873996734619,5.415369987487793,6.543565273284912,4.991955280303955,4.995627403259277,3.142826557159424,3.977577209472656,2.9879961013793945,3.088985204696656,3.970475673675537,3.272958278656006,-0.4002635478973388,-0.2271945178508758,0.0437377467751503,0.1121351718902587,0.0819412767887115,-0.1431659013032913,-0.094498686492443,0.0043868734501302,-0.0067907604388892,-0.0604879930615425,0.0577232241630554,0.0798588842153549,-0.0601543374359607,2.715117931365967,0.8230323791503906,0.6336522698402405,0.7921287417411804,0.9027845859527588,0.4941492080688476,0.7847298979759216,0.4706625342369079,0.6162533760070801,0.5114325881004333,0.5363575220108032,0.4497368931770324,0.5929542779922485,0.5879650712013245,-0.004992539063096,-0.0349403582513332,-0.0783180966973304,0.1184589937329292,0.0087739014998078,0.0803952440619468,0.0153605956584215,-0.0849926173686981,0.0488560907542705,0.0127939013764262,-0.0334360599517822,0.0161712132394313,1.9465970993041992,0.5000227093696594,0.4935886263847351,0.6663985848426819,0.5597172379493713,0.4022354185581207,0.5506303906440735,0.4051729738712311,0.6047824025154114,0.3520787358283996,0.3861480057239532,0.3931438028812408,0.4493380188941955,0.0020430770815114,0.0010550420013551,0.0233126058427145,0.0119679612335878,30.247072887001742,1,Laryngitis,1233,u_n
-394.0068664550781,226.65728759765625,80.76152801513672,43.90607833862305,8.380267143249512,-2.834591627120972,-2.93894362449646,-17.566783905029297,-10.263590812683104,-3.933285713195801,-1.5678776502609253,2.0049407482147217,-11.463153839111328,27.18330192565918,9.640974044799805,11.660611152648926,4.796188354492188,4.600037097930908,5.003238201141357,4.57527494430542,6.343904972076416,6.074957370758057,4.7825798988342285,3.909928798675537,2.698410749435425,4.368569374084473,-0.5206781625747681,-0.0172803346067667,0.0710938945412635,0.0732408389449119,0.0610399842262268,0.0031998322810977,0.0017718874150887,-0.0293076988309621,-0.0566849969327449,-0.0407666265964508,-0.0077952756546437,-0.0159290004521608,-0.0624419823288917,3.079498052597046,1.7279969453811646,0.9028099179267884,0.7314205169677734,0.6990658044815063,0.6447429656982422,0.8096691370010376,0.8506011962890625,0.484450489282608,0.5461318492889404,0.5924193263053894,0.4781087934970855,0.4880747199058532,0.643041729927063,-0.28577920794487,-0.1432814300060272,-0.0462224334478378,-0.002793937921524,0.0150941349565982,0.031132947653532,0.0969444885849952,0.0127267716452479,-0.0471211411058902,-0.0277999136596918,-0.0096960682421922,0.0298988688737154,2.6508445739746094,1.1685117483139038,0.7551630735397339,0.5629158020019531,0.4188897013664245,0.4021090865135193,0.4943303167819977,0.604466438293457,0.3528145849704742,0.3691559731960296,0.3547296226024627,0.3284253776073456,0.4063487946987152,0.0028865832236895,0.0011036307520937,0.0179070956977919,0.0076604128221647,29.444824960699066,1,Laryngitis,1235,u_n
-382.5757751464844,245.215576171875,50.81288909912109,41.70626068115234,20.359434127807617,3.862908124923706,-17.07018280029297,-24.39309310913086,2.990761041641236,11.088173866271973,-7.253781318664551,3.1060757637023926,-0.6407851576805115,24.77593040466309,16.535472869873047,10.933389663696287,10.755388259887695,6.433703422546387,3.882702350616455,4.69151782989502,6.58389949798584,5.612489700317383,4.570915699005127,5.40664529800415,3.7030303478240967,4.990375995635986,-0.1098196357488632,0.9201654195785522,-0.1486401259899139,-0.2464298158884048,-0.3706500232219696,-0.1149171590805053,-0.1216694191098213,-0.1629198938608169,0.2922602593898773,0.2463303208351135,-0.1480405479669571,0.0093749361112713,-0.1054501682519912,3.502202272415161,2.262808084487915,1.2356640100479126,1.0900888442993164,0.6568694114685059,0.7605496048927307,0.8070529103279114,1.0384674072265625,0.6344096660614014,0.9867148995399476,0.6863546967506409,0.5199261903762817,0.872430145740509,0.8924243450164795,-0.4824911057949066,-0.036381110548973,-0.2330616116523742,-0.1420346945524215,0.0088895754888653,0.0644478052854538,0.2387826293706894,-0.0039255302399396,-0.0013853420969098,0.1162563040852546,-0.1508082300424575,-0.1316890269517898,2.949688673019409,1.2611806392669678,0.7941881418228149,0.7817773222923279,0.6585450768470764,0.4347290694713592,0.628583550453186,0.7255630493164062,0.5983026027679443,0.442717045545578,0.5747327208518982,0.5069645047187805,0.6232443451881409,0.0135446745918686,0.0082343837312026,0.0571621056069682,0.0308665641152142,18.18693616435851,1,Laryngitis,1237,u_n
-365.7950744628906,214.8440399169922,64.00476837158203,72.9552993774414,8.699603080749512,14.89344882965088,-11.078547477722168,-29.689054489135746,-3.141875505447388,-3.2320144176483154,6.152621269226074,0.9100236296653748,-8.816183090209961,21.27653694152832,9.970636367797852,5.366433143615723,7.179931640625,3.9352707862854,3.131022691726685,2.8595871925354004,4.650554656982422,2.1006665229797363,2.878817558288574,2.2233731746673584,3.417503833770752,2.6211421489715576,-0.0843727216124534,-0.0926027446985244,0.0176183357834815,0.0167138446122407,-0.0267373081296682,-0.0380027741193771,0.0301549118012189,0.0260336156934499,0.0050891591235995,-0.0052761267870664,-0.002889284864068,0.0226761158555746,-0.001985173439607,3.656107425689697,1.7149128913879397,0.7388718724250793,1.236124873161316,0.5786072611808777,0.5213078856468201,0.5287423133850098,0.7756714820861816,0.3721708059310913,0.4238289594650268,0.4702470004558563,0.3820186853408813,0.441629022359848,0.7662356495857239,-0.3230282664299011,-0.1591727435588836,-0.2078071683645248,0.0410554036498069,-0.0409798920154571,0.0592217706143856,0.1345928609371185,0.0185620747506618,0.0169004630297422,-0.046795405447483,0.0026089816819876,0.0457576885819435,2.8091752529144287,1.1675877571105957,0.7207844853401184,0.8092744946479797,0.3369483947753906,0.3718689084053039,0.3102032244205475,0.5566620826721191,0.307212233543396,0.2691424787044525,0.2650641798973083,0.3161561787128448,0.2725390493869781,0.0041659946957795,0.0020944546371863,0.025437646819554,0.0140124848243079,23.61479632746161,1,Laryngitis,1246,u_n
-335.8562316894531,174.20518493652344,78.51732635498047,44.66716384887695,-10.394349098205566,-1.458518624305725,0.0282244030386209,-11.822596549987791,-5.935006141662598,9.59547233581543,-5.110835075378418,0.0287840422242879,2.6773135662078857,31.813364028930664,7.040801525115967,13.061711311340332,11.410669326782228,6.78146505355835,4.778488159179688,8.519974708557129,4.341853141784668,5.358459949493408,4.742845058441162,3.4329276084899902,5.800351619720459,3.587033271789551,-0.02583784237504,0.1180542260408401,0.2486218363046646,0.1279268264770507,0.1006993055343627,0.0742888376116752,-0.043716013431549,0.0093045104295015,-0.1007704436779022,0.1195321977138519,0.0444032177329063,0.0854455083608627,0.1397360861301422,3.887105703353882,1.2820299863815308,1.8470921516418457,1.1833711862564087,1.3526725769042969,0.8181000351905823,0.7638052105903625,0.7655975222587585,0.5782623887062073,0.5458399057388306,0.5467098355293274,0.5097873210906982,0.6277421116828918,0.9091363549232484,-0.1796312779188156,-0.3422289490699768,-0.1504076719284057,0.2480703443288803,0.0986485257744789,-0.0205808468163013,0.1478281319141388,0.0643053352832794,-0.0981922224164009,-0.0397554598748683,-0.0021442444995045,-0.0113168014213442,2.671458959579468,0.7435285449028015,1.259132981300354,0.7942425012588501,0.8672407865524292,0.6209269762039185,0.4412470459938049,0.5764431953430176,0.5196810364723206,0.5793763399124146,0.4540412724018097,0.3944593966007232,0.3758537471294403,0.0074579664643923,0.0043393964689383,0.0433637072169672,0.0215080799488265,23.44764760487796,1,Laryngitis,1248,u_n
-319.67626953125,171.9115447998047,62.03068923950195,58.212669372558594,-32.92329788208008,1.9698278903961184,4.275656700134277,-9.398757934570312,9.13573169708252,14.52865982055664,1.6250475645065308,-11.427748680114746,1.9694620370864868,28.386987686157227,8.298361778259277,7.132116317749023,5.908222675323486,6.417941093444824,5.462366104125977,3.706573486328125,4.081557273864746,4.976449012756348,4.21435022354126,3.458383083343506,3.627265453338623,4.151547908782959,-1.0104711055755615,0.1349243074655532,0.2128526419401168,0.2050040513277053,-0.1580313742160797,0.0068096262402832,-0.0021651664283126,0.0311869774013757,0.092322751879692,0.0550970062613487,0.0077383294701576,-0.0482215546071529,-0.0296524837613105,4.4345808029174805,1.3016791343688965,1.0205024480819702,1.147074818611145,0.8969401121139526,0.7365386486053467,0.6413059830665588,0.6723026037216187,0.4986072778701782,0.6857437491416931,0.6025465726852417,0.588293731212616,0.5404971837997437,0.6476711630821228,-0.1150418743491172,-0.0779232531785965,-0.1259673684835434,0.2308743149042129,0.0074622430838644,0.0455483868718147,0.0883707553148269,-0.0802444070577621,-0.0984560027718544,-0.0392655879259109,0.0832550451159477,-0.0210624244064092,2.577788591384888,0.9444443583488464,0.553596556186676,0.7677571177482605,1.0018736124038696,0.4695348441600799,0.4573416411876678,0.6559961438179016,0.5715029239654541,0.6694276332855225,0.4759364724159241,0.4362375438213348,0.415204793214798,0.004737345955076,0.0028876822963507,0.0355088997387387,0.0178714067647176,23.45021923050176,1,Laryngitis,1257,u_n
-345.52069091796875,190.67202758789065,90.93333435058594,63.96163177490234,-25.154024124145508,20.780282974243164,-29.771398544311523,-12.812941551208496,-13.053019523620604,-19.796232223510746,22.597227096557617,5.099548816680908,-2.4483890533447266,15.61198616027832,5.293943405151367,6.565850734710693,5.261962890625,7.63624095916748,6.456156253814697,4.241979122161865,5.731777191162109,3.4984381198883057,5.0235443115234375,4.840104103088379,4.361227512359619,4.099757194519043,-0.128286674618721,-0.0767901688814163,-0.0290776323527097,0.0563431158661842,0.1146771535277366,0.0362685918807983,0.0189034547656774,-0.0548771284520626,-0.0337486676871776,0.0313660651445388,-0.0502960309386253,0.032934084534645,0.050496581941843,2.6601908206939697,0.6649954915046692,1.1140284538269043,0.6885350346565247,1.1350927352905271,0.8835979104042053,0.8139435052871704,0.6226368546485901,0.558822751045227,0.6833380460739136,0.7904796004295349,0.5228714346885681,0.6565272212028503,0.5103377103805542,-0.0950224325060844,-0.2063340246677398,-0.0745290517807006,0.2262990623712539,-0.1273317486047744,0.0235671084374189,-0.0479278191924095,0.0772511139512062,0.1272531151771545,-0.1244565621018409,-0.0343181230127811,0.0084409350529313,1.6822229623794556,0.5100008249282837,0.9082997441291808,0.5125427842140198,1.019965887069702,0.7273237109184265,0.5133047699928284,0.5646070837974548,0.4822341501712799,0.6539402604103088,0.6120703816413879,0.5225054621696472,0.4720201194286346,0.0023746547789168,0.00132334614764,0.0130965574186858,0.0070941702956456,29.95926577649482,1,Laryngitis,1259,u_n
-303.8298034667969,176.492919921875,39.65583038330078,64.44198608398438,-18.394399642944336,-22.014692306518555,-6.500143527984619,-11.09882926940918,9.072787284851074,-15.690092086791992,-11.91603946685791,16.142723083496094,-13.26740550994873,22.498252868652344,4.810938835144043,4.589577674865723,6.826240062713623,6.037326812744141,5.206838130950928,4.14806079864502,4.246142864227295,5.113600730895996,3.494753360748291,3.360715627670288,4.99345064163208,4.3137078285217285,0.2210912853479385,-0.1122383028268814,-0.1242287307977676,-0.0134474365040659,-0.2259590923786163,-0.0792258009314537,-0.0807114839553833,-0.0503971874713897,0.0123027237132191,-0.0973063856363296,-0.0276298876851797,0.0265593584626913,0.0036475043743848,3.999828100204468,0.7618333697319031,0.8597530722618103,1.24658465385437,1.107270121574402,0.9216050505638124,0.6819360852241516,0.5831698179244995,0.7589624524116516,0.5630403757095337,0.6179781556129456,0.8320373296737671,0.6210579872131348,1.0952985286712646,-0.0921058133244514,-0.089743286371231,-0.2563287317752838,0.2045846283435821,0.2114830017089843,-0.0048318342305719,0.0440457612276077,-0.0762380883097648,0.0621160604059696,0.0340255312621593,-0.1281311810016632,0.0568465515971183,3.134749174118042,0.5114395618438721,0.4607019126415252,0.8349429965019226,0.7792732119560242,0.773131251335144,0.4774626791477203,0.5099107623100281,0.4841677546501159,0.5190821290016174,0.4352249801158905,0.5272780656814575,0.4171390235424042,0.0031096612491091,0.0012769578031288,0.0169504889445379,0.0089367258408878,28.437907545054784,1,Laryngitis,1260,u_n
-353.15069580078125,177.0327606201172,74.90265655517578,72.98174285888672,22.771163940429688,23.950199127197266,-26.82343864440918,-16.23749351501465,1.624031662940979,-2.5869662761688232,4.40802812576294,-0.3865393102169037,18.685379028320312,21.76715469360352,5.452675819396973,6.549080848693848,7.534637928009033,7.146851539611816,8.358196258544922,6.063544273376465,4.813619136810303,3.9714765548706055,4.518075942993164,6.933603763580322,6.234435081481934,6.4579949378967285,-0.3136794567108154,0.0286418348550796,0.0241022370755672,0.0052358196116983,0.0614147707819938,-0.0401455238461494,-0.0001066772019839,-0.021258395165205,-0.0335227325558662,-0.0409861169755458,-0.0604044683277606,0.0964234843850135,0.0494156964123249,3.480886697769165,0.8710708022117615,1.1619690656661987,1.3579596281051636,0.8767867684364319,0.9357747435569764,1.0645869970321655,0.9334307312965392,0.7366639971733093,0.7305370569229126,0.6231042742729187,0.6218425631523132,0.8010818362236023,0.6779192090034485,-0.1594799757003784,-0.2267792373895645,-0.1946164518594741,-0.0094268675893545,-0.081971600651741,0.1808933466672897,0.1123282313346862,0.0128133902326226,0.0053779566660523,-0.0371777229011058,-0.0049764304421842,-0.1228135451674461,2.2903318405151367,0.7044553756713867,0.8059815764427185,0.7013062834739685,0.4505289196968078,0.5319358110427856,0.7478539943695068,0.5321612358093262,0.4245433509349823,0.4768016636371612,0.4459806382656097,0.4228288531303406,0.5362775325775146,0.0030052785398812,0.001207214730522,0.0159753726192233,0.0080477639227702,30.72166197107772,1,Laryngitis,1264,u_n
-371.0412902832031,152.4086151123047,15.634591102600098,90.0137939453125,-6.103006839752197,-47.62215042114258,-33.64909362792969,-10.492867469787598,-16.01413917541504,-26.59252166748047,2.5435736179351807,-7.182046890258789,-4.89108943939209,32.18394088745117,3.410369634628296,6.087894916534424,12.100445747375488,4.593092441558838,6.092309474945068,3.9271726608276367,3.166765689849853,3.155137062072754,3.543090343475342,3.0308005809783936,2.17027235031128,3.056457757949829,-0.557136595249176,0.0620780140161514,0.0117531325668096,0.0403971634805202,-0.0002771947183646,0.0092435041442513,-0.0913065373897552,0.0232895109802484,0.04768767952919,-0.0166823342442512,-0.0296689085662364,0.0329375639557838,0.0577002167701721,5.49581241607666,0.4790213704109192,0.7312641143798828,2.256350040435791,0.4893117845058441,1.056997299194336,0.7131503820419312,0.3959735929965973,0.629746675491333,0.5559335350990295,0.4654657244682312,0.3176466524600982,0.4048318266868591,1.426236271858215,-0.046733908355236,0.0064325570128858,-0.5704634189605713,0.089512676000595,0.2338423579931259,0.1711041629314422,0.0016208416782319,0.0109914168715476,0.1430608034133911,-0.0730436444282531,0.0477571338415145,0.0243399888277053,3.772050380706787,0.4176869094371795,0.3946620523929596,1.5620598793029783,0.3706150650978088,0.6552432179450989,0.5016252398490906,0.2783755362033844,0.3752307891845703,0.4407801628112793,0.4246200919151306,0.3037592470645904,0.3240508139133453,0.0017670385800658,0.0010558560868116,0.0056632502031019,0.0027296827789769,34.62894796531352,1,Laryngitis,1265,u_n
-385.7677307128906,202.7794189453125,52.66817474365234,31.376266479492188,19.81789207458496,6.148857116699219,-27.00782966613769,-8.244230270385742,5.319835662841797,14.400161743164062,-0.9529971480369568,-9.334805488586426,2.623474597930908,17.502120971679688,6.69365119934082,4.02824068069458,4.785012245178223,4.031593322753906,4.191999435424805,4.124810218811035,4.721528053283691,4.835816383361816,4.341436386108398,3.5750973224639893,4.677206993103027,3.8010194301605225,0.3875525295734405,-0.1223406568169593,-0.1313411146402359,-0.0823852717876434,-0.0225032661110162,-0.0133875962346792,0.0004995602066628,-0.0653641745448112,-0.0048065185546875,-0.050254862755537,0.0524385757744312,-0.0114818233996629,-0.0534930825233459,3.2252047061920166,1.1376140117645264,0.7113881707191467,0.7165800333023071,0.5709765553474426,0.5637126564979553,0.6164458394050598,0.6838544607162476,0.5782390236854553,0.6823574304580688,0.5712791681289673,0.563216507434845,0.4310941100120544,0.506210446357727,-0.1250207126140594,-0.0135001465678215,0.0267964955419302,-0.0029727586079388,0.0319200828671455,0.0739476084709167,-0.0198806673288345,0.002185926772654,-0.032129693776369,0.0008070342591963,-0.0009787764865905,-0.0351987667381763,2.3254525661468506,0.7237037420272827,0.3768890500068664,0.4860031902790069,0.4621894359588623,0.4547309875488281,0.4716476798057556,0.505760908126831,0.488057792186737,0.4860574901103973,0.4327996373176574,0.376477301120758,0.3608904778957367,0.0031741540891415,0.001164633377315,0.0172580339166967,0.0069760250261506,29.141939020497304,1,Laryngitis,1269,u_n
-310.1749267578125,185.62237548828125,96.59178161621094,80.94282531738281,-16.003665924072266,5.1646728515625,-22.84024810791016,-5.451138019561768,3.152737855911255,-18.160871505737305,8.446603775024414,2.203296422958374,-8.737115859985352,9.352237701416016,5.794275283813477,8.603235244750977,10.746094703674316,5.359776496887207,3.858212471008301,7.2557501792907715,4.510115146636963,3.83215856552124,5.8282151222229,3.786352634429932,4.414809703826904,5.107303142547607,0.4364542663097381,-0.0258403290063142,0.4796743988990783,0.6388841867446899,-0.2700560688972473,-0.0736987143754959,-0.3726737201213836,-0.170348435640335,0.1206360012292862,-0.0784625560045242,-0.0071974107995629,0.0284965261816978,-0.3775606453418731,1.2732021808624268,0.7309913039207458,0.7909151911735535,0.6487141847610474,0.6673051714897156,0.5322794318199158,0.6146363019943237,0.4958425164222717,0.5894017815589905,0.8369109034538269,0.6068738698959351,0.5491284132003784,0.7557023167610168,0.0123554002493619,0.0446614287793636,-0.1273320168256759,-0.1389144361019134,0.1207478567957878,0.0679976418614387,-0.0017353844596073,-0.0420372933149337,-0.0377525351941585,0.1319628804922104,-0.0029085467103868,-0.0902418792247772,-0.0266285073012113,0.6094003915786743,0.5421296954154968,0.5265288949012756,0.5895816683769226,0.5660175681114197,0.4256465435028076,0.2896632254123688,0.4288594722747803,0.3602137863636017,0.448940634727478,0.464014858007431,0.3537130653858185,0.3408027291297912,0.0075089125162012,0.0039858730974732,0.0249376838847164,0.0099891310415988,22.75462268517431,1,Laryngitis,1274,u_n
-381.6213684082031,250.3195953369141,65.71177673339844,31.97386932373047,0.5827077031135559,1.9147989749908447,-6.150789737701416,-11.371221542358398,5.8107757568359375,6.253787040710449,4.883395671844482,3.2620270252227783,-14.801902770996094,19.90653419494629,11.184419631958008,7.546309471130371,3.211267232894897,3.909196376800537,3.871659755706787,4.73301362991333,3.3606436252593994,3.4308698177337646,3.1134257316589355,2.3306756019592285,3.506511926651001,2.207161426544189,0.4916392266750335,-0.2517186105251312,-0.0270730443298816,-0.0902214646339416,-0.002972322050482,0.0282658189535141,0.0469183102250099,0.0491985455155372,-0.0078385304659605,0.0288845282047987,-0.0149880945682525,-0.1195365190505981,-0.0639819353818893,3.810191631317138,2.0506460666656494,1.2791213989257812,0.3853618502616882,0.6756901144981384,0.5460652709007263,0.5344133973121643,0.5281468629837036,0.4998551607131958,0.4986477196216583,0.4126908481121063,0.5818566679954529,0.2853412926197052,0.8901939988136292,-0.5222739577293396,-0.1998593807220459,-0.0158644635230302,0.0587636344134807,0.0283475741744041,-0.0067111016251146,0.0871059074997901,0.0154267167672514,0.0156252607703208,0.0103728603571653,-0.0480390638113021,0.0395431369543075,2.5090935230255127,1.5392005443572998,0.6352286338806152,0.385900467634201,0.3231529295444488,0.3112570643424988,0.2396330684423446,0.3155799508094787,0.3141164481639862,0.3209045231342315,0.2437122911214828,0.3446817398071289,0.2141993343830108,0.0022611290245326,0.0008767590529489,0.0146754241165553,0.0080688137535145,30.28506514424397,1,Laryngitis,1283,u_n
-329.9801940917969,178.91116333007812,51.57117462158203,44.21049118041992,1.4381279945373535,-7.937101364135742,-34.457637786865234,-6.336367130279541,0.8504878282546997,-27.512449264526367,-1.0333819389343262,4.924228668212891,-3.99871826171875,38.29207992553711,8.549907684326172,13.792247772216797,5.646559238433838,6.446906089782715,4.361271858215332,7.017979145050049,4.993480205535889,5.034917831420898,6.171655654907227,3.488653898239136,3.4327621459960938,3.0655205249786377,-1.8202570676803589,0.1012869179248809,0.5112521052360535,0.1182185038924217,-0.1021808758378028,-0.0097215613350272,-0.0641471296548843,-0.0788758397102356,0.0458187535405159,0.0323762148618698,0.0332872122526168,0.0192213784903287,0.0177365224808454,3.964418888092041,1.4923832416534424,0.7094017267227173,0.7490600347518921,0.9522509574890136,0.5559312105178833,0.8517553806304932,0.8775602579116821,0.8623622059822083,0.7934769988059998,0.5579705834388733,0.5194745659828186,0.49925297498703,1.1881334781646729,-0.1674939841032028,-0.0395064800977706,-0.012598168104887,0.2047480940818786,0.1088801771402359,0.1854829937219619,-0.1103392988443374,-0.1793559789657592,0.1589867323637008,-0.0613065734505653,-0.0893868580460548,0.0634567737579345,2.9258029460906982,0.9235417246818542,0.5718086957931519,0.4244087636470794,0.6414090394973755,0.4381622970104217,0.6271061301231384,0.5597353577613831,0.5926412343978882,0.5705377459526062,0.3531616032123565,0.4314385056495666,0.4752770960330963,0.0020367974727902,0.0011817462688357,0.0151124521889011,0.0078419934478904,30.437575149453064,1,Laryngitis,1295,u_n
-347.0963134765625,165.33714294433594,60.00130844116211,61.7760124206543,-27.48540687561035,0.2346632927656173,-36.08924865722656,-17.84700584411621,13.324751853942873,-26.618927001953125,-6.250699043273926,5.659630298614502,-5.614782810211182,20.98583221435547,4.650886535644531,6.940510749816895,6.328579902648926,6.5913591384887695,6.682176113128662,5.431771278381348,5.073651313781738,4.833569526672363,4.980764389038086,4.486627578735352,4.970658302307129,3.409116506576538,-0.2683196663856506,0.0131205422803759,0.0789404287934303,0.0506429299712181,0.0049345772713422,-0.0268914904445409,-0.0281665306538343,0.0554868057370185,0.0173730850219726,0.0139467716217041,0.0469076819717884,-0.0255003701895475,-0.0091581800952553,3.676438331604004,0.8034747838973999,1.1700958013534546,1.0465195178985596,1.1073662042617798,0.6730154752731323,0.780950665473938,0.7284761667251587,0.7557801008224487,0.7531281113624573,0.4494454264640808,0.7196733355522156,0.4813652336597442,0.6456471085548401,-0.0984500348567962,-0.139106884598732,-0.1420469284057617,0.1608258038759231,-0.0033212399575859,0.1057755425572395,0.0367776229977607,-0.0895332917571067,0.0749266296625137,-0.0193850882351398,-0.0757553204894065,-0.0184809099882841,2.568544387817383,0.5929495692253113,0.7149413228034973,0.6835395097732544,0.7686111330986023,0.5426114797592163,0.5391708016395569,0.5204123854637146,0.5111625790596008,0.5417365431785583,0.3621896505355835,0.629560649394989,0.4473810195922851,0.0028073587355339,0.0015656906083216,0.0301334512705202,0.0155156828933719,27.725605040043323,1,Laryngitis,1300,u_n
-385.838134765625,191.3095550537109,55.9337272644043,53.6597785949707,36.69425964355469,15.377448081970217,-17.005956649780273,-24.717697143554688,12.294598579406738,9.987224578857422,-15.038667678833008,-8.536968231201172,6.783949851989746,37.40361404418945,11.168349266052246,5.90420389175415,6.161631107330322,7.0866546630859375,3.03364896774292,5.073823928833008,6.075087070465088,3.449671030044556,3.255162477493286,3.6850905418396,2.934464454650879,3.060804843902588,-1.0692931413650513,0.22371406853199,0.1746493875980377,0.1064485013484954,0.1602223813533783,0.0361687466502189,-0.0559797175228595,-0.076559342443943,-0.0321446098387241,0.0310349836945533,-0.0558033995330333,-0.0680907517671585,0.0307985004037618,6.578330039978027,2.2302234172821045,1.1466939449310305,1.0432485342025757,0.99214905500412,0.5475979447364807,1.102038860321045,1.335055947303772,0.609175980091095,0.5884218811988831,0.5083205699920654,0.3712410032749176,0.4620247483253479,1.8256757259368896,-0.4989964365959167,-0.2906250953674316,-0.2165089398622512,-0.1548095196485519,-0.020502159371972,0.2409214973449707,0.2603009045124054,-0.17241071164608,-0.1161478981375694,0.1341025382280349,0.0710845664143562,-0.1128599047660827,4.5291852951049805,1.3154300451278689,0.733860433101654,0.6298058032989502,0.5070288777351379,0.446643054485321,0.6121383905410767,0.6088369488716125,0.4947933256626129,0.3675510883331299,0.437518447637558,0.372905433177948,0.3875755369663238,0.0021947520494247,0.0008633362597308,0.0136567542052627,0.0057218385297275,32.07830376922407,1,Laryngitis,1301,u_n
-375.4983520507813,181.68592834472656,62.72837448120117,46.16480255126953,-10.42629337310791,22.113439559936523,-12.545629501342772,-9.139511108398438,9.266566276550291,6.9688591957092285,20.3218994140625,-13.022272109985352,-10.91774082183838,25.12475776672364,5.836370944976807,6.054399490356445,4.289290428161621,5.941354751586914,4.412034034729004,4.288118839263916,4.1896748542785645,3.48245620727539,3.815865993499756,5.092249870300293,3.998955488204956,3.391103506088257,0.2828367054462433,-0.2030371576547622,-0.1225476041436195,-0.0766225606203079,0.050125628709793,0.028351791203022,0.0266673937439918,-0.0646223723888397,-0.0370318107306957,-0.0460173524916172,-0.023619819432497,-0.0255666486918926,-0.0618805922567844,4.702827453613281,1.004141092300415,1.149594783782959,0.7098402976989746,1.126937747001648,0.8181093335151672,0.5596949458122253,0.6047602295875549,0.594609797000885,0.6427521109580994,1.019368052482605,0.5543949007987976,0.524091899394989,1.4134823083877563,-0.2705973982810974,-0.2465580105781555,-0.1406116783618927,0.3209788203239441,-0.1966842412948608,0.1965235471725464,0.1692548841238021,-0.0885425359010696,-0.1839850097894668,-0.2916532456874847,0.2609111368656158,0.1027617007493972,2.9409756660461426,0.8619543313980103,0.6410924792289734,0.4963179528713226,0.707435131072998,0.6417151689529419,0.6463500261306763,0.6423478126525879,0.4599010050296783,0.6396729946136475,0.6996124982833862,0.7078096270561218,0.4525349736213684,0.0048038530237466,0.0026746235109151,0.0482383325477171,0.0233474990912297,23.137247641383087,1,Laryngitis,1307,u_n
-378.0433654785156,204.93655395507807,41.4771728515625,29.23592758178711,-1.95129919052124,-6.468594074249268,-2.238867282867432,-11.728960037231444,-4.017436981201172,-1.1678354740142822,-13.416150093078612,-8.620678901672363,1.923074007034301,31.37113571166992,10.532631874084473,5.745108604431152,7.086292266845703,9.73896598815918,5.045412063598633,6.445337772369385,3.7583587169647217,3.359321355819702,3.676690578460693,4.905590534210205,3.1180641651153564,3.265059471130371,-0.3377401530742645,0.3626294732093811,0.2028178721666336,0.0085030263289809,-0.1025301590561866,0.031747993081808,-0.0338432639837265,-0.0738363191485405,0.0394775904715061,0.0316113792359828,-0.054602101445198,-0.0995578542351722,0.0147487707436084,4.849894046783447,1.9522795677185056,0.8315601944923401,0.807552695274353,0.8849348425865173,0.6762974262237549,0.6069275736808777,0.6401544809341431,0.5107301473617554,0.4994958937168121,0.6402590274810791,0.4569559097290039,0.4223411679267883,1.271041750907898,-0.3914994299411773,0.0139467241242527,-0.0653890147805213,0.0409435033798217,0.0733478069305419,0.0458617061376571,0.0914630964398384,-0.0016404842026531,-0.025252092629671,0.0812451913952827,0.0596555992960929,-0.0327166058123111,3.731974840164185,1.0337094068527222,0.459557831287384,0.5820682048797607,0.4570764005184173,0.4904849827289581,0.3391780257225036,0.4592824876308441,0.4099099040031433,0.299227625131607,0.3807197511196136,0.3691984415054321,0.2783043980598449,0.0023771242984702,0.001091622593614,0.0180448360504943,0.0084132182741745,29.670787491133417,1,Laryngitis,1311,u_n
-313.7799377441406,189.0089569091797,71.63504028320312,54.05091094970703,-8.551018714904785,16.698583602905273,-41.2692985534668,-13.892698287963867,3.3224923610687256,15.946264266967772,-1.6867790222167969,-24.53019523620605,-7.252621173858643,17.353424072265625,5.5900092124938965,7.856905460357666,6.857721328735352,6.410077095031738,4.24166202545166,8.162332534790039,5.555710315704346,4.4477219581604,6.811079978942871,4.779917240142822,4.493920803070068,3.651390790939331,-0.3300774693489074,-0.0792538300156593,0.1545866429805755,0.0933401212096214,0.0420484021306037,0.0964953824877739,0.0246864911168813,-0.0089311962947249,0.0838813856244087,-0.0538009218871593,0.0591436885297298,-0.0137363215908408,0.0058950278908014,1.8788765668869016,1.008198618888855,0.9818490743637084,1.1558116674423218,0.9004510641098022,0.7634870409965515,1.5003609657287598,0.9035243391990662,0.5580146908760071,1.1374467611312866,0.646565318107605,0.6661741733551025,0.6031949520111084,0.3165244460105896,-0.1342328935861587,-0.1189980432391166,-0.0896776616573333,0.1509899199008941,-0.022534292191267,0.1114054769277572,0.0034733277279883,-0.0199704896658658,-0.0257622320204973,-0.003403685754165,0.0398411750793457,-0.0142730884253978,1.3871041536331177,0.647113025188446,0.6994845867156982,0.654119074344635,0.6919587850570679,0.4588819742202759,0.6214860081672668,0.4753065109252929,0.3333596885204315,0.3895050585269928,0.3778321146965027,0.3626567125320434,0.3855914771556854,0.0053621151153334,0.0018820750554065,0.0273702468148448,0.0102362318755456,22.79109122896753,1,Laryngitis,1315,u_n
-378.7769470214844,179.1944580078125,72.03217315673828,81.83590698242188,0.5196424126625061,-10.507960319519045,-19.238210678100582,-6.464760780334473,-4.836390495300293,-18.04905128479004,3.837048053741455,-0.1561225652694702,-4.234395980834961,25.42773628234864,3.241345167160034,9.981639862060549,10.403812408447266,4.944469928741455,7.362610340118408,3.93729305267334,3.097918033599853,4.527278423309326,4.207003593444824,4.1414289474487305,3.506627321243286,3.0871288776397705,-0.858672022819519,-0.0309633333235979,0.2381319552659988,-0.0628758817911148,-0.0312976352870464,0.1707151383161544,0.0295603796839714,0.1054767221212387,0.1312258690595626,0.0252270922064781,0.1069788783788681,0.0487056709825992,0.0544345118105411,4.328435897827148,0.5016822814941406,1.2238296270370483,1.5241434574127195,0.7965859174728394,0.9306750297546388,0.7289485335350037,0.5555109977722168,0.5092048048973083,0.7725090980529785,0.405877023935318,0.6022178530693054,0.4973535239696502,1.1174732446670532,0.0039405315183103,-0.2453250288963318,-0.4522265195846557,0.1493687182664871,0.249789223074913,0.1390773057937622,-0.0406298264861106,-0.0607978105545043,0.1048155277967453,0.0163796115666627,0.032119870185852,0.0079746358096599,3.009693622589112,0.3254580199718475,0.9104037284851074,1.3953880071640017,0.5802040100097656,0.8050189018249512,0.5086813569068909,0.4117715656757355,0.3852827548980713,0.451442003250122,0.3455114364624023,0.3863949179649353,0.3159054517745971,0.0023885975445566,0.0010174014990287,0.0186414296634023,0.0076805536373278,30.127795270480032,1,Laryngitis,1388,u_n
-294.30108642578125,140.148193359375,45.11771011352539,34.653743743896484,15.328968048095703,20.9774227142334,5.105165958404541,7.775023460388184,2.655452251434326,9.18763542175293,5.048761367797852,2.5732321739196777,1.2476568222045898,6.76193380355835,3.9679133892059326,5.926813125610352,2.6627299785614014,4.525481700897217,3.0127172470092773,3.013249635696411,3.433720111846924,2.6229135990142822,2.278700351715088,2.2507519721984863,2.4183554649353027,2.2696304321289062,0.1807914227247238,-0.115825667977333,-0.1243891641497612,0.0383679121732711,0.0728426650166511,0.0124137625098228,0.0008718206663616,-0.0873871892690658,-0.0118637569248676,0.0049559460021555,-0.0029390687122941,-0.0024550603702664,0.0103422924876213,0.9644917845726012,0.6479079127311707,0.5920910835266113,0.4811152219772339,0.5443893074989319,0.4129211008548736,0.4277760088443756,0.435188740491867,0.371178537607193,0.3852395117282867,0.39394211769104,0.397348016500473,0.4125290215015411,0.0959898456931114,0.0206142999231815,-0.0062852352857589,-0.0192266590893268,-0.0288440864533185,-0.0151373920962214,0.0339599885046482,0.015076084062457,-0.007672400213778,-0.0362510718405246,0.0091135734692215,0.0042006778530776,-0.0107050351798534,0.6951891779899597,0.4914351999759674,0.3592806160449981,0.3211597800254822,0.3469029664993286,0.3232170343399048,0.304062008857727,0.2690979838371277,0.3159065246582031,0.3046067655086517,0.3113294839859009,0.315672367811203,0.2916174232959747,0.007689932904915,0.0045620866370115,0.0452444666444455,0.0197921098808483,23.934724889345084,1,Laryngitis,139,u_n
-337.63104248046875,168.95562744140625,44.03130722045898,41.93618774414063,-20.599929809570312,-12.523964881896973,-30.756975173950195,-8.693741798400879,-9.949514389038086,-3.4569807052612305,6.523338317871094,-4.900536060333252,4.673539161682129,29.700408935546875,8.01068115234375,5.274343013763428,5.903022766113281,6.323995590209961,6.579537868499756,5.926854133605957,4.263387203216553,7.780798435211182,4.93820858001709,5.610153675079346,4.109911918640137,3.740560531616211,-1.3710336685180664,0.156067281961441,-0.0719165056943893,0.2910510003566742,0.0118068056181073,-0.0498307384550571,-0.1992688179016113,-0.0501248687505722,-0.2893175482749939,-0.2072010934352874,0.1064703315496444,-0.1836014539003372,0.00792006123811,4.648580551147461,1.1939752101898191,0.7536985278129578,1.095194697380066,0.7967013120651245,0.7700395584106445,0.6935482621192932,0.7225037813186646,0.6150083541870117,0.7088713049888611,0.6986713409423828,0.5810597538948059,0.7156897187232971,1.1958431005477903,0.1392242163419723,-0.0633246824145317,-0.1677872389554977,0.2696211040019989,-0.0401743724942207,0.0505058802664279,-0.0356323644518852,0.035803597420454,0.0764298066496849,-0.0161097664386034,0.0788332447409629,-0.0189197529107332,3.117936849594116,1.3086059093475342,0.6050477027893066,0.5890733003616333,0.9714551568031312,0.4149733185768127,0.3597392737865448,0.5668808221817017,0.5142263174057007,0.4574532210826874,0.3687671422958374,0.4077808260917663,0.4081785082817077,0.0018635488037348,0.0009421316670102,0.0187362709145728,0.0100735331818421,30.681677654779243,1,Laryngitis,1404,u_n
-383.1534118652344,206.65213012695312,74.28595733642578,35.28553009033203,-30.100923538208008,-15.242244720458984,-12.419108390808104,-21.017581939697266,-12.389633178710938,-4.600528717041016,2.8997769355773926,-6.450924873352051,1.7457870244979858,25.623241424560547,9.455260276794434,8.149725914001465,5.992591857910156,10.916306495666504,6.893741607666016,4.932407379150391,4.7864861488342285,6.24588680267334,4.861552238464356,4.212085247039795,3.375184297561645,3.8523683547973633,-0.7145256400108337,0.4101795256137848,0.1317235678434372,0.027106249704957,-0.176300048828125,-0.0215053167194128,-0.0497848540544509,0.053441371768713,0.113392136991024,0.0191677957773208,0.0684936493635177,-0.0553114973008632,-0.0175445228815078,4.971227645874023,1.5437934398651123,1.503311276435852,1.0258231163024902,1.0571112632751465,0.951381504535675,0.618105411529541,0.6770232915878296,0.5890982151031494,0.6177055835723877,0.6289578080177307,0.4935671389102936,0.613664984703064,0.9685564637184144,-0.1462450623512268,-0.2807581424713135,-0.0791800245642662,0.1514434963464737,0.1115671247243881,-0.0014032903127372,0.0712639763951301,0.0472503937780857,-0.0501262359321117,-0.0277969352900981,-0.0095759881660342,-0.0584954395890235,3.673938989639282,1.170745015144348,1.1219842433929443,0.6672149300575256,0.6642506718635559,0.6120613217353821,0.397515207529068,0.5009983777999878,0.470548003911972,0.4709211885929107,0.5355026721954346,0.4397445023059845,0.5550451874732971,0.0062429832371548,0.0038775678651888,0.0349117169396477,0.0192242641123044,26.12146700125746,1,Laryngitis,1405,u_n
-295.8622436523437,187.53512573242188,29.439321517944336,35.61491012573242,12.881957054138184,7.070991039276123,2.6543328762054443,13.348490715026855,11.187761306762695,1.3340100049972534,0.6263371706008911,3.447157144546509,0.81717848777771,9.797876358032228,6.568731784820557,4.174638271331787,5.839540481567383,9.38907527923584,9.153181076049805,9.53437614440918,7.406727313995361,8.88316535949707,5.737635612487793,6.456598281860352,4.206034183502197,3.937551259994507,-0.0744101256132125,-0.0916552245616912,-0.0410993285477161,0.0649525001645088,0.157199889421463,0.0192400775849819,-0.0674459412693977,0.02516352199018,0.0459367111325264,-0.0198578666895627,0.0408716015517711,-0.0007417058222927,-0.0572714917361736,1.2593693733215332,0.6537517309188843,0.3334808945655823,0.4191641807556152,0.5093211531639099,0.5988098382949829,0.6832782030105591,0.6299759745597839,0.5836995840072632,0.6268726587295532,0.6175459027290344,0.5325556397438049,0.5280458927154541,0.2084231972694397,-0.1250447183847427,0.0366274192929267,0.0066426978446543,0.0121121006086468,-0.0376394987106323,0.0083987722173333,0.0122688943520188,0.0204277597367763,-0.0130693661049008,0.0019562661182135,0.0357998386025428,-0.0005083664436824,0.8970397114753723,0.5053192973136902,0.2337186187505722,0.2190048694610595,0.3345107138156891,0.3444451987743377,0.3659704327583313,0.2809174060821533,0.2832284569740295,0.342638611793518,0.2984238266944885,0.3276326358318329,0.2495402991771698,0.0023702359493718,0.0008731550880883,0.0090914138695825,0.0037862301182896,37.35190856188412,1,Laryngitis,141,u_n
-329.5491027832031,164.15286254882812,52.918724060058594,68.03758239746094,-13.439475059509276,9.000101089477539,-2.964296102523804,-0.1226429641246795,-0.4099465608596802,9.420768737792969,16.007535934448242,-7.282286643981934,-14.635351181030272,18.43700790405273,6.286207675933838,5.413948059082031,5.81208610534668,5.380962371826172,4.322389125823975,3.6793599128723145,4.040521621704102,4.3430657386779785,3.855533123016357,4.377344131469727,3.290163993835449,4.13666296005249,0.2289715856313705,-0.2051676511764526,-0.0911492183804512,-0.1615022420883178,0.0670213028788566,-0.0628593191504478,-0.0483428910374641,-0.0475586652755737,0.037397276610136,0.0282806921750307,-0.0032979040406644,-0.0428468473255634,-0.0235971808433532,2.810986280441284,0.9090923070907592,0.7985925674438477,0.8715899586677551,0.8568760752677917,0.6910540461540222,0.6203453540802002,0.7223987579345703,0.8454129695892334,0.5928482413291931,0.5812327861785889,0.5232335329055786,0.5788025856018066,0.55765700340271,0.0636651068925857,-0.0791759639978408,-0.1563700437545776,0.0552359409630298,0.0372477807104587,0.0297490246593952,-0.0019036250887438,0.0159626100212335,-0.0467636734247207,-0.0883673951029777,-0.004514311440289,0.0220618732273578,2.314000368118286,0.8057725429534912,0.5015494227409363,0.7048790454864502,0.5445164442062378,0.424984723329544,0.3398049473762512,0.5266736745834351,0.567761242389679,0.4378416836261749,0.4767824709415436,0.3518477976322174,0.4003467857837677,0.0025057503978747,0.001321547597373,0.0237244788392414,0.0130716749557556,28.270565414852587,1,Laryngitis,1414,u_n
-255.9363555908203,194.9924774169922,31.218807220458984,80.08428192138672,-18.01505851745605,-9.49110221862793,-1.893833041191101,-5.93648624420166,12.743786811828612,-3.649182319641113,22.7182674407959,1.1747807264328003,-43.90259552001953,14.261190414428713,8.096879005432129,6.929692268371582,6.733827590942383,6.33756160736084,3.2672855854034424,2.6678199768066406,3.069830656051636,2.4354114532470703,2.270209312438965,3.0987377166748047,2.6173224449157715,4.02870512008667,-1.265210509300232,0.1648693531751632,0.5838389992713928,0.2679296731948852,-0.0847237780690193,0.2044273316860199,-0.0293845348060131,-0.1453914195299148,0.1291767358779907,0.020286364480853,0.0779597163200378,0.0497523657977581,-0.1314863115549087,2.7259721755981445,0.997238039970398,1.236866474151611,1.1023375988006592,1.0784610509872437,0.4846295416355133,0.3407189548015594,0.3026297390460968,0.4579164683818817,0.4351155757904053,0.5835745334625244,0.336576372385025,0.7095609307289124,0.4155617356300354,-0.2589446902275085,0.0794195160269737,-0.2936367690563202,0.2067046612501144,0.0120819173753261,-0.0448986254632473,0.1172413825988769,-0.003803837345913,0.0216413512825965,-0.1363630145788192,0.0099986502900719,0.098948173224926,1.262128829956055,0.7973686456680298,0.7172103524208069,0.7061824798583984,0.6360653042793274,0.2949815392494201,0.330479085445404,0.3977618813514709,0.2398083060979843,0.2878448367118835,0.3924392461776733,0.2919166386127472,0.3891534805297851,0.0250912701287301,0.016151347007447,0.0814920742972763,0.0518181910431948,14.483363737661046,1,Laryngitis,1426,u_n
-357.1763916015625,139.7443389892578,63.23711395263672,68.69320678710938,31.7603702545166,-7.221269607543945,-10.285663604736328,1.0765854120254517,4.981503009796143,-10.069393157958984,-11.623522758483888,8.203935623168945,6.169967174530029,18.29780578613281,10.411505699157717,7.9239630699157715,7.686877250671387,4.932590961456299,7.676244735717773,6.732093334197998,5.314234733581543,5.524175643920898,4.263209342956543,3.5458388328552246,5.15547513961792,4.838822364807129,-0.0573536604642868,-0.1175565049052238,-0.1390118151903152,0.0972030758857727,0.0402054749429225,-0.0512387193739414,-0.0424057766795158,0.0452229008078575,0.03139204159379,-0.0508230216801166,-0.0101079624146223,0.0515585355460643,0.0541752688586711,2.5711240768432617,1.2734590768814087,1.106152057647705,1.3262473344802856,0.7863320708274841,0.958726704120636,0.990140736103058,0.8030935525894165,0.7220765948295593,0.7173029184341431,0.5747599601745605,0.7759520411491394,0.7029170393943787,0.3401089012622833,0.0978453531861305,-0.1122664287686348,-0.2264619767665863,-0.0411070995032787,0.0700943619012832,0.0307661276310682,0.0681558027863502,0.0363366492092609,-0.0047329319640994,0.0009146375814452,-0.0063469447195529,-0.0287966523319482,1.7546701431274414,0.7511634826660156,0.8045754432678223,1.1103631258010864,0.5128191113471985,0.6538129448890686,0.6905133724212646,0.6370443105697632,0.5114938616752625,0.4505521357059479,0.4200672209262848,0.537881076335907,0.4925335347652435,0.0127952524940567,0.0051385442894272,0.043920928503005,0.0170595231785922,21.382897186324303,1,Laryngitis,1436,u_n
-381.2586669921875,205.1062774658203,53.009422302246094,32.07804870605469,-9.073541641235352,-3.059734344482422,0.0293482262641191,-9.71479320526123,-7.512597560882568,4.988279342651367,5.115255355834961,-8.818777084350586,1.593907594680786,14.734651565551758,6.909428596496582,4.782305240631104,3.8370065689086914,3.9581832885742174,3.4840989112854004,3.185305595397949,2.901827812194824,3.1863245964050293,3.8133468627929688,2.8748767375946045,3.1291091442108154,2.9728596210479736,0.1686707437038421,-0.2360331714153289,-0.0754154846072197,-0.040882546454668,0.0088758412748575,0.0171374771744012,0.0183554869145154,0.0502198077738285,0.0338872745633125,0.0487387403845787,-0.0020886594429612,-0.0123226353898644,-0.0398432649672031,2.4744222164154053,0.9785937666893004,0.8484598398208618,0.6234490275382996,0.6887166500091553,0.6126413941383362,0.5118484497070312,0.5581785440444946,0.4479581713676452,0.5900375843048096,0.4673575162887573,0.5122883319854736,0.4669618606567383,0.411320686340332,-0.1042459830641746,-0.0467345267534256,-0.0039173848927021,0.0884012058377265,0.0151567300781607,-0.0071104792878031,0.0149466758593916,-0.0026477391365915,-0.0148934535682201,-0.018367800861597,0.04019545763731,0.0157038066536188,2.104418992996216,0.6776984930038452,0.7828600406646729,0.5912289023399353,0.5507501363754272,0.4825384020805359,0.3934956789016723,0.391301542520523,0.4767380356788635,0.4425008296966553,0.3591277599334717,0.4201072752475738,0.3769077360630035,0.0031576586104449,0.001724872339882,0.0295761880502414,0.0159349106964086,26.183556249247832,1,Laryngitis,1440,u_n
-320.5407409667969,188.58985900878903,77.83647918701172,67.15877532958984,-13.63720703125,9.743998527526855,-41.61078643798828,3.650895833969116,25.57391357421875,-20.560651779174805,7.160604000091553,1.0363614559173584,-2.464884042739868,19.66324615478516,7.011867523193359,9.716485023498535,7.857229709625244,4.789592742919922,4.406573295593262,8.296133041381836,8.44681453704834,7.575718402862549,3.788984060287476,3.717595100402832,3.677421808242798,4.841765403747559,0.2075670510530471,0.0293789468705654,-0.0808588042855262,-0.1329296678304672,-0.1335652321577072,-0.0220850612968206,-0.0510483682155609,0.1939227432012558,0.1278097927570343,0.0104274982586503,-0.0153182297945022,-0.0612995252013206,-0.0932194143533706,3.3513617515563965,1.4065778255462646,1.5465422868728638,1.1828715801239014,0.9641751050949096,0.6641650199890137,1.0161362886428833,0.623673141002655,0.6904351711273193,0.6023535132408142,0.5545693039894104,0.4540773034095764,0.5198860764503479,0.6733624339103699,-0.1169663816690445,-0.262501984834671,-0.232615977525711,0.149271473288536,-0.0158801488578319,0.1976041495800018,-0.0167590510100126,-0.1407520025968551,0.0890953540802002,-0.0069808238185942,-0.0788458660244941,-0.0278286952525377,2.2672367095947266,0.5334582328796387,1.0270614624023438,0.9892114996910096,0.6432235836982727,0.3873947560787201,0.7623050212860107,0.4073537588119507,0.533447265625,0.4980530142784118,0.3491754233837127,0.447628766298294,0.3819887936115265,0.0052841781323553,0.0028026948344433,0.0254637677175882,0.0091324697698775,24.86198667284483,1,Laryngitis,1447,u_n
-353.8153076171875,196.2969512939453,72.09484100341797,57.17858123779297,-9.129157066345217,16.999284744262695,-9.802085876464844,-12.662626266479492,14.310239791870115,-8.440086364746094,4.954879760742188,14.773173332214355,-6.699777603149414,23.93809700012207,7.2692952156066895,6.287765502929688,5.275230407714844,5.008700370788574,3.6495590209960938,3.5898752212524414,4.10919189453125,3.912727117538452,3.549757957458496,2.842869997024536,3.63746190071106,3.38252067565918,-0.169042021036148,0.0354751497507095,0.0529717318713665,0.0408415533602237,-0.0023682878818362,0.006380115635693,-0.0103886984288692,0.0067703207023441,0.0246072206646204,-0.0080937696620821,0.006896024569869,0.0104351779446005,0.0029244839679449,4.38314962387085,1.439946174621582,1.2110674381256104,0.9206401109695436,0.7945802211761475,0.5969748497009277,0.5403537154197693,0.5555769801139832,0.728093147277832,0.5575852394104004,0.411867618560791,0.5281737446784973,0.5413863658905029,0.723671019077301,-0.2287186533212661,-0.1741518229246139,-0.131536990404129,0.0841810405254364,-0.0664344951510429,0.0384614132344722,0.0643120780587196,-0.062844268977642,0.0322149060666561,-0.0012202257057651,-0.0432650372385978,0.0152068408206105,2.949652910232544,1.0004018545150757,0.7841129302978516,0.6972289085388184,0.5812318921089172,0.5049435496330261,0.3982207477092743,0.4666231572628021,0.547859787940979,0.4333148002624511,0.3578042685985565,0.4569871127605438,0.4208624064922333,0.0043538843780409,0.0024578761038823,0.0318685321430183,0.0172603113010843,23.55958141917004,1,Laryngitis,1456,u_n
-321.33172607421875,189.1169586181641,60.308475494384766,54.046634674072266,5.115794658660889,-5.26566219329834,15.57143497467041,6.11199951171875,-4.103751182556152,13.794204711914062,20.436988830566406,0.5384477376937866,5.224425792694092,37.54478454589844,10.312665939331056,9.944686889648438,5.3885698318481445,6.109930515289307,6.629939556121826,5.32697343826294,4.16228723526001,5.781301975250244,5.569837093353272,3.91624927520752,4.64368200302124,4.391476154327393,-1.4445160627365112,-0.1336952149868011,0.2920771837234497,0.0568229518830776,0.1176169663667678,-0.1247868314385414,0.1655357927083969,-0.0161180831491947,-0.1250093132257461,0.01776959374547,0.0301651041954755,0.0944253280758857,0.0732955336570739,2.203308582305908,1.0641988515853882,1.080227613449097,0.9853566884994508,0.8753218650817871,0.815205454826355,0.7688449025154114,0.5319287776947021,0.7872918248176575,0.7793673276901245,0.6889094710350037,0.654154896736145,0.8448819518089294,0.3685264587402344,-0.030561501160264,-0.039467453956604,-0.0979331657290458,0.1067215725779533,-0.0052123176865279,-0.0415398180484771,-0.0047796964645385,0.0025360637810081,-0.0469313859939575,-0.0341080278158187,0.097024492919445,0.0013687082100659,1.2349975109100342,0.6269853115081787,0.752941906452179,0.6891043782234192,0.650695264339447,0.5089777708053589,0.5216982960700989,0.4581358432769775,0.43668133020401,0.5377580523490906,0.456333577632904,0.4988928437232971,0.4881251156330108,0.0121643965112537,0.0073639531841455,0.0595616703874914,0.0307886329953958,18.884776449599507,1,Laryngitis,1463,u_n
-352.1079406738281,189.95008850097656,51.93733596801758,54.41907501220703,16.686100006103516,-9.748085975646973,-29.08279037475586,-7.520702362060547,-10.616350173950195,-3.7050395011901855,22.46051979064941,-12.554616928100586,-13.456748008728027,28.077306747436523,5.918624401092529,5.268782615661621,7.777154922485352,5.797774314880371,6.851798057556152,4.883862495422363,6.724279403686523,3.70685625076294,5.782149791717529,5.825499057769775,5.2472357749938965,4.409915924072266,-0.6616812944412231,0.1484356820583343,-0.0258462168276309,0.0732574090361595,0.2199702709913253,-0.0467243194580078,-0.0051985187456011,-0.0097287781536579,-0.0185987092554569,0.0228477511554956,-0.1139329895377159,-0.0373176671564579,0.034022644162178,1.91588294506073,1.060542345046997,0.9011881351470948,1.1045058965682983,0.704150378704071,0.9502264857292176,0.8965153694152832,0.6644812226295471,0.670093834400177,0.878993809223175,0.8131505250930786,0.6865395307540894,0.6002687811851501,0.2150951772928238,-0.1226755678653717,-0.1134753078222274,-0.1399618685245514,-0.017975190654397,0.0536990016698837,0.080518789589405,-0.0714490786194801,0.1035456210374832,0.0443133786320686,-0.1517378389835357,0.0756825134158134,0.0790535509586334,0.9842478036880492,0.7864741086959839,0.6570859551429749,0.7280152440071106,0.4097269773483276,0.550657331943512,0.5894731283187866,0.4913699030876159,0.4924082159996032,0.4709469974040985,0.5840282440185547,0.4662835597991943,0.5718255639076233,0.0341755970930004,0.0181249033462842,0.151651468754857,0.0638414806578866,10.045791122279509,1,Laryngitis,1472,u_n
-406.3683776855469,203.40750122070312,82.54347229003906,58.2202377319336,29.936250686645508,1.7676435708999634,-11.61272144317627,-13.147887229919434,9.648591995239258,19.152978897094727,-0.529703676700592,-5.771100044250488,5.317731857299805,27.755512237548828,11.689146995544434,7.468696117401123,5.165075302124023,4.20509672164917,4.210021018981934,4.785795211791992,3.806814193725586,4.109304428100586,3.8192312717437744,2.5032551288604736,3.5110411643981934,3.276089906692505,-0.3206914663314819,-0.1072890236973762,0.0366534069180488,0.049633864313364,0.0334844999015331,-0.0134033523499965,0.0049466877244412,0.0040602157823741,0.0027637383900582,0.0169952176511287,0.0178771410137414,0.055880069732666,0.0630098506808281,2.8102030754089355,1.008046269416809,1.1303093433380127,0.5388661623001099,0.4619010090827942,0.6037690043449402,0.6361350417137146,0.551116406917572,0.5288514494895935,0.5857502222061157,0.4447160959243774,0.5239499807357788,0.4355144500732422,0.4675866365432739,-0.1398104280233383,-0.1656173765659332,-0.0481522232294082,-0.017258059233427,0.038665797561407,0.0618692450225353,0.0644499212503433,-0.0301201902329921,-0.0654266402125358,0.0141423512250185,0.0488557554781436,-0.0051910388283431,2.1316678524017334,0.678054928779602,0.8896533846855164,0.4387153089046478,0.3689439296722412,0.4325512051582336,0.490287572145462,0.4371652901172638,0.4029224216938019,0.4501239061355591,0.3131446242332458,0.4636581838130951,0.2929481267929077,0.0021385991031932,0.0008311068394721,0.0270560769865597,0.0121399556300115,29.78218541417824,1,Laryngitis,1554,u_n
-354.81201171875,205.620834350586,45.20298385620117,58.065059661865234,40.39253616333008,-6.785957336425781,-37.97841262817383,-9.309406280517578,14.988409042358398,-15.319416046142578,-19.014877319335938,9.35447597503662,12.941520690917969,14.48787784576416,8.155744552612305,3.812113046646118,5.075981140136719,9.495575904846191,5.324222564697266,6.542431831359863,4.215476989746094,5.601605415344238,3.594103574752808,4.605478286743164,3.998523235321045,4.698859214782715,0.0370826497673988,0.1649396121501922,-0.0089067220687866,0.0221065133810043,0.0144357681274414,-0.0532869473099708,-0.0599521547555923,0.0336228646337986,0.1323251724243164,-0.0062569468282163,-0.0082752360031008,0.0674084722995758,-0.0534102581441402,1.9026613235473635,1.0360510349273682,0.6060767769813538,0.7261390089988708,0.9620534777641296,0.6500166654586792,0.8354519605636597,0.6334661245346069,0.6470081806182861,0.4731983840465545,0.7265921831130981,0.5285216569900513,0.6429350972175598,0.35249924659729,-0.1294134706258773,-0.0024846442975103,-0.0813080593943595,-0.0866566896438598,0.0486495681107044,0.1317449212074279,0.022324638441205,-0.0603540763258934,0.0534103363752365,0.0525515377521514,-0.0347891598939895,-0.0539341792464256,1.563700556755066,0.667273223400116,0.597572922706604,0.6274338960647583,0.460417628288269,0.442423015832901,0.6704741716384888,0.4945107400417328,0.4341664910316467,0.3371972143650055,0.4526829123497009,0.3601621985435486,0.4373666644096374,0.0023087873785688,0.0008768226469802,0.0160956698225059,0.0081845711089599,30.91959597074714,1,Laryngitis,1567,u_n
-384.5112915039063,146.6038360595703,86.51144409179688,64.88907623291016,8.60851764678955,11.334355354309082,-26.243764877319336,-9.245078086853027,-18.74810218811035,7.232187271118164,15.253039360046388,-15.854945182800291,1.095606565475464,16.85368537902832,4.0239362716674805,6.715419769287109,5.312804222106934,3.567976474761963,3.197190523147583,4.816681861877441,3.44597601890564,3.53530216217041,3.455639839172364,3.615078926086426,3.5459775924682617,3.13529896736145,-0.2539171278476715,-0.0492171719670295,0.0090039484202861,0.0144529528915882,0.011232360266149,0.0081867761909961,0.0111540611833333,0.0181234311312437,-0.0153124444186687,0.028254859149456,-0.0019696990493685,-0.0206540524959564,-0.0070052547380328,2.4522838592529297,0.5482813715934753,1.0233184099197388,0.6695218086242676,0.4288349449634552,0.4772251844406128,0.9780998229980468,0.6598469614982605,0.5268298387527466,0.640912652015686,0.6065072417259216,0.6435845494270325,0.5151796936988831,0.4760564267635345,0.0696050152182579,-0.1659737080335617,-0.0911476388573646,0.0567155182361602,-0.0050874315202236,0.0790591388940811,0.0383866913616657,0.0689757838845253,-0.0790204405784607,-0.0762461274862289,0.0639773234724998,-0.0034835617989301,1.73356032371521,0.4645546376705169,0.7611414194107056,0.5064145922660828,0.401509940624237,0.3398351669311523,0.4355309903621673,0.3566629588603973,0.4720851182937622,0.5196255445480347,0.4645967483520508,0.3978165090084076,0.3548882603645324,0.0031633566000791,0.001308881206969,0.0228692376264667,0.0111108111663508,28.06228329615463,1,Laryngitis,1578,u_n
-364.1312255859375,195.6643829345703,84.97636413574219,58.02754211425781,-4.794582366943359,-11.372742652893066,-5.115411281585693,-9.652812957763672,3.86104154586792,8.948222160339355,3.989079475402832,-2.593543291091919,-3.294160842895508,24.75606918334961,10.483684539794922,7.387364387512207,6.173909187316895,6.360543251037598,4.618075370788574,3.78655743598938,4.42517614364624,3.212456703186035,3.855990171432495,2.9719460010528564,3.2137932777404785,3.0039165019989014,-0.0354991070926189,0.0372110418975353,0.0546078383922576,0.0764197558164596,-0.0037826653569936,-0.021479383111,-0.0157404579222202,0.0011116655077785,0.0443423613905906,0.012679168023169,0.0100420033559203,0.006303512956947,0.0079632634297013,3.5292553901672363,1.600647211074829,1.3256728649139404,0.9127742648124696,0.9616047739982604,0.8736604452133179,0.5937268137931824,0.5594184994697571,0.5150397419929504,0.5692604780197144,0.5305730104446411,0.5394776463508606,0.502994954586029,0.5962859392166138,-0.1779863834381103,-0.2113489210605621,-0.1062554568052291,0.0520804449915885,0.065132163465023,0.0200619678944349,0.0298842992633581,-0.0117325829342007,-0.0241376105695962,-0.0161741245537996,0.0034028706140816,-0.0134244682267308,2.739185810089112,0.8876291513442993,1.012338161468506,0.7448412179946899,0.4573869407176971,0.4941570162773132,0.3771497309207916,0.4214980006217956,0.3564929068088531,0.3757330775260925,0.3690037429332733,0.379328042268753,0.4097957015037536,0.0034624835321452,0.0013568031887017,0.034582696020233,0.0129183706048924,26.02709063297924,1,Laryngitis,1599,u_n
-307.9398498535156,200.28634643554688,32.756710052490234,32.169647216796875,-7.141027927398682,-11.23231029510498,-20.112367630004883,1.0313422679901123,-3.5959582328796387,-13.745367050170898,1.7735748291015625,-8.491903305053711,-6.491575717926025,25.310182571411133,10.060319900512695,5.795392990112305,6.112757682800293,6.240555763244629,7.257859706878662,7.383661270141602,5.475564002990723,4.523730754852295,4.420169353485107,4.219436168670654,3.983192205429077,4.126540660858154,-0.6536210775375366,0.4206914901733398,0.1154762059450149,-0.0866229087114334,-0.0543505623936653,-0.0558652207255363,0.0164054222404956,0.0775589719414711,-0.0422120802104473,0.0595751702785491,0.0759190469980239,0.0252932794392108,-0.0548697523772716,4.86414098739624,1.7739181518554688,1.3825359344482422,1.0413509607315063,0.8589326739311218,0.6672934293746948,1.1030009984970093,0.701215386390686,0.5537991523742676,0.5805568695068359,0.5658893585205078,0.614042341709137,0.7066517472267151,1.2531458139419556,-0.292084276676178,0.008751630783081,-0.1117964759469032,0.1136028617620468,0.0211618263274431,0.135861724615097,-0.0256478395313024,-0.0075731100514531,0.0237786546349525,-0.0714778527617454,0.051058579236269,-0.035155925899744,3.361088752746582,0.8399197459220886,0.7782445549964905,0.6928308606147766,0.7417518496513367,0.40300053358078,0.6258450150489807,0.3666248023509979,0.4236197173595428,0.4194910824298858,0.4578278660774231,0.4185113906860351,0.3782087862491607,0.0079572460000926,0.0050464645065481,0.0331359680828632,0.0198403855390388,24.732430514258628,1,Laryngitis,1610,u_n
-344.4084777832031,196.9326629638672,56.63771057128906,58.343448638916016,-3.704880475997925,9.22999382019043,-1.3305628299713137,-0.7430594563484192,9.709376335144045,-0.9274144768714904,18.23388671875,10.115785598754885,-4.648923873901367,19.44222068786621,8.156941413879395,7.860426902770996,7.919175624847412,6.661506175994873,4.446462154388428,4.943883895874023,7.219902515411377,4.385279655456543,5.797293186187744,4.220448970794678,4.748859405517578,5.920280456542969,-0.4424594640731811,0.0256781410425901,0.1125706657767295,0.1216874718666076,0.0449444912374019,0.0300429258495569,-0.0383915714919567,-0.0390760526061058,0.028334267437458,-0.0719496682286262,0.0294484253972768,0.0429907962679863,-0.0593454204499721,3.5660433769226074,1.2927411794662476,0.8600896000862122,0.8747462034225464,0.9080450534820556,0.729526698589325,0.6894535422325134,0.9376930594444276,0.6795873045921326,0.5373303294181824,0.6861456632614136,0.5064506530761719,0.629622757434845,0.4595948755741119,-0.1824763715267181,-0.0626681074500083,-0.0777971297502517,0.0930147320032119,-0.0048557822592556,0.0017344598891213,-0.0188537891954183,-0.0534384883940219,-0.0079748975113034,-0.044165514409542,0.0016120123909786,-0.0075070895254611,1.8908418416976929,1.0709387063980105,0.4866794049739837,0.5716835260391235,0.7015520930290222,0.5099830627441406,0.5184129476547241,0.6283881664276123,0.5899603366851807,0.4964918494224548,0.5185241103172302,0.4384409189224243,0.5045532584190369,0.0427931274973283,0.0272258255664487,0.1100187478124486,0.0607054621261564,12.112521862935422,1,Laryngitis,1613,u_n
-378.8074951171875,189.4130401611328,70.33909606933594,50.2864875793457,15.216717720031738,15.500967025756836,-24.188697814941406,-6.389371871948242,-1.5979068279266355,10.642878532409668,13.375044822692873,-8.172781944274902,-0.580271303653717,13.239415168762209,4.062912940979004,5.863061428070068,3.091099739074707,4.338277816772461,3.7857778072357178,4.38999080657959,3.0447115898132324,4.411782741546631,3.634683609008789,3.7861506938934326,3.307758092880249,2.6498465538024902,-0.1088550761342048,0.1113588511943817,-0.0483398661017417,0.0005969082703813,0.0288386307656765,0.0731728374958038,-0.0109045822173357,-0.0376272946596145,0.0816976949572563,0.0340693891048431,0.0764587521553039,-0.0066606039181351,0.0193300265818834,2.191072940826416,0.668217658996582,0.8563758134841919,0.4636796414852142,0.5171555876731873,0.6624715924263,0.6253522038459778,0.4806270897388458,0.7396515011787415,0.575813889503479,0.5311383008956909,0.5311310291290283,0.4767130017280578,0.3679600656032562,-0.0172857604920864,-0.0955852940678596,-0.0475385300815105,0.0059288437478244,0.0091974446550011,0.1286222040653228,0.0089658088982105,0.0116292489692568,-0.0391761027276515,-0.0724495649337768,0.025783073157072,0.0087148612365126,1.4630662202835083,0.4558247029781341,0.6361070871353149,0.4515727758407593,0.3840785622596741,0.431126207113266,0.6829057931900024,0.37664794921875,0.4804904758930206,0.3974528312683105,0.4147511720657348,0.3324145078659057,0.3783620595932007,0.0044768014871531,0.0014374620110044,0.0247886182030944,0.0088305129511122,28.140496376862004,1,Laryngitis,1614,u_n
-353.4430847167969,155.02536010742188,77.49526977539062,83.74501037597656,-1.4948177337646484,15.769689559936523,-40.851837158203125,-3.290426731109619,11.769554138183594,-22.603906631469727,14.3867826461792,6.75299882888794,-10.194413185119627,21.18329429626465,7.84937572479248,8.586509704589844,7.779460430145264,5.7113776206970215,5.349907875061035,8.138629913330078,5.857892990112305,5.4309983253479,5.402914047241211,5.557644367218018,5.143757343292236,5.364296436309815,-0.4972661137580871,-0.0900599732995033,0.1459513455629348,0.1622479408979416,0.0129969138652086,0.0609335377812385,0.0337596982717514,0.0574548579752445,-0.0039901533164083,-0.0207347683608531,0.0772646963596344,-0.0509426780045032,-0.0809320136904716,2.939652919769287,0.6168695092201233,1.0896012783050537,1.4330617189407349,0.7128939032554626,0.931412637233734,1.2854899168014526,0.8228947520256042,0.6975464820861816,0.8867176175117493,0.6373391151428223,0.7298639416694641,0.5588852167129517,0.5336015820503235,0.0144084114581346,-0.1074041798710823,-0.2235549688339233,0.0272157229483127,0.0107796760275959,0.2331328988075256,0.0474328659474849,-0.1193578541278839,0.0225278884172439,-0.0128757152706384,0.0026403937954455,0.0104216849431395,1.891977071762085,0.3550910353660583,0.5750635266304016,0.838588297367096,0.4299207329750061,0.5748659372329712,1.0773299932479858,0.5155677795410156,0.606281042098999,0.5234315991401672,0.4070558249950409,0.4442508816719055,0.4472708404064178,0.0016434236062028,0.0005715607693269,0.0087118171677656,0.0037932254890331,31.510078729307462,1,Laryngitis,1617,u_n
-404.16253662109375,194.4071655273437,88.38023376464844,60.63064956665039,-0.1414391696453094,6.194834232330322,-2.758058547973633,-7.974438190460205,-5.195643424987793,-0.5863912105560303,14.369182586669922,-7.626409530639648,-1.9238474369049072,31.736948013305664,15.783178329467772,11.171095848083496,7.828959941864014,5.73126220703125,4.519708156585693,5.189059734344482,6.210973262786865,5.650811672210693,6.594152450561523,4.248732089996338,3.9341328144073486,3.766641616821289,-0.6172469854354858,-0.1577185541391372,0.0860058888792991,0.0707969591021537,0.001406299881637,0.0347569696605205,0.0423447452485561,-0.0025670018512755,0.0272319391369819,0.0599997378885746,0.0428931266069412,0.0408368483185768,0.0097472323104739,4.05483341217041,1.2789273262023926,1.5546337366104126,1.177493691444397,0.8027710914611816,0.7770780920982361,0.6631135940551758,0.7422937154769897,0.7138296365737915,0.6763013005256653,0.8374916911125183,0.6698771119117737,0.5058571100234985,0.6442870497703552,-0.1536068320274353,-0.183872178196907,-0.1353494673967361,0.0679950416088104,0.0306686107069253,0.0403066612780094,-0.0025822434108704,-0.0004503717937041,0.0271294824779033,-0.0614812634885311,0.0356536358594894,0.0047902478836476,2.752702236175537,0.9380835890769958,1.0080158710479736,0.733629584312439,0.6141364574432373,0.5101454257965088,0.523281455039978,0.5242103338241577,0.3799157738685608,0.5020203590393066,0.5970122218132019,0.5408574938774109,0.488933801651001,0.0039912123707178,0.0021128072443795,0.0308202220267873,0.0151239778732558,27.176643081275,1,Laryngitis,1629,u_n
-362.6681213378906,186.9193878173828,99.6535873413086,65.610107421875,17.904251098632812,2.6423614025115967,-6.038763999938965,-11.940503120422363,-6.844219207763672,-1.9058314561843872,3.870472192764282,-8.727751731872559,-4.536297798156738,12.14116096496582,8.64680004119873,7.415262222290039,5.948920726776123,4.350322723388672,4.944772243499756,4.811000823974609,3.863424777984619,4.110289096832275,3.884714126586914,3.596107244491577,4.6575188636779785,4.328999996185303,-0.1257473826408386,-0.1821432262659073,0.1188200041651725,0.1005912572145462,0.1050527468323707,0.0125785861164331,-0.0436081700026989,-0.0333463475108146,-0.0578391402959823,0.0219917092472314,0.0212262887507677,0.0668470486998558,0.0518713593482971,1.4467535018920898,0.9482834339141846,1.1029949188232422,0.9030300378799438,0.6807352900505066,0.749309241771698,0.6613821387290955,0.5460695028305054,0.7133668661117554,0.5532968044281006,0.5494953989982605,0.6967486143112183,0.6299035549163818,0.1852879226207733,0.0115530844777822,-0.2154932916164398,-0.05591481924057,0.0560029447078704,0.0452700555324554,0.0793086364865303,-0.0002541571448091,0.0263831354677677,-0.0302061159163713,-0.0134406350553035,0.0488039404153823,0.0231502372771501,1.0392954349517822,0.7642191648483276,0.9620998501777648,0.5833485126495361,0.5525132417678833,0.5847915410995483,0.6020362973213196,0.4133390784263611,0.4498202800750732,0.4537284672260284,0.4241394400596618,0.4009992778301239,0.3695325553417206,0.0032316705658668,0.001429030750705,0.0345954297940382,0.0157059829068609,25.814727469113325,1,Laryngitis,1665,u_n
-306.5381164550781,211.9543609619141,39.123661041259766,38.36995697021485,-0.1700761467218399,-19.479394912719727,-3.862349987030029,21.571102142333984,9.33899211883545,-6.0123138427734375,4.4765305519104,-0.7352598309516907,3.4285576343536377,26.43039321899414,9.913570404052734,9.633552551269531,7.293402194976807,10.016825675964355,8.047951698303223,5.192615985870361,5.044214248657227,5.139957427978516,2.913041353225708,3.753704071044922,2.937124729156494,3.737767219543457,-0.879042387008667,-0.3092018365859985,0.0662967264652252,0.2512733340263366,0.3585439622402191,-0.0702923834323883,-0.0449654310941696,-0.0963839888572692,-0.2244659960269928,-0.0192413348704576,0.1396371126174926,0.0044788243249058,-0.0455496422946453,2.1390936374664307,1.283962368965149,1.350147008895874,0.7912914156913757,0.9863662719726562,1.1648104190826416,0.7133992314338684,1.0584279298782349,0.8820200562477112,0.4359861612319946,0.591870129108429,0.4743447601795196,0.5494886636734009,0.4740462899208069,-0.2464663386344909,0.016838064417243,0.0081400219351053,0.0870710387825965,0.0834311321377754,-0.0533695369958877,-0.1226724237203598,-0.013031848706305,0.0132719743996858,-0.0684493333101272,0.0270926747471094,0.0044428398832678,1.5183898210525513,0.7634933590888977,0.8082720637321472,0.5156176090240479,0.5685661435127258,0.8152192831039429,0.4140233397483825,0.5503928065299988,0.477903813123703,0.4656654894351959,0.5707799196243286,0.4246345162391662,0.3969449400901794,0.0023310747285936,0.0008362883251614,0.030590621147208,0.0158441637950665,26.795670911223034,1,Laryngitis,1780,u_n
-322.02227783203125,167.54141235351562,81.0783462524414,78.29142761230469,-6.783894062042236,17.635730743408203,-31.45386505126953,-8.248430252075195,25.431102752685547,-11.52030086517334,3.081789493560791,6.026846408843994,10.720294952392578,13.172809600830078,7.379075527191162,6.22156286239624,6.099296569824219,4.961928844451904,5.5736236572265625,5.94149923324585,4.231594562530518,4.877786159515381,3.7378528118133545,3.952152967453003,3.5497641563415527,4.281749725341797,-0.4528235495090484,0.0490627028048038,0.0772308930754661,0.0677358731627464,-0.0201152227818965,0.0514763407409191,-0.0960282310843467,-0.0592437498271465,0.056131437420845,0.025362366810441,0.0409220792353153,0.0748307630419731,0.0507843866944313,2.064990282058716,1.2441006898880005,1.2151974439620972,0.9153102040290833,0.996771514415741,1.0147682428359983,1.0027523040771484,0.7473096251487732,0.8224146366119385,0.6349419951438904,0.5626408457756042,0.6242794394493103,0.7273194789886475,0.2751271426677704,-0.061269074678421,-0.1643963903188705,-0.1728246808052063,0.0662809610366821,0.0083739357069134,0.1298453360795974,0.0526841059327125,-0.0737437903881073,0.030735358595848,0.0172676760703325,-0.0277195759117603,-0.0713719800114631,1.498252272605896,1.0226352214813232,0.842336118221283,0.8628535270690918,0.5531825423240662,0.6398547887802124,0.7298303246498108,0.6272794604301453,0.5912361741065979,0.4486964046955108,0.4527321457862854,0.441404640674591,0.4858444929122925,0.0294338923180558,0.0135628530799226,0.1514098901442002,0.0800562762368234,10.465488654076996,1,Laryngitis,1783,u_n
-339.9119567871094,188.58837890625,52.8745002746582,61.7999382019043,41.33707046508789,0.4597436487674713,-13.831685066223145,-0.6055549383163452,0.8798416256904602,-5.268326282501221,9.676521301269531,16.997861862182617,-6.283374786376953,16.892305374145508,4.984798431396484,4.376336574554443,3.835665464401245,3.9211080074310303,2.6072335243225098,3.375664472579956,2.60151743888855,2.3131678104400635,2.998190402984619,2.133187055587769,2.562042713165283,2.013112068176269,-0.4127374589443207,0.1227025985717773,0.0513012818992137,0.0320385880768299,-0.02430378831923,0.0131441531702876,-0.0279208645224571,-0.0092823607847094,0.0111219659447669,-0.0010658223181962,0.0268125087022781,0.0219174697995185,-0.0206307414919137,1.700718641281128,0.8802123069763184,0.7348923683166504,0.6889945864677429,0.6552732586860657,0.3735745549201965,0.6102256774902344,0.425381600856781,0.3667170107364654,0.4910023808479309,0.3869975805282593,0.4749327898025512,0.3341032564640045,0.1765686720609665,-0.0230569001287221,-0.0279398914426565,-0.0720385536551475,-0.0381154417991638,0.0103408806025981,0.036152571439743,0.0251768920570611,0.0172815863043069,0.0248225089162588,-0.0317683368921279,-0.0367033034563064,0.0118138520047068,1.2099171876907349,0.6165826320648193,0.4410123825073242,0.4930028021335602,0.4208966493606567,0.3007267415523529,0.3402792513370514,0.31023108959198,0.2763619124889374,0.3400278091430664,0.2927180230617523,0.3376064300537109,0.2337388694286346,0.0023843310823485,0.0013216410044425,0.032293737968006,0.0158759766225858,26.427316669892125,1,Laryngitis,1795,u_n
-358.6055908203125,168.27052307128906,52.316505432128906,43.16996765136719,7.406236171722412,-4.972960948944092,-24.413135528564453,-5.150062084197998,-26.27761650085449,-25.63301467895508,30.36453437805176,-5.0762715339660645,-17.50690460205078,28.4743881225586,7.462385177612305,6.01894474029541,5.091888427734375,3.5965168476104736,6.5917158126831055,4.5166449546813965,4.923516750335693,5.980677127838135,5.28321647644043,6.768081665039063,3.5097970962524414,5.627781867980957,-0.937934935092926,0.3657147586345672,0.1670533716678619,0.0920023620128631,-0.0158788915723562,-0.0470483563840389,-0.0333415418863296,0.0465591214597225,-0.1105145439505577,-0.0364217720925807,0.2267176508903503,0.0345953740179538,-0.0850783661007881,4.92746639251709,1.2709484100341797,1.0515203475952148,1.1435600519180298,0.6665200591087341,0.9269904494285583,0.7144854664802551,0.8055346608161926,0.8783989548683167,0.92849600315094,1.2362207174301147,0.6593238115310669,1.0646909475326538,1.0567164421081543,-0.0092502990737557,-0.0956513881683349,-0.0914119780063629,0.029591642320156,0.0597178973257541,0.1080636531114578,-0.0832213386893272,0.1303403973579406,0.1555202454328537,-0.2315941751003265,0.0514275766909122,0.0997498109936714,3.4384398460388184,0.6828393340110779,0.5400053858757019,0.8241064548492432,0.4772095382213592,0.528374195098877,0.6672473549842834,0.5184687972068787,0.5254040956497192,0.6310101747512817,0.8390488028526306,0.4479583501815796,0.5287076830863953,0.0030833562382152,0.0012328277695419,0.0231064628478736,0.0112681315083115,30.14488184330316,1,Laryngitis,1796,u_n
-335.2130126953125,185.58737182617188,31.16922187805176,15.996084213256836,-14.179704666137695,-6.941665649414063,-20.39266586303711,-1.7140183448791504,5.369614601135254,-7.693629741668701,-0.808188796043396,-5.039129257202148,-9.877927780151367,31.949222564697266,8.756651878356934,8.534018516540527,4.561216354370117,6.52665901184082,4.716627597808838,4.193624496459961,4.718053817749023,4.775023460388184,3.6397101879119873,3.9784963130950928,4.380980968475342,3.494982957839966,0.2306635230779647,0.0791320353746414,-0.0514598339796066,-0.0720142647624015,-0.1212302893400192,-0.1046131700277328,-0.0073990472592413,0.0977297872304916,0.0941371843218803,0.0485349521040916,-0.0005362454685382,-0.0717743039131164,-0.0132447928190231,4.574300289154053,1.332910418510437,0.7686498761177063,0.9527910351753236,1.1933376789093018,0.8704311847686768,0.8863860368728638,0.6281700730323792,0.711158037185669,0.5266968011856079,0.6536452174186707,0.5914762020111084,0.5687810778617859,1.0002915859222412,-0.269254207611084,-0.0220296643674373,0.0787329450249672,0.1169525161385536,0.0597138591110706,0.1313987076282501,-0.0345613174140453,-0.102811262011528,0.0293936226516962,-0.0148310214281082,-0.0113303074613213,0.0309797991067171,3.0835719108581543,0.904180109500885,0.4961295425891876,0.3956430554389953,0.5192171931266785,0.5601223707199097,0.657625138759613,0.4378850758075714,0.4785117506980896,0.4271644651889801,0.4748217165470123,0.5347564816474915,0.3853421807289123,0.0030686730760972,0.00168497799357,0.0318458892350968,0.0181044060489348,26.8096106737742,1,Laryngitis,1806,u_n
-415.8775634765625,218.7027282714844,81.42659759521484,46.26369094848633,29.010581970214844,22.35152816772461,0.5366213321685791,-25.74742889404297,-17.8629207611084,5.831568241119385,7.057680130004883,1.5343170166015625,1.5544389486312866,25.2578239440918,8.565387725830078,6.925441265106201,3.627467155456543,3.549237966537476,2.955064296722412,3.887697458267212,4.399166584014893,4.3699164390563965,2.26530122756958,3.3220157623291016,4.443354606628418,1.9339855909347528,-0.2740629613399505,-0.0809347331523895,0.0298886038362979,0.044491596519947,0.033552598208189,0.032310165464878,0.0739714056253433,0.011826547794044,-0.0322425737977027,-0.0050378548912703,0.0005797311314381,0.0016582632670179,-0.0248387437313795,4.488386154174805,1.5501370429992676,1.352416753768921,0.5202852487564087,0.4932508766651153,0.5769968032836914,0.3214726746082306,0.6946845650672913,0.5342015027999878,0.3445926606655121,0.4208747148513794,0.4943684637546539,0.3388620615005493,0.9155266880989076,-0.3182069361209869,-0.2547098696231842,-0.0788650661706924,-0.02069110609591,-0.0519139394164085,0.0296009201556444,0.1464670002460479,0.0751556381583213,-0.0254913084208965,-0.0146929696202278,0.0338860899209976,0.0164816547185182,3.2445971965789795,1.1515634059906006,0.9807472825050354,0.429994136095047,0.3017959892749786,0.3218725621700287,0.2824606001377105,0.6067540645599365,0.3749282360076904,0.2554912865161896,0.2559484839439392,0.2598828673362732,0.2406443357467651,0.0018652208615178,0.000713219944788,0.0091567408108566,0.0040138518652761,29.2103346881226,1,Laryngitis,1809,u_n
-372.1154174804688,193.64138793945312,53.35947036743164,40.58287811279297,34.91810989379883,-4.435407161712647,-36.635379791259766,-3.375882148742676,0.3740145266056061,6.590787410736084,-5.950625896453857,-8.868229866027832,-7.50035810470581,24.26900100708008,7.19257116317749,4.612329006195068,3.7848458290100098,5.67738151550293,4.870040416717529,7.638192653656006,3.571011066436768,2.9061410427093506,4.744047164916992,3.7996983528137207,4.302825927734375,4.697332859039307,0.3830278217792511,-0.0312620811164379,-0.0723536759614944,-0.0404291488230228,0.061833169311285,0.0985082387924194,-0.0373723320662975,0.0054326364770531,0.0235980115830898,0.0270422492176294,-0.0179269146174192,-0.0643981769680976,-0.0509813986718654,4.541933536529541,1.1731282472610474,0.7034657597541809,0.5639489889144897,1.1933202743530271,0.6309400796890259,1.4637494087219238,0.5526831746101379,0.4982136487960815,0.731467068195343,0.7000015377998352,0.6032832860946655,0.5668714642524719,1.0053629875183103,-0.2647393047809601,-0.1371040642261505,-0.0597547441720962,-0.1584774851799011,0.1180044114589691,0.2720696628093719,0.0383862853050231,-0.0426615215837955,-0.1067567989230156,0.0013052362482994,0.0334067195653915,0.0258534271270036,2.9568216800689697,0.8631086349487305,0.5234623551368713,0.3471468389034271,0.6390336155891418,0.5397780537605286,0.8810401558876038,0.3535780608654022,0.3622139990329742,0.4952338635921478,0.4121135175228119,0.3639705777168274,0.4074074625968933,0.003299081639305,0.0015945798924906,0.0206544384615951,0.0109650103102655,29.51193033417596,1,Laryngitis,1930,u_n
-368.14056396484375,171.22230529785156,34.570579528808594,56.852012634277344,2.5566208362579346,-32.5776481628418,-37.42892074584961,-10.919981956481934,-6.378683090209961,-16.231033325195312,-6.976749897003174,-11.333401679992676,-4.97899055480957,46.689971923828125,14.39266300201416,22.92018318176269,7.665647029876709,5.553446769714356,4.867105007171631,6.922621250152588,3.7007803916931152,2.60864520072937,4.597040176391602,3.253869771957397,5.049906253814697,5.08983325958252,-1.131583333015442,0.0358113944530487,0.356224924325943,0.0052840481512248,0.0384727716445922,-0.0867610201239585,-0.050881702452898,0.0630883127450943,0.0066547058522701,-0.0502456203103065,-0.0259570870548486,0.0443144217133522,-0.0610156506299972,3.745689392089844,2.2634365558624268,1.1686623096466064,1.0220760107040403,0.5410138368606567,0.8884596824645996,0.7128281593322754,0.5506008863449097,0.3335647583007812,0.4652606248855591,0.4275813698768616,0.4399675726890564,0.5519939661026001,0.6614106893539429,-0.1123361065983772,-0.0209800582379102,-0.1904719769954681,0.0164492093026638,0.146813228726387,0.1156264096498489,0.0054992889054119,-0.0124650225043296,0.0490161553025245,0.0196200553327798,0.0432168878614902,0.0252122990787029,2.668196439743042,1.0929021835327148,0.7756511569023132,0.7699775099754333,0.3450947105884552,0.543681800365448,0.464093416929245,0.2918490171432495,0.248831495642662,0.2882410287857055,0.2863012850284576,0.3884696066379547,0.3162930607795715,0.0065133587515537,0.0039394702813536,0.0413057211061624,0.0246500462746343,29.065059355463067,1,Laryngitis,1940,u_n
-351.03814697265625,236.9696655273437,38.10892105102539,46.61308670043945,23.437604904174805,-2.1354033946990967,-33.94571685791016,-38.40273666381836,1.5995852947235107,13.203932762145996,-12.327296257019045,-16.678098678588867,4.6442952156066895,20.27484130859375,11.951699256896973,5.213347434997559,4.888829708099365,4.234889984130859,2.3894236087799072,4.423190593719482,6.220126152038574,3.114288091659546,3.271057367324829,3.921764612197876,4.493020534515381,4.164963722229004,0.1543155759572982,0.1433557122945785,0.0326579585671424,0.0135431876406073,-0.0098076341673731,0.0053040413185954,0.0168510135263204,-0.0497689172625541,-0.0703832283616066,0.0033977474085986,0.0694359019398689,0.026658559218049,-0.0474137030541896,3.1806368827819824,1.73430597782135,0.548475980758667,0.7224732637405396,0.6975463628768921,0.4071368277072906,0.8034595847129822,0.9407092928886414,0.5435022115707397,0.6173190474510193,0.6059581637382507,0.8592585921287537,0.7769773602485657,0.6387490034103394,-0.3016645312309265,-0.0518005155026912,-0.0780473202466964,-0.0777028053998947,0.006376429926604,0.1337349861860275,0.1526219397783279,-0.0240288879722356,-0.0792839601635932,0.0711074322462081,0.0691087245941162,-0.0539819560945034,2.50594449043274,1.1341079473495483,0.4326759576797485,0.4309943616390228,0.3788894116878509,0.2838317155838012,0.557471752166748,0.6617437601089478,0.2904113233089447,0.4507505297660827,0.4500172734260559,0.4470337629318237,0.3945558071136474,0.0038950603132009,0.0016687840162361,0.0106316657505849,0.0047952380384476,27.108912631052863,1,Laryngitis,1953,u_n
-369.0667114257813,181.04425048828125,87.18562316894531,61.89126586914063,-21.05698776245117,-0.7612768411636353,-14.225990295410156,-9.962533950805664,-0.8127574324607849,-3.477015972137451,11.20821762084961,-1.9193962812423704,-9.047743797302246,24.572593688964844,5.170967102050781,12.921110153198242,7.176720142364502,6.566142559051514,5.341353416442871,5.787875175476074,4.812862396240234,4.250094890594482,5.842913627624512,5.532447338104248,4.074358940124512,3.682407855987549,-0.0706944093108177,0.0875885412096977,-0.0373312458395957,-0.0194735545665025,-0.1955701410770416,0.0985632166266441,-0.1180932745337486,-0.0744183808565139,0.0315109714865684,0.0987712666392326,-0.0236351508647203,-0.0334941036999225,0.058143250644207,3.5072147846221924,0.9030687212944032,1.830503225326538,1.0913481712341309,1.205486536026001,0.6650128960609436,1.0659613609313965,0.8372422456741333,0.6469451189041138,0.7259304523468018,0.7653429508209229,0.7384289503097534,0.6178233623504639,0.3779795169830322,-0.0168948769569396,-0.0988733172416687,-0.1542310118675232,0.1164048090577125,0.0672745555639267,0.0609373897314071,0.0579192116856575,0.0508139431476593,-0.0129621690139174,-0.0881531909108161,0.0105544375255703,0.0218953117728233,2.230663299560547,0.5086032748222351,1.1003047227859497,0.9526979923248292,0.7272437214851379,0.4953342974185943,0.5708463191986084,0.624894917011261,0.586796224117279,0.5037866234779358,0.600641131401062,0.4497889280319214,0.5237439870834351,0.003705668608855,0.0019607095480491,0.0246479436781709,0.0124949470713238,26.80959152031184,1,Laryngitis,1965,u_n
-309.1290588378906,137.45846557617188,49.07292556762695,132.7899627685547,-14.194290161132812,16.300708770751953,-5.562801837921143,-30.0391902923584,12.010226249694824,-13.62826442718506,-5.457348823547363,-16.826723098754883,-9.23594093322754,17.209537506103516,6.937906742095947,7.030364036560059,11.850836753845217,5.877011299133301,5.915261268615723,5.221582412719727,4.764929294586182,4.121116638183594,6.907243728637695,4.222827434539795,4.144596576690674,5.199231624603272,-0.3697714209556579,0.0014752043643966,0.0980180576443672,0.2288625091314315,0.0157911349087953,-0.0370079763233661,-0.0050508137792348,-0.0560523495078086,-0.0481370948255062,-0.0589585341513156,-0.0241587422788143,-0.0080795539543032,-0.0343204177916049,1.996959924697876,0.671746015548706,0.9098074436187744,1.7743170261383057,0.945292592048645,0.73650062084198,0.8380577564239502,0.7642329931259155,0.6239786148071289,0.7550665140151978,0.672131359577179,0.6723747849464417,0.5826767683029175,0.3362020254135132,-0.0033032656647264,-0.0495933070778846,-0.2310360968112945,0.0728884935379028,0.0052126189693808,0.0443032942712307,0.0501614920794963,-0.0048472746275365,-0.0063185240142047,-0.0031807424966245,0.0803480520844459,-0.015975821763277,1.627042531967163,0.4450134038925171,0.6739813089370728,1.089317798614502,0.7144822478294373,0.5409437417984009,0.5740460157394409,0.4559727013111114,0.5044812560081482,0.5305231213569641,0.5069831609725952,0.5421755313873291,0.407309740781784,0.0246109578196024,0.0143608170548221,0.1511410514664964,0.0780640912518285,14.260942041807237,1,Laryngitis,1973,u_n
-353.7846374511719,149.59890747070312,74.00216674804688,67.15005493164062,-29.53519058227539,14.075586318969728,-10.587876319885254,-15.994352340698242,-3.2104291915893555,-2.4272050857543945,8.954961776733398,-13.161417007446287,2.673093557357788,19.49323844909668,8.937373161315918,8.380701065063477,6.773913383483887,8.475300788879395,6.935206890106201,7.283303260803223,7.077576637268066,7.605337619781494,7.3757524490356445,5.1360626220703125,4.169753551483154,6.363025665283203,0.5272154808044434,0.0267838314175605,-0.1956297606229782,-0.1795014441013336,-0.1209341809153556,-0.0239855218678712,-0.0276574566960334,0.0539819002151489,0.0787816047668457,0.0151427583768963,0.0172423422336578,-0.0144352465867996,-0.0255929622799158,3.2871198654174805,1.1196614503860474,1.1773344278335571,0.9439237713813782,1.4291353225708008,0.9404919743537904,1.1267610788345337,0.8393262624740601,0.7354177832603455,0.8205320835113525,0.8023740649223328,0.7767817974090576,0.7886625528335571,0.6457375288009644,0.0467424839735031,-0.2022731751203537,-0.1972063034772873,0.2452520281076431,0.0484835393726825,0.0532566793262958,0.06110255792737,-0.00190269947052,-0.0732796043157577,-0.0758979544043541,0.0661312118172645,-0.0476857796311378,2.2072958946228027,0.6975562572479248,0.8437507152557373,0.978968858718872,0.8594163656234741,0.4776153564453125,0.594129741191864,0.4101753532886505,0.4434489607810974,0.5645278692245483,0.5608868598937988,0.5764676928520203,0.5330179333686829,0.0038540332166681,0.0020933075367815,0.0201827976765192,0.0097918649483766,26.48626588608534,1,Laryngitis,1987,u_n
-404.5502014160156,177.3193359375,80.78022766113281,55.14371490478516,-1.5770957469940186,22.359561920166016,-18.32254219055176,-1.2797430753707886,2.402083158493042,2.539026021957397,-2.328253746032715,-2.369142770767212,-1.5800974369049072,29.940460205078125,11.874048233032228,12.284725189208984,7.576329708099365,6.807956218719482,8.258671760559082,7.616686820983887,4.426838397979736,3.878689765930176,4.300269603729248,5.393031120300293,4.892149448394775,3.619585037231445,-2.1345739364624023,0.4652017951011657,0.2725665867328644,0.1256159245967865,0.1412158161401748,-0.2382232695817947,0.30995973944664,-0.0806779488921165,0.1213269159197807,0.2421479672193527,0.0793580189347267,0.2342765927314758,-0.0348451919853687,4.5841264724731445,1.916024923324585,2.0305564403533936,1.2596473693847656,1.351338028907776,0.9438223242759703,1.1319833993911743,0.9351685643196106,0.7329359650611877,0.5568205118179321,0.7672607898712158,0.7625407576560974,0.5556273460388184,1.5832070112228394,-0.2500878870487213,-0.7954903841018677,-0.4324162900447845,0.2538095116615295,-0.1727062612771988,0.4031916558742523,0.0629459246993064,-0.0078937197104096,0.0475116372108459,-0.0764589011669159,-0.0503289736807346,0.0016904427902773,3.745661973953247,0.3805402219295501,1.8514280319213867,1.1007262468338013,0.8588160872459412,0.6783462166786194,1.0245321989059448,0.5013104677200317,0.5322154760360718,0.4613766074180603,0.5501556992530823,0.4405352771282196,0.3632296323776245,0.0051812589619456,0.0016647963863902,0.0327217244954198,0.0135143937360985,26.6368825773624,1,Laryngitis,2003,u_n
-312.07147216796875,160.4373779296875,64.16838073730469,41.93439865112305,-28.238431930541992,18.63129234313965,-22.766010284423828,-0.0917460471391677,1.5504491329193115,-4.629220008850098,4.832057952880859,-0.3488436341285705,4.060000419616699,32.71824264526367,11.441509246826172,12.986294746398926,6.95144510269165,7.696177959442139,7.0611348152160645,6.136311054229736,4.37141752243042,3.8498785495758057,3.4081814289093018,3.2022712230682373,4.715913772583008,3.987171649932861,-0.8510071039199829,0.0759821981191635,0.2086021155118942,0.0452851019799709,-0.116202637553215,0.1498818695545196,0.141138270497322,0.067658707499504,0.0731466263532638,-0.0627340897917747,-0.0500613041222095,-0.2036532908678054,-0.0589692257344722,3.6112380027771,0.977497100830078,1.0555983781814575,0.866165816783905,1.5335984230041504,0.6825205087661743,0.7662940621376038,0.6769630312919617,0.6239553689956665,0.5609617233276367,0.4975569546222687,0.7154213786125183,0.7053238749504089,0.753728985786438,-0.1018958911299705,-0.2504327297210693,-0.056732140481472,0.3101162314414978,-0.0255174003541469,0.0679069906473159,-0.0620382018387317,-0.0561314672231674,-0.0240313056856393,0.0033228141255676,-0.0255482774227857,0.0162811577320098,2.232282876968384,0.6622399687767029,1.059988260269165,0.6596919894218445,0.9691965579986572,0.4332648515701294,0.551973819732666,0.4547880887985229,0.390652596950531,0.4906265437602997,0.4386418759822845,0.5251284241676331,0.4261745512485504,0.0057181123806444,0.0033583054996937,0.056880432345095,0.0286267453057895,23.37029413608884,1,Laryngitis,2021,u_n
-372.1678771972656,213.44422912597656,67.22329711914062,64.06473541259766,19.505250930786133,-15.97408390045166,-29.67200088500977,-17.993453979492188,3.760821580886841,1.0395890474319458,-2.915272951126098,-14.766302108764648,-4.86953067779541,19.26991081237793,9.141281127929688,9.015491485595703,5.740569591522217,4.615769863128662,4.118204116821289,4.333160877227783,4.039707660675049,4.049295902252197,2.889397382736206,3.12222671508789,3.936195135116577,2.9542410373687744,-0.585642397403717,0.0761392936110496,0.2837789952754974,0.0394879393279552,0.0040750810876488,-0.0147290620952844,-0.0002253382408525,-0.0541280917823314,-0.0840697512030601,0.0210798177868127,0.0063570546917617,-0.0032239479478448,0.0089037595316767,2.1695566177368164,1.4985507726669312,0.8006694316864014,0.9094905257225036,0.6360278725624084,0.7043246030807495,0.7504268288612366,0.4714292287826538,0.6638628244400024,0.4881370663642883,0.3652816116809845,0.6022438406944275,0.5075395703315735,0.6558394432067871,-0.0876445323228836,-0.0877455100417137,-0.1267652511596679,-0.0550334975123405,0.0986235588788986,0.121666632592678,0.0102672446519136,-0.0782280266284942,-0.0401244312524795,0.0284582301974296,0.0701284930109977,-0.0418227016925811,2.629145860671997,0.7029736638069153,0.9019245505332948,0.6219509840011597,0.4881661236286163,0.4586268365383148,0.5392804145812988,0.2414546757936477,0.5063126683235168,0.3685877919197082,0.3535586297512054,0.379820704460144,0.3485312461853027,0.0836170931983266,0.0500340481255184,0.1437232420665676,0.0874021629494857,5.798919594630211,1,Laryngitis,2028,u_n
-352.5335693359375,153.1249542236328,74.89163970947266,72.57284545898438,10.729110717773438,2.450725078582764,-3.2971558570861816,-12.71599292755127,-1.524383544921875,6.796580791473389,10.753520011901855,4.429258346557617,0.7535338997840881,15.64980697631836,7.99932336807251,6.435747146606445,6.985592365264893,5.506693840026856,6.1774492263793945,6.062782764434815,3.817502975463867,3.6828744411468506,3.916478157043457,3.069832801818848,5.932804107666016,4.71960973739624,-0.7552816867828369,-0.0584869384765625,0.3690082430839538,0.1078326851129531,-0.147130474448204,-0.3531917631626129,-0.2020585238933563,0.0581654347479343,0.0305943042039871,0.080452486872673,0.1238528192043304,0.2044739127159118,0.2614492177963257,2.472896814346313,1.6578497886657717,1.4685567617416382,1.5211261510849,0.9150556921958924,1.39728045463562,1.410704493522644,0.6780127882957458,0.5730849504470825,0.5562949180603027,0.3670282363891601,0.5571772456169128,0.7532418966293335,0.4049561321735382,0.1913823634386062,-0.1277793943881988,-0.2747214138507843,0.0015957972500473,0.081714741885662,0.1026448905467987,0.0683185309171676,0.02330057695508,0.0656642094254493,-0.0363133549690246,0.0245034974068403,0.0792258828878402,1.170375108718872,0.556444525718689,0.96270751953125,0.7755944728851318,0.5343196392059326,0.8758829832077026,0.6664232611656189,0.4764670431613922,0.3987509608268738,0.50589919090271,0.3438985645771026,0.2825430631637573,0.4532961547374725,0.0042316955484045,0.0011468880047952,0.0221105522257775,0.0073761583054451,28.001160430946108,1,Laryngitis,2075,u_n
-360.79638671875,162.19418334960938,70.43024444580078,33.12929916381836,-22.67293357849121,14.35251522064209,-5.298247337341309,-4.796929836273193,6.119125843048096,-6.768892288208008,-0.757306694984436,-5.726816177368164,-2.729097843170166,17.73128318786621,8.97255802154541,7.287811279296875,10.08724308013916,7.010764122009277,8.543229103088379,4.987326145172119,5.516727924346924,7.421193599700928,5.435520172119141,5.237631797790527,6.449256896972656,7.755589485168457,0.4818646907806396,-0.1983179599046707,-0.3111163079738617,-0.1764898747205734,-0.0585144236683845,0.2690392434597015,0.163186028599739,0.1833896338939666,0.1662223786115646,-0.1341038644313812,-0.1547162383794784,-0.2101457715034485,-0.1746122539043426,3.0723321437835693,1.006041169166565,1.2032864093780518,1.1210644245147705,0.9039768576622008,0.96343195438385,0.7871692776679993,0.6104421019554138,0.6402300000190735,0.4837424755096435,0.8179962038993835,0.5868329405784607,0.6467602849006653,0.4864465892314911,0.0420592650771141,-0.1424279659986496,-0.0718618705868721,0.1894376575946808,0.0536411143839359,0.0713321417570114,0.0517130345106124,-0.0512490831315517,0.0567008219659328,0.0467009358108043,0.0158640388399362,0.0820441395044326,1.5441627502441406,0.5707905888557434,0.6088436245918274,0.7437430024147034,0.7592397928237915,0.8247300982475281,0.5795839428901672,0.5049477219581604,0.5414036512374878,0.3648548424243927,0.5033676624298096,0.3690700232982635,0.5438271760940552,0.0067558252098839,0.0039838036167802,0.0230317741922856,0.0117353820687476,26.10811086517693,1,Laryngitis,2079,u_n
-388.0082702636719,173.94215393066406,52.51110458374024,29.92103385925293,-7.4525909423828125,-11.272119522094728,-2.66903042793274,-0.9935836791992188,-4.4020867347717285,-6.510384559631348,-8.587127685546875,-3.866590261459351,-5.544277667999268,33.45351028442383,12.931544303894045,8.87264633178711,9.415277481079102,5.201306819915772,5.978490829467773,7.785502433776855,4.802884101867676,3.893149137496948,3.31611967086792,4.122860908508301,4.5551934242248535,4.181792736053467,-0.4942757189273834,-0.0776202678680419,0.2808753848075866,0.0132262269034981,-0.0179201923310756,0.0505828149616718,-0.1579512953758239,0.0808474197983741,-0.0775673910975456,0.0082370908930897,-0.0360221490263938,-0.0037105339579284,0.1003820970654487,4.755198955535889,1.944446325302124,1.5719435214996338,1.1249840259552002,0.8947663307189941,1.0913493633270264,1.2039084434509275,0.7974827289581299,0.726071298122406,0.5931820869445801,0.6863633990287781,0.8600836396217346,0.6930184960365295,0.3811968564987182,-0.0108559755608439,-0.0829158797860145,-0.0975547060370445,0.076583407819271,-0.0530905909836292,0.1332060396671295,-0.0662029460072517,0.0231545623391866,-0.0223699603229761,-0.061484009027481,0.0460384376347065,-0.0306512042880058,1.7207971811294556,0.8889473080635071,0.8798581957817078,0.57809978723526,0.5813838243484497,0.7725903987884521,0.8570282459259033,0.5779615640640259,0.4876931607723236,0.4348483383655548,0.4700953960418701,0.5237033367156982,0.5195151567459106,0.0029865824420097,0.0009684024473027,0.023067786246226,0.0105051654768599,30.46396228989127,1,Laryngitis,2097,u_n
-353.4273376464844,172.4832305908203,64.1021957397461,63.408729553222656,-6.016059398651123,40.17327117919922,-18.362586975097656,-16.26247215270996,7.278602123260498,-14.86916732788086,14.943710327148438,-7.141009330749512,4.208916187286377,18.975061416625977,9.001419067382812,10.798225402832031,5.463313102722168,5.845251083374023,6.3933587074279785,10.110655784606934,5.28502082824707,4.382760524749756,4.526018142700195,4.486921310424805,6.863286972045898,4.445946216583252,-0.2031812667846679,-0.2724809646606445,0.1267854571342468,0.0231884326785802,-0.0305527579039335,-0.0438921563327312,0.1539072841405868,0.0518366247415542,-0.0161525476723909,-0.0278439037501811,0.0365445800125598,0.1879001855850219,0.0199898872524499,1.909568190574646,1.0945720672607422,1.074968695640564,0.7563213109970093,0.8976408839225769,0.7693544626235962,1.0291837453842163,0.7364952564239502,0.7468705177307129,0.686104953289032,0.6285509467124939,0.7615567445755005,0.6601088047027588,0.1910441219806671,-0.0421368889510631,-0.0659432336688041,-0.0607488825917243,0.092406190931797,-0.0383439175784587,0.0001303477183682,0.0391672924160957,0.0213857758790254,0.0104749519377946,-0.0458151325583457,0.0038380937185138,-0.0183620322495698,1.217729568481445,0.6631432771682739,0.6717885732650757,0.4740749001502991,0.6122617125511169,0.5414243340492249,0.5899667143821716,0.5050829648971558,0.4862960875034332,0.4689561724662781,0.5151270627975464,0.4572906494140625,0.4860292077064514,0.0115192992703151,0.0059090511522578,0.1061550075753245,0.0583304018075653,16.23320147809917,1,Laryngitis,2101,u_n
-370.7360534667969,182.2104339599609,78.03502655029297,60.660762786865234,17.492992401123047,-24.1324405670166,-11.309953689575195,6.777758598327637,-12.257328987121582,-15.0121431350708,8.298686981201172,-1.052729606628418,-14.251599311828612,36.73612976074219,11.082356452941896,10.673251152038574,7.4177632331848145,4.139358043670654,7.848698139190674,4.574978351593018,4.394051551818848,4.212679386138916,3.5087220668792725,4.054884433746338,3.270768880844116,3.3600893020629883,-0.4575817883014679,0.1760814785957336,0.1472606807947158,0.1367047429084777,0.0625283569097518,-0.1043627336621284,-0.0590557344257831,0.0863771140575409,0.038064919412136,-0.0366880893707275,0.0127660417929291,-0.0335715599358081,-0.0339602269232273,5.971984386444092,1.0983116626739502,2.1686744689941406,1.3103749752044678,0.8653648495674133,1.3583608865737915,0.5899373888969421,0.6681156754493713,0.6460649371147156,0.7540894150733948,0.5764087438583374,0.4178691208362579,0.5408819913864136,1.2413421869277954,-0.1038493663072586,-0.3400439023971557,-0.2683222591876983,-0.053883533924818,0.2070309817790985,0.0816419571638107,-0.0322928726673126,0.1033504903316497,0.0947103276848793,-0.1017609611153602,-0.0326274596154689,0.0438337437808513,4.003233432769775,0.5351964235305786,1.206243634223938,0.9633274674415588,0.5677888989448547,0.7469308972358704,0.4309745728969574,0.4444110095500946,0.5241703391075134,0.5254915952682495,0.4348836243152618,0.3178806006908417,0.4206697940826416,0.0046277975805522,0.0021701958865714,0.0204631428541069,0.0103623640096411,28.72906597883108,1,Laryngitis,2110,u_n
-361.8086242675781,181.5923767089844,69.15681457519531,57.2178840637207,16.674196243286133,21.55841827392578,8.51338005065918,-2.487955331802368,1.2828068733215332,-0.4072857201099396,2.9410550594329834,0.0899967700242996,-0.7484630346298218,22.270469665527344,12.470504760742188,13.878653526306152,5.0824785232543945,6.814748287200928,7.815340995788574,8.891986846923828,4.212072372436523,4.312580108642578,4.070023536682129,6.585894107818604,3.481230497360229,5.012599945068359,0.2193380147218704,-0.5954183340072632,-0.4181485772132873,-0.0125986523926258,0.3212774395942688,0.3865468204021454,0.5112612247467041,0.1234590038657188,0.0640706196427345,0.1575812101364135,-0.3382345139980316,-0.0435275696218013,0.1412066966295242,2.881312608718872,1.035404920578003,1.698887825012207,0.7682495713233948,0.8944573998451233,0.850807249546051,0.5805027484893799,0.743401288986206,0.7450211048126221,0.3679234385490417,0.501105546951294,0.4465904831886291,0.4946450889110565,0.6385061144828796,-0.0305552240461111,-0.3742883801460266,-0.2524580359458923,0.1062481626868248,0.1292129009962082,0.1267461329698562,0.0276787709444761,-0.0045081232674419,-0.0694745182991027,-0.1417018771171569,0.1752098053693771,0.1293654143810272,1.744744062423706,0.4355573356151581,1.062761902809143,0.6575230956077576,0.617250382900238,0.6647143363952637,0.5039445161819458,0.5703063011169434,0.5004826188087463,0.372048556804657,0.5084484815597534,0.6572784185409546,0.4659297168254852,0.0101393901007971,0.001808224362808,0.0249108111297431,0.0143970177129835,14.453421510319346,1,Laryngitis,2120,u_n
-412.04595947265625,135.96780395507812,77.26074981689453,78.8132095336914,13.306203842163086,-1.2321208715438845,16.854047775268555,0.1149716079235076,-0.4971635937690735,24.16185188293457,19.93822860717773,-2.6475605964660645,-3.723397254943848,13.627209663391112,6.872484683990479,8.319249153137207,6.854665279388428,4.689341068267822,7.575000286102295,4.73013162612915,6.779529094696045,4.254133701324463,4.507627010345459,4.998880863189697,3.917702674865722,5.372303009033203,0.4557263553142547,-0.3392513990402221,-0.3966042697429657,-0.1175566464662551,-0.0175357554107904,-0.2950521409511566,-0.0108126709237694,0.1396028697490692,-0.1210710927844047,0.127739280462265,0.2101874500513076,0.0598506703972816,-0.0121041536331176,2.0502445697784424,0.7345951795578003,1.0140172243118286,1.3851921558380127,0.7495460510253906,0.9442158341407776,0.7148882150650024,0.9521034955978394,0.9371269345283508,0.7631929516792297,0.6699892282485962,0.6703606843948364,0.7935102581977844,0.4494011700153351,0.0280792322009801,-0.2330345660448074,-0.1989217400550842,0.0319013707339763,0.1691267788410186,0.0701026618480682,0.1520815193653106,0.0323038548231124,-0.2262028455734253,-0.1373576372861862,0.069289818406105,0.0579258501529693,1.595170021057129,0.4011203944683075,0.7396396398544312,0.6332982182502747,0.5819789171218872,0.6804488301277161,0.5063473582267761,0.4527469873428345,0.3970198035240173,0.6802806854248047,0.4761203229427337,0.4201592803001404,0.5521082282066345,0.0070657571254826,0.0032365097427031,0.0474305354596425,0.0155025665685092,23.68488171187144,1,Laryngitis,2126,u_n
-348.7455749511719,165.3987274169922,75.79643249511719,41.2690544128418,-20.600360870361328,11.781302452087402,-5.707940578460693,-5.619962692260742,2.1907846927642822,-5.357387065887451,-1.2777273654937744,-5.646372318267822,-2.9642210006713867,76.2506332397461,43.36495590209961,16.5996150970459,14.561755180358888,15.491169929504396,7.966884136199951,12.16176414489746,6.205116271972656,6.291828632354736,9.621729850769045,6.122533321380615,7.340466499328613,6.369632720947266,-0.1187151595950126,0.0893316268920898,-0.2408577799797058,-0.0360134355723857,0.1697886288166046,-0.1598699539899826,0.1313508301973343,-0.0226814746856689,0.1078777760267257,0.082825094461441,0.0314893573522567,-0.0449482537806034,-0.0273012015968561,8.633932113647461,5.094317436218262,3.5191617012023926,2.5007481575012207,2.0412347316741943,1.4325097799301147,1.473854422569275,1.064627170562744,1.0351735353469849,1.0103071928024292,1.0022181272506714,1.2706029415130615,1.048538327217102,1.37996244430542,-0.2003823518753051,-0.465939462184906,-0.3611679971218109,0.2809128761291504,0.0257157236337661,0.1961500793695449,0.1162461265921592,-0.0434308908879756,-0.0444566383957862,0.077119655907154,0.1834502220153808,0.0559265799820423,3.977513313293457,2.0144476890563965,1.8579024076461792,1.4427305459976196,1.0352295637130735,0.7273727059364319,0.8221614956855774,0.6395905613899231,0.541202962398529,0.5567843317985535,0.6926736235618591,0.9239004850387572,0.7028272151947021,0.0090896511137277,0.0045634426270942,0.0255579930509785,0.0098274314624597,25.229432362676544,1,Laryngitis,2128,u_n
-342.7079467773437,175.6071014404297,78.96833038330078,54.59478378295898,-7.013281345367432,-2.584927082061768,-12.366597175598145,-19.907548904418945,-11.838561058044434,0.7450891733169556,0.4606491327285766,-6.340892791748047,4.633911609649658,8.938584327697754,4.348608493804932,5.800886154174805,4.555049419403076,7.139612197875977,3.8005566596984863,5.120086193084717,3.850146532058716,2.750561714172364,2.9659242630004883,3.254435062408448,3.785643339157105,3.093463182449341,0.2558523416519165,-0.1881111115217209,0.2400881052017212,0.022327410057187,-0.2350717782974243,-0.0930522233247757,-0.1453300267457962,0.0384457223117351,0.086274154484272,-0.1569909900426864,0.125727117061615,0.1551297158002853,0.0943383127450943,1.301504135131836,0.7056393623352051,0.9299693703651428,0.557245135307312,1.084681272506714,0.7952053546905518,0.5468544363975525,0.5713135600090027,0.5222029089927673,0.4741307199001312,0.4542242288589477,0.6953554153442383,0.4737301766872406,0.2366351336240768,0.0193265657871961,-0.1007398068904876,-0.0743968039751052,0.1269914507865905,0.088656947016716,0.0932802408933639,0.1488019227981567,0.0368570536375045,-0.0561992116272449,-0.0879140943288803,0.0800864100456237,0.0714070051908493,1.2573237419128418,0.5767756700515747,0.5056875348091125,0.4611338078975677,0.5931412577629089,0.3309934139251709,0.2993893921375274,0.5383789539337158,0.4622290432453155,0.3250903189182281,0.297873705625534,0.4660135209560394,0.4116815328598022,0.0052639660624735,0.0029215957040162,0.0219879383859028,0.0109216749365032,23.220395719482667,1,Laryngitis,2156,u_n
-410.36724853515625,157.75657653808594,44.87505722045898,57.31917572021485,10.267234802246094,8.045527458190918,-33.38616943359375,-22.7839584350586,14.828389167785645,-17.835100173950195,-15.286471366882324,-6.185439586639404,-7.73253870010376,37.94212341308594,8.588078498840332,9.634832382202148,9.784173965454102,8.430729866027832,6.93953800201416,9.589441299438477,5.312225818634033,7.229880809783935,3.636928081512451,3.646516084671021,3.971270084381104,3.638824939727783,-2.561276197433472,0.0533108413219451,0.5061616897583008,0.6225531697273254,0.3416222631931305,0.2669800519943237,0.1902679502964019,-0.008394525386393,0.1742870509624481,0.0937333926558494,-0.1354977786540985,0.0254432298243045,-0.0009990162216126,5.952651977539063,1.4594881534576416,0.8626108169555664,0.8809731602668762,1.727603316307068,1.1913920640945437,1.3322081565856934,0.9924072623252868,1.1077802181243896,0.7470555305480957,0.7967305183410645,0.67928546667099,0.5107693672180176,1.804858684539795,-0.0562898740172386,-0.090257853269577,-0.2932419180870056,-0.0721484124660492,0.2318950891494751,0.4288359582424164,0.167323425412178,-0.2108455300331115,0.060665126889944,0.1129260212182998,-0.0661044940352439,-0.0807734206318855,4.61522388458252,0.793210506439209,0.402811586856842,0.9218173623085022,0.879842221736908,0.9250867366790771,1.174117922782898,0.665998637676239,0.6455812454223633,0.5142676830291748,0.4753665328025818,0.5267360806465149,0.4738588035106659,0.0025132555272258,0.0012280677611985,0.0177558933492188,0.008129381979,31.96152034631141,1,Laryngitis,2191,u_n
-365.3232116699219,179.17062377929688,80.52780151367188,81.04534912109375,25.06412696838379,-4.318624019622803,-7.735774517059326,-19.250320434570312,0.2159607708454132,-3.013978958129883,-14.833331108093262,8.398221015930176,7.201941967010498,30.3098258972168,8.109537124633789,10.797574043273926,8.615649223327637,4.621362209320068,4.509734630584717,3.990896463394165,4.449987888336182,2.836881399154663,2.949371576309204,3.775604248046875,4.061985015869141,3.011518239974976,-0.0605617091059684,-0.0347019992768764,0.0901752337813377,0.0810050517320633,-0.0268642418086528,-0.0003804299922194,0.0329241752624511,-0.0438256449997425,-0.027693036943674,0.046139933168888,0.057450383901596,0.0109681729227304,0.0059192809276282,4.482483386993408,0.9021286964416504,1.4928579330444336,1.6611859798431396,0.6857243180274963,0.617644190788269,0.6123150587081909,0.7743514180183411,0.4332515299320221,0.5453987121582031,0.573492169380188,0.6105109453201294,0.5049000978469849,0.9616602063179016,-0.1323858350515365,-0.3371950984001159,-0.3052369058132171,-0.0592504069209098,0.1027617007493972,0.057684302330017,0.0973125994205474,-0.0016394181875512,-0.006751088425517,0.0913311839103698,-0.0139225032180547,-0.0464068613946437,3.3141000270843506,0.6498522758483887,1.242360234260559,1.108936786651611,0.4512242078781128,0.5126491189002991,0.3636349141597748,0.4542535543441772,0.3150822818279266,0.3627783060073852,0.4505839347839355,0.3806057870388031,0.3697404265403747,0.0050002416673543,0.0027370490241163,0.0427005631977935,0.0239694731137315,28.408894746328794,1,Laryngitis,2219,u_n
-383.4714965820313,143.57395935058594,72.58307647705078,44.42353820800781,0.2472291141748428,-7.571885585784912,-12.714567184448242,-9.70434856414795,-2.7218472957611084,-2.613112449645996,-4.636853218078613,-5.472851753234863,1.5996037721633911,32.6634635925293,7.58042573928833,9.96611785888672,7.442468643188477,5.995157241821289,5.093904972076416,5.301817417144775,4.139645576477051,3.7106740474700928,4.410122394561768,5.206515789031982,3.545640468597412,4.236360549926758,-1.2734607458114624,-0.2196964621543884,0.3713890314102173,0.1627094894647598,-0.0621735416352748,-0.0655432268977165,0.0314372479915618,-0.0776724591851234,-0.1034678146243095,-0.0124529711902141,-0.0549542643129825,-0.0113402493298053,0.0402107499539852,5.336391925811768,0.7787333726882935,1.8434371948242188,1.2308510541915894,0.976872444152832,0.8429335355758667,0.953995406627655,0.5073049664497375,0.520785391330719,0.901723563671112,0.665924608707428,0.5505837798118591,0.8242807984352112,1.5117738246917725,0.1582948267459869,-0.2933933138847351,-0.1042514070868492,0.1884866952896118,0.1972109377384185,0.1653559952974319,0.0619190260767936,-0.0105497930198907,-0.0018303452525287,-0.0118947625160217,0.0088894721120595,-0.048695184290409,3.9445230960845934,0.6633781790733337,0.7911712527275085,0.7412418127059937,0.7492424249649048,0.7448614239692688,0.7023948431015015,0.4429842233657837,0.3446026742458343,0.6027782559394836,0.4454472959041595,0.3118528723716736,0.3161844611167907,0.0025432258515272,0.0009833696461515,0.0169693922564809,0.0063660703913934,32.05522397722925,1,Laryngitis,2242,u_n
-360.15557861328125,204.42462158203125,68.5052490234375,39.82176208496094,1.925732135772705,-1.683356523513794,0.4704627096652984,-13.3104887008667,-8.379014015197754,-2.5280885696411133,-7.169302463531494,0.3404955267906189,-1.9818580150604248,24.519704818725582,13.1356201171875,13.489972114562988,8.060717582702637,6.05543851852417,5.305534362792969,6.530440330505371,5.441852569580078,4.838937759399414,4.151163578033447,5.21918249130249,5.61057710647583,5.062450408935547,-0.5744441747665405,-0.3729448318481445,-0.1728968918323516,-0.3608687222003937,-0.1574290692806244,0.1439695209264755,0.3950001001358032,0.4212594330310821,0.349686712026596,0.1526403427124023,0.2063987553119659,0.0799526050686836,0.154651790857315,3.25789761543274,1.4901593923568726,2.3060107231140137,1.551863193511963,1.2307385206222534,1.0172775983810425,0.8890148997306824,0.8486297726631165,0.7294307351112366,0.690277636051178,0.796543300151825,0.625284731388092,0.5774853229522705,0.6147673726081848,-0.2062717527151107,-0.0408366993069648,0.1373163312673568,0.1812912076711654,0.1339073777198791,0.036674678325653,0.0855977162718772,0.0358073338866233,-0.0027663260698318,0.0002902150154113,-0.0877886265516281,0.0219131112098693,1.5625072717666626,1.0445876121520996,0.9592937231063844,0.8728395700454712,0.6892654895782471,0.6492224335670471,0.6152900457382202,0.5507520437240601,0.5401933789253235,0.4508963525295257,0.6605320572853088,0.4605973660945892,0.4853879809379577,0.0331177602259098,0.0198684245761158,0.1555716277193823,0.0830218090895424,14.523717203886315,1,Laryngitis,2276,u_n
-401.6080932617188,192.14434814453125,63.578033447265625,48.17494201660156,28.24855232238769,-4.910338401794434,-30.921016693115234,-6.46265983581543,-0.3544818758964538,7.915128707885742,-0.6875032186508179,-7.543659687042236,-6.559513568878174,14.050748825073242,4.7674241065979,5.385296821594238,4.674746036529541,4.859616756439209,5.872040748596191,5.757410526275635,5.624062538146973,4.457833766937256,4.496347904205322,3.33782172203064,3.462044715881348,5.211214065551758,0.2034117579460144,-0.0729394108057022,-0.1322931349277496,-0.1691610664129257,0.0191718600690364,0.0624413080513477,0.0581204742193222,-0.1106600761413574,-0.0874855816364288,0.0460645519196987,-0.0276518110185861,-0.0339984036982059,-0.1290355771780014,2.261104345321656,0.7294875979423523,0.8560482859611511,0.8601671457290649,0.7311908602714539,0.7915341258049011,0.7539767622947693,0.6305986642837524,0.531796395778656,0.6883212327957153,0.6149821877479553,0.5534809231758118,0.6860188841819763,0.5052266716957092,-0.0737816989421844,-0.0856778025627136,-0.0117382165044546,-0.0435188151895999,0.0213219169527292,0.1247411370277404,0.0555426217615604,-0.0405261367559433,-0.0536382794380188,0.0137775754556059,0.0452669560909271,0.0345507562160491,2.079233407974243,0.5479865074157715,0.5764049887657166,0.515815258026123,0.4918307363986969,0.6099390983581543,0.6124461889266968,0.5251713395118713,0.4434294104576111,0.5012505650520325,0.449957400560379,0.4090780019760132,0.516504168510437,0.0034735400119023,0.0012916674067587,0.0129647484368519,0.0057495077071677,30.16714655975938,1,Laryngitis,2296,u_n
-360.6952819824219,197.521728515625,68.8079833984375,59.23296356201172,14.975187301635742,-3.9681551456451416,-23.18613052368164,-15.839000701904297,4.8400983810424805,1.225284457206726,0.7052625417709351,-17.612348556518555,-29.38531494140625,38.25291061401367,12.358420372009276,13.131173133850098,14.496010780334473,4.207798957824707,7.429705142974853,10.269365310668944,6.030222892761231,5.715547561645508,6.923530578613281,5.144285202026367,5.233490943908691,7.319065093994141,-0.1559566855430603,-0.0452464036643505,-0.1795134395360946,-0.184222787618637,0.0197167322039604,0.1297759413719177,0.0218594055622816,-0.0306298732757568,-0.1144514083862304,-0.161095455288887,-0.0634957179427146,0.0634309723973274,0.1234906092286109,6.928904533386231,2.3061017990112305,1.6372886896133425,1.584656000137329,0.7047046422958374,0.8636276125907898,1.3359651565551758,0.9113662242889404,0.8437622785568237,0.6054744720458984,0.6986724138259888,0.7484281063079834,1.1835438013076782,2.155696392059326,-0.6444821953773499,-0.454724371433258,-0.4207202792167663,-0.0296078287065029,0.1263685822486877,0.3467314541339874,0.2113482505083084,-0.135092556476593,-0.0407666452229023,-0.1409026533365249,0.057721234858036,0.2803597450256347,4.783379077911377,1.4169156551361084,1.294377326965332,1.1267791986465454,0.446504533290863,0.5109353065490723,0.9123975038528442,0.627425491809845,0.5341966152191162,0.4379085600376129,0.5618309378623962,0.409171462059021,0.660452663898468,0.003602811265655,0.0017327188577985,0.0131733462920282,0.0068512037520708,31.30946901695102,1,Laryngitis,2301,u_n
-327.6640319824219,146.62939453125,37.12831878662109,85.73182678222656,25.883628845214844,3.3553712368011475,-11.111498832702637,-10.781113624572754,10.623687744140623,11.346999168395996,-6.252817630767822,-5.157265663146973,17.892242431640625,8.245972633361816,7.429012298583984,7.292707443237305,5.192199230194092,10.48630428314209,7.036550998687744,4.504134178161621,4.4874420166015625,4.808809280395508,4.644331455230713,3.481030225753784,4.5726494789123535,4.42003870010376,-0.2100225389003753,-0.1806953698396682,-0.1927237063646316,0.1138821318745613,0.2603383958339691,0.0314819775521755,-0.1154829636216163,-0.0476537533104419,0.1267804950475692,-0.0237849000841379,-0.0202646385878324,-0.0215003378689289,-0.0149997463449835,0.723073422908783,0.585170567035675,0.8724629282951355,0.7515882253646851,0.7243391275405884,0.8959001302719116,0.7243832349777222,0.6744619607925415,0.5638877749443054,0.7010618448257446,0.5992149710655212,0.6524305939674377,0.6761123538017273,0.1921540647745132,0.1080588176846504,-0.0391089618206024,-0.1634324491024017,0.0342261046171188,0.1106579452753067,0.1369539350271225,0.0698190107941627,0.018084792420268,-0.0044941715896129,-0.0323205552995204,-0.0761281624436378,-0.0727751702070236,0.8309436440467834,0.5394283533096313,0.5060741305351257,0.6702253222465515,0.464497298002243,0.4438515901565552,0.5608025789260864,0.5265367031097412,0.4020147323608398,0.431829422712326,0.4959217607975006,0.6086434125900269,0.4467126131057739,0.0131923375986635,0.0079859974527832,0.0578880355558437,0.0352850732259869,18.43645983759617,1,Laryngitis,2305,u_n
-314.0726623535156,153.09446716308594,79.766845703125,58.67690658569336,1.479333996772766,-27.98142433166504,-15.454264640808104,0.1395250111818313,-12.663546562194824,-15.173184394836426,-3.90973162651062,-12.290572166442873,-12.818842887878418,21.103076934814453,5.772189617156982,7.711556911468506,5.64769172668457,3.0775065422058105,4.947012901306152,2.60807204246521,2.599247455596924,2.432307243347168,3.2523770332336426,4.454342365264893,2.7987966537475586,3.195439100265503,0.1563946157693863,-0.0111838737502694,0.0119737880304455,-0.0150626301765441,0.0082831755280494,0.0113201541826128,-0.0342521928250789,-0.037299770861864,-0.0047635622322559,-0.0096192480996251,-0.0286681354045867,-0.0088473856449127,0.0030768413562327,2.79548454284668,0.5536916255950928,1.149709939956665,0.920476257801056,0.3863569796085357,0.8629887104034424,0.4624913036823272,0.3891282677650451,0.347412645816803,0.3766383230686188,0.4711877703666687,0.4423090517520904,0.445731520652771,0.4279620945453644,-0.0358469448983669,-0.2053271979093551,-0.1343884021043777,0.0324708968400955,0.1249522045254707,0.0364946089684963,-0.0245285928249359,0.022353833541274,0.0284845661371946,-0.0131559940055012,0.0366782993078231,0.0092582404613494,1.7034225463867188,0.3928539752960205,0.93187016248703,0.6439573168754578,0.3118830323219299,0.6009854078292847,0.2948587834835052,0.3160753846168518,0.2860523760318756,0.3163641989231109,0.3355082273483276,0.3380260467529297,0.3272720277309418,0.0021898450599257,0.0010306035990643,0.025679869767857,0.0137284711679041,28.22732897319676,1,Laryngitis,2315,u_n
-352.4564514160156,156.98731994628906,84.78240966796875,68.86331939697266,23.304502487182617,-6.784501552581787,5.602487087249756,14.887701034545898,1.903583526611328,-5.989492416381836,9.596234321594238,6.228084087371826,-1.3656303882598877,20.40228080749512,8.201459884643555,8.665565490722656,7.704973220825195,5.46269416809082,5.976583957672119,4.452340126037598,3.5675859451293945,3.622713327407837,4.578357696533203,4.110952854156494,4.014148712158203,3.0440332889556885,-0.8026705980300903,-0.1041752323508262,0.167954683303833,0.1414617747068405,0.0277157872915267,-0.0598249696195125,0.0221318434923887,0.0145358229056,0.0012795417569577,0.0056708888150751,-0.0636427626013755,-0.080047033727169,-0.0019391346722841,3.215462207794189,1.023455262184143,1.605471134185791,1.2423148155212402,0.9060508012771606,0.9170340299606324,0.7185409665107727,0.5402601957321167,0.602645754814148,0.6601582169532776,0.6514431834220886,0.5448036193847656,0.4620604515075683,0.6353242993354797,-0.0402480401098728,-0.2873725891113281,-0.170635387301445,0.0104861445724964,0.1049852147698402,0.0246187392622232,-0.0337912924587726,-0.0335715934634208,0.0497923977673053,0.0089840181171894,0.0114935338497161,0.0182294361293315,2.274718761444092,0.546081006526947,1.02870774269104,0.7100695371627808,0.6252442598342896,0.5916640162467957,0.4875171780586242,0.3578905165195465,0.4333587884902954,0.5987946391105652,0.4316887259483337,0.5308937430381775,0.4773055613040924,0.0068955038661022,0.0038757778236219,0.0490398200340821,0.0261355372775766,22.00143358603888,1,Laryngitis,2321,u_n
-354.1629943847656,166.77520751953125,80.00081634521484,69.14131164550781,21.450416564941406,7.969775199890137,-5.350571632385254,-25.79098892211914,-0.0660040453076362,16.503429412841797,-3.5676074028015137,-9.802190780639648,2.042423963546753,31.900548934936523,4.489792823791504,7.041782855987549,6.339244842529297,7.003063678741455,3.7626357078552246,4.458461761474609,4.789235591888428,2.6381494998931885,4.962952613830566,6.123354434967041,4.546422958374023,4.358243465423584,0.1783339232206344,-0.1023428365588188,0.0258014034479856,-0.0388928800821304,-0.1082382425665855,0.0135608157142996,0.0746672824025154,-0.0191961526870727,0.0081187319010496,0.1090377122163772,0.0759182870388031,-0.0084480494260787,-0.0142011074349284,3.2646713256835938,0.7027766704559326,1.1239752769470217,1.0320309400558472,0.6047226190567017,0.46158167719841,0.5578333735466003,0.6823506355285645,0.4817999899387359,0.8094666600227356,0.5604687333106995,0.61173415184021,0.6907600164413452,0.5907362103462219,-0.0230181422084569,-0.2093414664268493,-0.2069741785526275,-0.0431639850139617,0.0383028723299503,0.0712821409106254,0.1175265684723854,-0.0370320528745651,-0.0604432970285415,0.0384419225156307,0.0338185578584671,-0.038760457187891,2.1243226528167725,0.3460468053817749,0.9900150299072266,0.8501901030540466,0.5542475581169128,0.3811694979667663,0.5129627585411072,0.6356256604194641,0.3485943675041199,0.5114800930023193,0.4175499081611633,0.3547452688217163,0.3860645592212677,0.0024477068703313,0.0008546625107096,0.0217010289000755,0.0102956111729136,30.84974214258677,1,Laryngitis,2328,u_n
-368.4699096679688,153.44252014160156,67.55790710449219,80.04947662353516,29.69967269897461,-6.943094253540039,-6.387162208557129,1.8724309206008911,1.2722114324569702,1.9830098152160645,9.893875122070312,1.9067965745925903,2.09580659866333,17.570478439331055,5.02057695388794,7.626133441925049,7.568508148193359,6.655879020690918,5.716974258422852,6.485783100128174,4.028861999511719,3.889262199401856,3.655795574188232,3.4990031719207764,4.420004367828369,4.477738380432129,-0.4580547511577606,0.2010013461112976,0.195546954870224,0.0370871201157569,-0.0242796838283538,-0.1100262850522995,-0.0438206829130649,-0.06852687895298,-0.0140367150306701,0.0250061675906181,-0.0258185416460037,0.0574699304997921,0.0213362965732812,2.669464349746704,0.966147780418396,1.1669673919677734,1.3616275787353516,0.785516619682312,0.6980410218238831,0.8066170811653137,0.6217064261436462,0.5769422650337219,0.4594665467739105,0.6042004227638245,0.6591989994049072,0.5815367102622986,0.6030802130699158,0.0305655002593994,-0.2296113669872284,-0.249903604388237,-0.0229709707200527,0.083486258983612,0.0616900622844696,0.0386384576559066,0.0263769328594207,0.0193864554166793,-0.0092715360224246,0.0465599484741687,0.0046396665275096,2.2615668773651123,0.4193061292171478,0.8688341379165649,0.9860047101974488,0.5047272443771362,0.5335436463356018,0.4929614067077636,0.4740378260612488,0.5852228999137878,0.3809516727924347,0.4067717790603637,0.4496501386165619,0.4419655203819275,0.0292771546017807,0.0181911266604275,0.0686953799563333,0.0407169920204781,21.14410481482013,1,Laryngitis,2351,u_n
-412.6192321777344,191.3021850585937,66.9162826538086,40.46477127075195,28.62402534484864,-1.665235161781311,-9.362318992614746,-7.0981974601745605,-4.288564205169678,0.0764250382781028,-3.0957272052764893,-5.5125651359558105,0.7642081379890442,31.5781478881836,7.916741371154785,7.646289825439453,5.422445774078369,5.39894962310791,4.259744167327881,5.298809051513672,4.012372970581055,4.076805591583252,5.1177592277526855,4.2080559730529785,4.892113208770752,3.327746868133545,-0.8514918684959412,0.2160221189260482,0.0707889646291732,0.1204574108123779,0.0891113504767417,-0.0870218947529792,-0.114298366010189,-0.0125937284901738,0.1083367988467216,0.0970809534192085,0.0183624383062124,0.0290891472250223,0.0460950843989849,6.154058933258057,1.4769484996795654,1.5117394924163818,0.8312328457832336,0.5633274912834167,0.6817429661750793,0.6334081888198853,0.6659416556358337,0.5954632759094238,0.5713596940040588,0.5865663290023804,0.8360421061515808,0.5481559038162231,1.430119514465332,-0.2301015853881836,-0.2627383470535278,-0.0522830598056316,-0.0660778954625129,0.1185295805335044,0.0849492326378822,0.0848759710788726,0.0715929642319679,-0.0457692183554172,-0.0171660706400871,0.0673402547836303,0.0054459818638861,4.277706623077393,0.974461793899536,0.9963945150375366,0.6723301410675049,0.6164760589599609,0.5072324872016907,0.641339898109436,0.513788104057312,0.4262250661849975,0.3872495293617248,0.4000223875045776,0.4442369341850281,0.4048334658145904,0.0021310568359248,0.0008858407407209,0.011141770766191,0.0053318001505219,34.86087169346768,1,Laryngitis,2404,u_n
-399.0712585449219,209.4728546142578,80.68488311767578,62.374488830566406,36.44274139404297,-8.563749313354492,-5.691234588623047,-4.6201252937316895,-26.89994430541992,-11.116546630859377,11.8108549118042,-10.636466026306152,-19.33209800720215,22.35743522644043,9.920659065246582,6.863776683807373,6.826038837432861,6.811695098876953,5.306171894073486,5.404487133026123,4.148035526275635,5.056255340576172,3.989597797393799,4.292148113250732,4.533901691436768,4.824245452880859,-0.3395769000053406,0.1653631776571273,0.0990854650735855,0.1209712103009224,0.1219931617379188,-0.0379439406096935,-0.0953245609998703,-0.0131110930815339,0.0049318992532789,-0.0001746951602399,0.0845271572470665,0.0897556543350219,0.0140593536198139,3.6767096519470215,1.7038276195526123,1.0428154468536377,1.0619792938232422,0.9213206768035888,0.9570183157920836,0.7457943558692932,0.7111616730690002,0.8314173221588135,0.715235710144043,0.7645706534385681,0.6905299425125122,0.8093299865722656,0.7498109936714172,-0.270015001296997,-0.1801153719425201,-0.1458877921104431,-0.0444569922983646,0.1670043766498565,0.0076103936880826,0.0023362948559224,0.1018764972686767,0.0105578396469354,-0.0838200449943542,0.0905695781111717,0.1063982918858528,2.707491397857666,1.0265289545059204,0.7369254231452942,0.8106273412704468,0.5894159078598022,0.7348642945289612,0.4614482820034027,0.3949080407619476,0.615821123123169,0.4529511332511902,0.5719084143638611,0.5714191198348999,0.6137977242469788,0.0015134625609544,0.0005018883983773,0.0123741611635895,0.0060954145934969,33.325643505817496,1,Laryngitis,2424,u_n
-366.099609375,203.37159729003903,58.82032775878906,65.96846008300781,19.94731330871582,-8.234692573547363,-0.6339293718338013,-9.513004302978516,-17.55528450012207,-6.311229228973389,8.902441024780273,6.041244029998779,-6.995924949645996,31.99824523925781,10.185711860656738,6.6842122077941895,5.889101505279541,3.628467321395874,4.582968711853027,3.865138053894043,3.90960955619812,6.102035999298096,4.055540084838867,5.615959167480469,4.449544906616211,4.382503986358643,1.2571603059768677,-0.2130923569202423,-0.1966217458248138,-0.038447368890047,0.0453385040163993,0.0761490166187286,-0.0289565678685903,-0.0246125347912311,-0.0320717878639698,-0.0465829260647296,0.0103065827861428,-0.021909199655056,-0.0002660361351445,4.394291877746582,1.8330519199371336,0.7656245231628418,0.9396603107452391,0.5560110211372375,0.7564273476600647,0.5494812726974487,0.5657479763031006,0.745476484298706,0.5052393674850464,0.7069335579872131,0.6523234844207764,0.5304217338562012,0.9812429547309875,-0.3313067853450775,-0.1570336818695068,-0.1742679327726364,0.01833938062191,0.1548415273427963,0.0321561992168426,0.0528362691402435,0.0782870501279831,0.025781912729144,-0.0745751783251762,-0.0850396528840065,0.012347905896604,3.3021957874298096,1.1762930154800415,0.6152829527854919,0.807287871837616,0.449175626039505,0.5332114696502686,0.3527819216251373,0.4988479912281036,0.5691781044006348,0.3735740780830383,0.5356945395469666,0.5436637997627258,0.4021112024784088,0.0033582187907699,0.0015707621695112,0.0288171781234623,0.0145914271897913,27.550748865675462,1,Laryngitis,2435,u_n
-376.7159118652344,162.49220275878906,80.18153381347656,55.07080841064453,-14.467321395874023,-7.845165252685547,-18.039798736572266,-8.146859169006348,-8.337501525878906,-3.9753684997558594,3.2650840282440186,-3.7047119140625,-6.981956005096436,24.23666763305664,5.976056098937988,7.020974636077881,6.127675533294678,8.350841522216797,5.7550201416015625,5.136076927185059,6.476628303527832,3.492610454559326,3.754608392715454,7.503849029541016,3.708413362503052,6.370421886444092,-0.5343743562698364,0.1915213316679,0.1430149674415588,-0.0679007768630981,-0.046102724969387,-0.0268104467540979,-0.0065866857767105,-0.0082072298973798,0.0121049806475639,0.0909103602170944,-0.0532169044017791,0.100789800286293,0.1754554957151413,4.180371284484863,1.1071221828460691,0.9524099230766296,1.0432360172271729,1.4524961709976196,1.1931005716323853,0.8332417607307434,0.9091913104057312,0.7269660830497742,0.4394089877605438,0.8179742693901062,0.72580885887146,0.658283531665802,1.1867520809173584,0.2088386863470077,-0.2437537163496017,-0.2431001514196396,0.1465909481048584,0.1669705510139465,0.1674220263957977,0.0537282787263393,0.0505274198949337,0.0197883881628513,-0.0387847870588302,0.0364012867212295,0.0842746123671531,3.005300998687744,0.6921696662902832,0.7763146162033081,0.9309123158454896,0.607734739780426,0.6041998267173767,0.6583364605903625,0.480610191822052,0.4447337687015533,0.3210241198539734,0.3323652446269989,0.5660409927368164,0.6264089941978455,0.0022857992989011,0.0009266840427774,0.0119599332060883,0.0061491471802215,32.77753699388797,1,Laryngitis,2443,u_n
-304.0523376464844,194.1581268310547,38.95377731323242,33.94668197631836,-15.4117431640625,14.51628589630127,11.464191436767578,-14.361055374145508,9.313634872436523,0.0973857119679451,-9.012372970581056,1.8377820253372192,-7.620645999908447,29.281145095825195,14.473759651184082,7.075896739959717,7.61511754989624,9.56199550628662,5.201062202453613,4.663819313049316,5.372547149658203,5.247986316680908,4.416048049926758,4.054753303527832,4.677036762237549,4.281402111053467,0.7119786143302917,0.2630575001239776,-0.0333321541547775,0.3979737162590027,-0.0564759336411953,0.2588198482990265,0.0575555749237537,-0.0857312157750129,0.1884679794311523,0.0458537600934505,-0.074274905025959,0.0310396961867809,0.1500978767871856,5.462265968322754,2.5621562004089355,1.1497623920440674,0.8888761401176453,1.9458588361740112,1.0750913619995115,0.886091411113739,1.1419733762741089,0.5856016278266907,0.8067631125450134,0.584449052810669,1.020725965499878,0.6870583891868591,1.9202141761779783,-0.7389520406723022,-0.4310920834541321,-0.2298110574483871,0.4954509437084198,-0.0648088380694389,-0.0745853632688522,0.2129393965005874,-0.2132159024477005,-0.1868992149829864,-0.0286834258586168,-0.0981430336833,0.0614477843046188,4.025994300842285,1.334601640701294,1.0285555124282837,0.8223592638969421,1.025051236152649,0.5659860968589783,0.5691688060760498,0.6223751902580261,0.5433375835418701,0.6966398358345032,0.5064367651939392,0.4398037493228912,0.4652072787284851,0.0051849226898144,0.0029583941810125,0.0468652261544931,0.0241944773248154,22.37493442567269,1,Laryngitis,2510,u_n
-358.4087829589844,183.61952209472656,60.26297378540039,78.18081665039062,37.63801193237305,8.97110366821289,-33.883827209472656,-22.46461677551269,13.38071060180664,2.4788930416107178,-9.655876159667969,-2.534804105758667,9.52827262878418,20.796571731567383,5.442325592041016,9.870532035827637,7.046352386474609,4.99589729309082,2.88942813873291,6.351357460021973,5.276671886444092,4.560196399688721,3.0887858867645264,3.5207936763763428,4.19218111038208,3.423625469207764,0.1172885671257972,-0.0569547899067401,0.0856896117329597,0.0563610456883907,-0.0387685224413871,-0.0373280793428421,-0.0193492602556943,-0.030552502721548,-0.0334465205669403,-0.0243551936000585,0.0153777776286005,0.0099384495988488,0.0162401068955659,2.804076194763184,0.9272583723068236,0.9165056347846984,1.1456587314605713,0.6355984210968018,0.4482593536376953,1.152199149131775,0.7452850341796875,0.5774449110031128,0.5049461126327515,0.4218869507312774,0.5107083320617676,0.3973687291145324,0.5722410678863525,-0.1576186567544937,-0.1773233413696289,-0.2410954982042312,-0.0728747695684433,0.0304769705981016,0.1639954447746276,0.1110765188932418,-0.0538578033447265,-0.0251567065715789,0.028593162074685,0.0106610059738159,-0.0400518104434013,2.284886121749878,0.6713732481002808,0.8351926207542419,1.027889847755432,0.4488968253135681,0.3493525683879852,0.7052538394927979,0.5005975365638733,0.3130826652050018,0.3575150072574615,0.3271946907043457,0.3442525565624237,0.3379066884517669,0.0046918057428421,0.0015852777653124,0.0190184998142729,0.008996836330746,28.201462508238404,1,Laryngitis,2511,u_n
-398.8850708007813,172.21365356445312,64.18006134033203,61.0368766784668,-0.6755121350288391,-8.567877769470215,-11.87472152709961,-3.2926580905914307,11.559792518615724,-4.941436767578125,-6.992634296417236,-0.828512966632843,1.6425542831420898,44.1778450012207,9.523955345153809,14.460016250610352,11.55449390411377,4.696070671081543,6.026200771331787,6.66734790802002,3.463874578475952,5.108264446258545,4.13517427444458,4.260159492492676,3.610551834106445,5.282919406890869,-2.1010568141937256,0.48816978931427,0.6318075060844421,0.1524850726127624,0.0895492583513259,0.1567913591861724,0.1646249592304229,0.0078458143398165,-0.0718764066696167,0.2241930514574051,0.1416674554347992,-0.0792015790939331,0.0502365790307521,8.153823852539062,1.5055382251739502,2.10357928276062,2.231481075286865,0.9088455438613892,0.870501697063446,1.0402528047561646,0.6042504906654358,0.7755343914031982,0.8059894442558289,0.6072294116020203,0.6490740776062012,1.0820999145507812,2.6655101776123047,-0.4257354736328125,-0.7209380269050598,-0.7218786478042603,0.1407724767923355,0.220897689461708,0.2446369528770446,0.0631795525550842,-0.2021503448486328,0.0755300298333168,0.0977013334631919,-0.1035111919045448,-0.1503134369850158,5.360905647277832,0.8444291353225708,1.3572403192520142,1.6817444562911987,0.6184875965118408,0.6488581895828247,0.7884696125984192,0.4654122292995453,0.668213963508606,0.4734064042568207,0.4109679162502289,0.453955590724945,0.530979335308075,0.005641709933323,0.0025193133662978,0.0230322090546408,0.0116309590778654,27.105357847980542,1,Laryngitis,2514,u_n
-383.9446411132813,175.39268493652344,67.26790618896484,57.66587066650391,-18.649822235107425,-10.827322006225586,-21.06646728515625,-22.27753257751465,-2.957347869873047,-19.08115005493164,5.043961524963379,-4.945613384246826,-28.34823036193848,27.677473068237305,9.51583480834961,8.00672721862793,8.216987609863281,8.65027141571045,6.708842277526856,5.393824577331543,3.897465944290161,4.266502380371094,3.2521770000457764,4.53419828414917,2.685763597488404,5.27245044708252,-0.4608794450759887,0.1850054115056991,0.1910391598939895,0.0272413250058889,-0.1681137233972549,-0.0754344016313552,0.0261810757219791,0.0888144746422767,0.1503220498561859,0.1043367460370063,0.0981087014079094,0.0141395023092627,-0.0695984810590744,4.913167953491211,0.766201376914978,1.2159525156021118,1.2003966569900513,0.8534129858016968,0.616919755935669,0.7015625238418579,0.5350151658058167,0.5694299340248108,0.4703556597232818,0.804193913936615,0.4778831601142883,0.8911751508712769,1.122642159461975,-0.1324096024036407,-0.2212851345539093,-0.238233208656311,0.1934199035167694,0.1077350974082946,0.0762112811207771,0.0681389346718788,-0.0832190215587616,0.0452404841780662,-0.1002370417118072,-0.0374752841889858,0.1361350417137146,3.3469841480255127,0.6303578615188599,0.7821418046951294,0.8165932893753052,0.6775323152542114,0.5091619491577148,0.4216170310974121,0.3897348046302795,0.3911439776420593,0.3181043863296509,0.5475463271141052,0.3681868016719818,0.4949231445789337,0.003104147344476,0.0018048201625752,0.0188255709477772,0.0112021914576275,30.491015545785142,1,Laryngitis,2516,u_n
-342.6696472167969,229.07655334472656,49.86654281616211,55.80284118652344,24.653377532958984,-12.07589054107666,-31.94990348815918,-23.40565490722656,-7.892233371734619,5.66722297668457,1.5914270877838137,-16.77537727355957,-2.715366840362549,30.02770233154297,10.82858180999756,20.27981185913086,4.700384140014648,9.885674476623535,3.698547840118408,7.522233486175537,5.366171360015869,3.964190006256104,4.149876594543457,4.269652366638184,3.810603857040405,5.126200675964356,-0.5449261665344238,-0.6345670223236084,0.653874933719635,-0.0725519880652427,-0.3569090664386749,0.2401016652584076,0.3020583987236023,0.0370491296052932,0.0628697797656059,-0.105693332850933,-0.19679956138134,0.0072132535278797,-0.0908064618706703,3.644479513168335,1.584420919418335,1.6906652450561523,0.7781528830528259,0.8318578600883484,0.5902853608131409,0.965424656867981,0.7781168222427368,0.439755231142044,0.665527880191803,0.4959521889686584,0.5301738977432251,0.6432286500930786,0.8272631764411926,-0.4399375915527344,0.0490515641868114,-0.2760772109031677,-0.0257808975875377,0.1064713075757026,0.0126025089994072,0.0964298024773597,0.0535630211234092,-0.0548309348523616,-0.0377636328339576,0.1157229915261268,0.042458388954401,2.937129497528076,0.9445894360542296,1.4703993797302246,0.7501894235610962,0.6319857239723206,0.3846393525600433,0.378216803073883,0.4030645191669464,0.3909694254398346,0.5823807120323181,0.403241902589798,0.4634345471858978,0.3849142789840698,0.0039596432296198,0.0015643392315556,0.0277819245060226,0.0089164239327418,27.533664757344344,1,Laryngitis,2525,u_n
-344.8890075683594,165.79647827148438,56.07410430908203,35.722412109375,-1.7238460779190063,-7.859501838684082,4.824060916900635,8.957438468933105,-9.898430824279783,11.211142539978027,10.42447280883789,-2.944797992706299,-5.843016624450684,25.459129333496094,7.706375598907471,4.594386100769043,5.336851596832275,5.604171276092529,4.965302467346191,4.2313103675842285,6.68487548828125,4.301193237304688,4.048929214477539,3.864467144012451,4.40583086013794,3.485450029373169,-0.5410974025726318,-0.0630664825439453,-0.0336899645626544,-0.0434001162648201,0.0753873214125633,0.0613319091498851,0.0723430067300796,0.0642734095454216,0.0257151611149311,0.0433435104787349,0.0220038928091526,0.0055204108357429,-0.0276782214641571,3.339827537536621,0.9360881447792052,0.8245421648025513,0.886328399181366,0.867103636264801,0.8867495656013489,0.681310772895813,0.7436522245407104,0.694577157497406,0.7157397866249084,0.6798565983772278,0.6276535391807556,0.5964279770851135,0.6186316013336182,-0.0755062252283096,-0.1581361293792724,-0.0579895228147506,0.1127046197652816,0.1093109101057052,-0.0121830888092517,-0.0089181391522288,0.0593291968107223,-0.0211263690143823,-0.0375184416770935,0.0239381697028875,-0.0061979521997272,2.417575597763061,0.6484515070915222,0.7745893597602844,0.6499314904212952,0.7067710161209106,0.5474643111228943,0.4977821111679077,0.4208315908908844,0.5553736090660095,0.482793927192688,0.4923304319381714,0.4115457534790039,0.5027554631233215,0.0033167010810199,0.001673827303261,0.0169091495036637,0.0090522259129548,28.97605148055509,1,Laryngitis,2541,u_n
-334.1342468261719,188.69854736328125,40.33036422729492,60.924407958984375,9.060022354125977,-6.595784187316895,-10.695001602172852,-9.478631973266602,-3.7372286319732666,-17.174766540527344,-3.8149337768554688,3.572316884994507,-9.00462532043457,18.752328872680664,8.38449478149414,8.772747039794922,8.046123504638672,4.003838539123535,5.671342849731445,4.122737884521484,4.147453308105469,4.509864807128906,3.722309112548828,3.951382398605346,3.908628463745117,3.95845079421997,-0.2885899841785431,0.1318627297878265,0.2040479034185409,-0.0429789014160633,-0.0156241748481988,0.0234463717788457,0.0308866165578365,-0.1064833104610443,-0.0934288129210472,0.0583384595811367,-0.0178313665091991,0.0489880852401256,0.1868163347244262,2.883387327194214,0.7163844704627991,0.4636286497116089,1.226298689842224,0.6342604756355286,0.7734388709068298,0.5649425387382507,0.592390775680542,0.6209975481033325,0.6002166271209717,0.6671027541160583,0.5636637210845947,0.5720750093460083,0.616448163986206,-0.1648100763559341,0.0411014780402183,-0.1626210957765579,0.0005421487730927,-0.0141621464863419,0.0333713442087173,0.0006632939330302,-0.0163657516241073,0.0943553745746612,-0.033416960388422,-0.063090831041336,0.0160898081958293,1.6353800296783447,0.642765998840332,0.4020308554172516,0.7466062307357788,0.4088203310966491,0.3955231010913849,0.4389478266239166,0.3769690692424774,0.4974843263626098,0.482667475938797,0.4458637535572052,0.3993720412254333,0.4935121238231659,0.0019334255832227,0.0009529667828852,0.0188005478451422,0.00982367715037,29.214487624004764,1,Laryngitis,2542,u_n
-347.0972900390625,239.71929931640625,80.18724060058594,37.554725646972656,6.192637920379639,2.1133697032928467,-11.023709297180176,-6.680809497833252,-2.4214508533477783,1.0534169673919678,8.66807746887207,12.050777435302734,-2.1489622592926025,31.816030502319336,9.341127395629885,8.783254623413086,4.496185779571533,6.519687652587891,3.5909786224365234,4.6221442222595215,5.24306583404541,4.425025463104248,3.632387161254883,3.731363296508789,5.25137186050415,2.6361613273620605,-0.2082620859146118,0.1927495151758194,0.2027701139450073,0.0610665827989578,-0.0549760423600673,-0.0712110474705696,-0.0189076289534568,0.0416901595890522,-0.0141381192952394,0.0032365382649004,-0.0128459129482507,0.0064579853788018,0.0490580797195434,3.48838210105896,1.1479419469833374,1.7890300750732422,0.6302587985992432,1.1677367687225342,0.6043222546577454,0.7779437303543091,0.9428197145462036,0.8439754247665405,0.5450549125671387,0.6875835657119751,0.8068498969078064,0.4749239385128021,0.5259324908256531,-0.1781221628189087,-0.2674248218536377,0.0017269130330532,0.13848477602005,0.038656897842884,-0.0538351945579052,-0.070743903517723,-0.0815490633249282,-0.0222934409976005,0.0712581574916839,0.0552983321249485,-0.0287834741175174,1.835087299346924,0.9225541353225708,1.0381226539611816,0.3873672187328338,0.6849785447120667,0.415362149477005,0.5136093497276306,0.5375379920005798,0.5223543047904968,0.4502633213996887,0.5179411768913269,0.5514514446258545,0.34501513838768,0.005153052581631,0.0024274333159284,0.0262737393195361,0.0116464451145101,26.22074228930042,1,Laryngitis,2555,u_n
-376.60162353515625,225.1617126464844,58.095977783203125,49.83506774902344,13.168008804321287,7.131791114807129,-10.9812593460083,-10.952110290527344,8.790426254272461,-9.59035301208496,8.851351737976074,7.576805591583252,-11.198530197143556,31.10612678527832,13.835657119750977,5.598937034606934,5.798025608062744,5.677587032318115,5.057157516479492,5.985867500305176,5.413689613342285,4.105445384979248,6.069542407989502,4.218447685241699,3.595106363296509,3.4087514877319336,-0.4066633284091949,0.0660042986273765,0.0724518746137619,0.0457311682403087,-0.0300396978855133,-0.071406565606594,0.0214347671717405,0.0727993175387382,0.0415788441896438,-0.0787851065397262,-0.0547223202884197,0.0475258976221084,-0.0036411746405065,5.790292263031006,2.680341482162476,1.0408670902252195,0.9547049403190612,0.8253247141838074,0.7357675433158875,0.8980034589767456,0.8995984792709351,0.6806680560112,0.8303368091583252,0.7701067924499512,0.597151517868042,0.6773838996887207,1.2594478130340576,-0.5628452897071838,-0.1746265292167663,-0.1430935263633728,0.0255792774260044,-0.0102485148236155,0.1279814690351486,0.1409379690885543,-0.0646620690822601,0.043928075581789,-0.0764477401971817,-0.0300116408616304,0.0728271752595901,3.7622382640838623,1.758798599243164,0.6705209612846375,0.8238521218299866,0.4783325493335724,0.5221017003059387,0.7928288578987122,0.6316900253295898,0.5457402467727661,0.5541228652000427,0.54067462682724,0.4400163888931274,0.4368588030338287,0.0032616600981466,0.0015622013883891,0.0159571841670103,0.0089513903449189,25.83904987170842,1,Laryngitis,2556,u_n
-376.9678039550781,158.96719360351562,64.82817840576172,68.39800262451172,-16.23418617248535,1.46435546875,-2.148373603820801,-30.36964988708496,-12.440046310424805,-2.8053112030029297,0.9615051746368408,-3.685583114624024,-5.269887924194336,29.14110374450684,4.307347297668457,8.591378211975098,8.287880897521973,5.9983391761779785,3.7303075790405273,4.508281707763672,5.448282241821289,2.575701713562012,3.258827209472656,3.5942814350128174,4.816524028778076,3.1318461894989014,-0.1179799735546112,0.0836343914270401,0.0594199672341346,0.099284790456295,-0.0801681578159332,-0.0067213377915322,-0.10831019282341,-0.0777698457241058,-0.02853574603796,-0.0323073789477348,0.1122458800673484,0.0063113737851381,-0.0005993423401378,5.419798851013184,0.5410904884338379,1.3836065530776978,1.2287943363189695,0.9242433309555054,0.4659942388534546,0.6100537180900574,0.7922511696815491,0.4581032693386078,0.4712691605091095,0.6640039682388306,0.5053223967552185,0.5302740335464478,1.3198305368423462,-0.0433523505926132,-0.3255476057529449,-0.2713999450206756,0.1712690591812133,0.0413783118128776,-0.0169277805835008,0.1732711046934127,0.0679636970162391,-0.0195449385792017,-0.0294203180819749,0.0005144785973243,0.0369319170713424,4.090153217315674,0.4417760074138641,1.2431399822235107,0.914021134376526,0.7400332093238831,0.4503127932548523,0.4351538717746734,0.6206912398338318,0.3423178195953369,0.4041417241096496,0.4485964179039001,0.3269072771072387,0.3510086238384247,0.0025326648363456,0.0014664325961996,0.0102248793372459,0.0055575988807348,33.683167942380344,1,Laryngitis,2567,u_n
-379.7577819824219,184.10760498046875,80.22679901123047,38.21955490112305,-6.262112617492676,19.90397453308105,-17.293519973754883,-20.300800323486328,0.6419879198074341,0.0633735880255699,11.354484558105469,-9.236485481262209,-8.362330436706543,28.99315071105957,8.192193031311035,8.23248291015625,5.635385036468506,8.502931594848633,5.942258834838867,4.211661338806152,4.9629807472229,6.099928379058838,3.2959635257720947,3.70447039604187,3.1155123710632324,3.6658084392547607,-0.8089247345924377,-0.0158110614866018,0.1804240942001342,0.0959627479314804,0.0477384030818939,-0.034914880990982,-0.0256142858415842,-0.0621960163116455,-0.0421313792467117,0.0598975382745265,0.0171909444034099,-0.0476933307945728,-0.0046903262846171,3.109410524368286,0.8297926187515259,0.9447717666625975,0.6436250805854797,0.849080502986908,0.6321921944618225,0.7779946327209473,0.913265347480774,0.6304488778114319,0.5777058005332947,0.5752350687980652,0.5071269869804382,0.6064523458480835,0.5534628033638,-0.081832118332386,-0.1437254846096038,-0.0053957626223564,0.1238397732377052,-0.0248121991753578,0.0924887433648109,0.0729043185710907,-0.0268411878496408,0.0081665720790624,-0.0238778013736009,0.0228987634181976,0.0132668633013963,2.2790117263793945,0.580640971660614,0.6747614145278931,0.4606650769710541,0.5998448729515076,0.55121910572052,0.5111658573150635,0.4964542984962463,0.4889517724514007,0.5309352874755859,0.3545076251029968,0.4241719245910644,0.4650165438652038,0.0026475902987457,0.0011313468150631,0.0110866373133857,0.0057828782017258,31.47996179801697,1,Laryngitis,2574,u_n
-421.4322204589844,158.1917266845703,66.84133911132812,57.59953689575195,-10.25107192993164,-8.95615291595459,-6.57792329788208,-17.637540817260742,-0.659417450428009,-7.611815452575684,-12.236973762512209,5.878624439239502,-0.77852863073349,22.03847312927246,5.099447727203369,6.454124927520752,6.580722808837891,4.766826629638672,5.252505779266357,3.537993907928467,4.202645778656006,3.404249429702759,3.7940242290496826,3.1179864406585693,2.9636831283569336,2.8865463733673096,-0.4280160367488861,0.1210287883877754,0.1145118474960327,0.2109028548002243,-0.0043382835574448,-0.1056244522333145,-0.0223944950848817,-0.0162204764783382,-0.027147127315402,-0.0211796667426824,-0.0488370284438133,0.0115078883245587,-0.0069338507018983,3.9944567680358887,0.8189243078231812,1.100603461265564,0.7660062313079834,0.8005629777908325,0.7979933619499207,0.5798289775848389,0.7508348226547241,0.4787012040615082,0.5626134276390076,0.5618214011192322,0.4333077073097229,0.3891196548938751,0.7187466025352478,0.0211472604423761,-0.17423015832901,-0.0748606398701667,0.1078870743513107,0.0515255816280841,0.0147254448384046,0.0575047247111797,0.005814351607114,0.0428395457565784,0.0592738017439842,-0.0143624264746904,-0.0132214780896902,2.8868627548217773,0.7130432724952698,0.8733189702033997,0.4883577227592468,0.5933519005775452,0.4987136721611023,0.4014432728290558,0.4514444768428802,0.4426474571228027,0.3381015360355377,0.4077839255332947,0.3999940156936645,0.3544519245624542,0.0021163107850555,0.0012127186044406,0.014901340043313,0.0080668809840998,34.33230981533589,1,Laryngitis,2578,u_n
-313.2137451171875,155.113525390625,58.71614456176758,82.06367492675781,-12.91920566558838,7.780213356018066,6.790195941925049,-17.425424575805664,12.179438591003418,5.686347961425781,-6.6043243408203125,5.453344345092773,-3.5774972438812256,24.92584228515625,7.205124378204346,6.976965427398682,10.142046928405762,9.018155097961426,4.030481815338135,5.41868782043457,5.733858585357666,5.511648654937744,4.927506923675537,4.952486515045166,4.889885425567627,4.248581409454346,0.053006138652563,0.0446262881159782,-0.1714524328708648,-0.0150295095518231,0.3064924776554107,-0.0462726764380931,-0.0580871701240539,-0.1277119070291519,-0.0731777921319007,0.083852432668209,0.0146936420351266,-0.2053559869527816,-0.1217345222830772,4.763116836547852,1.1120227575302124,1.0695273876190186,1.9868055582046509,1.2375835180282593,0.4603856205940246,0.9055069088935852,0.8555575013160706,1.006683588027954,0.773369550704956,0.6669595241546631,0.6465674042701721,0.7439836263656616,1.527446985244751,-0.0941639468073844,-0.3390787839889526,-0.4947909712791443,0.3538258373737335,0.081795297563076,0.121430367231369,0.2647591531276703,-0.1506201773881912,-0.0852914229035377,0.0283680465072393,-0.0603705532848835,0.0430315509438514,3.303136110305786,0.7449718117713928,0.9739974141120912,1.0939314365386963,1.076529860496521,0.4564439058303833,0.709135115146637,0.8714843988418579,0.7333360910415649,0.7677911520004272,0.4508003294467926,0.5458382964134216,0.5005728006362915,0.0065485762031426,0.003397132020819,0.0414390642944303,0.0238365469757766,25.522419125875185,1,Laryngitis,2582,u_n
-323.4659729003906,144.2271270751953,57.01789093017578,59.30874633789063,4.323732852935791,-3.44509220123291,3.878741979598999,7.310762405395508,-1.0469363927841189,-0.7525410652160645,5.412446975708008,-7.253083229064941,-9.213860511779783,26.11415100097656,5.668205738067627,6.550505638122559,5.881043434143066,5.602599143981934,5.105163097381592,3.570353031158448,5.059895515441895,3.7512128353118896,4.161694526672363,3.74198842048645,3.4676687717437744,3.5399329662323,-0.6760708689689636,-0.0161583125591278,0.0280059613287448,0.1991656720638275,0.0948947444558143,0.0109221674501895,0.0738562867045402,0.041566003113985,-0.1071702763438224,-0.0979279428720474,-0.0066304975189268,0.0240401327610015,-0.0419231913983821,4.751498699188232,0.7117920517921448,1.1189775466918943,1.065989971160889,0.9981902241706848,1.0515272617340088,0.5313485860824585,0.5743759870529175,0.607500433921814,0.622439444065094,0.7467343807220459,0.5530646443367004,0.5412502288818359,1.2042783498764038,0.0009622810757718,-0.1948479861021042,-0.1824451982975006,0.1267490983009338,0.0981115996837616,0.0336174443364143,0.038698174059391,-0.0021053513046354,-0.0404497422277927,-0.0522847399115562,0.0660326555371284,0.010141653008759,3.379347324371338,0.4307361543178558,0.8430531024932861,0.570074737071991,0.6259443163871765,0.7005851864814758,0.4902114570140838,0.3937405049800873,0.4809606373310089,0.4854359328746795,0.3765186965465545,0.4156112670898437,0.3428685069084167,0.0044836109799503,0.002648475913356,0.0247605713420356,0.0143169442307975,29.51351902754942,1,Laryngitis,2585,u_n
-382.41357421875,191.47250366210932,102.22874450683594,63.80899810791016,-2.713698625564575,8.023591041564941,-13.70170783996582,-6.664454936981201,0.6631494760513306,-8.938831329345703,4.537996292114258,-5.719069957733154,4.089847087860107,36.16311264038086,12.564029693603516,16.173255920410156,9.88411808013916,6.475964069366455,3.787142753601074,5.573665142059326,3.513009548187256,3.1389970779418945,4.336738109588623,2.7169289588928223,3.1728355884552,3.1956140995025635,-1.0636156797409058,-0.1177239492535591,0.1358667314052581,0.0879673957824707,0.1008864194154739,0.0705832913517952,0.0355525724589824,0.0435641855001449,0.0292041413486003,0.0851224064826965,0.0521588921546936,-0.0207506399601697,-0.0057225292548537,5.981170177459717,1.6827452182769775,2.9208219051361084,1.5826832056045532,0.9877194166183472,0.6760628819465637,0.9022117853164672,0.6741988062858582,0.5026264786720276,0.6036308407783508,0.5209274888038635,0.4746731221675873,0.5105295777320862,1.5272828340530396,-0.4158568680286407,-0.6822434067726135,-0.3773261904716491,0.1583245694637298,0.0428188182413578,0.1206037849187851,0.0813647806644439,0.032978419214487,0.1254485249519348,-0.0445460863411426,0.0653917789459228,0.0028363047167658,4.06542444229126,1.2847003936767578,1.7970502376556396,1.1428683996200562,0.630638599395752,0.4214640855789184,0.5221953392028809,0.521609365940094,0.3682321608066559,0.5807324051856995,0.3431194126605987,0.4426464736461639,0.3041145503520965,0.0494416025930918,0.0301721174464533,0.0979283155987607,0.062393850425906,10.878527131112124,1,Laryngitis,2588,u_n
-367.3402099609375,183.7297821044922,66.24034118652344,53.33023071289063,12.735316276550291,-9.813520431518556,-2.228527069091797,3.566456317901612,-3.3563132286071777,0.4655344486236572,14.15817928314209,14.536788940429688,0.9481075406074524,20.20934295654297,3.887773513793945,5.919220924377441,5.431309700012207,5.475714683532715,4.58411169052124,4.356800079345703,3.975776433944702,6.21995210647583,5.853545188903809,3.7228477001190186,3.857504606246948,3.806045293807984,0.3323625326156616,-0.0860655307769775,0.0099751688539981,0.0765509009361267,0.0835698544979095,0.0527649857103824,0.0189246870577335,0.0108808819204568,-0.0534354820847511,-0.0869948118925094,-0.0155132422223687,-0.003247559769079,-0.019330671057105,2.324896335601806,0.4681811928749084,0.7718762755393982,0.8045267462730408,0.6837018728256226,0.650761067867279,0.5512084364891052,0.5389509797096252,0.640196681022644,0.5062909722328186,0.5167502164840698,0.6134113073348999,0.6820012927055359,0.380367249250412,-0.0025435606949031,-0.0865900740027427,-0.0732179805636406,3.36644152412191e-05,0.0651004984974861,0.0101354494690895,0.007005316670984,0.0543062984943389,0.0390220768749713,0.0044332579709589,-0.0157822240144014,0.0234308540821075,1.5662676095962524,0.3971754014492035,0.4984057545661926,0.5417050123214722,0.5393242835998535,0.4863448143005371,0.4448323845863342,0.4217221736907959,0.4935906231403351,0.4399672448635101,0.4065980613231659,0.4095902740955353,0.4065891206264496,0.0029362288356916,0.001508851440765,0.018765209505182,0.0098927129412831,28.86344727589816,1,Laryngitis,2600,u_n
-323.9383850097656,146.08407592773438,68.18313598632812,57.86723709106445,-30.56894874572754,20.26585578918457,-14.885822296142578,-21.27021217346192,2.263180017471313,-1.483087182044983,-6.625050067901611,-6.441259860992432,8.920014381408691,18.925615310668945,5.443185806274414,9.541833877563477,5.71645975112915,9.927800178527832,4.48899507522583,7.927559852600098,5.011448860168457,4.137097835540772,3.209871292114258,5.483120441436768,3.800538063049317,5.25475025177002,-0.9889023303985596,-0.0262812469154596,0.2574106454849243,-0.100955419242382,-0.0755503103137016,0.0272809173911809,-0.0868099555373191,0.0255433283746242,0.0516117326915264,0.0156368780881166,0.1557611525058746,0.0450687669217586,0.1081148162484169,2.6283669471740723,0.8669354319572449,0.8100563883781433,0.8956407308578491,1.5463507175445557,0.5287478566169739,0.8723701238632202,0.8612470030784607,0.6814758777618408,0.5391406416893005,0.7856712937355042,0.6804355978965759,0.797173261642456,0.6649674773216248,0.0261992458254098,-0.182812288403511,-0.1177961975336074,0.2294305264949798,-0.0128308236598968,0.0774605423212051,0.1058708131313324,-0.0582823865115642,0.0437390878796577,0.0808496475219726,0.0212563164532184,-0.0533305332064628,1.990261793136597,0.534572184085846,0.6765824556350708,0.6325532793998718,0.7903758883476257,0.4242479205131531,0.5027147531509399,0.5651053786277771,0.5071218609809875,0.3628071248531341,0.5722815990447998,0.4617771208286285,0.4449745416641235,0.0052198030864388,0.0029721990061831,0.0276149986795488,0.0140573127625854,25.91972482188766,1,Laryngitis,2602,u_n
-366.6125793457031,164.20664978027344,63.25640106201172,77.3432388305664,8.351577758789062,-1.2028143405914309,-9.051054954528809,-0.1108113005757331,-17.287654876708984,-1.2459686994552612,16.239538192749023,-24.9147891998291,3.0473973751068115,23.921831130981445,5.270371437072754,7.60491418838501,7.389820575714111,6.719224452972412,6.043074607849121,4.433213233947754,4.151033878326416,5.0947794914245605,4.053351402282715,5.773840427398682,5.080079555511475,4.01279878616333,-0.0988969504833221,0.1225781440734863,-0.0636015608906745,-0.1132342740893364,0.0253962315618991,-0.1019287109375,-0.0881267413496971,-0.0150093995034694,0.0409091040492057,-0.0145569071173667,0.0016035231528803,0.0632383376359939,-0.0117988288402557,3.581418752670288,0.8431097865104675,1.15630042552948,1.4781898260116575,0.7940764427185059,0.8975492119789124,0.6257621049880981,0.6160619854927063,0.8100919127464294,0.6781873106956482,0.976032853126526,0.6201320290565491,0.7390875816345215,0.7692103981971741,-0.0242376886308193,-0.1114786639809608,-0.284959614276886,0.0611338540911674,0.0941744670271873,0.1001010984182357,-0.0320466011762619,0.0741344392299652,-3.967511293012649e-05,-0.1614538580179214,0.095297172665596,-0.0456208363175392,2.4447174072265625,0.5368348956108093,0.5919128060340881,0.944661259651184,0.5682038068771362,0.6647918224334717,0.5651577115058899,0.4881946444511413,0.5609455108642578,0.4790339767932892,0.6666142344474792,0.5545973181724548,0.4123370945453644,0.0047393686156637,0.0015684098868854,0.0198987273950455,0.0083800527261512,28.131450287489745,1,Laryngitis,2605,u_n
-380.7512817382813,168.43882751464844,65.13582611083984,60.13158798217773,-4.153848171234131,-9.244468688964844,-15.405362129211426,-8.870648384094238,13.280591011047363,-10.79565715789795,-13.456796646118164,-2.8465585708618164,-11.629913330078123,33.761417388916016,9.51876163482666,9.887410163879396,7.870855331420898,5.441377639770508,6.704214096069336,4.637563705444336,4.143106937408447,7.288785934448242,5.927902221679688,4.657059192657471,4.548537731170654,3.3101303577423096,-0.4560012817382812,-0.2836502492427826,0.0170400291681289,0.1000736653804779,0.0938713923096656,0.0181060060858726,-0.0055413926020264,0.0168055798858404,-0.0080283218994736,0.0756733193993568,0.1365920454263687,0.1262491196393966,0.1191429570317268,6.208925247192383,1.1754573583602903,1.6265523433685305,1.3660467863082886,0.9775487184524536,1.0183290243148804,0.8856990337371826,0.6131548285484314,1.22904372215271,0.7288447022438049,0.5697639584541321,0.7419636249542236,0.4058530330657959,1.609611749649048,-0.3039576709270477,-0.3711380660533905,-0.2461912482976913,0.2310550063848495,0.1043081507086753,0.1314407587051391,0.0827127024531364,-0.2406074404716491,-0.0557115785777568,-0.0249728821218013,-0.1214964389801025,-0.0189499165862798,3.867266893386841,1.0116376876831057,1.0949352979660034,0.7785903811454773,0.7706959247589111,0.5569479465484619,0.5123934745788574,0.6064013242721558,0.8644691705703735,0.4752012193202972,0.3712932169437408,0.5110407471656799,0.3537088334560394,0.004009054793944,0.0019952556003695,0.020182716322314,0.0111091469892256,28.853310778001163,1,Laryngitis,2610,u_n
-382.4409484863281,196.69308471679688,84.03987884521484,67.00767517089844,10.597399711608888,10.589825630187988,-3.27936053276062,-8.438806533813477,0.875026524066925,-4.100725173950195,6.716185569763184,3.038999557495117,-2.1927380561828613,12.568674087524414,6.0068464279174805,6.748013496398926,5.318207263946533,6.083759307861328,3.6159207820892334,4.755106925964356,4.357153415679932,3.5663535594940186,4.475889682769775,4.285308361053467,3.894739151000977,4.363923072814941,0.1630057692527771,-0.1319216787815094,-0.0972173810005188,-0.0663900598883628,-0.0331909693777561,0.0181252304464578,0.0724971964955329,-0.0290520079433918,0.0052470457740128,0.0064942059107124,0.0014781970530748,0.0091820824891328,-0.0518385544419288,2.032494068145752,0.8211597800254822,0.9769623279571532,0.8314106464385986,0.6035473346710205,0.5440954566001892,0.5756714940071106,0.7704559564590454,0.6025727391242981,0.7240107655525208,0.70730060338974,0.6452583074569702,0.7692626118659973,0.3236909508705139,-0.1292089968919754,-0.0994449406862258,-0.0725042223930358,0.0630318820476532,0.0163756478577852,0.0346564836800098,-0.0109110977500677,-0.023468405008316,0.0391947217285633,0.014931634068489,-0.0235177055001258,-0.0278435945510864,1.3548458814620972,0.6982797384262085,0.6230390071868896,0.6698845624923706,0.5896425247192383,0.397396445274353,0.3901641368865967,0.5038970708847046,0.4221093654632568,0.5743390917778015,0.5632992386817932,0.4671032130718231,0.5075913071632385,0.0041770147435497,0.002251630405192,0.0376101344429371,0.0212953992229087,22.76700243047791,1,Laryngitis,493,u_n
-365.5658874511719,206.09190368652344,98.52816009521484,65.3334732055664,4.815877914428711,-5.903730869293213,-16.553861618041992,-8.753005027770996,-18.408981323242188,-3.4320404529571533,14.046950340270996,-12.387062072753906,-0.4231184124946594,15.974366188049316,5.008903980255127,6.255785465240479,4.221005439758301,4.371371746063232,5.040485382080078,3.611329078674317,4.2276387214660645,5.131914615631104,3.7288930416107178,4.094742298126221,3.5358963012695312,2.980715274810791,-0.0817958489060401,-0.0490564256906509,-0.0617766119539737,-0.0609782300889492,0.0144377229735255,-0.0036316756159067,0.0464017614722251,0.0069430684670805,0.0535322427749633,0.0002944417065009,-0.0664143115282058,0.0414579510688781,0.0145533382892608,2.548929452896118,0.5797291994094849,1.0571647882461548,0.6765986084938049,0.6878036856651306,0.627348780632019,0.5890759229660034,0.613959789276123,0.636925458908081,0.6172739267349243,0.5666802525520325,0.5835323333740234,0.4890894293785095,0.4369204938411712,-0.063298612833023,-0.153052419424057,-0.0718929246068,0.0825714245438575,0.0528158470988273,0.0402187183499336,0.0067056789994239,0.0489185452461242,-0.0028154698666185,-0.0709067359566688,0.0454667024314403,-0.0029176513198763,1.74970805644989,0.3851763606071472,0.6802819967269897,0.4877774715423584,0.4804923832416534,0.3937782645225525,0.3701407611370086,0.3686584532260895,0.4687331914901733,0.4157793223857879,0.5149863362312317,0.4076078832149505,0.3956252634525299,0.0028633904624046,0.001474344621696,0.0229716539047449,0.0120015330672167,29.17952268879694,1,Laryngitis,497,u_n
-291.64215087890625,166.56993103027344,66.8041000366211,53.07225799560547,-25.032798767089844,6.86835241317749,-11.125115394592283,-5.752585887908936,10.262643814086914,-5.318171501159668,2.835073947906494,3.907362699508667,-5.833771705627441,20.16973114013672,4.083133220672607,6.575857162475586,5.264549732208252,6.486333847045898,4.125561237335205,3.884467363357544,3.65312385559082,5.02168607711792,4.238690376281738,3.8593947887420654,4.1106438636779785,4.744427680969238,-0.0448596477508544,0.006435873452574,-0.070526547729969,-0.07643523812294,-0.1352069228887558,0.0039403000846505,-0.0898675099015235,-0.0275702495127916,0.0672652497887611,-0.0250512138009071,0.0263001061975955,0.063600406050682,-0.0744830220937728,3.4207825660705566,0.6901195049285889,1.186455011367798,1.0271233320236206,1.3504254817962646,0.6075860857963562,0.6781415939331055,0.6041708588600159,0.7753065228462219,0.8165119886398315,0.6728029251098633,0.7955039739608765,0.6262667179107666,0.845802903175354,-0.1050402745604515,-0.2596423327922821,-0.162344679236412,0.204403817653656,-0.0117290383204817,0.1174837350845336,0.0016677242238074,-0.1049770042300224,0.0101892510429024,-0.0942244157195091,-0.0341088809072971,-0.0142622683197259,2.6079044342041016,0.4337006211280823,0.9059972763061525,0.7838603258132935,0.843627393245697,0.4629512429237366,0.6901914477348328,0.3897391557693481,0.5528464913368225,0.5296338200569153,0.5653120875358582,0.5835914611816406,0.4303210377693176,0.0033891207901289,0.0017563752708855,0.0375890263471229,0.0189063223679485,23.759764427309182,1,Laryngitis,498,u_n
-286.91455078125,212.14210510253903,39.87835693359375,58.92007827758789,14.99698543548584,27.078643798828125,-36.156856536865234,-56.92627334594727,30.99811553955078,-3.1746387481689453,-30.810806274414062,1.682009220123291,4.396766662597656,22.319595336914062,9.344916343688965,8.898736000061035,6.645763397216797,3.2867701053619385,4.732478618621826,5.213791847229004,6.875561714172363,6.126540660858154,3.061012029647827,4.630864143371582,3.2142364978790283,3.885396957397461,-0.0916462689638137,0.0297918263822793,0.0311070717871189,-0.0704317241907119,-0.0147940218448638,-0.0560671836137771,0.0033029629848897,0.0205536428838968,-0.0500001944601535,0.0420061610639095,0.039911899715662,-0.0308110639452934,-0.0260280091315507,2.985145568847656,1.399562954902649,0.712727963924408,0.8002315759658813,0.4162648618221283,0.6734011173248291,0.8886030912399292,1.1166062355041504,0.986425757408142,0.3922121226787567,0.7566871047019958,0.629144012928009,0.5212655663490295,0.5917848348617554,-0.2403517514467239,-0.0902391150593757,-0.106775976717472,0.0012943984474986,-0.0740865468978881,0.1275470405817031,0.2030272632837295,-0.1579608023166656,-0.0350685156881809,0.0946095660328865,-0.025396829470992,-0.0209180600941181,2.388031005859375,0.9283865690231324,0.472328633069992,0.455558568239212,0.2360240519046783,0.3845723867416382,0.5990373492240906,0.8321525454521179,0.6315125226974487,0.2714401185512543,0.4341180920600891,0.3195385336875915,0.2793249487876892,0.0052872893764007,0.0015109188170466,0.0161910194254022,0.007680700697564,26.45572075904718,1,Laryngitis,563,u_n
-378.4056091308594,165.8654327392578,58.6126594543457,50.49992370605469,1.5715034008026123,-10.477432250976562,-9.599808692932127,4.565623283386231,9.505144119262695,-14.105059623718262,9.80212116241455,11.58550262451172,-13.567268371582031,32.117713928222656,8.808135986328125,9.650310516357422,5.358468055725098,5.289277076721191,6.950986862182617,5.851551055908203,6.488988399505615,6.714914798736572,4.395668029785156,4.603237152099609,3.1177079677581787,5.031126976013184,-0.6221773028373718,-0.0746174976229667,0.096574380993843,0.0864188522100448,0.1023776531219482,-0.006985121872276,-0.0621865019202232,-0.0430751703679561,-0.0846590548753738,-0.0172495786100626,0.0709070488810539,0.031304795295,0.0232854541391134,4.140268802642822,0.8211212754249573,0.951283633708954,0.9082930088043212,0.6864849328994751,0.7902816534042358,0.6226615309715271,0.7009221911430359,0.8389521837234497,0.5337510704994202,0.5730446577072144,0.5928931832313538,0.6008535027503967,0.7771761417388916,-0.0821189433336258,-0.1030909195542335,-0.0875844210386276,0.0759931951761245,0.0497450493276119,0.012936383485794,-0.0381983742117881,-0.0784140080213546,0.0462785735726356,-0.0731968134641647,-0.0791302025318145,0.0598639361560344,2.82281231880188,0.640635073184967,0.6295878291130066,0.6338495016098022,0.5638731122016907,0.4716387093067169,0.4602762460708618,0.4982873797416687,0.5772753953933716,0.4389614760875702,0.4972603023052215,0.4895354211330414,0.5349254012107849,0.0020207679468725,0.0011699787510286,0.0193536709636225,0.0093324918243018,31.60415401397005,1,Laryngitis,568,u_n
-399.3066711425781,170.31979370117188,63.65743255615234,49.83088302612305,-7.415236473083496,-9.43714427947998,-41.03794479370117,0.9491677284240724,10.652992248535156,-19.633413314819336,-15.960107803344728,9.601551055908203,-0.8015715479850769,40.271602630615234,9.38666534423828,13.154149055480955,11.041062355041504,6.368280410766602,6.770996570587158,10.128487586975098,4.204999923706055,6.872649192810059,4.939826488494873,5.593515396118164,4.643842697143555,3.3581559658050537,-1.79229736328125,0.2093301713466644,0.5049517750740051,0.161875233054161,-0.2385207861661911,0.0552580282092094,0.0112139638513326,0.0532266497611999,0.0339023731648922,0.0036075562238693,0.0380007624626159,0.0185237899422645,-0.041192065924406,6.517148971557617,1.6173630952835083,1.43010151386261,1.3119007349014282,0.9889512658119202,1.0671937465667725,1.4338252544403076,0.7471386790275574,1.061118483543396,0.7819191813468933,0.878588080406189,0.8547694087028503,0.4872559905052185,1.505632400512695,-0.1486761569976806,-0.2685598731040954,-0.1562205851078033,0.0451305843889713,0.0540770180523395,0.2394130975008011,-0.0530031621456146,-0.0195033736526966,0.1549168080091476,0.0913244262337684,-0.0522898659110069,0.0336887314915657,4.122361660003662,1.1157174110412598,0.8932996392250061,0.6107895374298096,0.6171084046363831,0.8015366792678833,1.0320875644683838,0.6044200658798218,0.6274720430374146,0.575565755367279,0.4489168226718902,0.3755069673061371,0.3663891553878784,0.0092112156589254,0.0053889267525989,0.0224775004426364,0.0106237427988325,26.938871061194924,1,Laryngitis,715,u_n
-388.8990783691406,191.2391357421875,89.66483306884766,73.94578552246094,17.372835159301758,8.742253303527832,-10.301321983337402,-15.318763732910156,-5.429349422454834,-6.072678565979004,-6.303472518920898,-4.842689037322998,4.376692771911621,25.750762939453125,8.277274131774902,9.821247100830078,9.000484466552734,6.837111949920654,5.3797221183776855,6.758865833282471,5.780529022216797,3.9600982666015625,6.093957424163818,4.180210113525391,5.839489459991455,4.036839485168457,-0.3383285701274872,-0.0520964786410331,0.1233260035514831,-0.0414171852171421,-0.0229693092405796,-0.0172809269279241,-0.03677299618721,-0.0787793695926666,0.0608880594372749,0.0731636956334114,0.0284664258360862,0.1351855099201202,0.0256863553076982,4.81087589263916,0.9633557796478271,1.9855223894119265,1.6656990051269531,0.8309613466262817,0.8008415102958679,1.1192604303359983,0.967639982700348,0.688423752784729,0.8228433132171631,0.6655507683753967,0.7371150255203247,0.6573848724365234,1.279902696609497,-0.081704132258892,-0.487973541021347,-0.4342853128910064,0.0475520677864551,-0.0271723959594964,0.0758559703826904,0.0807476639747619,0.0686025023460388,0.1481842249631881,0.0654563680291175,0.0528145842254161,-0.1056260392069816,3.362590312957764,0.406032532453537,1.291954517364502,1.2799391746520996,0.4830121994018554,0.5754389762878418,0.5495135188102722,0.6002986431121826,0.5357671976089478,0.5754944682121277,0.3853602707386017,0.4941718578338623,0.541270911693573,0.0037369865685449,0.0011098250013801,0.0228014257115203,0.0089373951169556,28.69582285681844,1,Laryngitis,818,u_n
-386.3875122070313,194.0530548095703,57.54339218139648,39.89461898803711,22.849857330322266,2.432089567184448,1.312096118927002,9.469884872436523,15.168524742126465,14.52518081665039,6.870920181274414,-11.081982612609863,-15.582396507263184,28.741857528686523,8.098081588745117,7.458985328674316,5.281691074371338,3.5381102561950684,3.556467771530152,3.820547580718994,4.093413829803467,3.69005274772644,3.9633710384368896,3.649715900421143,3.462886571884156,3.996565580368042,-0.4715934097766876,0.2345806509256363,-0.0201916862279176,-0.0377744510769844,-0.0135056851431727,-0.0780042558908462,0.0269801653921604,0.0544242858886718,0.0279502235352993,-0.0068191727623343,-0.0101628359407186,-0.0500978343188762,-0.0831703767180442,5.447868347167969,1.2535921335220337,1.1272611618041992,0.7233343720436096,0.6098752021789551,0.5651647448539734,0.5081385374069214,0.4227288663387298,0.474553644657135,0.5121920108795166,0.5426955819129944,0.6117720007896423,0.4711312651634216,0.9757848381996156,-0.2973993122577667,-0.1080077514052391,-0.0851444080471992,-0.025631470605731,0.0859798565506935,0.0648383125662803,7.314483082154766e-05,-0.0542018488049507,-0.0557263642549514,-0.0807586386799812,0.0212151780724525,0.0724107921123504,3.319728136062622,1.0793384313583374,0.7415934801101685,0.6116101741790771,0.4082605242729187,0.4704376459121704,0.4261727035045624,0.3275091350078583,0.3649905920028686,0.4972427189350128,0.4242470562458038,0.3682973980903625,0.3691687285900116,0.0022296290700858,0.0008407305515089,0.0100446412541349,0.0046132974059363,34.116921650681725,1,Laryngitis,824,u_n
-366.76666259765625,210.985107421875,75.33865356445312,55.507057189941406,7.477122783660889,-17.421424865722656,-34.43852996826172,-7.3658928871154785,8.511069297790527,-4.779908180236816,-0.9133164882659912,-0.4134840667247772,-1.2448899745941162,24.10102272033692,9.385714530944824,6.67491626739502,6.459251403808594,4.344319343566895,5.9480156898498535,6.493624687194824,3.477895021438598,5.92426347732544,4.326163291931152,3.933230400085449,3.9041647911071777,2.982619524002075,-0.0288892742246389,0.029994286596775,-0.0095712188631296,-0.0405099391937255,-0.0687089934945106,-0.0462796539068222,6.930033578100847e-06,0.1215290278196334,0.1283083856105804,-0.0047421250492334,0.0175364911556243,0.0327102094888687,0.0027144378982484,4.514261245727539,1.5939958095550537,1.182502031326294,1.14814555644989,0.5838794708251953,0.944798707962036,1.3690786361694336,0.6111243367195129,0.761310338973999,0.5847936272621155,0.5082226395606995,0.4700882732868194,0.5002055168151855,1.1953307390213013,-0.3803467154502868,-0.2874402403831482,-0.1559427827596664,0.0601684041321277,0.1956982463598251,0.2851206362247467,0.0195590332150459,-0.1629635244607925,-0.0675621554255485,0.0327526144683361,-0.007236395496875,-0.0348024442791938,3.2373650074005127,1.143502950668335,0.90586656332016,0.5829960703849792,0.443699300289154,0.6239988207817078,0.7893829345703125,0.3521254062652588,0.5830378532409668,0.4503743648529053,0.3883801102638244,0.2663411200046539,0.3623093664646148,0.0078957425963192,0.0046727725723376,0.0209418581768827,0.0110115512622772,24.95805427618828,1,Laryngitis,828,u_n
-318.65771484375,165.06724548339844,56.75519180297852,49.65985870361328,-24.09316635131836,10.312588691711426,-39.94527053833008,-6.3751397132873535,7.657945156097412,-20.30658531188965,4.584747314453125,-7.602760314941406,-6.6604509353637695,21.294727325439453,6.651471614837647,6.952738285064697,3.961045026779175,5.745250701904297,5.465537071228027,6.133799076080322,3.91011381149292,4.142847061157227,4.287533283233643,3.164113044738769,4.538967609405518,3.3244457244873047,-0.8779630064964294,-0.081458069384098,0.2225712388753891,0.0557878129184246,-0.0834061354398727,0.1244389712810516,-0.0277689080685377,-0.0419668778777122,0.1177722290158271,0.0771795883774757,0.0833569318056106,0.0329426303505897,-0.0433366596698761,3.0518927574157715,0.899092435836792,0.5512370467185974,0.674473762512207,0.8780646920204163,0.7523427605628967,1.1542891263961792,0.6637309193611145,0.6716541647911072,0.6557701230049133,0.5541182160377502,0.5336891412734985,0.5177205801010132,0.838509738445282,0.0694177374243736,-0.0898643434047699,-0.1238894090056419,0.2151196897029876,-0.1087346971035003,0.2252530753612518,0.0231164470314979,-0.1009206175804138,0.0882253646850586,-0.0136607019230723,-0.0103956265375018,-0.0098056327551603,2.193722009658813,0.817267119884491,0.5355042219161987,0.4912770688533783,0.7535180449485779,0.5742486715316772,0.7354243993759155,0.450724333524704,0.4049353897571563,0.5435275435447693,0.2777636647224426,0.3761917054653168,0.3979040682315826,0.0056238874840489,0.0034421847425716,0.0235816148791924,0.0112826649990224,26.0903918210728,1,Laryngitis,844,u_n
-368.8051452636719,172.0053253173828,66.5690689086914,42.59462738037109,-22.13527107238769,12.704842567443848,-11.045788764953612,-16.05049705505371,18.217458724975582,-1.2799036502838137,-6.109529972076416,-1.28993821144104,-7.558515071868896,21.507436752319336,4.476212501525879,6.192008972167969,4.147636890411377,6.256016254425049,6.512088775634766,5.619659423828125,4.0996575355529785,3.9678995609283447,3.062561511993408,2.6762266159057617,3.1551601886749268,3.4380850791931152,-0.247780904173851,0.0416325964033603,0.0673698857426643,0.0226505566388368,0.0591183677315712,-0.0944971218705177,-0.1022684723138809,-0.0520230643451213,-0.0376806929707527,-0.0395705550909042,-0.0284629799425601,-0.0040506818331778,-0.0129743590950965,3.1401116847991943,0.7056794762611389,0.7706118226051331,0.6336371898651123,0.8240385055541992,0.636825680732727,0.6577094197273254,0.5898375511169434,0.6234018802642822,0.4525371789932251,0.4287435710430145,0.5658636689186096,0.5895414352416992,0.5384606719017029,-0.1040135622024536,-0.1000662371516227,-0.0452900789678096,0.129418283700943,-0.0288129560649395,0.0401051267981529,0.0416778437793254,-0.0916360840201377,-0.0138692185282707,0.0181638281792402,0.0131553038954734,0.0151385217905044,2.1021711826324463,0.6582658886909485,0.5454943180084229,0.4194419682025909,0.7087144255638123,0.5329307317733765,0.4788255989551544,0.4618064165115356,0.5205785036087036,0.374737799167633,0.350845456123352,0.3908268511295318,0.4611086249351501,0.0063545864672203,0.0040464299379603,0.021578820387059,0.0120321404248891,29.58252720569291,1,Laryngitis,871,u_n
-367.4750671386719,220.5780792236328,70.77393341064453,52.50952911376953,18.11176872253418,-4.862792491912842,9.504691123962402,12.147628784179688,-6.185888290405273,-1.0303184986114502,19.713592529296875,12.887284278869627,1.219583511352539,31.09064292907715,13.001340866088867,8.034367561340332,8.924116134643555,7.304920196533203,5.17685604095459,3.4323766231536865,3.319986820220948,4.921299934387207,4.7530059814453125,4.449551582336426,4.9431328773498535,4.898435115814209,-1.141504406929016,0.2404571920633316,0.1602339595556259,-0.0936852768063545,-0.0450762696564197,-0.0801564380526542,-0.0226041469722986,0.0219682417809963,0.0194949302822351,0.0218147113919258,0.0848306789994239,0.1967294365167617,0.1435906589031219,5.568246841430664,2.573190450668335,1.341956377029419,0.9599597454071044,0.9460687041282654,0.992610514163971,0.5535596609115601,0.6163133382797241,0.6251036524772644,0.675955057144165,0.8611335158348083,0.7641718983650208,0.5902154445648193,1.4760305881500244,-0.6108564138412476,-0.2785080373287201,-0.1984609514474868,-0.01190428994596,0.1737701594829559,-0.0305636078119277,-0.0189990121871233,0.1452291756868362,0.0341152772307395,-0.1695853173732757,-0.0681210532784462,0.0613975785672664,3.6810927391052246,1.5147275924682615,0.7828444242477417,0.8478371500968933,0.4894016981124878,0.5604237914085388,0.509925901889801,0.3250817358493805,0.6098353266716003,0.3612346053123474,0.6695162653923035,0.4758636653423309,0.4113196134567261,0.0060827952161034,0.0022043900520225,0.0365871270439969,0.0154823226137553,24.01294324989123,1,Laryngitis,884,u_n
-308.4503173828125,200.90850830078125,54.92811965942383,55.88218307495117,-4.496786117553711,17.719877243041992,2.6596217155456543,-1.4931533336639404,13.587984085083008,-2.496941089630127,8.233060836791992,-5.603999137878418,-18.82584571838379,12.278436660766602,5.520368099212647,11.212244987487791,5.476364135742188,4.867738723754883,4.692537784576416,5.915750026702881,4.899497985839844,4.576080322265625,4.179810523986816,3.9688878059387207,6.158387660980225,4.084081172943115,-0.3324314951896667,0.1163139417767524,0.3442453742027282,0.1737280488014221,-0.0673337057232856,-0.0301453955471515,-0.1079712361097335,-0.1131948828697204,0.007126108277589,0.0668602064251899,0.0764451026916503,-0.1204496175050735,-0.1188487708568573,1.3705968856811523,0.8810814619064331,0.5402800440788269,0.5493353009223938,0.8339146971702576,0.6624436378479004,1.0495576858520508,0.7350270748138428,0.6109947562217712,0.7600309252738953,0.627878725528717,0.8774087429046631,0.5949018001556396,0.0971870347857475,-0.1335621178150177,0.0722310990095138,-0.0120702367275953,0.0359954684972763,-0.0451012142002582,0.0237547177821397,0.0160661432892084,-0.0339258462190628,-0.0110252490267157,-0.0188654605299234,0.0065281982533633,0.0109854945912957,0.7168186902999878,0.7129789590835571,0.553952157497406,0.46583953499794,0.5729547739028931,0.5447123050689697,0.4972867369651794,0.4799595475196838,0.3605839014053345,0.4925184249877929,0.4904984831809997,0.5887957215309143,0.4089733958244324,0.0180488505318934,0.0109293612561369,0.0873731164150672,0.0519865707245061,17.45272215869207,1,Laryngitis,886,u_n
-361.6022644042969,175.2897491455078,90.92530059814452,35.97381591796875,-19.56040954589844,15.80239486694336,-28.152835845947266,21.979034423828125,-8.960297584533691,13.944405555725098,11.423693656921388,-19.225759506225582,-11.363386154174805,25.54480743408203,8.95469856262207,7.624569892883301,7.628703594207764,5.044227600097656,5.424384117126465,4.654544830322266,5.058200836181641,5.820512771606445,4.729493141174316,5.202084541320801,4.521783828735352,4.413270950317383,0.1304699033498764,0.293277233839035,0.0434181354939937,-0.032974936068058,-0.0265939813107252,-0.1087408661842346,-0.0385080352425575,-0.0568857863545417,0.0835523381829261,0.0623406171798706,-0.0435856506228446,-0.090330109000206,-0.0655863955616951,2.8236188888549805,1.445054531097412,1.3020789623260498,1.199594020843506,0.8954930305480957,0.6727311015129089,0.7646626234054565,0.975049078464508,0.854625940322876,0.7749094367027283,0.7660104036331177,0.909121036529541,0.8217898011207581,0.4098117649555206,-0.0977871417999267,-0.2171624302864074,0.0249258819967508,0.1397341787815094,-0.0053538675419986,0.0257980767637491,-0.1112844869494438,0.0590625964105129,-0.0303667448461055,-0.0345255844295024,0.0462495237588882,0.0408742390573024,1.607915997505188,0.6809381246566772,0.9876867532730104,0.6672182679176331,0.709933876991272,0.4920904636383056,0.4777753055095672,0.7650186419487,0.5786227583885193,0.5113000869750977,0.4749573767185211,0.6421736478805542,0.500148594379425,0.0044340385332082,0.0015451627445706,0.0323283362272776,0.0149912248042853,23.752025315047234,1,Laryngitis,902,u_n
-404.5447998046875,200.59390258789065,93.84423065185548,56.26798248291016,24.55216789245605,6.554504871368408,-7.303343296051025,-5.523270130157471,10.92971897125244,14.36693286895752,-2.3874313831329346,-14.82063102722168,-7.980967998504639,35.87044906616211,15.721805572509766,11.493545532226562,11.560628890991213,4.75078010559082,3.2735462188720703,5.779372692108154,4.267197132110596,3.5785775184631348,6.094818115234375,3.6783313751220703,7.712646007537842,4.616610050201416,-0.8059815764427185,0.0058667371049523,0.0942391827702522,0.0625075176358223,0.0283082071691751,-0.0036765541881322,0.0585335902869701,0.075413554906845,0.0525385811924934,0.0159409493207931,0.0027251434512436,0.0269525852054357,0.0246621202677488,5.2250590324401855,1.5704469680786133,1.88540518283844,0.98874169588089,0.5073607563972473,0.5424187779426575,0.8550589084625244,0.7215135097503662,0.6207159757614136,0.7715892791748047,0.5851664543151855,0.8777799606323242,0.5175434350967407,1.0150712728500366,-0.2133605331182479,-0.3623095154762268,-0.1637688875198364,-0.0350591763854026,0.0747932642698288,0.1060064882040023,0.0634637624025344,-0.0483433604240417,-0.0711094066500663,0.0105024278163909,0.0356305129826068,-0.0094603048637509,3.7597620487213135,1.0011496543884275,1.3287293910980225,0.7240930795669556,0.3827556371688843,0.4120234251022339,0.4939108192920685,0.4400537312030792,0.4156230986118316,0.4138774573802948,0.3999741375446319,0.410118967294693,0.3822976350784302,0.0022342566822667,0.0009028035689875,0.0169009296759466,0.0074019374868763,32.193446130317454,1,Laryngitis,904,u_n
-344.21612548828125,189.2540435791016,26.847900390625,59.68573760986328,6.42157793045044,-11.356569290161133,-30.346725463867188,13.459781646728516,4.617694854736328,2.675331354141236,4.8818864822387695,-15.766561508178713,8.39836311340332,23.10168838500977,8.898234367370605,6.382464408874512,7.751150131225586,5.97986364364624,5.3129730224609375,7.231491565704346,5.896204471588135,4.31940507888794,3.844414234161377,4.081217288970947,5.122306346893311,4.973968505859375,-0.1436982601881027,0.0802128091454505,-0.0077122515067458,0.188191682100296,-0.0020333207212388,-0.1397237777709961,-0.1469769030809402,0.0798287093639373,0.0382487252354621,-0.0294611547142267,0.0499009229242801,0.077378898859024,0.0399955958127975,3.798349142074585,1.7008428573608398,0.9760763049125672,1.1645238399505615,1.101516842842102,1.0647802352905271,1.013412356376648,0.8377780914306641,0.7599571943283081,0.6692342758178711,0.7025135159492493,1.0786657333374023,0.6140089631080627,0.7694757580757141,-0.1473308205604553,-0.0485786758363246,-0.171023890376091,0.038245640695095,0.0704435110092163,0.1380268782377243,-0.0091634122654795,-0.0002357041521463,-0.0215748008340597,-0.0642050802707672,0.0657533183693885,-0.0042829350568354,3.040351629257202,0.9605915546417236,0.549014687538147,0.8507023453712463,0.5817898511886597,0.5854551792144775,0.6679672598838806,0.623783528804779,0.5042505860328674,0.4917539954185486,0.5577986836433411,0.5346013307571411,0.5101905465126038,0.0081591506935301,0.0043654961295119,0.0163923440862562,0.008667181362209,25.12564563552296,1,Laryngitis,910,u_n
-222.9079742431641,186.52273559570312,10.194326400756836,36.17780685424805,-21.030988693237305,-22.10769844055176,-16.571928024291992,-6.6009297370910645,-10.882988929748535,20.03059959411621,-26.64442253112793,-46.67026138305664,-1.7615654468536377,13.340150833129885,8.832351684570312,5.676485538482666,5.824490070343018,7.154366493225098,5.014739036560059,6.657049179077148,4.520321846008301,4.304244518280029,5.617051601409912,4.7581787109375,5.956483840942383,3.5758697986602783,0.1521676331758499,-0.4172536134719848,-0.2059675753116607,-0.1368530094623565,-0.039181999862194,0.0017651009839028,0.1184811443090438,0.1314818114042282,-0.0328540876507759,-0.200481116771698,-0.0259619485586881,-0.0526623725891113,-0.0246934723109006,2.88175892829895,1.114599585533142,0.9350664615631104,1.015825629234314,1.0603017807006836,0.8493228554725647,0.6858959794044495,0.8107485771179199,0.7031635642051697,0.8318060040473938,0.6923665404319763,0.8712194561958313,0.5310112833976746,0.4161027669906616,-0.0595483519136905,0.0267943050712347,-0.1001752912998199,0.1154965683817863,0.0826378539204597,0.0172139126807451,0.0284569635987281,0.076946847140789,-0.0986161082983017,0.0918900221586227,0.1448860466480255,-0.0808836594223976,1.675137639045715,0.8883823752403259,0.7184527516365051,0.7394140362739563,0.6196525692939758,0.6298500895500183,0.5615919232368469,0.6293801665306091,0.4785218834877014,0.5246657729148865,0.5544577240943909,0.645463228225708,0.473774254322052,0.0196293066223852,0.0101785998039634,0.1240094538142174,0.0691228037144507,13.671853946366388,1,Laryngitis,918,u_n
-340.69500732421875,189.0714263916016,63.446231842041016,47.53705978393555,9.20258617401123,-6.848257541656494,-12.806384086608888,-11.41493797302246,-1.3222408294677734,-2.3595285415649414,-9.877937316894531,2.2075741291046143,-0.2974506020545959,22.80327415466309,6.464424133300781,7.6643877029418945,7.086431503295898,6.019675254821777,5.9122467041015625,9.549971580505373,6.17966890335083,6.347749710083008,3.690773248672485,3.243714094161988,3.5162808895111084,4.81388521194458,-0.6554675698280334,0.2119517177343368,-0.002138374838978,-0.082900620996952,0.0574159435927867,0.0175751857459545,0.0968574881553649,-0.0457737371325492,-0.0353384502232074,0.029539356008172,-0.0166347045451402,0.0665870457887649,0.1138404831290245,2.9007134437561035,1.0743523836135864,0.854360818862915,0.6958949565887451,0.6793380975723267,0.6387841105461121,0.7952364683151245,0.702526867389679,0.6836116909980774,0.5201404690742493,0.6008279919624329,0.5396155118942261,0.4635499119758606,0.6281322836875916,0.0890308693051338,-0.0983288884162902,-0.1021376848220825,0.0260196104645729,0.0608248710632324,0.1257706880569458,0.0620508156716823,0.0054109646007418,0.0306475218385458,0.0420928448438644,-0.005454926751554,0.0069776363670825,2.2061190605163574,0.7692769169807434,0.5013539791107178,0.5163838267326355,0.3527985513210296,0.417157232761383,0.5389280915260315,0.5516290068626404,0.49913290143013,0.2828094661235809,0.3101834058761596,0.3088494837284088,0.3264349699020386,0.0033373519747044,0.0020248004444272,0.0146424848899296,0.0086164509531982,30.736396925125955,1,Laryngitis,919,u_n
-380.1294555664063,194.10479736328125,76.8410873413086,71.58661651611328,14.279857635498049,-9.68112850189209,-14.46897029876709,-7.1215410232543945,-6.205213069915772,-20.043113708496094,3.0737791061401367,5.570387363433838,-7.333239078521728,20.39752769470215,7.554037570953369,8.159329414367676,7.162871360778809,4.298808097839356,4.458834648132324,5.925813674926758,4.420706748962402,4.2131218910217285,5.149542331695557,3.997274160385132,4.572924137115479,4.054721832275391,0.5556378960609436,-0.3490715026855469,-0.0220367759466171,-0.0961683988571167,-0.0578854605555534,0.0631586909294128,-0.0403631664812564,-0.001695864717476,0.0624410100281238,0.012756435200572,-0.1004790663719177,-0.045490738004446,0.0174423437565565,3.89582109451294,0.8371049165725708,1.426225662231445,1.4794728755950928,0.6821909546852112,0.7915828227996826,0.8199858069419861,0.6549123525619507,0.6638673543930054,0.9390534162521362,0.6538956761360168,0.8536757230758667,0.6861468553543091,0.7535552978515625,-0.0004738350398838,-0.255012035369873,-0.3215482234954834,-0.0078777344897389,0.1072821244597435,0.0943492799997329,0.0407922305166721,0.0075679407455027,0.0933231934905052,-0.0457182116806507,-0.0943458527326583,-0.0123680047690868,2.5915563106536865,0.8707302212715149,0.8771926164627075,0.9683960676193236,0.5582008957862854,0.532249391078949,0.4601013362407684,0.438123881816864,0.4891886115074157,0.4725882411003113,0.3737054765224457,0.6276078820228577,0.3706307709217071,0.0017547228902334,0.0007424016168813,0.0118203476210185,0.0054367440267963,34.02493729014921,1,Laryngitis,930,u_n
-393.8492126464844,192.4932556152344,28.79870986938477,35.44919967651367,17.69015121459961,-20.28680419921875,-33.6223258972168,5.065482139587402,2.846672773361206,-8.09913444519043,5.04617166519165,4.989826202392578,-0.0322616472840309,16.707515716552734,8.4967041015625,9.706225395202637,4.6639485359191895,6.9347429275512695,4.685656547546387,4.896968364715576,3.287519216537476,4.906500816345215,2.9930644035339355,3.4529826641082764,3.0490875244140625,3.4050142765045166,-0.4521060883998871,-0.047195877879858,0.0913975089788436,6.313726771622896e-05,-0.0167489815503358,0.022768659517169,-0.0555783845484256,-0.0488281436264514,0.0743051618337631,0.001862813020125,0.0015536454739049,0.0257983952760696,0.0552741773426532,1.7744035720825195,0.9782217144966124,1.2936090230941772,0.737451434135437,0.701662540435791,0.6704384088516235,0.8428202271461487,0.6515522003173828,0.633985698223114,0.4873040914535522,0.5817302465438843,0.4813135266304016,0.5284388661384583,0.2179290205240249,-0.0257484298199415,0.0888303741812706,0.109954722225666,-0.0023320845793932,0.0034952131099998,0.0704652145504951,-0.0558844618499279,-0.0526383854448795,-0.0036005116999149,0.0160081386566162,-0.0028042122721672,-0.0322764292359352,1.1500215530395508,0.5692659616470337,0.5632655024528503,0.5844997763633728,0.3427698910236358,0.4126256704330444,0.4462639093399048,0.4589162766933441,0.5244775414466858,0.3843242526054382,0.3630960285663605,0.3078636527061462,0.3745095431804657,0.0031260309381825,0.0016925067611356,0.0217168005866309,0.0098050245995273,27.786691881969983,1,Laryngitis,931,u_n
-354.2205505371094,195.2712860107422,58.1612548828125,39.94505310058594,9.422383308410645,11.390692710876465,-0.7932717800140381,18.27742958068848,4.546197891235352,-8.266654014587402,24.164514541625977,4.247751712799072,-3.974165439605713,29.34947395324707,10.146510124206545,7.489603519439697,5.231882095336914,3.5929791927337646,6.849194526672363,5.448862075805664,5.528199195861816,3.517733573913574,4.185029983520508,6.206802845001221,5.458834648132324,4.115001678466797,-0.2814541459083557,0.0429065227508544,0.0970199182629585,0.0437393859028816,0.0288760904222726,-0.0854032263159751,-0.1263885051012039,-0.0816216543316841,0.0221286304295063,-3.9082766306819394e-05,0.0344577841460704,0.1091970056295394,0.0191486682742834,5.131984710693359,1.918912529945373,1.0379797220230105,0.8956413865089417,0.5675526261329651,0.7804429531097412,0.6782633662223816,0.6750038266181946,0.6025341749191284,0.8068767189979553,0.970181405544281,0.6180897951126099,0.5509427189826965,1.146188259124756,-0.3959760069847107,-0.2069500833749771,-0.0995080769062042,0.0568716749548912,0.0125520350411534,0.0320589877665042,-0.0879019126296043,-0.0044593014754354,0.0867441669106483,-0.1297463774681091,0.003615045454353,0.0236078184098005,3.5641207695007324,1.2861967086791992,0.8286244869232178,0.6346681714057922,0.5474916100502014,0.6034925580024719,0.6139180660247803,0.5521011352539062,0.4967557787895202,0.5457099676132202,0.5902201533317566,0.5371601581573486,0.529151439666748,0.0046896149470538,0.0026431800176033,0.0233967772292265,0.0130837480223773,25.628477810515385,1,Laryngitis,935,u_n
-360.7776794433594,183.8214569091797,68.74681854248047,34.49835968017578,6.360825538635254,-5.365743160247803,-18.109848022460938,-11.66537380218506,4.066025733947754,0.9420175552368164,-18.69430160522461,-7.173516750335693,12.985980987548828,31.648237228393555,6.716371536254883,10.13027286529541,5.421122074127197,4.244250297546387,5.051968097686768,9.441051483154297,3.403486490249634,5.878726482391357,5.153794288635254,3.4746310710906982,3.3205926418304443,4.629380702972412,-0.4998878538608551,-0.0548007488250732,0.0314393900334835,-0.0659979432821273,0.0140798706561326,0.0441027209162712,0.0784913375973701,0.028923150151968,-0.0659989118576049,-0.0397988073527812,-0.0023578389082103,-0.0262485537678003,-0.0014907580334693,4.37446928024292,0.8948050141334534,1.1250399351119995,0.6914405822753906,0.799752950668335,0.5074998736381531,0.7424913048744202,0.5378786325454712,0.492274671792984,0.6443663835525513,0.6074579358100891,0.469929426908493,0.5793797969818115,0.7952480316162109,-0.1641729027032852,-0.1410773545503616,-0.0454033762216568,0.0203951112926006,0.0397799536585807,0.0716720595955848,0.0262817479670047,-0.0786690339446067,-0.0461178943514823,0.0403934754431247,0.0104557331651449,-0.0701391324400901,2.8146512508392334,0.7383115887641907,0.666375994682312,0.5969351530075073,0.5236002802848816,0.5179449319839478,0.6477163434028625,0.4212745726108551,0.4235262274742126,0.4352699816226959,0.4200054109096527,0.3129195272922516,0.5042407512664795,0.0032599695364517,0.0018558110886032,0.0372688326845388,0.0196828022400519,27.54511030544392,1,Rekurrensparese,1040,u_n
-378.6990356445313,180.899658203125,63.6683235168457,62.03997421264648,2.447717428207397,-2.205606698989868,-4.811667442321777,-42.8013801574707,-6.806919097900391,16.670528411865234,-5.1805267333984375,-14.977731704711914,-25.315732955932617,13.692373275756836,5.995621681213379,7.863487243652344,5.2894392013549805,4.2110676765441895,4.141486167907715,3.877043008804321,9.976360321044922,5.188013076782227,5.996776580810547,5.111083507537842,2.960496664047241,3.337172746658325,-0.1309138834476471,-0.1294825971126556,-0.0467992089688777,0.0546178966760635,0.0040192729793488,0.0567689649760723,0.0322141386568546,-0.1499766111373901,-0.060144267976284,0.044654756784439,0.0065019610337913,-0.0168071091175079,-0.019093994051218,2.1231582164764404,0.6791428327560425,0.8288831114768982,0.7985543012619019,0.6033593416213989,0.4934736788272857,0.5281933546066284,0.6996897459030151,0.5833393335342407,0.5439316034317017,0.5254000425338745,0.5025700330734253,0.5963822603225708,0.2897742092609405,-0.0177091881632804,-0.0752883106470108,-0.026324613019824,0.0837977603077888,0.028797535225749,0.0183753725141286,0.0943811014294624,-0.0056763901375234,-0.0504503101110458,-0.0206767786294221,0.0080193011090159,0.0615299753844738,1.2038075923919678,0.413714200258255,0.477180153131485,0.4182475805282593,0.5516507029533386,0.3579045534133911,0.3727300465106964,0.500647783279419,0.3966229557991028,0.3914853632450104,0.3146781921386719,0.3117986917495727,0.4702045917510986,0.0022405937168084,0.0009382094001123,0.0094910685976217,0.0047315146618191,35.21053927425941,1,Rekurrensparese,1049,u_n
-348.3233947753906,138.50747680664062,57.96500778198242,58.05413436889648,-11.78965663909912,12.905896186828612,-23.011127471923828,-42.97974395751953,-16.550640106201172,6.387607097625732,-7.709665775299072,-18.315412521362305,-2.8464503288269043,46.48486328125,11.361968040466309,14.53934097290039,7.943722248077393,10.495361328125,9.47067928314209,6.677698612213135,7.590093612670898,3.768152236938477,8.023904800415039,8.029717445373535,5.561512470245361,7.063830375671387,-1.0155417919158936,-0.4057014584541321,0.1011481061577797,0.0507395789027214,0.2837745249271393,0.0802711844444274,0.0805577263236045,0.0674280002713203,0.0078286519274115,-0.0998387187719345,-0.2012288272380828,0.0163837578147649,0.0734427347779274,5.127100944519043,1.6127841472625732,1.5429178476333618,1.2765874862670898,0.8738190531730652,1.1773492097854614,0.7116793990135193,1.3543835878372192,0.7076011300086975,0.7967463731765747,0.8123466372489929,1.2181278467178345,0.697733998298645,1.234727382659912,0.2150922417640686,-0.2513842284679413,-0.3528125286102295,0.0864574089646339,-0.0433667749166488,0.044838685542345,0.1926613450050354,0.06338482350111,-0.0126483514904975,0.0963282361626625,0.1316036283969879,-0.036648005247116,3.5775363445281982,0.8261115550994873,1.1803289651870728,1.1404973268508911,0.5117937922477722,0.5505898594856262,0.3869499266147613,0.6885464787483215,0.3364825844764709,0.476336658000946,0.5130452513694763,0.7144865989685059,0.440950870513916,0.001850328203719,0.0007300071367785,0.0118256544381368,0.0037772815985414,32.96790358481935,1,Rekurrensparese,105,u_n
-342.15509033203125,163.86224365234375,76.53887939453125,39.40492630004883,-2.4038784503936768,-11.26572322845459,-11.473875999450684,-0.3522000908851623,-12.928543090820312,-8.181792259216309,0.9753583669662476,-5.076042175292969,-2.1292357444763184,17.257192611694336,6.116692066192627,6.250367641448975,5.1097331047058105,5.158738613128662,4.785099506378174,3.2947137355804443,5.400219440460205,4.601321220397949,3.6487913131713854,4.421839237213135,3.60805082321167,3.806959629058838,-0.6187595725059509,-0.1625358015298843,0.1692903190851211,0.0278458297252655,-0.0036124449688941,0.0032771863043308,0.0608379580080509,-0.0738499015569686,0.0549767240881919,0.0722432434558868,-0.1071992442011833,0.0602065697312355,-0.0814970061182975,2.5687382221221924,0.883385181427002,0.9771999716758728,0.7861190438270569,0.8548029065132141,0.812985897064209,0.5596382021903992,0.6410024166107178,0.6209023594856262,0.5083354711532593,0.541039228439331,0.4703705608844757,0.4615463614463806,0.8043498396873474,0.2069817632436752,-0.2621877193450928,0.0520915687084198,0.220737800002098,0.1317525058984756,0.0325813218951225,-0.1092009618878364,0.0015949393855407,-0.0066505302675068,-0.0925876051187515,-0.0340780653059482,-0.0604963861405849,1.8927849531173704,0.6504713892936707,0.7981572151184082,0.5634332299232483,0.6672742366790771,0.4626089632511139,0.3608266413211822,0.5573775768280029,0.4198351502418518,0.5021175742149353,0.5304406881332397,0.4417129456996918,0.3811692595481872,0.0090420160459271,0.0056769207743455,0.0469344287603353,0.0227520867139585,22.53759152326295,1,Rekurrensparese,1054,u_n
-275.5390625,154.01187133789062,41.69769287109375,64.30030059814453,-9.205188751220703,-10.967628479003906,-7.801417827606201,2.586946487426758,2.8617584705352783,-10.019341468811035,9.475951194763184,-10.270146369934082,-26.17157554626465,25.26227378845215,3.3997585773468018,8.140902519226074,9.422545433044434,6.704216003417969,6.525040149688721,6.046871662139893,4.986085891723633,3.589406013488769,5.503594875335693,4.62194299697876,4.069128513336182,4.080199718475342,-0.0798410028219223,-0.0689252093434333,-0.0169681943953037,0.0939888656139373,0.0090804547071456,-0.0190302170813083,-0.1174313127994537,-0.0361401848495006,-0.0521154589951038,-0.1142448186874389,-0.1182234212756156,-0.1398778706789016,-0.1131389141082763,4.690569877624512,0.6120668649673462,1.1643122434616089,2.012751817703247,1.100250005722046,1.3194984197616575,0.8148208856582642,0.7819957733154297,0.5455396771430969,0.8023729920387268,0.8303120136260986,0.6767362356185913,0.8091641068458557,1.5942063331604004,-0.0446594208478927,-0.347730427980423,-0.4821924567222595,0.2692198753356933,0.2701870501041412,0.1402048915624618,0.0215065535157918,-0.0160088259726762,-0.0211409423500299,-0.1785097122192382,0.0852652788162231,0.1216215267777443,3.832840204238892,0.4044105112552643,1.027375340461731,1.102582573890686,0.7837717533111572,0.7218188643455505,0.5871300101280212,0.4517185688018799,0.4041242003440857,0.4251819252967834,0.4987798035144806,0.4391136467456817,0.4412824511528015,0.002912907575809,0.001554372246639,0.0139908639149151,0.0061477852013495,32.07242352347756,1,Rekurrensparese,108,u_n
-368.201416015625,196.51222229003903,64.06928253173828,36.08822250366211,15.29955005645752,-6.81348991394043,-19.963397979736328,-16.37460708618164,5.216739177703857,9.749394416809082,1.650739073753357,3.6675169467926025,-0.8003721237182617,29.93638038635254,9.163153648376465,8.475808143615723,3.4761760234832764,5.289364337921143,3.975785970687866,5.372035503387451,5.380331993103027,4.448184967041016,4.625129699707031,4.9815778732299805,5.452732086181641,4.628847599029541,-1.0514352321624756,0.2377999126911163,0.1651616245508194,0.0636705979704856,0.0979667007923126,-0.0350081250071525,-0.1957150399684906,-0.1984135955572128,-0.0240423586219549,0.0066263382323086,0.0003380629350431,0.0339593850076198,-0.0229291468858718,5.340950965881348,1.3022241592407229,1.110768437385559,0.6287685632705688,0.8789992332458496,0.6884116530418396,0.854155957698822,0.812737226486206,0.9136903285980223,0.687197208404541,0.8954548835754395,0.906894028186798,0.6114306449890137,0.963628113269806,-0.2317286133766174,-0.1100542694330215,-0.0589265599846839,-0.0479500591754913,0.0182498842477798,0.067089594900608,0.0490778535604476,-0.1042164117097854,-0.1020659506320953,-0.0697235316038131,-0.0600497424602508,-0.0212995652109384,2.9810867309570312,1.082370638847351,0.613339900970459,0.4106132090091705,0.4231452643871307,0.3955692052841186,0.536597728729248,0.5223450660705566,0.5781928300857544,0.4281446635723114,0.519964873790741,0.4241736531257629,0.3508592247962951,0.0033257397900883,0.0012963006534498,0.013536324867285,0.005647003664068,31.52954155688571,1,Rekurrensparese,1120,u_n
-254.82711791992188,189.79800415039065,41.31867218017578,18.13460159301757,-34.03751373291016,24.41133117675781,-14.878332138061523,6.533980846405029,33.048423767089844,-2.498344898223877,18.65651130676269,8.857179641723633,-7.129063129425049,14.063282012939451,9.702752113342283,9.710609436035156,5.120080947875977,5.095516681671143,6.132976531982422,5.309722423553467,4.5438232421875,4.779791831970215,4.785383701324463,3.259574174880981,4.727571964263916,4.283829689025879,-0.1771750599145889,-0.1750460714101791,-0.1673437654972076,-0.0303045958280563,0.089920163154602,-0.0855369046330452,0.1349505484104156,-0.1345467418432235,-0.0311100129038095,0.1333155632019043,0.0144191421568393,0.1002757102251052,-0.0869456082582473,1.7902382612228394,1.7689658403396606,1.3455318212509155,0.8151586651802063,0.7867288589477539,0.7867565155029297,0.7961850762367249,0.7578591108322144,0.7328335046768188,0.7592771649360657,0.6014481782913208,0.9064300656318665,0.7068725228309631,0.4216338396072387,-0.095550999045372,-0.098049595952034,0.0926341414451599,0.2305700927972793,-0.0573339164257049,0.1057434305548667,-0.0610819645226001,-0.1385883390903473,0.0559866987168788,0.0306749027222394,0.0137198427692055,0.0400685966014862,1.6155651807785034,0.8431403636932373,0.7287300229072571,0.4778014123439789,0.685181200504303,0.5839290618896484,0.666205883026123,0.6350234746932983,0.6119831204414368,0.6042236685752869,0.4670721590518951,0.5869694948196411,0.4848228096961975,0.0237432171896453,0.0140935783192026,0.2205722997216737,0.1123585570450572,6.840061532241609,1,Rekurrensparese,1166,u_n
-330.5411682128906,168.0298309326172,66.91165924072266,51.32683181762695,-27.15343475341797,-16.6938419342041,-18.2349853515625,-1.5647324323654177,8.38308334350586,-2.7307260036468506,-9.411626815795898,-4.121153354644775,-12.919917106628418,21.67620277404785,6.584155082702637,7.532959938049316,4.990652084350586,7.399905681610107,5.844640731811523,4.849203586578369,4.6076178550720215,3.1826541423797607,3.4107794761657715,3.6884360313415527,3.504206418991089,3.044254302978516,-0.153129756450653,0.0266800764948129,0.0340635068714618,-0.0215972419828176,-0.0156121961772441,-0.0189612563699483,-0.0154087161645293,0.0001957917847903,0.0021609282121062,0.0285295061767101,0.0007084259414114,0.025347389280796,0.0100499000400304,3.570687294006348,0.7302847504615784,1.0262980461120603,0.90411639213562,1.0750945806503296,0.7115543484687805,0.7260203957557678,0.5625220537185669,0.5047293901443481,0.436562180519104,0.4509985148906708,0.5058646202087402,0.3670587241649627,0.6155884861946106,-0.0754570811986923,-0.1454843133687973,-0.1127233281731605,0.1408228427171707,0.0945322513580322,0.0980868935585022,0.0234149973839521,-0.013710212893784,-0.0003648461424745,0.0213720072060823,0.0146370353177189,0.0249075349420309,2.607820510864258,0.724311888217926,0.7300528883934021,0.5595442056655884,0.7094250917434692,0.6955749988555908,0.6697524785995483,0.3545317649841308,0.3469590544700622,0.3275523781776428,0.3405175507068634,0.3942940533161163,0.3220135271549225,0.0088172749546671,0.0055590676692451,0.0198107549776857,0.0113208810295687,28.737962339656363,1,Rekurrensparese,120,u_n
-307.36358642578125,159.69361877441406,96.52721405029295,85.2394790649414,-26.57114601135254,-8.733902931213379,-15.585501670837402,-28.398048400878903,-18.67133903503418,-14.723485946655272,-18.386489868164062,-19.30980491638184,5.899988174438477,35.759151458740234,13.965819358825684,13.908170700073242,14.276453018188477,8.36159610748291,8.110572814941406,7.500541687011719,5.853205680847168,4.376023769378662,5.787026405334473,4.192132472991943,6.566460132598877,5.45651388168335,-1.2491685152053833,0.1087247058749198,0.1213045939803123,0.0751808434724807,0.0941627621650695,-0.042505744844675,-0.1531287580728531,-0.1237871870398521,-0.0720982626080513,-0.1828983575105667,-0.0022074813023209,0.0197826214134693,0.0184853877872228,5.824023246765137,1.6723363399505615,2.776124954223633,2.658393859863281,1.3255287408828735,0.9996802806854248,0.9713018536567688,0.5786634683609009,0.9042338132858276,0.7342407703399658,0.5832955241203308,0.8594008088111877,1.11664617061615,1.2385592460632324,-0.118067666888237,-0.4560482203960418,-0.4289095997810364,0.2813467979431152,0.1985688656568527,0.1393260359764099,0.0754704177379608,-0.0455082766711711,0.0296589396893978,0.0929301753640174,0.0276728048920631,-0.10198425501585,4.167820930480957,1.094327449798584,1.3227665424346924,1.5068705081939695,0.9871509671211244,0.7482438683509827,0.6105034351348877,0.4737035632133484,0.5856282114982605,0.5733629465103149,0.5201571583747864,0.4992359578609466,0.5728561878204346,0.0111494959383179,0.0060286066473565,0.1113895730197219,0.0443216624790482,13.62185249868936,1,Rekurrensparese,1206,u_n
-353.5302734375,162.00511169433594,58.87244415283203,51.29021072387695,-2.069408655166626,9.482487678527832,-21.148805618286133,-23.49103546142578,10.73671531677246,-14.143511772155762,-12.153776168823242,4.07345724105835,-0.1404085457324981,31.3282413482666,8.147933959960938,13.084586143493652,6.033448696136475,5.795401573181152,5.943680763244629,4.312136650085449,5.245991230010986,4.713071346282959,4.343690395355225,4.022335052490234,3.628606081008911,6.304685115814209,-0.6503378748893738,0.008402450941503,0.175838828086853,0.0931056514382362,0.0137642482295632,-0.0914951711893081,-0.1041969433426857,-0.0669588670134544,0.0040295175276696,-0.0175941120833158,-0.028901046141982,0.0248660258948802,-0.0005142750451341,2.7453505992889404,1.0543663501739502,0.7550929188728333,1.0632929801940918,1.0155929327011108,0.6719008088111877,0.8035129904747009,0.8430303335189819,0.6246263980865479,0.6297664642333984,0.6033172607421875,0.6074928045272827,0.6317275166511536,0.4350070059299469,-0.0332667455077171,-0.0278144273906946,-0.0520644076168537,0.0489749796688556,-0.0174079835414886,0.0406246408820152,0.033820740878582,-0.0727640837430954,0.017486872151494,-0.0034327870234847,-0.0627697557210922,-0.0250050015747547,1.977317214012146,0.6372954249382019,0.5008659958839417,0.6337496042251587,0.6419390439987183,0.5321068167686462,0.475679874420166,0.5197581052780151,0.5706830620765686,0.4463667571544647,0.3841058015823364,0.444200336933136,0.4484838545322418,0.0023271234347912,0.0010109648057826,0.0224534941040393,0.0127227587333278,29.730280994055946,1,Rekurrensparese,1223,u_n
-318.06561279296875,187.1662750244141,48.03755569458008,22.731443405151367,-15.185941696166992,9.609444618225098,7.439751625061035,1.8440492153167725,16.97705841064453,7.65831184387207,4.994107246398926,-3.0423974990844727,-6.686351776123047,20.91180992126465,6.729679107666016,5.60579252243042,3.404612302780152,4.78986120223999,3.363947629928589,2.9454870223999023,3.7489707469940186,4.222456932067871,3.009660720825196,2.8548126220703125,3.79298734664917,3.839477300643921,0.2034001648426056,0.0697488263249397,0.0612606666982173,-0.0034189673606306,-0.0545445866882801,0.0076894653029739,-0.0800973549485206,-0.1529361605644226,0.0022739993873983,-0.0213287509977817,-0.0817070454359054,-0.0227717794477939,-0.0074714920483529,2.845426559448242,1.0799813270568848,0.8151245713233948,0.665702760219574,0.9119638800621032,0.6319611668586731,0.5815151333808899,0.3945825695991516,0.5767322182655334,0.4831722676753998,0.5125861167907715,0.6007092595100403,0.6497039794921875,0.6986359357833862,-0.3112143278121948,-0.1571811884641647,-0.0233425479382276,0.1557786166667938,0.0027211301494389,-0.0668498575687408,-0.0184440352022647,-0.0920586138963699,-0.0258287489414215,-0.0487895123660564,-0.0156922973692417,-0.0547645352780818,1.9581395387649536,0.9473227858543396,0.6463781595230103,0.4982988238334656,0.566145658493042,0.4175292253494262,0.3843788206577301,0.3797047436237335,0.4443934857845306,0.4102067947387695,0.3832944929599762,0.5144116282463074,0.5578490495681763,0.0062926850041485,0.0035344965284263,0.1256233047064793,0.0668751177511422,14.716459311110375,1,Rekurrensparese,1249,u_n
-358.1097106933594,164.35348510742188,57.10096740722656,50.80825424194336,-30.18188095092773,0.2575088441371918,-11.79977321624756,-7.875190734863281,-4.550467014312744,-3.8048369884490967,4.800382614135742,-18.08774948120117,-2.9342598915100098,25.7180233001709,4.485281467437744,12.222570419311523,5.194354057312012,7.153103351593018,3.92007040977478,3.436781167984009,3.7627127170562735,4.768564701080322,3.564267635345459,4.153900623321533,3.499936580657959,3.4585092067718506,-0.4900679886341095,0.0091459713876247,0.1331949532032013,-0.0367574580013752,0.0677982345223426,-0.0061242366209626,-0.0507396310567855,-0.0038337807636708,-0.0432850271463394,0.0226098112761974,-0.0250519290566444,-0.0262981448322534,0.0322624221444129,1.3008161783218384,0.6164902448654175,0.7471846342086792,0.6318753957748413,0.9472633600234984,0.7431779503822327,0.5106391310691833,0.5985034108161926,0.632673978805542,0.5251297950744629,0.5890799760818481,0.5834681391716003,0.5504781007766724,0.1377986520528793,0.0486264489591121,0.0374229475855827,-0.002945483662188,0.1265551298856735,0.0104984575882554,0.0084602637216448,0.0379355885088443,0.0041647739708423,-0.0138594936579465,-0.0520904883742332,-0.0246231295168399,-0.0162983145564794,0.8015116453170776,0.4234344661235809,0.5178451538085938,0.5714247226715088,0.6936612725257874,0.4880843758583069,0.4035430550575256,0.4693690538406372,0.4869295656681061,0.419819712638855,0.4870478212833404,0.4497486054897308,0.4492124021053314,0.0059737950109982,0.0036622570039111,0.0229635663715466,0.0125577061611412,27.049496144655468,1,Rekurrensparese,1256,u_n
-254.38706970214844,181.91261291503903,17.118894577026367,41.42160415649414,-28.43813705444336,2.0322747230529785,7.2071356773376465,2.429183959960937,5.285079956054688,11.552640914916992,12.2722806930542,-14.515623092651367,-1.39262592792511,15.8995943069458,5.859302043914795,8.280648231506348,6.073197364807129,6.426631927490234,5.042116165161133,3.385425567626953,4.481727600097656,3.725589513778688,3.641282558441162,3.760885715484619,4.156968116760254,3.628075361251831,-0.5188502073287964,0.2167279571294784,-0.0596279799938201,0.1055989935994148,-0.1461499035358429,0.0772999823093414,0.0414922311902046,-0.0180804133415222,-0.0413000136613845,-0.0068763447925448,0.0576256029307842,-0.0215132981538772,0.067521333694458,2.988189697265625,0.9670783281326294,1.0853674411773682,1.173021912574768,1.154915690422058,0.6521218419075012,0.3848600387573242,0.6657522320747375,0.5730109214782715,0.5569591522216797,0.6417778134346008,0.6452898383140564,0.589083194732666,0.659883439540863,-0.1908009946346283,0.0242071598768234,-0.1086259186267852,0.3569530248641968,0.0731944367289543,-0.0224316194653511,0.0082138376310467,-0.049821563065052,-0.0434190072119236,-0.058675467967987,0.122863657772541,-0.0700287073850631,2.3364508152008057,0.8037495613098145,0.6360267400741577,0.6159881949424744,1.0429280996322632,0.5409367084503174,0.3471808731555938,0.4831023216247558,0.5094192028045654,0.5896758437156677,0.385557621717453,0.6681440472602844,0.5194810628890991,0.0206332329703821,0.0128277348640083,0.1190620219897078,0.0615577217142883,14.850601123010328,1,Rekurrensparese,1262,u_n
-291.38134765625,163.87518310546875,73.55223846435547,81.29042053222656,-14.749229431152344,0.6569620966911316,-19.002647399902344,-5.570601463317871,6.279996395111084,5.253027439117432,2.392805337905884,-12.15649127960205,-1.0194497108459473,26.977060317993164,12.694442749023438,7.94927978515625,12.167068481445312,5.772493362426758,4.358212471008301,4.534643173217773,4.083541870117188,4.16778564453125,5.275886058807373,4.209976673126221,3.725499868392944,4.486202716827393,-0.392920970916748,-0.3326656222343445,0.1027828902006149,0.1927978694438934,0.0688835382461547,-0.0163098163902759,-0.0603239983320236,-0.0673183351755142,-0.0368381068110466,-0.0441930629312992,0.0242208857089281,0.0137597098946571,0.0717323049902916,3.157434701919556,1.1002079248428345,1.309281587600708,1.6427003145217896,0.928502321243286,0.7684203386306763,0.8585473299026489,0.6429911255836487,0.7061268091201782,0.5868381857872009,0.5499662756919861,0.647081196308136,0.7753400206565857,0.7965309619903564,-0.0930836126208305,-0.2358323633670807,-0.2465804815292358,0.1798406690359115,0.0618656985461711,0.1667186766862869,0.0008653654949739,-0.1208817064762115,-0.0101426914334297,0.0098336311057209,0.0736086890101432,-0.0418325923383235,2.548109531402588,0.6272651553153992,1.014203667640686,0.8238036632537842,0.6468473672866821,0.5768648386001587,0.5602270364761353,0.3685751855373382,0.6065309047698975,0.4212612807750702,0.3450391292572021,0.5232644081115723,0.4500477612018585,0.0427585034375896,0.0237657983033554,0.2543498555957635,0.1269768038930932,10.41851654206472,1,Rekurrensparese,1263,u_n
-350.8461608886719,195.338607788086,66.34014129638672,46.4976692199707,-2.232577323913574,-3.5136525630950928,-8.074764251708984,-4.515354156494141,0.9016766548156738,-10.33967399597168,5.793379306793213,0.5868632793426514,-1.6600583791732788,42.27488327026367,13.069753646850586,9.4022855758667,5.8282084465026855,6.059143543243408,4.864806652069092,4.33527946472168,3.0943610668182373,3.80220103263855,4.661773204803467,4.840632915496826,4.200043201446533,3.862116575241089,-0.744558572769165,-0.0252671688795089,0.1339260786771774,0.064968429505825,0.0650640055537223,-0.07991474121809,-0.1170639246702194,-0.0209102053195238,0.015050945803523,-0.0262015722692012,0.0412818491458892,0.0836120992898941,0.0367677994072437,7.429860115051269,2.354288101196289,1.7189207077026367,0.9940898418426514,0.8892983198165894,0.8274669051170349,0.6975478529930115,0.5864613056182861,0.5990296602249146,0.7491831183433533,0.6626320481300354,0.4010621905326843,0.5738980174064636,1.9062076807022093,-0.5200270414352417,-0.3374771475791931,-0.1904341131448745,0.13530033826828,0.1300612390041351,0.1405409276485443,0.0979723185300827,-0.0294726360589265,0.0380901396274566,-0.07362762093544,-0.010160032659769,-0.0458346381783485,4.8698506355285645,1.4586442708969116,0.972675085067749,0.6415013670921326,0.631432294845581,0.5770993828773499,0.5442333221435547,0.370855301618576,0.4909014105796814,0.5114580988883972,0.4312133491039276,0.3565391600131988,0.4523823261260986,0.0032007616173292,0.0015457445448835,0.0225325505042925,0.010235406804233,27.11982571906206,1,Rekurrensparese,1270,u_n
-364.3081665039063,191.5890655517578,85.99304962158203,64.37235260009766,-0.326076477766037,1.6268600225448608,-1.953919768333435,-20.842039108276367,-1.8989465236663816,8.314374923706055,-4.436054229736328,1.890224575996399,0.615409791469574,22.213956832885746,9.34074592590332,8.263224601745605,4.702779769897461,4.961935520172119,3.613900423049927,3.5896191596984863,4.0730390548706055,3.108854293823242,3.69352912902832,3.596432447433472,2.7902379035949707,3.489105224609375,-0.3273502290248871,-0.07747283577919,0.0749511122703552,0.044103916734457,0.0156046682968735,-0.0107387769967317,0.0006265552947297,0.0237211156636476,0.0048911259509623,0.0101475492119789,0.0331993661820888,0.0180497597903013,-0.0267911665141582,2.521937608718872,1.1617074012756348,0.8766777515411377,0.7318384051322937,0.8083627223968506,0.5333940386772156,0.4926150739192962,0.672450840473175,0.4663564264774322,0.561573326587677,0.5314931273460388,0.442907303571701,0.5527839660644531,0.3529304265975952,-0.1613523066043853,-0.114109918475151,-0.0679277628660202,0.0702314898371696,0.024048451334238,-0.0116471080109477,0.0331620685756206,-0.0248629413545131,-0.0450824908912181,0.0068962653167545,-0.007300900761038,-0.013293232768774,1.6011860370635986,0.8316956758499146,0.6655728220939636,0.5564581155776978,0.5610386729240417,0.4608243107795715,0.3703388571739197,0.36705082654953,0.3830113708972931,0.457516074180603,0.4172903299331665,0.3282660245895386,0.4133338928222656,0.0059633148639382,0.0031161648483535,0.0607200913627267,0.0318313498270892,20.57628155079748,1,Rekurrensparese,1271,u_n
-366.8131713867188,171.37838745117188,66.3407974243164,51.71811676025391,-6.503720760345459,-10.137860298156738,-19.67989921569824,2.5121777057647705,-10.699362754821776,-17.79413604736328,-0.4886952638626098,0.993904948234558,0.981330156326294,15.229702949523926,6.057494163513184,5.196105480194092,4.051397323608398,4.832043647766113,5.392659664154053,4.109922409057617,4.924313068389893,4.449138164520264,5.94294548034668,3.72226881980896,3.164665937423706,3.986573457717896,-0.1850064098834991,-0.0511438101530075,-0.0383881963789463,-0.0254969205707311,0.0193402599543333,-0.0234818737953901,-0.017467375844717,-0.0568078346550464,0.0320068746805191,0.0547159872949123,-0.0076169073581695,0.0223945472389459,0.0305917914956808,1.1624293327331543,0.7535281777381897,0.7156766653060913,0.6899001002311707,0.8190864324569702,0.858234167098999,0.7247908711433411,0.5562524199485779,0.5097334384918213,0.5583120584487915,0.5669754147529602,0.604400098323822,0.6035559177398682,0.1649686694145202,0.144063800573349,-0.0055633164010941,-0.0402492620050907,0.0628677979111671,0.039750762283802,0.0232327505946159,-0.0211150087416172,-0.0181669406592845,0.0170511677861213,-0.0371260046958923,-0.0119452085345983,0.0306365471333265,0.8261793851852417,0.7834569811820984,0.4662661552429199,0.5621824264526367,0.5694730877876282,0.5622289776802063,0.5454911589622498,0.4341995418071747,0.3455773591995239,0.4236700534820556,0.4688905477523803,0.4889603555202484,0.459187239408493,0.0042135911688051,0.0024637533496512,0.0287996666303335,0.015730038749298,25.58293793615433,1,Rekurrensparese,1272,u_n
-355.2617492675781,194.6506500244141,69.1698226928711,72.21060180664062,21.46624565124512,-1.658745288848877,-10.141435623168944,-1.0529531240463257,-0.5037429928779602,-12.053999900817873,-0.2551608681678772,0.1820265799760818,5.979301452636719,29.813983917236328,8.466378211975098,6.4639739990234375,8.00318431854248,4.166024684906006,5.1967854499816895,4.495862483978272,3.177496671676636,2.9780099391937256,4.308871269226074,4.028053283691406,3.991743087768554,3.148956060409546,-1.112356424331665,0.2273240089416504,0.2000663429498672,0.1728003770112991,-0.0180199444293975,-0.0878012999892234,-0.0536147356033325,0.0017977196257561,0.0209141168743371,-0.0347967743873596,0.0032509947195649,-0.0205779243260622,-0.0492814220488071,5.237668991088867,1.7319912910461426,1.1475262641906738,1.2349841594696045,0.7436549663543701,0.7590470910072327,0.7901997566223145,0.4773904383182525,0.5641154050827026,0.6326297521591187,0.6285525560379028,0.6016136407852173,0.4444446265697479,1.1579415798187256,-0.3346526622772217,-0.1590925455093383,-0.2418151646852493,-0.0251276921480894,0.0580039881169796,0.0512153543531894,0.0403522215783596,0.036351341754198,0.1274423748254776,-0.0161946974694728,-0.0593816190958023,-0.0466174744069576,3.3261160850524902,1.3346881866455078,0.5973048806190491,0.7008224129676819,0.4790233075618744,0.4340293109416961,0.3975594639778137,0.4757248163223266,0.3926596939563751,0.5167025923728943,0.4760230183601379,0.5698962211608887,0.4429443180561065,0.0034513877425464,0.001542932141101,0.0180416581375084,0.0099368455469333,26.728086528471124,1,Rekurrensparese,1277,u_n
-271.6802062988281,156.45484924316406,34.648372650146484,86.76692962646484,-23.767955780029297,15.31431770324707,10.230645179748535,-20.83822250366211,21.70963478088379,16.882261276245117,0.568721354007721,2.774573802947998,12.378971099853516,14.549697875976562,7.846211433410644,7.007809162139893,8.168572425842285,4.7198004722595215,4.059905052185059,5.175838470458984,5.757120132446289,5.518117427825928,4.944734573364258,4.498541831970215,3.885838031768799,3.516313076019287,-0.2360711544752121,-0.0141295930370688,0.0743912309408187,0.0957232192158699,-0.0821059197187423,-0.0044894167222082,-0.0414664521813392,-0.0649768263101577,0.0585230030119419,0.0406410470604896,0.0120751671493053,0.0197785608470439,-0.0145901488140225,1.2220706939697266,0.8737576603889465,0.595944344997406,0.9495298266410828,0.829673171043396,0.7020369172096252,0.7292819023132324,0.5930004119873047,0.6214985847473145,0.6818013787269592,0.8089010119438171,0.6695802211761475,0.5519452095031738,0.1785461455583572,-0.025471618399024,0.0142991617321968,-0.0914604887366294,0.0693253129720687,-0.0081581156700849,-0.0155187826603651,0.0189844835549592,0.0020640422590076,-0.0420371405780315,-0.005057237111032,0.0500816591084003,-0.0064993035048246,0.9368593096733092,0.5461609959602356,0.5156060457229614,0.7564969062805176,0.5249477624893188,0.5199132561683655,0.5850924849510193,0.4948417544364929,0.4350217580795288,0.4701507687568664,0.5756000876426697,0.5320768356323242,0.4501810669898987,0.010601773404939,0.0064497631922043,0.1141853148697585,0.0638131589656144,14.582863664367276,1,Rekurrensparese,128,u_n
-368.1300964355469,196.0921173095703,76.87593841552734,53.85017776489258,-8.449610710144043,9.57221221923828,-15.844066619873049,-3.078021049499512,14.812479972839355,-12.420702934265137,17.028114318847656,7.986050128936768,1.984135866165161,34.065067291259766,9.673243522644045,8.112356185913086,5.039730072021484,6.602384090423584,4.298264503479004,4.784582138061523,2.8672266006469727,4.61856746673584,3.973109483718872,3.799992322921753,4.182999134063721,2.9483776092529297,-1.320296049118042,0.1962562799453735,0.1798043102025985,0.0076972404494881,0.015493587590754,-0.0235800873488187,0.0165921915322542,0.0200282949954271,0.0825880169868469,0.0322766676545143,0.0532032065093517,0.1126588061451911,-0.0016772490926086,4.679841041564941,1.7325223684310913,1.3469510078430176,0.91133052110672,0.976787269115448,0.5675628185272217,0.5719715356826782,0.3856842815876007,0.6981459259986877,0.7037220001220703,0.5931356549263,0.5440081357955933,0.3608551025390625,0.939688503742218,-0.25325408577919,-0.2378815412521362,-0.1513219028711319,0.1525059938430786,-0.0332185328006744,0.1129725724458694,0.0470834597945213,-0.0772347003221511,0.0520074814558029,-0.0980662852525711,0.011659475043416,0.0106038888916373,2.8280842304229736,1.0978461503982544,0.765681803226471,0.6576296091079712,0.7091871500015259,0.5190344452857971,0.4998582005500793,0.3826630711555481,0.4894250631332397,0.4554410278797149,0.6073299050331116,0.444259762763977,0.28499236702919,0.0030370620042776,0.0012864404222201,0.019979857827476,0.009470116445049,27.13553182219063,1,Rekurrensparese,1289,u_n
-253.0410003662109,181.4345245361328,26.38988494873047,35.57483673095703,-30.40977668762207,-0.2154084891080856,8.31244945526123,1.3782960176467896,-0.2163081467151641,17.548477172851562,1.833678841590881,-16.03485870361328,-2.1474881172180176,9.139307975769045,5.109123229980469,4.633874416351318,4.32100772857666,5.572386264801025,3.9629580974578857,3.703224420547485,2.76342248916626,4.198947906494141,4.387240886688232,3.7011523246765137,3.798208951950073,3.4543397426605225,0.1509329974651336,-0.1853027492761612,-0.0722753629088401,0.0031467115040868,0.1459873616695404,0.0297498367726802,0.0012206934625282,0.0084470706060528,-0.0315098389983177,0.0339923240244388,-0.0426251627504825,0.0373547337949276,0.0065332986414432,1.6595853567123413,0.8386433124542236,0.7985841631889343,0.8267122507095337,0.7944949269294739,0.5128153562545776,0.6158918738365173,0.4084301292896271,0.480396032333374,0.6722862124443054,0.4942315220832824,0.6938866376876831,0.5713388919830322,0.2403653413057327,-0.1001437231898307,0.0252783577889204,-0.0438363403081893,0.188469260931015,-6.637053593294695e-05,-0.0159977935254573,-0.0152327120304107,0.0079194009304046,-0.0718971043825149,-0.0211603138595819,0.0229442957788705,-0.072950080037117,1.0825990438461304,0.6332075595855713,0.4618168771266937,0.5781993269920349,0.7935376763343811,0.3641210198402405,0.456600546836853,0.3584147691726684,0.4635917842388153,0.5682083368301392,0.4193152487277984,0.5328508019447327,0.5192470550537109,0.0172667956130389,0.0104163592126031,0.1110720309351677,0.0579546225342891,14.465260199833596,1,Rekurrensparese,1292,u_n
-281.1053771972656,166.90643310546875,13.89460563659668,38.93985748291016,-22.500709533691406,4.583868026733398,-1.4564412832260132,9.178791999816896,13.568537712097168,2.8777015209198,9.21848964691162,-1.286650538444519,0.790248692035675,84.75851440429688,29.75578689575196,21.9332332611084,5.716083526611328,6.42467212677002,6.445225715637207,4.250912189483643,5.743803024291992,8.242146492004395,5.542275905609131,6.477577686309815,4.69123125076294,6.346448421478272,-1.9133235216140747,-1.2136486768722534,0.4677409827709198,0.2504083812236786,-0.164552554488182,0.0745462402701377,-0.0776335969567298,-0.0108095807954669,0.1613111048936844,0.0501081012189388,-0.1947488933801651,-0.2213936001062393,0.0047156447544693,7.587546348571777,2.284920692443848,2.1362550258636475,0.9957727193832396,1.3925570249557495,1.2272233963012695,0.6845344305038452,0.8483794927597046,0.8202835917472839,0.70543372631073,0.7066380977630615,0.8130120635032654,0.9657660722732544,-0.3266194760799408,-0.1666258126497268,0.0672765001654625,-0.1604397296905517,0.0331784784793853,-0.0852286368608474,-0.0175932813435792,0.0539911389350891,0.0370394624769687,0.0431010648608207,0.0114323142915964,0.0730598121881485,-0.0545623116195201,1.2098067998886108,0.9831681847572328,0.6820181012153625,0.6937826871871948,0.7267858982086182,0.4904719889163971,0.5138039588928223,0.5866118669509888,0.5690823793411255,0.4964785575866699,0.3830343186855316,0.6179488897323608,0.4978912472724914,0.0550672042520528,0.031108665000114,0.2080454314299581,0.1167530078714859,7.02274141764797,1,Rekurrensparese,1293,u_n
-303.7449645996094,161.5709686279297,65.37113189697266,49.97673034667969,-16.703693389892578,4.140036582946777,-4.020886421203613,1.6595758199691772,-4.569769382476807,3.291393995285034,4.87421178817749,-12.552651405334473,5.608447551727295,21.87091636657715,8.435246467590332,9.33877944946289,7.82398509979248,5.711164951324463,5.582321643829346,5.843336582183838,4.921557426452637,4.050244331359863,6.1548614501953125,6.315290927886963,5.402466297149658,3.848576307296753,-0.5070933103561401,0.0102453371509909,0.01390266045928,0.098599337041378,-0.0791387930512428,-0.0304718222469091,0.0965494886040687,0.0975955724716186,0.0304323434829711,0.0546184480190277,0.055452823638916,-0.0608928576111793,0.0596238076686859,4.133213520050049,1.04985249042511,1.2030558586120603,1.1573855876922607,0.8955210447311401,0.6583523154258728,0.7190296649932861,0.6331157684326172,0.6292577981948853,0.7109308242797852,0.5805530548095703,0.660071849822998,0.559456467628479,0.6901209354400635,-0.1521292477846145,-0.1977524310350418,-0.0579650402069091,0.1402293592691421,0.020741157233715,0.0384355783462524,-0.0239118803292512,-0.0428275242447853,-0.0617377497255802,-0.0160579327493906,0.0029647646006196,-0.0817725658416748,2.6278281211853027,0.8203270435333252,0.8838182687759399,0.6513341069221497,0.6956784129142761,0.4814571142196655,0.5833821296691895,0.4328732192516327,0.5226106643676758,0.6347594857215881,0.4850795865058899,0.4553706645965576,0.497944176197052,0.0078326979200758,0.0046329261910351,0.0612332988165181,0.0320910114941544,21.33511792040608,1,Rekurrensparese,130,u_n
-318.91278076171875,167.81922912597656,63.04030990600586,70.66700744628906,23.49935531616211,12.512703895568848,1.8505628108978271,-13.84131145477295,-1.3775182962417605,25.742595672607425,7.142765522003174,3.6550233364105225,-3.495179414749145,20.32218360900879,8.544164657592773,8.39400863647461,7.086771488189697,5.2322845458984375,3.561043262481689,6.4964680671691895,6.2851338386535645,4.590517044067383,5.163236618041992,4.894429683685303,5.445550441741943,4.204479217529297,0.7725716233253479,-0.1234378591179847,-0.1124761328101158,-0.0416362360119819,-0.0911070629954338,-0.0160140786319971,-0.0505610480904579,-0.0358908176422119,0.0372027941048145,-0.0031082204077392,-0.0856475681066513,-0.2100318968296051,-0.0634762421250343,3.165479183197021,1.0657106637954712,0.92427259683609,1.0888314247131348,0.6270478367805481,0.535348653793335,0.9949491024017334,1.0447931289672852,0.6513636708259583,0.8065723776817322,0.936302125453949,1.125096321105957,0.8152511119842529,0.4243856966495514,-0.1228756234049797,-0.1583573818206787,-0.2126349210739135,0.028059396892786,0.0388133265078067,0.1085343956947326,0.1794207841157913,0.0311994552612304,-0.0746752023696899,-0.0002210842649219,0.0086718518286943,0.0065673207864165,2.598905801773072,0.7586686015129089,0.7641644477844238,1.05130934715271,0.7324456572532654,0.4366087913513183,0.6974077224731445,0.832531750202179,0.4669539332389831,0.6713793873786926,0.5834096670150757,0.6391235589981079,0.4855258762836456,0.0393005706532288,0.0229551395051768,0.158346230379124,0.0789878386723554,13.299778754548605,1,Rekurrensparese,1304,u_n
-316.9893798828125,170.6871795654297,61.51493453979492,69.60005187988281,-26.44355201721192,2.657458782196045,4.829986572265625,-6.75146484375,-2.9482996463775635,13.794618606567385,14.424076080322266,8.438821792602539,-0.5024697184562683,43.288612365722656,8.884742736816406,14.877800941467283,7.738340854644775,11.762222290039062,7.994068145751953,4.49497652053833,5.939406394958496,5.163948059082031,6.013473033905029,7.6521077156066895,4.580642223358154,6.004898071289063,-1.4830965995788574,-0.0234958436340093,0.4732942581176758,-0.1260062456130981,0.1522357165813446,-0.358770489692688,-0.2156387716531753,-0.1669484823942184,-0.224962055683136,0.2177483141422271,0.1386543959379196,0.1406928896903991,0.2850533127784729,4.425342082977295,1.1028062105178833,1.8923349380493164,1.1975460052490234,1.965903401374817,0.6694815158843994,0.8459716439247131,1.0211584568023682,1.002017617225647,1.0345227718353271,1.347931981086731,0.7752158045768738,1.1483954191207886,1.221638560295105,-0.4856235086917877,-0.5806446075439453,-0.4163486659526825,0.5137475728988647,0.1089421063661575,0.0378559827804565,0.125670850276947,0.1684084683656692,-0.0690576136112213,-0.0278692711144685,-0.0284721367061138,-0.0209524556994438,3.0989696979522705,1.3257813453674316,1.445102334022522,0.977934718132019,1.2376943826675415,0.5076248049736023,0.5333170294761658,0.6111566424369812,0.7103654146194458,0.691155195236206,0.6139890551567078,0.4417375028133392,0.5728777050971985,0.0103389308055201,0.0045844004976305,0.0688816567064391,0.0326347850678749,19.690253665906035,1,Rekurrensparese,1314,u_n
-383.84423828125,153.02076721191406,69.797119140625,66.31694030761719,9.760838508605955,3.23152756690979,-9.951353073120115,-15.507328987121582,-0.886905312538147,-0.8224453330039978,-9.985278129577637,-3.5454084873199463,4.78647518157959,19.72056198120117,4.311636924743652,8.47680950164795,5.2853779792785645,4.566251277923584,4.154372692108154,4.6224541664123535,4.573772430419922,3.522463083267212,3.517683506011963,4.49388313293457,3.5324912071228027,3.244119882583618,-0.3769683837890625,0.0132102668285369,0.1036517918109893,0.0523523092269897,-0.0411796644330024,-0.023909144103527,-0.0073852036148309,-0.0389275439083576,-0.0629137754440307,-0.0314986072480678,0.0035780705511569,0.0002883434353861,0.0201270300894975,2.956099033355713,0.6307569742202759,0.913854956626892,0.8868526220321655,0.7692193388938904,0.801909327507019,0.7785775661468506,0.6896473169326782,0.5575778484344482,0.5658791661262512,0.5267666578292847,0.5555725693702698,0.5178231596946716,0.5541914105415344,0.0346480906009674,-0.0986641943454742,-0.0807390213012695,0.0562000758945941,0.062673419713974,0.0542243607342243,0.0509262904524803,-0.0092093683779239,-0.0084131425246596,0.0228301994502544,-0.0046983328647911,-0.0438846573233604,2.3747191429138184,0.5328624844551086,0.6696904897689819,0.7101012468338013,0.6527886390686035,0.6182940602302551,0.5919775366783142,0.4616879820823669,0.4157451093196869,0.4419134855270386,0.43426114320755,0.4360944032669067,0.4121237993240356,0.0023421112812618,0.0013245416199167,0.0103647078065309,0.0044705110549346,33.722135999307696,1,Rekurrensparese,1325,u_n
-212.28370666503903,181.73971557617188,-10.138691902160645,6.121519565582275,-23.632827758789062,1.461141586303711,-0.2406752854585647,5.191752910614014,14.847516059875488,9.558205604553224,10.12098503112793,3.354360342025757,4.642154693603516,29.44047164916992,5.536377906799316,8.501805305480957,7.085185527801514,6.846492290496826,5.685299396514893,5.313930511474609,4.838038921356201,4.152847766876221,3.574737787246704,4.233721256256104,3.9482710361480713,4.967245578765869,-1.1771392822265625,0.0543961487710475,0.2627249658107757,0.0857224762439727,0.2889592349529266,0.1515523344278335,0.2635718584060669,0.1497152149677276,-0.0036403127014636,0.1009528040885925,0.0513560287654399,-0.0853519737720489,-0.1492588818073272,4.113942623138428,1.2745823860168457,1.2359737157821655,1.290262222290039,0.8877202272415161,0.8895992040634155,0.6413387060165405,0.6131805777549744,0.584385097026825,0.3986746668815613,0.7141410708427429,0.6250683069229126,0.464582234621048,-0.534564733505249,-0.2679506540298462,0.1046008840203285,-0.0809688866138458,0.0389006733894348,0.0026036221534013,0.0891086459159851,-0.0026993888895958,0.0257789473980665,0.0379098057746887,-0.1458329111337661,-0.1218089386820793,-0.0553290992975235,0.8385962843894958,0.6994084715843201,0.5122650861740112,0.5494632720947266,0.4570860564708709,0.5084536075592041,0.557559609413147,0.4702827036380768,0.3889946043491363,0.3782893717288971,0.4642043709754944,0.5994091629981995,0.426596462726593,0.0828399298208532,0.0458903548630676,0.2319612485284749,0.1112931629812373,2.5609455196195583,1,Rekurrensparese,1330,u_n
-305.2964172363281,174.84471130371094,72.8509521484375,58.31787872314453,-36.15610122680664,15.881105422973633,-13.413968086242676,-6.726165294647217,17.264461517333984,-2.483438968658448,0.6750207543373108,1.5209406614303589,1.9176291227340696,40.56623840332031,22.272167205810547,4.977650165557861,7.575515747070312,14.213358879089355,4.523189067840576,5.414495944976807,4.853063106536865,4.869636535644531,6.254737377166748,4.788815498352051,5.523666858673096,3.587238550186157,-1.0948632955551147,-0.3907414674758911,0.1003334075212478,0.2428569048643112,0.3506418764591217,-0.01261383946985,-0.032476969063282,-0.0508731864392757,0.0179675612598657,0.0142654161900281,0.006372898351401,0.0779993459582328,0.0079077873378992,1.25725519657135,1.080943584442139,0.7283092737197876,0.7649438977241516,0.8456999063491821,0.6361979842185974,0.7003387212753296,0.7013247013092041,0.834053099155426,0.5855467319488525,0.521597146987915,0.620286762714386,0.6076388955116272,0.0543569959700107,-0.0101922303438186,0.0157061535865068,-0.0412472859025001,0.0736602544784545,0.0002030051400652,0.0441363081336021,0.0058007477782666,-0.0439308024942874,0.0155471889302134,0.0182332545518875,-0.0127920173108577,-0.0387393794953823,0.6035019755363464,0.5909294486045837,0.5309626460075378,0.5558158159255981,0.69779372215271,0.4322057068347931,0.603222131729126,0.5344178676605225,0.5232693552970886,0.3875297307968139,0.3595815598964691,0.4467977583408355,0.4827351868152618,0.0073719895596896,0.0042055632692291,0.1028922977101706,0.0582238167301592,15.772624459674358,1,Rekurrensparese,138,u_n
-314.542236328125,176.96995544433594,63.77182769775391,58.65117645263672,-12.944655418395996,-4.724376678466797,-40.15256118774414,-7.664186477661133,-0.111158438026905,-14.082332611083984,7.057690620422363,-21.197799682617188,4.05831241607666,17.71257209777832,11.471887588500977,22.223392486572266,10.68375301361084,16.780933380126953,7.197221279144287,11.092262268066406,6.65960693359375,6.045944213867188,6.978086948394775,9.105149269104004,5.841690540313721,5.9582109451293945,0.1553617417812347,0.0196045506745576,0.2686261832714081,0.0835869237780571,-0.3292138278484344,0.0536084212362766,-0.1544600278139114,0.0667110830545425,-0.0524874702095985,-0.0918006300926208,0.2471664249897003,-0.1573285311460495,0.0624656341969966,3.5389792919158936,2.050488233566284,1.8866337537765503,1.086603045463562,1.3264431953430176,1.1470435857772827,1.773600459098816,1.3802331686019895,1.0347729921340942,0.9248403906822203,0.7783838510513306,0.6497686505317688,0.994202435016632,0.3633232712745666,0.1053726524114608,-0.0505276136100292,-0.0587338022887706,0.1319089829921722,0.074920542538166,0.0699872896075248,-0.006151670590043,-0.0263162218034267,0.0376399420201778,-0.0376655310392379,-0.0170006360858678,-0.0358682461082935,1.4939680099487305,0.9699558019638062,0.9199256300926208,0.5702784061431885,0.8774026036262512,0.6495934724807739,0.7346048355102539,0.6870213747024536,0.6194984316825867,0.6532284021377563,0.4846985936164856,0.4619625210762024,0.5128225088119507,0.0118875200652237,0.0051221864205829,0.0372163236632059,0.0194751423637309,19.828147780279263,1,Rekurrensparese,1382,u_n
-248.59185791015625,166.8169403076172,24.846942901611328,38.6710205078125,-17.598712921142578,1.687244892120361,-13.195173263549805,15.763065338134766,5.737554550170898,6.7003607749938965,5.258634567260742,5.011986255645752,-9.017952919006348,11.112959861755373,5.489344120025635,6.068393707275391,4.81820821762085,4.900411128997803,4.187704563140869,5.219382286071777,4.480568885803223,3.598525285720825,4.364587306976318,4.221508026123047,4.00702714920044,3.980944156646729,-0.0942147225141525,-0.1981114149093628,-0.010898289270699,-0.2523037791252136,-0.1112844347953796,-0.1667920649051666,-0.1340944170951843,0.1479004174470901,0.0051050456240773,-0.1095598861575126,-0.3137617111206054,0.0401206873357296,-0.1477497816085815,1.4738999605178833,0.776572048664093,1.1871894598007202,0.8474562168121338,0.6542226076126099,0.4571936428546905,0.8454954624176025,0.8934180736541748,0.658213198184967,0.5316684246063232,0.4721843898296356,0.7202199101448059,0.7514359951019287,0.2464905977249145,-0.2987505793571472,0.1317465156316757,-0.1621165722608566,0.2204829007387161,0.0477629378437995,0.1380313336849212,-0.0652065277099609,-0.0945182293653488,-0.1573471128940582,-0.0257523208856582,-0.0928136557340622,0.037670575082302,0.7691648006439209,0.805806040763855,0.9404534101486206,0.6403687596321106,0.795991837978363,0.3274647891521454,0.6104997396469116,0.5943761467933655,0.5310280323028564,0.5823505520820618,0.3260767161846161,0.7260814309120178,0.4542858004570007,0.0141119171063022,0.0085225876497877,0.1841070204901044,0.0928510035325843,11.551698429149742,1,Rekurrensparese,1390,u_n
-217.2969970703125,159.2202606201172,91.1024398803711,45.040000915527344,-51.76675033569336,14.887123107910156,-50.37819290161133,21.29105758666992,8.178680419921875,-7.179166793823242,7.963132858276367,-4.559088230133057,-14.644829750061035,14.878229141235352,7.878325939178467,6.335597991943359,5.033614635467529,6.262209892272949,4.526469707489014,4.069973468780518,2.957728624343872,4.132663726806641,3.4493086338043213,3.772390842437744,3.8764376640319824,4.129744529724121,-0.344046801328659,0.1072296351194381,0.0648656338453292,-0.223408818244934,0.145048975944519,-0.0779325291514396,-0.1232695952057838,0.0023095316719263,-0.1726072281599044,-0.0029276371933519,-0.1079127267003059,0.0906986221671104,0.0489407032728195,1.1478689908981323,0.9611870050430298,1.0348734855651855,0.8344617486000061,0.8284769654273987,0.739581286907196,0.6207881569862366,0.4351179301738739,0.4376422166824341,0.5515719652175903,0.7497342228889465,0.5097731351852417,0.7692944407463074,0.0348619371652603,0.0569973327219486,-0.3007931113243103,-0.1918514966964721,0.0760003104805946,0.0472119413316249,0.0665590688586235,-0.0601700879633426,-0.0404583550989627,-0.0098114944994449,-0.0470112711191177,-0.1143658757209777,-0.1050034835934639,0.4974167346954345,0.5145805478096008,0.8496032357215881,0.7035437822341919,0.5432335734367371,0.3601691424846649,0.3255560398101806,0.3450576364994049,0.4229422807693481,0.4140752851963043,0.5041232109069824,0.4619093239307403,0.6197444200515747,0.0090793302346382,0.0051779781430147,0.1711849047636525,0.0783643246760658,7.659466994503522,1,Rekurrensparese,1397,u_n
-383.62109375,136.2344512939453,75.6849365234375,86.19317626953125,-4.102755069732666,22.820526123046875,-8.917558670043945,-30.19391441345215,-15.237727165222168,-12.535122871398926,4.037399768829346,-2.9364354610443115,8.585786819458008,38.8446159362793,7.931751251220703,10.6630859375,12.806074142456056,6.170358180999756,4.4724225997924805,3.3310434818267822,6.637297630310059,4.146470546722412,3.3916659355163574,3.6755120754241934,3.734943151473999,5.0296478271484375,1.2013317346572876,0.0718084350228309,-0.0409330837428569,-0.06781055778265,-0.0723308771848678,0.1236756742000579,0.0564820319414138,-0.1123895943164825,-0.0060644997283816,0.0151044772937893,-0.0471174232661724,-0.1058976501226425,0.0124437669292092,5.562292575836182,1.217908263206482,2.144035816192627,2.504288911819458,0.9674085974693298,0.8593782186508179,0.671414315700531,1.2128483057022097,0.7697182297706604,0.6411958336830139,0.8149140477180481,0.5687118768692017,0.860882580280304,1.8849940299987795,0.1524317413568496,-0.7290167808532715,-0.9082662463188172,0.0388475023210048,-0.2366892695426941,0.0261152070015668,0.2931445240974426,0.1413515508174896,0.0712945908308029,-0.0557979121804237,-0.0438383072614669,-0.102189116179943,3.962116718292236,0.866809070110321,1.6155506372451782,2.019648551940918,0.4387679398059845,0.6941100358963013,0.3812429904937744,0.6845815181732178,0.4541956782341003,0.3436101973056793,0.3885414600372314,0.4951013028621673,0.4057207107543945,0.0104794426346091,0.0045079304389152,0.0886563431124225,0.0394454607984905,15.081203765065863,1,Rekurrensparese,1399,u_n
-242.46047973632807,183.5148162841797,7.050814628601074,26.180482864379883,-18.87044906616211,2.4841580390930176,0.2908985912799835,7.598600387573242,9.95724391937256,10.097131729125977,13.459014892578123,-2.6189138889312744,3.665909767150879,13.383481979370115,9.672228813171388,9.036449432373049,6.085920333862305,5.0858025550842285,3.0651259422302246,5.140938758850098,5.934654235839844,5.206625938415527,5.2114105224609375,3.0950798988342285,2.931710958480835,3.973858594894409,-1.222493290901184,0.001830386929214,-0.3246840238571167,-0.0657455772161483,0.0232877563685178,0.0865202322602272,0.173563614487648,0.2518571317195892,0.19969342648983,0.0854372829198837,0.0567286349833011,0.1056033000349998,0.0856247544288635,2.8010575771331787,1.7114249467849731,0.7112275958061218,0.9692630171775818,0.7829893231391907,0.5011934041976929,0.947828471660614,0.6829983592033386,0.4822132587432861,0.6358704566955566,0.4338472485542297,0.4243330061435699,0.7052785158157349,0.4291550815105438,-0.2510267794132232,0.127247616648674,-0.1159351766109466,0.1573646664619445,-0.0498138591647148,0.0746402889490127,0.1235763505101203,0.0812876895070076,0.07881461083889,-0.084373265504837,-0.0016776731936261,-0.1173910424113273,1.157502055168152,0.9465293288230896,0.6713879704475403,0.6319075226783752,0.4750503301620483,0.4283657670021057,0.7371910810470581,0.6445532441139221,0.4903446733951568,0.5860244631767273,0.5718428492546082,0.3133295178413391,0.3691463470458984,0.0380496700627697,0.0217865163718383,0.2245256813276817,0.0758536679323508,5.246524777451556,1,Rekurrensparese,1402,u_n
-236.39991760253903,168.40269470214844,1.9061161279678345,45.24386978149414,-50.23785018920898,2.890334129333496,-19.92694091796875,-11.7289457321167,11.866374969482422,9.881314277648926,4.012150287628174,2.4378724098205566,-8.65365219116211,38.6460075378418,5.47482967376709,6.245304107666016,7.057855606079102,5.394526481628418,8.840475082397461,4.899886131286621,4.617784023284912,5.447286128997803,4.308043003082275,5.490555763244629,6.1007399559021,5.610298156738281,-0.8914493918418884,0.1091995388269424,0.1756635904312133,-0.3014404773712158,0.039105974137783,-0.4165750741958618,0.0815920606255531,-0.0449066758155822,-0.1183002740144729,0.0592175535857677,0.1142325177788734,-0.0278233662247657,0.0871022120118141,2.729246139526367,0.931876301765442,0.8902212381362915,1.1158950328826904,0.8242986798286438,0.7051063179969788,0.658578634262085,0.5675341486930847,0.6547542214393616,0.6184250712394714,0.684389591217041,0.8070114850997925,0.8880702257156372,-0.042067427188158,-0.124548390507698,0.0334119796752929,-0.2281643897294998,0.0362631529569625,-0.0316624529659748,0.1334004700183868,0.0499591380357742,-0.0037420846056193,0.0117319580167531,-0.0022427309304475,-0.0515367351472377,-0.1151846572756767,1.1830252408981323,0.7968988418579102,0.6653251051902771,0.8588479161262512,0.6176923513412476,0.40370774269104,0.5684780478477478,0.7613387703895569,0.5486980080604553,0.441057950258255,0.5143505334854126,0.5381419658660889,0.701625406742096,0.0871453185003331,0.0480450329992026,0.2736904038538704,0.1717863501232308,0.2578630363643433,1,Rekurrensparese,1407,u_n
-317.99835205078125,163.17684936523438,42.65788650512695,60.546363830566406,-26.264482498168945,-6.121094226837158,-21.514938354492188,6.901120662689209,22.262561798095703,-21.84928131103516,-12.91306495666504,-12.546634674072266,-13.721052169799805,22.84975242614746,6.90150260925293,12.127511024475098,6.039833545684815,7.597023963928223,6.23637056350708,5.017448425292969,4.4103827476501465,5.730289459228516,4.451675415039063,5.241438865661621,4.8778605461120605,4.336569786071777,1.0993441343307495,-0.085634097456932,-0.4614926874637604,-0.3990547060966491,-0.2066312432289123,-0.2283053249120712,0.1113206371665,0.1376907527446746,-0.1324785053730011,-0.0450487621128559,-0.0646785050630569,-0.2222377657890319,-0.1091629192233085,3.1668825149536133,1.2390397787094116,1.4968937635421753,0.9142816066741944,1.149514079093933,0.8823512196540833,1.005013346672058,0.934683322906494,1.3698301315307615,0.8503733277320862,0.9670010209083556,0.6643092036247253,0.7545644044876099,1.0607306957244873,0.3856553733348846,-0.144895538687706,-0.0900201797485351,0.479020208120346,0.1363962292671203,0.2014838010072708,-0.1366613209247589,-0.1986128985881805,0.1806189119815826,0.1814117282629013,0.0637487098574638,-0.0307619143277406,2.514343500137329,1.2135275602340698,0.797410249710083,0.5900256633758545,1.050564169883728,0.6626507639884949,0.6659448146820068,0.6276782155036926,0.7006264328956604,0.4790023565292358,0.6085485816001892,0.4684591889381408,0.549247145652771,0.0048813472242571,0.0025693514331711,0.0251580921726652,0.0110112626085363,27.16864550358778,1,Rekurrensparese,1418,u_n
-245.4239196777344,169.67678833007812,48.54886245727539,52.78632736206055,-19.66718482971192,2.614190101623535,-16.67236328125,-6.929599285125732,3.6740915775299072,-0.7258935570716858,4.260958194732666,-6.145415782928467,5.281871318817139,15.672910690307615,6.6355156898498535,10.193403244018556,7.767989635467529,9.5775146484375,5.248678684234619,6.374089241027832,5.952114105224609,3.533167839050293,6.7659783363342285,3.8473057746887207,3.5325944423675537,4.012082576751709,0.1708328276872635,-0.2560315430164337,0.2231576740741729,-0.3008014559745788,-0.2634205222129822,-0.0666797310113906,-0.0264388807117939,-0.1182962656021118,-0.0410597063601017,0.2036550343036651,0.1001947298645973,-0.0433439873158931,0.0406589806079864,2.516195774078369,1.175651788711548,0.8810150027275085,0.7380151152610779,1.2901763916015625,0.6551347970962524,0.9025869369506836,0.6565319895744324,0.6649946570396423,0.6262904405593872,0.4815964698791504,0.6260218620300293,0.6225595474243164,0.5499482750892639,0.0234007108956575,-0.0643341019749641,-0.0780470445752143,0.1734578907489776,0.029633006080985,-0.0100448913872241,-0.0173599403351545,0.0084201386198401,-0.0045344298705458,-0.0526098310947418,-0.0696158781647682,-0.0462816283106803,1.9931092262268064,0.8075544238090515,0.8409237265586853,0.5430015921592712,0.8601325750350952,0.341819703578949,0.5108519196510315,0.3591882288455963,0.4532117247581482,0.5685080885887146,0.487130731344223,0.4853626191616058,0.4848711788654327,0.008124143832576,0.0048678375288142,0.0404036852076675,0.0222447958786447,22.689538852372493,1,Rekurrensparese,142,u_n
-294.9065856933594,163.48318481445312,49.12405776977539,67.57453155517578,-22.161521911621094,16.579986572265625,16.933990478515625,-1.317528247833252,2.6948983669281006,23.58193588256836,23.871524810791016,-3.874801874160767,-5.099549293518066,22.18717193603516,11.563197135925291,7.6054768562316895,9.198674201965332,5.877623081207275,5.425163269042969,7.709015369415283,4.463367938995361,7.266738414764404,4.475562572479248,8.426323890686035,4.351494789123535,4.421804428100586,-0.4566796123981476,-0.1791315823793411,0.0176265500485897,-0.1449899077415466,0.0606719106435775,-0.017626728862524,-0.0907147899270057,0.115174651145935,-0.0636345967650413,-0.0797526314854621,0.116594024002552,-0.1012089848518371,0.084576167166233,1.7214282751083374,1.1786737442016602,0.9809147119522096,1.1544793844223022,0.854656457901001,0.8753390312194824,0.8753470182418823,0.7784264087677002,0.8740509748458862,0.8234458565711975,0.9229278564453124,0.5605247616767883,0.7094845175743103,0.1630977988243103,-0.0771445780992508,-0.1100694760680198,-0.1755885779857635,0.1544906198978424,-0.0621908046305179,0.0472703203558921,0.1009037494659423,0.0144754089415073,-0.0417933538556098,-0.0803936943411827,-0.0211641546338796,0.0104437954723835,1.1282516717910769,0.823760986328125,0.678708553314209,0.7542325258255005,0.7633675336837769,0.7827416658401489,0.5647122263908386,0.6331003308296204,0.524878978729248,0.6208332180976868,0.7027547955513,0.5140619277954102,0.4471453726291656,0.0689812451354794,0.0370919909771915,0.1559434962255994,0.0785211139093613,2.270771037170242,1,Rekurrensparese,1424,u_n
-378.80804443359375,214.3199920654297,66.0096664428711,41.55055618286133,15.080952644348145,2.026618003845215,-9.42368221282959,-26.062667846679688,-0.7059875130653381,20.43252182006836,4.178707599639893,-4.329526424407959,-8.304455757141113,13.199437141418455,5.64572811126709,5.645163536071777,5.840969562530518,7.41364049911499,2.7332632541656494,4.43424654006958,5.233197212219238,3.3100674152374268,4.435643196105957,3.4263956546783447,3.953567504882813,3.332080364227295,-0.1769500821828842,0.0196981988847255,0.0802392959594726,-0.0508811473846435,-0.0917432606220245,-0.0033073634840548,0.0017957391683012,-0.0155943846330046,0.0879527404904365,0.1257384568452835,0.0331501923501491,-0.0719653367996215,-0.0637573227286338,2.026464939117432,1.1631628274917605,0.946208357810974,0.791346549987793,0.8767085671424866,0.5206669569015503,0.7165182828903198,1.057940125465393,0.6021718978881836,0.787520706653595,0.5525177717208862,0.4893044233322143,0.5030810236930847,0.416408360004425,-0.1666769832372665,-0.0433782450854778,0.0326257534325122,0.0211706478148698,0.0178746040910482,0.0238112527877092,0.0951815992593765,-0.0170179326087236,-0.0767065435647964,-0.0154340146109461,0.0151827353984117,0.0421996712684631,1.615669846534729,0.5903140306472778,0.5666881799697876,0.4411415457725525,0.513704240322113,0.3743075430393219,0.4869420528411865,0.647249162197113,0.3983003795146942,0.3986637890338897,0.2810079455375671,0.3221783638000488,0.2829348742961883,0.0035343968184034,0.0012093253863918,0.0201747373819878,0.0065724458445935,30.381865723126595,1,Rekurrensparese,1434,u_n
-418.0997009277344,145.66868591308594,68.51092529296875,45.02239227294922,-12.529078483581545,-29.931127548217773,-12.84703540802002,-4.17669153213501,6.742897987365723,0.1886766701936721,-17.34332275390625,-6.083810329437256,-9.071398735046388,27.122594833374023,6.883991718292236,8.005050659179688,4.188979148864746,5.402665138244629,8.186609268188477,5.156757831573486,3.394310235977173,3.25387978553772,3.0196962356567383,3.842745065689087,4.662794589996338,4.055453300476074,-0.2721073031425476,-0.159527450799942,-0.0311850607395172,-0.0595562197268009,-0.0685450136661529,-0.0811096206307411,-0.0177808329463005,-0.0535119511187076,-0.013384249061346,-0.0312824994325637,-0.0999554544687271,-0.0545120351016521,-0.0248305071145296,4.703762054443359,0.8510591387748718,1.284739971160889,0.6825978755950928,0.9604445099830629,1.361024022102356,0.5906248092651367,0.4793482720851898,0.6278439164161682,0.4495335221290588,0.6997764706611633,0.5048351287841797,0.5377341508865356,1.1786328554153442,0.0462358854711055,-0.2826635241508484,-0.1318060308694839,0.1559483408927917,0.2071451246738433,0.0289247892796993,-0.0353722982108593,-0.0897625088691711,-0.0058675934560596,0.0752678737044334,-0.0246271807700395,0.0150690432637929,3.417788028717041,0.6221449375152588,1.0171499252319336,0.6292127966880798,0.5958930253982544,0.7127924561500549,0.2757941484451294,0.3383279144763946,0.3902119696140289,0.3255603313446045,0.4304253458976745,0.3288508951663971,0.4332900643348694,0.0018700996379888,0.0010078983736833,0.0123491120694785,0.0068985384979965,36.36999204933886,1,Rekurrensparese,1437,u_n
-284.6698303222656,160.72628784179688,40.06642150878906,26.55248641967773,-16.34128189086914,-17.979745864868164,-40.80064392089844,9.245129585266112,8.343117713928223,-23.42926025390625,12.39350700378418,-6.188453674316406,-24.760831832885746,27.65579032897949,5.495465278625488,5.250577926635742,4.904860973358154,4.708150863647461,7.017935752868652,7.28544282913208,4.1607346534729,3.696512699127197,5.56601619720459,5.07307243347168,3.853472232818604,3.6688194274902335,-0.7605151534080505,0.0370416082441806,0.1135466918349266,0.0311253070831298,0.0048247752711176,0.3216902911663055,0.1309385001659393,0.0570462420582771,0.0698736608028411,-0.1213926821947097,-0.0322296470403671,0.0944020226597786,0.0035785802174359,4.361855506896973,0.7546435594558716,0.6883301734924316,0.7179204225540161,0.6075433492660522,0.5993000864982605,1.093634843826294,0.7525960803031921,0.6463034152984619,0.9072425365447998,0.9214059710502625,0.6278387308120728,0.5687974095344543,1.44774329662323,0.2369807213544845,-0.0427763164043426,-0.1514602750539779,0.0306165572255849,0.0888555198907852,0.2353129684925079,-0.1658645421266555,-0.0395044572651386,0.2495439350605011,-0.107145644724369,0.0268304739147424,0.1152871623635292,3.4469780921936035,0.8463094830513,0.4160593450069427,0.8061822652816772,0.3802809715270996,0.4955205023288727,0.784602165222168,0.5863460898399353,0.445360004901886,0.7510364055633545,0.6742630004882812,0.4513697326183319,0.4480895698070526,0.0016315350886588,0.0008621405838983,0.0117691295591259,0.0060445117579949,32.81535460260956,1,Rekurrensparese,1444,u_n
-342.7035522460937,165.88758850097656,84.46733093261719,83.98780822753906,30.319974899291992,9.641292572021484,3.979807138442993,-20.69093513488769,-7.259549140930176,20.279930114746094,-1.0028278827667236,-14.029539108276367,3.475846290588379,39.4765739440918,5.722606182098389,11.963088035583496,11.59457302093506,3.4273600578308105,3.551983118057251,3.710946083068848,7.163154125213623,3.760942697525024,5.511038303375244,2.807400703430176,4.188968181610107,3.596306562423706,-0.91821026802063,0.2084352970123291,0.1788652837276458,0.1996342092752456,0.0861260220408439,-0.0031886959914118,0.0037578188348561,0.0478936769068241,0.0526792891323566,0.0343502983450889,0.0540011711418628,0.0169186722487211,0.0551219508051872,7.720691680908203,1.030744552612305,2.323936700820923,2.271775245666504,0.5544931888580322,0.7115482091903687,0.4861903488636017,1.3961000442504885,0.6361676454544067,1.0894981622695925,0.5524038672447205,0.7025960683822632,0.5833185911178589,2.178407430648804,-0.1475184708833694,-0.6457239985466003,-0.6187810897827148,-0.1446911990642547,0.0855628997087478,0.0056362352333962,0.2413613945245742,0.1034756302833557,-0.2308322191238403,-0.0051603065803647,0.0476413667201995,-0.1206012070178985,5.470859527587891,0.5198271870613098,1.6309173107147217,1.4738327264785769,0.4991914331912994,0.4805918335914612,0.2970291972160339,0.6243367791175842,0.4292367100715637,0.6540938019752502,0.3700845539569855,0.3948152959346771,0.5518235564231873,0.0016236001606827,0.0008157059339893,0.0116460849406564,0.0050499075073091,34.468055917395795,1,Rekurrensparese,1466,u_n
-294.0723876953125,151.2729034423828,62.45989227294922,56.27311325073242,-24.74129676818848,4.279508113861084,-17.11124610900879,1.611175298690796,-8.98744010925293,-2.1456594467163086,3.896973609924317,-13.6737060546875,-8.090778350830078,43.52796173095703,14.191518783569336,8.554718971252441,6.119085311889648,8.60594654083252,7.280545711517334,4.294380187988281,3.536062002182007,3.6074821949005127,3.6513419151306152,4.140746593475342,4.175405025482178,3.459486722946167,-1.1484699249267578,-0.010751518420875,0.2907999753952026,0.1455203145742416,-0.0815991908311843,-0.1170639991760253,-0.0531498491764068,-0.0246451348066329,-0.0109020713716745,0.0326138101518154,0.0177273526787757,-0.0059882090426981,0.0396825335919857,1.9494447708129885,1.2552177906036377,0.9389376640319824,0.7981122136116028,1.1152652502059937,0.7042294144630432,0.5667712092399597,0.5729092955589294,0.5756204724311829,0.6058899164199829,0.7009638547897339,0.6258180737495422,0.5018664002418518,0.4060962200164795,-0.0011865688720718,-0.0752191245555877,-0.1058927774429321,0.1016811057925224,-0.0516113936901092,0.0304630640894174,-0.0202735364437103,-0.0072372695431113,-0.0343405567109584,-0.0509722754359245,0.0286324992775917,0.0191720258444547,1.4644532203674316,0.7393882274627686,0.5540695786476135,0.6297674179077148,0.5363014340400696,0.6015515923500061,0.4193697571754455,0.3940179646015167,0.466201514005661,0.522468090057373,0.5761498808860779,0.5698372721672058,0.4054200649261474,0.0062027887760991,0.0037146405176967,0.0481275488956355,0.027194478290657,23.066932662274706,1,Rekurrensparese,1470,u_n
-394.9460144042969,163.1032257080078,99.1159439086914,91.03426361083984,17.439130783081055,19.242067337036133,-29.79001235961914,14.050775527954102,-8.06521224975586,-26.54132652282715,2.402507066726685,-10.542205810546877,-2.606372833251953,24.875141143798828,7.160838603973389,8.783618927001953,10.64411449432373,5.03564453125,4.882935523986816,8.718900680541992,4.123473644256592,4.134260177612305,6.046250820159912,3.923813343048096,3.355149745941162,4.190604209899902,-0.7767338156700134,-0.0222096778452396,0.1972976177930832,0.0603528507053852,0.0711508989334106,-0.0534962192177772,0.0526651889085769,0.0560636073350906,0.049875758588314,0.0663758367300033,0.0603249110281467,0.0884101912379264,-0.0752132758498191,4.044086456298828,1.3998850584030151,1.5844930410385132,1.901061534881592,0.947334349155426,0.8183433413505554,1.5937550067901611,0.8492041826248169,0.6015571355819702,0.9983507990837096,0.721790611743927,0.6119546294212341,0.696484386920929,0.7764965295791626,-0.0027799464296549,-0.2708221971988678,-0.2417836785316467,0.0291903261095285,-0.0581287071108818,0.1130395010113716,-0.0682337507605552,0.0195635072886943,0.0653966888785362,-0.0377564653754234,0.017192481085658,-0.028771549463272,2.6205267906188965,0.7827858328819275,1.034449338912964,1.177544116973877,0.5544922351837158,0.6975828409194946,0.7042630910873413,0.5844283699989319,0.4610944092273712,0.5757119059562683,0.498930811882019,0.5354642868041992,0.3954691588878631,0.025355667531468,0.0140793756031576,0.0452244158438032,0.0198942930510811,17.339123936878295,1,Rekurrensparese,1478,u_n
-328.6264038085937,185.72686767578125,60.48896026611328,58.65338516235352,-14.267507553100586,-3.226984739303589,-2.415738344192505,-16.735509872436523,0.0169192403554916,-7.179467678070068,4.38305139541626,-5.078883171081543,-13.969046592712402,24.1919174194336,12.080982208251951,8.245835304260254,8.687935829162598,8.612149238586426,5.292912006378174,5.350038051605225,5.257578372955322,4.74105978012085,6.2143988609313965,6.9410247802734375,5.296013355255127,6.638762474060059,-0.8706852197647095,0.1315902769565582,0.1953069418668747,0.102391317486763,-0.043672427535057,0.0345536135137081,0.0138343749567866,-0.0120676131919026,0.0015696433838456,-0.0249247644096612,0.0158440619707107,-0.0362552031874656,-0.0325923785567283,4.0931715965271,2.175088882446289,1.0371248722076416,1.443186640739441,1.1318809986114502,0.6982755064964294,0.8365457653999329,0.8143242597579956,0.8054433465003967,1.0503064393997192,0.8092474937438965,0.7083559632301331,0.9595276117324828,0.634691596031189,-0.1486584246158599,-0.0799754410982132,-0.054923839867115,0.0766208991408348,0.0112377954646945,0.0278039127588272,0.0815182402729988,-0.0458603762090206,-0.0184833910316228,0.0293151456862688,0.0399972051382064,0.0386312901973724,2.7585928440093994,0.9813659191131592,0.5749109983444214,0.7663499712944031,0.5660752058029175,0.4059958159923553,0.4839194416999817,0.678666353225708,0.5132762789726257,0.5317910313606262,0.4349641799926758,0.5030802488327026,0.5105966329574585,0.0055626592876471,0.0030538535130638,0.0311502187137057,0.0165547514342013,25.08329645485983,1,Rekurrensparese,1484,u_n
-308.8522644042969,147.46446228027344,66.13458251953125,59.71034622192383,-47.640907287597656,36.61689758300781,-14.579400062561035,-18.629846572875977,16.593124389648438,-15.363235473632812,5.511361122131348,0.8242128491401672,-1.819297313690185,9.06324291229248,5.030553340911865,3.865299701690674,5.054477214813232,4.983327388763428,4.27137565612793,3.581698417663574,4.072554111480713,4.133368492126465,3.5736660957336426,3.803914785385132,3.44451904296875,3.908444404602051,-0.1226797923445701,0.0578131675720214,0.0132375033572316,0.0016735437093302,-0.0533307641744613,-0.0028411287348717,-0.0365892276167869,-0.0304453633725643,-0.0142278838902711,0.0096066761761903,0.0681544467806816,0.0159790478646755,0.0728131681680679,1.3394474983215332,0.5892858505249023,0.5302981734275818,0.8419691920280457,0.8037411570549011,0.6713599562644958,0.624096155166626,0.61622154712677,0.6184638142585754,0.505443274974823,0.599743127822876,0.5463889837265015,0.6636689305305481,0.2210588604211807,0.1039289981126785,0.0027741603553295,-0.0924498438835144,0.1066581085324287,-0.0290691442787647,0.0181755628436803,0.0581037066876888,-0.0227506794035434,-0.0056670713238418,-0.0194547157734632,0.0404925644397735,0.0167543813586235,0.9841944575309752,0.617240846157074,0.4636033475399017,0.7003912925720215,0.6871980428695679,0.5013654232025146,0.4869980812072754,0.4913322627544403,0.5837768912315369,0.4570220708847046,0.4148266315460205,0.4384085237979889,0.5776946544647217,0.0081172666662868,0.0049945618027318,0.0662299389479273,0.0336785422816829,20.26625359443979,1,Rekurrensparese,1489,u_n
-337.3251647949219,158.3999786376953,57.88587951660156,52.161869049072266,-36.424598693847656,21.01801490783692,-14.248977661132812,-11.062166213989258,15.990546226501465,-6.558451175689697,-3.781952381134033,11.071921348571776,5.001062870025635,23.62355613708496,5.826951503753662,7.583166599273682,8.156272888183594,7.12899923324585,5.600886821746826,4.908867835998535,4.019264221191406,5.022279262542725,4.712968826293945,3.873667001724243,5.289306640625,4.012786865234375,-0.7298012971878052,0.1995882838964462,0.1633680760860443,0.0389510728418827,-0.1050406396389007,-0.0074866767972707,-0.0795386731624603,0.0065997028723359,0.084003709256649,0.0075300252065062,0.0706521272659301,0.1244542971253395,-0.018081834539771,3.219005584716797,0.9324930906295776,0.9968373775482178,1.4750982522964478,1.3419255018234253,0.9102290868759156,0.758610725402832,0.6497948169708252,0.8581364750862122,0.7257134318351746,0.5317047834396362,0.6579405069351196,0.5099725127220154,0.6800526976585388,-0.06425341963768,-0.1477826535701751,-0.2099551111459732,0.2374609261751175,-0.0702528059482574,0.0910461395978927,0.0306121818721294,-0.0847489535808563,0.0425783731043338,0.006168620660901,-0.0772474706172943,-0.0347364880144596,2.4510090351104736,0.564268946647644,0.7313876748085022,0.8911257982254028,1.0491282939910889,0.6518946290016174,0.6600961685180664,0.5230492353439331,0.5293115973472595,0.5112026333808899,0.4540985524654388,0.4858298003673553,0.3496625423431396,0.0060934523147553,0.0036206498477299,0.0688304261515398,0.0344875842955354,17.56616294805055,1,Rekurrensparese,150,u_n
-317.28515625,162.9104766845703,39.38810348510742,60.98443222045898,-21.91678810119629,-0.989806056022644,-9.121095657348633,-28.993799209594727,1.8075814247131348,3.94067907333374,-1.221837282180786,-22.10477828979492,-11.079058647155762,24.89411354064941,8.00501537322998,9.696688652038574,6.334141731262207,8.2241792678833,5.247897148132324,4.197274208068848,8.301308631896973,4.035778999328613,4.16856861114502,4.245175838470459,3.647184133529663,9.632468223571776,-0.0862756818532943,-0.1722829490900039,-0.0403884463012218,-0.0765356495976448,-0.0360847227275371,0.0818717032670974,0.038068801164627,-0.0290100425481796,0.0365952290594577,-0.0663496702909469,0.0538500361144542,0.1004672050476074,-0.0659684091806411,3.4142491817474365,0.6235361099243164,0.9430335164070128,0.8724889755249023,0.8969769477844238,0.7979495525360107,0.6865208745002747,0.8812016248703003,0.5689244866371155,0.717798113822937,0.6901965737342834,0.6238564848899841,0.9941874146461488,0.6074605584144592,-0.0380378179252147,0.0162497200071811,-0.0766456127166748,0.0881667956709861,0.0002919359540101,0.0362950265407562,0.0382747799158096,-0.0369612462818622,-0.0037005352787673,-0.0411293692886829,0.0258472487330436,-0.0404917858541011,2.1461870670318604,0.477121353149414,0.6587603092193604,0.4256612062454223,0.5994736552238464,0.475626677274704,0.4578874707221985,0.5978497266769409,0.3863744139671325,0.4988029897212982,0.401297003030777,0.4020443856716156,0.4582805633544922,0.0033654042453656,0.0019716795276135,0.0205228337154183,0.0104220964718774,28.26376247391084,1,Rekurrensparese,152,u_n
-316.7152404785156,170.30615234375,40.74740219116211,46.36613464355469,-33.86211013793945,-0.847216010093689,1.755460262298584,-9.975604057312012,6.075639247894287,-1.793812274932861,1.556125283241272,-12.1600341796875,-3.3137593269348145,20.54877471923828,6.490075588226318,5.885665893554688,5.643082618713379,5.632089614868164,4.255085468292236,4.388000965118408,4.264279842376709,3.675776958465576,3.640624284744263,3.3763060569763184,3.4427731037139893,3.1462242603302,0.5607502460479736,-0.052285298705101,-0.1294141262769699,-0.1520585119724273,-0.0023493249900639,-0.0223278813064098,-0.0365161448717117,-0.0101664941757917,0.0249081775546073,0.0234496798366308,-0.0065355817787349,0.0312302131205797,0.0363636836409568,2.7189762592315674,1.0081043243408203,0.8439368605613708,1.0174366235733032,0.992670714855194,0.6514454483985901,0.61440110206604,0.6906795501708984,0.5713228583335876,0.6618269085884094,0.6119424104690552,0.5921729207038879,0.5262259840965271,0.4861392974853515,0.0113572441041469,-0.0422303043305873,-0.1182073503732681,0.2037659585475921,0.0395722240209579,-0.0040261028334498,0.0589301846921443,-0.0222404208034276,0.0085038486868143,0.0190302617847919,0.0841605812311172,0.0229871831834316,1.6887699365615845,0.9104893207550048,0.6291297078132629,0.8867229223251343,0.7861172556877136,0.4970747530460357,0.5102585554122925,0.5111979842185974,0.4402691423892975,0.4941824078559875,0.5235000848770142,0.5373469591140747,0.3632946312427521,0.0058388866363124,0.0033501346464616,0.0429281142689234,0.0225925446745967,22.58226543102379,1,Rekurrensparese,1547,u_n
-369.5521545410156,167.27830505371094,97.54462432861328,74.02190399169922,16.957059860229492,6.387247085571289,12.198447227478027,-6.497918605804443,-0.4156118631362915,10.998863220214844,9.977605819702148,10.15424919128418,8.965734481811523,15.668986320495604,7.058262348175049,8.333708763122559,6.122242450714111,3.225104808807373,3.777852296829224,3.431943416595459,3.120450735092163,2.446012258529663,2.6579854488372803,2.6163809299468994,3.132742404937744,3.4311459064483643,-0.3544693887233734,-0.036009881645441,0.040275439620018,0.0658498257398605,0.0163712128996849,0.0164016913622617,0.0392348803579807,-0.012672197073698,0.0324000343680381,0.0295256804674863,-0.0132241677492856,-0.0240067075937986,0.0110976034775376,2.96628999710083,0.7000874876976013,1.5546153783798218,1.128569483757019,0.5435774922370911,0.6201079487800598,0.5987269878387451,0.5418589115142822,0.3486091196537018,0.4361711144447326,0.5462995171546936,0.479716956615448,0.5758326053619385,0.5300049781799316,-0.063000664114952,-0.2810674011707306,-0.154859572649002,0.0631767362356185,0.0603846348822116,-0.0201846938580274,0.0726483240723609,0.0543472915887832,-0.0112811708822846,-0.0341311618685722,-0.0410647876560688,-0.0172192864120006,2.041135311126709,0.4493651688098907,1.0480581521987915,0.647517740726471,0.4643051028251648,0.3809475004673004,0.3647381663322449,0.4045502245426178,0.355110764503479,0.331631600856781,0.3437405824661255,0.3812994658946991,0.4336476325988769,0.0027123009465803,0.001412694654939,0.0370968502304668,0.0174779599289396,27.44414155299465,1,Rekurrensparese,1548,u_n
-325.90411376953125,137.20826721191406,67.61527252197266,114.5133285522461,-12.53564453125,3.771981716156006,1.3699758052825928,-9.642906188964844,5.0289812088012695,19.15156555175781,16.544404983520508,-11.621342658996582,5.558422088623047,19.40036392211914,7.22270917892456,7.774585723876953,11.111177444458008,6.825568675994873,5.788168430328369,3.838660955429077,5.653715133666992,4.887732028961182,7.408082485198975,5.146785259246826,4.946137428283691,5.702008724212647,0.1041556969285011,-0.0943733900785446,0.0390726700425148,0.1958725899457931,-0.0661858469247818,-0.0170738361775875,-0.0069228415377438,-0.0319853909313678,-0.0148051399737596,-0.024042822420597,0.009855861775577,-0.0290283877402544,-0.0156882312148809,2.943597316741944,0.7421151399612427,1.3155876398086548,2.1492223739624023,0.8648439049720764,0.699470043182373,0.6329662799835205,0.9416385293006896,0.7271905541419983,0.7563251852989197,0.6383433938026428,0.6710762977600098,0.6051883697509766,0.5209890604019165,-0.0012574808206409,-0.1828716546297073,-0.3232357203960418,0.0750513225793838,0.028389848768711,0.0366726517677307,0.0781612321734428,0.0360546447336673,-0.0005869903834536,-0.0429926067590713,0.0310471765697002,-0.0111406845971941,2.200711965560913,0.5620911717414856,0.861430287361145,1.3458646535873413,0.5932209491729736,0.5259461402893066,0.487889289855957,0.5869011878967285,0.5112641453742981,0.5428743362426758,0.4462422430515289,0.4216859936714172,0.3936207294464111,0.0271075031441907,0.0177280402997183,0.0991259493668337,0.0632987435495597,15.112922164457164,1,Rekurrensparese,1549,u_n
-329.47369384765625,179.83103942871094,71.45845794677734,92.29186248779295,-11.379051208496094,-6.472036838531494,6.439140319824219,-13.492929458618164,-22.90494537353516,-1.6786625385284424,22.08880615234375,11.277061462402344,13.739628791809082,38.77158737182617,8.507231712341309,18.209503173828125,7.734891891479492,8.563368797302246,6.334770679473877,4.573516368865967,3.686168193817138,5.437265396118164,6.8463311195373535,6.123104095458984,3.854146242141724,4.967738151550293,-0.4686369597911834,-0.1423786133527755,0.1035959124565124,-0.1331885308027267,0.1634913980960846,0.0073654088191688,0.0055519333109259,0.0112402625381946,0.0467041172087192,-0.0285748485475778,-0.033376071602106,-0.0075447466224431,0.0020950029138475,2.2277064323425293,0.7762439250946045,1.497700810432434,1.227049708366394,0.9425129890441896,0.7956317067146301,0.6009296178817749,0.7004233598709106,0.9002304077148438,0.6337644457817078,0.8438172340393066,0.4477928876876831,0.5582537055015564,0.3043905198574066,0.0578832626342773,-0.1579565554857254,-0.1949567794799804,0.028665468096733,0.0516425222158432,0.0311143845319747,0.0739673301577568,0.1036949604749679,0.0267465803772211,-0.0321220383048057,-0.0317644327878952,-0.0291229579597711,2.0262367725372314,0.5709017515182495,1.0115922689437866,1.0492545366287231,0.4124907255172729,0.4554826617240906,0.3760027885437011,0.3716251850128174,0.4873242974281311,0.4022539258003235,0.4543695151805877,0.3167027235031128,0.3587273359298706,0.0135321955275885,0.0081901378050224,0.088969480451655,0.0468017362315655,15.10469429042603,1,Rekurrensparese,155,u_n
-327.1059265136719,182.5326995849609,48.07741928100586,20.53030586242676,-8.491131782531738,0.4057639241218567,10.586791038513184,1.702392578125,8.979452133178711,10.369903564453123,2.171305894851685,-2.873218536376953,-1.4059640169143677,14.553650856018066,4.9314799308776855,7.370570182800293,4.494731903076172,5.768829822540283,4.058504581451416,4.025356769561768,3.7879931926727295,3.580592632293701,3.67934799194336,3.064918041229248,3.150340795516968,3.13187313079834,-0.0558103285729885,0.0612066686153411,0.0535782575607299,0.0236040521413087,0.0015952120302245,-0.0033123076427727,-0.0309730507433414,-0.0172111131250858,0.0249354932457208,0.0048539000563323,-0.0181320942938327,0.0284935180097818,0.0075286775827407,2.443103790283203,0.8040098547935486,0.6834027171134949,0.7595447301864624,0.8148270845413208,0.6548770070075989,0.6877363324165344,0.5339387059211731,0.6057512760162354,0.5633257627487183,0.5130007863044739,0.599873960018158,0.5723642706871033,0.3686182200908661,-0.1144973337650299,-0.0052461945451796,0.0726968795061111,0.1070961281657219,0.0301967673003673,-0.0259091909974813,0.0181674137711524,-0.0125373397022485,-0.0222003515809774,0.002460912335664,0.0309061706066131,0.0111325215548276,1.6609792709350586,0.6566963791847229,0.5022186040878296,0.5702483057975769,0.6337469220161438,0.4974006712436676,0.4792844951152801,0.4834906458854675,0.4440585374832153,0.5070990920066833,0.4103946089744568,0.4521750211715698,0.4088025093078613,0.0048901998491739,0.0029862466646445,0.0356666177311133,0.0190549388001107,24.294494777199617,1,Rekurrensparese,1553,u_n
-248.12245178222656,120.08233642578124,20.75281143188477,57.22990417480469,-28.42092514038086,6.605265140533447,-12.03662109375,-6.113888263702393,4.855564117431641,-4.820170402526856,12.159422874450684,-20.410375595092773,-20.341386795043945,42.21921920776367,23.19367218017578,17.08519172668457,10.90855312347412,16.06764793395996,12.101097106933594,9.950685501098633,6.334336280822754,13.450787544250488,7.799679756164551,6.374503135681152,14.614072799682615,5.661472320556641,-0.2615706622600555,0.134910374879837,-0.0311388839036226,0.0673501342535018,-0.0834249481558799,-0.0206005070358514,-0.0270754974335432,-0.0438656359910965,-0.0797505006194114,-0.0780040025711059,-0.0427959151566028,-0.1722475588321685,-0.0029273950494825,4.050574779510498,2.729970693588257,1.580773115158081,1.5439828634262085,1.3749759197235107,1.0680941343307495,1.1267404556274414,0.9612212181091307,0.8815951347351074,0.7991229891777039,0.7317500710487366,0.9162425994873048,0.9024493098258972,0.2172912359237671,0.0597279220819473,-0.0217301864176988,-0.0929389521479606,0.0910055786371231,-0.0207481440156698,0.0427363365888595,0.0183015558868646,0.0291954446583986,-0.0276014097034931,-0.0386774018406868,0.0557005144655704,0.0559089593589305,1.846795678138733,1.2822304964065552,0.8570477962493896,0.845210611820221,0.7621746063232422,0.5469249486923218,0.6460232138633728,0.5203149318695068,0.4796767830848694,0.5286750793457031,0.4973068833351135,0.5420754551887512,0.5051376223564148,0.0418021585197164,0.0223808866070965,0.141932413174886,0.0748204114488993,14.617503808090587,1,Rekurrensparese,1555,u_n
-387.2270202636719,180.56442260742188,73.87533569335938,70.42585754394531,-15.131548881530762,-1.9644190073013303,9.40503215789795,-17.012624740600586,-5.822715759277344,10.214387893676758,5.647651672363281,1.0095887184143066,9.079656600952148,36.44311141967773,7.9595232009887695,12.795804023742676,9.720332145690918,11.863252639770508,6.297864437103272,7.76871395111084,6.683814525604248,5.890830993652344,5.633347034454346,4.264554500579834,4.303643703460693,3.310299634933472,-1.8961198329925537,0.2935698926448822,0.696783721446991,0.2534385919570923,0.3233161270618438,-0.0323116853833198,-0.1296485662460327,-0.1938734799623489,-0.2259735465049743,-0.1296765208244323,-0.0807252824306488,-0.1105772331357002,-0.0431081652641296,3.649405717849731,1.2629289627075195,1.222746968269348,1.3156555891036987,1.714890718460083,0.9625883102416992,1.0193108320236206,0.8650164008140564,0.7109503149986267,0.6908729076385498,0.5544299483299255,0.7913495302200317,0.5049103498458862,0.8406583666801453,-0.2623791396617889,-0.2658053338527679,-0.2766174674034118,0.3729566037654876,0.0208849366754293,-0.0338109694421291,0.2334257364273071,0.0350995510816574,-0.0754997283220291,0.0051037105731666,0.1097632199525833,-0.006338601000607,2.3536555767059326,0.872422993183136,1.1254687309265137,1.0383681058883667,1.0299800634384155,0.5895279049873352,0.4502641856670379,0.8375033736228943,0.4592130780220032,0.4250130653381347,0.4553215503692627,0.5440329909324646,0.3625015318393707,0.0054559143813192,0.0030502309676473,0.0302520416809394,0.0128206945626013,24.30349389163161,1,Rekurrensparese,1564,u_n
-301.1243591308594,149.5774688720703,49.8799934387207,29.87484359741211,-45.98292541503906,-5.436190605163574,-9.261090278625488,-24.77440452575684,16.661399841308594,0.8010948300361633,-15.71877384185791,-8.046935081481934,-10.77602481842041,34.94620895385742,7.293537139892578,11.0628662109375,4.640741348266602,8.03073501586914,5.3668060302734375,4.7897796630859375,5.804506301879883,5.377562522888184,3.740026235580444,4.382266998291016,3.535874366760254,2.7675347328186035,-0.556659996509552,-0.0024534137919545,0.1397362500429153,0.0022381169255822,-0.0929822623729705,-0.0892168805003166,-0.0125789837911725,-0.0316229537129402,0.0105308350175619,0.0491058900952339,-0.010041557252407,-0.0083920396864414,-0.0247364584356546,3.2164602279663086,0.7964984774589539,0.9445928931236268,0.706770122051239,1.269739270210266,0.6256700754165649,0.6532836556434631,0.7736414074897766,0.6592503190040588,0.5232155323028564,0.658128559589386,0.5778928399085999,0.4868279993534088,0.7171357870101929,0.0256212688982486,-0.1149075776338577,-0.051170777529478,0.2319748401641845,0.0140270171687006,-0.0354957990348339,0.067898966372013,-0.1147746667265892,-0.0431449115276336,0.038255363702774,-0.0288169775158166,-0.0195742715150117,2.605118989944458,0.5356878638267517,0.8000891804695129,0.6085624694824219,0.976920485496521,0.4059722125530243,0.5522249341011047,0.6490326523780823,0.6264815330505371,0.485929936170578,0.5208500623703003,0.4375770092010498,0.3666792213916778,0.0031863072183106,0.0016929768612157,0.0224424097528018,0.012181108680531,29.27727496752028,1,Rekurrensparese,1570,u_n
-371.4137268066406,172.09957885742188,45.02748107910156,55.39571762084961,-17.851072311401367,-11.61147403717041,-13.37224292755127,-24.494922637939453,-13.958826065063477,-11.01402187347412,-1.4060919284820557,-4.851722240447998,-6.997927188873291,24.770952224731445,8.961080551147461,8.685467720031738,10.937333106994627,6.069312572479248,5.922033786773682,5.643775939941406,7.149394989013672,8.37987232208252,6.270022392272949,7.525454521179199,4.45375394821167,6.356194972991943,0.0133696598932147,0.0066666863858699,-0.0320295616984367,-0.0118407439440488,-0.0443217605352401,-0.0513205751776695,0.0034502721391618,-0.0158793367445468,-0.0531706735491752,-0.0159747824072837,0.0423440299928188,0.0360603034496307,-0.0170094836503267,4.442984580993652,1.319502830505371,1.309105396270752,1.5781124830245972,1.256678819656372,0.9444074034690856,0.9805550575256348,1.296207308769226,1.1761066913604736,1.1180812120437622,0.8832096457481384,0.7845985293388367,1.0053889751434326,0.730499804019928,-0.1072757467627525,-0.0798133090138435,-0.1116355136036872,0.0862582847476005,0.0410491414368152,0.0346441715955734,0.0478853806853294,-0.0023300624452531,-0.0008483146666549,-0.0622095242142677,0.0044372756965458,0.0172704719007015,3.0296876430511475,0.6787437796592712,0.6893376111984253,0.7025237083435059,0.7244848012924194,0.5864083170890808,0.5067570805549622,0.5505790114402771,0.5901766419410706,0.546358048915863,0.6004911065101624,0.4926039278507232,0.5467981100082397,0.0025010264195893,0.0009345496662659,0.0168610449508476,0.0070904101475802,30.40120663674605,1,Rekurrensparese,1581,u_n
-368.736328125,191.0473022460937,65.86730194091797,76.72555541992188,-11.25361156463623,20.26238822937012,-23.478008270263672,-10.081342697143556,11.50997257232666,-18.47443962097168,-5.601294040679932,7.511538505554199,-8.70576000213623,14.739517211914062,7.053140163421631,11.141493797302246,7.926304817199707,6.3418073654174805,4.940659999847412,7.979859352111816,3.825066566467285,3.855056524276733,4.636694431304932,4.729086399078369,5.412328243255615,4.281858921051025,-0.1548633873462677,0.1308259218931198,0.1671676784753799,0.065213069319725,0.0019467213423922,0.0024676518514752,-0.1278482526540756,-0.0044827028177678,-0.0304214134812355,-0.0470714010298252,-0.0176678132265806,-0.0142963910475373,-0.0351043231785297,2.340238809585572,1.051538348197937,0.7104085683822632,1.0851025581359863,1.0247995853424072,0.8456476330757141,0.6490030884742737,0.6271788477897644,0.7768679261207581,0.7823625206947327,0.7323657870292664,0.6578924655914307,0.6110960841178894,0.4187229871749878,-0.1485204994678497,-0.0863841474056243,-0.1576029360294342,0.0971031561493873,-0.056828923523426,0.1223048716783523,0.031256478279829,-0.0259710904210805,0.0475228689610958,-0.0078343069180846,-0.0263179894536733,0.0194925125688314,1.7187925577163696,0.7734628319740295,0.5777601599693298,0.8567688465118408,0.5957220196723938,0.5610600113868713,0.6828202605247498,0.5534166097640991,0.4730565249919891,0.5208649039268494,0.5141727328300476,0.5228933691978455,0.5153831243515015,0.0037589656190563,0.0019624799527894,0.0315814456759821,0.0170674472345294,23.59642946620524,1,Rekurrensparese,1601,u_n
-349.92919921875,129.32093811035156,49.6435432434082,70.01161193847656,-22.52798080444336,13.573237419128418,-6.862852096557617,-35.05620574951172,-19.853796005249023,-3.802971363067627,-7.255638122558594,-6.611318588256836,-2.8703813552856445,30.09401512145996,5.322710514068604,5.852646350860596,8.040295600891113,6.215797424316406,5.557811260223389,3.2183449268341064,6.765031814575195,4.676345348358154,3.045891046524048,4.631906032562256,3.985092639923096,4.842442035675049,-0.1841629743576049,0.0081938877701759,-0.0358708873391151,0.0828736796975135,8.901427645469084e-05,0.0059170247986912,-0.0046659051440656,-0.000678843120113,-0.00528085231781,-0.0548448786139488,-0.0164854545146226,-0.0166902542114257,-0.0258907377719879,5.584514617919922,0.902299463748932,1.1582388877868652,1.6625553369522097,1.1777467727661133,0.7508376836776733,0.6093169450759888,0.9188020825386048,0.6147574186325073,0.5317410826683044,0.6708882451057434,0.7128670811653137,0.6271300315856934,1.227223515510559,0.0743479281663894,-0.1488661915063858,-0.3466170132160187,0.1997085660696029,-0.0694293305277824,0.0291262213140726,0.1940721571445465,0.1130270138382911,-0.0296678263694047,-0.0522427186369895,0.0417288690805435,0.0330970920622348,3.3607144355773926,0.5246906876564026,0.6362922191619873,1.1049232482910156,0.8188256025314331,0.5537135004997253,0.405155748128891,0.7533494234085083,0.5509316325187683,0.4016434848308563,0.5241395235061646,0.5016757249832153,0.4461754858493805,0.002771885921496,0.0016125675152648,0.0121499978678426,0.0064379151327708,31.66173442751664,1,Rekurrensparese,1604,u_n
-308.8293762207031,148.28848266601562,65.07061767578125,81.50399780273438,-37.25698852539063,12.698623657226562,-14.537615776062012,-15.660703659057615,15.78107452392578,-21.0857048034668,3.5850307941436768,12.411490440368652,-16.971269607543945,11.920231819152832,8.518534660339355,6.507297992706299,9.492183685302734,5.430441856384277,5.86341667175293,4.34615421295166,4.39129638671875,5.590225696563721,4.148727893829346,3.934891939163208,5.883113861083984,5.482737064361572,-0.1524511575698852,-0.0352533012628555,0.0797283798456192,0.1177149266004562,-0.0952362045645713,-0.0425232537090778,0.0321042090654373,0.0502357482910156,0.0948590785264968,0.0539276748895645,0.0614887177944183,0.1149414107203483,-0.0944107770919799,2.1429154872894287,1.258093237876892,1.040998935699463,0.8307071328163147,0.9144309759140016,0.6285665035247803,0.6658835411071777,0.7198859453201294,0.6794636845588684,0.6963198184967041,0.7012861967086792,0.6353321671485901,0.6579955816268921,0.2725657820701599,-0.00990298576653,-0.0704951509833335,-0.0532014891505241,0.1005919873714447,0.0225581713020801,0.0782749950885772,0.0414893664419651,-0.0099914977326989,0.0074503389187157,-0.0010851949919015,0.0053698932752013,0.0112230693921446,1.5130486488342283,0.6901602149009705,0.7886824011802673,0.7101650238037109,0.657886266708374,0.491589218378067,0.5300157070159912,0.5109825134277344,0.569622814655304,0.4798663854598999,0.4584367871284485,0.4533136487007141,0.4402031004428863,0.0041225889378125,0.0022423527427825,0.0419603841312774,0.0221646006038793,20.81276157657645,1,Rekurrensparese,1620,u_n
-301.79150390625,187.9330139160156,33.96263122558594,27.61716079711914,-14.80815601348877,-2.606546640396118,1.2948217391967771,3.5223519802093506,14.831427574157717,-2.2345128059387207,5.594960689544678,-0.7860495448112488,-19.571273803710938,24.957252502441406,8.023412704467773,5.459511756896973,7.243206024169922,5.889847755432129,4.697015285491943,5.076767444610596,4.918162345886231,4.606077671051025,4.383785724639893,4.276189804077148,3.99199104309082,4.342859268188477,-0.9004002809524536,0.0347819849848747,0.0388734079897403,-0.103859432041645,-0.007966180332005,0.0027039018459618,-0.026046497747302,-0.0734394416213035,-0.0094610154628753,0.046870045363903,0.0198066160082817,0.0019594531040638,-0.0169619917869567,3.209841251373291,1.3570092916488647,0.6071447134017944,0.7362425327301025,0.87571120262146,0.7105056643486023,0.6109827160835266,0.7561540603637695,0.6735320091247559,0.5751050710678101,0.7393139004707336,0.6542420983314514,0.6388918161392212,0.6217163801193237,-0.2097801715135574,-0.0347480997443199,-0.0253420807421207,0.1036184132099151,0.0567941255867481,0.0339581184089183,-0.0265002734959125,-0.0882806703448295,0.0014045669231563,-0.0241617560386657,0.003121402580291,0.0310204159468412,2.51810622215271,0.8778581023216248,0.5544608235359192,0.5984795093536377,0.5736900568008423,0.5609928965568542,0.4775204062461853,0.5678715705871582,0.5763758420944214,0.445832759141922,0.4377225041389465,0.4452677369117737,0.4708983898162842,0.007322422678058,0.0043041009518734,0.0290952851042119,0.0160605655714451,24.222600864591048,1,Rekurrensparese,1624,u_n
-411.4628601074219,183.16856384277344,78.12387084960938,49.03178405761719,2.115886688232422,-1.213159441947937,-12.874307632446287,-15.698575019836426,-2.390979290008545,-0.0953629612922668,-7.129075527191162,-3.26061487197876,-1.9536128044128416,34.861183166503906,9.065714836120604,13.671879768371582,9.616701126098633,4.483241558074951,12.933274269104004,5.783807754516602,6.547879219055176,4.490093231201172,4.218380451202393,3.383014440536499,4.814465522766113,3.880155086517334,1.0491937398910522,-0.4187520444393158,-0.2957873046398163,-0.0197359137237072,-0.0468907356262207,-0.1333854496479034,0.0151308057829737,-0.0909142792224884,-0.058232843875885,0.0538955889642238,0.095952108502388,0.0711880922317504,-0.1230672895908355,5.044837951660156,2.0483341217041016,1.8464597463607788,1.2927472591400146,0.9417519569396972,1.1219322681427002,0.7183868288993835,0.704849898815155,0.7353397607803345,0.7121559381484985,0.7352712154388428,0.576951801776886,0.6086327433586121,0.8804666996002197,-0.0474997051060199,-0.0812741070985794,-0.0695403441786766,0.0908821001648902,-0.0611200481653213,0.1365073323249817,0.1770029515028,-0.07955052703619,-0.101716935634613,-0.0035782295744866,0.0367084816098213,0.083607479929924,3.093921422958374,0.9098007082939148,0.8523693680763245,0.9732556343078612,0.5111429691314697,0.5298402309417725,0.7506258487701416,0.8199306130409241,0.4930597245693207,0.4562433958053589,0.408479243516922,0.4105351865291595,0.4510156512260437,0.0046719074191736,0.0027267633129021,0.0185922188132468,0.0086611646066572,28.330636106130395,1,Rekurrensparese,1626,u_n
-233.2757110595703,146.4998779296875,22.19715690612793,66.04334259033203,-44.16563034057617,10.082968711853027,-7.046339511871338,-5.4120917320251465,-7.599484920501709,6.2676873207092285,9.858250617980955,-1.352615237236023,8.130748748779297,18.63152503967285,7.75508975982666,9.28463363647461,5.550111770629883,5.3125739097595215,3.588767766952514,4.537256240844727,4.6997175216674805,5.461119174957275,4.662883758544922,4.195620536804199,4.347382068634033,5.117136001586914,-0.1431974321603775,0.0113092856481671,0.0260786321014165,0.0835875570774078,-0.1047794222831726,0.0021010066848248,0.0663748681545257,-0.0162840764969587,-0.0192136410623788,-0.0640589073300361,-0.0249604526907205,-0.0302820280194282,0.0547049641609191,1.5450654029846191,0.9748969078063964,0.7670598030090332,0.8518730998039246,0.9103794097900392,0.6126273274421692,0.7067870497703552,0.7167180180549622,0.8084526658058167,0.7974990606307983,0.678434431552887,0.7467907071113586,0.7302236557006836,0.0441970564424991,-0.012958325445652,0.0344486720860004,-0.0134835988283157,0.0730125829577446,-0.030860811471939,0.0048240036703646,0.0091044409200549,0.0395511537790298,-0.0366854183375835,-0.0232112258672714,-0.018763056024909,-0.004075685981661,0.6712357997894287,0.4882411360740661,0.5128827691078186,0.6329675316810608,0.5935283899307251,0.4880912601947784,0.5020524859428406,0.6236056089401245,0.6546843647956848,0.5484318137168884,0.5263841152191162,0.6182138323783875,0.5343527793884277,0.0496125159793299,0.0283676408002614,0.2010279268046138,0.0949158965420121,3.13592709628095,1,Rekurrensparese,1630,u_n
-360.8297119140625,128.03335571289062,52.868778228759766,18.7304630279541,-39.81357192993164,-17.556819915771484,-30.42287254333496,10.59700870513916,-2.337896585464477,22.85993003845215,9.502725601196287,-10.229458808898926,0.5595552921295166,10.717893600463867,9.15386962890625,6.64680814743042,5.615200042724609,3.877502918243408,4.876957416534424,4.086520671844482,5.136871814727783,6.348514556884766,5.512402534484863,4.865830421447754,5.427264213562012,4.336000442504883,-0.2125999927520752,-0.3549479246139526,-0.1530175954103469,-0.0465971790254116,-0.0996651798486709,-0.1871698945760727,0.0069658048450946,0.0949870347976684,0.0569838657975196,0.0287310667335987,0.1078553646802902,-0.084515742957592,-0.1738065779209137,1.8173401355743408,1.011266827583313,1.0398228168487549,0.883496105670929,0.5955605506896973,0.6172565817832947,0.6765152215957642,0.6533790826797485,0.6684898734092712,0.838932454586029,0.6743378639221191,0.6181989908218384,0.550667941570282,0.245320126414299,0.116462841629982,-0.2427350282669067,-0.2270174473524093,-0.0210493765771389,-0.002843040972948,0.0109019912779331,0.0448901057243347,0.0959260091185569,0.0199471525847911,0.0459634400904178,0.0427638627588748,-0.0361896492540836,1.0157043933868408,0.6745346784591675,0.9469438791275024,0.8729251027107239,0.448524534702301,0.4864853024482727,0.5840776562690735,0.5604416131973267,0.6418559551239014,0.5881109833717346,0.5881415605545044,0.5050421953201294,0.4623219072818756,0.0263239533901314,0.0131928183019233,0.1407905940627011,0.0737121467438297,12.81407543036902,1,Rekurrensparese,1631,u_n
-301.6277160644531,177.4518280029297,49.437381744384766,55.50466537475586,-40.65714263916016,35.18247604370117,-1.5774354934692385,-8.624565124511719,24.06057929992676,14.041372299194336,3.44787073135376,-1.8586136102676392,-10.305008888244627,13.116503715515137,10.362227439880373,5.093328952789307,5.313026905059815,9.689216613769531,6.143517971038818,4.81832218170166,6.786779880523682,4.041372776031494,3.581062078475952,3.5687332153320312,4.749607086181641,3.875499963760376,-0.7633081674575806,-0.1955761164426803,0.0500150024890899,0.1457169950008392,-0.4341700077056885,0.2133681327104568,-0.1005310341715812,-0.2877713739871979,-0.1015344262123107,-0.0290003754198551,-0.0941843092441558,-0.0841677263379097,0.0048741395585238,1.7957348823547363,1.147266149520874,0.7216028571128845,0.9856152534484864,0.8769365549087524,1.1309044361114502,0.7185515761375427,0.7087053060531616,0.5838863849639893,0.5719051361083984,0.6346225738525391,0.5817785263061523,0.5846663117408752,0.2708696126937866,-0.1340203732252121,-0.0450653657317161,-0.1321530938148498,0.2470424026250839,-0.0151434410363435,0.0950570702552795,0.0753631815314292,-4.67594582005404e-05,0.0056465165689587,0.0579828545451164,0.0156580675393342,0.0028504186775535,1.520990252494812,0.8184231519699097,0.4331133365631103,0.7270503044128418,0.8165594339370728,0.627225399017334,0.4921293556690216,0.5508846640586853,0.5628514289855957,0.3894274234771728,0.4491375684738159,0.463562399148941,0.4453121721744537,0.0169153467649923,0.0097460042294586,0.1100223146230105,0.061228981158689,11.264876379922368,1,Rekurrensparese,1638,u_n
-342.5564270019531,215.625717163086,56.57471466064453,54.4228515625,10.608623504638672,-10.030494689941406,-5.57325553894043,-6.810770034790039,-5.237690448760986,13.727052688598633,5.572954177856445,-10.317915916442873,-1.1067332029342651,25.248998641967773,12.448223114013672,10.48163604736328,5.410492897033691,5.266120910644531,5.57016658782959,6.196837425231934,5.821506023406982,4.60826301574707,5.24072265625,4.595936298370361,6.030178546905518,3.425445556640625,-0.514410674571991,0.1561544388532638,0.1322245001792907,0.0437462292611599,0.0396988876163959,-0.0746769234538078,-0.1054243296384811,-0.0435337424278259,0.0600246749818325,0.0734376236796379,0.0072054038755595,-0.010968055576086,0.0176624916493892,3.4932098388671875,1.6588162183761597,0.7578991651535034,0.921703577041626,0.614189088344574,0.5972546935081482,0.7191773653030396,0.7977984547615051,0.6055952906608582,0.5326169729232788,0.6082162261009216,0.738015353679657,0.4244029521942138,0.6387738585472107,-0.2968668043613434,-0.081485703587532,-0.118204154074192,0.0212222542613744,0.0777638629078865,0.025581419467926,0.030178802087903,0.0032610304187983,-0.067611426115036,0.0195790398865938,0.0776456147432327,0.0022868381347507,2.4004499912261963,1.202836513519287,0.5515214204788208,0.6710869669914246,0.512471616268158,0.5464245676994324,0.5052423477172852,0.5588551759719849,0.4618171155452728,0.4828245937824249,0.4680954217910766,0.5635632872581482,0.3395558297634125,0.039070523331671,0.0258305529797995,0.0660920106010758,0.0366105467175804,19.44996515463207,1,Rekurrensparese,1641,u_n
-256.5967102050781,170.11331176757812,10.351819038391112,15.542582511901855,-39.67365646362305,7.72174072265625,-0.4048495590686798,6.152176380157471,5.647852897644043,6.180976867675781,-3.392594814300537,-14.263656616210938,-10.354044914245604,23.4214096069336,4.251967430114746,6.68421745300293,5.760981559753418,4.503529071807861,4.536773204803467,4.250665664672852,4.826560020446777,4.179846286773682,3.6718029975891113,3.331010341644287,3.774975061416626,3.5824108123779297,-0.943884551525116,-0.0694595947861671,0.0142896967008709,-0.2510479986667633,0.1342104524374008,-0.0519861839711666,0.1795349866151809,-0.0445856712758541,-0.0676769241690635,-0.010745988227427,-0.0865460336208343,-0.0671417936682701,0.0408104285597801,1.215437412261963,0.740083634853363,1.010758638381958,0.8300620317459106,0.7945517897605896,0.5306295156478882,0.5708985924720764,0.7663980722427368,0.7460157871246338,0.5694208145141602,0.6439390778541565,0.7053157091140747,0.6557876467704773,-0.0011143975425511,-0.0622056424617767,0.1741123348474502,0.0109188137575984,0.1633437424898147,-0.0036537612322717,0.0969201922416687,0.0963243916630745,0.1215941831469535,-0.0418175309896469,-0.0685067623853683,-0.0153850289061665,-0.0158268045634031,0.7183496952056885,0.6409321427345276,0.6856263875961304,0.5943948030471802,0.6337621212005615,0.4638480544090271,0.4841687977313995,0.603039562702179,0.613486647605896,0.4030407965183258,0.4550223350524902,0.514915943145752,0.471958190202713,0.0142006869178275,0.0081228221223694,0.1164611729879641,0.0614908060812046,14.317517603515778,1,Rekurrensparese,1644,u_n
-322.24127197265625,113.75687408447266,85.50444793701172,90.65349578857422,-33.28795623779297,13.504345893859863,-30.319744110107425,-19.34320831298828,-10.965696334838867,-1.806143999099732,2.715337038040161,-16.35809898376465,-2.7620558738708496,28.89940643310547,6.8710618019104,8.976934432983398,8.057512283325195,10.038198471069336,6.478394508361816,5.682560443878174,8.724346160888672,3.995193719863892,5.489917278289795,4.873907089233398,3.93972110748291,3.8051505088806152,-0.6565372943878174,0.0363403633236885,0.1620720028877258,0.0593254826962947,0.0683718249201774,-0.0250486060976982,-0.0727033987641334,0.0558725073933601,-0.0266071334481239,-0.0466690845787525,0.0603505112230777,0.0157656800001859,-0.0243533495813608,2.5761780738830566,1.129787564277649,1.065934658050537,1.1309700012207031,1.005595326423645,0.5726380348205566,0.755134105682373,0.7642314434051514,0.6100894212722778,0.7918751239776611,0.6412949562072754,0.6328858137130737,0.6777377128601074,0.3641269505023956,0.1199143528938293,-0.1210570633411407,-0.1404702216386795,0.1418498158454895,0.0072570322081446,0.086583711206913,0.0511547066271305,0.0001979484368348,-0.0662651062011718,-0.0015800554538145,0.0171002876013517,-0.0107692722231149,1.6213241815567017,0.6602519750595093,0.7619399428367615,0.7494833469390869,0.8565274477005005,0.4057348966598511,0.6173646450042725,0.5489097833633423,0.4914895892143249,0.4992824792861938,0.4214028120040893,0.4246372580528259,0.4598442018032074,0.0064982572743308,0.003948767948436,0.0252973287957309,0.0135566985552417,25.94434469606193,1,Rekurrensparese,1655,u_n
-329.99737548828125,193.1491241455078,51.70467376708984,32.01988983154297,-10.888856887817385,-10.94290256500244,-12.48505687713623,-10.095741271972656,1.2015169858932495,-1.788709044456482,-10.566511154174805,-8.986102104187012,-12.637298583984377,20.68144798278809,8.1282320022583,12.445646286010742,8.693159103393555,8.691903114318848,5.472978591918945,7.651095867156982,6.656628608703613,5.956856727600098,3.652503728866577,4.478990077972412,5.732882499694824,4.445462226867676,-0.0823442712426185,-0.0104003008455038,-0.3312904238700866,-0.2292507588863372,-0.1695789545774459,0.0328356400132179,0.0673284456133842,0.2593144476413727,0.2161916196346283,0.0729996636509895,0.0566819682717323,-0.1611299365758896,-0.14273002743721,3.2460057735443115,1.6341931819915771,1.511413812637329,1.0551252365112305,1.2126336097717283,0.9846330285072328,1.145531415939331,0.7416183948516846,0.8208622932434082,0.6981925964355469,0.6422700881958008,0.4580350220203399,0.6724063754081726,0.875359833240509,-0.368719607591629,-0.3393317759037018,-0.2186029106378555,0.1783000230789184,0.1843219995498657,0.1208086237311363,0.1129486635327339,-0.083476722240448,-0.0062177078798413,0.0631759762763977,0.0051974137313663,0.0470505580306053,2.719541311264038,1.1436692476272583,1.304604172706604,0.9282130599021912,0.6489952206611633,0.7199298143386841,0.5408270955085754,0.4751119017601013,0.4226967394351959,0.4739758968353271,0.4255931377410888,0.3609682023525238,0.4440171718597412,0.0094344390942909,0.0054243978864549,0.0347524701404084,0.0183831253072608,24.1846192574478,1,Rekurrensparese,1658,u_n
-364.1593322753906,197.1637420654297,76.80159759521484,82.66587829589844,4.344673156738281,11.61803150177002,-34.980037689208984,-14.175684928894045,19.02171897888184,-28.33272361755371,-7.208499908447266,23.01253318786621,-1.8224283456802368,20.60724830627441,7.273782253265381,6.92808723449707,7.776088714599609,6.993368625640869,5.113038063049316,9.30274772644043,4.990161418914795,5.836002349853516,6.159511089324951,4.144913196563721,5.746144771575928,3.1632559299468994,0.1089361757040023,-0.0216886159032583,-0.0601636245846748,0.0394762679934501,0.0292599331587553,0.0102631663903594,-0.0757539495825767,-0.0225232392549514,0.0564593076705932,-0.0399288870394229,-0.0577923841774463,-0.0203300584107637,-0.0065359771251678,2.4531047344207764,1.1177172660827637,0.921095609664917,1.1429911851882937,0.9682341814041138,0.8230632543563843,0.8275221586227417,0.8348385095596313,0.8563901782035828,0.8465737104415894,0.6511842608451843,0.7407767176628113,0.5468258857727051,0.3259488046169281,-0.1404044032096862,-0.1049408391118049,-0.090212844312191,0.0807158201932907,0.0070601082406938,0.0941571220755577,-0.0195445399731397,-0.080271191895008,0.0747306123375892,0.0293172784149646,-0.0425152294337749,-0.0028116691391915,1.563151240348816,0.8632400035858154,0.7442383170127869,0.7122188210487366,0.7093613147735596,0.563648521900177,0.6080517172813416,0.5505043864250183,0.5523164868354797,0.5377897024154663,0.449136883020401,0.4755092561244964,0.3767352700233459,0.0033705354708787,0.0017189739309421,0.0320018128738019,0.016135327696231,26.32824836100947,1,Rekurrensparese,1662,u_n
-400.9221496582031,168.10035705566406,61.69016647338867,59.605804443359375,2.7002508640289307,-5.048527717590332,-21.619287490844727,-27.12341690063477,1.6276923418045044,-14.004024505615234,-18.593488693237305,2.9205150604248047,2.3135645389556885,28.08670425415039,6.390046119689941,4.225255966186523,6.215392112731934,6.349278926849365,8.091209411621094,5.087682247161865,3.950366735458374,4.476611137390137,5.140583515167236,3.880218982696533,2.904224395751953,3.119924545288086,-0.1148200631141662,-0.0883864536881446,-0.0039894278161227,0.0365510657429695,0.0323751755058765,-0.0148683283478021,0.0247361585497856,-0.0554007515311241,-0.0631125569343566,0.0174251236021518,-0.0147353643551468,0.0019401743775233,0.0024439473636448,4.756392002105713,0.9676368832588196,0.802585780620575,0.9482614398002625,0.837571918964386,0.8403446674346924,0.7124156951904297,0.6638951897621155,0.6768798232078552,0.8081762194633484,0.6290848255157471,0.5248339176177979,0.5493888854980469,0.9469323754310608,0.0263559240847826,-0.1074544116854667,-0.1611357778310775,0.031729269772768,0.0095598148182034,0.0629913583397865,0.0898668467998504,-0.0288269985467195,0.048055775463581,0.0632816702127456,-0.020473388954997,-0.0100657641887664,3.7362329959869385,0.5321861505508423,0.5016090273857117,0.7466979622840881,0.4938819110393524,0.5001358389854431,0.4425320625305176,0.5220444202423096,0.3486990332603454,0.5200706720352173,0.4455307424068451,0.4026239514350891,0.3644094169139862,0.0024736606591788,0.0014413620142991,0.0113017550378997,0.0042711760304572,32.417801658017154,1,Rekurrensparese,1664,u_n
-376.5903930664063,183.2838592529297,67.02310943603516,57.27637100219727,1.851589560508728,15.914247512817385,7.140235900878906,-3.169861078262329,-3.8789725303649902,5.777495384216309,18.67696952819824,-2.9910755157470703,2.58231782913208,12.18028736114502,7.878401279449463,4.153700351715088,4.7497148513793945,5.341387271881104,4.523293495178223,4.911135196685791,3.741030693054199,3.820956945419312,4.761735916137695,4.200965404510498,3.581795454025269,4.254523277282715,-0.0047071422450244,-0.1178297027945518,-0.0302878879010677,-0.0780061706900596,0.0887489840388298,0.0184091031551361,-0.0207319557666778,-0.0098429359495639,0.0177766866981983,-0.0200328323990106,-0.0412842594087123,0.0492067597806453,-0.0211718119680881,1.4517806768417358,0.8209047317504883,0.7946988344192505,0.8094111084938049,0.8912057876586914,0.7165436744689941,0.6527312397956848,0.5632088780403137,0.6116927266120911,0.6142812371253967,0.6640968322753906,0.6239698529243469,0.5936807990074158,0.1769711077213287,-0.0097965067252516,-0.0412129051983356,-0.0012662962544709,0.071940116584301,-0.0189856830984354,-0.018271354958415,0.0227640606462955,0.0361299067735672,0.0188193656504154,-0.0258931405842304,0.0157845336943864,0.0277348812669515,1.2194775342941284,0.6276506185531616,0.5550807118415833,0.5440269708633423,0.6641891598701477,0.5157238841056824,0.5273725986480713,0.451577365398407,0.508053719997406,0.6004534959793091,0.5497376322746277,0.4635970294475555,0.4914179444313049,0.0062253250351742,0.0035686371061978,0.0562790393717782,0.0216849440033188,21.804632800325297,1,Rekurrensparese,1671,u_n
-302.9870910644531,124.08313751220705,83.27337646484375,79.82744598388672,-28.25018882751465,2.568258285522461,-24.849184036254883,-4.386083602905273,-10.392221450805664,-11.09197998046875,-4.482831954956055,-6.3327178955078125,-7.468468189239502,30.86794853210449,6.582855224609375,8.680448532104492,8.318681716918945,6.0991291999816895,5.175678253173828,7.775290012359619,3.637275218963623,4.663880825042725,4.384527683258057,4.641654968261719,4.811412334442139,5.730166912078857,-0.3786087334156036,-0.0457146167755126,-0.0220292881131172,0.0087024252861738,-0.0268155243247747,-0.0204102750867605,0.0341775082051754,-0.001194140757434,-0.0385807678103446,0.002773180603981,0.0057649542577564,-0.0642765685915947,-0.0446670241653919,2.547931671142578,0.7541564702987671,1.39077889919281,1.256767988204956,0.9044000506401062,0.5393196940422058,0.8162078261375427,0.6305381059646606,0.633922815322876,0.6341928839683533,0.6078277230262756,0.6660887598991394,0.6236171722412109,0.4821416735649109,0.0232815723866224,-0.2350176572799682,-0.1953333020210266,0.1349848508834839,0.0285129100084304,0.09426811337471,-0.0119152460247278,-0.0087532829493284,-0.002883420092985,0.0271816104650497,0.0023432448506355,-0.0163339581340551,2.1374802589416504,0.4900151789188385,1.0868656635284424,0.9640665054321288,0.7560071349143982,0.5057935118675232,0.6518570780754089,0.4490390717983246,0.4514460265636444,0.4274582266807556,0.4499028623104095,0.5056166648864746,0.4913836121559143,0.0102847727895902,0.0062121265624708,0.0473740325456267,0.0267560385184824,23.218058809206312,1,Rekurrensparese,1676,u_n
-364.8428955078125,145.6858367919922,45.607208251953125,65.80004119873047,12.79377555847168,-7.122189044952393,-12.690950393676758,-7.287773609161377,-6.098199367523193,-4.073215961456299,3.8845536708831774,0.6716044545173645,-2.551441192626953,38.92989730834961,16.641225814819336,7.070864200592041,11.079878807067873,10.489975929260254,9.607150077819824,10.076781272888184,4.725547790527344,5.209532260894775,4.483991146087647,4.806924343109131,5.1975603103637695,4.8087897300720215,-1.632258653640747,0.0874041244387626,0.2543980777263641,-0.0313474014401435,0.0606937408447265,0.0923494696617126,0.205632597208023,0.0790203064680099,0.016341483220458,0.1149614304304122,0.037152960896492,-0.1227305382490158,0.0165900886058807,6.387177467346191,3.220223426818848,0.9427304863929749,1.899331331253052,2.0720455646514893,1.747567892074585,1.138547658920288,0.661128044128418,0.733129620552063,0.8176230192184448,0.8181936144828796,0.6246488690376282,0.6876294016838074,0.9841406345367432,-0.0094005558639764,-0.0614930801093578,-0.2116106003522873,0.0350095257163047,0.1389747112989425,0.1618867665529251,0.095687061548233,-0.0079993484541773,0.0194081738591194,-0.0500873401761055,-0.0570671781897544,0.0240758154541254,3.040212392807007,1.4037964344024658,0.4875303506851196,1.25795316696167,1.059693455696106,0.8360087871551514,0.7644597887992859,0.5525904893875122,0.4573620855808258,0.5968027710914612,0.4482659995555877,0.5548762083053589,0.5069588422775269,0.0032556722742094,0.0016861556398049,0.0148089644682758,0.0059998209372904,30.29611502202337,1,Rekurrensparese,1683,u_n
-346.6839904785156,160.1401824951172,65.26588439941406,56.02742004394531,9.717909812927246,-15.147212028503418,-18.260353088378903,-21.598567962646484,-11.831464767456056,-4.927818298339844,-8.69211483001709,-4.926472187042236,-4.27360200881958,47.29286575317383,12.49021816253662,11.603509902954102,9.536261558532717,4.498061656951904,6.871371746063232,6.72169828414917,4.906239032745361,3.636609554290772,2.8839786052703857,2.9287374019622803,3.68524980545044,3.5513737201690674,-0.943348228931427,-0.1110692918300628,0.0795712396502494,0.0447049178183078,0.0557529106736183,0.0892837643623352,0.0745119675993919,0.0211334209889173,-0.0272372439503669,0.0151301249861717,-0.016773696988821,0.0253873653709888,0.0733773335814476,8.39697551727295,1.5328996181488037,1.7283313274383545,1.4442644119262695,0.6723365783691406,1.0430234670639038,1.1529992818832395,1.0007175207138062,0.7181684970855713,0.3373032808303833,0.4612248241901397,0.780704140663147,0.6292049884796143,2.4796273708343506,-0.2410092949867248,-0.4283063411712646,-0.4108727574348449,-0.0296410825103521,0.1822302192449569,0.145171046257019,0.1930778622627258,-0.0002921455015894,-0.062285479158163,0.0379464551806449,-0.0116549655795097,0.0362272337079048,5.456099987030029,1.029893398284912,1.082297444343567,0.9807628989219666,0.3906835615634918,0.531531035900116,0.6161218881607056,0.6797356009483337,0.3604462146759033,0.2821705341339111,0.3531952202320099,0.5809270143508911,0.464450865983963,0.0065257937935335,0.0041888232388409,0.0170257139975529,0.0076442799915896,29.473710878426868,1,Rekurrensparese,1691,u_n
-405.9882507324219,169.03619384765625,75.45887756347656,50.68701171875,-6.5721049308776855,-2.333015918731689,-11.619418144226074,-24.207582473754883,5.913187980651856,-6.621744632720947,-12.671300888061523,3.6342544555664062,-3.116960525512696,32.3891487121582,5.055920124053955,8.306693077087402,5.005695819854736,5.544154167175293,5.138866424560547,3.605706453323364,4.188877582550049,4.024095058441162,2.935502290725708,3.0350375175476074,3.7354378700256334,3.7502031326293945,-0.7091526985168457,0.1554625183343887,0.1847433745861053,0.0647814273834228,0.035830307751894,-0.0133596006780862,-0.0002875156351365,-0.0279768835753202,-0.0251371841877698,0.0286660101264715,0.0392847172915935,0.0486843846738338,0.0396206118166446,5.627447605133057,0.8713217973709106,1.392001748085022,0.6986232995986938,0.962425708770752,0.7224437594413757,0.5650501251220703,0.7907708883285522,0.6945953965187073,0.3868643045425415,0.5864797830581665,0.5026919841766357,0.4123179316520691,1.2341983318328855,-0.0647047534584999,-0.2614741027355194,-0.132061168551445,0.1204523742198944,-0.0010957164922729,0.0569759532809257,0.1151914000511169,-0.0995782390236854,0.0048056640662252,0.0444663949310779,-0.0059830183163285,-0.0083737671375274,4.074190139770508,0.4229800403118133,0.8908406496047974,0.6729356050491333,0.5220887064933777,0.4763378202915191,0.4228290319442749,0.5355899930000305,0.5336403846740723,0.3824754953384399,0.3989253640174866,0.3199574053287506,0.3504676222801208,0.0019260650732311,0.0010956039978741,0.011931038703677,0.0050879346610043,33.698198689418554,1,Rekurrensparese,1713,u_n
-253.2435913085937,132.28021240234375,22.357934951782227,36.049949645996094,-50.36188125610352,21.53484535217285,-14.854796409606934,-0.9027053117752076,8.334307670593262,-5.193130493164063,16.133033752441406,-13.020411491394045,-36.78526306152344,18.70155906677246,5.391787528991699,3.835374355316162,5.356040000915527,7.069231033325195,4.691142082214356,4.757424354553223,4.692759990692139,4.100291728973389,4.070467948913574,5.393082141876221,5.113239765167236,4.963706970214844,-0.7866544723510742,-0.1077312305569648,0.0168881602585315,-0.0264038573950529,-0.1182363554835319,0.0191383473575115,-0.0883695259690284,0.0626898407936096,0.083524189889431,0.0976751670241355,0.1400194615125656,0.0291169676929712,-0.0004570291494019,2.679116487503052,0.5956458449363708,0.6406717300415039,0.7756231427192688,1.235873460769653,0.6598199009895325,0.595924437046051,0.6271094083786011,0.7119491100311279,0.5231550931930542,0.7206039428710938,0.8050163388252258,0.8496211767196655,0.4897477030754089,-0.0551956966519355,0.0529167242348194,-0.007828913629055,0.2766402959823608,-0.0306915566325187,0.1123988404870033,0.0467018224298954,0.0202555507421493,-0.0274273715913295,-0.161385029554367,-0.0593694262206554,0.0723459720611572,1.5699375867843628,0.5277360677719116,0.4846612215042114,0.517059326171875,1.032041311264038,0.5144546627998352,0.6608904004096985,0.5181438326835632,0.5212110280990601,0.4792701005935669,0.6801134347915649,0.5540348887443542,0.5695292353630066,0.0108351992366531,0.0064627684693352,0.0698934768443989,0.0358974169682359,17.909549751125745,1,Rekurrensparese,1722,u_n
-334.65869140625,174.7841339111328,47.015174865722656,40.71742248535156,-10.640748023986816,-8.320964813232422,-4.480523109436035,-1.345557689666748,-9.738673210144045,-5.458175659179688,7.029582977294922,-25.57602310180664,-13.415289878845217,24.31208038330078,4.8716816902160645,5.101414203643799,4.773675441741943,5.441901683807373,4.508771896362305,3.616992473602295,3.487056970596313,3.900488376617432,3.933847904205322,4.21476936340332,4.781387805938721,3.8644378185272217,0.2514832317829132,-0.0438451915979385,0.0313511416316032,-0.0482492931187152,-0.0516922920942306,-0.0508583672344684,-0.1850915551185608,-0.096913143992424,0.0044530155137181,-0.1046513617038726,0.0496791377663612,0.1433942764997482,0.013386195525527,4.730204105377197,0.8226438164710999,0.983852744102478,0.8208603858947754,0.8591063618659973,0.7556452751159668,0.5252223610877991,0.4895914196968078,0.6154518723487854,0.4724392294883728,0.7400637269020081,0.6802652478218079,0.4997555911540985,1.2564139366149902,-0.1945345252752304,-0.0271838512271642,-0.0086166579276323,0.2326392531394958,0.1296451538801193,-0.0136024411767721,0.0207551661878824,0.0741010606288909,-0.0186413098126649,-0.209981620311737,0.1322526484727859,0.0516197234392166,3.212852001190185,0.6820126175880432,0.8037415742874146,0.6426547169685364,0.6633478403091431,0.5176421999931335,0.5185499787330627,0.3866285681724548,0.6363695859909058,0.4421031773090362,0.6120355725288391,0.6306636929512024,0.5181355476379395,0.0032259406080592,0.0018802109243256,0.0201182491969274,0.0109568895595578,28.444805003686827,1,Rekurrensparese,1743,u_n
-350.0784606933594,232.9950256347656,67.20257568359375,35.48005294799805,12.682000160217283,-5.16774845123291,-13.267590522766112,-17.007465362548828,-1.532663106918335,3.897663831710816,-8.27176284790039,-10.99198055267334,-8.005372047424316,28.46965789794922,13.381155014038086,9.602812767028809,4.410155296325684,9.810221672058104,4.786189556121826,6.760438919067383,6.781116485595703,5.0289411544799805,3.1528642177581787,3.324452638626098,3.0696637630462646,4.15562629699707,0.04044671356678,-0.0627196878194809,-0.0193402003496885,0.0105667933821678,0.0384235084056854,0.0106388544663786,-0.0236197281628847,-0.1033776178956031,-0.0965281724929809,0.0035943093243986,0.0080562802031636,-0.0045699388720095,0.0222488362342119,5.274637222290039,2.342637062072754,1.5670865774154663,0.732098400592804,1.1191421747207642,0.810227632522583,0.7372333407402039,0.7620219588279724,0.5579211115837097,0.5456854104995728,0.511452853679657,0.4796016216278076,0.4187729358673095,1.0393798351287842,-0.5220228433609009,-0.2456740289926529,-0.0305071808397769,0.0014014295302331,0.0592394769191741,0.0445695370435714,0.0602925866842269,-0.0309396311640739,-0.0452867075800895,0.0080169672146439,-0.0149682378396391,-0.0012208180269226,3.56811261177063,1.853297591209412,1.0283719301223757,0.4311008751392364,0.5856819152832031,0.4704071879386902,0.4122035205364227,0.5200373530387878,0.4685074985027313,0.3792219460010528,0.3600209355354309,0.3962819278240204,0.3032061755657196,0.0042337259024285,0.0022974841094144,0.0154616078114211,0.0080943816870291,28.234349726109297,1,Rekurrensparese,1748,u_n
-337.0664978027344,199.2859344482422,76.81143951416016,65.69522857666016,24.093618392944336,12.97057056427002,-3.244700193405152,-10.913090705871582,0.6073762774467468,-0.4797256886959076,4.520112037658691,3.7308387756347656,10.17442798614502,24.07952690124512,10.67400074005127,10.45324993133545,10.139098167419434,4.662169933319092,5.93944263458252,8.118505477905273,5.0849432945251465,5.387323379516602,3.0766284465789795,4.213154315948486,4.665475845336914,3.833037614822388,-0.4368572533130646,-0.0589252710342407,-0.0274637304246425,-0.1166291236877441,-0.0544765666127204,0.1900576651096344,0.2335541248321533,0.1281244605779647,0.0264054648578166,0.0763511136174202,-0.0853488370776176,-0.132027581334114,0.0534122958779335,2.8590972423553467,1.990566849708557,1.5783897638320925,1.505409836769104,0.8420155048370361,0.3866868615150451,0.9898372888565063,0.8071592450141907,0.9126223921775818,0.5508921146392822,0.7371278405189514,0.8769000768661499,0.5529388189315796,0.8638567924499512,-0.5186912417411804,-0.3585304617881775,-0.1182556599378585,-0.0115517545491456,-0.0360215306282043,0.077805295586586,0.080069400370121,-0.0611739940941333,0.0870472714304924,-0.0713936313986778,-0.0648268386721611,-0.0729190707206726,2.092090129852295,1.1457573175430298,0.928272783756256,0.5667611360549927,0.6451736688613892,0.3950850069522857,0.5995010137557983,0.4933255314826965,0.5950642824172974,0.533285915851593,0.4939202964305877,0.6634175181388855,0.3455484211444855,0.0085320115544638,0.0024230276534378,0.0407870413543131,0.0171214472313407,16.200472650302743,1,Rekurrensparese,1755,u_n
-251.0951690673828,201.19276428222656,54.266056060791016,35.44920349121094,-25.84002494812012,15.671241760253906,-31.89616203308105,-5.11367654800415,10.399558067321776,-6.97211217880249,1.9324233531951904,-6.814432621002197,-19.675365447998047,22.02169609069824,12.26276683807373,7.791935920715332,4.122103214263916,8.132010459899902,5.819738388061523,7.740828514099121,3.0761401653289795,4.824045658111572,4.012195110321045,3.261927843093872,3.2935211658477783,3.973083972930908,0.5656617283821106,0.0903287008404731,-0.0471640713512897,0.0803102329373359,-0.0819906741380691,-0.081574261188507,-0.1297022104263305,0.1018525138497352,0.1447603702545166,0.0404121279716491,0.0299216024577617,-0.0246143639087677,-0.0424700081348419,3.5579662322998047,2.29068660736084,1.2923892736434937,0.5585188865661621,1.3515440225601196,1.1634374856948853,1.1456613540649414,0.528307318687439,0.7117107510566711,0.6650227904319763,0.6082823872566223,0.4508871734142303,0.7395681142807007,1.4690700769424438,-0.6233347654342651,-0.3184831142425537,-0.0785991474986076,0.4460342526435852,-0.2067187428474426,0.2764253914356231,0.0147640211507678,-0.1212855949997901,0.0712779238820076,-0.0130521105602383,0.1462558060884475,0.2086061239242553,3.3348822593688965,1.4013066291809082,0.9681214094161988,0.5766921043395996,1.183699369430542,0.5415824055671692,0.7205492854118347,0.3657243847846985,0.5559594631195068,0.4742262661457062,0.4466399550437927,0.4913647472858429,0.5195176005363464,0.0210452528548066,0.0126214511167457,0.1876375173723362,0.1058469914861631,8.079537423270443,1,Rekurrensparese,1760,u_n
-317.961669921875,176.98065185546875,59.65183639526367,36.80615997314453,-18.52387237548828,14.684024810791016,-17.162220001220703,0.377290815114975,22.11972045898437,-11.913743019104004,-8.61781120300293,-9.759018898010254,-19.625213623046875,16.976438522338867,3.541672468185425,3.6721510887146,4.456962585449219,6.807752132415772,4.811292171478272,4.565518379211426,3.518285751342773,4.945676326751709,4.313127040863037,4.505348205566406,3.3079848289489746,3.674404382705689,-0.4230329990386963,0.012779414653778,0.0296830981969833,-0.0327935703098773,0.0051156738772988,-0.1083009093999862,0.0490439869463443,0.0553820058703422,0.0068589099682867,0.0672423765063285,-0.0143142640590667,-0.0497816018760204,0.0285517442971467,2.54238224029541,0.6150519251823425,0.596369206905365,0.5519789457321167,1.122405767440796,0.5587656497955322,0.6963136196136475,0.4372615814208984,1.0454899072647097,0.8110894560813904,0.6857218146324158,0.4721085131168365,0.5673220157623291,0.6781904101371765,-0.0608933605253696,-0.1104519963264465,0.0311914756894111,0.3056322932243347,-0.0097791235893964,0.1963667273521423,0.0607213266193866,-0.2399257719516754,0.0195516627281904,0.0299626439809799,-0.0587499216198921,0.064294509589672,1.6302945613861084,0.5628907084465027,0.5453173518180847,0.5731297731399536,0.8563878536224365,0.4820090532302856,0.6525895595550537,0.3969915509223938,0.6820111274719238,0.543755292892456,0.4721299707889557,0.3686712980270386,0.3873539865016937,0.0041377520615468,0.002347453900892,0.0326142833203932,0.017722509227086,26.110244213819986,1,Rekurrensparese,1776,u_n
-324.737548828125,147.7747039794922,72.60941314697266,43.19965744018555,-26.194236755371094,-6.562692165374756,-14.978492736816406,-19.04722595214844,16.030595779418945,6.866649150848389,-11.08620834350586,-9.908742904663086,0.8424545526504517,34.878082275390625,5.116970062255859,11.445252418518066,5.899439334869385,6.615086078643799,6.837554454803467,3.984689950942993,5.859745502471924,4.676243305206299,3.748707056045532,3.747764825820923,3.5319314002990723,3.939970016479492,-0.1001979783177375,0.0674978196620941,-0.001516037271358,-0.0772797986865043,-0.0618142299354076,-0.0811797976493835,-0.0038702927995473,0.0520954243838787,0.0951016843318939,0.1005708873271942,0.0482866093516349,0.0123143186792731,-0.0245172623544931,6.240121841430664,0.6735350489616394,1.8777815103530884,1.0500876903533936,1.2088379859924316,0.8328025937080383,0.8216629028320312,0.7753931879997253,0.822971761226654,0.4347450733184814,0.7091405391693115,0.578324556350708,0.6199917197227478,1.4247384071350098,-0.0070763197727501,-0.4134922921657562,-0.2630856037139892,0.1357972621917724,0.0221520960330963,0.073515884578228,0.1419031620025634,-0.0987794622778892,-0.0702688992023468,0.0525068677961826,0.0344900079071521,-0.069665640592575,4.485246658325195,0.3533867299556732,1.3701282739639282,0.9614065885543824,0.5472437143325806,0.5892078280448914,0.4921540915966034,0.5611869096755981,0.4173561036586761,0.3957134187221527,0.3707522451877594,0.3545933663845062,0.3863101303577423,0.0019893834280629,0.0010859279663868,0.0168939235421471,0.0073576847294004,32.07815345942943,1,Rekurrensparese,1784,u_n
-361.6102600097656,142.0119171142578,89.87041473388672,63.76188659667969,-32.41889190673828,6.596944332122803,-20.488985061645508,-6.619699478149414,-6.60697078704834,-12.874651908874512,9.711499214172363,-18.533327102661133,-5.282066822052002,24.221651077270508,5.7721781730651855,7.971854686737059,6.837868690490723,10.3172025680542,5.471848964691162,6.28592586517334,4.050482749938965,4.648841857910156,4.894511222839356,4.066617488861084,4.971421241760254,4.676938056945801,-0.8160724639892578,-0.007245902903378,0.0520572289824485,0.0015039190184324,0.1337726563215255,-0.1336707323789596,0.1068781018257141,-0.0841623023152351,0.0058620581403374,-0.0987430810928344,-0.0477455705404281,0.0217691864818334,-0.0239301230758428,2.275019884109497,0.7666020393371582,1.2848504781723022,0.7959113121032715,0.877327561378479,0.6712007522583008,0.543019711971283,0.607693076133728,0.7236416339874268,0.7579898238182068,0.6826569437980652,0.6266151070594788,0.7890573740005493,0.2293474376201629,0.1340594291687011,-0.0784567669034004,-0.0597206987440586,0.0955635532736778,0.0181056819856166,0.0680545568466186,0.0318912044167518,0.0506053529679775,0.0100802965462207,0.0348050706088542,0.0374549478292465,0.0121933044865727,0.9088526368141174,0.7345481514930725,0.5689611434936523,0.5354330539703369,0.7141837477684021,0.4622511565685272,0.5660077333450317,0.5782279372215271,0.6158925294876099,0.5202730298042297,0.5616081357002258,0.4578003585338592,0.534898042678833,0.0075972412626497,0.0042762071523053,0.0420794892811685,0.0219709521584921,22.29394338875226,1,Rekurrensparese,1785,u_n
-377.0715637207031,188.8524169921875,68.49398803710938,37.0451774597168,6.884040832519531,-7.269266605377197,-19.84392738342285,-13.629711151123049,7.302769660949707,-9.240915298461914,-12.795347213745115,10.167303085327148,-1.4233494997024536,52.982364654541016,14.465404510498049,19.15805625915528,10.072627067565918,16.387168884277344,5.793610572814941,5.833175659179688,6.859018325805664,12.323216438293455,5.356806755065918,5.678752422332764,8.495330810546875,7.668784141540527,-1.8910659551620483,0.2537921071052551,0.2816804051399231,-0.1014590263366699,0.4208842813968658,0.0164424795657396,0.0745656266808509,0.1895846724510193,0.0144269717857241,0.1812699288129806,0.1606591194868087,-0.0077230022288858,0.1503833830356598,6.766191482543945,2.0963926315307617,2.0375730991363525,1.292763590812683,1.5499314069747925,0.992568016052246,1.0285985469818115,0.8887785077095032,1.925894260406494,1.0642352104187012,1.104508638381958,1.1667046546936035,0.9042097330093384,1.8844149112701416,-0.2653371393680572,-0.4140003025531769,-0.3195181488990783,0.1003245115280151,0.0561426244676113,0.2292984426021576,0.0782122015953064,-0.2689923644065857,0.0440612360835075,0.1414145827293396,-0.137350395321846,-0.0546257533133029,3.9426815509796143,0.95323646068573,1.3026705980300903,1.0733764171600342,1.070320725440979,0.4069826304912567,0.786831259727478,0.5897182822227478,0.7039623260498047,0.5019863843917847,0.5218620896339417,0.5059206485748291,0.4256365001201629,0.005700438722162,0.0023409976432944,0.0260574199118613,0.0108209145916769,27.489084549566595,1,Rekurrensparese,1788,u_n
-351.5411376953125,201.1981201171875,80.91806030273438,53.96111297607422,10.840217590332031,38.54774475097656,-22.71734046936035,-8.064522743225098,6.171006679534912,-4.5439863204956055,13.400775909423828,-6.023772239685059,8.898996353149414,26.508773803710938,9.084295272827148,11.75922393798828,6.481944561004639,9.125754356384276,6.830093860626221,9.04716968536377,6.263945579528809,4.555810451507568,5.016153335571289,5.462507247924805,4.924114227294922,4.750999927520752,-0.6913550496101379,0.0338164940476417,0.19089275598526,0.0367546267807483,0.0355814583599567,0.1515217125415802,-0.0314860939979553,-0.0519792139530181,0.0442889034748077,0.0176186617463827,0.0498216785490512,0.0159100405871868,0.0353377982974052,3.2031502723693848,1.431017518043518,1.1877888441085815,0.8076762557029724,1.1260404586791992,0.882049024105072,1.132871150970459,0.9745813608169556,0.7436274290084839,0.7828415632247925,0.900293231010437,0.7858549356460571,0.7408266663551331,0.5845272541046143,-0.2766995728015899,-0.1853136867284774,-0.0172078125178813,0.1009740382432937,-0.0942250788211822,0.120385080575943,0.0275598317384719,-0.0761483684182167,0.0152344144880771,-0.0357511714100837,0.0534275770187377,-0.0048722699284553,2.1134908199310303,1.0347009897232056,0.8666765689849854,0.6634224653244019,0.7998512387275696,0.6456540822982788,0.666512131690979,0.5999884009361267,0.5876238942146301,0.617070734500885,0.5580583214759827,0.6298887133598328,0.5401226878166199,0.0047218938216021,0.002090984886664,0.0307587607574329,0.0146765181931031,23.88783617823164,1,Rekurrensparese,1789,u_n
-337.3486633300781,146.0243377685547,56.340606689453125,34.897708892822266,-24.29802322387696,3.0152032375335693,-13.774479866027832,-14.768367767333984,7.548263549804687,-0.3387697041034698,2.1247832775115967,-9.757771492004396,-12.420374870300291,38.619625091552734,7.37954568862915,9.542101860046388,5.338587284088135,7.353762626647949,9.16189670562744,5.39639139175415,6.085211277008057,5.1266703605651855,4.359958171844482,3.86592960357666,4.8428473472595215,4.432342529296875,-1.0824708938598633,0.2274966984987259,0.227444514632225,0.02075713314116,-0.014737157151103,-0.0618185140192508,0.1120913624763488,0.0200747400522232,0.0797036960721015,0.0640526786446571,0.0116542940959334,0.1016754731535911,0.0412783958017826,3.679301023483277,1.576574206352234,0.9106836915016174,0.889776885509491,1.1827033758163452,0.9518530368804932,0.7201358079910278,0.9388484954833984,0.8794922232627869,0.6871975064277649,0.5561248660087585,0.7411996126174927,0.5709469318389893,0.8994981050491333,0.1745234280824661,-0.1427662223577499,-0.0294452346861362,0.1859869658946991,-0.0407556407153606,0.0440821722149848,0.0558614991605281,-0.1007473245263099,-0.0396637544035911,0.0373704507946968,0.0440947264432907,0.055116482079029,2.749328136444092,0.8417691588401794,0.6912566423416138,0.6050218343734741,0.6822111010551453,0.6471089720726013,0.4652251899242401,0.6282863616943359,0.6946508884429932,0.5690187811851501,0.4830451011657715,0.4382406771183014,0.4583119451999664,0.0037558726027008,0.0019771688390852,0.0202333033223978,0.0101432229123792,30.223241550115315,1,Rekurrensparese,1803,u_n
-309.6955261230469,202.8426055908203,66.25861358642578,47.42304992675781,6.533493518829346,-2.1166789531707764,6.728115081787109,1.846407651901245,-2.642245292663574,5.758648872375488,9.866097450256348,-4.331318378448486,-0.6632300019264221,20.83260154724121,7.525519371032715,5.787803649902344,6.090070724487305,5.34512186050415,4.824493885040283,4.487936973571777,4.80796480178833,4.5688323974609375,3.921443223953247,4.0995635986328125,3.649335622787476,3.419806957244873,0.1513523161411285,-0.0819040611386299,-0.0656491219997406,-0.0976224690675735,-0.042566604912281,0.0398356243968009,0.0300535652786493,-0.0176529213786125,-0.0068514649756252,0.0070404303260147,-0.0140864290297031,0.0251758377999067,0.0344917550683021,2.722989559173584,1.0342414379119873,0.8107308149337769,0.9396075010299684,0.8324495553970337,0.8022350668907166,0.8483615517616272,0.7968750596046448,0.7042931318283081,0.7085314989089966,0.7244881391525269,0.6967074275016785,0.5251346826553345,0.4894920587539673,-0.1946665942668914,-0.1216824278235435,-0.0499069690704345,0.0733906552195549,0.07441096752882,-0.0275928955525159,0.0037195633631199,0.0238452441990375,-0.0298573914915323,-0.0439360775053501,0.0153762958943843,-0.0110255423933267,1.933471083641052,0.9055662155151368,0.7062206268310547,0.7897329330444336,0.7451260089874268,0.6688865423202515,0.6700791120529175,0.6197354793548584,0.557496190071106,0.5045627951622009,0.5931861400604248,0.5497503876686096,0.3755644857883453,0.0045013379627761,0.0021386041302638,0.037111402117816,0.017678127527358,21.8288108552252,1,Rekurrensparese,1818,u_n
-384.0006103515625,176.3904266357422,47.45686340332031,27.26418685913086,1.9113202095031736,-5.87962818145752,-5.875917911529541,-7.792001247406006,-3.732659339904785,2.40840220451355,-9.109898567199709,-12.149797439575195,-5.477352142333984,37.09847640991211,9.400385856628418,7.227880954742432,3.1247317790985107,4.378467082977295,6.141613006591797,4.788566589355469,3.800824880599976,4.21640682220459,4.714304447174072,2.9397964477539062,4.375051021575928,3.103961229324341,-0.2274567186832428,-0.3202016949653625,-0.0860135406255722,0.0159335862845182,0.0086488407105207,0.0296324808150529,0.0029042963869869,-0.0390342436730861,0.0543763637542724,0.0495240688323974,-0.0182031821459531,-0.038053248077631,-0.0075474889017641,6.704410552978516,1.2863779067993164,0.999402642250061,0.3747821152210235,0.6343662738800049,0.8395741581916809,0.5664017796516418,0.6405755281448364,0.7803508639335632,0.6995224356651306,0.5456329584121704,0.6069396138191223,0.4968378841876983,1.9130278825759888,-0.2507811188697815,-0.2073440849781036,-0.0311577580869197,0.030431892722845,0.0742846727371215,0.0334238819777965,0.0707581117749214,0.036796074360609,-0.0753917247056961,0.0196540001779794,0.0710690170526504,0.0449577197432518,4.835572242736816,0.7545948624610901,0.7432754039764404,0.3502559065818786,0.4118096232414245,0.5442453026771545,0.4101035594940185,0.4816255271434784,0.6292522549629211,0.4462211728096008,0.3948903083801269,0.405478686094284,0.3538340330123901,0.0020821769290652,0.0010989366434329,0.0174796436620506,0.0075911686740277,30.898329549763385,1,Rekurrensparese,1820,u_n
-343.1483459472656,174.5064239501953,48.46577835083008,35.82026290893555,-12.004862785339355,2.1337730884552,-3.9815616607666016,-18.42976188659668,-2.375279903411865,-5.747706413269043,-3.873405933380127,-1.1522321701049805,-4.629312038421631,34.31263732910156,16.223590850830078,8.755036354064941,12.418617248535156,12.719039916992188,7.247402191162109,7.0002121925354,14.009828567504885,5.318532943725586,6.221022129058838,8.49622631072998,3.675896644592285,4.080456733703613,-1.8137465715408323,0.6168359518051147,-0.1515969038009643,-0.5133623480796814,0.3238309621810913,-0.352576196193695,0.2877152264118194,0.8193667531013489,0.1032578274607658,0.527495801448822,0.5936232805252075,0.2954584062099457,0.2868397235870361,4.172323703765869,2.3846020698547363,1.361750245094299,1.6373172998428345,2.174497365951538,1.0562684535980225,1.1180217266082764,1.8226439952850344,0.9964278936386108,0.7852962017059326,0.7555443644523621,0.811352550983429,0.7913904786109924,2.3184638023376465,-0.1671326011419296,-0.6720707416534424,-0.2346296310424804,0.56073397397995,-0.1684500724077224,0.0812986865639686,0.5058684945106506,-0.2360135912895202,-0.066553808748722,0.0512856729328632,-0.0184318479150533,0.2440120279788971,4.705440044403076,0.7927364706993103,1.557895302772522,1.3498244285583496,1.0534545183181765,0.7225849628448486,0.994474470615387,1.888816237449646,0.6430839896202087,0.5069347023963928,0.4611543715000152,0.5216069221496582,0.6354808211326599,0.0078471614466204,0.0028154000573971,0.0358909186534361,0.0171713871926771,22.419033194639155,1,Rekurrensparese,1825,u_n
-308.74176025390625,157.9778594970703,43.50199508666992,45.38138198852539,-2.541228771209717,16.371789932250977,-11.557953834533691,-9.044918060302734,22.61228370666504,6.639033794403076,-0.8177495002746582,-5.322614669799805,-1.5769975185394287,21.146848678588867,8.076373100280762,8.895218849182129,10.140203475952148,6.69749641418457,12.247110366821287,8.416976928710938,6.280348777770996,8.752511024475098,4.648687362670898,6.897019386291504,6.08925199508667,5.658275127410889,-1.030104398727417,-0.0128559861332178,0.015382332727313,-0.0030982347670942,-0.2743237018585205,-0.1571484208106994,0.1295563131570816,-0.066147856414318,-0.0151031101122498,0.003880409989506,0.1673615872859954,0.1609120070934295,-0.0280167441815137,3.64453649520874,1.1383050680160522,1.855185866355896,2.0418295860290527,1.0783233642578125,1.9597139358520508,1.6977529525756836,1.1145150661468506,1.5484740734100342,0.5337851047515869,1.0025213956832886,1.0546295642852783,0.8293893337249756,0.8358699679374695,-0.2083007395267486,-0.2581017613410949,-0.0550652332603931,0.0822362229228019,-0.1447160840034485,0.3075907230377197,0.1710954308509826,-0.1837233155965805,-0.0557757727801799,0.0964035540819168,0.1057557389140129,-0.0486107356846332,2.407614231109619,0.8142811059951782,0.8688726425170898,0.8092827200889587,0.5294852256774902,0.9056544899940492,1.0881588459014893,0.6975395679473877,0.7226244807243347,0.6026744246482849,0.5465744137763977,0.6440520882606506,0.5456662774085999,0.0112780051687827,0.005293716390769,0.0976814773345239,0.0409524015102523,18.47370299068532,1,Rekurrensparese,1826,u_n
-390.77490234375,139.80030822753906,56.04652786254883,48.35683441162109,-6.601805686950684,-3.246825695037842,-4.800314426422119,-24.298921585083008,-4.9461669921875,13.542911529541016,-6.924095153808594,-4.133459091186523,-5.497664928436279,19.665626525878903,7.404057502746582,4.578888893127441,3.460587739944458,3.968084812164306,4.232522010803223,3.348750829696656,5.902345657348633,3.8469061851501465,4.335103988647461,3.4315402507781982,3.361867904663086,3.41335678100586,0.020787326619029,-0.2417938113212585,-0.0505480468273162,-0.0728300064802169,-0.028427792713046,-0.1252589970827102,-0.0600881017744541,-0.1179202795028686,-0.0713860467076301,0.056743960827589,-0.0976668819785118,0.0054343431256711,0.0696946829557418,3.2525556087493896,1.061039686203003,0.7199574708938599,0.5225493311882019,0.6573007702827454,0.721825897693634,0.5325911641120911,0.7436544299125671,0.5481312274932861,0.5023028254508972,0.588203489780426,0.413897693157196,0.5174219608306885,0.6845754384994507,0.1461810022592544,-0.1021563559770584,-0.0414846017956733,0.0844737291336059,0.0563066937029361,0.0330130904912948,0.1145281344652175,0.0255923569202423,-0.0715797469019889,0.0467548891901969,0.0271027088165283,-0.0216149967163801,2.454299211502075,0.7136538624763489,0.4979349970817566,0.3995407521724701,0.4933430850505829,0.390025645494461,0.2927500605583191,0.5113452076911926,0.3316567242145538,0.3858009576797485,0.3631573319435119,0.3375539779663086,0.3851641118526459,0.0016414588710575,0.0009367539685526,0.0103981431448707,0.0048930909375165,36.064191940330325,1,Rekurrensparese,1829,u_n
-295.07958984375,174.47042846679688,49.88279342651367,81.38558197021484,-0.7041288018226624,1.2122904062271118,0.0653384998440742,-25.742446899414062,7.3794684410095215,18.157123565673828,3.4683380126953125,-20.40054512023925,-2.283964157104492,30.097299575805664,9.947409629821776,6.486913204193115,8.141124725341797,8.874950408935547,5.225682258605957,6.419288635253906,6.556417465209961,5.947925567626953,7.9304399490356445,4.775973320007324,5.758564472198486,5.177680015563965,-0.1663384288549423,-0.17179736495018,-0.0773126706480979,-0.0842229425907135,0.0473517104983329,-0.0783092603087425,0.0645560547709465,0.1025023311376571,0.0260088741779327,0.0897602289915084,0.0867712944746017,0.0086404606699943,-0.0500495471060276,3.575459718704224,1.021839618682861,0.9661389589309692,1.4087334871292114,0.7334499955177307,0.6479597687721252,0.7090184092521667,0.964297354221344,0.7903254628181458,0.8263563513755798,0.6860752105712891,0.9995139837265016,0.5132120847702026,0.5880241990089417,-0.1306844055652618,-0.0451063439249992,-0.1730986982583999,0.0811942517757415,-0.0213348157703876,0.04380714148283,0.1531318575143814,-0.0637812614440918,-0.0886452198028564,-0.0085248732939362,0.0892344340682029,-0.0031450151000171,2.533222913742065,0.6546041965484619,0.5508798360824585,0.7902146577835083,0.63027024269104,0.4938353598117828,0.5519844889640808,0.7389674782752991,0.5964311957359314,0.5543988943099976,0.5626230835914612,0.5504673719406128,0.4044079184532165,0.003060188151296,0.0015958673987552,0.0160379358117324,0.0082240615036597,27.52213889265733,1,Rekurrensparese,1830,u_n
-345.5512390136719,150.7960205078125,-13.2429780960083,77.83548736572266,9.29751682281494,-34.05636978149414,-32.80004119873047,-6.623487949371338,11.8028564453125,-18.460561752319336,-1.1125367879867554,-3.637328147888184,-9.738097190856934,19.15634727478028,9.663686752319336,8.48017406463623,7.336577892303467,5.818723201751709,5.077672004699707,7.162687301635742,5.260904312133789,4.79047155380249,6.35704231262207,2.743184328079224,4.067001819610596,3.9485151767730713,-0.7567481398582458,0.2307758331298828,-0.0306982584297657,0.1414151191711425,0.0526663474738597,-0.1359403431415558,-0.0117350658401846,0.0672559663653373,0.091710440814495,0.0367843657732009,-0.0614673718810081,-0.1194705739617347,-0.0316260792315006,3.3386712074279785,1.835634589195252,1.4375221729278564,1.38464617729187,0.8145150542259216,0.7287352085113525,1.0564825534820557,0.7532523274421692,0.6409443616867065,0.6857384443283081,0.4968281686306,0.5659205913543701,0.5758945941925049,0.5562381148338318,0.1511265933513641,0.1879613101482391,-0.2186271548271179,0.0278881434351205,0.1269323825836181,0.1187240555882453,0.0303683150559663,-0.0426519662141799,0.0830059796571731,0.0042186393402516,-0.0172804202884435,0.0136194555088877,2.6084625720977783,1.0940346717834473,0.8132920265197754,0.9037045240402222,0.535350501537323,0.5986407995223999,0.5696517825126648,0.3423149585723877,0.3242069482803345,0.3824041485786438,0.3264374732971191,0.3742864429950714,0.3443183898925781,0.0010236342111376,0.0004255539363689,0.0115008444445944,0.0044060012587181,34.095862066957174,1,Rekurrensparese,1831,u_n
-371.5888671875,209.579833984375,38.14006042480469,63.71514129638672,27.52840042114257,-9.985325813293455,-6.450786590576172,-18.426984786987305,-23.864152908325195,-15.888668060302734,-3.762361288070679,7.113977432250977,-1.5408329963684082,18.71379470825196,7.65383768081665,3.726118803024292,5.081171989440918,4.81781005859375,3.946357250213623,2.446669816970825,5.264906883239746,3.8431670665740967,2.6295182704925537,3.1486597061157227,4.131771087646484,3.14823579788208,-0.7151397466659546,0.1910444796085357,0.0900423750281333,0.0271546486765146,0.0271757822483778,0.0277658160775899,0.0105032213032245,0.069325216114521,-0.0096280733123421,-0.022478811442852,0.1037919297814369,0.0933500006794929,0.0195785705000162,2.853074550628662,1.2755595445632937,0.8301143646240234,1.1178336143493652,0.6947435140609741,0.6642388105392456,0.4210250675678253,0.6694234609603882,0.5608556866645813,0.506234347820282,0.3783020973205566,0.6450161337852478,0.4423576891422272,0.6627420783042908,-0.3248847723007202,0.0344258770346641,-0.1237992271780967,-0.0880983471870422,0.0992834120988845,0.0275980643928051,0.0581690594553947,0.0972769781947135,0.0253228489309549,0.0126053765416145,-0.0435155630111694,-0.027282029390335,2.440115213394165,1.1441234350204468,0.375262439250946,0.3997928202152252,0.4604342579841614,0.3370649218559265,0.2715810239315033,0.343705803155899,0.4225036799907684,0.2874651253223419,0.2552471756935119,0.3212584257125854,0.2919809818267822,0.0033366302855559,0.0010096505706533,0.0208118971763192,0.0087162518904322,29.735340274012923,1,Rekurrensparese,1832,u_n
-287.380126953125,146.99615478515625,44.89297103881836,49.8371467590332,-5.781048774719238,27.15090751647949,-13.651530265808104,-21.22547149658203,24.94003868103028,6.566019535064697,-1.901320457458496,-3.3969311714172363,-8.46124267578125,19.016298294067383,4.971477031707764,6.418272972106934,5.926225185394287,9.484122276306152,9.42848300933838,7.196910858154297,8.121397018432617,4.941996574401856,4.340986251831055,4.741414546966553,4.155960559844971,4.023319244384766,0.4326500296592712,-0.09048642963171,-0.0853421613574028,-0.0451768413186073,-0.2548101544380188,-0.2505280971527099,-0.3066723346710205,-0.2607573866844177,-0.0032195437233895,-0.1434917002916336,0.1910198032855987,0.038022793829441,-0.2309058457612991,3.5802152156829834,0.9143266677856444,1.0476237535476685,0.9222520589828492,1.3390045166015625,1.3683526515960691,1.2876328229904177,1.6419179439544678,0.9172368049621582,0.7443209886550903,0.8865208625793457,0.6031699776649475,0.8616521954536438,1.183068871498108,-0.0454349629580974,-0.2458713352680206,-0.2743075489997864,0.1103925034403801,-0.2773805558681488,0.4018618166446686,0.3106231689453125,-0.3294894993305206,-0.2182274609804153,0.0147230243310332,0.163947120308876,0.0856225714087486,2.235297918319702,0.6581624746322632,0.6744853258132935,0.808534562587738,0.4429190456867218,0.8894330263137817,0.9291176795959472,0.743303120136261,0.8088385462760925,0.6698935627937317,0.5211280584335327,0.4421382248401642,0.35751473903656,0.0063420481269076,0.002939919867108,0.0522992193537575,0.0232797891827641,22.73854305515816,1,Rekurrensparese,1835,u_n
-227.4981689453125,171.8579864501953,47.0084114074707,59.45309448242188,-31.22738075256348,36.435035705566406,-24.479888916015625,7.75694465637207,8.486934661865234,-0.6430897116661072,-4.211832046508789,5.819973468780518,-16.014089584350586,11.202210426330566,8.469614028930664,5.205432891845703,5.68332576751709,6.461021423339844,4.573301792144775,5.619178295135498,3.201967716217041,3.304039478302002,3.99116325378418,4.465828895568848,4.857415199279785,4.897739410400391,-0.580954372882843,0.4759599864482879,-0.0992206409573555,0.0102687729522585,-0.3766287267208099,0.1179345548152923,-0.1545113176107406,-0.1182719245553016,0.0014658169820904,-0.068657673895359,0.0660943835973739,0.1517902165651321,-0.2000378668308258,0.9095468521118164,0.961060106754303,0.8275736570358276,1.0083013772964478,1.3687971830368042,0.7247380018234253,1.201374888420105,0.4314082860946655,0.5799537301063538,0.5481902360916138,0.8904198408126831,0.752629816532135,0.6987918019294739,0.1535026580095291,-0.1156575232744216,-0.1661490499973297,-0.2217913568019867,0.2360558658838272,-0.1855898946523666,0.1580956578254699,-0.0033925662282854,0.0134405205026268,-0.0674329698085784,0.1402429640293121,-0.0198516026139259,-0.0108137596398592,0.8719417452812195,0.4982403516769409,0.6667140126228333,0.8749818205833435,0.6218245029449463,0.6517269015312195,0.4829383194446563,0.3477514982223511,0.3959642946720123,0.5044801831245422,0.5542765259742737,0.5285568833351135,0.3948037326335907,0.0083908859901501,0.0032196341049514,0.1406726920224611,0.0808196207574409,8.908628008973832,1,Rekurrensparese,1836,u_n
-333.9042053222656,174.233642578125,41.48703002929688,49.01118850708008,-14.543864250183104,-6.352711200714111,-3.695509433746338,-1.5300114154815674,-9.58425998687744,-6.15437126159668,11.022802352905272,-22.19522476196289,-8.093996047973633,16.565448760986328,5.635420799255371,6.630971908569336,6.0745849609375,5.186531066894531,5.065210819244385,4.127118110656738,4.865347862243652,3.949837446212769,3.254536390304565,3.4108691215515137,4.653506755828857,4.12778902053833,-0.1020017638802528,-0.2235050052404403,-0.1558632254600525,-0.2474756687879562,0.0750905200839042,0.0555072650313377,0.0862549468874931,-0.0016938804183155,0.0317303240299224,-0.0516900271177291,-0.0490269660949707,0.0934866815805435,-0.0843895599246025,1.8531184196472168,0.8048003315925598,0.9728732705116272,1.023031234741211,1.0054875612258911,0.6850938200950623,0.5433335900306702,0.6223335862159729,0.5939473509788513,0.4547781944274902,0.5339445471763611,0.6920631527900696,0.6590325832366943,0.2327945232391357,-0.0250837057828903,0.0490408837795257,0.0422276481986045,0.123636394739151,0.0777224972844123,0.0052441097795963,-0.0722996294498443,-0.0219283699989318,-0.005612161476165,-0.0495860762894153,0.0235376060009002,-0.0009906134800985,1.4636338949203491,0.6225029826164246,0.5540547370910645,0.5551733374595642,0.5318518280982971,0.437115877866745,0.4706014096736908,0.5640878081321716,0.4953526556491852,0.3671142160892486,0.4363292753696441,0.531611979007721,0.4371258914470672,0.0039720485009449,0.0022539776149104,0.0301585316707321,0.0163299531803439,24.9547662462561,1,Rekurrensparese,1863,u_n
-375.9040222167969,167.62730407714844,69.18717956542969,41.07811737060547,-5.748323917388916,2.387667179107666,-17.939788818359375,-8.110845565795898,2.7265701293945312,3.3365931510925293,9.971931457519531,-18.907983779907227,-3.952894687652588,27.802953720092773,5.615191459655762,12.892592430114746,4.4113874435424805,7.581784725189209,4.958117485046387,5.256298065185547,4.83939266204834,5.7889084815979,3.997704982757568,5.47570276260376,3.9244227409362793,2.7427079677581787,-0.660919725894928,0.130828782916069,0.1353624910116195,0.0598771944642066,0.0252378936856985,0.0177244693040847,-0.0344472602009773,-0.0259564127773046,0.0422933027148246,0.0328471399843692,-0.0177405532449483,-0.0262138564139604,0.0138858435675501,4.089151382446289,0.927355706691742,1.4957053661346436,0.7831528186798096,0.991838812828064,0.9280317425727844,0.7162424921989441,0.6091745495796204,0.7605059146881104,0.5890002250671387,0.6473250985145569,0.6740396618843079,0.3311465382575989,0.7752231359481812,-0.1222029328346252,-0.1683693379163742,-0.0301663186401128,0.1323760449886322,0.0083975018933415,0.0962648168206214,0.0274563115090131,-0.0243725143373012,-0.0260354578495025,-0.045207992196083,0.0944056957960128,-0.0282597951591014,2.9660873413085938,0.6418304443359375,0.932398557662964,0.5174727439880371,0.5799695253372192,0.4815234243869781,0.5378001928329468,0.3386144936084747,0.3717572093009949,0.3773189485073089,0.4214814901351928,0.4935037493705749,0.3101902902126312,0.0067282076909808,0.0039906984198369,0.0255478028363675,0.0123577153497318,27.01649070440442,1,Rekurrensparese,1867,u_n
-380.3500671386719,176.6179656982422,68.04147338867188,36.69230270385742,4.82634973526001,-12.5183687210083,-19.12074089050293,-17.046966552734375,-3.11262321472168,-9.72988986968994,-11.22824001312256,-0.4495854377746582,-4.470350742340088,26.61371612548828,5.668382167816162,8.424665451049805,5.270476341247559,3.514894485473633,4.812049388885498,4.373023509979248,4.737617015838623,3.664421796798706,3.9454498291015625,4.283905506134033,5.02148962020874,3.107236862182617,-0.5351769328117371,-0.0116730062291026,0.0872163996100425,-0.0033647965174168,-0.0637318938970565,0.0494489707052707,0.0693902447819709,0.0467524416744709,0.0488823726773262,0.0457230731844902,0.015474297106266,-0.0070751281455159,-0.0146714616566896,4.53135871887207,0.8574614524841309,1.036554932594299,0.6391605734825134,0.6003857851028442,0.5925970673561096,0.6948442459106445,0.6256905198097229,0.5138010382652283,0.4622921645641327,0.5640214681625366,0.7724871039390564,0.578778088092804,0.929349720478058,-0.0867901742458343,-0.1631238907575607,-0.0975534692406654,0.0134544717147946,0.1154829561710357,0.0658984407782554,0.0345417074859142,-0.0194999501109123,0.0258106216788291,0.0161870718002319,-0.0412113554775714,0.022317225113511,3.3014769554138184,0.6828281879425049,0.7707810401916504,0.6622181534767151,0.5569602251052856,0.7113147974014282,0.6843162178993225,0.478251963853836,0.3566279113292694,0.390544444322586,0.4219914376735687,0.4493828117847442,0.3639867603778839,0.003014849906879,0.0017773818637347,0.0157238018018842,0.0063973914389381,31.48364586183055,1,Rekurrensparese,1892,u_n
-322.0291442871094,146.17869567871094,62.73332977294922,68.88194274902344,-28.34206771850586,0.2298789173364639,1.568772554397583,-33.7551155090332,-16.266159057617188,-7.943006992340088,-4.530397415161133,-6.99282169342041,-8.569633483886719,21.671550750732425,5.094811916351318,5.777915954589844,6.068380832672119,7.390584945678711,6.131356239318848,4.313250541687012,5.382648944854736,5.388313293457031,4.022416114807129,3.683217763900757,3.820537805557251,3.301968574523926,-0.6940066814422607,0.0131294894963502,0.1468898057937622,0.2142325192689895,-0.1855422854423523,-0.1300308108329773,0.034376036375761,-0.05020147934556,0.0092358319088816,-0.0203825794160366,-0.0051710880361497,-0.0146800763905048,-0.0356706157326698,4.162050247192383,0.8243259787559509,1.0264267921447754,0.9383846521377563,0.9650497436523438,0.6184601783752441,0.7222664952278137,0.7698521614074707,0.6139333248138428,0.6036490201950073,0.6325201988220215,0.6540488600730896,0.4789943695068359,0.6456086039543152,0.0264487173408269,-0.0614801719784736,-0.0992654711008071,0.1503632813692093,0.0080494238063693,0.0054394393227994,0.0989907085895538,0.0217163767665624,-0.0011534120421856,0.0033614160493016,0.0378988236188888,0.0071037556044757,2.546613931655884,0.5426599979400635,0.5298655033111572,0.656374990940094,0.6966983079910278,0.4444746971130371,0.4046840071678161,0.8093751072883606,0.4673507213592529,0.4393819868564605,0.3666939735412597,0.4225748777389526,0.3001130819320678,0.0029437613730384,0.0017572345384087,0.0110927378998122,0.0056012625342727,33.244657815689564,1,Rekurrensparese,1901,u_n
-346.4000244140625,159.2082977294922,81.54183197021484,62.94367980957031,-1.9833399057388303,-2.306831359863281,-16.803543090820312,-17.098934173583984,10.02749252319336,1.006500244140625,-5.672398567199707,-0.7436963319778442,3.1535069942474365,30.78249168395996,15.681344032287598,19.587133407592773,12.090624809265137,5.450560569763184,5.590982913970947,4.0682549476623535,4.5460405349731445,6.340707778930664,5.729980945587158,6.781032562255859,3.445080041885376,3.664974451065064,-0.1846664547920227,-0.0824385806918144,-0.0845522433519363,-0.3706704974174499,0.1761687994003296,-0.0172826088964939,0.1796789914369583,0.1344704329967498,-0.1214436888694763,0.1034954264760017,0.0541709102690219,-0.0318783372640609,-0.1291583180427551,3.729546070098877,2.0907254219055176,2.3971705436706543,1.042170763015747,0.9248948693275452,0.7592453956604004,0.7424532175064087,0.6343410611152649,0.6245967149734497,0.456981211900711,0.7211782336235046,0.5954941511154175,0.556643009185791,0.6436488628387451,0.1363640427589416,-0.1354873925447464,-0.0671070292592048,0.0522852651774883,0.086637943983078,0.0405896119773387,0.0512115620076656,0.0156427454203367,0.0103007294237613,0.0260423086583614,-0.0091236671432852,-0.015975821763277,2.966796398162842,1.0883690118789673,1.287738561630249,0.5980268120765686,0.5407689213752747,0.5400930643081665,0.4043890535831451,0.35739865899086,0.4140517711639404,0.3352590501308441,0.3857984542846679,0.3311346173286438,0.350128024816513,0.0038439846948726,0.0017365219880118,0.0148227637236865,0.0053419605676368,29.959757902855337,1,Rekurrensparese,1939,u_n
-413.1306457519531,150.2591552734375,62.47470474243164,41.6768684387207,0.7570571303367615,-4.180373191833496,-11.728713035583496,-21.68376922607422,-14.12257957458496,-4.145599365234375,-5.846797466278076,-10.687929153442385,-4.426312446594238,40.997676849365234,8.793051719665527,11.539186477661133,7.906911373138428,11.450225830078123,4.586056232452393,3.914949655532837,5.475377559661865,4.7041215896606445,4.328347206115723,4.196725845336914,3.886175394058228,3.04970383644104,-0.0465730503201484,-0.0667571052908897,-0.0903187319636344,0.1088877916336059,0.1886315941810608,0.0536083057522773,0.0522367395460605,0.001717695267871,-0.0711200237274169,-0.1010839939117431,-0.0502443015575408,-0.0589077062904834,-0.0205590110272169,6.863010406494141,1.004240870475769,1.817380428314209,0.6199200749397278,0.9288619756698608,0.8074795603752136,0.63823002576828,0.8155938982963562,0.5107264518737793,0.64229416847229,0.4992831349372864,0.5444535613059998,0.4575253427028656,1.3270422220230105,-0.0076959244906902,-0.0893078744411468,-0.0142551511526107,0.1113237142562866,0.070414163172245,0.1039231494069099,0.1494468599557876,0.0582674443721771,0.0517048202455043,0.0158658064901828,0.014633628539741,-0.0011080745607614,3.44309139251709,0.7590541839599609,0.5712785124778748,0.5042420029640198,0.6370372772216797,0.5215497016906738,0.5437079071998596,0.6362015008926392,0.4410063922405243,0.4317858815193176,0.4266689717769623,0.3602257966995239,0.3487368524074554,0.0016669145475491,0.0008233483117477,0.0101134833962433,0.0050870675825393,35.379578216863,1,Rekurrensparese,1955,u_n
-351.0346374511719,177.53939819335938,69.25050354003906,42.28213119506836,-11.651936531066896,3.6329362392425537,4.157624244689941,-9.101224899291992,-0.3258756697177887,11.263988494873049,8.350317001342773,-5.941201686859131,-3.6175572872161865,36.66829681396485,10.548527717590332,11.467208862304688,6.591663837432861,6.415085315704346,7.221414566040039,6.0311713218688965,4.811959266662598,6.234931468963623,5.4700140953063965,4.039773941040039,6.165177345275879,4.216251373291016,-1.1361231803894043,0.2090237587690353,0.3030384480953216,0.0683181285858154,-0.0299792718142271,-0.0547627657651901,0.0995237007737159,-0.0633244663476944,0.0339985080063343,0.0401718094944953,-0.0084789199754595,0.0749175027012825,-0.0353510454297065,3.624995708465576,1.2038185596466064,1.0423144102096558,1.0638799667358398,1.255679965019226,0.7800673246383667,0.7007657885551453,0.7669452428817749,0.9392541646957396,0.6833028793334961,0.7017942667007446,0.6978158354759216,0.7117605805397034,0.4681945443153381,-0.0467201210558414,-0.1087174862623214,-0.0719107985496521,0.1387743502855301,0.0060837394557893,0.0103209046646952,-0.0149059202522039,0.006593766156584,-0.055899042636156,-0.0601528696715831,0.0120617570355534,-0.0440246239304542,2.4873619079589844,0.6799381375312805,0.7987221479415894,0.85514235496521,0.8023393154144287,0.5362435579299927,0.5860540270805359,0.5532822608947754,0.6304091811180115,0.4709341526031494,0.5342634916305542,0.5992215275764465,0.5211305618286133,0.006499031673769,0.0036552368419039,0.0651077586546585,0.0348815698274923,19.3743400643031,1,Rekurrensparese,1970,u_n
-374.0026245117188,163.01071166992188,69.08866119384766,49.90171813964844,-17.563556671142578,-5.70497989654541,-14.06123161315918,-8.907570838928223,4.671097278594971,-7.223893642425537,6.31592321395874,-7.2545881271362305,-11.414592742919922,25.19762420654297,4.826393127441406,6.829305171966553,5.52434778213501,7.642114639282227,5.424184799194336,4.594833850860596,4.104877948760986,3.872751474380493,3.685089111328125,5.247188091278076,3.465869665145874,2.859161853790283,-0.1580349802970886,-0.1145679876208305,-0.04226990416646,-0.0146206282079219,0.0030550297815352,-0.0596694275736808,-0.0273301936686038,-0.0513486713171005,-0.0429365970194339,-0.0196971613913774,-0.0709786638617515,-0.0696109384298324,-0.0078149689361453,4.475419521331787,0.7813820838928223,1.2333639860153198,0.8083571195602417,1.0444467067718506,0.7524734139442444,0.7215543985366821,0.5731366276741028,0.5821834802627563,0.6307704448699951,0.5642159581184387,0.5627399682998657,0.4526818692684173,1.0117480754852295,-0.0452195890247821,-0.2280248552560806,-0.1028546914458274,0.1939138770103454,0.115893118083477,0.1053592190146446,-0.0060088476166129,-0.0707687586545944,0.0600690059363842,-0.0282122995704412,0.0036489670164883,0.0106892557814717,3.315819501876831,0.5484266877174377,0.8955786228179932,0.6674849987030029,0.7955921292304993,0.6181194186210632,0.517842173576355,0.3610687553882599,0.4430567026138305,0.4821679890155792,0.3938394486904144,0.3978304862976074,0.3299181461334228,0.00508811770132,0.0031813326820559,0.0153052981938724,0.0070301077182134,30.64145354008572,1,Rekurrensparese,2002,u_n
-428.65032958984375,184.2654571533203,60.09741973876953,51.47007369995117,23.033954620361328,-5.401108741760254,8.587690353393555,5.736855030059815,-10.887784957885742,13.616923332214355,17.81088638305664,-9.839068412780762,-11.37736988067627,28.28470039367676,10.075852394104004,7.943505764007568,7.620343208312988,5.587481498718262,4.852032661437988,3.6011412143707275,5.248230457305908,5.218615531921387,4.307352542877197,4.675693035125732,4.847313404083252,4.181905746459961,-0.7836855053901672,0.0385149605572223,0.1211884692311286,0.0964351296424865,0.0851083099842071,0.0937204733490943,0.056297093629837,-0.0480304397642612,-0.0479395613074302,-0.0324593372642993,-0.0192252807319164,-0.0404394567012786,-0.024973077699542,3.212085723876953,1.260527729988098,0.7218804955482483,0.7627578973770142,0.5853672027587891,0.6848164200782776,0.6801115870475769,0.5278398990631104,0.7567271590232849,0.6686071157455444,0.7267415523529053,0.5645908713340759,0.476483941078186,0.5694578886032104,-0.1181661561131477,-0.066311240196228,-0.0568552389740943,-0.0439705699682235,0.0723826065659523,-0.0032877004705369,-0.0063632172532379,0.0677283480763435,-0.0459459275007247,-0.0504278354346752,0.0510841384530067,0.0389776229858398,2.3878931999206543,0.8605095148086548,0.628551721572876,0.5837714076042175,0.4657436311244964,0.4885823130607605,0.4807159006595611,0.3836225867271423,0.4284678697586059,0.3275156021118164,0.4165082573890686,0.4682850241661072,0.4123190939426422,0.0015854101581767,0.0006982317164104,0.0106443063101777,0.0044199766266591,33.75633675125438,1,Rekurrensparese,2007,u_n
-339.2668762207031,194.9976043701172,48.9508171081543,50.35144805908203,25.17458724975586,-2.606186389923096,-21.07696914672852,-20.23595428466797,3.524933338165283,5.047578811645508,0.8359666466712952,-0.6015809178352356,3.672398328781128,20.00493049621582,7.531855583190918,5.282110691070557,6.517122745513916,5.769716262817383,3.6265172958374015,5.508754730224609,6.8089118003845215,6.484006881713867,3.9606568813323975,3.157989025115967,2.589158535003662,4.135995388031006,-0.2039432972669601,0.2442022413015365,0.0159658212214708,0.1524845957756042,0.0701463669538497,-0.0996322780847549,-0.146178588271141,-0.0139942588284611,0.058761540800333,-0.0420248471200466,-0.0492601282894611,0.0182013642042875,0.0326428785920143,3.339085578918457,0.9443238973617554,0.67657870054245,0.8523481488227844,0.742628276348114,0.6243751049041748,0.4971441328525543,0.8426242470741272,0.6169072985649109,0.4815705716609955,0.5431683659553528,0.3848256170749664,0.5320126414299011,0.5987069606781006,-0.152034044265747,-0.0764821544289588,-0.0653335973620414,-0.0334945619106292,0.0565093047916889,0.0883492454886436,0.0794919207692146,-0.0457111410796642,-0.0548783764243125,0.0108271306380629,0.0008706594235263,-0.0770853832364082,2.535017967224121,0.7620728015899658,0.5663267970085144,0.3947344422340393,0.4118059873580932,0.3887698650360107,0.3831381797790527,0.3415278196334839,0.345024436712265,0.2764851748943329,0.3897077739238739,0.3215104341506958,0.3929837346076965,0.0013808632935616,0.0005670878297704,0.0124467204554248,0.0055000095148629,34.715456755953035,1,Rekurrensparese,2009,u_n
-365.1050109863281,159.3704071044922,77.05147552490234,47.52365112304688,-26.05632781982422,2.9133412837982178,-6.950544834136963,-13.69636344909668,9.062423706054688,6.490719318389893,-3.4684839248657227,9.710403442382812,3.4647915363311768,25.119394302368164,5.887590408325195,9.104808807373049,8.812260627746582,6.905201435089111,4.44151782989502,5.138416767120361,4.956849575042725,3.8083202838897705,3.71772813796997,4.440043449401856,5.208652019500732,4.373470306396484,0.1458143442869186,-0.1194804236292839,0.0299390908330678,0.020719975233078,-0.0477054826915264,0.0146520175039768,-0.0173920076340436,-0.0186769105494022,0.0004420988843776,0.0050025177188217,0.0496922805905342,0.0583063997328281,0.0322426371276378,3.5501599311828613,0.6727889776229858,1.305083990097046,0.8537421226501465,1.0262904167175293,0.6316859126091003,0.6568547487258911,0.652981162071228,0.5935809016227722,0.6333497166633606,0.6975691914558411,0.5357980728149414,0.5374709963798523,0.5713231563568115,-0.0395411886274814,-0.1717865020036697,-0.0773473903536796,0.1487824022769928,0.0339734219014644,0.0272300876677036,0.0307844132184982,-0.0592741928994655,-0.0232088956981897,0.0317987017333507,-0.0220151897519826,-0.0174489449709653,2.3548524379730225,0.4522422552108764,0.8640920519828796,0.6754510402679443,0.8026314973831177,0.5171698331832886,0.5083860754966736,0.427386611700058,0.4950939416885376,0.4483594596385956,0.4496746063232422,0.3762800991535187,0.4394662380218506,0.0043313540503027,0.0024590261258041,0.039068112245073,0.0222805713187751,25.47462311189062,1,Rekurrensparese,2014,u_n
-333.0785827636719,192.1615447998047,60.74825668334961,73.8851547241211,-9.890899658203123,-19.82984733581543,-22.035541534423828,2.092189073562622,21.808629989624023,-16.798599243164062,-4.788480758666992,10.962139129638672,-19.972047805786133,35.849857330322266,16.288673400878906,18.186866760253903,7.0864763259887695,11.04934024810791,8.178977012634277,7.252289772033691,4.367818355560303,4.536784648895264,6.260369300842285,3.856518030166626,4.441248893737793,3.763824701309204,0.083869993686676,0.368252158164978,-0.0184626393020153,0.0404134392738342,0.0572485253214836,-0.240160658955574,-0.1447702050209045,0.1652323752641677,0.0374564975500106,-0.1643689125776291,-0.0117245996370911,0.0480812489986419,-0.0304226949810981,3.937607288360596,1.6123489141464231,1.657101273536682,1.1149559020996094,1.1119680404663086,1.0151771306991575,0.7121291756629944,0.7583311796188354,0.8165953755378723,0.6002880930900574,0.7242764234542847,0.6484586000442505,0.4879631996154785,0.4248473644256592,-0.0441059507429599,-0.1519822925329208,-0.140704944729805,0.040725577622652,0.1438491940498352,0.0787364915013313,-0.0412658154964447,-0.0757410675287246,0.0509742461144924,-0.0261023603379726,-0.0753123462200164,0.0342244058847427,2.5457603931427,1.257923245429993,1.253316879272461,0.8470836281776428,0.5069229602813721,0.723112940788269,0.5749303698539734,0.4619239866733551,0.5445825457572937,0.5331714749336243,0.444566547870636,0.4988849461078644,0.3133801221847534,0.0271750915344873,0.0150270454990248,0.0664413351400822,0.0317443031971877,15.645625821279268,1,Rekurrensparese,2024,u_n
-300.35565185546875,168.80747985839844,66.0048828125,29.29248046875,-34.657920837402344,24.97639274597168,-17.90945816040039,-6.709437847137451,12.391057968139648,-11.925314903259276,5.431711673736572,-2.4272921085357666,-8.61369514465332,29.154129028320312,6.8142828941345215,9.772368431091309,4.024984359741211,10.183330535888672,6.692466735839844,5.907687664031982,4.751786708831787,6.158481121063232,5.607169151306152,4.178780555725098,4.067655563354492,2.893920660018921,-1.559851884841919,0.1072493270039558,0.0777189880609512,0.0392909757792949,-0.0677727684378624,0.1386770457029342,0.0463543459773063,-0.1211992725729942,0.2517380118370056,0.1113230213522911,0.1260258704423904,-0.0121091725304722,0.0692895352840423,3.266026973724365,1.2199115753173828,1.4239449501037598,0.5197327136993408,1.7559183835983276,1.3802331686019895,0.887756884098053,0.817960798740387,0.9872287511825562,0.6447253823280334,0.7852434515953064,0.629109263420105,0.42988982796669,1.2481600046157837,-0.216023787856102,-0.5364284515380859,0.0364657491445541,0.5562431216239929,-0.1386622488498687,0.2670418620109558,0.0900748968124389,-0.0563408471643924,0.1650445908308029,-0.0298593509942293,0.0069027720019221,0.0792844146490097,3.208538055419922,0.7560693621635437,1.4790797233581543,0.5392184853553772,1.28547203540802,0.6646236777305603,0.8406485319137573,0.508773684501648,0.6771263480186462,0.7769176959991455,0.3918768167495727,0.4083553850650787,0.4106689691543579,0.0163366858911291,0.0105878198408571,0.0918771303383041,0.0561305716679161,21.393213852847,1,Rekurrensparese,2033,u_n
-313.7521667480469,175.6436767578125,76.01969146728516,55.03944396972656,-4.196289539337158,-0.9779711961746216,7.438149452209473,-0.9420074820518494,0.0879927575588226,13.88821792602539,3.9556500911712646,-3.342372179031372,-2.870286464691162,16.682287216186523,7.182413101196289,7.374897956848144,5.252219676971436,4.5189738273620605,3.759089231491089,4.40940523147583,4.144153594970703,4.012004852294922,3.743099212646485,4.2140398025512695,3.677653789520264,3.444366216659546,-0.3414146900177002,0.0303410962224006,0.0094425240531563,-0.0424154512584209,-0.1114602759480476,-0.0343848653137683,0.0938953086733818,0.1094192638993263,0.0858335867524147,0.0706780478358268,0.0177362486720085,-0.0099101783707737,-0.0056796493008732,2.2851483821868896,0.8232609629631042,1.0582786798477173,0.7921186089515686,0.771573543548584,0.5933818221092224,0.5372374653816223,0.690266489982605,0.5482227802276611,0.6817659735679626,0.7891828417778015,0.6457917094230652,0.5961788892745972,0.3275797069072723,-0.0656579136848449,-0.2001406699419021,-0.117815688252449,0.0835856348276138,0.0618269555270671,0.0138756120577454,0.0225636009126901,0.0182757060974836,-0.0533663183450698,-0.0143467867746949,-0.0239745378494262,-0.0166058950126171,1.7481987476348877,0.5664494037628174,1.105321764945984,0.7054759860038757,0.624935507774353,0.5424386262893677,0.4659136533737182,0.5385335683822632,0.5169598460197449,0.5013265609741211,0.5370165109634399,0.4792569577693939,0.4971576929092407,0.0037180084237596,0.0018246811120829,0.0272446301850678,0.0142264612429632,22.23944826313832,1,Rekurrensparese,2072,u_n
-397.6242370605469,157.8821258544922,67.66658020019531,49.34707260131836,-7.275990962982178,-5.927156448364258,7.210456371307373,-6.664055347442627,-10.00280475616455,3.4319376945495605,-3.747837066650391,-9.469046592712402,-0.4443187415599823,25.52108383178711,9.35584831237793,9.123973846435549,7.397340297698975,6.230246543884277,6.810481548309326,4.47509765625,3.9490058422088623,4.448591232299805,4.329126834869385,5.053210735321045,4.204963207244873,3.3327319622039795,0.0003660335205495,-0.1340942233800888,-0.0482274666428566,-0.0884436964988708,-0.0273598507046699,0.0151130193844437,-0.0256781559437513,-0.0005641143070533,0.0999608114361763,0.0441311486065387,-0.0188790969550609,0.0432881116867065,0.0097282323986291,4.013472557067871,0.8272234797477722,1.3356562852859497,1.2541524171829224,1.0330458879470823,0.9349389672279358,0.5639690160751343,0.6720249056816101,0.5787581205368042,0.7198647856712341,0.6261851787567139,0.5445080995559692,0.5109580755233765,0.7181580662727356,-0.0239050257951021,-0.1301433145999908,-0.1163070350885391,0.09921545535326,0.1013986468315124,0.0057979230768978,0.0709702670574188,0.0509526170790195,-0.0490263849496841,-0.0639264434576034,-0.0005947621539235,-0.0307866632938385,2.831507444381714,0.5522610545158386,0.7116584181785583,0.734722912311554,0.6236371397972107,0.5710728764533997,0.4174263179302215,0.5511192083358765,0.5522476434707642,0.5133674144744873,0.5108168721199036,0.3673871755599975,0.3775583803653717,0.0023346211734531,0.0012684016187338,0.0139724606860471,0.0067348272546069,32.19192699278558,1,Rekurrensparese,2073,u_n
-388.5014953613281,169.99908447265625,80.79405212402344,68.1076431274414,15.547682762145996,6.011961936950684,0.7405030131340027,-5.822729587554932,3.4684269428253174,6.298935413360596,6.893561363220215,-3.163642644882202,-11.151566505432127,21.41617584228516,4.974952220916748,7.559721946716309,6.139032363891602,4.000940799713135,4.006530284881592,4.429070949554443,4.282890319824219,3.646526575088501,3.878209114074707,3.818827390670776,3.495609760284424,3.880960941314697,-0.0482245981693267,-0.0878860279917717,-0.0512171983718872,0.0010580143425613,0.0307933688163757,0.0461884401738643,0.0257686916738748,-0.0094993617385625,-0.0162589699029922,0.0036463737487792,0.0175988227128982,-0.0205914974212646,-0.0382062681019306,3.9030067920684814,0.7695233225822449,1.466510534286499,1.29130220413208,0.6218122839927673,0.7877174615859985,0.710760235786438,0.691929817199707,0.6997228860855103,0.5773309469223022,0.715344250202179,0.6730473041534424,0.6341654658317566,0.8015685081481934,-0.1004464700818061,-0.2547043263912201,-0.2004182636737823,0.0133952777832746,0.0541865266859531,0.0581498481333255,0.0856042131781578,0.0043049515224993,-0.021839840337634,-0.042786531150341,0.0263443328440189,0.0744059011340141,2.7780957221984863,0.5648254156112671,0.9332692623138428,0.8341407179832458,0.5537423491477966,0.599573016166687,0.5321239829063416,0.5046015381813049,0.5227249264717102,0.4944479465484619,0.569339394569397,0.5199565887451172,0.5067483186721802,0.0068050197831948,0.004060165268038,0.02560577079925,0.0140757303046821,24.720979758861723,1,Rekurrensparese,2078,u_n
-398.0543518066406,156.75929260253906,64.17159271240234,53.49805068969727,15.663233757019045,-13.438298225402832,-20.177017211914062,-13.79474639892578,-7.033369064331055,-21.83831596374512,-14.052021026611328,4.003890037536621,-7.769645690917969,23.78339385986328,9.197701454162598,9.767423629760742,6.027043342590332,5.190056324005127,4.575058937072754,6.615820407867432,5.44429349899292,3.8040850162506095,5.38306999206543,4.13734245300293,4.751607894897461,4.930075645446777,0.0717129930853843,-0.0939045250415802,0.0195716917514801,-0.0869412943720817,-0.042840801179409,0.0442598983645439,0.1121468618512153,0.0050133983604609,0.0090616783127188,0.0818114206194877,-0.0320984050631523,-0.0715020969510078,0.0263671725988388,3.055731773376465,1.09016752243042,0.9972402453422546,1.0498290061950684,0.8532961010932922,0.8518319129943848,0.7984375953674316,0.6575734615325928,0.6611630320549011,0.9007331132888794,0.7628312706947327,0.5570575594902039,0.6020030975341797,0.6262538433074951,0.1400969475507736,-0.0877786874771118,-0.1403556764125824,-0.0244879014790058,0.0735286846756935,0.0976865068078041,0.0479486845433712,-0.0187203139066696,0.0764393210411071,0.0662587285041809,-0.0211275871843099,0.0289997272193431,2.485538482666016,1.126802682876587,0.7358136773109436,0.7482674717903137,0.5111976265907288,0.5127681493759155,0.5054998397827148,0.3949047029018402,0.4556526243686676,0.4589538872241974,0.4762623608112335,0.4490377604961395,0.3742267489433288,0.0043694730322045,0.0027419806524079,0.0151367737708893,0.0082119950428561,33.32308541885204,1,Rekurrensparese,2083,u_n
-388.0291748046875,171.34510803222656,81.7376708984375,48.23539733886719,16.129423141479492,-5.037949085235596,-1.5267164707183838,0.8210119009017944,-5.572175979614258,-14.184372901916504,-5.532774448394775,-1.2495533227920532,-9.086907386779783,20.570232391357425,7.329750061035156,11.190553665161133,7.531930446624756,5.59126615524292,5.756920337677002,4.717813014984131,4.175785064697266,4.209425449371338,4.515758037567139,3.7364556789398193,4.370849132537842,3.5853328704833984,-0.6523921489715576,0.0500343069434165,0.2598817348480224,0.1231191828846931,-0.0114331590011715,-0.0136872194707393,0.0184842012822628,-0.0335059836506843,-0.0251245945692062,-0.0042620543390512,-0.034212652593851,-0.0281542297452688,-0.0114002572372555,3.434406280517578,0.989845097064972,1.2150884866714478,1.2370541095733645,0.8522573709487915,0.822813093662262,0.6704702973365784,0.6121968030929565,0.6303077340126038,0.6828094124794006,0.6063171029090881,0.6457986831665039,0.542577862739563,0.4381565153598785,-0.0451805144548416,-0.0511797294020652,0.0007590036839246,0.0197212602943182,0.0731142982840538,0.0135780544951558,-0.02173906378448,0.0130959572270512,0.0359909012913703,0.0038661463186144,-0.0217456221580505,0.0217884164303541,2.4067163467407227,0.6859018802642822,0.6669182777404785,0.8046154379844666,0.5668286085128784,0.5952581763267517,0.5393197536468506,0.5235856771469116,0.4528015851974487,0.4609544277191162,0.476984441280365,0.4325805902481079,0.4634255468845367,0.0074800314766991,0.0036283419221889,0.0182467403696292,0.0097112860610606,28.6827620012245,1,Rekurrensparese,2086,u_n
-411.42083740234375,135.29335021972656,94.49491119384766,69.68226623535156,28.474578857421875,12.511956214904783,10.64709758758545,-0.6564446687698364,1.9652109146118164,7.360712051391602,10.560678482055664,7.035360813140869,6.635366439819336,24.159852981567383,13.00118350982666,11.285017013549805,7.669794082641602,4.403381824493408,5.034665584564209,4.760213375091553,4.734384059906006,5.855178356170654,3.6044881343841553,3.815319538116455,3.562318563461304,3.771853446960449,-0.6589984893798828,-0.1010317206382751,0.0300499685108661,-0.0731001049280166,-0.0035468295682221,0.0349320285022258,0.0394317954778671,0.0386976934969425,0.0622214935719966,0.0731952637434005,0.0239196345210075,0.0376451797783374,0.0267779119312763,4.22386360168457,1.384168267250061,1.895129561424256,1.457935810089111,0.7866950035095215,0.8599812388420105,0.6466578245162964,0.6807272434234619,0.941030979156494,0.6097209453582764,0.5474827885627747,0.6335977911949158,0.6761695146560669,0.6469626426696777,-0.0274296011775732,-0.2452156841754913,-0.1190495416522026,-0.0465782135725021,0.0286032408475875,-0.0170267578214406,0.0299373529851436,0.0354639180004596,-0.031824167817831,-0.0312707796692848,-0.0054258089512586,-0.0156360864639282,2.762934684753418,0.8235776424407959,1.2120051383972168,1.0049513578414917,0.544139564037323,0.5834929347038269,0.4615809321403503,0.4859617352485657,0.6129793524742126,0.5246754288673401,0.4701271057128906,0.4819607138633728,0.4510561227798462,0.0027260966584581,0.0009299417111462,0.0256040902490495,0.0116880821094846,28.84583703187502,1,Rekurrensparese,2088,u_n
-428.0338439941406,162.99119567871094,77.43846893310547,52.08527374267578,0.7848232984542847,15.629746437072754,7.165583610534668,-8.995121955871582,9.400799751281738,5.805403232574463,7.22224760055542,6.798580646514893,1.0854032039642334,23.58178329467773,6.141485214233398,7.88727331161499,5.00872278213501,5.122861862182617,3.717590570449829,3.536162853240967,4.333101749420166,3.702029228210449,3.58709979057312,3.5968809127807617,3.124765396118164,3.001375913619995,-0.2109040170907974,0.0973501205444336,0.0147358700633049,0.0164484232664108,0.0083454400300979,0.0135206785053014,0.004172648768872,0.0096003133803606,0.0382268279790878,0.0080630658194422,0.0554548576474189,0.0039754910394549,-0.0143092004582285,4.573562145233154,0.7955855131149292,1.5019891262054443,0.8644266128540039,0.8584288358688354,0.6316538453102112,0.6701833009719849,0.6305946111679077,0.6577046513557434,0.5455790162086487,0.5717438459396362,0.5686556696891785,0.4315212070941925,1.0552836656570437,-0.1584287136793136,-0.3488039076328277,-0.0872188955545425,0.1724193543195724,-0.0286401063203811,0.0215788204222917,0.1307517141103744,0.0155493887141346,0.0393241867423057,0.0520084388554096,0.0341657139360904,-0.0189186390489339,3.076622247695923,0.6942593455314636,1.0874316692352295,0.4638813734054565,0.6497812271118164,0.5447763204574585,0.5352609157562256,0.5203009843826294,0.4771376550197601,0.4422374665737152,0.4311897754669189,0.4418395757675171,0.3407664895057678,0.0040038106274269,0.0021626927211891,0.0265100853478677,0.013689585595254,27.918641730257097,1,Rekurrensparese,2100,u_n
-355.8929748535156,173.8440399169922,65.79244995117188,34.20446014404297,-20.37729454040528,9.86437702178955,-22.6231632232666,2.517488718032837,19.11201858520508,-6.490685939788818,0.8551144599914551,-11.369500160217283,-7.479599475860596,19.72571563720703,6.020264625549316,8.406132698059082,5.198387145996094,6.747395038604736,4.030820846557617,5.684683799743652,3.8531315326690674,5.554269790649414,3.6258294582366943,3.717268466949463,3.469601392745972,4.453521728515625,0.3596567809581756,0.0015544781927019,-0.0713024884462356,0.0328151434659957,0.0428574234247207,-0.0159734301269054,-0.0360434725880622,-0.0080231390893459,0.009230799973011,-0.0048849885351955,-0.0233919974416494,0.0216798316687345,0.0118420887738466,3.2593793869018555,0.9233959317207336,1.1516231298446655,0.707416296005249,1.196803092956543,0.6067394614219666,1.0305273532867432,0.5787694454193115,0.9033968448638916,0.5676877498626709,0.5555166006088257,0.5745896697044373,0.5477039217948914,0.6925817131996155,-0.102814681828022,-0.1886397004127502,-0.0021853365469723,0.176185131072998,-0.0216778479516506,0.0808942392468452,-0.0419030040502548,-0.129417598247528,0.0224349722266197,-0.0230722203850746,0.0014066133880987,0.0104494839906692,2.8409533500671387,0.5773795247077942,0.97316312789917,0.6168636083602905,0.9062921404838562,0.458955854177475,0.5420432686805725,0.4655213952064514,0.6135846972465515,0.4321509301662445,0.5092250108718872,0.4542838335037231,0.4347922205924988,0.0054905949412177,0.0033891622598745,0.0167091564912867,0.0092359274652616,28.058625485434312,1,Rekurrensparese,2109,u_n
-329.2271728515625,154.89627075195312,73.47102355957031,48.43206405639648,-37.94803237915039,15.585179328918455,-14.86272430419922,-10.280478477478027,-2.2761106491088867,-3.563770294189453,10.47843074798584,-5.832025051116943,4.750000953674316,22.42636108398437,5.110656261444092,8.944515228271484,7.185806274414063,6.8309245109558105,5.093753337860107,6.996964931488037,4.12696647644043,4.6749587059021,4.142092227935791,3.2977256774902344,4.137571334838867,3.0416927337646484,-1.0098189115524292,-0.0348828472197055,0.1900984346866607,0.1159757077693939,-0.0936661809682846,0.1422275602817535,0.133476123213768,-0.0074742608703672,0.0747027769684791,-0.0213111340999603,0.0547768101096153,-0.0035706690978258,-0.0717294588685035,3.185004711151123,0.6396969556808472,1.3497885465621948,1.020979404449463,1.3906254768371582,0.6974897980690002,0.9208160042762756,0.6498625874519348,0.6713272333145142,0.6132210493087769,0.5388290286064148,0.6033900380134583,0.54414963722229,0.4884231388568878,0.0197848342359066,-0.1690419763326645,-0.0361112728714942,0.2418342977762222,-0.0205714497715234,0.0102566825225949,0.0311736036092042,0.0595741122961044,0.0076695461757481,-0.0128601435571908,0.0603872314095497,-0.0102908154949545,2.3069138526916504,0.5233263373374939,0.9892418384552002,0.766640841960907,1.0554505586624146,0.4248537719249725,0.6765720844268799,0.4474496841430664,0.5208495259284973,0.4413498938083648,0.3979393541812897,0.4033257365226745,0.4640457928180694,0.0068429204373329,0.0037771634800836,0.0394309033048793,0.019612229787008,21.10755643016194,1,Rekurrensparese,2115,u_n
-308.0780639648437,198.6470642089844,46.81761932373047,55.18305587768555,-19.42657852172852,8.540319442749023,-2.6308305263519287,-11.75311279296875,14.770452499389648,1.667502522468567,7.150596618652344,9.19272518157959,-4.682188987731934,13.78088092803955,4.312605381011963,7.605834484100342,9.036884307861328,6.75727128982544,4.552195072174072,10.782657623291016,8.238757133483887,4.793893337249756,6.645498275756836,8.826859474182129,4.125240325927734,4.100147724151611,-0.4635941088199615,0.0168662331998348,0.1733635514974594,-0.1369065642356872,0.1596436500549316,-0.0265616811811923,-0.4353972673416137,0.2564984560012817,0.0988841205835342,-0.0748728737235069,0.4375018775463104,-0.0600748434662818,-0.0632113069295883,1.0873723030090332,0.6670811772346497,0.7297265529632568,0.885812520980835,0.9797465205192566,0.8473608493804932,0.8400501012802124,0.7784721851348877,0.7800792455673218,0.8140289187431335,0.5273270010948181,0.5099954605102539,0.5716590285301208,0.3158976435661316,-0.1192226558923721,-0.001768969814293,0.0080197267234325,0.1800844520330429,-0.0400585904717445,0.0594591237604618,0.0802189260721206,-0.0530665703117847,0.0726158991456031,-0.0078397002071142,-0.007358118891716,0.0384237468242645,0.9673932194709778,0.5395899415016174,0.43196702003479,0.6130749583244324,0.687317430973053,0.5945443511009216,0.5879998803138733,0.5800480842590332,0.4885378777980804,0.5621458888053894,0.4035221636295318,0.2922480702400207,0.422586977481842,0.0067852881189079,0.0039047108895999,0.0671067512618264,0.0396237027686506,18.74328109234823,1,Rekurrensparese,2148,u_n
-389.8719177246094,160.8529052734375,54.37652587890625,37.26752471923828,-0.3590105772018432,-19.8056583404541,-23.9370346069336,-12.729893684387209,-3.3363828659057617,0.8916468620300293,-11.160039901733398,-17.56060028076172,6.725773334503174,25.932876586914062,6.96182107925415,6.208919048309326,5.054533958435059,3.635644912719727,7.057335376739502,7.092302322387695,4.570313453674316,2.8788397312164307,3.11665940284729,3.979455947875977,4.289727210998535,4.693114757537842,-0.7227484583854675,-0.2802125215530395,0.11179830878973,-0.0459383055567741,-0.1282103508710861,-0.2080446481704712,-0.3262819945812225,-0.2346004694700241,-0.0578668899834156,-0.0049944575875997,-0.1949264407157898,-0.1526213884353637,0.2304425686597824,4.326807498931885,1.48613440990448,1.0294803380966189,0.7785939574241638,0.5673443675041199,0.926818311214447,0.7534515261650085,0.5302410125732422,0.5254741907119751,0.6431681513786316,0.6203005909919739,0.6275473237037659,0.806318998336792,1.3527824878692627,0.0745645985007286,-0.1078567951917648,0.0168436914682388,0.1027982756495475,0.0953611582517623,0.153037816286087,0.1290240734815597,0.0007645433652214,-0.0416846796870231,0.027998873963952,0.13555808365345,-0.1167452707886695,3.497192621231079,0.943855345249176,0.6033756136894226,0.3523545563220978,0.5078580379486084,0.5621432065963745,0.7251347899436951,0.6498891115188599,0.4946128726005554,0.44601970911026,0.3878653943538666,0.4855128526687622,0.4562381505966186,0.0026440183467941,0.0014895711247083,0.0127749203338919,0.0064519111314111,34.05598371787109,1,Rekurrensparese,2150,u_n
-313.5470886230469,205.4418334960937,41.33773040771485,58.526611328125,25.491235733032227,7.511409282684326,-33.67243957519531,-36.542457580566406,-2.5238730907440186,4.343364238739014,-12.52322006225586,-18.92821502685547,5.9598236083984375,20.36720085144043,9.089729309082031,7.414153099060059,5.962748527526856,3.02239990234375,2.306812286376953,5.902118682861328,5.858725070953369,2.923935651779175,3.5071611404418945,3.188295841217041,3.620344400405884,2.8339293003082275,-0.2627673745155334,-0.5485286116600037,0.4352509975433349,0.1753875017166137,-0.1909615695476532,0.0992179661989212,0.3648575246334076,0.0468669794499874,-0.1481672823429107,-0.1552063077688217,-0.1551286727190017,0.0096100000664591,-0.026662454009056,2.4163613319396973,1.3550102710723877,1.0115461349487305,0.7650563716888428,0.6241806745529175,0.3697596490383148,1.0538148880004885,1.0389108657836914,0.323314756155014,0.5586248636245728,0.4775379300117492,0.6547393798828125,0.405839592218399,0.955403745174408,-0.2585264146327972,-0.0334267392754554,-0.2824589014053345,-0.082276239991188,-0.0083414996042847,0.1932714432477951,0.3606805801391601,-0.0126760974526405,-0.0585952289402484,0.1083994358777999,0.152416855096817,-0.030158819630742,2.702819347381592,0.698235809803009,0.6538153290748596,0.9374273419380188,0.329943835735321,0.2365008145570755,0.3646761178970337,0.8880496621131897,0.2403676062822342,0.3795470893383026,0.3656024932861328,0.4473681151866913,0.3124884963035583,0.0021205431471945,0.0007348011160336,0.0196914481273883,0.0088825919551398,31.577573968546687,1,Rekurrensparese,2152,u_n
-310.3403625488281,166.27609252929688,23.962108612060547,28.004627227783203,-23.794696807861328,-15.66646671295166,-7.657524585723877,-2.708870649337769,3.002267599105835,0.039128441363573,4.713317394256592,-8.910873413085938,-13.034835815429688,23.06630516052246,8.491178512573242,6.226015567779541,4.186075687408447,6.71162748336792,4.424720287322998,4.230979919433594,3.454758405685425,4.048482894897461,4.850346088409424,4.314298152923584,4.274521350860596,3.9455275535583496,-0.1240014061331749,0.5083467960357666,-0.1472372859716415,0.1068286299705505,-0.1826623678207397,-0.0734216943383216,-0.0642874538898468,-0.0151855619624257,0.064575582742691,-0.1236157193779945,0.0873405858874321,-0.1114894673228263,-0.2485117316246032,4.483924865722656,0.816737174987793,0.7455626726150513,0.8067788481712341,0.9467014074325562,0.5485591292381287,0.4429699778556824,0.2933378517627716,0.579720139503479,0.7062094807624817,0.6377187967300415,0.8626616597175598,0.6510683298110962,1.4411499500274658,-0.1914274990558624,-0.0182584077119827,-0.018500467762351,0.4046868979930877,0.1860229969024658,-0.0847000479698181,-0.0883698761463165,-0.0812501683831214,-0.0737964287400245,-0.0622701272368431,0.078989677131176,-0.0231021717190742,3.273359060287476,0.5445517897605896,0.5488834977149963,0.561262309551239,0.9568007588386536,0.6052553653717041,0.3974960148334503,0.428550660610199,0.5412633419036865,0.6705778241157532,0.4352067112922668,0.4129830300807953,0.4674035906791687,0.0156361569761378,0.0085441889705724,0.1431701398119806,0.0784111473507103,16.986748583291014,1,Rekurrensparese,2153,u_n
-396.2978515625,144.35281372070312,46.62789916992188,58.924835205078125,2.391080617904663,-25.94845199584961,-25.953617095947266,-8.0022554397583,-4.68756914138794,-17.447994232177734,2.2874090671539307,-3.959273815155029,-14.604083061218262,39.1419563293457,12.368474006652832,7.894526958465576,13.103480339050291,9.047910690307615,6.780867576599121,6.1888275146484375,6.196179389953613,6.0802001953125,5.318420886993408,4.210732936859131,4.638296127319336,3.778524160385132,-0.8684256672859192,0.0962769165635109,-0.0490058101713657,0.1844777315855026,0.0210236348211765,-0.2399773597717285,0.0086276121437549,-0.0779356732964515,-0.1188099384307861,0.0240802764892578,0.0258918441832065,-0.0793211534619331,0.0598961561918258,6.060549259185791,1.5533004999160769,1.2070738077163696,1.4320924282073977,1.3264354467391968,1.0071170330047607,1.1409955024719238,0.7906726002693176,0.8553493022918701,0.9362450242042542,0.6186331510543823,0.6589040160179138,0.6268288493156433,1.5853015184402466,-0.0181073397397995,-0.0596634857356548,-0.2929249405860901,0.0430671460926532,0.2761078774929046,0.2236285209655761,-0.0887336507439613,-0.0292552262544631,0.1398795992136001,-0.0636703446507453,0.0234158635139465,0.116835206747055,4.163188934326172,0.5972344279289246,0.595270037651062,1.0008578300476074,0.5927554368972778,0.9113044738769532,0.7524439692497253,0.4906116127967834,0.5584172606468201,0.5009296536445618,0.4606077075004577,0.4732964336872101,0.5049591064453125,0.0032268135268037,0.0007694616659809,0.0128151993746392,0.0042400286573979,32.37828460694438,1,Rekurrensparese,2155,u_n
-304.8620300292969,167.35301208496094,44.89256286621094,22.22474479675293,-20.27488899230957,-8.033799171447754,-2.609996795654297,-6.224271774291992,4.133018970489502,4.305266380310059,-1.6048225164413452,-7.803631782531738,-10.660157203674316,17.6627197265625,6.283640861511231,12.22483253479004,7.489189624786377,6.653730869293213,6.229928493499756,4.286478519439697,4.401102066040039,4.227599620819092,3.81992506980896,3.965975522994995,4.677186965942383,4.1825690269470215,0.1385301053524017,-0.1051261574029922,0.0204576458781957,-0.001988539006561,-0.1266130954027176,-0.0817826986312866,-0.010635981336236,-0.0171380564570426,-0.0670733526349067,-0.0859225541353225,-0.0701314061880111,-0.0856987759470939,-0.0186089817434549,2.941358089447021,0.9115990400314332,1.500801682472229,1.1060287952423096,1.1807998418807983,0.9357731342315674,0.6068373918533325,0.7163364291191101,0.7052736282348633,0.7335220575332642,0.6183132529258728,0.6142619848251343,0.6415737271308899,0.7159613966941833,-0.1114249527454376,-0.0954015478491783,0.0540916249155998,0.214649885892868,0.0827123522758483,-0.0136269684880971,0.0094697382301092,-0.0222917646169662,-0.0608259178698062,-0.0112087167799472,0.00979267898947,-0.0353560149669647,2.314529657363892,0.4983892738819122,0.7547885179519653,0.7292765378952026,0.7353900074958801,0.5446873307228088,0.3696678280830383,0.5010934472084045,0.4026434123516083,0.4713777899742126,0.4599426686763763,0.4385070204734802,0.4010420739650726,0.0072665850097628,0.003620199557258,0.0373551363377977,0.0201156701114608,22.753438525783807,1,Rekurrensparese,2160,u_n
-256.7193908691406,134.00917053222656,67.99774932861328,103.30575561523438,-28.35307502746582,34.76667022705078,-3.173893928527832,-23.60224723815918,-7.703739166259766,24.280027389526367,12.25204086303711,-14.601967811584473,4.046401977539063,27.324199676513672,7.881817817687988,9.534725189208984,4.698925495147705,5.095176696777344,4.546088218688965,5.298920631408691,4.790093898773193,4.591946601867676,5.541998863220215,4.53600549697876,5.808862686157227,5.4798970222473145,0.8365591168403625,0.3455234467983246,-0.8393516540527344,0.0853670313954353,-0.0198730435222387,-0.2885653078556061,0.1677624881267547,-0.061020128428936,0.0068713687360286,0.3113171458244324,0.3330268561840057,0.0924014449119567,0.1313650459051132,4.541018009185791,0.9148609638214112,0.9334037899971008,0.7431296706199646,0.9065036177635192,0.8558382987976074,1.0822336673736572,0.9345718026161194,0.8317734003067017,1.1658754348754885,0.8722419738769531,1.0069493055343628,0.9635682106018066,-0.0691997185349464,0.240673691034317,-0.1840705126523971,-0.1795794814825058,-0.0160067174583673,-0.1920279264450073,0.0672111958265304,-0.1143545061349868,-0.0014127783942967,-0.0678256899118423,-0.014347200281918,0.2090279906988144,-0.0894455090165138,1.3561890125274658,0.7959234714508057,0.992239236831665,0.5015843510627747,0.4999368786811828,0.4809051156044006,0.7062734961509705,0.5828019976615906,0.5020798444747925,0.4707741737365722,0.4374389350414276,0.7996536493301392,0.5682184100151062,0.0641845568325021,0.0381045021286806,0.1658727452181068,0.0714590031406026,6.92441345486109,1,Rekurrensparese,2182,u_n
-406.6219177246094,141.85008239746094,70.681640625,46.796875,9.817914962768556,-6.708258628845215,-6.649134635925293,-8.23684310913086,-6.583845138549805,-7.454857349395752,-7.199334621429443,-3.9533944129943848,-7.653144836425781,25.686452865600582,11.33696746826172,8.833943367004395,5.965422630310059,7.151758670806885,4.5777106285095215,5.753078460693359,5.34417724609375,4.502687931060791,4.798066139221191,2.746788024902344,5.008869171142578,4.767826080322266,0.4244147539138794,-0.7023580074310303,-0.3057862222194671,-0.1375470608472824,-0.0896075740456581,0.1448555141687393,0.1388366520404815,0.0643852278590202,0.0225481279194355,0.1170413494110107,0.0469194538891315,0.0371188074350357,0.084722101688385,4.742354393005371,1.963231325149536,1.6969037055969238,0.9379303455352784,1.1107302904129028,0.8106338381767273,0.8692308068275452,0.8329502940177917,0.7948766350746155,0.755332887172699,0.5180160999298096,0.6575875282287598,0.804627537727356,1.0540590286254885,0.3029464781284332,-0.2078345715999603,-0.1284126490354538,0.0294006131589412,0.1404812783002853,0.1362615525722503,0.1069492772221565,0.0529708452522754,0.0042733629234135,-0.0311280209571123,-0.0342263579368591,0.0210875645279884,3.299149513244629,1.040734052658081,0.7704740166664124,0.6965070962905884,0.5972301363945007,0.5832230448722839,0.5949670672416687,0.4195968508720398,0.5585994124412537,0.4845304489135742,0.3563563227653503,0.516015887260437,0.4811190664768219,0.002065121022753,0.0009988287200879,0.0144751833964778,0.0060503157477702,32.9055151857748,1,Rekurrensparese,2190,u_n
-394.3923950195313,181.4730834960937,52.48765182495117,59.99126052856445,51.53573226928711,0.7842639684677124,-29.70423126220703,-17.036258697509766,4.241175174713135,-0.9818284511566162,-13.587342262268066,0.8405259847640991,7.071498870849609,34.110939025878906,18.22339630126953,8.75529670715332,7.179116725921631,7.114437103271484,4.5336761474609375,5.54173755645752,3.746131896972656,3.1030235290527344,3.4714488983154297,3.0325043201446533,2.94404935836792,3.0833659172058105,-0.4758903980255127,-0.6850003004074097,0.1161060184240341,0.1055145412683487,-0.0300501063466072,0.1257059872150421,0.2014157474040985,0.0365929119288921,-0.0896409153938293,-0.0845533832907676,0.0155545808374881,0.0626615732908248,0.0417578369379043,3.912920475006104,0.9745959639549256,1.0873181819915771,0.9440230131149292,1.0648415088653564,0.520817220211029,0.7273185849189758,0.7034426927566528,0.4334021210670471,0.486669659614563,0.4146296083927154,0.3897367417812347,0.476936787366867,0.6897910237312317,-0.1090084761381149,-0.0751578882336616,-0.1519007235765457,-0.1085490807890892,0.1086675375699997,0.1383690536022186,0.0675439536571502,-0.0447219796478748,-0.0436398200690746,0.0797469764947891,0.0205398369580507,-0.0539418421685695,2.423407554626465,0.6303209662437439,0.7109876871109009,0.5608075857162476,0.4569447338581085,0.5121232867240906,0.5521212220191956,0.3886363208293915,0.3288538455963135,0.294570118188858,0.3475054502487182,0.2893505096435547,0.3436123132705688,0.0049695069916711,0.0019457085663954,0.0221147922424839,0.0066642466432443,27.296675930480617,1,Rekurrensparese,2192,u_n
-338.789794921875,131.95729064941406,63.66038131713867,71.76295471191406,-31.11444091796875,9.089417457580566,-14.681490898132324,-20.01722717285156,2.396005392074585,-10.434175491333008,-5.429697513580322,-7.317073345184326,8.76256275177002,16.68577003479004,6.732860565185547,5.77907657623291,5.802237510681152,5.878284454345703,4.744630336761475,5.665544509887695,4.655466079711914,3.828908920288086,3.887043952941896,4.400027275085449,4.10948371887207,4.039302825927734,-0.2056920081377029,0.1166760548949241,0.0064717582426965,0.0930361598730087,-0.1940649896860122,-0.0211603473871946,-0.0455783084034919,0.0309589747339487,0.062200091779232,-0.0142747936770319,0.0606593936681747,0.0356974303722381,0.0505963824689388,2.8121674060821533,1.1830956935882568,0.8769163489341736,1.0869555473327637,1.0576850175857544,0.6526686549186707,0.5825559496879578,0.6816555857658386,0.4577846229076385,0.4934137165546417,0.513515055179596,0.5290901064872742,0.5784500241279602,0.5460545420646667,0.1688412576913833,-0.1798724085092544,-0.1504092067480087,0.1481068879365921,0.1165415868163108,0.1348776072263717,0.0518525913357734,-0.032271210104227,-0.0009941393509507,0.0276382695883512,0.0544125512242317,-0.0322752557694911,2.0874085426330566,0.8929886817932129,0.7734695672988892,0.7845620512962341,0.6980167031288147,0.6856788396835327,0.6507173180580139,0.5623008608818054,0.3695895671844482,0.4190615117549896,0.485651433467865,0.4801505506038666,0.4637427926063537,0.0049086218524133,0.002894398858887,0.0276651018859012,0.0153630488216807,26.1881177452794,1,Rekurrensparese,2216,u_n
-378.79498291015625,143.71514892578125,73.91124725341797,44.70970153808594,14.821697235107422,-12.83426570892334,-18.92822265625,-4.653730392456055,-9.53248119354248,-12.625255584716797,-6.655066013336182,2.034682512283325,1.5576592683792114,36.48411178588867,7.065165996551514,12.16911506652832,6.614020347595215,6.460236549377441,6.740023612976074,5.781396389007568,4.011905193328857,4.319553375244141,4.026505947113037,3.704172849655152,4.379901885986328,3.165886640548706,0.1812748312950134,-0.0679547637701034,-0.1561788469552993,0.1399384588003158,0.2474287748336792,-0.0798162817955017,-0.1439952105283737,0.1315182298421859,0.1109061539173126,-0.0668610483407974,0.0390470698475837,0.0640185326337814,-0.0324823297560215,6.756410598754883,0.8571677803993225,2.3975369930267334,1.2301568984985352,1.085147500038147,1.2745630741119385,1.1789608001708984,0.7209712266921997,0.7176872491836548,0.6147685647010803,0.5546102523803711,0.7091942429542542,0.5783172249794006,2.376181364059448,0.0809350237250328,-0.7713308930397034,-0.2444032579660415,0.0916662514209747,0.3418188691139221,0.3134869039058685,0.0886983051896095,0.0626660212874412,0.0967445522546768,0.0153122022747993,-0.1000644117593765,-0.0629552081227302,5.129171848297119,0.4675795435905456,1.7309622764587402,0.854604184627533,0.907898485660553,1.0216621160507202,0.8860760927200317,0.5476585030555725,0.5230366587638855,0.4872481822967529,0.4357636272907257,0.5458608865737915,0.3712873756885528,0.0036712716310263,0.0012394405203403,0.0217262411286713,0.0077494704571587,29.65585326434651,1,Rekurrensparese,2218,u_n
-332.8397827148437,180.8848876953125,47.5810775756836,33.85451126098633,-11.727030754089355,-4.118578433990479,-4.679104804992676,5.617645263671875,15.367609977722168,0.6429606080055237,1.6730461120605469,-4.171589374542236,-14.752596855163574,22.59966087341309,10.463951110839844,5.265645980834961,7.411145210266113,5.923827171325684,9.146881103515623,5.168318748474121,6.581446647644043,5.356246948242188,6.876180171966553,4.136562347412109,5.015630722045898,6.321789741516113,-1.0477348566055298,0.1330506503582,0.0258712712675333,-0.214332178235054,-0.0545755811035633,-0.3225486576557159,0.0632668659090995,0.2847611308097839,0.2258973866701126,0.1723292469978332,0.1271814554929733,0.0792910233139991,-0.0623784735798835,1.4797438383102417,1.351573824882507,0.8778897523880005,1.2343902587890625,0.8446872234344482,0.619159460067749,0.6996496319770813,0.8508673310279846,0.6835963129997253,0.90647554397583,0.6138195991516113,0.5897602438926697,0.7661851048469543,0.3213640451431274,-0.0967824906110763,-0.1078067496418953,-0.0785191878676414,0.2276266813278198,0.0136455511674284,-0.0466403178870677,-0.0102816624566912,-0.0478312224149704,0.0272986199706792,0.127529963850975,0.1036390364170074,0.0063862949609756,1.1303181648254397,0.4715363383293152,0.5972718596458435,0.7036362290382385,0.8190649151802063,0.5793988108634949,0.4445172250270843,0.506816029548645,0.4514101445674896,0.4577343761920929,0.6087634563446045,0.5679907202720642,0.5303784012794495,0.1232078542444997,0.0603731662212086,0.2233671243406148,0.1004781462649987,1.997970728262053,1,Rekurrensparese,2237,u_n
-327.3822631835937,212.15603637695312,65.21415710449219,35.29239654541016,0.255288153886795,-7.99848747253418,-7.533255100250244,-3.467186212539673,-1.7419172525405884,-1.290899395942688,8.197328567504883,-4.05972146987915,-17.6175594329834,28.90980529785156,7.611470222473144,6.6439738273620605,6.147923946380615,3.174046277999878,2.9789047241210938,3.180490255355835,2.61180067062378,2.9253177642822266,3.0063676834106445,2.310009717941284,5.012207984924316,4.331597328186035,0.0684164091944694,0.1348395049571991,0.0138569353148341,-0.0637424290180206,-0.0626984685659408,-0.0371587462723255,-0.032361052930355,-0.0259206946939229,-0.0060922871343791,0.0109117869287729,0.0110472477972507,-0.0213098730891942,-0.0346027836203575,2.915254831314087,1.1280903816223145,0.9090489745140076,0.4160197675228119,0.4937160015106201,0.5079933404922485,0.3742923140525818,0.3560730218887329,0.392526626586914,0.3717114925384521,0.3513704538345337,0.4550513923168182,0.3952144384384155,0.4837144315242767,-0.1942999064922332,-0.1413557231426239,-0.0319746248424053,0.0310381930321455,0.0259363558143377,0.0478109754621982,0.0186088010668754,-0.0033221344929188,0.0214974004775285,-0.0223954804241657,-0.0189623646438121,0.024657217785716,2.0544209480285645,0.7977732419967651,0.7136713862419128,0.3809827864170074,0.3275474905967712,0.3248979747295379,0.3312555253505707,0.2607651650905609,0.2933893799781799,0.2803987264633178,0.2843930721282959,0.3021193742752075,0.286872923374176,0.0038011631530985,0.0022202523928539,0.0213033522223941,0.0112915882353623,27.23499020310605,1,Rekurrensparese,2243,u_n
-362.7851867675781,152.75686645507812,88.78398895263672,60.222469329833984,-4.1275787353515625,6.890261173248291,7.074676990509033,-12.589046478271484,-0.8650524020195007,-3.2938544750213623,-7.017078399658203,0.3507061898708343,0.0145999463275074,18.593957901000977,6.053466796875,8.809192657470703,8.322507858276367,8.64461898803711,5.1028733253479,5.676889419555664,6.260293960571289,4.8239359855651855,4.62146520614624,3.856329917907715,4.294138908386231,4.451338768005371,-0.6928514838218689,0.1198738068342208,0.2476572692394256,-0.1783272176980972,-0.2454216331243515,-0.1027634218335151,-0.066038466989994,0.1526959836483001,0.0883074402809143,0.0536394827067852,0.0363979525864124,0.0267947632819414,0.1899274140596389,2.4770514965057373,0.9407398104667664,1.4319779872894287,0.8659968972206116,1.8010914325714111,0.8892259001731873,0.8318105340003967,0.875857949256897,0.8522135019302368,0.6832886338233948,0.6005995869636536,0.8737522959709167,0.9659194350242616,1.010133147239685,0.0967076793313026,-0.5008045434951782,-0.2364850044250488,0.2322985529899597,0.1677841246128082,0.0591837130486965,0.0901726931333541,-0.0842240229249,-0.0047138542868196,0.0349191986024379,-0.0718112811446189,-0.023692313581705,3.1419320106506348,0.698845624923706,1.3696203231811523,1.125087022781372,0.4885955452919006,0.5224747657775879,0.4519971311092376,0.6817531585693359,0.6348816156387329,0.4292986690998077,0.458073616027832,0.4698083698749542,0.4351376295089721,0.0051123357618215,0.0020143240341917,0.0215924251375586,0.0088983863184908,27.8724247566796,1,Rekurrensparese,2247,u_n
-418.4724426269531,148.97515869140625,78.8820571899414,75.93804168701172,1.2589523792266846,-7.883382797241211,-8.384343147277832,-6.982732772827148,-8.514470100402832,-19.41338539123535,4.2327561378479,-6.039190292358398,-9.296670913696287,22.17376708984375,13.66904640197754,10.922675132751465,14.242616653442385,11.34632968902588,6.917463302612305,4.37790584564209,4.750330448150635,5.716627597808838,5.913651466369629,5.033247470855713,5.618697643280029,6.170197010040283,-1.3679856061935425,-1.1340912580490112,0.2196550816297531,0.3479316830635071,0.329174667596817,0.3618004024028778,0.1756577342748642,-0.0202217623591423,0.3141279518604278,0.1921408176422119,-0.1063326746225357,0.0170770063996315,-0.130942016839981,5.168966770172119,2.9345695972442627,2.225646734237671,2.82947325706482,2.012381792068481,1.2881053686141968,0.5603561997413635,0.8349852561950684,0.7312513589859009,0.986211895942688,0.8519973158836365,1.020348310470581,0.9529113173484802,0.6085710525512695,0.2184247374534607,-0.3355089426040649,-0.362625777721405,0.0964655578136444,0.1801804006099701,0.0010363818146288,-0.03584436327219,-0.0036063862498849,0.0640200674533844,0.039288692176342,0.0802539512515068,0.100348949432373,1.9406334161758425,1.1429076194763184,0.9315422177314758,1.1881911754608154,1.0550719499588013,0.9452107548713684,0.49443319439888,0.5353994369506836,0.5427053570747375,0.6944049596786499,0.3962424397468567,0.4657774269580841,0.5520534515380859,0.0175866679813362,0.0085047389645297,0.0616844330394872,0.028587463634793,21.301146071889708,1,Rekurrensparese,2274,u_n
-365.99993896484375,185.81057739257807,58.42757034301758,25.504545211791992,-10.54173469543457,-19.79047584533692,-12.72565746307373,-5.321558952331543,-4.993187427520752,-6.490702152252197,6.908881664276123,-1.878121852874756,-10.894525527954102,20.18535804748535,6.237057685852051,6.218782901763916,4.38457727432251,5.071489334106445,4.084782123565674,3.99935793876648,4.119204521179199,4.171585559844971,3.369638204574585,3.863873481750488,3.5881497859954834,3.339317798614502,-0.3191362917423248,0.0078720310702919,0.0603622235357761,-0.0546516627073287,-0.038649097084999,-0.0774029791355133,-0.0887339860200882,-0.0033439637627452,0.0226353332400321,-0.0220177788287401,0.0106719275936484,0.0442015267908573,0.0662101507186889,3.3778622150421143,1.0932002067565918,1.03455650806427,0.7428562641143799,1.05974543094635,0.7487163543701172,0.6326153874397278,0.6350700259208679,0.7088815569877625,0.5664259791374207,0.608130931854248,0.5617151260375977,0.56471186876297,0.744548499584198,-0.2029208093881607,-0.1272821128368377,-0.0157652962952852,0.1686138063669204,0.1356862336397171,0.0058928271755576,-0.0132158678025007,-0.0332233719527721,-0.0454220958054065,-0.0714418664574623,-0.012894382700324,0.0501605123281478,2.205328941345215,0.8571169376373291,0.6572125554084778,0.5023965835571289,0.7555910348892212,0.5952456593513489,0.4442708492279053,0.487992912530899,0.5586449503898621,0.5747218132019043,0.5318777561187744,0.4140568375587463,0.4358698725700378,0.0046186792949129,0.0025426346688258,0.0381718319962345,0.0180559300814027,23.952797503517907,1,Rekurrensparese,2330,u_n
-425.83795166015625,202.61947631835932,67.2132797241211,49.23360061645508,22.29895401000977,9.815601348876951,-0.5720573663711548,-18.47840118408203,-11.126663208007812,-1.2253515720367432,-4.420097351074219,-4.774616241455078,-1.7146568298339844,16.720409393310547,7.230417251586914,5.962771892547607,5.142627239227295,4.450413703918457,4.317140102386475,4.088210105895996,4.626956939697266,4.908721923828125,4.581462383270264,3.5126123428344727,4.034389019012451,3.29631781578064,-0.302719384431839,-0.0674139186739921,-0.0063114780932664,0.0456547401845455,0.0289153568446636,-0.0141837699338793,-0.011524143628776,0.0109126735478639,0.0248332321643829,0.0160546600818634,0.0165735222399234,0.0114476019516587,-0.0077798352576792,2.570566177368164,1.121528387069702,0.9053182005882264,0.7191048264503479,0.6333343982696533,0.6454631686210632,0.6081344485282898,0.5737898945808411,0.644936203956604,0.5909578800201416,0.460184782743454,0.520964503288269,0.5057656168937683,0.3913235664367676,-0.1459007859230041,-0.0495220050215721,-0.0309783816337585,-0.0176976546645164,0.010904723778367,0.0027023456059396,0.0226453486829996,0.0246413275599479,0.0062860832549631,0.0227532722055912,0.014098398387432,-0.034995287656784,1.79336416721344,0.8228606581687927,0.5324477553367615,0.5617859363555908,0.541316032409668,0.460362821817398,0.4674144387245178,0.3865607976913452,0.5180256366729736,0.4307860732078552,0.3892714083194732,0.4177151918411255,0.450413167476654,0.0029349986792723,0.001769718108693,0.0262711540155456,0.0137665692286119,26.935876157165968,1,Rekurrensparese,2341,u_n
-363.3606567382813,205.01126098632807,62.05877304077149,21.084352493286133,-18.2561264038086,0.9455720782279968,-2.753722667694092,7.621307849884033,0.0197603106498718,-6.496012210845947,-2.725738763809204,-9.148818969726562,0.9384015798568726,28.48971176147461,12.26327133178711,11.268837928771973,6.546685218811035,7.527033805847168,7.107078552246094,9.125481605529783,6.105696678161621,5.3223419189453125,3.737884521484375,4.170594215393066,2.8676819801330566,4.694961071014404,-0.2245625555515289,0.2987600564956665,0.1780283600091934,-0.0231958236545324,-0.1860953122377395,-0.0007215352961793,0.1121359393000602,0.1524030864238739,0.1517835855484008,0.0326884165406227,0.0832719057798385,0.0250979382544755,-0.0246235020458698,5.306253910064697,1.786796808242798,1.3302185535430908,0.7213594317436218,1.1929116249084473,0.8796449899673462,0.8993639349937439,0.6958519220352173,0.7726733684539795,0.5228103995323181,0.7874019742012024,0.583355188369751,0.6191747784614563,1.4279744625091553,-0.4372346103191376,-0.355168730020523,-0.0062656681984663,0.1955135017633438,0.0754586234688758,-0.015035904943943,-0.073919303715229,-0.0406835526227951,-0.0305294822901487,0.0440526790916919,-0.007917164824903,-0.1415987461805343,3.979638814926148,1.2895408868789673,1.0795429944992063,0.3518755733966827,0.7174904346466064,0.4318619668483734,0.5655832886695862,0.4610101580619812,0.3939681351184845,0.4474250674247741,0.4554851055145263,0.385766327381134,0.5221585631370544,0.0034409613601388,0.0007524832414471,0.0137218991875603,0.0049307407775195,31.112721114767613,1,Rekurrensparese,2342,u_n
-373.7601013183594,174.99835205078125,74.65426635742188,52.66766357421875,20.69911193847656,11.187222480773926,6.982523441314697,-0.8796383738517761,10.233721733093262,13.841388702392578,11.323582649230955,8.307548522949219,-4.224894046783447,22.49452781677246,8.7591552734375,9.317800521850586,10.416136741638184,10.557371139526367,8.313087463378906,5.890107154846191,7.816242218017578,4.877117156982422,4.099336624145508,3.773463487625122,3.3437280654907227,6.341434478759766,-0.0381083935499191,-0.0068778013810515,0.0662529096007347,0.0441463068127632,0.0617481805384159,0.0457104109227657,0.008640426211059,-0.0286755934357643,-0.0109875835478305,-0.0472095049917697,-0.0465257205069065,-0.0283266846090555,-0.0173178166151046,3.881382942199707,1.1743874549865725,1.3946245908737185,1.0356930494308472,0.8265292048454285,0.7424347996711731,0.8198199272155762,0.8051408529281616,0.6338207721710205,0.5934932827949524,0.6414514780044556,0.5777493119239807,0.6790425777435303,0.6653129458427429,-0.1779608577489853,-0.1850168853998184,-0.0698125585913658,-0.00395890744403,0.0310794971883296,0.0226478576660156,0.0293751750141382,-0.032925821840763,-0.0692352131009101,-0.0563351549208164,-0.0424920506775379,-0.0025035790167748,2.7796788215637207,0.8322027921676636,1.025476098060608,0.655311644077301,0.565026044845581,0.5622674822807312,0.584644079208374,0.5464295744895935,0.4892533421516418,0.5688582062721252,0.4842785894870758,0.4170919060707092,0.4646612703800201,0.1602816381854434,0.1069440435635559,0.2179549773685363,0.1445866802893375,5.072500180987452,1,Rekurrensparese,2346,u_n
-407.06787109375,148.79124450683594,80.3677749633789,57.44135665893555,14.804546356201172,-3.657465696334839,7.140112400054932,5.386868476867676,3.1123194694519043,10.700410842895508,17.37110137939453,2.883022785186768,-6.930957794189453,29.87712287902832,6.257999420166016,8.962888717651367,8.044230461120605,5.933050632476807,4.689620494842529,4.771235942840576,3.648486614227295,4.377820014953613,4.480562686920166,5.3357439041137695,3.855043172836304,3.6136820316314697,-0.777469277381897,-0.0633960887789726,0.0926444381475448,0.1569844931364059,0.093392513692379,-0.0225973688066005,-0.0384311713278293,0.0051979245617985,0.0265199821442365,0.0598957687616348,0.1324784308671951,0.0879747718572616,-0.0085163293406367,5.153287887573242,0.9408172965049744,1.6267406940460205,1.0614399909973145,0.7620911002159119,0.8393060564994812,0.6210063695907593,0.5446145534515381,0.5865725874900818,0.6500775814056396,0.8028364777565002,0.6094791889190674,0.6530741453170776,1.065433382987976,-0.0318114757537841,-0.3086579740047455,-0.1575160920619964,0.0113288508728146,0.0798870176076889,-0.0225596353411674,-0.027080450206995,0.0240664687007665,-0.0091962339356541,-0.0752411186695098,-0.0048743258230388,0.0225331000983715,3.843381404876709,0.8062766790390015,1.211737036705017,0.8028613924980164,0.6210768222808838,0.6077114939689636,0.5115571022033691,0.4284042418003082,0.4231167137622833,0.4593402147293091,0.5057385563850403,0.4012954235076904,0.5316379070281982,0.0045642131192987,0.0020138190843166,0.0296056851783251,0.0124500719715683,27.17081231344113,1,Rekurrensparese,2393,u_n
-270.911865234375,156.9130401611328,19.146709442138672,39.20401763916016,-20.793975830078125,26.76773262023925,-7.784144401550293,9.468961715698242,13.664299964904783,-0.3475485742092132,7.728560924530029,-1.5936731100082395,-4.561424255371094,37.03512191772461,5.895477294921875,15.100384712219238,6.019752502441406,8.378945350646973,6.205715179443359,7.978943347930908,5.311575889587402,4.468106746673584,4.049611568450928,6.800270080566406,3.4707863330841064,2.8245604038238525,-3.5971007347106934,0.2228014916181564,-0.2068565934896469,-0.4911424815654754,0.2723954021930694,-0.0899979323148727,0.717941403388977,0.2174790799617767,0.1926262378692627,0.0763460248708725,0.6532033085823059,0.303992360830307,-0.020619299262762,1.6262822151184082,0.980998158454895,3.089396476745605,0.8885390162467957,1.018938660621643,1.4265516996383667,0.7561004161834717,0.96698397397995,0.4726978540420532,0.7822788953781128,0.8275626301765442,0.3911476135253906,0.4886898696422577,0.0831489041447639,-0.366954356431961,0.0209929458796978,-0.0637039244174957,0.4852655231952667,-0.2059729993343353,0.0838989689946174,-0.2779477536678314,-0.2183303833007812,-0.0096506988629698,-0.0006892487872391,0.0504972673952579,0.005688989534974,0.909393846988678,1.0638458728790283,0.925941288471222,0.9074153304100036,1.1405483484268188,0.4404470920562744,0.844236433506012,0.6961686015129089,0.5727434754371643,0.6044973134994507,0.605396032333374,0.3040820658206939,0.4428104758262634,0.0194367206578739,0.009810302150984,0.1194235101437216,0.073290662715416,9.421244966342904,1,Rekurrensparese,2394,u_n
-378.2555236816406,176.28123474121094,106.01007843017578,55.19553756713867,26.19560813903809,3.6188697814941406,-6.706397533416748,-4.639176368713379,2.1044762134552,6.31513261795044,12.830692291259766,10.197747230529783,2.566316843032837,23.807268142700195,18.333356857299805,8.148262977600098,7.820152759552002,5.249886989593506,4.279911041259766,3.6888844966888414,3.663740634918213,3.681906461715698,4.402290344238281,4.562652111053467,3.110356569290161,2.7978436946868896,-0.3120912313461303,-0.0892187729477882,0.0524043068289756,0.0326931662857532,0.0183744113892316,0.0003436478727962,0.0068902391940355,0.0073992507532238,-0.0089212516322731,-0.0252917390316724,-0.0285788737237453,-0.0080042341724038,0.0046571362763643,2.7495083808898926,0.9496605396270752,1.6318577527999878,0.7346932888031006,0.4531283676624298,0.5641646385192871,0.5057838559150696,0.4789590239524841,0.4356693923473358,0.4776679873466491,0.5452563166618347,0.5176100134849548,0.422312468290329,0.4171669781208038,-0.1004867777228355,-0.2510332465171814,-0.0769088268280029,-0.0113153252750635,0.049655258655548,0.0465031825006008,0.0144899040460586,0.0236818809062242,0.0053406548686325,-0.048739518970251,-0.0387827344238758,-0.0242151860147714,1.7921414375305176,0.7135424613952637,1.0881342887878418,0.5778173804283142,0.3226861357688904,0.3807231485843658,0.3661155104637146,0.3377574980258941,0.3639425337314605,0.3015122711658478,0.3957926332950592,0.3960516452789306,0.2950032651424408,0.0036506831098487,0.0018734548844869,0.0248464630879251,0.0107152227368494,28.399472868650868,1,Rekurrensparese,2395,u_n
-362.6104736328125,218.3732147216797,67.03026580810547,30.89949607849121,26.74387550354004,-1.2560935020446775,-20.02890396118164,0.4208980500698089,17.187397003173828,2.12794828414917,-3.376250028610229,-4.461933135986328,-11.354240417480469,29.604297637939453,12.319464683532717,12.659587860107422,7.215826511383057,7.769906997680664,5.059872627258301,9.005143165588379,5.132058143615723,6.083592891693115,4.364027500152588,3.570643186569214,5.360300540924072,5.423879623413086,0.0290908254683017,0.2978978455066681,-0.1561697274446487,-0.0793588086962699,0.0482993237674236,-0.002223938005045,-0.2021114826202392,-0.0368480160832405,0.0673214793205261,-0.0773548781871795,0.0453618466854095,0.1915177553892135,0.1361052691936493,5.792945384979248,2.1949572563171387,2.2989308834075928,1.162454605102539,1.241601586341858,0.6897933483123779,1.243049383163452,0.8918570280075073,0.938049018383026,0.6638073921203613,0.8592711091041565,0.884117841720581,1.0204817056655884,1.5511592626571655,-0.6130623817443848,-0.1723534762859344,0.0560965687036514,-0.3363128304481506,-0.0045386366546154,0.5220415592193604,0.2049233317375183,-0.2564903795719147,0.0236251652240753,0.0591562949120998,-0.0620892718434333,-0.0050827106460928,2.838477373123169,1.230899453163147,0.7882180213928223,0.6085037589073181,1.098128080368042,0.7393359541893005,1.3759090900421145,0.7963002324104309,0.8636215329170227,0.546367883682251,0.4663117825984955,0.5667129755020142,0.4186877310276031,0.0043932682465764,0.0012963699346724,0.0164130603457807,0.0052007621410822,29.50534096920387,1,Rekurrensparese,2408,u_n
-359.8170166015625,211.77574157714844,69.07910919189453,53.18783950805664,27.76795196533203,-10.874917030334473,-6.17352294921875,12.201410293579102,5.583554267883301,-0.9102693200111388,11.40797519683838,7.05438232421875,-3.0258028507232666,20.11086654663086,6.980923175811768,10.712838172912598,7.809145450592041,6.322362899780273,6.069181442260742,4.907383918762207,5.276315212249756,5.915811061859131,4.155771255493164,4.384036064147949,3.412099838256836,3.1581835746765137,-0.6454759240150452,-0.0848003029823303,0.2922484576702118,0.270152747631073,0.2380399852991104,-0.1261301785707473,-0.2149947136640548,-0.2125639170408249,-0.1586354225873947,-0.0003999856417067,0.089531660079956,0.1012655869126319,0.0045544281601905,3.1838388442993164,1.0538510084152222,1.378029465675354,0.8380287885665894,0.7945437431335449,1.005784273147583,0.6415732502937317,0.6437058448791504,0.6253757476806641,0.6390212774276733,0.6286890506744385,0.5782464146614075,0.494608074426651,0.7073138356208801,-0.3003189265727997,-0.2697909772396087,-0.0510248653590679,0.0544282346963882,0.2391211539506912,0.0643895119428634,-0.1633191108703613,-0.068325936794281,0.0829216614365577,-0.02006571367383,-0.0243207365274429,0.0747272670269012,1.9934617280960083,0.8830810189247131,0.8844320178031921,0.5559306740760803,0.518077552318573,0.8431990146636963,0.5111749172210693,0.6640484929084778,0.4984885156154632,0.5430238842964172,0.3882870972156524,0.4039005041122436,0.3720099627971649,0.0044201684679151,0.00123276598761,0.0212381973393003,0.0096181357321077,29.501489985327897,1,Rekurrensparese,2414,u_n
-271.113525390625,189.9082489013672,47.516109466552734,58.44634246826172,-26.45109367370605,27.068470001220703,-4.366354942321777,-2.8391008377075195,6.807606220245361,9.99820327758789,12.968987464904783,-0.0729606375098228,11.348722457885742,19.1152400970459,5.7344584465026855,10.24276351928711,6.2165727615356445,6.836111545562744,5.867767333984375,3.721699714660645,3.773489475250244,5.496911525726318,3.5443410873413086,4.257735729217529,4.424803733825684,3.24936842918396,-0.7233923673629761,-0.142417624592781,0.1192221641540527,-0.1603537499904632,0.2772519290447235,-0.064149685204029,0.0346468910574913,-0.0047748256474733,-0.0552426539361476,-0.1625869870185852,-0.0410994105041027,0.1167912036180496,-0.030386384576559,1.869722366333008,1.1585339307785034,1.140713095664978,0.949084997177124,1.05971097946167,0.9040948748588562,0.5351328253746033,0.6567651629447937,0.8152201771736145,0.4455315172672272,0.7342532277107239,0.8037798404693604,0.466623991727829,0.1924207359552383,0.0391344837844371,0.1128416359424591,-0.0234574880450963,0.0645970180630683,-0.1597640216350555,0.0136791253462433,-0.0025187321007251,0.0297698006033897,-0.0447332076728343,0.0279484186321496,0.0131042338907718,-0.0731256902217865,1.2999694347381592,0.6272878646850586,0.6160712242126465,0.6378029584884644,0.5898109078407288,0.7415676712989807,0.538020133972168,0.5450074672698975,0.509466290473938,0.4801647067070007,0.6105681657791138,0.6307458281517029,0.4336183667182922,0.0243595917387159,0.0132048491034724,0.1316165657164261,0.075418717047999,8.686945929221816,1,Rekurrensparese,2418,u_n
-367.5620727539063,173.525390625,59.9234504699707,40.01494598388672,-2.7093992233276367,-12.51351547241211,-10.650238037109377,-11.448083877563477,-2.3988852500915527,-10.433724403381348,0.7568389177322388,-1.7188336849212646,-14.39896297454834,15.540624618530272,11.352286338806152,8.839937210083008,7.974882125854492,7.206238269805908,6.389048099517822,7.861215114593506,5.085568428039551,3.293647527694702,3.203850746154785,4.085999011993408,3.7765839099884033,3.350055694580078,-0.1178017929196357,-0.1970925778150558,-0.312703400850296,-0.3669703304767608,0.0249746032059192,0.0786934867501258,0.14564810693264,0.2402906715869903,0.0793083608150482,0.009487628005445,0.0393153056502342,0.0457594208419323,0.0032890844158828,2.440230369567871,2.101804494857788,1.5767042636871338,1.6906453371047974,1.081203579902649,0.8320513963699341,1.2468857765197754,1.0684269666671753,0.6482006907463074,0.586735188961029,0.642444372177124,0.7327272295951843,0.6625994443893433,0.561142086982727,-0.0935240983963012,-0.1380138993263244,0.0523249953985214,0.1489995568990707,0.069252572953701,0.075003407895565,0.0084367664530873,-0.0564309135079383,0.044185321778059,-0.0867054164409637,-0.0315447673201561,0.0086816176772117,1.744431734085083,1.1064393520355225,0.9239516854286194,0.7631716132164001,0.8209986686706543,0.5100306868553162,0.6757030487060547,0.6498928666114807,0.4723220765590668,0.4883854687213897,0.4922556579113006,0.399744302034378,0.4608233273029327,0.0066293331846132,0.0037681269078189,0.0235378737218678,0.0104634845046416,27.15958210445937,1,Rekurrensparese,2430,u_n
-358.1925354003906,200.6210784912109,90.3600845336914,46.31608200073242,18.435779571533203,9.812935829162598,-8.682089805603027,-13.813385009765623,-0.2284848093986511,6.207544803619385,8.42409896850586,-1.24643874168396,1.0298978090286257,25.791717529296875,10.250890731811523,10.604907989501951,4.933035850524902,3.495055675506592,3.038150787353516,3.877994775772095,3.92757511138916,3.234097003936768,3.337092638015747,3.015316963195801,3.625194549560547,2.9258852005004883,0.1523376405239105,-0.0230949409306049,-0.0429901704192161,-0.013682335615158,0.0202073641121387,-0.037793856114149,-0.0423828810453414,-0.0154270241037011,-0.0045103789307177,-0.0154764950275421,-0.0113913584500551,-0.0044023543596267,-0.019848808646202,4.799745559692383,1.8589378595352173,1.898890376091004,0.7947738766670227,0.5105299949645996,0.5753847360610962,0.6231760382652283,0.6719697117805481,0.4831859171390533,0.5011469125747681,0.4960890710353851,0.5087223649024963,0.495777279138565,1.0291441679000854,-0.3963934779167175,-0.4132576286792755,-0.09547920525074,-0.0102000199258327,-0.0189285445958375,0.0743532925844192,0.0736196041107177,0.0087552536278963,-0.0096223801374435,-0.0627139061689376,0.009610098786652,0.0101092280820012,3.3688290119171143,1.355641484260559,1.380652904510498,0.5492918491363525,0.4150048196315765,0.4339857995510101,0.4068304598331451,0.4717175662517547,0.4489755928516388,0.4833170473575592,0.409126728773117,0.4003336429595947,0.3766708970069885,0.0061854607456061,0.00314297555177,0.0206262139605841,0.0107773354435035,22.908598816564307,1,Rekurrensparese,2450,u_n
-403.0772705078125,192.5196685791016,103.54618072509766,55.93878555297852,25.94813537597656,8.301775932312012,-2.615570545196533,-10.669219970703123,-10.769761085510254,1.7594088315963743,13.600499153137209,0.4470963180065155,-2.889403343200684,23.51790809631348,9.393360137939451,12.567191123962402,6.818129062652588,4.402711391448975,4.1147332191467285,3.112433910369873,3.419415235519409,4.556577205657959,3.497682809829712,3.873646974563599,3.460455179214477,3.7565114498138414,-0.2068807035684585,-0.0302083119750022,0.1770280301570892,0.0852822810411453,0.0718617364764213,0.0540305636823177,0.0031113105360418,-0.0144347557798028,0.0914743617177009,0.0670942366123199,0.0239579305052757,0.0627049580216407,0.044755395501852,4.329499244689941,1.234951376914978,1.7241551876068115,0.7618679404258728,0.6913672685623169,0.5662625432014465,0.5110388994216919,0.538504421710968,0.5295397043228149,0.4304167330265045,0.7430869936943054,0.4858699440956116,0.5138934850692749,0.8672249913215637,-0.190719187259674,-0.3122602701187134,-0.1046286299824714,-0.0305739901959896,0.0198015179485082,0.0220040269196033,0.0315934903919696,0.061769064515829,0.0090819178149104,-0.0724850073456764,0.0388229750096797,0.0405425541102886,3.104342699050904,0.8417592644691467,1.2476868629455566,0.5864565968513489,0.5388705134391785,0.4113428890705108,0.4030231535434723,0.4346985518932342,0.4364887177944183,0.3782642185688019,0.4396007061004638,0.4147543609142303,0.4086029529571533,0.0487315142124425,0.0322168866311556,0.1500732060761928,0.0991294416045362,16.336215406233887,1,Rekurrensparese,2455,u_n
-359.0780029296875,186.1949615478516,83.56464385986328,56.25614547729492,-0.0308341216295957,-15.863234519958496,-11.833433151245115,-2.070931434631348,1.341226577758789,5.880618572235107,-8.126689910888672,-0.3113747239112854,1.3658126592636108,14.470008850097656,6.089831352233887,7.987253665924072,5.849282741546631,5.132603645324707,6.463850975036621,4.104368686676025,4.358104228973389,3.264814615249634,3.989487886428833,4.5969061851501465,4.498353004455566,3.377821207046509,-0.2851459681987762,-0.0757334008812904,0.1831946074962616,0.0907358452677726,0.1149785965681076,0.1374911218881607,0.0091802086681127,-0.1437427252531051,-0.0498081669211387,-0.029835857450962,0.0519149079918861,-0.0776352509856224,0.0377754531800746,1.2842628955841064,0.8806166648864746,0.8578823804855347,0.6785796284675598,0.5259175896644592,1.119269847869873,0.8683980703353882,0.3937503099441528,0.4114114940166473,0.674357533454895,0.5678726434707642,0.7203258275985718,0.5503383278846741,0.0616626664996147,0.206009954214096,-0.0208739470690488,-0.0856451317667961,0.0151715958490967,0.2133078128099441,0.1421725898981094,-0.0212682113051414,-0.0177723988890647,0.0035492912866175,0.053111333400011,0.066667228937149,-0.0410393886268138,0.6444194316864014,0.6255611777305603,0.505427360534668,0.4650680124759674,0.3986546397209167,0.634348452091217,0.4489816725254059,0.3517045080661773,0.3379683792591095,0.4037190079689026,0.4091007113456726,0.3827552497386932,0.3414807319641113,0.0047406570961368,0.0025359162485583,0.0163519660356001,0.0081570303689577,27.915535160795805,1,Rekurrensparese,2460,u_n
-312.58758544921875,169.2718505859375,88.75524139404297,78.76304626464844,-17.818689346313477,4.2348480224609375,-14.566242218017578,-0.4534118771553039,18.090238571166992,-1.4867786169052124,5.39910364151001,1.058189034461975,-23.73564338684082,24.65772247314453,9.06568431854248,12.524755477905272,7.230279922485352,7.109490394592285,5.254382133483887,5.732951641082764,4.723662376403809,5.55616569519043,4.006737232208252,4.309436798095703,5.904962539672852,8.237881660461426,-0.157079204916954,0.0646593943238258,0.0393356047570705,0.0175377577543258,-0.1179796010255813,0.0216929819434881,0.0592629425227642,0.0210463963449001,0.0779994949698448,0.012722703628242,0.0307238567620515,-0.0049750315956771,-0.0527719780802726,4.183178901672363,1.0531740188598633,1.8768047094345093,1.2362003326416016,1.4735387563705444,0.8356642723083496,0.8396056890487671,0.6916656494140625,0.7618995904922485,0.6079703569412231,0.7068595290184021,0.6210617423057556,0.7942720651626587,0.6523003578186035,-0.1575140953063964,-0.2551577985286712,-0.1920103877782821,0.1739194691181183,0.0943441540002822,0.1375469267368316,0.058542426675558,-0.0402918271720409,-0.0094017023220658,-0.0518926382064819,0.0096616288647055,0.0916254296898841,2.3613979816436768,0.8928931355476379,0.9610427618026732,0.8237333297729492,0.7850921154022217,0.6219285130500793,0.739266574382782,0.499917596578598,0.4408397972583771,0.3920905590057373,0.3958860337734222,0.4728437662124634,0.5973721742630005,0.0423430960968903,0.0212039929086048,0.0916599787008959,0.0456950374258167,12.235180095000882,1,Rekurrensparese,2464,u_n
-363.0848083496094,154.45120239257812,71.9844970703125,37.40723419189453,-10.65991497039795,-9.955843925476074,-2.94901704788208,-11.950486183166504,-9.2407865524292,-2.6113035678863525,-7.047659873962402,-6.639820575714111,-5.895577430725098,14.423547744750977,4.163224220275879,6.807522773742676,5.07620096206665,4.68599271774292,3.836841106414795,3.948905467987061,3.7485175132751465,3.741830587387085,3.019444942474365,3.2158985137939453,3.168154239654541,3.4984076023101807,0.0312185976654291,0.0121488505974411,0.0806476697325706,0.0338455475866794,-0.0482265017926692,-0.0462923683226108,-0.0268747806549072,-0.0325045213103294,-0.0295571964234113,-0.015819476917386,-0.0464455857872962,-0.0074138110503554,0.0411561429500579,2.233717679977417,0.7927384376525879,0.8306206464767456,0.8423954248428345,0.8225763440132141,0.51493239402771,0.6692014336585999,0.6157163977622986,0.5003677606582642,0.4786775112152099,0.5434457659721375,0.6058266162872314,0.5367980003356934,0.6617516279220581,0.0566023215651512,-0.1954217404127121,-0.0115908430889248,0.0962967053055763,0.0836510881781578,0.0450466871261596,0.078400120139122,0.0396988801658153,0.0503394640982151,0.0347798988223075,0.0006700924714095,0.0083142463117837,2.3856730461120605,0.5439921021461487,0.8472222089767456,0.6645646095275879,0.5291479825973511,0.5335342288017273,0.5008901357650757,0.5224108099937439,0.4814660847187042,0.4111053943634033,0.4399635195732116,0.421183317899704,0.4900181293487549,0.0036648317868678,0.0021413833671205,0.024442288700001,0.0140330251307673,27.285646681158337,1,Rekurrensparese,2465,u_n
-413.5575256347656,148.17373657226562,51.701080322265625,36.62878036499024,-1.3026002645492554,-27.17973899841309,-24.271522521972656,-12.980982780456545,0.0981060042977333,-7.521791458129883,-18.81549072265625,-6.27614164352417,-0.762184739112854,36.76700210571289,7.758516788482666,6.770859241485596,5.36925745010376,5.259802341461182,8.27959156036377,6.057550430297852,3.236937999725342,6.183908939361572,3.112571954727173,3.930411338806152,3.619143486022949,3.598912239074707,-0.6636252999305725,0.1141755133867263,0.0806869491934776,0.068567968904972,-0.0801334232091903,-0.2210293710231781,-0.1143483892083168,-0.032261773943901,0.0079893292859196,-0.0172628499567508,-0.0161681529134511,0.1019037142395973,0.1433800905942917,6.8050217628479,1.6290197372436523,1.172144889831543,0.8827790021896362,0.6157358288764954,1.402156114578247,1.0917624235153198,0.5393754243850708,0.8652289509773254,0.4720326364040375,0.738673985004425,0.4172309935092926,0.6755761504173279,1.7753432989120483,-0.0108639569953084,-0.2806690037250519,-0.1665233969688415,-0.0101108010858297,0.1935789287090301,0.1516663432121276,0.0683251619338989,-0.0153880016878247,0.0103612933307886,0.0748370438814163,-0.0229249466210603,-0.0704072043299675,5.058922290802002,1.0011320114135742,0.8560611009597778,0.67598557472229,0.4101123511791229,0.9442358016967772,0.7462550401687622,0.4794042110443115,0.4977068305015564,0.3333709239959717,0.3719921112060547,0.4056419730186462,0.4583430588245392,0.0034838237723321,0.0011604829017859,0.0126796381167168,0.0059940204331552,32.337273402364254,1,Rekurrensparese,2469,u_n
-457.3199462890625,158.1248779296875,57.6406364440918,64.16797637939453,7.990187644958496,-14.213890075683594,-19.543975830078125,-20.56098175048828,-7.593966007232666,-13.484911918640137,-11.206111907958984,-3.960711479187012,2.2310597896575928,23.186912536621094,4.584305286407471,5.219544887542725,6.305012226104736,4.3640851974487305,4.5488762855529785,3.924493789672852,4.396084308624268,3.4785077571868896,3.885201930999756,4.113549709320068,3.1203320026397705,3.555542230606079,-0.1500246226787567,-0.1259498447179794,-0.0526072010397911,-0.172683447599411,-0.0334385782480239,0.1510783284902572,-0.0428129136562347,-0.0568336211144924,-0.0023583502043038,-0.0552652813494205,-0.0065143695101141,-0.0607996247708797,-0.0949243530631065,4.564509391784668,0.8873276114463806,1.0088034868240356,1.274614691734314,0.9309853315353394,0.6893014311790466,0.6735290288925171,0.877280592918396,0.6390278339385986,0.797271192073822,0.7488180994987488,0.4597616493701935,0.6517452597618103,0.9189274907112122,0.0642791837453842,-0.0972854346036911,-0.2265080511569976,0.0430069006979465,0.1414114236831665,0.0875469595193862,0.033135138452053,-0.0480901449918746,0.0664054378867149,0.0457414016127586,0.0317969359457492,0.0219483468681573,2.666833877563477,0.4805710911750793,0.5464717745780945,0.9217621088027954,0.5374258160591125,0.5985885262489319,0.4275915622711181,0.4806496798992157,0.4033419489860534,0.5154036283493042,0.3792175650596618,0.4154644012451172,0.4551834166049957,0.0015283810544159,0.0006201637496408,0.0101489238108488,0.0042317082140576,36.93815558931637,1,Rekurrensparese,2476,u_n
-429.8365478515625,129.8983917236328,76.76685333251953,83.33028411865234,3.229557991027832,-4.2335405349731445,11.945817947387695,-7.567372322082519,-6.820380687713623,11.174302101135254,-1.54839825630188,-7.219261169433594,-6.20571756362915,32.65345764160156,22.69027709960937,15.074455261230469,10.863810539245604,6.822548866271973,5.578089714050293,5.209314823150635,4.73433256149292,4.621252059936523,6.049535751342773,5.0072431564331055,6.846553325653076,4.24485969543457,0.1697099804878235,-0.0878435745835304,-0.1158404797315597,-0.1018771156668663,-0.0592740923166275,-0.0169782917946577,0.0298728644847869,0.0248810052871704,-0.0041335290297865,-0.0262600984424352,-0.0124533595517277,-0.055488958954811,-0.0634056776762008,4.838069438934326,2.275970935821533,1.952864170074463,1.9851481914520264,0.7650654315948486,0.9368936419487,0.8892075419425964,0.8048382997512817,0.7279239892959595,0.8196023106575012,0.655043363571167,0.7129491567611694,0.5659846663475037,0.7874993681907654,0.0120245274156332,-0.345534086227417,-0.3380322158336639,0.0626840889453888,0.137450024485588,-0.0038620352279394,0.0832972452044487,0.0406258776783943,-0.0773756057024002,-0.0501503311097621,0.0188160892575979,-0.0176270902156829,2.9086506366729736,0.78974848985672,1.4929786920547483,1.4248639345169067,0.5344061851501465,0.7450095415115356,0.5637814402580261,0.5693539977073669,0.4717561304569244,0.567375898361206,0.5161519646644592,0.4880663156509399,0.4042911529541015,0.0069556515669833,0.0035297599697639,0.0243259005243517,0.0135851833366157,28.37923809150783,1,Rekurrensparese,2491,u_n
-381.4566650390625,134.51904296875,86.3781967163086,76.94503784179688,16.720775604248047,2.761488914489746,10.115267753601074,-14.494536399841309,-12.23812770843506,-7.075671195983887,-15.149847984313965,-13.35006332397461,-2.339883089065552,16.34551429748535,9.302119255065918,5.341783046722412,5.216681480407715,4.258790969848633,6.110245227813721,4.985774040222168,3.2139129638671875,2.863565921783448,3.0623435974121094,3.3330295085906982,3.253732681274414,3.1865949630737305,0.1434443444013595,-0.3883146345615387,-0.1568901687860489,-0.0158982183784246,0.0526220761239528,0.2393509447574615,0.1867433041334152,0.055750448256731,0.0623802170157432,0.048836100846529,-0.0456900224089622,-0.1489744633436203,-0.118066094815731,1.748497486114502,1.7717056274414062,0.663646399974823,0.7966813445091248,0.5798227787017822,0.7066843509674072,0.7407222390174866,0.3948991596698761,0.5844987034797668,0.520292341709137,0.4457704722881317,0.5351786613464355,0.5901260375976562,0.0975975915789604,0.347789466381073,-0.010582897812128,-0.0728096738457679,0.0269019324332475,0.0433536581695079,-0.0175315178930759,0.0294712483882904,0.0796144902706146,0.018818037584424,0.0274477712810039,0.0184499341994524,0.0852556154131889,0.7559922337532043,0.9083176851272584,0.5677184462547302,0.5406154990196228,0.3516592979431152,0.5375388264656067,0.4006429612636566,0.3106725215911865,0.3900410234928131,0.318916380405426,0.3793984055519104,0.3570974171161651,0.3710965812206268,0.026131424192424,0.0152662688381701,0.0985689642681185,0.0467072844855604,15.823403912209022,1,Rekurrensparese,2493,u_n
-251.8819580078125,184.1940460205078,44.55421447753906,31.740766525268555,-10.480329513549805,12.219036102294922,-2.278594732284546,1.8230568170547483,13.11083984375,7.918280601501465,3.7738091945648193,-9.482872009277344,-15.664525032043455,19.976118087768555,10.505308151245115,5.882022857666016,4.321353435516357,6.950908660888672,3.984246492385864,5.564669132232666,3.879502058029175,3.624505043029785,6.11458158493042,3.7228479385375977,4.130993366241455,4.278048992156982,-1.5176935195922852,-0.2943102717399597,-0.26767298579216,-0.1233356669545173,0.1398577690124511,0.0040481830947101,0.3222057223320007,0.093691311776638,0.2438184171915054,0.3774291276931762,-0.1232432872056961,-0.159562274813652,0.1877462416887283,1.753931760787964,1.8574947118759155,1.0396342277526855,0.8985287547111511,1.2211086750030518,0.8354098796844482,0.974708378314972,0.6304374933242798,0.5811468362808228,0.7125994563102722,0.884947657585144,0.7248586416244507,0.7534615993499756,0.7181126475334167,-0.3961691260337829,-0.2579677999019623,-0.0440066903829574,0.3060782551765442,0.0256052799522876,0.2773720622062683,0.1322313100099563,-0.0698761940002441,-0.091150589287281,-0.0194777566939592,0.1578949689865112,0.0280230622738599,1.7591886520385742,0.8275275826454163,0.9310283064842224,0.5581023097038269,0.8424740433692932,0.5271241664886475,0.8852568864822388,0.4458039700984955,0.3476187586784363,0.5751901268959045,0.4987389743328094,0.657379686832428,0.6471898555755615,0.0099397843409603,0.005770413029176,0.0678467854410461,0.0377868504808575,17.712853528979995,1,Rekurrensparese,2496,u_n
-370.5164489746094,165.9038848876953,66.69354248046875,41.154029846191406,-2.075346231460572,-4.227307319641113,3.441679716110229,-8.819574356079102,3.1455135345458984,9.262466430664062,-5.481807708740234,-0.637450635433197,3.586092233657837,35.18658447265625,11.172024726867676,8.724592208862305,7.155029773712158,5.712510108947754,4.8265252113342285,4.554026126861572,4.930585861206055,5.211680889129639,4.135003566741943,3.8748464584350586,3.0688493251800537,4.220685005187988,-0.3373690545558929,0.0601500831544399,0.0252183843404054,-0.0688731595873832,-0.0259445905685424,0.0574657209217548,0.0582246147096157,-0.0097122341394424,-0.0170659404247999,0.0322583690285682,0.0499741174280643,0.0222803950309753,-0.0234142672270536,5.939897060394287,1.7179667949676514,1.6617351770401,1.0951098203659058,1.1380051374435425,0.8322662711143494,0.7551686763763428,0.9814425706863404,0.760255753993988,0.7715995907783508,0.6054201126098633,0.492349773645401,0.6815697550773621,1.411003351211548,-0.1445044726133346,-0.2625704407691955,-0.1442206054925918,0.0737182945013046,0.1031053587794303,0.0415637716650962,0.1490849107503891,0.0294629484415054,-0.0543445274233818,0.0353765040636062,-0.004409019369632,-0.0957940146327018,4.313839912414551,0.8374069333076477,0.9224899411201476,0.7457415461540222,0.5808337926864624,0.5128564834594727,0.4413666725158691,0.6699036359786987,0.5339065790176392,0.4266681671142578,0.435735821723938,0.3017588555812835,0.4373778700828552,0.0034143997964569,0.001654031575189,0.0182487997491777,0.0076271183822872,31.74192574711881,1,Rekurrensparese,2501,u_n
-269.5845031738281,180.22482299804688,2.4832980632781982,35.789405822753906,-8.503401756286621,-7.825470924377441,1.2743020057678225,-3.923393726348877,16.189098358154297,4.6272406578063965,-8.539373397827148,-2.532928466796875,-12.7586030960083,9.886028289794922,5.515193462371826,8.938321113586426,3.8183767795562735,3.706003665924072,3.310176134109497,4.79203462600708,3.841001033782959,3.94643497467041,3.301522970199585,3.27892541885376,4.559584140777588,2.9698686599731445,0.2695102989673614,0.0336435697972774,-0.2822835147380829,-0.0918030813336372,0.0159358493983745,-0.0041579734534025,0.1772110909223556,0.2588735520839691,-0.0077083748765289,0.0812669321894645,0.0661616176366806,-0.0284310951828956,0.0285310447216033,1.0904234647750854,0.7316708564758301,1.11086106300354,0.6239087581634521,0.57710862159729,0.5513297915458679,0.6182615160942078,0.4620426297187805,0.679318904876709,0.540014386177063,0.6223805546760559,0.6047368049621582,0.4760818183422088,0.3284518122673034,-0.1512318104505539,0.3675282299518585,-0.0597043670713901,0.0776511281728744,0.0167079102247953,0.0415523238480091,0.169546753168106,-0.0336312279105186,0.0734811946749687,0.067927248775959,0.0038032694719731,0.0348034128546714,0.9501743316650392,0.6474737524986267,0.860350489616394,0.4095739424228668,0.5476645231246948,0.4763005375862121,0.4264184236526489,0.4358455538749695,0.5287628173828125,0.3667978644371032,0.3824859261512756,0.4529734253883362,0.3705841302871704,0.0145442072907719,0.0086831415350103,0.0871490152616779,0.0494350195193976,14.701933689729474,1,Rekurrensparese,2507,u_n
-410.0740051269531,182.34706115722656,95.284912109375,78.55298614501953,15.477206230163574,-1.0631022453308103,4.556467056274414,-10.182455062866213,-9.389540672302246,-5.874789237976074,-13.212915420532228,-8.556872367858887,-2.21915054321289,17.41693115234375,5.483199119567871,6.675907611846924,7.365579605102539,5.11186408996582,4.368301868438721,4.862667560577393,4.355886936187744,3.440791368484497,4.240712642669678,4.192934513092041,3.8924202919006334,3.785525798797608,0.2659180462360382,-0.0983999446034431,-0.0707659646868705,0.008403024636209,0.051246702671051,-0.0446931980550289,-0.0836171582341194,-0.0514651201665401,-0.0084650544449687,0.0233423169702291,-0.004403758328408,-0.0376224592328071,-0.0336544625461101,2.9520416259765625,0.7132204174995422,1.094990372657776,1.1082041263580322,0.5726255178451538,0.7151830792427063,0.6449360847473145,0.6198265552520752,0.4911815822124481,0.6187543869018555,0.558036208152771,0.6415408253669739,0.5113567113876343,0.5217439532279968,0.017315162345767,-0.1917787790298462,-0.1726829558610916,0.0515916310250759,0.089943453669548,0.0304952543228864,0.0508661046624183,0.005295920651406,-0.0372588708996772,0.0107365371659398,0.032596431672573,-0.0317664295434951,2.210052728652954,0.4726186096668243,0.8512729406356812,0.9230815768241882,0.5630041360855103,0.4945956766605377,0.509147584438324,0.474565178155899,0.3763632774353027,0.3686794936656952,0.423856258392334,0.4654732644557953,0.3181270062923431,0.0027905572428044,0.0009216164831203,0.0143239054459674,0.0070510450426406,31.25036945691993,1,Rekurrensparese,2508,u_n
-391.2048645019531,142.47454833984375,66.1765365600586,52.50935745239258,-20.7364559173584,12.063400268554688,11.68891143798828,-10.804886817932127,11.59757137298584,-0.7958604693412781,-3.4934780597686768,1.989394307136536,-11.040238380432127,38.35311508178711,7.456167221069336,9.834110260009766,9.36977195739746,9.70746612548828,4.387656211853027,4.212453842163086,4.391049385070801,5.4195427894592285,4.09077262878418,4.48633337020874,3.787625789642334,3.7177908420562735,-0.2746762931346893,-0.0052518411539494,-0.0989914461970329,-0.095695175230503,0.0654108226299285,-0.0193894226104021,0.0212113801389932,0.0065600359812378,-0.0332978926599025,0.0709513053297996,-0.0578196309506893,-0.0366496406495571,0.0359104759991169,6.8230509757995605,0.7795860171318054,1.930620551109314,1.7157351970672607,1.3998353481292725,0.679836094379425,0.7433808445930481,0.7062891125679016,0.8351975679397583,0.5663411617279053,0.5394198894500732,0.5929386019706726,0.5050591826438904,1.7563495635986328,-0.0358333624899387,-0.4296508431434631,-0.2925270497798919,0.2756409645080566,-0.015813622623682,-0.0232656635344028,0.1503010243177414,-0.0598262958228588,-0.0168623067438602,-0.0744159072637558,-0.0856999158859252,-0.0076994718983769,4.922152519226074,0.4089227318763733,1.2143006324768066,1.0037086009979248,0.8948483467102051,0.4700722396373749,0.5035396218299866,0.5752694010734558,0.4191155135631561,0.3953560888767242,0.499387115240097,0.5446303486824036,0.4922526776790619,0.0043698766323011,0.0026063024262966,0.0247728747719562,0.013446989545304,28.061071434529293,1,Rekurrensparese,2512,u_n
-336.0489501953125,161.72218322753906,61.71482849121094,54.84244155883789,22.32821655273437,17.30755043029785,15.258611679077148,-3.0389206409454346,2.609149932861328,15.68983554840088,13.766403198242188,-1.4717251062393188,-4.668252468109131,36.08985137939453,19.340904235839844,8.672966957092285,10.806474685668944,9.529255867004396,7.189749240875244,5.096115589141846,8.736944198608398,6.631540775299072,5.015483856201172,4.710109233856201,6.461121082305908,6.270335674285889,-1.0576940774917605,-0.3593542575836181,0.0407404862344265,-0.0107892211526632,0.0084807658568024,0.0221842564642429,0.0126024447381496,0.0169375445693731,0.0730699598789215,0.0374176353216171,-0.0437884628772735,-0.0113498009741306,-0.0048772203736007,3.613603591918945,1.5761052370071411,1.3062108755111694,1.50197434425354,1.355716347694397,1.0880342721939087,0.7517378926277161,1.2814630270004272,0.917117714881897,0.7664893865585327,0.6800275444984436,1.028591871261597,0.9406676292419434,0.7226448059082031,-0.0456320233643054,-0.1508673429489135,-0.0814763158559799,0.0402152575552463,0.0384825691580772,-0.019138429313898,0.0466555058956146,0.0215698480606079,-0.0422598645091056,-0.0436062179505825,0.009420758113265,0.0063352053984999,2.635014533996582,1.0466493368148804,0.7834515571594238,0.6864012479782104,0.6679750680923462,0.5630855560302734,0.6263999342918396,0.5920659899711609,0.6147106289863586,0.6084701418876648,0.5028926730155945,0.5611969828605652,0.5138629674911499,0.0211437540131122,0.0106033925863279,0.0698658639008021,0.0218680311453736,20.83252350237792,1,Rekurrensparese,2527,u_n
-400.0776672363281,136.8609161376953,94.8291473388672,76.62340545654297,-8.070562362670898,8.82525634765625,-12.374975204467772,-24.54016876220703,-6.543156147003174,-17.391347885131836,-5.461292266845703,-7.856385231018066,-9.727302551269531,24.54730224609375,14.3931245803833,13.13439655303955,9.25018310546875,6.758473873138428,4.545822620391846,5.573838710784912,4.604740619659424,4.2293853759765625,4.452565670013428,3.6627182960510254,3.918616771697998,3.325748443603516,-0.1122462451457977,-0.0526996403932571,0.069806583225727,0.078975111246109,0.0582148879766464,0.0329050309956073,-0.037983126938343,-0.0053578983061015,0.0606430806219577,0.001761928317137,0.0374970324337482,0.0370657332241535,0.0064517701976001,3.7459676265716553,1.597992777824402,1.8496036529541016,1.3990055322647097,1.1922489404678345,0.8107175827026367,0.8026033639907837,0.8741404414176941,0.6720293760299683,0.6649318933486938,0.5306691527366638,0.6677492260932922,0.6178629398345947,0.5735474824905396,0.1129004284739494,-0.2467699348926544,-0.2183977216482162,0.0658835917711258,-0.0199218951165676,0.0775714144110679,0.1320192366838455,0.0237237401306629,0.0503130815923213,-0.0028042441699653,0.0025168634019792,-0.0098606999963521,2.311441421508789,0.8376542329788208,1.1532602310180664,1.0280824899673462,0.771496057510376,0.5481353402137756,0.6044624447822571,0.6606007814407349,0.4764633774757385,0.5112647414207458,0.4076738357543945,0.5210406184196472,0.4466000497341156,0.0240513364672115,0.0135048109171052,0.1516333416869744,0.067767700420603,14.307744033262788,1,Rekurrensparese,2536,u_n
-392.1369934082031,190.03488159179688,78.89830017089844,34.69258499145508,1.322240114212036,-5.475686073303223,-2.324531555175781,-13.821764945983888,-8.683931350708008,-1.5188618898391724,-8.319421768188477,-5.966544151306152,-4.395262241363525,36.299686431884766,8.532133102416992,14.705098152160645,6.674663066864014,6.011990547180176,5.604506492614746,5.091543674468994,4.72537088394165,4.786291122436523,4.383718490600586,4.6888933181762695,3.198659896850586,3.814411878585816,-2.682323217391968,0.3445464372634887,0.9273900389671326,0.0849562957882881,0.062043085694313,0.1614512950181961,0.3191893994808197,-0.0188064519315958,-0.0531261637806892,0.1198496222496032,0.0142663260921835,0.0421263501048088,0.101243756711483,3.947697401046753,1.676207184791565,1.0846214294433594,1.280961513519287,0.9636080265045166,0.7189374566078186,0.9186722040176392,0.7614671587944031,0.9186611175537108,0.8313170671463013,0.7427688241004944,0.4828710556030273,0.5271444320678711,1.387379169464111,-0.1166882291436195,-0.2029811143875122,-0.0218997057527303,0.2601088285446167,0.234771654009819,0.0336973890662193,-0.0073423744179308,-0.0404715426266193,-0.0712490528821945,-0.0161580704152584,0.0448900796473026,0.0350970588624477,3.5707528591156006,0.8444868922233582,0.9307231307029724,0.6488897204399109,0.8500254154205322,0.9226933121681212,0.6980029940605164,0.487600177526474,0.5771617293357849,0.6777870059013367,0.4716479778289795,0.2961346805095672,0.4022552371025085,0.0056546060192238,0.0022328957934223,0.0217054011958505,0.009263792632199,27.99532792959921,1,Rekurrensparese,2538,u_n
-412.9810791015625,177.37542724609375,86.57317352294922,67.31536865234375,19.273162841796875,3.423046350479126,-2.80491304397583,-9.767776489257812,3.3372626304626465,10.77745532989502,7.271603584289551,11.648484230041504,4.459547519683838,16.06977653503418,9.662715911865234,5.817575454711914,4.220525741577148,5.09458589553833,4.993741512298584,5.571804523468018,4.68887186050415,3.8807642459869385,5.524918079376221,5.359790802001953,4.458031177520752,4.281400203704834,-0.718612015247345,-0.4045816659927368,0.1382160633802414,0.0177371874451637,-0.1343619376420974,-0.1076258569955825,0.1227750182151794,0.0113755343481898,0.0590153820812702,0.1313599199056625,0.0727829486131668,0.0638453811407089,0.1461814939975738,1.3842978477478027,0.7625553607940674,0.8102128505706787,0.6960206627845764,0.7210593819618225,0.7969384789466858,0.7887007594108582,0.8561918139457703,0.5896691679954529,0.7243170142173767,0.6561905741691589,0.6842438578605652,0.726597785949707,0.2192384898662567,0.0436918027698993,-0.1006998270750045,-0.0772897899150848,-0.0181151553988456,0.1023521497845649,0.0746929943561554,0.0729129910469055,0.0466155670583248,0.0249033737927675,0.0707470327615737,0.0151108736172318,0.0094856424257159,1.193124532699585,0.415865033864975,0.7697699666023254,0.5659869313240051,0.6003867983818054,0.6103634834289551,0.4524934291839599,0.6093268990516663,0.5345325469970703,0.4919613301753998,0.5815852880477905,0.4365186989307403,0.5500970482826233,0.0084646399923989,0.0049627939899266,0.0270775312925798,0.0130380609890266,25.62862585415622,1,Rekurrensparese,2539,u_n
-392.0436706542969,193.7086944580078,91.48136138916016,56.80607604980469,-12.880132675170898,-26.35284996032715,-20.86108589172364,-18.53131103515625,-1.0650407075881958,-2.103708028793335,-13.5402193069458,-3.0285778045654297,-0.5272069573402405,37.2358512878418,16.014001846313477,13.916952133178713,6.715048789978027,6.375028133392334,6.672227382659912,5.085385322570801,3.7751662731170654,6.897653579711914,4.968047142028809,5.515751361846924,3.761719942092896,3.826733112335205,-0.3694674372673034,0.2315957099199295,0.3863068222999573,0.0789543613791465,-0.0285885129123926,-0.1435976028442382,-0.1091955825686454,-0.0687181651592254,-0.121335819363594,0.0631063729524612,0.0443965569138526,-0.1005912125110626,0.0463444255292415,5.925024509429932,2.452672243118286,2.17029070854187,1.093820571899414,1.1008892059326172,0.8438959121704102,0.7677553296089172,0.6383518576622009,0.7647325992584229,0.8383942246437073,0.8504008650779724,0.5560082793235779,0.508306086063385,0.95158189535141,-0.0622400157153606,-0.2135971486568451,-0.1512358486652374,0.109467975795269,0.0953812152147293,0.0623175539076328,0.0355353616178035,-0.0893721431493759,0.0029366293456405,0.0603832192718982,0.0005500057595781,0.0170259363949298,3.284980297088623,1.096128225326538,1.162715196609497,0.7657673358917236,0.5225141048431396,0.5367555022239685,0.4557943940162658,0.3990374803543091,0.5725305080413818,0.5419580340385437,0.5040596127510071,0.3826294839382171,0.3386452198028564,0.0039066494931306,0.0015895871749812,0.0437568535554628,0.0212115860743211,25.411190234373468,1,Rekurrensparese,2562,u_n
-396.2350463867188,206.5214691162109,66.17070007324219,39.80500793457031,-8.879111289978027,-12.869654655456545,5.988987922668457,5.998503684997559,-3.7889058589935294,-4.752572536468506,-13.033597946166992,-16.56336784362793,-15.124109268188477,15.58928680419922,10.023653984069824,13.832748413085938,8.373498916625977,4.9855146408081055,7.290043354034424,4.407721519470215,3.894040822982788,4.270460605621338,5.177670955657959,4.045896530151367,3.485014677047729,3.7773900032043457,-0.2650010585784912,-0.497662603855133,0.0452827811241149,-0.0730521082878112,-0.0880375131964683,0.0200553815811872,0.0171216409653425,-0.0248743593692779,-0.014877869747579,0.0434515960514545,-0.0018414166988804,-0.0310517288744449,-0.0470040328800678,2.196441411972046,1.4900721311569214,1.4907182455062866,1.1513218879699707,0.6943117380142212,1.1912106275558472,0.6457329392433167,0.5385757684707642,0.6218302845954895,0.8420682549476624,0.7375538945198059,0.5665453672409058,0.6774111986160278,0.4034335017204284,-0.0371298491954803,-0.1279027014970779,-0.0326331630349159,0.0644648224115371,0.0103950044140219,-0.0824576839804649,-0.0207894798368215,0.0264621060341596,-0.006510563660413,-0.0097265681251883,0.0069142081774771,0.0028902562335133,1.828483819961548,0.7271244525909424,0.7747677564620972,0.6496169567108154,0.4098276197910309,0.6514202952384949,0.538058876991272,0.3913063406944275,0.4084368646144867,0.6112719774246216,0.5920674204826355,0.3767248392105102,0.5207915306091309,0.0179097063570056,0.0098648711244062,0.057243235151755,0.0251657409961262,17.3177002014915,1,Rekurrensparese,2563,u_n
-338.35467529296875,173.23977661132812,56.45328140258789,40.386173248291016,-10.61155891418457,-10.73090934753418,5.969388008117676,3.5978000164031982,-0.7621593475341797,2.665034532546997,13.9537353515625,-4.953106880187988,-8.317046165466309,38.9388313293457,9.263670921325684,9.809444427490234,7.437838077545166,6.480435848236084,5.26036262512207,3.893831729888916,3.434636354446411,3.556565523147583,4.757596015930176,4.891049385070801,4.316842079162598,3.765411853790283,-1.5083634853363037,0.0399036556482315,0.2038114666938781,-0.0492383874952793,0.0456970930099487,0.0914854481816291,0.0848923400044441,0.1037294566631317,0.1737710684537887,0.06198126450181,0.0099048092961311,0.1201852560043335,-0.0782707259058952,6.26894998550415,1.6570965051651,1.8445357084274288,1.2011653184890747,1.3620333671569824,0.9456225633621216,0.6513099074363708,0.58717280626297,0.6387854218482971,0.6938331127166748,0.7983900904655457,0.5849389433860779,0.634372889995575,1.8053563833236688,-0.4904760718345642,-0.3875570893287658,-0.2410644590854644,0.261724442243576,0.1822596788406372,-0.1579329371452331,-0.1110667735338211,0.0098756104707717,0.0002994164824485,-0.1776248812675476,0.0272227991372346,0.0082858875393867,3.892848491668701,1.143100023269653,0.8685712218284607,0.8075738549232483,0.6420920491218567,0.505203902721405,0.6296662092208862,0.4985811412334442,0.5786568522453308,0.6008329391479492,0.539354681968689,0.4464868009090423,0.4502702057361603,0.007993088371298,0.0047500120388173,0.0479794069315913,0.0267825508158797,21.7224608716925,1,Rekurrensparese,2564,u_n
-380.8015747070313,156.66380310058594,86.59843444824219,58.35288238525391,-14.87195110321045,6.471615791320801,7.970491409301758,-9.185524940490724,11.171462059020996,3.6258392333984375,1.028890609741211,1.8905245065689087,-11.068299293518066,20.451324462890625,5.308990955352783,9.504971504211426,5.370869159698486,7.381484985351562,5.244564533233643,5.339906692504883,4.795636177062988,4.647029876708984,3.9599881172180176,3.0555200576782227,3.915555238723755,3.094405174255371,-0.2642918527126312,0.1008978262543678,-0.0018276373157277,0.0382370203733444,0.05732337012887,-0.0290907546877861,-0.1315244138240814,-0.032800767570734,-0.0452093593776226,-0.0986884906888008,-0.0706876143813133,-0.1170494183897972,-0.0790836438536644,3.572140455245972,0.7637938261032104,1.8838255405426023,0.8734185099601746,1.382697343826294,0.7476972937583923,0.7286450266838074,0.6752021908760071,0.6706553101539612,0.6906217336654663,0.4868241846561432,0.6242833137512207,0.4374445080757141,0.559844434261322,-0.0594058707356452,-0.1950771957635879,-0.1221227198839187,0.1807322800159454,0.1047900840640068,0.0565063394606113,0.0773913189768791,-0.0398761220276355,-0.0227859728038311,0.0072052120231091,0.018109755590558,0.0462631322443485,2.0941998958587646,0.5617709159851074,0.8940000534057617,0.5779732465744019,0.8034937381744385,0.6645700335502625,0.684624195098877,0.5828905701637268,0.4802826046943664,0.5736619830131531,0.4355927407741546,0.4892849326133728,0.3301346004009247,0.0038447127026478,0.0021779965691978,0.0213418986557006,0.0108176166256449,28.58829790940237,1,Rekurrensparese,2565,u_n
-289.1406555175781,186.17431640625,22.83545684814453,43.66460037231445,4.053765296936035,2.638458490371704,9.74898624420166,11.1734037399292,2.1123828887939453,3.423170566558838,14.723211288452148,3.795091152191162,3.9491021633148193,19.691749572753903,8.853978157043457,9.307642936706545,7.048845291137695,7.941231727600098,6.343599319458008,4.030054569244385,3.947896480560303,5.13369607925415,6.54184103012085,5.962682247161865,4.418301105499268,4.210130214691162,-0.4107945561408996,-0.1012407541275024,-0.08641167730093,-0.2484619915485382,-0.2794794738292694,-0.1879440546035766,-0.0669305101037025,0.1023309007287025,0.2426416724920272,0.2807847857475281,0.1600427329540252,0.0626055747270584,-0.0405600480735302,1.7326966524124146,1.3861175775527954,1.3619297742843628,0.8851751089096069,1.351902723312378,0.821020781993866,0.6416940093040466,0.6255789995193481,0.838148295879364,0.9117178320884703,1.0981345176696775,0.7654377222061157,0.5972325205802917,-0.1104262545704841,-0.2257727980613708,0.1009907126426696,-0.006518012844026,0.1610534042119979,0.0851836800575256,0.0255582183599472,0.0104450667276978,0.0010537937050685,0.0028916290029883,0.0185208451002836,0.117000862956047,0.037709716707468,0.7996714115142822,0.8809384107589722,0.7850629687309265,0.5197909474372864,0.7656044363975525,0.6393135190010071,0.4880862534046173,0.4743353724479675,0.6095119118690491,0.6213299036026001,0.6332455277442932,0.5998265147209167,0.5048103332519531,0.0141536578131552,0.0074312572943405,0.0844563466266385,0.0406565778173141,14.607928969949723,1,Rekurrensparese,2570,u_n
-343.6788330078125,165.95852661132812,41.24929428100586,23.428056716918945,-18.328601837158203,-10.659170150756836,-11.222593307495115,-21.348100662231445,1.375588297843933,-13.128373146057127,-12.67601490020752,1.814202785491944,-12.464832305908203,31.655851364135746,6.149013519287109,7.599795341491699,5.900813579559326,5.597229957580566,4.03917932510376,3.785956859588623,4.493222713470459,3.6278462409973145,3.4404304027557373,3.5487704277038574,4.716770172119141,4.150876998901367,-1.0370656251907349,0.0780519470572471,0.2444617003202438,0.0623456239700317,-0.0178834944963455,0.021581869572401,-0.0607508942484855,-0.0561729967594146,0.0581246279180049,-0.004357193596661,0.0465084388852119,0.1153057068586349,0.0138159412890672,5.394482135772705,1.0576045513153076,0.8675599694252014,0.665166974067688,0.874532163143158,0.6545889377593994,0.6027281880378723,0.8115437626838684,0.5875469446182251,0.5443762540817261,0.687239408493042,0.5019199848175049,0.5611992478370667,1.4494376182556152,-0.1259310990571975,-0.18597412109375,-0.0302472915500402,0.2232308685779571,0.0819781571626663,0.034350711852312,0.1181633174419403,-0.0809293091297149,0.0779107958078384,0.0780522152781486,-0.0927468612790107,0.0248852241784334,4.156564235687256,0.6089380383491516,0.6865609288215637,0.5121932625770569,0.8088253140449524,0.4758534729480743,0.4332315623760223,0.5904144644737244,0.5132570862770081,0.490591436624527,0.4751113653182983,0.4422359466552734,0.4065065681934356,0.0022727102450792,0.0013730297694304,0.0126449988885802,0.0068590591123575,33.771730324964864,1,Rekurrensparese,2581,u_n
-345.5643310546875,168.81552124023438,81.36983489990234,75.75385284423828,-2.842991352081299,3.527233123779297,-22.589818954467773,-13.883004188537598,27.33225440979004,-9.549922943115234,-21.58476829528809,12.106927871704102,2.077698945999145,42.98100280761719,8.242363929748535,15.239080429077148,6.721770763397217,10.580204963684082,5.130497932434082,11.75123405456543,5.318450450897217,10.37317943572998,4.340854644775391,4.944881916046143,5.116929531097412,4.939449787139893,-0.7802903056144714,-0.2708646655082702,0.0345048010349273,-0.0274805873632431,0.2031725794076919,-0.0827371850609779,0.2303998321294784,0.0173332579433918,-0.2349392771720886,0.0344670638442039,0.0677956044673919,-0.0424437820911407,-0.0618197955191135,2.9542150497436523,0.9147297739982604,1.8217393159866333,1.145063877105713,1.353630542755127,0.7722256183624268,0.8250936269760132,0.6274698972702026,0.7671615481376648,0.4926835000514984,0.6010558009147644,0.6262092590332031,0.7408013343811035,0.7037933468818665,0.019016770645976,-0.4265731871128082,-0.2379030734300613,0.1213550791144371,0.0481030978262424,0.1376345306634903,0.0419456213712692,-0.1674901694059372,0.0058655878528952,0.0784867703914642,-0.0929288268089294,-0.0405919849872589,2.337134838104248,0.4775142073631286,1.305741548538208,0.8426095247268677,0.6179174780845642,0.5428844690322876,0.5719926953315735,0.3969438374042511,0.5892033576965332,0.2672410607337951,0.4456163346767425,0.4479503631591797,0.4979363083839416,0.0060898528280577,0.0032131075759915,0.0414448923584262,0.0216139915475154,22.36656994584652,1,Rekurrensparese,352,u_n
-394.3096618652344,119.29704284667967,64.55299377441406,76.56103515625,-33.69424057006836,3.0920393466949463,-17.09955406188965,-27.75592422485352,2.947685956954956,-10.803182601928713,-11.878203392028809,-5.589410781860352,-0.3596904277801513,27.64674568176269,4.308771133422852,7.813672065734863,9.12856388092041,5.984348773956299,3.2441909313201904,4.445802211761475,4.328857898712158,3.7459018230438232,3.699754476547241,4.110618114471436,3.3894500732421875,4.183722972869873,-0.2131269574165344,-0.013342204503715,-0.0154847465455532,-0.0209049340337514,-0.0035153245553374,-0.0037178711500018,0.055305678397417,0.0049959705211222,0.0187255777418613,-0.0016144521068781,-0.0126868244260549,-0.022510951384902,-0.0554644726216793,5.055399894714356,0.739469051361084,1.333081603050232,1.5835883617401123,1.0005228519439695,0.530531644821167,0.6726334095001221,0.6832917928695679,0.6818990111351013,0.6368201971054077,0.5887091755867004,0.5374540686607361,0.6503977179527283,0.9490180611610411,0.0990717187523841,-0.2216744124889373,-0.281791090965271,0.1554172337055206,-0.0380411781370639,0.0610560551285743,0.0992975160479545,-0.0554818697273731,0.0047694277018308,0.0183843094855546,0.0062455777078866,-0.0421007201075553,3.498883008956909,0.5172978043556213,0.9072420001029968,1.126201629638672,0.7148855924606323,0.395490288734436,0.5256147980690002,0.6165420413017273,0.5124984383583069,0.3838019669055938,0.4268765151500702,0.3610713481903076,0.5561383366584778,0.0022137904434491,0.0011694536903502,0.0152412404197329,0.0078999401996875,31.48422153366863,1,Rekurrensparese,356,u_n
-335.850830078125,185.75331115722656,77.99938201904297,40.01551055908203,9.608386039733888,-10.38202667236328,-9.37155818939209,5.13743257522583,4.114743709564209,-3.210143804550171,2.691944599151612,-1.7613046169281006,-13.74178409576416,46.982383728027344,10.5744047164917,15.102100372314451,7.715865612030029,5.866080284118652,5.324289321899414,4.225779056549072,4.463109016418457,3.39404821395874,3.3243894577026367,3.3174936771392822,3.893205165863037,3.387758255004883,-1.825959324836731,0.0874508097767829,0.4003829061985016,0.0852942541241645,0.0638946965336799,-0.0987652465701103,-0.0419907085597515,0.0321619249880313,-0.0046163103543221,-0.0626885741949081,0.0224341060966253,0.0479093343019485,-0.0729859694838523,5.759947776794434,1.8362905979156487,1.4725292921066284,1.4827046394348145,0.9770859479904176,0.840063214302063,0.5811261534690857,0.7031340003013611,0.5472067594528198,0.5284229516983032,0.5399624705314636,0.5649734735488892,0.5293256044387817,0.8245106935501099,-0.1960728913545608,-0.1101045757532119,-0.0894513204693794,0.0465084463357925,0.0528725087642669,0.0480469055473804,-0.033496931195259,-0.0582823976874351,-0.0271047856658697,-0.03797547519207,0.0089474208652973,0.0025962360668927,3.3305773735046387,1.449784517288208,0.9199331402778624,1.0947223901748655,0.5172590017318726,0.6161107420921326,0.3337324559688568,0.4260925650596618,0.3774950802326202,0.4093444943428039,0.4802936315536499,0.3572320342063904,0.398193746805191,0.0024714158435824,0.0010798579656367,0.0191861296720757,0.0073675724548221,31.40246756376,1,Rekurrensparese,358,u_n
-330.6131896972656,141.95468139648438,42.568965911865234,65.40573120117188,-17.978561401367188,-1.7647119760513306,-19.11470603942871,-17.38425064086914,1.22268807888031,-3.214190721511841,6.989252090454102,-13.720403671264648,-17.18675994873047,23.445924758911133,6.956624031066895,9.3209228515625,6.370464324951172,6.757537364959717,4.190456867218018,7.008515357971191,5.235991477966309,3.6259846687316895,6.7292094230651855,4.612968921661377,4.529322147369385,3.187272310256958,-0.0905232653021812,-0.1180757135152816,-0.0804167613387107,-0.1333954632282257,0.0491374023258686,0.0097962329164147,0.0701813772320747,0.0253310911357402,-0.0038473021704703,-0.0109989522024989,0.0010984727414324,-0.0002562349545769,0.0168250985443592,1.765567660331726,1.1967735290527344,0.886370062828064,0.8352828025817871,0.9449790120124816,0.5971922874450684,0.947997748851776,0.6144288778305054,0.6462482213973999,0.9131503701210022,0.7976852655410767,0.5733271837234497,0.499442845582962,0.2931405305862427,0.1275600343942642,0.0110928630456328,-0.0668296813964843,0.1147267147898674,0.0742987394332885,0.104040041565895,0.0684104934334755,-0.0423156768083572,-0.0424788482487201,-0.1035061553120613,-0.0165291670709848,0.0544447749853134,1.3426415920257568,0.647392749786377,0.4757299423217773,0.4948626458644867,0.6472077369689941,0.4611724317073822,0.7757794857025146,0.4484851062297821,0.4253002405166626,0.5355767607688904,0.6095346212387085,0.4035770297050476,0.4537512362003326,0.0025888235864722,0.0014159573368477,0.0186309206831372,0.0102187602756753,30.210216099868152,1,Rekurrensparese,362,u_n
-323.25469970703125,164.18881225585938,57.6963119506836,67.91336822509766,-22.01462745666504,15.308578491210938,17.487760543823242,-17.33525276184082,23.292688369750977,16.309402465820312,2.6733083724975586,15.402010917663574,11.016857147216797,25.49321556091309,5.50233268737793,10.431106567382812,6.136743545532227,5.108929634094238,4.1185832023620605,4.350986480712891,5.096900939941406,4.213600158691406,4.014897346496582,4.01378059387207,4.939829349517822,5.555994033813477,-1.0268985033035278,-0.0840894803404808,0.1467121541500091,-0.0353159680962562,0.0051732426509261,-0.0796015188097953,0.0779589861631393,0.0273148734122514,0.1030044555664062,0.0806729272007942,-0.0136604877188801,0.0281877405941486,0.0044677094556391,1.9656444787979128,0.8929698467254639,0.899517297744751,1.0490293502807615,0.7461774349212646,0.5681616067886353,0.723568320274353,0.7975227236747742,0.6378998756408691,0.5659783482551575,0.5663185715675354,0.7263631820678711,0.6636298894882202,0.1721495389938354,-0.0826650857925415,-0.0490329824388027,-0.1036474183201789,0.1082348674535751,0.0110677070915699,-0.0026059679221361,0.0156878512352705,-0.0436829775571823,-0.0147750722244381,-0.0113316383212804,0.0044734021648764,-0.0300930123776197,0.9296829700469972,0.6454898118972778,0.57582688331604,0.8459791541099548,0.619368314743042,0.5532665252685547,0.4463526308536529,0.534984827041626,0.5124745965003967,0.4297104775905609,0.3898960947990417,0.5567015409469604,0.4838437438011169,0.0271199323694092,0.0165941197419051,0.2235078818888661,0.1378821552537942,7.912592418320444,1,Rekurrensparese,364,u_n
-357.5114440917969,222.52444458007807,61.62980270385742,53.44352722167969,7.354249954223633,-0.0208626314997673,-27.97145271301269,-18.562705993652344,7.821709632873535,4.5157856941223145,10.132390975952148,3.040536642074585,-6.341064929962158,21.621097564697266,9.630117416381836,4.868649959564209,5.293056964874268,4.493416786193848,4.16081428527832,6.304957866668701,4.444067478179932,2.684004545211792,3.929951906204224,4.482427597045898,3.147019624710083,3.1875548362731934,-0.2202629148960113,0.1442255079746246,0.0832963436841964,-0.0134755745530128,0.0167241152375936,-0.0332506000995636,-0.0790929123759269,-0.0211374592036008,0.0186470691114664,0.0445174388587474,0.066035658121109,0.0030253962613642,-0.0740689188241958,3.7802248001098633,1.732694387435913,0.8408194780349731,0.8888437747955322,0.6501832008361816,0.4470830857753753,1.0037015676498413,0.6198019981384277,0.4464134573936462,0.4141598045825958,0.5497795939445496,0.4599738717079162,0.3522938787937164,0.7853866815567017,-0.3589491546154022,-0.1258158832788467,-0.0777627974748611,0.0626410096883773,0.0074520339258015,0.1280826777219772,0.0803872868418693,-0.0523470789194107,0.0128729231655597,-0.0317266918718814,-0.0267055518925189,-0.0173268597573041,2.8409645557403564,1.319337248802185,0.6884307265281677,0.5564202070236206,0.4673808515071869,0.3553897738456726,0.5510469675064087,0.4703838527202606,0.3535990417003631,0.3449063599109649,0.3561317324638366,0.3455674052238464,0.3791461586952209,0.0016933281705596,0.0007891767378847,0.0209833015361994,0.0118608023710271,29.60205483393055,1,Rekurrensparese,365,u_n
-364.3985290527344,133.58840942382812,79.78462219238281,64.2796859741211,-40.31050109863281,23.21643447875977,-0.3380975723266601,-12.031207084655762,26.991125106811523,3.574312448501587,2.553011178970337,15.853602409362791,-10.197380065917969,20.072397232055664,7.973120212554932,7.526985645294189,8.38890552520752,6.700483798980713,8.673290252685547,5.404765605926514,6.731232643127441,5.223233699798584,5.161918640136719,9.458182334899902,4.396132946014404,5.209784507751465,-0.5559123754501343,0.0108201624825596,0.1355529725551605,0.0523226298391819,-0.0619238466024398,-0.035393688827753,-0.101403534412384,-0.0739696100354194,0.0383260212838649,0.0513786524534225,0.0937280133366584,0.0285993162542581,-0.0133205447345972,2.3298885822296143,0.8863438963890076,1.40035080909729,1.2006624937057495,0.9201087355613708,0.7956563234329224,0.8706858158111572,0.7609035968780518,0.6810138821601868,0.7629819512367249,0.7123984694480896,0.6323146820068359,0.420335590839386,0.2802803218364715,0.0468056611716747,-0.1112982481718063,-0.0687493160367012,0.105165846645832,-0.0147137809544801,0.0079097067937254,0.0372871756553649,-0.0452515035867691,-0.044350791722536,0.0155342016369104,-0.0262465719133615,0.0063021918758749,1.419042468070984,0.5483980774879456,0.8148403763771057,0.586567759513855,0.9034506678581238,0.5446712374687195,0.5788521766662598,0.502768337726593,0.548869788646698,0.6318286657333374,0.4596963226795196,0.5487146377563477,0.4143700301647186,0.0109774528262999,0.0067354940733339,0.0999579982942128,0.0539876475086834,16.571335752479175,1,Rekurrensparese,448,u_n
-259.64776611328125,153.40501403808594,47.66861343383789,57.680206298828125,-19.9356632232666,6.075949668884277,-15.057835578918455,18.49267768859864,-8.523736000061035,6.098981380462647,8.444676399230957,5.103506088256836,-10.225249290466309,8.820403099060059,4.087572574615479,3.976373672485352,7.491396903991699,5.346528053283691,5.325748443603516,4.6691575050354,5.662700176239014,3.4554810523986816,5.136282444000244,4.168918132781982,3.9937593936920166,3.4316680431365967,-0.2287186682224273,-0.0987324863672256,0.0859960317611694,-0.1164395585656166,-0.1407618969678878,-0.03795712813735,-0.0626720935106277,0.1715219169855117,0.0667324215173721,0.1845074295997619,-0.0038147901650518,-0.0776706561446189,-0.0845451653003692,1.3799463510513306,0.6463360786437988,0.5066307783126831,0.8324306011199951,1.0135347843170166,0.7935062050819397,0.6484419107437134,0.509313702583313,0.7771876454353333,0.5583863258361816,0.7408387064933777,0.6039130091667175,0.5381346940994263,0.3116526305675506,-0.0493157617747783,-0.0215954557061195,-0.1123038083314895,0.2334451973438263,0.0645084604620933,0.058325320482254,-0.1392760276794433,0.0217167809605598,-0.0466029904782772,-0.0411639362573623,-0.0870410203933715,0.0208246689289808,0.9799315929412842,0.4347395598888397,0.3464587330818176,0.6744853854179382,0.7600553035736084,0.4581928253173828,0.429236352443695,0.5597274303436279,0.4755077660083771,0.5706630945205688,0.5765389204025269,0.6652010679244995,0.5104045271873474,0.0122324158486236,0.007175625283404,0.1280357454249922,0.0759912527213605,14.100018047883593,1,Rekurrensparese,450,u_n
-184.1669921875,155.984619140625,-3.024100542068481,66.91464233398438,-47.83038711547852,18.944137573242188,7.129100799560547,8.84736156463623,16.604209899902344,16.59019660949707,18.167573928833008,3.702373743057251,-7.300274848937988,12.416634559631348,6.302669525146484,8.05825138092041,6.421272277832031,5.622408866882324,5.048098564147949,5.247316837310791,3.928977012634277,5.2183990478515625,4.023843765258789,3.6370253562927246,4.666624069213867,4.898964881896973,0.3707801103591919,0.1869583427906036,0.7228561639785767,0.1284741163253784,0.451027512550354,-0.0634641796350479,-0.0570267885923385,0.0914028510451316,0.0741292387247085,-0.0434580147266387,0.0080995196476578,-0.2230819910764694,-0.1463143825531005,1.891671061515808,0.9812166690826416,1.0920331478118896,1.0722792148590088,0.785727858543396,0.8018925189971924,0.7308899164199829,0.700223982334137,1.1396002769470217,0.4730603396892547,0.5929051637649536,0.7222520112991333,0.6599397659301758,-0.166808545589447,-0.1603184342384338,0.049317143857479,-0.1811720132827758,0.1682405769824981,-0.0921752899885177,0.0289034210145473,0.0577164478600025,0.0411335080862045,-0.0934295654296875,-0.0027414036449044,0.1279164999723434,0.1593776792287826,0.8529441952705383,0.6952352523803711,0.5318387150764465,0.8136658668518066,0.563336968421936,0.501545250415802,0.5670692920684814,0.4911563992500305,0.5304274559020996,0.5414090156555176,0.6115484833717346,0.6546167731285095,0.7368910908699036,0.0357258957156682,0.0199438834138836,0.199630001494514,0.1041682325738456,8.206493884458004,1,Rekurrensparese,492,u_n
-361.6826171875,156.56576538085938,52.53022003173828,78.56982421875,7.625141620635986,17.761537551879883,3.217202425003052,-22.0922966003418,-9.60205078125,-0.8237629532814026,-0.9762551188468932,-20.378931045532227,-1.7286943197250366,21.39303207397461,6.320161819458008,5.942136764526367,7.1468281745910645,5.126872539520264,4.095692157745361,4.493443489074707,5.923200607299805,4.027193069458008,4.027468681335449,4.773009300231934,4.66052770614624,3.3047330379486084,-0.6373358368873596,-0.0762627497315406,0.0570848993957042,0.1362244635820388,-0.0248068422079086,0.024593262001872,0.042611937969923,0.0195349622517824,0.0234920680522918,0.0534663908183574,0.0862956941127777,0.048684787005186,-0.0038179545663297,3.7142868041992174,1.1689176559448242,0.9489295482635498,1.057935357093811,0.9046654105186462,0.6933058500289917,0.6195037961006165,0.7527089715003967,0.5913956165313721,0.5468517541885376,0.4880744814872741,0.5629642605781555,0.5153512954711914,0.5703367590904236,-0.0454816743731498,-0.0560215562582016,-0.1077333241701126,0.0926498845219612,-0.0010889361146837,0.0356945134699344,0.0850485637784004,-0.0020527380984276,-0.0005038779345341,-0.0029588725883513,0.073989637196064,-0.0107094282284379,2.1665446758270264,0.7657946348190308,0.4365594983100891,0.5093830227851868,0.6801943778991699,0.3907776474952698,0.4629862308502197,0.4590114653110504,0.3842541873455047,0.4228617548942566,0.3521690964698791,0.4255689084529876,0.330586701631546,0.0047965478576153,0.0024381647270009,0.0259754239410298,0.0111685375768771,27.25081517628126,1,Rekurrensparese,565,u_n
-307.1171569824219,157.78424072265625,22.158275604248047,57.598628997802734,-28.56803131103516,-6.230419158935547,-31.05284881591797,-11.074884414672852,6.73406457901001,-11.490300178527832,-11.25778579711914,0.9005028009414673,-8.94776439666748,23.122800827026367,5.216516494750977,3.072556257247925,7.42731237411499,5.460303783416748,3.00272536277771,5.827600479125977,3.657045125961304,4.298436164855957,2.5761075019836426,2.909589529037476,3.50701117515564,4.793436050415039,-0.7070621848106384,0.0881284028291702,-0.0090906312689185,0.0710872337222099,-0.0027997596189379,0.0291568730026483,0.0773741081357002,0.0329079329967498,0.0285877622663974,0.004375803284347,-0.01886822655797,0.125188946723938,-0.0077145970426499,3.747402191162109,0.761708676815033,0.4692102670669555,1.408697247505188,0.8423075079917908,0.4601091146469116,0.7993652820587158,0.4652625620365143,0.6982414722442627,0.4057716429233551,0.4112469553947449,0.5304508209228516,0.5057467222213745,0.8315140008926392,-0.0910120531916618,-0.0109443645924329,-0.2349558174610138,0.1420954316854477,-0.0352055840194225,0.138207659125328,0.0026073239278048,-0.1255615800619125,0.0538136661052703,0.0294986180961132,-0.011474410071969,0.0158327259123325,2.860851526260376,0.6561950445175171,0.4230260550975799,0.956315279006958,0.5893951058387756,0.3859613537788391,0.7243306636810303,0.3401274383068084,0.543016254901886,0.2523835301399231,0.3039945363998413,0.2857240736484527,0.3226497173309326,0.0033769011560527,0.0020091994153175,0.0125478550513483,0.0068992905793579,30.179237564080253,1,Rekurrensparese,627,u_n
-358.8213806152344,191.2773895263672,65.32360076904297,49.28556060791016,0.0694545432925224,8.566499710083008,-3.108417510986328,-13.615216255187988,10.936108589172363,19.541791915893555,-8.168496131896973,7.361555576324463,2.552726984024048,19.41352653503418,8.552652359008789,4.688268184661865,4.918018341064453,5.834186553955078,5.952556133270264,4.535815715789795,4.136687755584717,4.895943641662598,4.374613285064697,5.580536842346191,4.540364742279053,4.599664688110352,-0.0856425985693931,-0.1808337569236755,-0.0865802243351936,-0.0613139271736145,0.0789766833186149,0.0498561523854732,0.0010757595300674,0.0659498497843742,0.1040915325284004,-0.0942680835723877,0.0436736494302749,-0.0791374742984771,-0.0154034048318862,1.7711398601531982,0.9284529089927672,0.8141929507255554,0.6468183398246765,0.7384119629859924,0.7126772403717041,0.6782658100128174,0.6854424476623535,0.6429153084754944,0.6594247817993164,0.6892211437225342,0.5313953757286072,0.5863040685653687,0.1936056464910507,-0.0198669862002134,-0.0602836608886718,-0.0305356793105602,0.023794837296009,0.0014766183448955,0.0291903372853994,0.0328297577798366,-0.0233949497342109,-0.0278348922729492,0.0382841601967811,-0.0084754135459661,-0.0251538809388875,1.1068025827407837,0.7282409071922302,0.5818980932235718,0.5304064750671387,0.5450310707092285,0.519743025302887,0.5300650596618652,0.4947563409805298,0.5159475207328796,0.4647511541843414,0.5418323278427124,0.4188515245914459,0.4795582294464111,0.0058980139765333,0.0033496721201802,0.0600389696132423,0.0316605254593249,18.67770826348585,1,Rekurrensparese,629,u_n
-345.948486328125,175.94717407226562,59.68761444091797,70.30769348144531,15.935104370117188,9.417762756347656,2.470982313156128,-9.236749649047852,-14.60598850250244,17.11501121520996,10.012413024902344,-16.265026092529297,4.145278930664063,25.706823348999023,13.72325038909912,5.458726406097412,12.836597442626951,8.905302047729492,6.478337287902832,6.5034894943237305,7.437309265136719,6.117125988006592,5.233306884765625,3.7342700958251953,5.249032497406006,4.093010425567627,-0.7044082880020142,-0.1518151760101318,0.101041056215763,0.3862094581127167,0.1877316683530807,-0.0989938750863075,-0.0379317142069339,-0.1912428140640258,-0.1748363822698593,0.044209100306034,0.017003184184432,-0.0669440925121307,0.0734449177980423,2.4908928871154785,1.6552338600158691,1.1168259382247925,1.66934335231781,1.0328762531280518,0.8495827913284302,1.10264790058136,1.1786621809005735,1.1833633184432983,0.8556737899780273,0.8161926865577698,0.9863768219947816,0.6134167909622192,0.3627121448516845,-0.1177736297249794,-0.0667865872383117,-0.0809942260384559,0.1000033766031265,-0.0201652403920888,0.0067819380201399,0.0258311238139867,0.0612594746053218,-0.0449226386845111,-0.0209563635289669,0.0625182762742042,-0.040524635463953,1.497477412223816,0.7733563184738159,0.5389207601547241,0.8348231315612793,0.6797537803649902,0.50282222032547,0.5010331273078918,0.5181286931037903,0.5342206358909607,0.4388638138771057,0.4757319092750549,0.5171828866004944,0.4215035140514374,0.008195518327938,0.0046156476104649,0.03585397339625,0.0157227964340578,24.394677295232142,1,Rekurrensparese,632,u_n
-401.7956237792969,180.4320831298828,84.99939727783203,42.413909912109375,5.189563274383545,12.491973876953123,4.68272066116333,-6.493597984313965,1.03266179561615,0.1253590583801269,-1.7318660020828247,-1.838757991790772,-2.224252462387085,35.90589904785156,10.93882656097412,13.431310653686523,15.59937572479248,12.030458450317385,7.560599327087402,7.29818058013916,5.967299461364746,4.111448764801025,4.865795135498047,3.8118977546691895,4.777978897094727,5.352623462677002,-1.0750625133514404,0.1023818552494049,0.1119630634784698,-0.0107048442587256,0.1681516170501709,0.002764445496723,0.2307912558317184,0.1245014891028404,0.0399441197514534,0.0183053277432918,0.0620185919106006,0.0568483173847198,-0.01879190094769,6.446747779846191,1.101769208908081,2.587824821472168,1.613070368766785,0.8718323707580566,1.076775074005127,1.065040946006775,0.8036307096481323,0.6277930736541748,0.7897799611091614,0.6647706627845764,0.7817760705947876,0.7317923903465271,1.027332425117493,-0.207850232720375,-0.4232467412948608,-0.1838207095861435,0.1278529614210128,0.0031897842418402,0.0945800393819809,0.096610315144062,-0.02587197907269,-0.0413749068975448,0.0068890457041561,0.019717987626791,-0.007030677050352,3.102369785308838,0.9685956239700316,1.548802137374878,0.8781872391700745,0.7300015091896057,0.7694496512413025,0.8309451937675476,0.5954484343528748,0.5494797229766846,0.5873830318450928,0.479640930891037,0.4848793447017669,0.4671663641929626,0.0221099957878272,0.0126769553391771,0.0558329806705285,0.029227252772676,13.63911631144986,1,Rekurrensparese,633,u_n
-349.38018798828125,155.79464721679688,72.45832824707031,78.81148529052734,-34.08983612060547,6.623917579650879,7.569831371307373,-11.196950912475586,-5.816174030303955,20.95817947387696,9.655327796936035,6.660086154937744,5.505573272705078,34.56966018676758,11.572994232177734,16.52820587158203,7.060440540313721,11.807976722717283,5.806478977203369,4.783422470092773,6.679380416870117,4.267428874969482,8.254892349243164,5.069661140441895,6.824160099029541,4.768873691558838,-0.886559247970581,-0.135293036699295,0.3058654367923736,-0.0394551455974578,0.43105149269104,0.0289173126220703,-0.1154137775301933,-0.1204346120357513,-0.0783162415027618,-0.1474320441484451,-0.1974339932203292,-0.1597573012113571,-0.254486083984375,2.3596456050872803,1.7408727407455444,1.4035626649856567,1.2494486570358276,1.3340046405792236,0.7516980767250061,0.8228809833526611,0.5280443429946899,0.7836331725120544,1.149699330329895,0.9243701100349426,0.9874048233032228,0.7938224673271179,0.4375284612178802,-0.0204735081642866,-0.2320118993520736,-0.1617463678121566,0.3500691950321197,0.0295993909239768,-0.1310759782791137,-0.0021732186432927,-0.018972560763359,-0.1652242988348007,-0.015291603282094,0.0211805738508701,0.1018000617623329,2.1338987350463867,0.6461740732192993,1.2446132898330688,0.6430947184562683,0.9225006699562072,0.3264286816120147,0.6123781800270081,0.4471121728420257,0.4702273309230804,0.7912675142288208,0.6520792245864868,0.4914615154266357,0.5497073531150818,0.0066727334066922,0.0037765144590986,0.0541851318506543,0.0263222010147628,22.00393889935988,1,Rekurrensparese,670,u_n
-404.8509216308594,141.34230041503906,81.36729431152344,56.36726760864258,-10.806211471557615,2.6322267055511475,-8.49159049987793,-0.7277892231941223,15.687155723571776,-4.257323265075684,-1.9753978252410889,-12.757542610168455,-20.681564331054688,27.4475326538086,4.873995780944824,7.892715930938721,5.332343578338623,4.2926201820373535,3.5379834175109863,3.8236258029937744,3.753870964050293,4.449400901794434,3.711168527603149,3.5251007080078125,3.656070709228516,3.869961977005005,-0.605150043964386,-0.063856653869152,0.1124131605029106,0.0742453709244728,-0.075695976614952,0.0177023634314537,-0.0342601500451564,-0.0134041421115398,0.0123626170679926,-0.0430395454168319,-0.024786939844489,-0.0715924873948097,-0.0806521624326706,4.51414680480957,0.539667546749115,1.308207392692566,0.6686854958534241,0.8201338648796082,0.5442413687705994,0.5930529832839966,0.5508708953857422,0.6590365767478943,0.5357022881507874,0.4775646924972534,0.5984516739845276,0.7053942680358887,0.8908752799034119,0.0306558404117822,-0.2125303000211715,-0.1408033221960067,0.1236940920352935,0.0252414364367723,0.0274324342608451,-0.0074269198812544,-0.1045828908681869,0.0001127336145145,0.0141911134123802,0.0270964242517948,0.0718043893575668,3.233844995498657,0.5482062101364136,0.8395364880561829,0.7109322547912598,0.5552237033843994,0.4013769030570984,0.4992736577987671,0.4355486333370209,0.5751500725746155,0.3898104429244995,0.3777748942375183,0.4206286668777466,0.4453616738319397,0.0027264690094633,0.0015605244198384,0.015191941901733,0.0072237042799453,33.289018546595734,1,Rekurrensparese,671,u_n
-344.1560363769531,187.383041381836,59.6274299621582,39.64176940917969,-12.87181282043457,12.103888511657717,-10.054457664489746,-15.989821434020996,11.361845016479492,-13.045539855957031,-6.23232889175415,2.514281272888184,-19.433958053588867,25.6463680267334,6.171930313110352,9.963940620422363,4.379836559295654,4.724058151245117,3.90522837638855,3.7404415607452393,4.01765775680542,4.014910697937012,3.602896451950073,3.832851648330689,3.9543204307556152,3.336557149887085,-0.4807552099227905,0.0505605451762676,0.1921574622392654,0.134241983294487,0.0273405890911817,0.0608108192682266,-0.0343729481101036,-0.0340585596859455,-0.0066877626813948,0.0029318663291633,-0.0332615971565246,-0.0202035084366798,-0.0294004399329423,3.526486873626709,1.0791363716125488,0.7533537745475769,0.678678572177887,0.6445193290710449,0.5415894389152527,0.5085917115211487,0.5868792533874512,0.7510632872581482,0.4966853857040405,0.5525724291801453,0.5303298830986023,0.478222131729126,0.536133885383606,-0.1480790972709655,-0.0396365858614444,-0.0213249027729034,0.0907287523150444,-0.0445312783122062,0.0134281013160943,0.0333871990442276,-0.0413067527115345,0.026710420846939,-0.0118540292605757,-0.0467820353806018,0.0161815769970417,2.1487274169921875,0.8843234181404114,0.506065309047699,0.4524928033351898,0.6245235800743103,0.4330902993679046,0.4268841743469238,0.5141929984092712,0.4344280958175659,0.4148100316524505,0.4287982881069183,0.4431692957878113,0.398388147354126,0.0026235008036679,0.0015183316762485,0.0182968000679623,0.0085385002362272,29.13170645017573,1,Rekurrensparese,712,u_n
-377.0464477539063,151.91656494140625,77.58318328857422,66.32819366455078,-7.658220767974853,-6.848246097564697,-6.107690334320068,-12.096145629882812,1.8704122304916384,-8.089590072631836,-2.403813362121582,5.403958797454834,1.77191162109375,8.98814868927002,6.14653205871582,6.179358959197998,4.264114856719971,5.316384315490723,5.523744106292725,4.3481125831604,3.5058698654174805,3.3570001125335693,3.136887788772583,5.016782283782959,3.6201796531677246,3.3837411403656006,-0.086215041577816,0.0714086443185806,0.0758662447333335,0.0341568551957607,-0.0373395979404449,-0.0576899945735931,-0.0799058303236961,-0.0581514984369277,0.0043611167930066,0.0295066088438034,0.0335915870964527,-0.0051817521452903,-0.0025004809722304,1.226346135139465,1.034860372543335,1.029542326927185,0.6957862973213196,0.8793256878852844,0.8421364426612854,0.717431366443634,0.6070242524147034,0.568830132484436,0.5385919809341431,0.8867253661155701,0.6397977471351624,0.529406726360321,0.1708843261003494,0.1262964606285095,-0.0166009087115526,-0.0132451113313436,0.0728261396288871,0.034934252500534,0.0326905287802219,0.0279822014272212,-0.0027488993946462,0.0064300578087568,0.0037720070686191,0.0231020934879779,0.0347577258944511,1.0253738164901731,0.7055663466453552,0.6619225740432739,0.5044669508934021,0.641612708568573,0.5342563390731812,0.47591632604599,0.4480939507484436,0.4295381903648376,0.3900544941425323,0.5254732966423035,0.4399725794792175,0.4616711437702179,0.0026991109379878,0.0015400005179397,0.0194689368478189,0.0085210405356428,30.280517775176246,1,Rekurrensparese,716,u_n
-364.7735290527344,182.30572509765625,59.3433723449707,61.43128204345703,-0.8950070142745972,-14.18263816833496,7.759350776672363,-6.954583644866943,-11.560678482055664,5.067535400390625,-10.34827709197998,-7.122498512268066,11.080850601196287,10.854395866394045,4.837408065795898,6.245054244995117,5.062254905700684,3.7916839122772217,5.458710193634033,3.5310873985290527,4.637201309204102,4.197158336639404,3.8930959701538086,4.9150214195251465,3.1803979873657227,3.0699303150177,-0.0585590377449989,-0.0848212912678718,0.0927175432443618,-0.028422474861145,0.0114178676158189,0.0576647818088531,-0.035976517945528,-0.0388058237731456,0.0611064434051513,-0.0507633611559867,-0.0940534323453903,-0.0283559076488018,0.0028834536205977,1.2357767820358276,0.6224862337112427,0.8017049431800842,0.7432870268821716,0.6778022050857544,0.8620569705963135,0.5977759957313538,0.735149085521698,0.7410493493080139,0.5314594507217407,0.6115044951438904,0.4614048302173614,0.4656140506267547,0.2688604891300201,0.0451112315058708,-0.059851698577404,-0.0817761495709419,0.0220743604004383,0.1003227978944778,0.0240968875586986,-0.0101571679115295,0.0068319020792841,-0.010925780981779,-0.0037178457714617,-0.0164045356214046,-0.0255464911460876,1.3434771299362185,0.5542988777160645,0.5318798422813416,0.6452747583389282,0.4636631309986114,0.5712065696716309,0.416881650686264,0.4882902503013611,0.4862587451934814,0.3651759028434753,0.4555191993713379,0.3659675121307373,0.3615429103374481,0.005327518823853,0.0029310982564169,0.0335380347897888,0.0187324144845449,26.32000020721249,1,Rekurrensparese,725,u_n
-230.3080444335937,140.39053344726562,25.611400604248047,60.22932052612305,-38.628868103027344,38.363563537597656,-6.560889720916748,8.471246719360352,8.851263046264648,10.445250511169434,9.185395240783691,8.289651870727539,3.677423715591431,32.08436584472656,6.975143432617188,10.95439624786377,6.308444023132324,7.397658824920654,7.715243339538574,7.180719375610352,3.844512462615967,3.611807346343994,3.1447365283966064,8.442130088806152,4.046517372131348,5.566669940948486,-2.0870187282562256,0.2945743799209595,0.1135167703032493,-0.2872019708156585,-0.1362634897232055,-0.330479621887207,-0.3210536241531372,-0.0616185292601585,0.0499702133238315,0.0289182476699352,0.4234660267829895,0.1970590651035308,0.0268523693084716,1.6340621709823608,0.6738377213478088,1.6672945022583008,0.97067391872406,1.0487618446350098,0.6706758141517639,0.8063257336616516,0.4303976893424988,0.5008963942527771,0.4869442284107208,0.5632644891738892,0.7061807513237,0.7006070017814636,-0.2235753238201141,-0.0828699842095375,0.203592762351036,-0.0630533620715141,0.4159115552902221,-0.118878573179245,0.045896016061306,-0.0511022098362445,0.0175299309194087,-0.0730878338217735,-0.0096696196123957,-0.0204772185534238,-0.0713590681552887,0.5474374890327454,0.3548953831195831,0.9849786162376404,0.5789996981620789,0.972732961177826,0.4829153418540954,0.4115665853023529,0.3724759817123413,0.425902396440506,0.4179113805294037,0.3485274016857147,0.5005952715873718,0.5145042538642883,0.0354710821981802,0.021969625327077,0.1285741198318658,0.0770732899076794,14.143922286396114,1,Rekurrensparese,726,u_n
-350.8420104980469,152.0116424560547,71.31529998779297,72.63546752929688,-2.614058494567871,9.913463592529297,-12.11689281463623,-4.938364028930664,6.696223258972168,10.418354034423828,5.006909370422363,-7.740193367004394,-7.663270473480225,14.355896949768066,15.656673431396484,8.528231620788574,7.717583179473877,9.243860244750977,8.212719917297363,5.441257476806641,5.70684814453125,6.929292678833008,6.3763508796691895,3.744572877883911,4.357924938201904,5.713751792907715,-0.4715137779712677,-0.8568252921104431,-0.462656557559967,0.1237676739692688,0.547680139541626,0.4609584510326385,0.0900513753294944,0.1059534400701522,0.0792920216917991,0.2285950034856796,0.0390920974314212,0.1826450824737548,0.3244980275630951,2.0862224102020264,2.009103536605835,1.2753902673721311,1.0965739488601685,0.7352840900421143,0.5821970105171204,0.7957704663276672,0.8763186931610107,1.0467029809951782,0.7753239274024963,0.6648291945457458,0.6971085667610168,0.5263310670852661,0.4016624689102173,0.3581844568252563,-0.0497951209545135,-0.0664928257465362,0.0390395484864711,0.0873134732246398,0.1261972934007644,0.0995747596025466,0.1675726622343063,-0.0426270477473735,0.093023270368576,0.0990168005228042,-0.0579114854335784,1.3837581872940063,1.3772157430648804,0.7859161496162415,0.6298843026161194,0.5551363825798035,0.6210688948631287,0.7075238227844238,0.6964575052261353,0.5620291233062744,0.498788058757782,0.5523371696472168,0.5269690155982971,0.5519112944602966,0.0189505588998027,0.0098275974829276,0.0623917459881568,0.0323469168029649,24.668680296469184,1,Rekurrensparese,728,u_n
-372.8100891113281,154.05734252929688,53.75368881225586,47.87959671020508,-2.1064257621765137,-33.69463348388672,-5.700158596038818,-1.4544368982315063,-14.37132453918457,-3.815130472183228,-3.988856554031372,-8.37905502319336,-3.474012613296509,26.886125564575195,10.510614395141602,8.316569328308105,6.631711483001709,4.7071380615234375,8.659100532531738,4.559135913848877,5.893347263336182,6.829702854156494,4.311601638793945,4.098119258880615,3.3623363971710205,4.110978603363037,-0.7743629813194275,-0.0168858915567398,0.0456345565617084,-0.0626009404659271,-0.083653301000595,-0.097895435988903,-0.001803012448363,0.1108501851558685,0.1759845614433288,0.1484046876430511,0.1032343730330467,0.0447826348245143,0.0137324603274464,3.3624579906463623,1.1767823696136477,1.0358778238296509,0.6858251094818115,0.9421579837799072,1.2358332872390747,0.6902645826339722,0.7808114886283875,0.6458274722099304,0.5749756097793579,0.4949884116649627,0.4826717376708984,0.6369694471359253,0.6949095726013184,0.1041391715407371,-0.0659455060958862,-0.0007862686179578,0.1329318284988403,0.1598666757345199,-0.0094117829576134,-3.421354995225556e-05,0.0212183687835931,-0.052249614149332,-0.0307405665516853,0.0183032732456922,0.0166021324694156,2.5044353008270264,0.9234979152679444,0.5750811100006104,0.4552390873432159,0.6407470703125,0.7512202858924866,0.3734925091266632,0.3071331977844238,0.3491784632205963,0.3560570478439331,0.3616820573806762,0.3670186698436737,0.3486610651016235,0.0013469215058683,0.0007877694940104,0.0072812603965514,0.0033326271428833,38.715359518911775,1,Rekurrensparese,825,u_n
-308.6778564453125,150.65533447265625,86.97917938232422,87.03839874267578,4.48457145690918,33.33902359008789,-10.733770370483398,-17.436277389526367,5.719130992889404,-5.657224178314209,22.382381439208984,-1.9259934425354004,-10.129940032958984,13.385537147521973,4.380904674530029,6.171107292175293,6.234023094177246,5.004848957061768,4.132583618164063,5.662975311279297,5.228447914123535,4.012205600738525,4.229510307312012,4.691785335540772,4.8111443519592285,5.2844061851501465,0.2872737646102905,0.0027586184442043,-0.0856326073408126,-0.1150209978222847,0.0782293379306793,-0.0243776366114616,-0.010969853028655,-0.0076626115478575,-0.0385792553424835,-0.0225594639778137,-0.0592761971056461,-0.0346818938851356,-0.0099677182734012,2.2875289916992188,0.6449573636054993,1.097228765487671,1.0150128602981567,0.7679241299629211,0.6711066365242004,0.8718924522399902,0.7284082770347595,0.6238836050033569,0.5827688574790955,0.7446145415306091,0.7282941937446594,0.8182515501976013,0.2777233719825744,0.0366526879370212,-0.1142412945628166,-0.1259060353040695,0.0062588234432041,-0.0271364897489547,0.0968310460448265,0.1001530215144157,0.0274203568696975,-0.0007730551878921,-0.0637326687574386,0.0200887378305196,0.0317696146667003,1.5328857898712158,0.642376720905304,0.7720957398414612,0.6794521808624268,0.5236824750900269,0.6351426243782043,0.7419425845146179,0.6443518400192261,0.474162757396698,0.5673233866691589,0.6104410886764526,0.5390138626098633,0.5031483769416809,0.0117916699625463,0.0067362091226284,0.0646517158111843,0.0348145634837958,20.36613846945473,1,Rekurrensparese,849,u_n
-305.519287109375,153.7843017578125,71.3321533203125,58.580169677734375,-42.12173080444336,3.0677287578582764,-24.996309280395508,-3.4062860012054443,11.976495742797852,-9.743370056152344,-10.391911506652832,6.49371862411499,-8.327824592590332,19.840892791748047,13.870654106140137,7.95428991317749,6.88128137588501,6.241963863372803,5.16046142578125,8.999775886535645,4.522924900054932,6.100476264953613,6.633726119995117,6.105502605438232,4.934085369110107,6.021376132965088,-0.3201768100261688,0.205063909292221,0.116037867963314,0.2647205889225006,-0.0181253869086503,0.1746789216995239,0.2113754004240036,0.1606762558221817,-0.0167496688663959,-0.1284985989332199,0.1032570749521255,-0.1152282878756523,-0.2572631239891052,3.147718906402588,2.183016538619995,1.1273410320281982,0.9350601434707642,1.0133432149887085,0.876908540725708,0.7080596089363098,0.9883002042770386,0.8725728988647461,0.6664889454841614,0.559596061706543,0.7461656332015991,0.5393604636192322,0.3454740643501282,0.1856724619865417,-0.0963940843939781,-0.0568999350070953,0.2681565284729004,-0.0178690403699874,0.1725507378578186,-0.0411827899515628,-0.1119579374790191,0.1400471180677414,0.0130916265770792,-0.0324109308421611,0.0953662618994712,1.3574150800704956,1.0633161067962646,0.7659061551094055,0.606307864189148,0.8572028279304504,0.477629005908966,0.6561352610588074,0.4191822409629822,0.5381606221199036,0.6118428707122803,0.4579986929893493,0.4530574083328247,0.4989521205425262,0.0174442848629604,0.0078473077435304,0.0849032502942152,0.0459210448852598,16.818342693400375,1,Rekurrensparese,855,u_n
-318.7881774902344,144.82598876953125,75.27747344970703,43.68414688110352,-27.106483459472656,3.604979753494263,-29.86579132080078,29.987504959106445,12.24065399169922,-9.037275314331056,12.1904935836792,-16.324914932250977,-7.472861289978027,16.911203384399414,3.494154691696167,6.24398136138916,4.131173133850098,5.4724955558776855,3.737628221511841,5.267485618591309,4.373627185821533,4.245199203491211,4.366927623748779,3.701138019561768,3.785768032073975,3.446601390838623,0.025764625519514,-0.0492783337831497,-0.0319280885159969,0.0081113744527101,0.0054817497730255,-0.0305169597268104,-0.0240198597311973,-0.0842425972223281,-0.0065688071772456,-0.0248959474265575,0.0048336815088987,0.0360747426748275,0.0091262822970747,2.776329040527344,0.5986925959587097,1.129751682281494,0.6084966063499451,1.0463498830795288,0.5131697654724121,0.8653643131256104,0.6044178009033203,0.6362118721008301,0.7156287431716919,0.5654916167259216,0.5545219779014587,0.5372806787490845,0.4464832246303558,-0.0188842974603176,-0.1519440114498138,-0.0559241101145744,0.1420661360025406,0.0737006217241287,0.1051133871078491,-0.0569858998060226,-0.0122327078133821,0.0504033155739307,-0.0253581255674362,0.0411230437457561,0.0094221299514174,1.900837779045105,0.440194696187973,0.7744386196136475,0.4700748026371002,0.7087551951408386,0.5108493566513062,0.5997947454452515,0.4587317705154419,0.4536951184272766,0.5291221737861633,0.4108553826808929,0.5086686611175537,0.4776632189750671,0.0039762179717626,0.0023509753488515,0.033383862246786,0.0167247544687144,25.18837951999187,1,Rekurrensparese,859,u_n
-344.55010986328125,170.98904418945312,50.14042282104492,39.52164459228516,-12.59404468536377,25.93059539794922,-11.568800926208496,-1.933768391609192,13.251250267028809,-8.216917037963867,2.069248676300049,-6.710404872894287,-9.629192352294922,9.422523498535156,6.404888153076172,9.454002380371094,8.377884864807129,5.239312171936035,5.04430103302002,5.494628429412842,4.1712188720703125,4.211621284484863,4.532888412475586,3.584665060043335,4.573725700378418,4.034803867340088,0.099523551762104,-0.2059913873672485,-0.0359922051429748,0.0770368501543998,-0.0141580086201429,0.0294242817908525,-0.0180617161095142,0.0475248806178569,0.0595622770488262,0.0582545697689056,0.0097859995439648,-0.0658914819359779,-0.0703533291816711,1.2074061632156372,0.6912301182746887,1.0329843759536743,0.8279193639755249,0.7710566520690918,0.6843990683555603,0.7070408463478088,0.6703659892082214,0.6770057082176208,0.7219679951667786,0.5995306372642517,0.6686347723007202,0.6395081281661987,0.2779347598552704,0.0464207492768764,-0.0045157489366829,0.029661463573575,0.1015228331089019,-0.0297135543078184,0.0094047458842396,0.0047324001789093,-0.0490052923560142,0.0049722259864211,-0.0442809797823429,0.0090017616748809,0.0498278401792049,1.1932543516159058,0.4762352705001831,0.5806896686553955,0.615765392780304,0.5677356719970703,0.5496686697006226,0.4070547819137573,0.5502678155899048,0.5043031573295593,0.5744214653968811,0.464702844619751,0.4231634736061096,0.5513924360275269,0.0045358002650681,0.0026314815408679,0.0471470380174597,0.0236033584583105,22.616260151925086,1,Rekurrensparese,864,u_n
-386.0323791503906,141.4694366455078,77.41211700439453,61.06779861450195,-27.09438705444336,10.91914176940918,-10.59910488128662,-11.114912033081056,3.272160768508911,-12.819836616516112,2.700373888015747,-1.198710322380066,-9.47957992553711,33.85137176513672,6.4371724128723145,9.17199993133545,8.387367248535156,10.80280876159668,5.8216872215271,4.792778491973877,6.34745979309082,4.465226173400879,4.242722988128662,3.3567206859588623,5.517978668212891,3.7827470302581774,-0.3785601854324341,0.0380898527801036,0.0540057085454463,0.0211369711905717,0.0346664972603321,-0.0693087726831436,-0.0073065892793238,-0.0037939313333481,-0.0276358146220445,0.0067723244428634,0.011989913880825,0.0141893569380044,-0.0042132292874157,4.986755847930908,0.8151999711990356,1.5519640445709229,1.1438817977905271,1.2053998708724976,0.6527535319328308,0.7385603785514832,0.6492620706558228,0.6937741041183472,0.6715882420539856,0.5773217082023621,0.5764356851577759,0.5350987315177917,0.7939285635948181,-0.0422536022961139,-0.2193872332572937,-0.1418539881706237,0.1284801214933395,-0.0487330928444862,0.0548323094844818,0.0111488699913024,-0.0416258089244365,0.0215771105140447,-0.0446461141109466,-0.0068667316809296,0.0176128670573234,3.0890872478485107,0.5889450311660767,0.977127730846405,0.8007005453109741,0.7614082098007202,0.5852189064025879,0.5710304379463196,0.5148516893386841,0.5078552961349487,0.5308201313018799,0.452246606349945,0.4228223264217376,0.4182779490947723,0.0025928951387816,0.0015528338431794,0.0160939560320982,0.0077786473384662,30.78824221161525,1,Rekurrensparese,869,u_n
-358.31939697265625,190.47750854492188,45.740116119384766,18.75615692138672,-21.977169036865234,5.870672225952148,-7.308005332946777,-5.478842735290527,5.145499706268311,-5.350132942199707,0.772989809513092,-8.520506858825684,-6.388285160064697,20.22063064575196,7.750101089477539,5.5450615882873535,5.180033683776856,7.277894973754883,4.539510250091553,3.5835182666778564,5.07846212387085,4.578195095062256,4.584602355957031,4.601800918579102,5.433187961578369,3.61881422996521,-0.1780218780040741,0.0394416786730289,-0.0036836266517639,0.0232991054654121,0.0277148950845003,0.032564602792263,0.0086746281012892,0.019288258627057,-0.0040622982196509,-0.0274669677019119,0.0363813564181327,-0.026989571750164,-0.0206948481500148,3.741549253463745,1.1424602270126345,0.8866673111915588,0.8865278363227844,1.115727186203003,0.6137956380844116,0.5172783136367798,0.5900886058807373,0.569814920425415,0.6406919360160828,0.7628331184387207,0.5801895260810852,0.505965530872345,0.7613032460212708,-0.2128042727708816,-0.1036697551608085,0.0758845508098602,0.1746450811624527,0.0047537684440612,0.0470120459794998,0.0431375876069068,-0.0267302598804235,0.0432326793670654,-0.041948489844799,-0.0533502884209156,-0.023218223825097,2.710773468017578,0.8923532366752625,0.713091254234314,0.6976896524429321,0.7277235388755798,0.4625976085662842,0.4123982191085815,0.4373718202114105,0.4663704633712768,0.467448890209198,0.5188688039779663,0.4939639270305633,0.4289019703865051,0.0031992545890073,0.0018383024515952,0.0288478958303846,0.0154414099725675,23.66704540168368,1,Rekurrensparese,874,u_n
-342.6288146972656,166.5460968017578,49.62149429321289,58.92008972167969,-10.42297077178955,-20.016098022460938,-5.867147922515869,-11.523098945617676,19.34640884399414,-7.726376533508301,-20.27295684814453,12.64113426208496,-14.107810020446776,18.52610969543457,5.954277515411377,5.289806365966797,6.921365261077881,4.671648025512695,4.985169887542725,5.516247749328613,3.2876362800598145,4.461960315704346,3.7706782817840576,4.509111881256104,3.552760124206543,4.222644805908203,-0.3550806045532226,-0.0360194854438304,0.0275110229849815,0.0793736651539802,0.0425532348453998,-0.0154639827087521,-0.0524540320038795,0.0234326291829347,0.0639111697673797,-0.0458906590938568,-0.0244815219193696,0.0196413733065128,-0.0057685412466526,3.1484034061431885,0.6856986284255981,0.647340714931488,0.8394762873649597,0.7271326184272766,0.7946715354919434,0.6891845464706421,0.5984610915184021,0.6417956352233887,0.4968116581439972,0.7234799861907959,0.4573787748813629,0.57861328125,0.5309509634971619,-0.0316837020218372,-0.0448464266955852,-0.0806989446282386,0.0901358649134635,0.0933498442173004,0.0287451259791851,0.0311878733336925,-0.0977576076984405,0.0064750704914331,0.0637718513607978,-0.0495776608586311,0.0364724434912204,2.185264110565185,0.456875592470169,0.4597784876823425,0.622783899307251,0.5430267453193665,0.5223085284233093,0.4724057614803314,0.3713732361793518,0.6017350554466248,0.363877385854721,0.50345778465271,0.3971776962280273,0.3827008605003357,0.0024261899169373,0.0013370442589477,0.014329824906758,0.008218458837858,33.587057969304375,1,Rekurrensparese,879,u_n
-337.5878601074219,165.5172882080078,62.03766250610352,72.36766052246094,2.766380071640014,12.590242385864258,-10.746464729309082,-2.4015979766845703,-11.768213272094728,0.6517817378044128,7.213822364807129,-12.886756896972656,-1.3216465711593628,19.719545364379883,11.09430694580078,14.423477172851562,9.33505916595459,9.894054412841797,8.514974594116211,5.898869037628174,8.337512016296387,4.1979498863220215,5.511663436889648,6.78422212600708,7.396349430084228,4.067249774932861,0.2034556716680526,-0.3599775433540344,-0.2601543962955475,-0.1085083410143852,-0.1702057272195816,0.1047651395201683,-0.0048893820494413,-0.0839132145047187,0.0842563062906265,-0.1354156881570816,0.1095452383160591,-0.1120771393179893,0.0016143097309395,3.442877054214477,1.1505751609802246,2.349036693572998,1.6378010511398315,1.3595960140228271,1.053857922554016,0.967437744140625,1.1960407495498655,0.7529721856117249,0.9160557389259338,0.7134172916412354,1.1512961387634275,0.7657709717750549,0.5806706547737122,0.0600837431848049,-0.1976273208856582,-0.1709796339273452,0.154808297753334,0.039665088057518,0.1369354426860809,0.0236688051372766,0.1000626236200332,-0.0282073002308607,0.02783321775496,0.06698939204216,0.0856779217720031,2.2904324531555176,0.626775860786438,1.052385926246643,0.7928749322891235,0.8681470155715942,0.6104539632797241,0.6013197302818298,0.4880081713199615,0.4940785467624664,0.5101691484451294,0.5120995044708252,0.4075779914855957,0.597901463508606,0.0193412178611866,0.0109505621654462,0.0663141182587208,0.0344556920768105,19.16629334521692,1,Rekurrensparese,880,u_n
-355.9976501464844,147.49514770507812,63.604339599609375,68.15082550048828,-0.1095137223601341,-2.822476863861084,4.710673809051514,-12.641101837158203,-7.020100116729736,-19.442790985107425,-2.623880386352539,16.024717330932617,-8.606127738952637,35.721717834472656,6.7547760009765625,9.058972358703612,9.88117504119873,4.332390785217285,5.426602363586426,4.872945785522461,4.012679100036621,3.946000576019287,9.353893280029297,3.680255889892578,3.915154218673706,5.137821197509766,-1.4167518615722656,0.0158738829195499,0.2236838936805725,0.142736479640007,0.0527544543147087,-0.0033975315745919,0.0226331166923046,-0.0807303786277771,-0.0061206589452922,0.1376824527978897,0.1414591670036316,0.1752093136310577,0.1057094037532806,5.324520111083984,0.9994608759880066,1.2367022037506104,2.0048837661743164,0.5086406469345093,0.6704954504966736,0.747301459312439,0.6905950903892517,0.754590630531311,1.244625210762024,0.6510888338088989,0.691663384437561,0.6131877303123474,1.084537386894226,-0.0009973788401111,-0.2512874603271484,-0.388804942369461,0.0722154527902603,0.0857833847403526,-0.0213288683444261,0.0800576210021972,0.0489713102579116,0.1880174130201339,0.0416434295475482,-0.0780686065554618,0.1073440536856651,3.196235418319702,0.9034376740455629,0.9436543583869934,1.315706491470337,0.4450632333755493,0.5455639958381653,0.4955877959728241,0.4675834774971008,0.4210357367992401,0.7265675663948059,0.4010972380638122,0.4254347383975982,0.514802873134613,0.0039351389056311,0.0022770869601317,0.0320485833958117,0.0176314803076932,28.421990977049003,1,Rekurrensparese,883,u_n
-271.3226013183594,77.57642364501953,89.79105377197266,62.56484222412109,-28.04270362854004,-8.281880378723145,-32.25973892211914,-19.411319732666016,-26.664417266845703,9.584721565246582,-24.48100471496582,-16.987415313720703,22.963680267333984,24.09592628479004,15.733091354370115,14.647315979003906,10.391339302062988,5.672060012817383,6.970510005950928,5.554258823394775,4.310797214508057,5.073713302612305,4.814971446990967,4.791702747344971,5.709843635559082,4.977270126342773,-1.192292332649231,-0.8470039367675781,0.9430397152900696,0.70702064037323,0.1212009191513061,-0.0717935487627983,-0.086936816573143,-0.0058603733777999,-0.0980373099446296,0.2304433137178421,0.0885703116655349,0.0052198939956724,0.0989165678620338,3.644338369369507,2.5280935764312744,3.0976316928863525,2.056475877761841,1.0133185386657717,1.3704560995101929,1.0124146938323977,0.9582324624061584,0.8490856289863586,0.9538224935531616,0.9274442791938782,1.2299901247024536,0.8738146424293518,0.4040561020374298,0.3319291472434997,-0.5374770760536194,-0.3983957469463348,0.0270054005086421,0.1118164435029029,0.027844775468111,0.0962572619318962,0.0540467835962772,-0.0346250832080841,0.1325131803750991,0.1411762535572052,-0.0730337873101234,2.286851644515991,1.7485138177871704,1.697254300117493,1.139201045036316,0.7155932784080505,0.6729629635810852,0.4935973882675171,0.483525812625885,0.5020095109939575,0.6369845271110535,0.4721567928791046,0.8365129232406616,0.6806344985961914,0.0616655005605779,0.0312100562104998,0.2053502570412538,0.1072622889335847,8.879776783384736,1,Rekurrensparese,887,u_n
-340.4255065917969,178.72975158691406,66.35836029052734,49.43764114379883,-8.960617065429688,16.089460372924805,16.798982620239258,5.993462562561035,12.337973594665527,12.55019187927246,7.805233955383301,-7.712447166442871,-2.555910110473633,19.086694717407227,6.935666561126709,6.563730239868164,5.650252819061279,5.562875747680664,4.272175312042236,4.809925556182861,4.192200183868408,5.413572788238525,3.8262996673583984,3.867037534713745,3.77842378616333,3.29341197013855,-0.3280754685401916,-0.0936262086033821,0.0268237423151731,0.0338784120976924,0.009031412191689,-0.0660521611571312,0.0579266995191574,0.0132939498871564,-0.0388018973171711,-0.0191529169678688,0.0032409676350653,0.0017172817606478,0.0066110347397625,2.1956372261047363,0.8999802470207214,0.9389593601226808,0.8139607906341553,0.986283004283905,0.5979613661766052,0.5182684063911438,0.6886024475097656,0.6741880774497986,0.5562914609909058,0.612189531326294,0.6218096017837524,0.4766832888126373,0.3640347123146057,-0.0968308001756668,-0.1248131021857261,-0.056367177516222,0.0951988026499748,-0.012640212662518,-0.0426246784627437,0.008318799547851,0.0274211950600147,0.0229248777031898,-0.0118643920868635,-0.0173741802573204,-0.0393641330301761,1.5454983711242676,0.5669698119163513,0.7494122385978699,0.5459868311882019,0.529543936252594,0.5019853711128235,0.4616463780403137,0.4580884575843811,0.506411075592041,0.4438313245773315,0.4612352848052978,0.4559584259986877,0.4263083040714264,0.0087157215019086,0.0049974372212227,0.0516915293957181,0.0259640254095017,20.611311963352904,1,Rekurrensparese,893,u_n
-404.8026428222656,175.29464721679688,98.6186294555664,79.3386001586914,22.48598289489746,6.710057258605957,17.651891708374023,-1.9878915548324585,-11.040002822875977,3.861539125442505,11.645301818847656,2.4761385917663574,0.6663542985916138,23.451705932617188,10.527548789978027,9.136415481567385,6.399537086486816,4.35177755355835,4.34011697769165,5.956543445587158,5.794222831726074,6.557924747467041,3.847561836242676,4.563536643981934,4.16895055770874,3.5467569828033447,-0.2540968358516693,-0.0458649732172489,-0.0232896897941827,0.0079846233129501,-0.0012446010950952,0.0441084615886211,0.0652662441134452,0.0554220154881477,0.0204740446060895,0.0157584846019744,0.0171376094222068,-0.0151107227429747,-0.0126106236129999,3.775858640670776,1.1955074071884155,1.660767674446106,1.065558910369873,0.6838643550872803,0.6381180286407471,0.5673906207084656,0.6520586013793945,0.8364686965942383,0.5310295820236206,0.7472216486930847,0.6439093947410583,0.4412237703800201,0.6522790193557739,-0.1200710088014602,-0.2711723744869232,-0.1762064844369888,0.0173351559787988,0.0373068749904632,0.0032502640970051,0.0563395805656909,0.0346067324280738,-0.0213865302503108,-0.0408197119832038,-0.0200129002332687,-0.0063832094892859,2.659898042678833,0.6657663583755493,1.1417961120605469,0.836188793182373,0.4470617771148681,0.4559865295886993,0.4494005739688873,0.4609037935733795,0.5387972593307495,0.4017888605594635,0.4235777854919433,0.4766669273376465,0.3815068900585174,0.0031462893711483,0.001481504827248,0.0558414517611699,0.0301747617636353,24.51296309747143,1,Rekurrensparese,896,u_n
-379.3017272949219,178.16592407226562,46.1695671081543,59.57154083251953,-4.070756435394287,25.87263298034668,10.381518363952637,7.753571033477783,19.15837478637696,13.512798309326172,24.44808578491211,9.06438159942627,5.527592658996582,18.69984245300293,7.60947322845459,6.099963188171387,6.433841228485107,7.598369121551514,6.8998870849609375,4.427576065063477,6.072232723236084,5.554481029510498,3.5352623462677,4.205802917480469,4.7099609375,5.606729030609131,-0.6575971245765686,-0.051385760307312,-0.1175860986113548,-0.1432095021009445,0.0624744072556495,-0.0622015707194805,-0.0319550260901451,0.1015296280384063,0.1136211082339286,0.0726582929491996,0.0057434481568634,-0.0124728521332144,0.0152358133345842,2.633033275604248,0.9903600215911864,0.6758053302764893,1.0588276386260986,0.950167953968048,0.8493788242340088,0.696593165397644,0.5601151585578918,0.5502744317054749,0.632452130317688,0.5649829506874084,0.6254563331604004,0.8360536098480225,0.5652457475662231,-0.2232633829116821,-0.1015203893184661,-0.1771775782108307,0.1447647362947464,-0.0744207873940467,0.0248612184077501,0.0480863898992538,-0.0503693595528602,-0.0067513962276279,-0.0555799715220928,-0.0228712167590856,-0.0193319339305162,1.7463645935058594,0.7812779545783997,0.5126842856407166,0.7040094137191772,0.8662732839584351,0.4977946281433105,0.5302109122276306,0.4493908882141113,0.3911441266536712,0.452931672334671,0.5973575711250305,0.5268588066101074,0.5531639456748962,0.0075653093851542,0.004017721510548,0.0997464452818501,0.055398576126627,16.620588852417242,1,Rekurrensparese,897,u_n
-362.6380004882813,191.8257598876953,64.79722595214844,58.77484130859375,5.234566688537598,10.836784362792969,-3.4903552532196045,-21.803281784057617,16.172319412231445,27.511022567749023,-0.1282449066638946,13.899373054504396,12.352622032165527,16.3580322265625,5.652594566345215,6.74229621887207,3.836795091629028,3.8319618701934814,4.412035942077637,3.930872440338135,5.06232213973999,3.885094404220581,4.07159948348999,4.93192195892334,4.200092792510986,3.9996767044067374,-0.4409933984279632,0.1078231707215309,0.1252132058143615,0.0330601520836353,0.0004803448973689,0.0029056086204946,0.0050937915220856,-0.0944812893867492,-0.0614555478096008,-0.0008343736408278,-0.0444965697824955,-0.020181518048048,0.0209258738905191,1.544621229171753,0.8402962684631348,0.6405131220817566,0.725953221321106,0.6380592584609985,0.7159640192985535,0.5915181636810303,0.7668864130973816,0.6179903745651245,0.6250897645950317,0.6703364849090576,0.668937623500824,0.553516149520874,0.2555457949638366,-0.0350781977176666,-0.0218339879065752,-0.0600083172321319,-0.0265570431947708,-0.0361160300672054,0.0155850602313876,0.0851776897907257,-0.0003087563381996,-0.0447851456701755,0.0097047453746199,-0.0133653515949845,-0.0345458388328552,1.1398468017578125,0.517430305480957,0.4231662154197693,0.4624731838703155,0.4949790835380554,0.5718460083007812,0.4488545656204223,0.5158178806304932,0.5307195782661438,0.5831559896469116,0.4298363029956817,0.4758832156658172,0.4259771406650543,0.006361859825618,0.0035936534840152,0.0612002094117958,0.0294801125526076,20.33722923502255,1,Rekurrensparese,908,u_n
-400.8101806640625,155.32785034179688,66.15643310546875,88.4224624633789,40.90019989013672,-13.760229110717772,7.050756931304932,9.82200813293457,-18.33359909057617,-19.31131172180176,1.893951416015625,4.309708595275879,-16.69828224182129,24.369829177856445,4.628258228302002,6.417575836181641,8.796103477478027,4.841033935546875,5.93092155456543,3.096217632293701,2.859097003936768,4.334804058074951,4.015091419219971,3.468297481536865,3.5506863594055176,4.094540596008301,-0.3000277876853943,-0.0167818125337362,0.0546293631196022,0.0286352876573801,0.0270588584244251,-0.0125971790403127,0.0211615208536386,0.038907628506422,-0.0174872335046529,-0.0018468915950506,-0.0023382462095469,-0.0316627509891986,-0.009366899728775,4.096404075622559,0.8561333417892456,1.303991198539734,1.5922768115997314,0.7405321002006531,0.9674059152603148,0.4854338765144348,0.5784599781036377,0.8739411234855652,0.6643126606941223,0.6924146413803101,0.6322649121284485,0.6188207864761353,0.8233581781387329,-0.0089208502322435,-0.1954805701971054,-0.2703770995140075,-0.0647618249058723,0.1236755475401878,-0.0174755565822124,-0.014540396630764,0.0784064084291458,0.0591306798160076,-0.0329837836325168,-0.0371236726641655,0.0549123995006084,3.161158323287964,0.5361686944961548,0.8191171884536743,1.0322452783584597,0.4543690681457519,0.6522970199584961,0.3376154005527496,0.4295392632484436,0.4397514462471008,0.3722274005413055,0.4291751980781555,0.375948965549469,0.4660599529743194,0.0045801012467635,0.0026669967101053,0.0156768285606878,0.0063044924186904,31.28822599242099,1,Rekurrensparese,912,u_n
-284.0296936035156,188.140869140625,41.12543487548828,60.905853271484375,-22.30844497680664,13.827624320983888,8.240074157714844,-16.379484176635742,18.855449676513672,7.257869243621826,3.854197502136232,15.488394737243652,7.693801403045654,23.65058135986328,8.476954460144043,8.909431457519531,7.611752033233643,5.609055519104004,3.9775755405426025,4.678061485290527,7.014633655548096,3.9354097843170166,4.720977306365967,5.083189487457275,3.054854154586792,3.558811664581299,-0.5964762568473816,0.0856507197022438,0.1089772805571556,0.0685081258416175,-0.0326768271625041,-0.0297873578965663,0.0106309372931718,-0.0644616782665252,0.0395928472280502,0.0036013089120388,-0.1182971596717834,-0.0640092641115188,-0.0498455986380577,2.7042112350463867,1.3397220373153689,0.6724754571914673,1.058241844177246,0.9517787098884584,0.5889317393302917,0.7959150075912476,0.8229833841323853,0.7514691352844238,0.7929793000221252,0.5933013558387756,0.4777255654335022,0.686370849609375,0.5690948367118835,-0.3178774118423462,-0.0279367323964834,-0.1899091899394989,0.1965884417295456,-0.0344057120382785,0.0248521752655506,0.1054306477308273,-0.0738536119461059,-0.0045122276060283,-0.0114515041932463,-0.0096020642668008,-0.0225186999887228,1.787112593650818,1.06518292427063,0.4267553985118866,0.7636154294013977,0.7752097845077515,0.4819518625736236,0.5687503814697266,0.659382164478302,0.5427667498588562,0.5294377207756042,0.4234366416931152,0.4200465977191925,0.4915457367897033,0.0146681824583036,0.0087503080607353,0.1224749554477474,0.0681756383823729,11.087570425985117,1,Rekurrensparese,914,u_n
-414.6183471679688,149.31036376953125,58.30828475952149,79.51206970214844,21.04826164245605,-23.35061454772949,-4.599883556365967,-5.858234882354736,-5.8617472648620605,-7.515405654907227,-14.00146770477295,2.836996078491211,7.337360858917236,32.5607795715332,6.246933937072754,5.234649181365967,9.278557777404783,6.019474983215332,6.280645370483398,3.832481622695923,5.294507026672363,4.439967632293701,3.678741455078125,4.924720287322998,3.5487139225006104,2.884385347366333,-0.1818775683641433,-0.0194546412676572,-0.0351721532642841,-0.021055893972516,-0.0222511943429708,-0.0109389191493391,-0.0058992560952901,-0.0331703685224056,0.0332549512386322,0.0317694805562496,0.0249694269150495,0.0887195318937301,0.0539865233004093,5.756869792938232,0.8245297074317932,0.970855712890625,1.548926591873169,0.7549297213554382,1.2639449834823608,0.5718909502029419,0.6414169073104858,0.7129333019256592,0.6697812080383301,0.767759382724762,0.5115882754325867,0.4269196987152099,1.1453323364257812,-0.015154113061726,-0.1408740580081939,-0.2488956004381179,-0.0432773195207119,0.1461560875177383,0.0499331317842006,0.0535025373101234,0.0214867778122425,0.0549216903746128,0.1073291301727294,0.0004364753840491,-0.0355940423905849,3.9027507305145264,0.6155627965927124,0.6569851636886597,1.0470402240753174,0.5140536427497864,0.6620256900787354,0.4394482672214508,0.4386927187442779,0.4280093312263489,0.4292146265506744,0.5579953789710999,0.3193631172180176,0.2845754325389862,0.0016147766086078,0.0005570360567599,0.0098939062483323,0.0027165482315188,35.70247455107192,1,Rekurrensparese,924,u_n
-376.0614929199219,153.51426696777344,72.76067352294922,31.27916717529297,-14.140382766723633,4.728719234466553,-14.178400039672852,1.223459005355835,-4.362703800201416,-3.303201675415039,2.768528461456299,-6.649733066558838,0.9342153668403624,24.55356216430664,6.953738212585449,6.781078338623047,5.108188152313232,5.056322574615479,4.029758930206299,5.369674682617188,3.985929965972901,3.8291988372802734,3.2064802646636963,3.8849785327911377,3.467707872390747,3.385511636734009,-0.5064765214920044,0.0145640401169657,0.0676364749670028,0.0226974301040172,-0.0070637557655572,0.0213753879070281,0.0331773310899734,-0.0539582818746566,-0.0022689818870276,0.0189072433859109,-0.0193871427327394,-0.0230209771543741,-0.0556314475834369,3.2247254848480225,0.8454957604408264,1.1154062747955322,0.9224032163619996,0.8193472623825073,0.6691517233848572,0.64422607421875,0.6336153149604797,0.5411878824234009,0.5262383222579956,0.640878438949585,0.6099790930747986,0.5333871245384216,0.6230468153953552,-0.0209823325276374,-0.1871755719184875,-0.001902996446006,0.1205024942755699,0.0064364937134087,0.0756259188055992,-0.0264738984405994,-0.0167167577892541,-0.0236333347856998,-0.0544623471796512,0.0143218226730823,-0.0260748285800218,2.5168042182922363,0.4990780353546142,0.9396049380302428,0.7148464322090149,0.6894920468330383,0.5002321600914001,0.6602194309234619,0.5153931379318237,0.4283225834369659,0.4867719113826751,0.5760200619697571,0.4386839270591736,0.3532510995864868,0.003157894606088,0.0019233864151934,0.0346181161250131,0.0170370350124748,25.12963704175084,1,Rekurrensparese,926,u_n
-292.86376953125,176.19325256347656,19.07169532775879,17.591135025024414,-13.068272590637209,18.029096603393555,-21.0650691986084,-0.8588998317718506,5.454202175140381,-2.5156896114349365,3.774033069610596,-6.462063789367676,-1.783336162567139,4.875860691070557,5.3404541015625,8.46324348449707,4.194441795349121,5.620357036590576,4.2086262702941895,5.393723487854004,4.133175849914551,3.906570196151733,3.5492684841156006,3.56018328666687,3.664366245269776,3.572977066040039,-0.0310989040881395,-0.1488353312015533,0.1638597995042801,-0.1344212740659713,-0.1463792771100998,-0.0139330001547932,-0.2486821711063385,0.1569045633077621,0.0076161925680935,0.0934294462203979,0.0676903501152992,0.0244807284325361,-0.1862869560718536,0.7119554281234741,0.8603253960609436,1.243190884590149,0.6333162784576416,0.6377721428871155,0.6753886938095093,0.5929613709449768,0.557971179485321,0.7717604637145996,0.5343080163002014,0.65308678150177,0.6517230272293091,0.6431307196617126,-0.0433922037482261,0.1918991059064865,0.3512877821922302,0.1288081407546997,0.153485894203186,0.0734312683343887,0.033880591392517,-0.0740494132041931,-0.0990703552961349,-0.067269243299961,-0.0650730729103088,-0.0910549834370613,-0.0604581534862518,0.4753317534923553,0.6194599270820618,0.8622401356697083,0.5110956430435181,0.558960497379303,0.4848378896713257,0.4558409452438354,0.3754395544528961,0.445960521697998,0.2854606807231903,0.2771665155887604,0.446040391921997,0.497104287147522,0.0068406503919169,0.0039943896667505,0.0673417619036167,0.0347014699641283,19.69685953726896,1,Rekurrensparese,928,u_n
-336.1006164550781,178.3004913330078,59.02165603637695,42.84843826293945,-6.726089954376221,-4.990068912506104,-22.49013900756836,7.793220043182373,-1.8646577596664429,-5.6602983474731445,11.599672317504885,-13.454051971435549,-9.4576997756958,31.51105308532715,8.776355743408203,6.59288501739502,4.611661911010742,4.726486206054688,4.620920181274414,6.316630840301514,3.696036577224731,2.416346311569214,2.473217248916626,4.430725574493408,3.1967363357543945,2.861551523208618,-1.641741156578064,0.7639601230621338,0.1822827756404876,0.0286247339099645,-0.0106909666210412,-0.1785833537578582,-0.1229983195662498,0.0953738763928413,0.0229729730635881,-0.084651879966259,0.035602506250143,-0.1581156700849533,0.0187532268464565,5.289329528808594,1.4270397424697876,1.2393721342086792,0.9111138582229614,0.7636573314666748,0.6690540909767151,1.1233267784118652,0.6807019710540771,0.4476398527622223,0.454178124666214,0.9337125420570374,0.4608511328697204,0.4336758255958557,1.3043678998947144,0.0106267733499407,-0.1694847792387008,-0.1789441257715225,0.19292514026165,-0.0331914946436882,0.1259705126285553,-0.0625958293676376,-0.039283737540245,-0.0301724039018154,-0.1821411252021789,0.0274768751114606,0.0039904369041323,3.59644627571106,0.9578551054000854,0.9039419889450072,0.5451884269714355,0.554159939289093,0.484015554189682,0.5106371641159058,0.5189255475997925,0.3465933501720428,0.2618190050125122,0.4378580749034881,0.3504924178123474,0.333306074142456,0.0043192058894724,0.0026130601239251,0.0308219948878553,0.015633291464128,26.3716378149134,1,Rekurrensparese,929,u_n
