mfcc_1_mean,mfcc_2_mean,mfcc_3_mean,mfcc_4_mean,mfcc_5_mean,mfcc_6_mean,mfcc_7_mean,mfcc_8_mean,mfcc_9_mean,mfcc_10_mean,mfcc_11_mean,mfcc_12_mean,mfcc_13_mean,mfcc_1_std,mfcc_2_std,mfcc_3_std,mfcc_4_std,mfcc_5_std,mfcc_6_std,mfcc_7_std,mfcc_8_std,mfcc_9_std,mfcc_10_std,mfcc_11_std,mfcc_12_std,mfcc_13_std,d_mfcc_1_mean,d_mfcc_2_mean,d_mfcc_3_mean,d_mfcc_4_mean,d_mfcc_5_mean,d_mfcc_6_mean,d_mfcc_7_mean,d_mfcc_8_mean,d_mfcc_9_mean,d_mfcc_10_mean,d_mfcc_11_mean,d_mfcc_12_mean,d_mfcc_13_mean,d_mfcc_1_std,d_mfcc_2_std,d_mfcc_3_std,d_mfcc_4_std,d_mfcc_5_std,d_mfcc_6_std,d_mfcc_7_std,d_mfcc_8_std,d_mfcc_9_std,d_mfcc_10_std,d_mfcc_11_std,d_mfcc_12_std,d_mfcc_13_std,d2_mfcc_1_mean,d2_mfcc_2_mean,d2_mfcc_3_mean,d2_mfcc_4_mean,d2_mfcc_5_mean,d2_mfcc_6_mean,d2_mfcc_7_mean,d2_mfcc_8_mean,d2_mfcc_9_mean,d2_mfcc_10_mean,d2_mfcc_11_mean,d2_mfcc_12_mean,d2_mfcc_13_mean,d2_mfcc_1_std,d2_mfcc_2_std,d2_mfcc_3_std,d2_mfcc_4_std,d2_mfcc_5_std,d2_mfcc_6_std,d2_mfcc_7_std,d2_mfcc_8_std,d2_mfcc_9_std,d2_mfcc_10_std,d2_mfcc_11_std,d2_mfcc_12_std,d2_mfcc_13_std,jitter_local,jitter_rap,shimmer_local,shimmer_apq3,hnr,label,type,person_id,recording
-247.63278198242188,126.87252807617188,-50.74369430541992,105.39962768554688,41.739891052246094,5.892358303070068,-21.426971435546875,8.188545227050781,3.152989625930786,-15.419901847839355,-12.937382698059082,-23.495296478271484,-9.454145431518556,14.821760177612305,3.846795082092285,7.466217517852783,9.982048988342283,4.486329078674316,4.877348899841309,5.492305755615234,2.968766689300537,2.556771993637085,2.577282428741455,2.5869832038879395,4.492049694061279,2.9242103099823,0.3808449506759643,-0.0805735737085342,-0.1479725837707519,0.1602773666381836,-0.1751275062561035,0.0964673236012458,-0.3260906338691711,-0.1098882332444191,-0.0967507436871528,-0.1535728275775909,-0.0084789851680397,-0.1664384454488754,-0.0630713105201721,2.048006057739258,0.5597087144851685,1.3289097547531128,1.8900184631347656,0.3270010352134704,0.6172770261764526,0.7165923118591309,0.5714957118034363,0.4582383632659912,0.3347308039665222,0.393324464559555,0.6400700211524963,0.3034507036209106,0.5301305651664734,-0.0708554089069366,0.4337435364723205,-0.5285458564758301,-0.122667945921421,-0.005396416876465,0.1327144652605056,0.0898051336407661,0.0378366373479366,0.022045349702239,0.0810124650597572,0.1250872015953064,0.0075204074382781,1.702225923538208,0.5192797183990479,1.1203937530517578,1.2798386812210083,0.4390804469585418,0.5217390656471252,0.423473060131073,0.3497841954231262,0.2390426099300384,0.1728275567293167,0.3895717263221741,0.4045622944831848,0.2398284971714019,0.004431294386879,0.0021497596015473,0.0381973900988102,0.0188962673222737,17.30231235942411,1,Hyperfunktionelle Dysphonie,1037,i_n
-319.0975036621094,168.7122039794922,-21.42585563659668,53.18832778930664,59.60991668701172,27.745302200317383,-15.511845588684082,4.73415994644165,9.814824104309082,-18.22256088256836,6.758864879608154,8.961308479309082,-5.745025157928467,18.650665283203125,9.722037315368652,7.521925449371338,8.042854309082031,6.848868846893311,5.607256412506104,6.837011814117432,6.042670249938965,10.949779510498049,7.0043253898620605,5.0073561668396,5.196964263916016,2.9585330486297607,0.0162924602627754,0.1420962065458297,-0.1127764955163002,0.0287811066955328,0.0560385324060916,-0.0642645135521888,-0.007074003573507,0.0844532996416091,-0.0662145987153053,-0.1394106298685073,0.0951130017638206,0.1370604634284973,-0.0351943857967853,3.381263256072998,1.2921072244644165,1.1288185119628906,1.010066270828247,1.2981023788452148,0.7447038292884827,0.9980418682098388,0.772337794303894,0.9702548384666444,0.8063199520111084,0.5722407102584839,0.5748210549354553,0.5169157981872559,0.802219808101654,-0.2958126068115234,0.2660028040409088,-0.1212841793894767,-0.2731002271175384,-0.1499314755201339,0.104230485856533,0.0562723837792873,-0.0122220208868384,0.0474443696439266,-0.0651621744036674,-0.0084816003218293,-0.0032210706267505,2.23722767829895,0.8717399835586548,0.7923160195350647,0.5213330388069153,0.8258357048034668,0.5813235640525818,0.4841026365756988,0.4948148727416992,0.4310250282287597,0.4083260893821716,0.4159066379070282,0.3151630163192749,0.3218596577644348,0.0019739552748189,0.0006735197405766,0.0144557871649807,0.0052281752923525,28.6565791364454,1,Hyperfunktionelle Dysphonie,1043,i_n
-323.665283203125,101.5750503540039,-20.9550838470459,91.48385620117188,27.27645874023437,16.099546432495117,-28.762340545654297,2.18406629562378,23.84601593017578,-20.99614143371582,-12.980721473693848,-18.48508071899414,-11.061588287353516,16.342315673828125,5.957404136657715,6.213228702545166,8.182543754577637,3.816065788269043,3.457094192504883,4.1869797706604,3.302070379257202,3.8390161991119385,3.200176954269409,2.753559112548828,3.003912687301636,2.6918673515319824,-0.3848119676113128,0.0937744826078414,0.0750316083431243,0.0917425975203514,0.0265020653605461,0.0727117210626602,-0.007154207676649,0.0064806630834937,0.0574673227965831,-0.0072830663993954,0.0209891907870769,0.0329831726849079,0.038840215653181,2.613250255584717,1.0561516284942627,0.9470958709716796,1.4852443933486938,0.5559918284416199,0.6350651383399963,0.7148099541664124,0.5509255528450012,0.6829447150230408,0.6201406121253967,0.5156554579734802,0.512782633304596,0.4734928905963897,0.4264135062694549,0.1648657172918319,0.153441846370697,-0.1887933760881424,-0.01767492108047,-0.0042737741023302,0.0928440168499946,0.013454888947308,-0.0707809254527092,0.047684196382761,0.0422154664993286,0.0568118430674076,0.0369041785597801,1.8823524713516235,0.7386655211448669,0.7285347580909729,0.8832616806030273,0.306831032037735,0.3313439488410949,0.4743544459342956,0.3654699325561523,0.4170434176921844,0.4080464541912079,0.4016274213790893,0.3987028002738952,0.3444499671459198,0.0022892410021106,0.0013516234908062,0.0135177770912017,0.0063357125288894,32.07322535320689,1,Hyperfunktionelle Dysphonie,1044,i_n
-300.27801513671875,102.69847106933594,-41.41999435424805,54.33677291870117,27.968578338623047,12.964034080505373,-33.08339309692383,-5.98240852355957,-2.0196726322174072,-15.046287536621094,-4.655733108520508,-30.6739559173584,-15.382667541503906,15.90240478515625,9.409810066223145,6.339627265930176,8.75477123260498,7.13676643371582,5.207444667816162,3.823715925216675,7.920236110687256,3.2846546173095703,4.0967888832092285,3.5679590702056885,3.729964256286621,3.133684158325196,-0.5108377933502197,0.0021511209197342,-0.029830353334546,-0.0030937457922846,-0.0523145198822021,0.1625973135232925,-0.0620911493897438,-0.1219343617558479,0.0243445411324501,0.0583364106714725,0.014121813699603,-0.0758972987532615,0.0347968339920043,3.3626506328582764,1.6245794296264648,0.9466263055801392,1.08854079246521,0.7242377400398254,0.5724577307701111,0.8208827972412109,0.528432309627533,0.4867041707038879,0.4990592002868652,0.6460855603218079,0.6099024415016174,0.4001756012439728,0.5164675116539001,0.2749017775058746,0.1323582679033279,-0.1455831378698349,-0.0436469241976738,-0.0329018533229827,0.0667872205376625,-0.0136253722012043,-0.0099154077470302,0.0042024520225822,-0.0136586120352149,0.0166433416306972,-0.0197477713227272,1.962052702903748,1.022515058517456,0.656883180141449,0.7721920013427734,0.4493509232997894,0.412934809923172,0.4459766745567322,0.4116477966308594,0.3771718740463257,0.39987713098526,0.4946494698524475,0.3702752292156219,0.2550839781761169,0.0015667116861329,0.000835213401875,0.0093844936122336,0.0049947554617836,31.056820003195728,1,Hyperfunktionelle Dysphonie,1050,i_n
-262.0717163085937,115.8473129272461,-3.5304176807403564,92.9766082763672,20.7091064453125,44.69231796264648,-7.193480491638184,-10.540901184082031,2.03212308883667,5.213447570800781,-1.117709994316101,-17.779987335205078,-8.397981643676758,20.184385299682617,3.470167875289917,5.059472560882568,10.60634994506836,3.813123464584351,6.452656269073486,3.857094049453736,3.123486280441284,2.534342288970948,3.0336430072784424,2.662314414978028,3.1137824058532715,3.350405693054199,-0.3708850443363189,-0.042310606688261,-0.0713781490921974,0.0713115781545639,0.013728043064475,0.1321756392717361,-0.0400507412850856,-0.0410976409912109,-0.0073718046769499,-0.0220449827611446,-0.0278727058321237,-0.0561688467860221,-0.0079522021114826,3.1775872707366943,0.5207118988037109,0.9097798466682434,1.910571932792664,0.6915494203567505,1.0438153743743896,0.6242764592170715,0.4603912234306335,0.4154790341854095,0.5546913146972656,0.3901963829994201,0.4535588920116424,0.4635905921459198,0.750714123249054,0.1099815964698791,0.1837125867605209,-0.4530671238899231,-0.0856221914291381,-0.2411723285913467,0.0693299174308776,0.0347391106188297,-0.0296444445848464,-0.0480229668319225,-0.0321217700839042,0.032244574278593,0.0050529916770756,2.3189151287078857,0.4547827839851379,0.6931164860725403,1.3567123413085938,0.4632759988307953,0.8245018124580383,0.3878350257873535,0.3214024007320404,0.3131310045719147,0.3513515591621399,0.3413939177989959,0.3316181898117065,0.3450126349925995,0.0024021885981637,0.0013554864331627,0.0208597157423632,0.0100598574056887,25.60403930892237,1,Hyperfunktionelle Dysphonie,1051,i_n
-335.91119384765625,180.1887359619141,-8.571146011352539,61.808231353759766,80.1050796508789,27.606090545654297,-8.074104309082031,-21.105602264404297,-2.6956913471221924,15.74380588531494,-7.825798988342285,-30.749446868896484,-15.55605125427246,12.997387886047363,4.318421363830566,7.232761859893799,4.2958149909973145,8.161340713500977,5.267050266265869,3.766730546951294,3.833134651184082,3.2235281467437744,5.09475040435791,3.303049325942993,4.349791526794434,3.476750612258911,-0.1790579557418823,0.0248140282928943,-0.0829101651906967,0.0379526689648628,0.1012759953737258,-0.0436454638838768,-0.0279409773647785,-0.0022356864064931,-0.0557876080274581,-0.0480554513633251,-0.0188806634396314,-0.036260686814785,-0.0840324386954307,2.190617322921753,0.5784275531768799,0.7405127286911011,0.7000988125801086,1.0286946296691897,0.4873166978359222,0.4449767768383026,0.5978097319602966,0.5341364145278931,0.5681064128875732,0.4589779078960418,0.5701642632484436,0.4238312244415283,0.3742195963859558,-0.0964636355638504,0.1086737141013145,-0.0863489210605621,-0.1610176116228103,-0.032126311212778,0.014987557195127,0.0754359513521194,0.0303260162472724,-0.0181086007505655,0.0205722469836473,0.0145368026569485,0.0298753939568996,1.619724988937378,0.4766384959220886,0.5178614258766174,0.4635351896286011,0.7393901944160461,0.3911862671375274,0.2904006540775299,0.4852529764175415,0.3063718378543854,0.3749823272228241,0.3041326999664306,0.3031960725784302,0.3052261769771576,0.0012584480066957,0.0005179847042472,0.0091214096851967,0.0037085537174303,33.675552807391256,1,Hyperfunktionelle Dysphonie,106,i_n
-289.0042419433594,150.06849670410156,-11.891894340515137,81.93102264404297,68.6195068359375,29.41318321228028,-12.929133415222168,17.0069580078125,4.419278144836426,-29.42820930480957,12.30817699432373,2.680371284484864,-7.854750633239746,14.860077857971191,3.512754201889038,5.534177780151367,8.06153392791748,6.55946683883667,6.325382709503174,9.697123527526855,6.438286304473877,7.345324993133545,6.8926310539245605,6.024955749511719,5.664525032043457,3.901497840881348,-0.329011470079422,0.0454137735068798,0.0736275017261505,-0.1285322159528732,0.0407281853258609,0.0692385211586952,0.0628710091114044,-0.0730510279536247,0.0256201084703207,0.0785102322697639,-0.029522817581892,-0.0345758013427257,0.0639121830463409,1.340975284576416,0.5694295167922974,0.7613783478736877,1.1732975244522097,1.00467848777771,1.006442666053772,1.1480439901351929,1.0433515310287476,1.068204045295715,1.0246926546096802,0.8731135725975037,0.9071540832519532,0.6748566627502441,0.1451849490404129,-0.0401606522500515,0.0860741734504699,-0.1258655190467834,-0.1416272222995758,-0.0621260143816471,0.0693165585398674,0.0156709719449281,-0.0201527290046215,0.0720740854740142,0.0140102254226803,0.0029227649793028,-0.0500860475003719,0.8673552870750427,0.443045437335968,0.5526353716850281,0.8977912068367004,0.8009778261184692,0.6082550883293152,0.7512246966362,0.5657958984375,0.6187729835510254,0.6984363198280334,0.4634687006473541,0.559089720249176,0.4561957120895386,0.00360600228759,0.0015369961851488,0.0223804051097962,0.0099333742702155,24.51798877760252,1,Hyperfunktionelle Dysphonie,1083,i_n
-326.70867919921875,126.41948699951172,-3.975321292877197,92.82341003417967,57.48984909057617,16.718477249145508,-9.972453117370604,6.030050277709961,24.663469314575195,-4.002013683319092,-0.3388821482658386,-3.147810459136963,-16.459875106811523,12.126997947692873,4.284425258636475,5.049858570098877,7.630319595336914,6.383814811706543,3.788633108139038,4.487466335296631,4.99933385848999,4.920260906219482,4.391569137573242,5.05674934387207,3.511769771575928,2.9926915168762207,-0.1121765524148941,0.0262091550976037,0.0542879477143287,-0.0409129410982131,0.0329287052154541,0.0388414822518825,-0.0730146467685699,-0.0465387627482414,0.059085339307785,0.0828111916780471,-0.0328584276139736,-0.0414437428116798,0.0513867549598217,2.061516523361206,0.5891666412353516,0.7364786863327026,1.0369678735733032,1.091588020324707,0.6306398510932922,0.8966840505599976,0.8260074257850647,0.8107056021690369,0.7240729928016663,0.7252016663551331,0.6354203820228577,0.5662262439727783,0.4266317486763,0.0521629713475704,0.0647637695074081,-0.2315181195735931,-0.1373666524887085,0.004376312252134,0.1133177056908607,0.061105191707611,-0.1034665927290916,-0.0338105335831642,0.0174716711044311,0.0233693961054086,0.0012142326449975,1.692820429801941,0.4434981942176819,0.534163236618042,1.00825035572052,0.7345583438873291,0.4295258820056915,0.5435107350349426,0.4430264830589294,0.571494460105896,0.445705235004425,0.3972900807857513,0.4348881840705871,0.3705682456493377,0.012006336000826,0.0075258704640216,0.0211453891435038,0.0089749174613621,24.29764946441525,1,Hyperfunktionelle Dysphonie,1085,i_n
-414.1618957519531,108.47994995117188,14.09554386138916,62.59813690185547,44.37778472900391,25.7850284576416,-14.721684455871582,-8.564872741699219,12.532645225524902,-8.484017372131348,-19.74754524230957,-18.816478729248047,-6.615138053894043,27.552528381347656,12.65919589996338,11.90946102142334,7.220168590545654,6.657236576080322,5.385855674743652,5.915729522705078,6.370304107666016,7.66421365737915,5.351976871490479,5.774374961853027,4.25272798538208,3.4272263050079346,-0.4405938684940338,-0.1149627715349197,-0.1039653792977333,0.1932934522628784,0.2005671113729477,0.0011703300988301,-0.0768833309412002,-0.0046745934523642,0.0702397376298904,0.006090672686696,-0.0520888641476631,-0.0112621625885367,0.0175042767077684,4.995648384094238,2.336975336074829,1.710464596748352,1.4656816720962524,1.227818727493286,0.8422439694404602,1.1460981369018557,1.0615429878234863,0.9769149422645568,0.7756472826004028,1.044933795928955,0.8253359794616699,0.652596652507782,0.5940321087837219,0.1234244555234909,0.1245456412434578,-0.0354532189667224,-0.0200181677937507,-0.0723721534013748,0.0249558538198471,0.058480579406023,-0.0433368049561977,-0.0065623531118035,0.0321753770112991,0.0284118521958589,0.0106599517166614,2.3627238273620605,1.134320616722107,1.3225970268249512,0.654548704624176,0.8269160985946655,0.730780839920044,0.6605328917503357,0.6846276521682739,0.5918332934379578,0.5205028057098389,0.6233810782432556,0.4343797862529754,0.4401862919330597,0.0108076213592488,0.0049632879140006,0.0641007412830482,0.0202795881602396,25.19157223258056,1,Hyperfunktionelle Dysphonie,1088,i_n
-279.1958923339844,76.17321014404297,-28.17402458190918,124.40381622314452,13.891074180603027,28.400102615356445,-7.97437047958374,-7.257616996765137,7.628649711608887,7.4825439453125,-8.264599800109863,-24.494985580444336,4.174483299255371,14.955178260803224,10.6748628616333,7.919630527496338,8.988133430480957,5.670421600341797,4.617695331573486,4.102582931518555,3.8482067584991455,4.925986289978027,4.4408278465271,4.7809929847717285,3.9426872730255127,4.529280662536621,-0.0530773289501667,-0.116132952272892,-0.088295929133892,-0.140996903181076,-0.002849546726793,-0.0494470819830894,0.0226763039827346,0.0214715749025344,-0.0371808484196662,0.0830495730042457,0.1024134457111358,0.0477215535938739,0.0456827543675899,1.95320737361908,1.845880389213562,1.4563307762145996,1.531829595565796,0.8683668375015259,0.8806211948394775,0.7570677995681763,0.6677954792976379,0.7147751450538635,0.6890019774436951,0.7607210874557495,0.5973072052001953,0.6564580798149109,0.2382532358169555,0.1121170222759246,0.1593949347734451,-0.2363847345113754,-0.0347392037510871,-0.0846665576100349,0.0819878876209259,0.0116795664653182,-0.0135740861296653,-0.016812203451991,-0.0256069656461477,0.0488866381347179,0.008851733058691,1.4130151271820068,0.9637925028800964,0.8810772895812988,1.0554355382919312,0.694350004196167,0.6637683510780334,0.4983914792537689,0.4502401947975158,0.468697726726532,0.4509935975074768,0.4235739111900329,0.4657690823078155,0.4415813982486725,0.0076479821141393,0.0042012203094064,0.0483180013458609,0.0233162465237304,16.185066334864423,1,Hyperfunktionelle Dysphonie,1090,i_n
-294.9226379394531,65.085693359375,-2.860722780227661,94.5896453857422,9.009455680847168,31.704702377319336,-20.31820106506348,22.83716011047364,7.318243026733398,-13.435295104980469,4.50316333770752,-8.52546501159668,-5.794195175170898,17.6943302154541,8.854959487915039,4.353025436401367,7.186066627502441,5.194056510925293,4.50503396987915,6.233498573303223,4.471293926239014,4.359798431396484,4.06833553314209,4.038474082946777,3.8484137058258057,3.158053398132324,0.1350235790014267,-0.1489811688661575,-0.0609239153563976,0.0758066773414611,-0.0625402778387069,0.0493458174169063,-0.0644072890281677,0.0232494603842496,0.0082585234194993,0.0115864695981144,0.0474553443491458,-0.0272615458816289,0.0167322307825088,2.390798330307007,1.3066927194595337,0.7196272015571594,1.2947238683700562,0.834028422832489,0.7085587382316589,0.9085118770599364,0.7206525802612305,0.6478525996208191,0.7265677452087402,0.588691234588623,0.6639825701713562,0.488310843706131,0.4114744067192077,0.2174906879663467,0.0926059186458587,-0.2322632372379303,-0.0201837960630655,-0.0133810145780444,0.1412654221057891,-0.063251182436943,-0.0098163690418004,0.0549141354858875,-0.0069085517898201,0.0223239418119192,-0.0038530812598764,1.6750156879425049,0.9824413657188416,0.5943844318389893,1.0287213325500488,0.6366620659828186,0.5087975859642029,0.7082751989364624,0.5398334860801697,0.5281929969787598,0.5652045011520386,0.4525551795959472,0.4854134619235992,0.3371735215187073,0.004010172025276,0.0022697571981622,0.0230171034689287,0.0094306953158021,23.12060550175324,1,Hyperfunktionelle Dysphonie,1113,i_n
-278.2569274902344,89.81836700439453,0.2085834443569183,95.53165435791016,10.611828804016112,22.83332061767578,-29.99803924560547,-5.400858879089356,8.091485977172852,-9.848021507263184,-23.597631454467773,-14.247840881347656,3.663159132003784,17.314228057861328,7.508914947509766,4.618946552276611,10.106953620910645,4.30216646194458,4.706394195556641,5.493468761444092,3.721202850341797,3.590592622756958,3.678276538848877,4.140875816345215,3.89910101890564,3.5511062145233154,-0.5290078520774841,0.0536860190331935,0.0144190583378076,0.2842526137828827,0.0150134805589914,0.0866225510835647,-0.0414255075156688,-0.0008975941454991,0.160831019282341,-0.0185247845947742,0.007615509442985,0.070356547832489,-0.0385934151709079,2.856066942214966,1.4549312591552734,0.7734509706497192,2.126554250717163,0.7064210176467896,0.6448328495025635,0.9993973970413208,0.6435585021972656,0.719987690448761,0.6587957739830017,0.7197952270507812,0.5081204175949097,0.5177313089370728,0.5821311473846436,0.3231832087039947,0.2215542197227478,-0.4219382405281067,-0.0887991562485694,-0.0794389769434928,0.2026504427194595,0.0309895258396863,-0.0507718287408351,0.0002766750403679,0.0551024712622165,-0.0274987574666738,-0.059639137238264,1.8298262357711792,0.966258466243744,0.8466891050338745,1.3254636526107788,0.7223759293556213,0.654942512512207,0.7889468669891357,0.4039607346057892,0.4818538129329681,0.5891696214675903,0.5391506552696228,0.5213811993598938,0.4851577579975128,0.0089373437156979,0.0055208223199911,0.0291445565516822,0.0171578255336769,20.39205499697013,1,Hyperfunktionelle Dysphonie,1118,i_n
-298.0638732910156,96.01134490966795,-24.58285522460937,80.57402801513672,24.04869079589844,35.1293830871582,-49.57540893554688,-10.762211799621582,20.53794479370117,-27.5068302154541,-13.59763240814209,-12.948638916015623,-15.614938735961914,11.002795219421388,7.959008693695068,7.220022678375244,5.005337238311768,3.127774238586426,3.533776044845581,4.269840240478516,3.4214179515838623,3.39473819732666,3.0601391792297363,4.533716678619385,4.184867858886719,2.8993940353393555,-0.24227836728096,0.0161376725882291,-0.1407845169305801,0.0757233947515487,0.029224494472146,0.0433526746928691,-0.1113846227526664,-0.1004390195012092,-0.0357743687927722,-0.0196021515876054,0.012619063258171,-0.0549011789262294,-0.0304636657238006,1.5411664247512815,1.2376022338867188,1.0552544593811035,0.8591525554656982,0.5860457420349121,0.6984927654266357,0.7357407808303833,0.4666468203067779,0.5587007403373718,0.4084694683551788,0.462300956249237,0.445549339056015,0.3950800001621246,0.2564808428287506,0.1700789928436279,0.1661422699689865,-0.0675365105271339,0.0265095867216587,-0.0334095694124698,0.0860824733972549,0.0261340234428644,-0.0370873995125293,0.0312963463366031,-0.0094214817509055,-0.0038891013246029,0.0550672151148319,1.272780179977417,0.85093092918396,0.7616811394691467,0.591407835483551,0.4371315538883209,0.4716638326644897,0.4730190336704254,0.3135196268558502,0.4045473933219909,0.364557534456253,0.3230371177196502,0.385545015335083,0.3852806985378265,0.004096643114346,0.0024657679840337,0.0129874353631466,0.0058649754682069,25.66506906751181,1,Hyperfunktionelle Dysphonie,1189,i_n
-282.24810791015625,103.14926147460938,-17.472095489501953,70.1947021484375,33.58156204223633,32.673370361328125,-46.44214630126953,-2.4413442611694336,5.109265327453613,-5.956723213195801,0.14529550075531,-29.75679397583008,-7.129466533660889,19.69432830810547,8.188214302062988,9.173055648803713,6.506994247436523,4.01511812210083,4.587998867034912,6.442428588867188,3.3175623416900635,3.9882619380950928,3.532866716384888,3.745357036590576,3.3515870571136475,2.3638405799865723,0.6094059944152832,-0.1540639996528625,-0.2739906013011932,-0.1776268780231475,-0.0314760878682136,-0.0317738093435764,-0.0283707566559314,-0.0727230831980705,-0.1310680955648422,-0.0805908739566803,-0.0181295163929462,0.0857545733451843,-0.0197429489344358,2.6901276111602783,1.534858465194702,1.2448164224624634,1.1817809343338013,0.6128130555152893,0.848294734954834,1.0580052137374878,0.5222131609916687,0.4862168431282043,0.5944226384162903,0.5312631726264954,0.645830512046814,0.4390462338924408,0.5763515830039978,0.3173006474971771,0.2109986394643783,-0.2384337484836578,-0.0820732563734054,-0.0811052471399307,0.2038166970014572,0.0301269218325614,-0.0300178658217191,-0.0417215898633003,-0.0604939274489879,0.0834807679057121,0.0156108913943171,1.806802988052368,1.0239349603652954,0.7316862940788269,0.7968806028366089,0.4008170962333679,0.5098985433578491,0.6809326410293579,0.3504178822040558,0.3802819848060608,0.4053730070590973,0.4259690642356872,0.3992505371570587,0.2889401614665985,0.001832960080362,0.0010496148566131,0.0111911328291176,0.0052158429597074,29.63504468330472,1,Hyperfunktionelle Dysphonie,1196,i_n
-328.9149780273437,106.09932708740234,-2.264320611953736,84.21595001220703,35.45009994506836,35.40489959716797,-41.12289047241211,-9.02743434906006,24.45454216003418,-34.84471893310547,-11.291963577270508,-3.953819513320923,-25.07770538330078,17.491302490234375,6.245266437530518,5.226855754852295,7.329456329345703,6.814738750457764,4.02152156829834,7.473876476287842,3.927488088607788,3.968894004821777,4.462558746337891,3.651801824569702,2.8986973762512207,4.3463521003723145,-0.0954289734363555,0.0512280091643333,0.0075844652019441,0.0737053900957107,-0.0512243211269378,0.0557776950299739,0.0305636879056692,0.0311188455671072,0.0482938215136528,-0.036037877202034,0.0052586635574698,-0.0092477397993206,-0.0055745397694408,3.5355570316314697,1.399844527244568,0.9514786601066588,1.4413329362869265,1.006358027458191,0.7468229532241821,1.3051576614379885,0.648201048374176,0.5275242328643799,0.7191079258918762,0.6276345252990723,0.5018444061279297,0.6758944392204285,0.635776698589325,0.1484226882457733,0.1768240481615066,-0.2493632584810257,-0.1661487370729446,-0.085694596171379,0.217923566699028,0.0428082719445228,-0.1096658930182457,0.1375534236431121,0.0264233313500881,-0.0393617413938045,0.0755190178751945,2.36287522315979,0.6858265399932861,0.7237167358398438,1.0159066915512085,0.9259048104286194,0.39653480052948,0.8836854100227356,0.4144758582115173,0.5702642202377319,0.659682035446167,0.4510435163974762,0.385016530752182,0.4296160936355591,0.0020674557044509,0.0010992123187077,0.0114720145538457,0.0056497269745657,27.09060630824766,1,Hyperfunktionelle Dysphonie,1204,i_n
-277.3287658691406,92.09741973876952,-44.06943893432617,89.8657455444336,31.32499122619629,42.16444396972656,-39.3237533569336,-6.877499580383301,20.312042236328125,-8.851743698120117,-18.44652938842773,-14.876193046569824,-6.338316917419434,13.596490859985352,5.442994594573975,8.409806251525879,8.830580711364746,3.527480125427246,4.134873867034912,4.646652698516846,3.099249124526977,3.4305667877197266,3.326418399810791,2.3760461807250977,2.4502928256988525,3.208242654800415,0.0266689956188201,-0.081815131008625,-0.1292864382266998,0.1167092770338058,0.0305060297250747,0.0197596251964569,-0.0413930751383304,0.013358486816287,-0.0027162402402609,-0.0013002819614484,-0.0506616309285163,-0.0131765287369489,0.0061370516195893,2.2565407752990723,0.8523163795471191,0.9846895933151244,1.265283703804016,0.5712308287620544,0.7554168701171875,0.7876143455505371,0.3623054325580597,0.505376935005188,0.4456906616687774,0.4502643048763275,0.3688496649265289,0.4804762303829193,0.4085962772369385,0.125285655260086,0.1392039358615875,-0.2259153723716735,-0.0684768334031105,-0.1167140081524849,0.1305451244115829,-0.0060615832917392,-0.0536661408841609,-0.0022754692472517,-0.0011683842167258,-0.0120891761034727,-0.0402556620538234,1.6747498512268066,0.6046911478042603,0.624460756778717,0.9506632089614868,0.3724761307239532,0.545894980430603,0.5894352793693542,0.2554769217967987,0.392038345336914,0.2993577718734741,0.2618741989135742,0.2738656103610992,0.3310189247131347,0.001930088702183,0.0011275652913767,0.0177692123800554,0.0096433319226041,26.49654875623589,1,Hyperfunktionelle Dysphonie,1222,i_n
-285.6385192871094,101.62962341308594,-36.04269790649414,92.17497253417967,27.103485107421875,38.31760025024414,-40.7915153503418,-14.874815940856934,25.90267562866211,-21.87971878051757,-15.552387237548828,-17.864910125732422,-14.749333381652832,17.319387435913086,6.123764514923096,7.91149091720581,6.969424247741699,4.070104598999023,3.37176775932312,3.8500709533691406,4.055581092834473,2.8834753036499023,4.890550136566162,4.193877220153809,2.9506630897521973,3.0627920627593994,-0.1689211875200271,0.0827962458133697,-0.0520872436463832,0.186420738697052,0.0399495959281921,0.0862569212913513,-0.0756579712033271,-0.0464988648891449,0.0863667428493499,0.071644127368927,-0.0292672626674175,-0.0162802971899509,0.0168554000556468,2.3433592319488525,1.1706289052963257,1.132149577140808,1.4037913084030151,0.5233597755432129,0.5914047956466675,0.6162349581718445,0.3861351311206817,0.6100253462791443,0.5434280633926392,0.6074367165565491,0.4797475934028625,0.4604475498199463,0.3271790742874145,0.1658689826726913,0.1342420428991317,-0.175476461648941,-0.036277387291193,-0.0478394925594329,0.0474838279187679,0.0146551374346017,-0.0368987321853637,0.0573626048862934,0.0310734622180461,0.0006529424572363,-0.0104470523074269,1.636581540107727,0.7550536394119263,0.5699853897094727,0.981872022151947,0.3544290959835052,0.3877619206905365,0.4394192397594452,0.2928192317485809,0.3270578384399414,0.4159172475337982,0.3577129542827606,0.3122333884239197,0.3632118701934814,0.0025690767859244,0.0015229618935377,0.0161164758015278,0.0093290555379501,25.34562203663645,1,Hyperfunktionelle Dysphonie,1266,i_n
-216.5078125,106.82386016845705,-28.4470443725586,104.51725006103516,24.58758354187012,25.94704818725586,-22.453611373901367,-12.516862869262695,9.204004287719728,5.344274044036865,-26.189807891845703,-9.725386619567873,-3.4154152870178223,11.123442649841309,6.59577226638794,4.951614856719971,7.176823139190674,3.6719160079956055,3.95113754272461,4.039851665496826,2.854417085647583,4.051455020904541,3.135590076446533,2.9260919094085693,2.280822992324829,2.577380895614624,-0.0989448949694633,0.0552516505122184,-0.0709608271718025,0.1085998713970184,0.0264431685209274,0.0684463009238243,-0.0667451918125152,-0.0321180149912834,0.0583294406533241,0.0162691827863454,-0.0257601477205753,-0.0027158260345458,-0.0012411802308633,2.18967080116272,1.0618051290512085,0.8683435916900635,1.3541609048843384,0.5825461149215698,0.6440622210502625,0.5982052683830261,0.5013996362686157,0.4549432396888733,0.3729047775268554,0.4566398859024048,0.3779091536998749,0.4412319660186767,0.2681212127208709,0.0910749956965446,0.1103695631027221,-0.2010755091905594,-0.0228366646915674,-0.0867424085736274,0.0734604448080062,0.0288589056581258,0.0032612103968858,-0.0232258401811122,0.0351995229721069,0.0193565618246793,0.0032502168323844,1.3779282569885254,0.7114659547805786,0.5615329742431641,1.0429812669754028,0.4238941371440887,0.5347456336021423,0.3799017965793609,0.3632634878158569,0.3469137549400329,0.289212554693222,0.3211453557014465,0.2476977258920669,0.3032848834991455,0.0025988622904307,0.001402806433158,0.0253864773532216,0.0154556926453811,24.18652133870944,1,Hyperfunktionelle Dysphonie,127,i_n
-265.33203125,107.75822448730467,-16.073060989379883,94.02362823486328,24.976577758789062,15.328990936279297,-19.613643646240234,-7.652030944824219,22.71914863586425,-14.533583641052246,-22.06991004943848,-8.885759353637695,4.916365146636963,12.536438941955566,6.2363128662109375,5.8381757736206055,5.864885330200195,5.311822414398193,4.226242542266846,5.062490463256836,3.509526252746582,4.6048455238342285,4.646745681762695,4.58078145980835,5.253530979156494,3.816147565841675,0.1002477183938026,0.0173992030322551,0.0315943881869316,-0.1277967542409896,-0.0649959668517112,-0.0565717183053493,0.0110314060002565,0.0062789800576865,-0.0998608916997909,-0.0500174798071384,0.0123253259807825,-0.0003984896466135,-0.0312360431998968,1.7189185619354248,1.0659501552581787,1.038813591003418,1.0132158994674685,0.9560167789459229,0.5578842163085938,0.9758955836296082,0.7310581207275391,0.6571804881095886,0.5770465135574341,0.8550834059715271,0.7768912315368652,0.6445373892784119,0.1709563136100769,0.1049705818295478,0.1167488545179367,-0.1342726200819015,0.0209661647677421,-0.0178172551095485,0.0413491912186145,0.0173655021935701,-0.022207286208868,0.0144542278721928,0.0007206277223303,0.0502735562622547,0.0175363477319479,1.173241138458252,0.7427877187728882,0.6581966280937195,0.8776451945304871,0.5834251642227173,0.4193189740180969,0.6211439371109009,0.4963144958019256,0.4060535430908203,0.4779951870441437,0.5320287942886353,0.516670823097229,0.4280284643173218,0.0138285264046115,0.0087964359950343,0.0598658316235597,0.0265590698114431,18.59440660345851,1,Hyperfunktionelle Dysphonie,1280,i_n
-297.9317626953125,142.66470336914062,0.6028013825416565,88.27994537353516,56.69453048706055,36.90998840332031,-8.255090713500977,0.1541121900081634,26.52062225341797,-4.688516139984131,-3.909196138381958,-3.2808327674865723,-9.053531646728516,15.193740844726562,4.389350891113281,3.2305376529693604,4.772822380065918,2.9060583114624023,3.1130690574646,2.931007146835327,2.7064785957336426,2.4598302841186523,2.674801111221313,2.746429920196533,2.943471193313598,2.381420612335205,-0.380740225315094,-0.1204295083880424,0.0867607146501541,-0.1354993134737014,-0.0086680129170417,-0.0704485327005386,-0.0343419723212718,0.0617740005254745,-0.0656788647174835,-0.0576538294553756,0.0302728712558746,0.0542984120547771,-0.0239537414163351,1.284420132637024,0.8288068771362305,0.4477921724319458,0.7456554174423218,0.5327879190444946,0.5013030767440796,0.4723271131515503,0.4250468909740448,0.4054315686225891,0.4458071291446686,0.3892128765583038,0.4139326214790344,0.3233964443206787,0.1579537391662597,0.198713019490242,0.1062881499528884,-0.2331015318632125,-0.1126383617520332,-0.0551331751048564,0.0670803487300872,0.0638595893979072,-0.0216901767998933,0.0113472668454051,-0.0068997857160866,0.0686998069286346,0.0017424818361178,0.6482568383216858,0.5932949781417847,0.4001188576221466,0.7352884411811829,0.4305349886417389,0.2943243980407715,0.3710113763809204,0.4410864114761352,0.3314326107501983,0.2911676168441772,0.3827112913131714,0.3507643938064575,0.2634700536727905,0.0029128061365878,0.0014872622060339,0.0199043871750669,0.0091137162734657,28.99785161149229,1,Hyperfunktionelle Dysphonie,1282,i_n
-341.18505859375,94.2676239013672,-12.850869178771973,98.57040405273438,20.12602996826172,18.09868812561035,-26.454322814941406,20.77191734313965,20.40593338012696,-29.86799049377441,-0.6792780756950378,-2.109647035598755,-4.748864650726318,21.62027740478516,6.097872734069824,5.468976020812988,9.007190704345703,5.829201698303223,3.50866174697876,6.286374092102051,3.740465641021729,4.650633811950684,5.009758472442627,3.3772900104522705,2.8269314765930176,3.8277974128723145,-0.1983782052993774,0.0215101540088653,-0.0021084188483655,0.0202198643237352,0.0593056008219718,0.0788508430123329,-0.1439678519964218,0.0008527972386218,0.0471568182110786,-0.1584389805793762,0.000416015216615,-0.0013473620638251,-0.0422642268240451,2.766496181488037,0.9488556981086732,1.0245383977890017,1.585424304008484,0.557354748249054,0.5255594253540039,0.9622182250022888,0.6581965088844299,0.662433385848999,0.6163067817687988,0.619644284248352,0.3772789537906647,0.478905439376831,0.6048282980918884,0.2193119823932647,0.1415065675973892,-0.3414926826953888,0.0270981732755899,-0.0138452481478452,0.1164887100458145,-0.013555203564465,-0.0154682751744985,0.0711669325828552,0.0026212746743112,0.0100150546059012,0.0112043274566531,2.107816696166992,0.8516042232513428,0.608414888381958,1.2333139181137085,0.3856492042541504,0.3930674195289612,0.5596505999565125,0.3846734464168548,0.4334664642810821,0.4396398067474365,0.4139661192893982,0.270317405462265,0.3734792172908783,0.0037846731055198,0.0022773122684259,0.0306324214192684,0.0167461479034518,23.82588954308333,1,Hyperfunktionelle Dysphonie,1284,i_n
-240.9888458251953,166.807373046875,-17.265949249267578,77.212158203125,43.16791915893555,39.458126068115234,-63.30630874633789,-9.906744003295898,25.32771873474121,-19.07599639892578,0.7701959609985352,6.218130111694336,-6.150781631469727,10.47150707244873,7.193596363067627,7.199619293212891,7.196456432342529,4.4570183753967285,6.645479202270508,8.510921478271484,4.389028072357178,4.272087574005127,4.725921154022217,3.4451584815979004,3.493868112564087,2.545269250869751,-0.0503638796508312,0.1403013914823532,-0.1036709919571876,0.1609629094600677,0.0719873532652854,0.0456606149673461,-0.2371976375579834,-0.1074880957603454,0.1092711463570594,0.0627140626311302,0.0070516131818294,0.039980974048376,0.0066007850691676,1.947400689125061,1.21222984790802,1.1283042430877686,1.1636593341827393,0.8091349005699158,1.3411575555801392,1.6808993816375732,0.8543570041656494,0.6337617635726929,0.7309421300888062,0.6919402480125427,0.5737574696540833,0.3450065851211548,0.3153104782104492,-0.1738890409469604,0.1337798833847046,-0.16874960064888,-0.0730914324522018,-0.1334894895553589,0.2742602825164795,0.1098228991031646,-0.0613381974399089,0.0331824906170368,-0.0204923991113901,-0.0033554024994373,0.0376991406083107,1.4733655452728271,1.0352438688278198,0.7334579229354858,0.8020431399345398,0.5755320191383362,0.8224561214447021,1.055734634399414,0.6393020153045654,0.5471779108047485,0.4701941907405853,0.4245011210441589,0.4154957234859466,0.2821001708507538,0.0333310395849738,0.0201904359339959,0.1350790556185419,0.0825587107347408,12.885704430263267,1,Hyperfunktionelle Dysphonie,1285,i_n
-299.07373046875,120.15055084228516,-5.842978000640869,86.45914459228516,19.39672470092773,11.743828773498535,-43.35498428344727,11.165184020996094,3.614958047866821,-34.35901641845703,-0.2333520203828811,-19.79143714904785,-10.89255142211914,17.391136169433594,7.006349086761475,5.439534187316895,7.305699348449707,3.74934983253479,3.789960861206055,5.295873641967773,3.772505521774292,4.339684009552002,3.2891666889190674,3.064607858657837,4.762996673583984,3.0861520767211914,0.4297173917293548,-0.1465111076831817,0.0432795509696006,-0.1326782405376434,-0.0237565357238054,-0.013956700451672,0.067953921854496,-0.069853164255619,-0.0651350915431976,-0.0067506642080843,-0.0608838833868503,-0.0201686527580022,-0.0342850089073181,2.80401873588562,1.2448476552963257,0.7525652647018433,1.3896069526672363,0.7043910622596741,0.4691191613674164,1.0812653303146362,0.574921727180481,0.4326829314231872,0.5248430371284485,0.4772403836250305,0.4295387268066406,0.4423071444034576,0.4502068758010864,0.1964535117149353,0.1142096221446991,-0.2111804336309433,-0.0318835563957691,-0.0326740816235542,0.1253633946180343,-0.0211810823529958,-0.0381441004574298,0.0621955394744873,0.0114483218640089,0.0437472350895404,0.0497553870081901,1.9020113945007324,0.9485507607460022,0.491558700799942,0.9838777184486388,0.5007096529006958,0.3662304580211639,0.6173390746116638,0.4798349142074585,0.3499008119106293,0.460230141878128,0.4236457347869873,0.3818562030792236,0.3527659475803375,0.0017890181187956,0.0010395988710712,0.0132291650404794,0.0072855753329525,28.93656232292132,1,Hyperfunktionelle Dysphonie,1294,i_n
-272.2150573730469,93.681884765625,-4.608357906341553,78.34716796875,9.409096717834473,45.98660659790039,-35.42329406738281,-12.270223617553713,20.03478240966797,-6.213098526000977,-6.358699321746826,-15.87941837310791,-2.4891228675842285,7.330387592315674,5.627620697021484,4.57907247543335,4.771781921386719,4.269303321838379,4.2109551429748535,5.575955867767334,3.940868139266968,3.710570812225342,3.674493551254273,4.791532516479492,3.7370643615722656,2.7356948852539062,-0.0806228220462799,-0.077492855489254,-0.0658270269632339,0.02964798361063,-0.1022157371044159,0.049666553735733,-0.1176700890064239,-0.0811859145760536,0.0291139744222164,0.0262118820101022,0.0145950419828295,-0.019949547946453,0.0120731834322214,1.2269457578659058,0.8733875155448914,0.739194393157959,0.7318355441093445,0.6289263367652893,0.5175580978393555,0.7601457238197327,0.6866286993026733,0.6561022996902466,0.5562557578086853,0.6516067385673523,0.593356192111969,0.4797801077365875,0.1798691749572754,0.1121497750282287,0.121184803545475,-0.06495051831007,0.0109211504459381,-0.0175007078796625,0.092919111251831,0.0442733950912952,0.0001271126238862,0.0291386768221855,0.0173632632941007,0.0452551320195198,-8.378372149309143e-05,0.7654069662094116,0.6167783141136169,0.5574750304222107,0.4596691429615021,0.4142169952392578,0.3055384457111358,0.5914084315299988,0.4090248048305511,0.5015571713447571,0.4243955314159393,0.3874147236347198,0.4271869659423828,0.3800057172775268,0.0039109477685761,0.0022310327336997,0.026823211450182,0.0107297074271265,22.920143599980324,1,Hyperfunktionelle Dysphonie,1299,i_n
-315.0852355957031,168.00094604492188,6.663666725158691,78.09386444091797,40.5412483215332,50.3402099609375,-4.468601703643799,-22.45683860778809,18.13680648803711,-6.563008785247803,0.7029545903205872,-0.8525311946868896,-20.33545684814453,14.606769561767578,4.584740161895752,14.56171417236328,5.803470134735107,6.3131279945373535,5.2306227684021,6.438662052154541,4.615790843963623,5.644815921783447,4.397842884063721,3.466745376586914,4.545841217041016,4.825933933258057,-0.0696771070361137,0.1051210537552833,0.0923744365572929,0.1108442172408104,0.0187616068869829,0.009228459559381,0.0444817654788494,-0.0600070431828498,-0.0249467082321643,-0.0917548462748527,-0.000469819700811,0.0223379172384738,-0.0934493690729141,2.122996091842652,0.9460188746452332,1.2633764743804932,0.89631187915802,0.9382040500640868,0.8083802461624146,0.7057268619537354,0.7713980674743652,0.5834492444992065,0.5698614120483398,0.5967055559158325,0.6848443150520325,0.6313357353210449,0.2537629902362823,-0.092912770807743,0.091757945716381,-0.1364714056253433,-0.0318385623395442,-0.1174141615629196,0.0589999295771122,0.1105242446064949,-0.0085473218932747,0.0698192343115806,-0.0001270373613806,-0.0322581380605697,0.0305669400840997,1.1765812635421753,0.4545390605926513,0.6601321697235107,0.6923761963844299,0.4854989945888519,0.5613786578178406,0.3450582027435303,0.5599883198738098,0.3456896841526031,0.4422625303268432,0.3625274002552032,0.4218471348285675,0.437882661819458,0.003614740688276,0.0018606170835611,0.0193653122502447,0.0085947192741985,28.77561073373708,1,Hyperfunktionelle Dysphonie,1310,i_n
-362.9597473144531,101.1056671142578,-22.53134155273437,97.59920501708984,42.022560119628906,22.327152252197266,-28.35583877563477,4.232612609863281,32.45695495605469,-18.362886428833008,-9.195810317993164,-9.044909477233888,-14.045504570007324,20.8863582611084,5.74893856048584,8.51881217956543,8.769636154174805,5.633183002471924,4.833143711090088,3.8253707885742174,3.517447233200073,3.8606598377227774,3.147933959960937,3.707497358322144,3.0701494216918945,3.603914976119995,-0.5418094396591187,-0.0300064608454704,-0.0064389174804091,0.0841710269451141,0.0355081818997859,-0.039529800415039,-0.0268228016793727,-0.0293926429003477,0.0317480377852916,0.0017763414653018,-0.0413174889981746,-0.0186446364969015,-0.0375173725187778,3.1386873722076416,0.9721025824546814,1.4860459566116333,1.4757027626037598,0.8632658123970032,0.734633207321167,0.6993044018745422,0.5884599685668945,0.6010168790817261,0.5673832893371582,0.5924162864685059,0.5608170628547668,0.5113213658332825,0.5015054941177368,0.105051539838314,0.1529616415500641,-0.2900616228580475,-0.1097019985318183,-0.0538919530808925,0.1203226223587989,-0.0040252786129713,-0.0926894694566726,0.042279377579689,-0.0203945767134428,0.0086277024820446,0.0394415445625782,1.9978822469711304,0.6054940223693848,0.7518336772918701,1.1815484762191772,0.6002894639968872,0.4442477524280548,0.5702561140060425,0.3102346062660217,0.5024938583374023,0.4180465042591095,0.4083649218082428,0.3374182283878326,0.3637915253639221,0.001636836778036,0.0009514514474102,0.0173444055817789,0.0090303262963565,31.08491359233949,1,Hyperfunktionelle Dysphonie,1324,i_n
-316.3826599121094,107.6690444946289,-39.8431510925293,100.29116821289062,27.339326858520508,14.407293319702148,-18.44010162353516,-14.759456634521484,28.562175750732425,-14.60314655303955,-24.18454933166504,0.8659716844558716,-7.136617660522461,8.08358383178711,6.449317455291748,6.890975475311279,4.804805278778076,3.378194808959961,2.879323720932007,3.320570707321167,3.362634658813477,2.889078140258789,3.051595687866211,3.685610771179199,3.720117568969727,2.889544486999512,0.0725473016500473,-0.0768950805068016,-0.0519218444824218,-0.0668056532740593,0.0173391625285148,-0.0117991920560598,0.0329813286662101,0.0095276637002825,-0.0166730750352144,-0.0026784520596265,0.0087955333292484,-0.038415852934122,-0.0168187525123357,1.4543808698654177,1.10824453830719,0.9941874146461488,0.8255554437637329,0.6479765176773071,0.4277406930923462,0.5414690971374512,0.5105112195014954,0.4628491103649139,0.4670986235141754,0.6259332299232483,0.5314132571220398,0.4972946047782898,0.211608275771141,0.1528949290513992,0.1472698003053665,-0.1042753607034683,-0.0161989759653806,0.0044356333091855,0.0820455774664878,0.0420513190329074,0.0054610078223049,0.0296720769256353,0.0174840614199638,0.0109845316037535,0.0226001944392919,1.0077407360076904,0.7412429451942444,0.7223034501075745,0.6004781126976013,0.417761892080307,0.3383250832557678,0.4960165619850158,0.3979828953742981,0.3496281206607818,0.3982457518577575,0.4234279692173004,0.3814082443714142,0.3129823505878448,0.0017504164973269,0.0009978300492418,0.014665877340589,0.007184912345335,26.018513160003184,1,Hyperfunktionelle Dysphonie,1327,i_n
-369.6521911621094,126.49113464355467,2.093611717224121,69.59922790527344,51.99656295776367,27.77423095703125,-19.80778694152832,-10.238993644714355,16.2348575592041,-5.008873462677002,-6.070159912109375,-5.133345603942871,-18.85072326660156,26.50370979309082,7.0850372314453125,5.455854892730713,8.313591957092285,6.87030839920044,4.252960681915283,5.464807987213135,5.441014289855957,4.120255470275879,3.636329650878906,3.3317220211029053,3.505188703536988,4.690031051635742,-0.1258337795734405,0.0396466329693794,0.0137586100026965,-0.0354717746376991,-0.0138630550354719,-0.0004443924699444,0.0164225362241268,-0.0264421887695789,0.0161078330129385,-0.0230382215231657,-0.0144962165504693,-0.0068707233294844,-0.0165548827499151,4.056665420532227,0.8722087144851685,1.0674169063568115,1.3647856712341309,1.0793070793151855,0.6353609561920166,0.89072585105896,0.6371291875839233,0.6632540822029114,0.5337858200073242,0.5540757775306702,0.5445410013198853,0.5861438512802124,0.6249298453330994,0.0503648854792118,0.0732406079769134,-0.1953311562538147,-0.1707640886306762,-0.0818800553679466,0.1227820962667465,0.0494451783597469,-0.0579693764448165,-0.0069043338298797,0.013057810254395,0.0078976824879646,0.0441987924277782,2.5336179733276367,0.4331249892711639,0.5629870295524597,0.8871924877166748,0.8653780221939087,0.5303763151168823,0.6324483752250671,0.409406840801239,0.4762093126773834,0.3843005001544952,0.423919677734375,0.3875562250614166,0.3773344755172729,0.0035584050545782,0.0021438299249318,0.0253054995686937,0.0102259265960794,27.25013338597637,1,Hyperfunktionelle Dysphonie,1331,i_n
-299.2373352050781,121.26736450195312,-18.97901153564453,93.4117431640625,29.98054885864257,31.2158203125,-25.013145446777344,-13.74874496459961,19.33460807800293,-14.939003944396973,-19.121620178222656,-8.61329174041748,-8.121941566467285,27.29916381835937,20.377117156982425,17.550825119018555,9.2858304977417,3.948019504547119,4.982122421264648,4.14157772064209,5.7702226638793945,3.706198930740357,2.9855337142944336,3.011357069015503,3.431600570678711,2.9385154247283936,-0.6330854892730713,0.2684966325759887,0.2387906163930893,-0.0022531636059284,0.0478580817580223,0.0610589385032653,-0.0092356977984309,-0.0979027897119522,0.011540675535798,0.0035023738164454,-0.0175646841526031,-0.1239048391580581,0.0199477039277553,3.4125072956085205,1.6712712049484253,1.3530051708221436,1.6333718299865725,0.59212327003479,0.6854099631309509,0.7643473148345947,0.6429323554039001,0.4698596000671386,0.4802917540073395,0.4235110580921173,0.2856665253639221,0.4739066660404205,0.650469183921814,-0.0353703722357749,0.1930575221776962,-0.453604519367218,-0.1074125915765762,-0.150614321231842,0.1335973292589187,0.0560455918312072,-0.0397631376981735,-0.0044248444028198,0.0426668338477611,0.0055726575665175,-0.022798815742135,1.9332735538482664,0.8863825798034668,0.8664716482162476,1.3652184009552002,0.4875929355621338,0.553500771522522,0.4926071763038635,0.4456578493118286,0.3675967752933502,0.3204264938831329,0.3113732039928436,0.1730197817087173,0.353507250547409,0.0141200139925708,0.0066729775944173,0.0493736896197627,0.0246941883862225,19.29922749274808,1,Hyperfunktionelle Dysphonie,1335,i_n
-249.2291717529297,93.4208755493164,-57.56169891357422,103.25831604003906,46.14450454711914,10.78184700012207,-19.13652229309082,-4.847222328186035,0.0948238894343376,8.390033721923828,-9.711308479309082,-3.8083574771881104,-2.1350886821746826,11.010209083557127,6.934017181396484,7.412882804870605,5.77717399597168,3.764148712158203,3.519286155700684,3.6858835220336914,2.8731672763824463,3.703813314437866,3.2027976512908936,3.521847486495972,4.199560165405273,3.0632801055908203,-0.2190470546483993,-0.0699153169989585,-0.1884518712759018,0.1228937283158302,0.0037785493768751,0.0089740473777055,-0.0489158034324646,-0.0398868359625339,0.0021329110022634,-0.0307204015552997,0.0112243145704269,-0.0178793109953403,-0.0482968427240848,1.8587688207626345,1.2218196392059326,1.0998774766921997,1.1475841999053955,0.5789597630500793,0.7543871998786926,0.7076947093009949,0.50013267993927,0.502251923084259,0.5777627229690552,0.456331342458725,0.6857234835624695,0.5427216291427612,0.3671665787696838,0.2056199759244918,0.1962364464998245,-0.1600604057312011,-0.0008639128063805,-0.0133238537237048,0.091724544763565,0.0508873090147972,0.0237162858247756,-0.0243815127760171,-0.0112220551818609,-0.0064741065725684,0.0132234813645482,1.485102295875549,0.9738362431526184,0.8757204413414001,0.7211881279945374,0.4127886891365051,0.4050740897655487,0.4842413961887359,0.3491538166999817,0.3162285089492798,0.3857303261756897,0.3093169927597046,0.3727674484252929,0.3352092802524566,0.0010570477378119,0.0003659113441751,0.0131553475109843,0.0042767062004669,30.728020618021525,1,Hyperfunktionelle Dysphonie,1379,i_n
-342.0419006347656,115.84822845458984,16.496828079223633,87.7292251586914,44.93259811401367,24.57082748413086,-25.34840965270996,5.645028114318848,21.59956932067871,-19.622312545776367,-16.77500343322754,-16.472553253173828,-2.992160081863404,19.84626007080078,7.690962791442871,4.122554779052734,8.327357292175293,4.720312118530273,3.252683162689209,5.925411701202393,3.361782550811768,3.560307264328003,3.5863969326019287,3.433253049850464,3.795263528823853,2.917164325714112,-0.5830509066581726,0.0045681810006499,0.0503057204186916,0.2019825279712677,0.0866844952106475,0.0159619376063346,-0.0564621724188327,0.0281146112829446,0.0540146753191947,-0.0780224055051803,-0.0216255001723766,-0.0014708761591464,0.0742205530405044,3.0481977462768555,1.3672449588775637,0.765287458896637,1.588349223136902,0.8243009448051453,0.495465874671936,1.0908689498901367,0.5633096694946289,0.7028697729110718,0.6445039510726929,0.6429716944694519,0.5836025476455688,0.4454739391803741,0.8112275004386902,0.3061470091342926,0.082617811858654,-0.3509774208068847,-0.1817630529403686,-0.0258434005081653,0.2369952350854873,-0.0090659521520137,-0.1185536086559295,0.1190838739275932,0.1143903136253357,0.0933528393507003,-0.0319533050060272,2.5355794429779053,1.0074362754821775,0.4264478981494903,1.081130027770996,0.704379141330719,0.393743634223938,0.805321216583252,0.4507907032966614,0.5195062756538391,0.4973693490028381,0.4967772364616394,0.505355715751648,0.4163484871387481,0.0024247655470848,0.0014056556761648,0.0105040217055378,0.0053542833490052,32.25207925631274,1,Hyperfunktionelle Dysphonie,1380,i_n
-309.2846069335937,111.44365692138672,-8.31386661529541,84.00757598876953,37.73144912719727,32.000179290771484,-23.991504669189453,-10.832671165466309,10.793804168701172,4.241128921508789,-16.339231491088867,-23.224374771118164,5.196870803833008,19.101238250732425,5.50874662399292,8.142255783081055,7.158056259155273,3.9036519527435294,4.079699516296387,5.7098774909973145,4.359598159790039,3.43288254737854,3.833721399307251,3.377929449081421,3.451663017272949,3.57289719581604,-0.2613033652305603,-0.0747476071119308,0.0688667520880699,-0.0027065679896622,-0.0185742639005184,0.0113364476710557,0.0330418013036251,-0.0178166199475526,0.002881153486669,-0.0167603082954883,0.0130280591547489,0.0071293916553258,-0.0105755263939499,2.350258111953736,0.8754718899726868,0.6942775249481201,1.1767935752868652,0.5670125484466553,0.5536051392555237,0.6627238392829895,0.6066440343856812,0.6132891774177551,0.46848264336586,0.5295038819313049,0.563854992389679,0.4646328389644623,0.4490216672420501,0.1442439705133438,0.1159149035811424,-0.2216290235519409,-0.0717581138014793,-0.0597049891948699,0.0848387628793716,0.0554555542767047,-0.0477600507438182,-0.0486566051840782,0.0017935299547389,0.0442265905439853,-0.0165352839976549,1.9405611753463743,0.7004595398902893,0.620331883430481,0.9907894730567932,0.5807380676269531,0.4285629987716675,0.5007416605949402,0.3900445699691772,0.4781606793403625,0.4032639861106872,0.3318982720375061,0.3645274341106415,0.3395141065120697,0.0021350691815053,0.0012583213463583,0.0112142852135697,0.0056078457285202,30.65132829764548,1,Hyperfunktionelle Dysphonie,1394,i_n
-269.4400634765625,101.78620147705078,-13.565214157104492,113.57073211669922,3.7665317058563232,31.905515670776367,-18.462053298950195,-9.060235977172852,19.50604248046875,-20.5657958984375,-13.458760261535645,-5.447006702423096,-4.292784214019775,16.34002685546875,5.047146320343018,4.479742050170898,8.586377143859863,4.045386791229248,7.11995267868042,4.067930698394775,2.9690945148468018,4.064869403839111,3.877469062805176,3.3451504707336426,3.1763782501220703,2.470292329788208,0.0256326347589492,-0.002973882947117,0.0042317793704569,0.0776185244321823,0.044632438570261,0.0356432162225246,-0.0321970619261264,0.0159475822001695,0.0021947296336293,-0.0135833732783794,-0.0228218343108892,-0.0132553093135356,-0.001133564277552,2.4051830768585205,0.9135668873786926,0.6540675759315491,1.4587656259536743,0.5426977872848511,0.5985055565834045,0.6971492171287537,0.5272945761680603,0.5740994811058044,0.530578076839447,0.4959828853607178,0.5159706473350525,0.3424498438835144,0.3552585542201996,0.1197767034173011,0.1257746964693069,-0.2175215035676956,0.0155076906085014,-0.0407947152853012,0.0954905301332473,0.0231228023767471,-0.0204480923712253,0.0340502187609672,0.0141895823180675,0.0432785041630268,-0.0150739327073097,1.500433325767517,0.6441700458526611,0.6672317981719971,0.9354914426803588,0.4241130948066711,0.3515136539936065,0.5120574831962585,0.3205333650112152,0.3689539134502411,0.3542028665542602,0.3423245847225189,0.3480729162693023,0.2977898120880127,0.0028892577379542,0.0015632630475909,0.0166729451618135,0.0091843445645715,23.487319055012097,1,Hyperfunktionelle Dysphonie,140,i_n
-330.7366943359375,112.37248229980467,-13.24392795562744,91.94456481933594,32.995609283447266,7.465865612030029,-16.509944915771484,-11.938532829284668,28.702505111694336,-13.755693435668944,-14.509217262268066,8.095273971557617,-25.229114532470703,20.94999885559082,4.738507270812988,9.037063598632812,9.99271011352539,7.860643863677978,4.519319534301758,5.858078479766846,5.342241764068604,4.669634819030762,4.11656379699707,3.816306352615357,3.3893630504608154,3.6081702709198,-0.1840275973081588,-0.0270574707537889,-0.1089397519826889,-0.0052470667287707,0.0733792036771774,0.0180595908313989,-0.0175403263419866,-0.042490616440773,0.0019022213527932,-0.0286201108247041,-0.0175399705767631,0.018831543624401,0.016899125650525,4.014910697937012,0.8370428085327148,1.1314607858657837,1.5345945358276367,0.9729819297790528,0.6803413033485413,1.0989141464233398,0.9521709680557252,0.7259280681610107,0.5651697516441345,0.5823330879211426,0.4599922597408294,0.6657475829124451,0.6077379584312439,0.1073387190699577,0.1215228214859962,-0.2631782293319702,-0.046236976981163,0.0354330167174339,0.1112125217914581,0.066433809697628,-0.1055110692977905,0.0266772303730249,0.0435998179018497,-0.020979980006814,0.0718084424734115,2.3670523166656494,0.5324037075042725,0.6987287998199463,1.1510380506515503,0.536081075668335,0.4496353268623352,0.6390790939331055,0.5397239923477173,0.5509764552116394,0.3637727499008178,0.3925136923789978,0.3680731952190399,0.4703020751476288,0.0019040239040523,0.0010231360408645,0.0125814218227402,0.0048358720777128,28.998805813209703,1,Hyperfunktionelle Dysphonie,1406,i_n
-272.5897521972656,114.682373046875,-8.472134590148926,81.66849517822266,37.94460678100586,33.842227935791016,-38.101806640625,-9.033609390258787,29.89480209350586,-14.335673332214355,-15.582952499389648,-1.6471991539001465,-23.15365600585937,14.576260566711426,9.993257522583008,7.8448166847229,7.664694786071777,7.423871517181396,5.932435989379883,6.16110372543335,5.364623546600342,5.149314880371094,4.313688278198242,3.3311221599578857,4.742437839508057,5.19597053527832,-0.0551766864955425,-0.0676727443933487,0.0735845044255256,-0.1298484206199646,-0.0563056543469429,0.0900374501943588,0.1087956950068473,-0.1334918886423111,-0.0820501372218132,0.0891310200095176,-0.0214376747608184,-0.0775014832615852,-0.0329762734472751,2.280654191970825,1.8598562479019165,1.244442105293274,1.0486993789672852,0.9480574131011964,0.8041699528694153,0.7561675906181335,0.6921072006225586,0.7079418897628784,0.69347083568573,0.4434177577495575,0.6329002380371094,0.7274414300918579,0.3749336898326874,0.1990188807249069,0.1264957636594772,-0.1360739171504974,-0.0714919567108154,-0.0773131623864173,0.0972561910748481,0.0500660650432109,-0.0842998176813125,0.0121599873527884,0.0572827458381652,-0.0112466122955083,0.1003527268767356,1.616929054260254,1.0826685428619385,0.6681569814682007,0.6050129532814026,0.4967534244060516,0.5970121026039124,0.5017040967941284,0.3642824590206146,0.5589954257011414,0.488627016544342,0.3643248379230499,0.4529085755348205,0.576535165309906,0.0038830689755973,0.0021219313864198,0.0259921537942593,0.0120098143403677,25.815231865829944,1,Hyperfunktionelle Dysphonie,1431,i_n
-300.8666687011719,103.76448822021484,-1.7263052463531494,86.07533264160156,2.588616132736206,7.976949214935303,-21.13005256652832,-1.1837557554244995,6.622258186340332,-2.68051552772522,-18.411834716796875,-22.24738121032715,-3.40861177444458,11.956005096435549,6.777722835540772,4.837415218353272,5.077973365783691,4.72815465927124,3.986654996871948,4.926828384399414,4.007838249206543,3.1773269176483154,5.616951942443848,3.4170498847961426,3.2192487716674805,3.5426487922668457,-0.3049948513507843,-0.0851074457168579,-0.0389449931681156,0.0033393076155334,0.0577184148132801,0.031602993607521,-0.0216493140906095,-0.06575658172369,-0.0046475226990878,0.0294844396412372,0.0257346630096435,0.0424019508063793,-0.0307020675390958,1.919996976852417,0.987170934677124,0.6517152190208435,0.8992881178855896,0.7747644782066345,0.6787246465682983,0.6800346970558167,0.6901975870132446,0.569308876991272,0.8047460913658142,0.5062613487243652,0.5057453513145447,0.5041331648826599,0.4604639410972595,0.2747459709644317,0.1627660691738128,-0.188878521323204,0.0784017369151115,0.0206442903727293,0.0970880389213562,-0.0205814093351364,-0.0355686470866203,0.0322888903319835,0.0586407408118248,0.0357323475182056,0.0099273920059204,1.5966490507125854,1.0098013877868652,0.6531679630279541,0.6724141836166382,0.4757018983364105,0.4036218523979187,0.5212003588676453,0.4790345132350921,0.4055628776550293,0.485933393239975,0.3735502660274505,0.3484382927417755,0.4497018754482269,0.0026362100123382,0.0014631883909796,0.0107741701229282,0.0050807405560861,27.52840274161656,1,Hyperfunktionelle Dysphonie,144,i_n
-269.4013977050781,100.71749114990234,-18.29232215881348,99.40560150146484,0.4819483757019043,15.628217697143556,-20.04817008972168,-0.6136449575424194,2.2612898349761963,-10.578425407409668,-6.461734771728516,-18.29776382446289,2.4638659954071045,14.665876388549805,5.902422428131104,8.328041076660156,7.711701393127441,4.744043350219727,3.3707826137542725,4.183290004730225,2.91397762298584,2.9963414669036865,3.3032214641571045,3.001261949539185,2.775321245193481,2.8044075965881348,0.1582667529582977,-0.0084292721003293,0.1170092895627021,-0.2629274427890777,-0.154475450515747,-0.0347425527870655,0.1341354995965957,0.0126990377902984,-0.0487914942204952,-0.0172934494912624,-0.0003044115728698,0.0275477264076471,-0.0401726029813289,2.239053726196289,1.172862887382507,1.20514976978302,1.21457839012146,0.543088436126709,0.4824466705322265,0.8119705319404602,0.4814910292625427,0.5281366109848022,0.6454744338989258,0.5199340581893921,0.532863199710846,0.4158231317996979,0.4478515088558197,0.1882687956094741,0.2243106365203857,-0.2676874101161957,0.0516571514308452,-0.0517811849713325,0.0770705416798591,-0.0205872468650341,0.0220285356044769,0.0268571879714727,-0.0190503038465976,0.0630098506808281,-0.0396629646420478,1.6780924797058103,0.6797080636024475,0.7778401970863342,1.146129488945007,0.4120282828807831,0.4078394770622253,0.3786694407463074,0.3808420300483703,0.3189425468444824,0.3983857035636902,0.4563407599925995,0.3021433353424072,0.3432218134403229,0.0020700890665642,0.0011951933743096,0.0177904577181884,0.0099945845929708,25.26714461501296,1,Hyperfunktionelle Dysphonie,1442,i_n
-303.4407958984375,122.24484252929688,-5.355370044708252,77.09516906738281,26.724992752075195,35.26966857910156,-13.263375282287598,-15.090446472167969,16.645347595214844,-5.387578010559082,-15.14794635772705,-9.170950889587402,-13.094440460205078,17.524375915527344,4.709872245788574,4.994838714599609,3.9531428813934326,3.3788695335388184,3.3134357929229736,4.151930332183838,2.877392768859864,2.5943918228149414,2.510235548019409,2.877107858657837,2.3740930557250977,2.8626694679260254,0.1856794655323028,-0.0700384005904197,0.0759509280323982,-0.0440356768667697,-0.0642730519175529,-0.0668665245175361,0.0916973575949668,0.0530020147562027,-0.0035878380294889,-0.0065614599734544,-0.0016508710104972,-0.0410085059702396,-0.053212784230709,1.686804175376892,0.7509857416152954,0.8065341114997864,0.6363353133201599,0.6596215963363647,0.6220065951347351,0.4640556275844574,0.3672574460506439,0.4543036222457886,0.3755920529365539,0.4719289541244507,0.3799468278884887,0.5200545787811279,0.1979355961084365,0.0874804630875587,0.1113732531666755,-0.0367204211652278,-0.0322524942457675,-0.0510104969143867,0.0752303749322891,0.0395223386585712,-0.0205667447298765,0.00617634691298,0.0310711991041898,0.0294770039618015,0.0309601929038763,0.9694917798042296,0.5126073360443115,0.5018477439880371,0.39262256026268,0.4455450773239136,0.4198954701423645,0.4909820258617401,0.3762857913970947,0.3324313163757324,0.2794075310230255,0.3834254443645477,0.2937868535518646,0.3737297654151916,0.0068880800037598,0.0041926904803157,0.0262256627456471,0.011054266208761,24.28037412422043,1,Hyperfunktionelle Dysphonie,1443,i_n
-334.9725646972656,106.28565216064452,-12.662503242492676,91.93025970458984,43.91535186767578,19.050092697143555,-30.764780044555664,16.015621185302734,15.89560317993164,-11.560443878173828,6.105197906494141,-20.9743595123291,-3.1256661415100098,21.53952980041504,8.090974807739258,7.475617408752441,10.800115585327148,8.445403099060059,3.516968011856079,6.58882999420166,3.8891172409057617,3.1895971298217773,3.3480074405670166,4.556305408477783,3.419630765914917,3.5282886028289795,0.2128974497318267,-0.0955120772123336,0.1153097376227378,-0.4516377747058868,-0.0779096707701683,-0.1899353563785553,0.2955963313579559,-0.1169845312833786,-0.192454382777214,0.0718731209635734,-0.0428639948368072,0.0240272227674722,-0.0820267498493194,4.745349407196045,1.6755367517471311,0.9425770044326782,1.9585360288619995,1.0746370553970337,0.6295034289360046,0.8459329009056091,0.7187443971633911,0.5962049961090088,0.5671132802963257,0.5736208558082581,0.6599854826927185,0.6158149838447571,1.012552261352539,0.4434772133827209,0.2103421688079834,-0.3998807966709137,-0.1846198290586471,-0.0563548654317855,0.2030845135450363,-0.027908457443118,-0.0793565139174461,0.0261025037616491,-0.0583686307072639,0.132171556353569,0.0601990818977355,2.7367405891418457,1.0764248371124268,0.677690327167511,1.2097101211547852,0.6572506427764893,0.4517757594585418,0.6965584754943848,0.4464911520481109,0.4207136034965515,0.4032283127307892,0.4572128355503082,0.4667951464653015,0.490359216928482,0.0035542342263099,0.002004130341714,0.0360580269997343,0.0165459586057973,24.99974114399741,1,Hyperfunktionelle Dysphonie,1459,i_n
-321.8421325683594,106.3390884399414,-5.157705783843994,85.21430206298828,26.222389221191406,23.95315742492676,-38.57429504394531,-11.494674682617188,19.51520156860352,-15.482544898986816,-21.627376556396484,-2.4506075382232666,-1.7922967672348022,10.289321899414062,7.593123912811279,7.521769523620605,6.256933212280273,6.404238700866699,3.942307710647583,6.774874687194824,3.992515802383423,4.833536148071289,5.564916133880615,3.6542484760284415,3.928078651428223,4.020950794219971,0.0790427327156066,-0.0027821629773825,-0.0539249554276466,-0.0468779020011425,0.0156440511345863,-0.0281902831047773,0.043074894696474,-0.0273423120379447,-0.0365352444350719,0.0648196786642074,0.0062731811776757,-0.0653043612837791,0.036689668893814,1.4065157175064087,1.3418560028076172,1.317286252975464,0.8367937803268433,0.9172821044921876,0.6658881306648254,1.1248153448104858,0.6456463932991028,0.743117094039917,0.8019779324531555,0.6165158152580261,0.6130808591842651,0.6684466600418091,0.1131072267889976,0.2092585414648056,0.1684679687023162,-0.0386774875223636,0.0207128319889307,0.0413717664778232,0.0705254226922988,0.0481822527945041,0.0342691540718078,-0.0079533336684107,-0.0094499960541725,0.0066184340976178,0.016274495050311,1.1686148643493652,1.0836892127990725,1.0100384950637815,0.6530373096466064,0.4371427595615387,0.4779469668865204,0.5690373182296753,0.4404008686542511,0.4890533089637756,0.5017057657241821,0.4441863000392914,0.448943018913269,0.4245914816856384,0.0034638615136852,0.00210178849439,0.0117333669694986,0.0055060291153963,28.586167935176054,1,Hyperfunktionelle Dysphonie,1462,i_n
-294.3331298828125,97.63910675048828,-57.33832550048828,108.21207427978516,13.170421600341797,4.19779634475708,-23.636329650878903,-14.348566055297852,16.03044891357422,-12.525107383728027,-30.657182693481445,2.6028857231140137,-3.5621776580810547,17.251388549804688,9.063889503479004,10.865922927856444,8.54985523223877,3.936477899551392,2.975615978240967,4.510545253753662,3.1243371963500977,3.237433195114136,3.039815187454224,3.6136550903320312,2.699880599975586,2.7374508380889893,-0.0814774557948112,-0.4249059855937958,-0.3707017004489898,0.4749026894569397,-0.0978507697582244,-0.0201759301126003,-0.1497118771076202,-0.004435506183654,0.0924485772848129,-0.0963571071624755,-0.0775729194283485,-0.0784607976675033,0.0479287356138229,3.1992905139923096,1.716525316238403,1.4745817184448242,1.5253078937530518,0.7388387322425842,0.4689018428325653,1.0128045082092283,0.4791388213634491,0.3968747556209564,0.4536299705505371,0.435628205537796,0.383710503578186,0.5102798938751221,0.9033808708190918,0.5614921450614929,0.4934588372707367,-0.475167840719223,0.0640140697360038,0.0244637187570333,0.1873259842395782,0.0581048764288425,-0.0321131385862827,0.0358275659382343,0.1282799988985061,0.0632653459906578,0.0021478636190295,1.857310175895691,1.386858582496643,1.0519766807556152,1.1329452991485596,0.5664708018302917,0.3096561133861542,0.4820571839809418,0.3508599996566772,0.2354291230440139,0.2467481642961502,0.5309005379676819,0.3750192821025848,0.3727136552333832,0.0020892516716528,0.001196263651115,0.0117128707453066,0.005873337132031,23.89689965485218,1,Hyperfunktionelle Dysphonie,1464,i_n
-263.6581726074219,82.12419128417969,-17.721437454223633,99.29559326171876,20.805118560791016,32.206390380859375,-55.52652359008789,18.96502494812012,9.151445388793944,-26.94755172729492,3.972687005996704,-34.084510803222656,-14.531638145446776,12.60980987548828,6.783687114715576,5.207608222961426,7.466699600219727,4.488105297088623,4.137552261352539,6.430766105651856,4.006192684173584,3.3425233364105225,3.3098185062408447,4.268326282501221,4.482284069061279,3.358726501464844,-0.0902988910675048,0.0312703922390937,-0.0384654887020587,0.0472897738218307,0.019963851198554,-0.0469494387507438,0.027118869125843,-0.0406400300562381,0.013059914112091,-0.0177508573979139,0.028408795595169,-0.0405758544802665,-0.0015725747216492,2.3513519763946533,1.0040830373764038,0.9271138310432434,1.3185341358184814,0.683862030506134,0.7063342928886414,1.0755420923233032,0.531819224357605,0.4785003364086151,0.6036416292190552,0.5956193804740906,0.695091187953949,0.5590452551841736,0.3531506359577179,0.1505243629217147,0.1365397721529007,-0.2232092022895813,-0.0681521520018577,-0.0353129468858242,0.170277252793312,-0.0361074693500995,-0.0148680340498685,0.0040860534645617,-0.0050389808602631,0.0708934441208839,0.0078268647193908,1.5021686553955078,0.7949152588844299,0.7373499274253845,0.9989975094795228,0.5296458601951599,0.4543329179286957,0.8335646390914917,0.409954696893692,0.4042095839977264,0.3995102941989898,0.4369181990623474,0.5581718683242798,0.4550246000289917,0.0153513673407208,0.0096769341692108,0.0374574098204555,0.0203304012459808,18.160353862463545,1,Hyperfunktionelle Dysphonie,1468,i_n
-292.88604736328125,124.82272338867188,-26.02129173278809,77.17524719238281,57.63810348510742,17.43877410888672,-28.03367805480957,-4.267786026000977,17.59508514404297,-19.187414169311523,-16.026708602905273,-22.429731369018555,6.543342113494873,20.652149200439453,11.155713081359863,5.515626430511475,6.331207752227783,5.334075450897217,3.5963871479034424,3.4316349029541016,3.25216007232666,2.6824615001678467,3.788215398788452,2.894905567169189,3.114400148391724,2.360434532165528,-0.3783200681209564,-0.0207355562597513,-0.0732358321547508,0.0963571891188621,0.1440084427595138,0.0268881544470787,0.0094702737405896,0.0328128300607204,0.0029757644515484,0.0070041217841207,0.0325788222253322,-0.02176433801651,0.0132112465798854,2.389456272125244,1.1665738821029663,1.0146846771240234,1.0645707845687866,0.8909022808074951,0.5661433935165405,0.6245927214622498,0.4628396928310394,0.4667132198810577,0.5733183026313782,0.4607155323028564,0.5564189553260803,0.4228398203849792,0.3874070346355438,0.0763236954808235,0.1333339810371399,-0.1628834456205368,-0.0997482165694236,-0.0318005084991455,0.0676473155617713,0.0312875919044017,-0.0407016426324844,0.0442029200494289,0.0074107930995523,0.0618160851299762,-0.0011668974766507,1.7307159900665283,0.7940744757652283,0.6884201169013977,0.7714362144470215,0.6745031476020813,0.4195108115673065,0.4557686746120453,0.359775960445404,0.3695195317268371,0.3713108897209167,0.3499701023101806,0.4498090744018554,0.3265548348426819,0.0030359278566181,0.0015945745484018,0.0410824413251004,0.017137084890998,23.205069501746216,1,Hyperfunktionelle Dysphonie,1471,i_n
-325.4556579589844,113.61471557617188,-7.859405517578125,85.45526123046875,36.02289962768555,20.840200424194336,-1.038630127906799,-9.631879806518556,26.71067237854004,5.208253860473633,-5.865723609924316,-8.124384880065918,-14.626335144042969,24.495336532592773,5.33712100982666,11.83211612701416,8.720728874206543,5.745497226715088,4.240833282470703,3.946693181991577,4.215709209442139,4.517906188964844,3.641929864883423,3.6931228637695312,3.0820322036743164,3.4013142585754395,-0.7524925470352173,0.0667328387498855,0.1714310646057129,-0.0027006003074347,0.0550850629806518,0.0917997062206268,0.0348045341670513,0.0218784473836421,0.0648528039455413,0.0643205568194389,-0.0537221282720565,-0.0541762635111808,0.0263767279684543,3.546449422836304,0.8835493922233582,1.2486451864242554,1.4654468297958374,1.0252124071121216,0.512224018573761,0.700724720954895,0.6574990153312683,0.8647215962409973,0.4794006943702698,0.559725284576416,0.5367257595062256,0.4733940362930298,0.7099703550338745,0.1711482405662536,0.1314936429262161,-0.258602112531662,-0.0685709714889526,-0.0391230136156082,0.0954819172620773,0.0863306894898414,-0.1069491356611251,0.0408057533204555,0.0333255268633365,0.0377589091658592,0.057839535176754,2.4726219177246094,0.6905551552772522,0.7403171062469482,0.9576547145843506,0.513386607170105,0.346425712108612,0.4841559529304504,0.4466779828071594,0.5048282146453857,0.3663389086723327,0.3869245648384094,0.3724051415920257,0.4291135668754577,0.0015774677338615,0.0007443051660354,0.0202396349861791,0.0048414779893795,31.76063033510527,1,Hyperfunktionelle Dysphonie,1476,i_n
-317.0057373046875,118.95306396484376,-27.77806282043457,111.84640502929688,36.986595153808594,37.28639221191406,5.297085762023926,-19.19142341613769,10.884344100952148,6.269412517547607,6.053799152374268,-9.605972290039062,-3.4977409839630127,21.14168357849121,4.3604817390441895,5.540278911590576,8.926416397094727,5.905757904052734,6.362220764160156,4.905603885650635,7.0843825340271,4.7027668952941895,3.981246471405029,4.753474235534668,3.481456756591797,3.8215677738189697,-0.1748683452606201,-0.0264782886952161,0.0557773038744926,-0.0539741329848766,-0.010488330386579,0.0148408403620123,0.0575039759278297,-0.0128569481894373,-0.0668964236974716,0.0729811936616897,0.0722346827387809,-0.0145504437386989,0.0043978439643979,2.5567104816436768,0.6605953574180603,1.026432991027832,1.6006358861923218,0.7479089498519897,0.8345451354980469,0.7195115685462952,0.7634334564208984,0.5847220420837402,0.5303506255149841,0.6892423629760742,0.5409495234489441,0.5855193734169006,0.4097084999084472,0.0460286401212215,0.1493511348962783,-0.2510799765586853,-0.0337411873042583,-0.1001483350992202,0.0228612143546342,0.0633035227656364,-0.0405936129391193,0.0091295763850212,-0.0352269560098648,-0.002287013689056,0.0092004109174013,1.7476669549942017,0.4868912398815155,0.7099146842956543,1.0698020458221436,0.5066452622413635,0.6162651777267456,0.4111133813858032,0.4755738079547882,0.3886195719242096,0.3674726486206054,0.4342331290245056,0.3347626626491546,0.3771581053733825,0.002937484627549,0.0015077155605068,0.0181310918352595,0.0065440182330473,25.60137592212505,1,Hyperfunktionelle Dysphonie,1492,i_n
-250.63385009765625,51.84118270874024,8.775915145874023,53.35863494873047,3.9713833332061768,36.89276123046875,-46.50216674804688,-17.31908416748047,-4.124369621276856,-7.944043159484863,-38.88965606689453,-17.64629364013672,-15.910743713378906,33.15384292602539,17.98686981201172,5.928135871887207,6.19834566116333,5.851177215576172,6.799028873443604,10.716925621032717,4.654604434967041,4.598429203033447,4.440913677215576,7.040532112121582,2.970386743545532,4.167975425720215,-1.1844627857208252,-0.3255342841148376,-0.0481900684535503,0.0673178732395172,0.2024825364351272,0.1711796373128891,0.1989490389823913,-0.0961249023675918,0.1266824901103973,0.0278149023652076,0.065734289586544,0.0323415286839008,0.116865649819374,3.720426321029663,3.042722463607788,0.8431087732315063,1.119873046875,0.6870697140693665,1.0280410051345823,1.5087910890579224,0.6025888919830322,0.6636979579925537,1.0056596994400024,1.1404142379760742,0.5054491758346558,0.6283100247383118,1.09921133518219,0.8480165004730225,0.2095183283090591,-0.2280991673469543,-0.0146892191842198,-0.2224294394254684,0.3387870490550995,0.1212631836533546,0.1838902235031128,0.078189767897129,0.3028765618801117,-0.0135775282979011,0.0604554340243339,2.481065273284912,1.961551189422608,0.5989156365394592,0.594052255153656,0.6064643263816833,0.7362896800041199,0.9913461208343506,0.592586874961853,0.7733124494552612,0.6521258354187012,0.8408010601997375,0.3235647082328796,0.3964133858680725,0.0099535931880557,0.006007935481908,0.0429041191704409,0.0245890067722348,20.42660437636664,1,Hyperfunktionelle Dysphonie,1500,i_n
-319.961181640625,106.64666748046876,-26.31255149841309,95.27134704589844,7.288848400115967,4.750701904296875,-20.1464958190918,7.834282398223877,15.695905685424805,-26.92678451538086,-8.095464706420898,-8.783652305603027,-10.26186752319336,17.328460693359375,8.038663864135742,9.509478569030762,6.839390754699707,4.382053852081299,4.034246444702148,4.039748191833496,8.761553764343262,3.3735783100128174,3.964596748352051,6.546245098114014,4.8018317222595215,4.055432796478272,-0.5945639610290527,-0.3302084803581238,0.0435790084302425,0.0564846321940422,0.0745497569441795,-0.069694697856903,-0.0197544377297163,0.1571973711252212,0.0257078949362039,0.06410613656044,-0.1467757523059845,-0.132558986544609,0.0373705141246318,1.779558181762695,1.4155113697052002,1.2521836757659912,1.098384141921997,0.5313692092895508,0.5664294362068176,0.6106451749801636,0.676581621170044,0.5502930283546448,0.5761038064956665,0.7854359745979309,0.6135151982307434,0.6252964735031128,0.4588883221149444,0.2151270657777786,0.1524858027696609,-0.2482460290193557,0.0441679954528808,0.0385560654103755,0.1103656813502311,-0.0313617512583732,-0.0516897365450859,0.0105097647756338,-0.0479910410940647,-0.0013978738570585,-0.0388221479952335,1.3145694732666016,0.680486261844635,0.4945337474346161,0.8145328760147095,0.4566081464290619,0.3446193337440491,0.4473333954811096,0.3994316458702087,0.3417268991470337,0.366986870765686,0.5021234154701233,0.3483993113040924,0.3121273219585418,0.0035815576125106,0.0020159561940361,0.0290953566047331,0.0156625349089064,23.34653664434572,1,Hyperfunktionelle Dysphonie,1562,i_n
-342.0450744628906,92.87537384033205,4.251896858215332,95.83600616455078,16.907684326171875,8.520444869995117,-21.726184844970703,0.0644333735108375,25.769813537597656,-24.43056297302246,-19.921884536743164,-6.509786605834961,-12.732158660888672,17.068897247314453,7.529556751251221,4.392906665802002,9.35312557220459,4.13140869140625,8.254133224487305,6.479142189025879,5.297769069671631,6.589295387268066,6.304235935211182,5.5664472579956055,4.062406539916992,4.667178630828857,-0.3618066608905792,-0.0849516466259956,0.033084612339735,0.0601311661303043,-0.031794436275959,0.0577712245285511,-0.0512426868081092,-0.0137399518862366,0.1038614735007286,-0.0141385672613978,-0.0913150683045387,0.0064846291206777,0.0620078556239604,2.9401068687438965,1.2894200086593628,0.7879833579063416,1.5525813102722168,0.8331229090690613,0.921863615512848,0.8998887538909912,0.7169955968856812,0.8546127676963806,0.7242261171340942,0.7082726955413818,0.5613123178482056,0.6700624227523804,0.4819227457046509,0.1954126954078674,0.1050868853926658,-0.2151583284139633,-0.01462984085083,0.0531370937824249,0.1356206536293029,0.0266408305615186,-0.0551221631467342,0.0573510825634002,0.0451748222112655,-0.0006904938491061,-0.0068804998882114,1.8280106782913208,0.9195509552955629,0.6380279064178467,0.9056944847106934,0.4127110540866852,0.507457971572876,0.7130686640739441,0.3735856711864471,0.5082948207855225,0.4668272137641907,0.4531641900539398,0.3576403260231018,0.4494225084781647,0.0033507997977329,0.0019089644256421,0.0109347425308092,0.0050503618018243,30.42928856632301,1,Hyperfunktionelle Dysphonie,1566,i_n
-330.8930358886719,142.7085723876953,-10.43739128112793,84.33010864257812,40.40273284912109,53.828224182128906,-1.0744396448135376,-0.5411281585693359,7.721895217895508,-4.988588333129883,8.405940055847168,-7.217672348022461,-8.439739227294922,16.562685012817383,5.012500762939453,9.676421165466309,6.590123653411865,5.091475963592529,5.583992958068848,4.247537612915039,4.593774318695068,3.4470291137695312,5.303974628448486,2.7745566368103027,3.648651599884033,4.651737689971924,-0.0481129102408885,0.0866279676556587,0.0199190787971019,0.0644378364086151,-0.0603577010333538,0.1643978059291839,-0.0072909547016024,-0.1183976978063583,0.0223413426429033,0.0093114105984568,0.0086222756654024,-0.0627732053399086,-0.0908148437738418,2.832772970199585,0.6701587438583374,1.3819736242294312,1.2611005306243896,0.9110015630722046,0.6755146384239197,0.6449660062789917,0.6504505276679993,0.6680996417999268,0.589106559753418,0.3539969325065613,0.4173448979854584,0.3935882747173309,0.2424184679985046,-0.0049601020291447,0.0344415307044982,-0.1325825452804565,-0.0413486026227474,-0.0605322755873203,0.0175310727208852,0.0360403358936309,0.0272590015083551,0.0341879986226558,-0.0134030440822243,-0.0219247881323099,0.0022288314066827,1.92553460597992,0.4776786565780639,0.6942604184150696,0.8168251514434814,0.6382676362991333,0.4654491245746612,0.4412290453910827,0.4261955618858337,0.4304749965667724,0.3757249414920807,0.2923047244548797,0.3033446669578552,0.2896374464035034,0.0100295266947082,0.005876245790017,0.0467341163849346,0.0218459674753271,22.41370648201956,1,Hyperfunktionelle Dysphonie,1569,i_n
-253.50408935546875,126.11466979980467,-22.30430603027344,113.8134307861328,20.3291244506836,13.630117416381836,-29.021753311157227,-8.836041450500488,11.101003646850586,-24.113750457763672,-15.547357559204102,-7.14860725402832,-14.720995903015137,16.47323989868164,5.899748802185059,14.436017990112305,8.754867553710938,5.040318012237549,6.078824996948242,3.851743936538696,4.517834186553955,4.505366802215576,3.382446050643921,2.5543930530548096,2.603944540023804,5.346409320831299,-0.4669955968856811,0.0243911799043416,0.3185224533081054,0.0756267011165618,-0.1190520450472831,0.1055133864283561,0.0335772298276424,0.011112536303699,0.0523187816143035,0.0153466602787375,-0.0246362201869487,0.0088643888011574,0.0514526739716529,1.8426517248153689,0.7986876368522644,1.0087720155715942,1.5635045766830444,0.7386703491210938,0.9098557233810424,0.6238580942153931,0.6554985046386719,0.5625622868537903,0.5283606052398682,0.424121230840683,0.4054093062877655,0.4476682245731354,0.1269900798797607,0.0245161745697259,0.1012293621897697,-0.2286760658025741,-0.0257201548665761,-0.013689893297851,0.0937008708715438,0.0164711456745862,-0.0142340334132313,0.0460670292377471,0.0250328704714775,-0.0300373919308185,-0.0005695449654012,0.9754838943481444,0.4009785056114197,0.6019310355186462,0.9651708602905272,0.4784393906593323,0.4901284575462341,0.4867675602436065,0.3754456639289856,0.3631468117237091,0.3670471310615539,0.2868925631046295,0.28526371717453,0.2862087488174438,0.0095765580622225,0.0033338776053723,0.0271807078129041,0.0115786386357637,18.28958179367412,1,Hyperfunktionelle Dysphonie,1571,i_n
-312.80157470703125,145.0400390625,-30.814638137817383,80.81019592285156,40.93808364868164,27.62505149841309,-4.103230953216553,12.929804801940918,13.75941276550293,-10.985472679138184,15.984756469726562,-6.776774883270264,-18.02860641479492,21.20286750793457,7.228446006774902,12.640451431274414,12.732945442199709,7.299550056457519,8.728690147399902,8.86343765258789,5.917316913604736,5.937347888946533,4.230052947998047,4.909430027008057,4.06310510635376,5.063160419464111,-0.0085939411073923,-0.2619906961917877,-0.1433530002832412,-0.1233750730752945,0.0924536734819412,0.1858381778001785,0.1418274492025375,-0.0443281568586826,0.0272784233093261,0.1292389184236526,-0.1456827521324157,-0.1395305842161178,0.0700347796082496,4.261746883392334,0.8827071785926819,2.1831068992614746,1.82516610622406,1.1550971269607544,1.1036268472671509,1.1896660327911377,0.7036563158035278,1.2176011800765991,0.6328449845314026,1.0376849174499512,0.6585242748260498,0.7160443663597107,1.103047013282776,-0.1767137050628662,0.4898098111152649,-0.4640728533267975,-0.1591460108757019,-0.1780482083559036,0.0866558924317359,0.0122217312455177,-0.1708070486783981,0.0015082546742632,-0.1174601390957832,0.1355950832366943,0.0772993117570877,2.6853291988372803,0.7040281891822815,1.148168921470642,1.1132320165634155,0.7809937596321106,0.7297114729881287,0.7472715973854065,0.425660103559494,0.6325048208236694,0.4305401444435119,0.4053312242031097,0.5639446377754211,0.3639577627182007,0.0035846650461179,0.0010545074392105,0.0144260065916991,0.0070834797340668,25.87764199832512,1,Hyperfunktionelle Dysphonie,159,i_n
-317.21435546875,144.52003479003906,-12.618489265441896,86.9594955444336,51.32742691040039,9.616348266601562,-13.93148708343506,1.5966917276382446,26.482786178588867,-12.310574531555176,-12.569828033447266,4.408144474029541,-5.469069004058838,21.45213890075684,6.067262172698975,7.285366058349609,8.539735794067383,6.367950916290283,5.922764301300049,5.809276580810547,4.520930290222168,5.754868507385254,3.6623339653015137,4.443673610687256,5.457944393157959,3.3806066513061523,0.2518771886825561,-0.0806535184383392,0.0454072169959545,-0.1322999149560928,-0.0737360119819641,0.0094569670036435,-0.0182028040289878,-0.021106656640768,-0.0715502649545669,-0.0624669715762138,-0.0740786790847778,-0.0641077756881713,0.0145734576508402,3.401907205581665,0.8515163064002991,1.2899671792984009,1.539692521095276,0.7753145098686218,0.9005531668663025,0.631954550743103,0.5972081422805786,1.0428789854049685,0.5728687047958374,0.7538277506828308,0.8109546303749084,0.3787450492382049,0.6018288135528564,0.1102333813905716,0.2743114233016968,-0.315014511346817,-0.1106176599860191,0.0287659410387277,0.0658657923340797,0.0151487067341804,-0.0664591491222381,0.0318995416164398,-0.0473572947084903,-0.0620801486074924,0.0130909495055675,1.91497004032135,0.6576138138771057,0.990013837814331,1.090342998504639,0.4838939011096954,0.5916060209274292,0.3789062798023224,0.4007566273212433,0.4921052157878876,0.4751735627651214,0.4264548420906067,0.4014486670494079,0.2407228648662567,0.0024303170475392,0.0007615448150927,0.0118930747404061,0.003639966773393,28.890294980466447,1,Hyperfunktionelle Dysphonie,1591,i_n
-361.5170593261719,102.30638122558594,-10.83056640625,71.08355712890625,40.22777557373047,10.16875171661377,-30.85420608520508,-11.538743019104004,5.388189315795898,-22.43961906433105,-23.32682609558105,-19.096813201904297,-8.534737586975098,24.92012405395508,7.74220609664917,7.977569103240967,7.386586666107178,5.360826015472412,3.783602476119995,5.934886455535889,4.500248432159424,3.9315285682678223,4.741569995880127,3.3528051376342773,4.631062030792236,4.490844249725342,-0.2166813611984253,0.0594833083450794,0.1054403036832809,-0.0227979216724634,-0.0131909558549523,0.0353621877729892,0.045327465981245,0.0153477834537625,0.0140626141801476,-0.0023902626708149,-0.0088204639032483,0.0740927755832672,0.0769539698958396,4.331786632537842,1.3891818523406982,1.0432684421539309,1.3084092140197754,0.982264518737793,0.7264699339866638,1.0569146871566772,0.6858411431312561,0.6504607200622559,0.927668035030365,0.5385943055152893,0.6946367621421814,0.7789016962051392,0.7868093252182007,0.222350001335144,0.1379967480897903,-0.2642441391944885,-0.1269453763961792,-0.0341298095881938,0.110573686659336,0.0177372191101312,-0.0389422252774238,0.0652960017323494,0.0501369088888168,0.0440847501158714,0.0106071336194872,2.9479565620422363,0.980240285396576,0.678977906703949,1.1365532875061035,0.612475574016571,0.4063405692577362,0.6745836138725281,0.5170703530311584,0.4588361382484436,0.5937841534614563,0.4397038519382477,0.5026140213012695,0.5194641947746277,0.0017009632406127,0.00087763407104,0.007741044343782,0.0039716014214658,34.668724030565606,1,Hyperfunktionelle Dysphonie,1594,i_n
-328.0043029785156,157.25209045410156,-49.72968292236328,77.12970733642578,64.44876861572266,36.4426383972168,-26.3212890625,-7.995533943176269,24.27869415283203,-13.011222839355469,-11.10602569580078,-6.81500768661499,-2.178719282150269,18.59779930114746,4.705118179321289,5.768380165100098,5.438595294952393,3.721920967102051,3.955799579620361,4.091079235076904,3.8128490447998047,3.1236515045166016,3.302480459213257,2.64319109916687,2.2412028312683105,3.02639102935791,0.0911540985107421,0.0817909762263298,-0.1042019873857498,0.073500670492649,0.0521964505314827,0.0867300257086753,-0.004964075051248,-0.0971651077270507,-0.0133082084357738,0.0348732583224773,-0.0006992109701968,-0.022115021944046,0.0190451703965663,2.0370867252349854,0.8296322822570801,1.0632785558700562,0.9663011431694032,0.6022377610206604,0.6243598461151123,0.565110445022583,0.6349489688873291,0.3555646240711212,0.5536016821861267,0.391410619020462,0.3779194056987762,0.4344044029712677,0.2628220021724701,-0.0895811319351196,0.1429441273212433,-0.1278511136770248,-0.0420488156378269,-0.0809585526585578,0.0714621171355247,0.0351136699318885,-0.0281363073736429,0.0346058942377567,-0.0185972824692726,0.026962986215949,0.0029468981083482,1.2191441059112549,0.4604496359825134,0.6791661977767944,0.692209780216217,0.3902277946472168,0.4945372343063354,0.456149011850357,0.3499759137630462,0.3085079789161682,0.3622868359088897,0.3305394053459167,0.2834319174289703,0.3199961185455322,0.0031118430773655,0.0011142318316209,0.0238087776585563,0.0118321908323911,20.1689004224913,1,Hyperfunktionelle Dysphonie,160,i_n
-264.8719177246094,136.69000244140625,-16.970600128173828,85.89591217041016,28.99981117248535,39.55509948730469,1.0971565246582031,-1.173203468322754,15.947847366333008,9.83905792236328,-7.271254539489746,-3.1826114654541016,-2.8725340366363525,14.37996768951416,4.622786998748779,6.603138446807861,6.645407199859619,4.6518330574035645,4.888430595397949,5.21141529083252,4.220845699310303,4.244172096252441,4.705947399139404,3.7352757453918457,3.9714431762695312,4.031920909881592,0.1454737335443496,0.0163674224168062,-0.0909520164132118,-0.0773667842149734,0.0323870591819286,-0.0340815410017967,0.0185432862490415,-0.0028144957032054,0.0097247222438454,0.0283731538802385,0.0204929299652576,0.082688108086586,0.075162872672081,1.7329087257385254,0.7626932859420776,0.788618803024292,1.1552165746688845,0.7877709269523621,0.7626732587814331,0.8506256341934204,0.7353459596633911,0.7178009748458862,0.6143140196800232,0.5780967473983765,0.7239622473716736,0.6758005023002625,0.1982651650905609,-0.0626766309142112,0.1286233365535736,-0.1651729345321655,-0.0148966116830706,-0.0414975695312023,0.1017054989933967,0.0328442081809043,-0.0425554700195789,-0.0475415326654911,-0.0091772275045514,0.0161695517599582,0.0235838703811168,1.0975658893585205,0.5789660215377808,0.7022449374198914,0.8341267108917236,0.5701769590377808,0.5965628623962402,0.7312318086624146,0.58502596616745,0.5871942639350891,0.6028531193733215,0.5030679702758789,0.5100330710411072,0.4734743535518646,0.0073169840208198,0.0042012273508262,0.0655249013190443,0.0332252938184128,19.54714603744677,1,Hyperfunktionelle Dysphonie,1602,i_n
-294.56396484375,79.69696044921875,-9.552640914916992,83.90889739990234,29.649059295654297,34.85002136230469,-63.82933044433594,2.0029544830322266,27.714893341064453,-26.50889015197754,-18.16385841369629,1.986678957939148,-17.79437828063965,13.20570468902588,8.622718811035156,5.624130725860596,5.372167587280273,4.443060874938965,2.956241607666016,6.818926811218262,5.229662895202637,3.073648929595948,3.199685573577881,4.978435516357422,3.592689275741577,3.771451234817505,-0.4003112018108368,-0.1078698560595512,0.073809266090393,0.0582602135837078,-0.0738998651504516,0.0315207354724407,-0.0325039327144622,0.0356879197061061,0.0024035680107772,0.0042817122302949,-0.0494216419756412,0.0309192854911088,-0.0780365616083145,2.2501490116119385,1.4904205799102783,0.9542675018310548,0.8162883520126343,0.6491043567657471,0.4936573803424835,1.1027731895446775,0.7960892915725708,0.5320386290550232,0.5043163895606995,0.5078220367431641,0.5988672375679016,0.560823380947113,0.3941933810710907,0.2504356801509857,0.1218192726373672,-0.0882839262485504,-0.0002291202545166,-0.0146534014493227,0.1424116641283035,0.0071633365005254,0.0105505818501114,0.0016801084857434,6.239086360437796e-05,-0.000239237837377,0.0317111425101757,1.4695937633514404,0.989500880241394,0.691738486289978,0.4794272184371948,0.4534554183483124,0.4093800485134125,0.64873868227005,0.4377383589744568,0.369403213262558,0.3513288497924804,0.3494532108306885,0.4470128715038299,0.3120840489864349,0.0025053314681128,0.0014300268220085,0.0093934430502645,0.0046536563284501,24.723961910194657,1,Hyperfunktionelle Dysphonie,1607,i_n
-274.3141784667969,79.39700317382812,-58.87631607055664,115.74810791015624,37.12872314453125,18.80555534362793,-6.36557149887085,-6.489956855773926,12.605589866638184,-3.0171616077423096,-8.135359764099121,-16.969585418701172,-6.336541175842285,14.948140144348145,8.518261909484863,8.526297569274902,9.768433570861816,6.328254222869873,3.4987919330596924,3.102264642715454,5.087727069854736,3.212920665740967,2.31852650642395,2.8495588302612305,3.3447153568267822,2.616050720214844,-0.2544274032115936,-0.1478434950113296,-0.1679433286190033,0.1739211231470108,0.0068235988728702,-0.0146878827363252,-0.0085835866630077,-0.0710454285144805,0.0091572925448417,0.0306209810078144,0.003456684295088,-0.0106707327067852,0.0033297170884907,2.76473355293274,1.0256367921829224,1.2313902378082275,1.6667139530181885,1.1404329538345337,0.6586347818374634,0.4932549297809601,0.4787187278270721,0.4027155637741089,0.3465489745140075,0.4752362370491028,0.5693220496177673,0.505229651927948,0.5649535059928894,0.2045237571001052,0.188642606139183,-0.2843629419803619,-0.0824491083621978,-0.0355465449392795,0.0568708516657352,0.0323398448526859,-0.0295937582850456,-0.0010075216414406,0.0122793577611446,0.0372582450509071,-0.0026502863038331,2.341217041015625,0.98180490732193,0.7438945174217224,1.15574312210083,0.5499209761619568,0.4347693622112274,0.4258964359760284,0.3209317922592163,0.2982307970523834,0.2886675596237182,0.294743150472641,0.3725292384624481,0.3331836462020874,0.0009576522571111,0.0003205291223553,0.0064200978878428,0.0024327418365141,31.977591168707647,1,Hyperfunktionelle Dysphonie,1608,i_n
-292.0946044921875,133.86817932128906,-9.101177215576172,73.59841918945312,59.98636245727539,45.51692581176758,-2.243597984313965,-1.831626057624817,29.6939697265625,2.054657459259033,-1.9808778762817385,-9.387491226196287,-8.548140525817871,19.154203414916992,4.645094871520996,6.818346977233887,6.690963268280029,6.79955005645752,5.097418785095215,4.546895503997803,5.061881065368652,5.3076701164245605,4.639947891235352,5.014666557312012,4.098525524139404,4.646581649780273,-0.0753791332244873,-0.081838920712471,-0.0314128026366233,-0.0133564108982682,0.0865090787410736,0.0601450763642787,-0.0101793212816119,0.0211987160146236,0.0861095637083053,0.0112744411453604,0.0790172591805458,-0.0025440794415771,-0.0497779622673988,2.279266595840454,0.6826810836791992,0.9910759925842284,1.0898655652999878,0.863574743270874,0.8035763502120972,0.7417256832122803,0.8736670017242432,0.8189473152160645,0.7973294854164124,0.863366425037384,0.731253981590271,0.7941634058952332,0.3214962482452392,0.0214511938393116,0.0663068816065788,-0.1816980987787246,-0.0859843790531158,-0.0678555145859718,0.0082208318635821,0.0662551447749137,-0.0087564513087272,-0.0235376972705125,-0.0011985388118773,0.0290601756423711,0.0181955154985189,1.3776062726974487,0.5530664920806885,0.6182799339294434,0.9122586250305176,0.7644492387771606,0.5915074944496155,0.5665591359138489,0.7235423922538757,0.6480687856674194,0.5439280271530151,0.564752995967865,0.5313178300857544,0.5139366388320923,0.0046198312795482,0.0021232551077704,0.0335658877143234,0.0128482094053877,23.38144784075992,1,Hyperfunktionelle Dysphonie,1637,i_n
-305.6936950683594,116.71756744384766,-27.67317008972168,100.03892517089844,53.30474090576172,39.794864654541016,-2.4672298431396484,-19.420095443725582,28.91658973693848,-5.805008411407471,-7.753695964813232,3.128706693649292,-21.99201393127441,23.060976028442383,5.297853946685791,11.823232650756836,9.651939392089844,5.444313049316406,8.098885536193848,6.290379047393799,4.824336051940918,3.101898670196533,4.008779048919678,3.173286199569702,3.276292324066162,3.809112071990967,-0.2858277261257171,-0.0970907881855964,-0.0056062201038002,0.0229053869843482,0.076136015355587,0.0746258944272995,0.0299497470259666,0.0236073527485132,0.0499180369079113,0.0346010662615299,0.0409230068325996,-0.0345190055668354,-0.048182338476181,2.6380932331085205,0.7852769494056702,1.236851930618286,1.2894845008850098,0.7989867925643921,0.7244617938995361,0.7828928828239441,0.6963175535202026,0.5851521492004395,0.5357800126075745,0.4856565594673157,0.4745794832706451,0.4550241827964782,0.4657993614673614,0.0074721295386552,0.1870754659175872,-0.2108499705791473,-0.1009017452597618,-0.0642515420913696,0.058715496212244,0.1236676946282386,-0.0300165172666311,-0.0024091592058539,-0.0084498617798089,0.0505269393324852,0.0770215168595314,1.6185665130615234,0.4033139646053314,0.7723814845085144,0.778598427772522,0.4871084988117218,0.4207672774791717,0.3505114316940307,0.5552838444709778,0.3028098344802856,0.359630286693573,0.3245822787284851,0.352974385023117,0.3783487975597381,0.0035645341652387,0.002029328512653,0.017223711559442,0.0076189384687217,27.18589974531839,1,Hyperfunktionelle Dysphonie,1643,i_n
-308.5950927734375,94.04793548583984,4.61995792388916,82.6654052734375,25.094322204589844,16.301979064941406,-22.516159057617188,4.209640979766846,9.665526390075684,-9.558073043823242,-8.372919082641602,-5.216545581817627,-20.50676155090332,15.348125457763672,6.176529407501221,4.736538410186768,4.587413787841797,5.91388750076294,4.956360340118408,5.7156291007995605,5.861578941345215,4.053483963012695,3.726963758468628,3.936464786529541,3.183519124984741,4.071273326873779,0.1028146967291832,0.0181127544492483,-0.0599405206739902,0.0159923322498798,0.0536550059914588,0.0874718129634857,0.0372117273509502,-0.0284157302230596,-0.0663990452885627,0.0347340740263462,0.0232278238981962,0.0455987341701984,-0.0066264304332435,1.1607308387756348,1.1367982625961304,0.7459623217582703,0.7747155427932739,0.7161535024642944,0.5000088810920715,0.707707405090332,0.6238135099411011,0.6383088231086731,0.5685967803001404,0.6157497763633728,0.5802688598632812,0.608633816242218,0.100556693971157,0.1208054795861244,0.048645831644535,-0.0069271777756512,-0.0050003957003355,0.0088417129591107,0.0191600304096937,0.0158759225159883,0.0186085551977157,-0.0127769382670521,-0.0207711271941661,0.0126971220597624,0.0181721858680248,0.7484980821609497,0.7154701948165894,0.5108358263969421,0.4560616612434387,0.5297317504882812,0.4286503493785858,0.4934558272361755,0.4066962599754333,0.4284100830554962,0.3931659162044525,0.532151997089386,0.4063592851161957,0.3979354202747345,0.0028082216948506,0.0016633817112865,0.0199398312196439,0.0100983708119584,24.22467079144039,1,Hyperfunktionelle Dysphonie,1648,i_n
-299.5073547363281,122.59334564208984,2.6379456520080566,116.00936126708984,21.77550506591797,28.53892517089844,-5.337595462799072,7.154003620147705,22.524259567260746,3.235987901687622,-27.44466590881348,2.8210225105285645,-7.793784618377685,14.964943885803224,5.5732855796813965,3.7360951900482178,8.146604537963867,6.8584303855896,4.669159889221191,4.6475510597229,4.10810136795044,3.7446177005767822,4.754283905029297,4.576078414916992,3.713712930679321,3.7322757244110094,-0.3155320286750793,0.1010924875736236,-0.0170523524284362,-0.0032032639719545,0.0926349535584449,-0.0216258969157934,0.0222884062677621,0.0027555874548852,-0.0152754690498113,0.0579298250377178,-0.0683404803276062,-0.0046231923624873,0.0163996499031782,1.5509936809539795,0.6841365098953247,0.6450290679931641,1.3002207279205322,0.7304903864860535,0.7145606875419617,0.7138488292694092,0.7595071196556091,0.5742985606193542,0.7037819623947144,0.6337360143661499,0.5356067419052124,0.5720975995063782,0.2363713979721069,0.0447198562324047,0.0679700225591659,-0.2416499108076095,-0.0604697950184345,-0.0843903571367263,0.0894171819090843,-0.0098674977198243,0.0164054632186889,-0.0129572115838527,0.0796288773417472,0.0353000052273273,-0.002334453864023,0.9947503805160522,0.3909449875354767,0.4544830918312073,1.0929940938949585,0.4994141459465027,0.5676877498626709,0.5920736193656921,0.6059104204177856,0.4305011928081512,0.5583932995796204,0.5649308562278748,0.459757387638092,0.4937324523925781,0.0036385537313396,0.0016938044663324,0.0361209857455404,0.0215640059694572,18.999054152701813,1,Hyperfunktionelle Dysphonie,1653,i_n
-332.728271484375,92.1086654663086,2.564159870147705,86.54965209960938,24.866943359375,34.55234146118164,-46.21809387207031,-0.4851382374763489,25.96720314025879,-28.48091125488281,-9.354089736938477,-8.828414916992188,-16.755285263061523,22.182781219482425,9.057382583618164,4.549859523773193,6.68222188949585,4.154381275177002,5.170751571655273,7.019565582275391,4.377010345458984,3.174931049346924,4.487332820892334,3.114256858825684,3.738922357559204,4.42112398147583,-0.3865694403648376,-0.2122837305068969,-0.0997005999088287,-0.1448706537485122,-0.137476697564125,-0.0238671246916055,-0.0217958986759185,-0.0465654656291008,-0.0541855283081531,0.0092455577105283,-0.0699404627084732,-0.0641732513904571,0.000804400537163,2.250796318054199,1.4218156337738037,0.7841669321060181,1.27156662940979,0.784511923789978,0.7288103103637695,1.4648135900497437,0.7627662420272827,0.5568469166755676,0.567421019077301,0.5241954922676086,0.6070817708969116,0.649569571018219,0.5141978859901428,0.294525533914566,0.0768017843365669,-0.2357939183712005,-0.0880248695611953,0.0126506527885794,0.1898683309555053,0.0018314098706468,-0.0181285012513399,0.0238983929157257,-0.0225361883640289,0.0124907651916146,0.0483565218746662,1.549187421798706,0.9995977878570556,0.5456936955451965,0.88203364610672,0.4959408044815063,0.5699466466903687,0.8106386065483093,0.598712682723999,0.4643023908138275,0.3942222595214844,0.3772216737270355,0.4876643419265747,0.4635989367961883,0.0074351764155256,0.0042403264758323,0.0335537029542155,0.0185241339396529,20.77554796659136,1,Hyperfunktionelle Dysphonie,1660,i_n
-272.90264892578125,106.79747009277344,-29.472137451171875,90.65796661376952,22.415271759033203,14.011627197265623,-42.878028869628906,-12.770305633544922,16.038896560668945,-32.76796340942383,-20.27216339111328,-24.576068878173828,-6.044702529907227,15.207229614257812,7.909366607666016,7.5484938621521,11.277728080749512,4.678093433380127,6.322453022003174,5.787502288818359,4.706593990325928,4.024209976196289,3.627760171890259,4.429205417633057,9.24782657623291,2.965331554412842,-0.1115737333893776,0.0165715888142585,-0.0152920903638005,-0.1340416371822357,0.0618061646819114,0.0584811568260192,-0.0353496335446834,-0.0572524107992649,-0.0052583524957299,0.0333702191710472,-0.0694442391395568,-0.1415987759828567,0.0138821285218,2.7586216926574707,1.3448649644851685,1.0224772691726685,1.4960229396820068,0.5657445788383484,0.4930474758148193,0.7786052227020264,0.5736627578735352,0.4718446731567383,0.5997107625007629,0.4870688915252685,0.6136645674705505,0.483479768037796,0.3998160362243652,0.1131199523806572,0.1574388891458511,-0.2203660458326339,-0.036981962621212,-0.0304948240518569,0.1031339615583419,0.0242898054420948,-0.0236772578209638,0.0777638107538223,0.0109751773998141,0.0467783138155937,0.0286975540220737,1.7231462001800537,0.7932420372962952,0.7163659930229187,0.9225310683250428,0.3664161562919616,0.4138723015785217,0.4694231450557709,0.3137761056423187,0.3179898560047149,0.4555080235004425,0.304613322019577,0.4386660754680633,0.3550741672515869,0.002686145785192,0.0016559674960888,0.0095759152872018,0.0049763691166886,26.33452273089392,1,Hyperfunktionelle Dysphonie,1669,i_n
-312.8219299316406,101.55612182617188,-13.619027137756348,88.0630111694336,28.186050415039062,21.237693786621094,-35.48664474487305,-2.334814548492432,12.11832332611084,-36.78835678100586,-5.726773738861084,-16.19657325744629,-5.221848487854004,26.16532325744629,8.258914947509766,4.5709333419799805,5.496013641357422,3.996325731277466,3.0111474990844727,3.5250747203826904,4.118404865264893,2.6603055000305176,3.641406297683716,3.648562669754028,3.3660776615142822,3.0354723930358887,0.3385539352893829,0.0131066069006919,0.0689598843455314,-0.0502494536340236,-0.0874465554952621,0.0264792144298553,0.0032311275135725,0.0159618817269802,0.0245164632797241,-0.0103181879967451,-0.0117610590532422,-0.0121984547004103,-0.0102361310273408,1.9286258220672607,1.2212257385253906,0.6744817495346069,0.955044150352478,0.6518852114677429,0.5216662883758545,0.6146485209465027,0.5027757287025452,0.467663437128067,0.5759116411209106,0.5213936567306519,0.419693648815155,0.4672745764255523,0.3038066625595093,0.164167433977127,0.1331827640533447,-0.1269680857658386,0.0069434838369488,-0.0237456336617469,0.0984467566013336,-0.0031481229234486,-0.0121343014761805,0.0807453617453575,-0.0360721200704574,0.0018993023550137,0.0015719789080321,1.209511399269104,0.6838634610176086,0.5828027129173279,0.5548582673072815,0.4058980941772461,0.396282434463501,0.4272479116916656,0.3139990270137787,0.3138560056686401,0.4720662534236908,0.3491645753383636,0.3276396989822387,0.3019085526466369,0.0026082456202009,0.0015370701364861,0.0151516203271931,0.0078620850900922,25.71595695399389,1,Hyperfunktionelle Dysphonie,1682,i_n
-384.3546142578125,108.44532775878906,-33.252777099609375,82.47441101074219,43.75237274169922,-9.696210861206056,-23.968664169311523,4.532448768615723,4.299587726593018,-14.383241653442385,-9.027100563049316,-30.487449645996094,-11.559322357177734,32.33732986450195,9.488954544067385,11.568415641784668,12.185626983642578,6.00950813293457,5.657885074615479,5.0652756690979,4.8603291511535645,4.990336894989014,4.498856544494629,6.299410820007324,5.486127853393555,5.273180961608887,-0.0842307582497596,-0.0184927117079496,-0.2077431976795196,0.1897830218076706,0.089653231203556,-0.0107845552265644,0.0329691581428051,0.0125434845685958,0.0459710508584976,0.0253803804516792,0.0375650562345981,-0.0632771328091621,-0.012895118445158,4.548117160797119,1.529078483581543,2.684425115585327,2.19267201423645,1.1487151384353638,0.8589557409286499,0.8626387715339661,0.912729263305664,0.609330952167511,0.8767836093902588,0.8749944567680359,0.969058394432068,0.8243426084518433,0.8300344944000244,0.1517047882080078,0.1807238906621933,-0.2370023429393768,-0.1546953916549682,0.0048791514709591,0.1272980272769928,0.0015704253455623,-0.0806349292397499,0.025563757866621,0.0106663396582007,0.0938610285520553,0.0263395365327596,3.423894166946411,0.6303169131278992,1.155311107635498,0.9109979271888732,0.76085364818573,0.382839560508728,0.6316045522689819,0.4498191773891449,0.5334546566009521,0.472207248210907,0.4985309839248657,0.553557813167572,0.5184493660926819,0.008134573265621,0.0051196809757364,0.0252113218352751,0.0147440746897946,30.028518434747816,1,Hyperfunktionelle Dysphonie,1686,i_n
-286.1631164550781,135.35220336914062,-47.95063018798828,73.50792694091797,54.14473724365234,12.438384056091309,-17.705520629882812,-14.839859008789062,13.666220664978027,-3.910529851913452,-12.619619369506836,-1.4955250024795532,-23.09952735900879,18.977947235107425,6.191738605499268,9.130897521972656,8.620530128479004,5.251352787017822,3.7888243198394775,4.429184436798096,3.661771297454834,3.996090888977051,2.7022294998168945,4.714035987854004,2.541033983230591,3.996567726135254,-0.4303091466426849,0.0061925332993268,-0.1857162714004516,0.066634863615036,0.0469256155192852,0.0225104242563247,0.0067841848358511,-0.1045488715171814,-0.0329431742429733,-0.0939458683133125,0.0023651213850826,0.0590771622955799,-0.1290939897298813,3.462369441986084,0.9698736667633056,1.492122769355774,1.1851513385772705,0.799927294254303,0.5450723171234131,0.5424038171768188,0.6328840851783752,0.4020079970359802,0.3915403187274933,0.6116279363632202,0.4241691529750824,0.6901636123657227,0.6742025017738342,0.0132759101688861,0.2757456004619598,-0.2517182230949402,-0.1323927044868469,-0.0283750128000974,0.0852517932653427,0.066656656563282,-0.029886994510889,0.025483813136816,0.0354180373251438,0.0044087092392146,0.0954377874732017,2.348503589630127,0.8236634731292725,0.9507587552070618,0.9723211526870728,0.7509121894836426,0.413866251707077,0.441876620054245,0.3093478381633758,0.3505900204181671,0.271989643573761,0.3702960908412933,0.2756021320819855,0.4031918942928314,0.0036759863694185,0.0022091104017025,0.0085716379108264,0.004571827500601,28.14473425376764,1,Hyperfunktionelle Dysphonie,1690,i_n
-360.6450500488281,132.38377380371094,18.64448928833008,82.85240936279297,74.22370910644531,35.282264709472656,4.47805118560791,-4.010006427764893,19.52033424377441,12.48305320739746,-5.412345886230469,-7.0286359786987305,-2.0957984924316406,24.280595779418945,6.077009677886963,4.78730058670044,9.21985149383545,9.105703353881836,4.993197441101074,3.981991291046143,4.507598400115967,4.2426042556762695,3.92985200881958,3.289846897125244,3.16821837425232,3.342864990234375,-1.0424083471298218,-0.1255693733692169,0.0124435955658555,0.2963044047355652,0.2309587299823761,0.0877101272344589,-0.0148517843335866,-0.0160606876015663,0.0734412744641304,-0.0013261465355753,0.0142859807237982,-0.0166925489902496,-0.032310601323843,4.322579860687256,0.8264862895011902,1.052811622619629,1.652978777885437,1.666976809501648,0.8002434372901917,0.5948092341423035,0.5921116471290588,0.6664570569992065,0.6590970158576965,0.5852736234664917,0.4305567145347595,0.4879173934459686,0.8963426947593689,0.1471684277057647,0.0616715401411056,-0.3380002081394195,-0.3645965456962585,-0.0989269912242889,0.1101575568318367,0.1349525302648544,-0.0337152816355228,-0.0504238158464431,0.0007082010852172,0.0760584250092506,0.0611934289336204,3.300234794616699,0.7320269346237183,0.6322264671325684,1.3049726486206057,1.1511520147323608,0.5460366606712341,0.5773004293441772,0.6007957458496094,0.5695269107818604,0.4893761277198791,0.4186124503612518,0.4154578149318695,0.4643734395503998,0.0078872378003605,0.0047556664854256,0.0634119746659555,0.0257468307481818,23.79350886790103,1,Hyperfunktionelle Dysphonie,1741,i_n
-286.1035461425781,116.11026000976562,-9.758096694946287,98.041748046875,26.8697566986084,15.85427951812744,-22.13178825378418,-4.497663021087647,30.134506225585938,-22.767868041992188,-21.27617645263672,2.729921817779541,-12.832001686096191,16.804168701171875,4.59000825881958,5.818058490753174,8.92052936553955,4.474910259246826,3.866306781768799,4.209866046905518,3.0798885822296143,4.490384578704834,3.4831089973449707,3.553271770477295,2.7090744972229004,3.548001527786255,-0.3670155107975006,-0.0521832518279552,-0.1033846512436866,0.2032807022333145,0.0827608332037925,-0.0093309180811047,-0.0821044147014617,-0.0474883466958999,0.1075087785720825,-0.0400330945849418,-0.0956313610076904,0.0012533323606476,-0.0713237151503562,2.8394365310668945,0.7413777112960815,0.9930264353752136,1.64895761013031,0.6861048936843872,0.6974462270736694,0.7049837112426758,0.5022904276847839,0.6238644123077393,0.6597802042961121,0.5572236180305481,0.3933576047420501,0.5287153124809265,0.5963159799575806,0.1323577314615249,0.1463144123554229,-0.2830007672309875,-0.0258850734680891,-0.0475893281400203,0.1065898537635803,0.0237150434404611,-0.078838974237442,0.0765779390931129,0.0446518398821353,0.0289735551923513,0.0698492005467414,2.157354593276977,0.5757699012756348,0.6698004603385925,1.0172736644744873,0.3898625075817108,0.4177924394607544,0.5233929753303528,0.3329946994781494,0.4945164918899536,0.4754776060581207,0.3837608993053436,0.3653750121593475,0.4501226842403412,0.0036243504320606,0.0020227939476953,0.0283334999087525,0.0139248625114981,24.814313732065823,1,Hyperfunktionelle Dysphonie,1745,i_n
-296.19561767578125,78.67906951904297,-21.94548797607422,101.46532440185548,11.048792839050291,16.36746597290039,-44.14466857910156,11.334514617919922,4.690678119659424,-23.289220809936523,-2.2412211894989014,-18.62582969665528,-2.3794548511505127,8.54176139831543,10.864571571350098,8.241905212402344,10.359464645385742,4.679605960845947,4.42345142364502,4.17338752746582,3.4699528217315674,5.547945499420166,3.5556411743164062,2.9916603565216064,7.19046688079834,5.982907295227051,-0.1920909881591797,0.0692052617669105,-0.1444998830556869,-0.4774753451347351,0.0609038434922695,-0.1820219010114669,-0.007722994312644,0.05327083542943,-0.0988507866859436,0.091002844274044,0.002447101753205,-0.2556737065315246,0.0827519968152046,1.6362091302871704,1.6263208389282229,1.1839579343795776,0.90998637676239,0.6807072162628174,0.4902849197387695,0.5618100166320801,0.5692167282104492,0.5429669618606567,0.6294654607772827,0.3868643343448639,0.6835096478462219,0.6913445591926575,0.2407811731100082,0.3377512097358703,0.2484660148620605,-0.0779508054256439,0.0814552679657936,0.0039145429618656,0.0694284215569496,0.0064558084122836,0.0263424441218376,-0.0286590121686458,-0.0247137956321239,-0.005746976006776,0.0056766318157315,0.974030077457428,1.0139806270599363,0.8624755144119263,0.4933193325996399,0.4995157122611999,0.4752468168735504,0.3937136530876159,0.5580328702926636,0.4020641446113586,0.435150146484375,0.3271536827087402,0.4042500257492065,0.3968670964241028,0.004344671223065,0.0025856025367353,0.0204624029268133,0.0110145478097878,21.553795287533724,1,Hyperfunktionelle Dysphonie,1753,i_n
-296.4741516113281,114.71410369873048,-8.963664054870605,83.44829559326172,29.471166610717773,20.35061454772949,-29.7491512298584,7.885022163391113,20.00622940063477,-4.681698322296143,-25.55245590209961,-4.447990417480469,-3.001459836959839,14.82282543182373,5.709792613983154,7.525613784790039,6.095434665679932,8.065291404724121,4.269988536834717,6.657418727874756,4.085207939147949,3.663471937179565,4.390571594238281,3.908200740814209,3.5978949069976807,3.844928026199341,-0.3974252343177795,-0.0665957331657409,0.0751955732703208,-0.0289641339331865,0.063523918390274,0.0914540812373161,-0.0594102777540683,0.0184494107961654,0.0502524487674236,0.0659104213118553,-0.0512839779257774,0.0352046191692352,0.0516576766967773,1.808882236480713,0.976758360862732,1.1425408124923706,1.0378875732421875,0.8164705634117126,0.7924554347991943,0.9228816628456116,0.6107887625694275,0.5811577439308167,0.5214129686355591,0.6055930256843567,0.7060396671295166,0.5993569493293762,0.30250945687294,0.1593485176563263,0.1497057229280471,-0.15641550719738,-0.0111631723120808,-0.0301584638655185,0.0756622850894928,0.0064898240379989,-0.0695461705327034,-0.0233993120491504,0.0498648285865783,0.0082954699173569,0.0121367294341325,1.253157377243042,0.8161221146583557,0.8173422813415527,0.7949536442756653,0.477672815322876,0.4992675483226776,0.4352123737335205,0.4812212586402893,0.5388320684432983,0.3892519474029541,0.4610770046710968,0.4000388979911804,0.4871517717838287,0.0023330111170076,0.0013838235326002,0.014288170998755,0.0066334892251331,27.035816491998272,1,Hyperfunktionelle Dysphonie,1754,i_n
-331.8705749511719,106.98452758789062,-21.07898712158203,79.92494201660156,37.64372634887695,31.41383934020996,-32.69757080078125,0.411031424999237,16.481842041015625,-21.6189022064209,-7.579547882080078,-6.533075332641602,-14.348671913146973,17.1574649810791,8.5378999710083,7.28804874420166,10.879791259765623,5.402200698852539,6.605415344238281,6.213062763214111,4.591249465942383,5.870788097381592,4.643111228942871,6.395756721496582,4.150357723236084,4.4426798820495605,-0.3980443477630615,0.0286734011024236,0.1054248586297035,-0.1487043350934982,-0.0640461668372154,0.0657855495810508,0.033092513680458,-0.0145482132211327,-0.0174818467348814,0.0365122258663177,-0.0245679691433906,-0.0239496491849422,0.0534542389214038,2.9346859455108643,1.3207218647003174,0.8915162682533264,1.4640990495681765,0.8381966352462769,0.9924646615982056,0.8570095300674438,0.6324464678764343,0.7507891654968262,0.6934887170791626,0.7480192184448242,0.6819139719009399,0.7277544140815735,0.599631667137146,0.2374098896980285,0.15415620803833,-0.2398701608180999,-0.0833823680877685,-0.0764016807079315,0.1206716001033783,0.0149761382490396,-0.0126745915040373,0.0631509125232696,0.0439158901572227,0.017272824421525,-0.0163909308612346,1.8987278938293457,0.8586596250534058,0.7050414681434631,0.9110733866691588,0.4887245595455169,0.4310044050216675,0.5763380527496338,0.4205329716205597,0.4164618849754333,0.4817788898944855,0.3466263115406036,0.3972766101360321,0.3639677464962005,0.0017602818115618,0.0009165850993304,0.0178651319033961,0.0072641064117791,29.19998424774196,1,Hyperfunktionelle Dysphonie,1758,i_n
-297.021240234375,109.7926788330078,-62.15085983276367,70.38370513916016,25.34234046936035,32.27208709716797,-29.17118453979492,-10.294206619262695,16.552236557006836,-9.592608451843262,-9.137592315673828,-2.188640594482422,-22.676443099975582,27.500356674194336,13.810702323913574,20.068443298339844,12.291183471679688,5.182417869567871,5.01831579208374,5.037612915039063,4.828067302703857,3.928334951400757,5.152663230895996,3.818662643432617,4.667819023132324,3.347633123397827,-0.1717791408300399,0.2019509226083755,0.1444352567195892,-0.2485730051994323,0.0107043841853737,0.0009640099015086,-0.0051345266401767,-0.0466556288301944,-0.067399613559246,0.0936606526374816,0.0011342532234266,-0.0678791925311088,-0.0186099484562873,5.888560771942139,1.7940579652786257,3.727543592453003,1.4636605978012085,1.1248955726623535,0.7107638120651245,0.8774611353874207,0.8913077116012573,0.611248254776001,0.6983775496482849,0.6230282187461853,0.5112301111221313,0.5484210252761841,0.342738002538681,0.2599104344844818,0.1053052768111229,-0.0422237031161785,0.025790549814701,-0.0463849790394306,0.1072228923439979,-0.0293019283562898,-0.0009011040092445,0.016254723072052,0.0124834915623068,0.0276226662099361,0.0674935355782508,3.165890693664551,1.359270691871643,1.888975739479065,0.8462888598442078,0.7683194875717163,0.5348483324050903,0.6464183330535889,0.5419610142707825,0.4430970549583435,0.437365174293518,0.4019580781459808,0.323866069316864,0.4220874011516571,0.0045513300229472,0.0025821727254862,0.0259223431070671,0.0124362870101868,23.66029590530948,1,Hyperfunktionelle Dysphonie,1777,i_n
-330.0691833496094,94.73613739013672,-18.76490974426269,95.4936294555664,25.144624710083008,17.167510986328125,-23.53380012512207,5.700358867645264,3.530388355255127,-15.686483383178713,-7.48189115524292,-22.072111129760746,-1.5518490076065063,35.1384162902832,11.1934175491333,8.62147331237793,5.558765411376953,7.492413997650146,5.746242523193359,5.493097305297852,5.681013584136963,7.108725547790527,4.941636562347412,3.960616111755371,6.0378947257995605,3.300679445266724,0.3076112270355224,0.0647027269005775,-0.0090581653639674,-0.1397854536771774,0.0433467216789722,-0.0054141781292855,0.0456574745476245,0.0496441833674907,-0.06389731913805,0.0646605193614959,-0.0180217120796442,-0.0437618531286716,0.0234663151204586,2.4546358585357666,1.473727822303772,1.1096783876419067,0.8219493627548218,0.7344332933425903,0.6425368189811707,0.8091088533401489,0.5968381762504578,0.7028248906135559,0.6523498296737671,0.6671923398971558,0.743738055229187,0.5788016319274902,0.189016655087471,0.1729552894830703,0.1510925441980362,-0.0916453525424003,-0.0200779791921377,0.034088235348463,0.0478351935744285,-0.0178624205291271,0.0282909516245126,-0.0128210224211215,-0.0285583101212978,0.0396789163351058,-0.0340542085468769,1.2520475387573242,1.0560001134872437,0.8619268536567688,0.6524326205253601,0.4325383603572845,0.4816665351390838,0.5181742906570435,0.3979849517345428,0.4791660606861114,0.4424481689929962,0.3939455151557922,0.4714686870574951,0.4178828299045563,0.0062994607228586,0.0036801609258148,0.0463569547874322,0.0259713739594019,23.2349350601412,1,Hyperfunktionelle Dysphonie,1778,i_n
-284.36480712890625,104.0996322631836,-17.043973922729492,76.29005432128906,20.548229217529297,25.454708099365234,-7.18408203125,-22.4952335357666,8.098644256591797,16.959972381591797,-21.23750877380371,-19.045759201049805,5.836241245269775,27.432836532592773,6.415342807769775,8.732603073120117,8.380995750427246,4.262303829193115,4.963118553161621,4.074996948242188,7.202823162078857,5.419541835784912,3.484936475753784,4.468647480010986,4.214473247528076,2.9694180488586426,-1.1035915613174438,-0.0937088802456855,0.0234340038150548,-0.022696528583765,-0.0953055024147033,0.0499914325773716,-0.0241556614637374,-0.1728085875511169,0.0639630332589149,0.0768853574991226,-0.0747632980346679,0.007219205610454,0.0195096544921398,2.848372220993042,1.0290133953094482,1.133800387382507,1.5912868976593018,0.788450300693512,0.6881274580955505,0.7042831182479858,0.5685293078422546,0.5465620160102844,0.5729982256889343,0.4122188985347748,0.6309324502944946,0.5460465550422668,0.6651674509048462,0.2424142360687255,0.1614722907543182,-0.2691815793514251,-0.0546078234910965,-0.0849341452121734,0.129592940211296,0.0887508541345596,-0.0337810181081295,-0.0370809026062488,0.0714623183012008,0.0574330724775791,-0.0128233544528484,2.282769203186035,0.933489203453064,0.6286200284957886,1.0618339776992798,0.5678668022155762,0.5065242648124695,0.5992931127548218,0.5248167514801025,0.4320879876613617,0.3984071016311645,0.4185747504234314,0.3683620095252991,0.3772434592247009,0.002090822828643,0.0010654457529861,0.0133909302798093,0.0058975907538735,29.55509265137836,1,Hyperfunktionelle Dysphonie,1786,i_n
-354.4923095703125,113.88966369628906,12.487013816833496,100.64324951171876,21.83282470703125,29.959720611572266,13.88684368133545,-5.825533390045166,27.726673126220703,-6.763401985168457,-16.09982681274414,-2.094417095184326,-16.606796264648438,35.408470153808594,7.368983268737793,4.790420055389404,8.748878479003906,5.760635852813721,4.882049560546875,4.246685981750488,5.374043941497803,4.990381717681885,4.47222900390625,3.92984938621521,3.281213998794556,3.523978471755981,0.0627160817384719,0.0358096696436405,0.0382279865443706,0.1459721475839615,0.0143435755744576,0.065535120666027,0.0044710426591336,-0.0128001067787408,0.0533934161067009,-0.0539876297116279,-0.0265926141291856,-0.0097575103864073,-0.0348457060754299,2.917306423187256,0.9000725746154785,0.6961789727210999,1.4663591384887695,0.6957575082778931,0.7208704352378845,0.6719387173652649,0.7149409055709839,0.7200444340705872,0.5342121720314026,0.4668670892715454,0.5029461979866028,0.6033517122268677,0.3757720589637756,0.1114210858941078,0.0672559291124343,-0.2150234878063202,-0.0367647930979728,-0.0079621179029345,0.0295064244419336,0.0327686257660388,-0.0615499354898929,0.0082341581583023,0.0417166873812675,0.0176856145262718,0.0370660983026027,1.751452088356018,0.6606791019439697,0.4756953716278076,1.0631611347198486,0.5009670853614807,0.5647550821304321,0.5437744855880737,0.4697279930114746,0.5679077506065369,0.4439679384231567,0.4464661180973053,0.4693379402160644,0.4578292369842529,0.0024576326188822,0.0013576345593301,0.0425710762452609,0.0137642503716326,25.220647018429272,1,Hyperfunktionelle Dysphonie,1792,i_n
-290.9549865722656,107.80313873291016,-38.37661743164063,80.06959533691406,27.407209396362305,1.5157132148742676,-48.65468978881836,10.338208198547363,-1.817132830619812,-30.12269401550293,-4.047916889190674,-26.947662353515625,-13.662809371948242,15.223898887634276,8.064910888671875,6.001878261566162,6.296950817108154,4.413863658905029,3.732264280319214,3.631715774536133,3.683075189590454,3.45405387878418,3.227071046829224,3.386813402175904,3.517393112182617,3.9308536052703857,-0.2517693638801574,0.1606966406106948,0.0017178821144625,-0.0677978843450546,-0.0090498244389891,-0.079737477004528,-0.0294646676629781,-0.0242842733860015,0.0374100655317306,-0.0186668001115322,0.017517615109682,0.0349087119102478,0.0011548504699021,1.5769038200378418,1.2986723184585571,0.9074817299842834,0.7670999765396118,0.6031545400619507,0.6423317193984985,0.6962280869483948,0.5095366835594177,0.4909461736679077,0.5412585735321045,0.5698922276496887,0.559868335723877,0.5597583055496216,0.1697408705949783,0.2243662178516388,0.131811261177063,-0.0083162663504481,0.0479362718760967,0.0241622012108564,0.0696564242243766,0.0144738079980015,0.0422646179795265,0.0283193383365869,0.052005548030138,0.0457598306238651,0.0542261786758899,0.9320887327194214,1.1411596536636353,0.7335329651832581,0.5004802942276001,0.4800548851490021,0.4080984890460968,0.4403921365737915,0.3036097288131714,0.3644295930862427,0.378222644329071,0.4151667058467865,0.3485714793205261,0.4339962601661682,0.0033261769997174,0.0019354145773636,0.0124650489651449,0.00676929399258,24.154949431243075,1,Hyperfunktionelle Dysphonie,1794,i_n
-294.8658142089844,100.77139282226562,-28.121990203857425,95.43093872070312,24.584030151367188,23.596412658691406,-30.21502685546875,-15.95982837677002,26.82676124572754,-22.36725616455078,-12.366939544677734,-9.642606735229492,-17.046607971191406,19.248640060424805,6.978720664978027,10.787335395812988,6.55801248550415,6.552486896514893,3.993299722671509,4.248962879180908,4.554542064666748,4.241328239440918,3.031743049621582,4.12191915512085,2.581576108932495,4.520542144775391,-0.3678809106349945,-0.0475948117673397,-0.0775573775172233,-0.0277590621262788,0.0472969561815261,-0.0122596155852079,-0.0665763914585113,-0.0728960111737251,0.0964300036430358,-0.0122741563245654,-0.0644153207540512,0.002783979056403,-0.0103908516466617,1.7440851926803589,0.983671009540558,1.2574090957641602,0.9659945368766784,0.6213927268981934,0.5949645638465881,0.6171842217445374,0.5199127197265625,0.5474538207054138,0.4731610119342804,0.534268319606781,0.4498622119426727,0.482761800289154,0.3557696938514709,0.1331903934478759,0.1337970495223999,-0.2017859369516372,-0.0182955469936132,0.0006677524652332,0.108108066022396,0.0522507056593894,-0.0348830372095108,0.0248812213540077,-0.014411904849112,0.0303571224212646,0.0342582464218139,1.340958595275879,0.5679041743278503,0.5177830457687378,0.7928448915481567,0.4488251805305481,0.4150785207748413,0.5231117010116577,0.3436885476112366,0.3585206866264343,0.3835537731647491,0.2788164615631103,0.2788589000701904,0.3381733894348144,0.0019577837410306,0.0010801431638421,0.0155636901483496,0.0074651753890273,27.57519010553053,1,Hyperfunktionelle Dysphonie,1800,i_n
-340.19293212890625,127.5414810180664,-16.216964721679688,74.61580657958984,64.9239273071289,1.379847764968872,-31.926958084106445,13.04405403137207,19.7479305267334,-24.313859939575195,-4.7690510749816895,7.3028435707092285,-16.753402709960938,21.07415771484375,18.607032775878903,7.001952648162842,8.488648414611816,5.4214372634887695,4.899649620056152,4.866068363189697,7.49191427230835,3.814832925796509,4.067925453186035,3.3717758655548096,4.557852745056152,4.04339075088501,-0.3587468266487121,-0.2212766408920288,0.1546274274587631,-0.2465565800666809,-0.0358042642474174,0.0684477463364601,0.1318451911211013,0.0167926736176013,-0.0673732161521911,0.0548056364059448,0.0379967801272869,-0.0438943915069103,0.1302154660224914,2.6911582946777344,2.43379020690918,0.8742638230323792,0.7502197623252869,0.9500571489334106,0.6101481318473816,0.9474093317985536,0.8103488087654114,0.6919576525688171,0.6600736975669861,0.5336588621139526,0.5794256925582886,0.5903151631355286,0.3125419318675995,0.1260115802288055,0.1772098839282989,-0.1370920538902282,-0.1584231257438659,0.0483557321131229,0.1076084747910499,-0.0188262108713388,-0.0458230935037136,0.0678892061114311,-0.0016925352392718,-0.0044819810427725,0.0457946211099624,1.6174414157867432,0.9477537274360656,0.747585654258728,0.6026657819747925,0.7569654583930969,0.4375540316104889,0.4563477039337158,0.4290529489517212,0.3863698244094848,0.5265771746635437,0.3576222956180572,0.4237220883369446,0.4010141491889953,0.003456874369167,0.0014309273776617,0.0391314388065333,0.0193092375761083,27.994937340697632,1,Hyperfunktionelle Dysphonie,1802,i_n
-268.24102783203125,140.50331115722656,4.319074630737305,84.07373809814453,33.86152267456055,64.68502044677734,-31.73070335388184,-8.903048515319824,22.90062713623047,3.43670392036438,-1.1078639030456543,-21.33485412597656,4.207334518432617,27.40633201599121,5.863941669464111,8.317620277404785,5.683879375457764,7.361296653747559,5.831175804138184,4.862466812133789,5.565310478210449,5.797102451324463,4.520419120788574,4.041029453277588,4.044264316558838,3.905280113220215,0.1639197468757629,0.0998439565300941,0.0263212081044912,-0.0078204227611422,-0.0491694062948226,0.0281266719102859,-0.0739698410034179,-0.0584623217582702,-0.0256036911159753,-0.017332799732685,0.0251101534813642,-0.0539837032556533,-0.0502533167600631,1.9980376958847048,0.8153236508369446,1.0917587280273438,0.8130632638931274,0.8822603225708008,0.8700780272483826,0.9811411499977112,0.9155009984970092,0.6820310950279236,0.8654794096946716,0.7608234882354736,0.7083027958869934,0.6596440672874451,0.0553828626871109,-0.0022110838908702,0.046401385217905,-0.0884284600615501,-0.0303923580795526,-0.0693771541118621,0.0638810396194458,0.0002182101161452,-0.0202931091189384,0.0126278474926948,0.030206523835659,-0.001530839712359,-0.0156193180009722,0.9742088317871094,0.4678342044353485,0.6532247066497803,0.6598198413848877,0.5235517621040344,0.6275204420089722,0.6150398850440979,0.6085963249206543,0.4928565621376037,0.6311349868774414,0.5483906269073486,0.5571553707122803,0.4942290484905243,0.0125810583627967,0.0065441756787406,0.0351534324908994,0.015521767853984,14.82539845966916,1,Hyperfunktionelle Dysphonie,1812,i_n
-353.0755615234375,88.61884307861328,1.1121439933776855,106.3831024169922,36.037052154541016,-2.178287982940674,-11.09475803375244,3.9125332832336426,11.060307502746582,-15.7142915725708,-16.92641258239746,-6.887354373931885,-0.6045463681221008,27.22650718688965,11.241368293762209,9.876636505126951,10.152339935302734,6.361762046813965,5.529163837432861,6.322381496429443,8.981742858886719,5.173457145690918,5.594313621520996,8.776286125183105,3.983722925186157,6.876769065856934,0.1719845682382583,0.1526196897029876,0.0248678717762231,-0.1849239766597747,0.1311606168746948,0.1147965192794799,-0.2199097275733947,-0.2416713684797287,0.0788933262228965,-0.0047053429298102,-0.2015919834375381,0.0442310124635696,0.0378455147147178,4.256611347198486,1.7687219381332395,1.2441141605377195,1.6897423267364502,0.6706988215446472,0.7663218975067139,0.8260941505432129,0.8147767782211304,0.7195435166358948,0.8147172927856445,0.9104982614517212,0.5717740654945374,0.9586597681045532,0.8059572577476501,0.3695834279060364,0.1867332309484481,-0.3731938302516937,-0.0463463068008422,0.0534190982580184,0.1337988823652267,0.0659716501832008,-0.0733532980084419,0.0466182306408882,0.0186303257942199,0.0069043235853314,-0.067488856613636,2.495428562164306,1.279658555984497,0.8699836134910583,1.1750681400299072,0.5479186177253723,0.5714942216873169,0.6151381134986877,0.3962633907794952,0.4088499844074249,0.411256343126297,0.3907951414585113,0.4068440794944763,0.4430513978004455,0.0011354066659293,0.0003553953036388,0.0082309261066571,0.0020564893407852,36.28496391497109,1,Hyperfunktionelle Dysphonie,1813,i_n
-292.15380859375,96.0171890258789,-10.734736442565918,110.49739074707033,24.022573471069336,10.160356521606444,-34.73295974731445,0.6086798906326294,5.609882831573486,-16.97250747680664,-17.800935745239258,-9.247620582580566,-15.334433555603027,16.6947021484375,8.435558319091797,5.0820794105529785,8.904730796813965,5.176499843597412,3.490332841873169,5.070338726043701,4.378921985626221,2.60874605178833,3.709834098815918,5.972972869873047,3.2967946529388428,3.7534608840942383,0.3503984212875366,-0.0320291295647621,-0.0355344042181968,-0.2322800755500793,-0.0110539300367236,0.0224535726010799,-0.0142947873100638,-0.0824886709451675,-0.0015059909783303,0.0335852615535259,-0.1061254143714904,0.0004847921954933,-0.0196179263293743,1.775671362876892,1.5454120635986328,0.7665864825248718,1.4108461141586304,0.6182892322540283,0.518135666847229,0.7019782662391663,0.4804635047912597,0.4093407690525055,0.4939820468425751,0.5009868741035461,0.5574878454208374,0.5480828881263733,0.3260230123996734,0.2795737385749817,0.1100586801767349,-0.2182385027408599,-0.0423093065619468,0.0275837145745754,0.1278148740530014,0.0110863829031586,0.0075541166588664,0.020472852513194,0.042855754494667,0.0779809951782226,0.0884712785482406,1.3707565069198608,1.118698000907898,0.6455712914466858,0.8889174461364746,0.476289838552475,0.4411645233631134,0.6511695384979248,0.384144127368927,0.309442788362503,0.3347464203834533,0.4467304348945617,0.4519045352935791,0.527726948261261,0.0027950796001493,0.001614065546129,0.016004059010076,0.0086538154262256,26.246494591579527,1,Hyperfunktionelle Dysphonie,1816,i_n
-289.5323791503906,116.1777114868164,0.1917354315519333,95.11881256103516,32.597896575927734,37.5351791381836,-32.414974212646484,-1.425324559211731,24.07356834411621,-27.013351440429688,-7.097738265991211,-10.168603897094728,-10.00816822052002,9.88821792602539,3.775351285934448,4.184350490570068,3.138183116912842,5.623197078704834,3.836785078048706,4.072209358215332,3.096313714981079,4.346195697784424,3.408811092376709,2.5453402996063232,3.075058460235596,2.796964168548584,0.1158010065555572,-0.0479652509093284,-0.062399499118328,0.0004500071227084,0.0497030690312385,0.034501276910305,-0.0039793993346393,-0.0257019605487585,0.0427470616996288,0.0133212460204958,-0.0218489542603492,0.0282177347689867,-0.0336594469845294,0.960652470588684,0.5830957293510437,0.6756907105445862,0.487684816122055,0.548190712928772,0.6921172142028809,0.6217314600944519,0.4940470457077026,0.5520704984664917,0.4564763009548187,0.4441835880279541,0.5355826616287231,0.4729579091072082,0.0998020246624946,0.1145098358392715,0.1029489114880561,-0.0514607839286327,-0.0303368996828794,-0.0275371335446834,0.0468992963433265,0.0359371379017829,-0.0230590030550956,0.0272813607007265,0.0128277037292718,0.0103827370330691,0.0200011041015386,0.7775465846061707,0.5725060105323792,0.570932149887085,0.4331330358982086,0.4130178391933441,0.3997353613376617,0.4282857775688171,0.4245443046092987,0.3356957137584686,0.3744490146636963,0.3761158585548401,0.3135324716567993,0.3713907897472381,0.0028820455395642,0.0017146072727011,0.0180608757044249,0.0091419956624506,26.89775465374072,1,Hyperfunktionelle Dysphonie,1822,i_n
-342.757080078125,77.7267837524414,2.214224576950073,114.62051391601562,18.85944175720215,15.230552673339844,-6.437504291534424,-7.515606880187988,22.39656448364257,-12.997737884521484,-15.966557502746582,-4.020034790039063,2.05597186088562,25.91778564453125,11.353066444396973,7.857333183288574,9.893489837646484,5.872453212738037,4.631714344024658,5.5762038230896,3.1554417610168457,3.777031421661377,6.363620758056641,4.763360500335693,4.594695568084717,5.343164443969727,-0.7241154909133911,-0.0757978335022926,-0.0304010938853025,0.0157978329807519,0.0930560007691383,-0.0207799971103668,-0.1022655665874481,-0.0564905777573585,0.043626632541418,-0.0899505317211151,-0.0422626696527004,0.0340624302625656,-0.017379930242896,3.70975923538208,2.0092933177948,1.0861108303070068,1.799180507659912,0.8450102806091309,0.6744362115859985,0.7801718711853027,0.5153704285621643,0.7002782225608826,0.4992078244686126,0.4511305093765259,0.710443913936615,0.8443504571914673,0.646562397480011,0.2790553569793701,0.0868836268782615,-0.3432497382164001,-0.0250872131437063,-0.0167114604264497,0.030800063163042,-0.0087175173684954,-0.0954667627811431,0.0018362539121881,0.0071158688515424,-0.0150333708152174,-0.0357878059148788,2.306931257247925,1.1624070405960083,0.6645164489746094,1.2597277164459229,0.5123415589332581,0.3977398574352264,0.5144157409667969,0.3179672360420227,0.4707332849502563,0.3602448105812073,0.3220188021659851,0.4433853030204773,0.5058287978172302,0.0027055068120074,0.0014451848323954,0.0150937782423411,0.006757804349126,28.197657004008786,1,Hyperfunktionelle Dysphonie,1823,i_n
-344.447998046875,132.70379638671875,-20.68473243713379,68.78301239013672,53.16947555541992,39.5869255065918,-16.535140991210938,-8.650856018066406,29.81269836425781,-16.081100463867188,-18.583776473999023,3.3708229064941406,-16.683547973632812,25.98873710632324,4.953835964202881,6.897188663482666,4.54197883605957,6.807789325714111,3.668663024902344,4.084343910217285,4.169355869293213,3.8806886672973633,3.3546571731567383,2.404319524765014,2.4460902214050293,2.703822374343872,0.3012622892856598,-0.069350890815258,-0.0155151858925819,0.1300628930330276,0.0334943383932113,-0.0247829426079988,-0.0707916468381881,0.004170665051788,-0.0156384799629449,-0.0711246505379676,-0.0407687127590179,0.0351146720349788,0.0181891787797212,1.3524266481399536,0.9016476273536682,1.0599102973937988,0.6586204767227173,0.7801532745361328,0.5352768301963806,0.6112454533576965,0.6739338636398315,0.5310658812522888,0.5472474694252014,0.407721996307373,0.3293997049331665,0.4916156232357025,0.087516151368618,0.079325832426548,0.0756300091743469,-0.0229830499738454,-0.0147378956899046,-0.0271801855415105,0.0407461635768413,0.0670484006404876,0.0124631458893418,0.0228785444051027,0.0024511581286787,-0.0278838947415351,0.0144162680953741,0.656305730342865,0.5073391795158386,0.5664175152778625,0.3944493234157562,0.431682825088501,0.3534316420555115,0.4046606123447418,0.4941222369670868,0.3381297588348388,0.3905782699584961,0.2809990048408508,0.2581266164779663,0.31070077419281,0.0022745787754559,0.0011012460371794,0.0141626919488597,0.0058021334145133,30.48027504018397,1,Hyperfunktionelle Dysphonie,1861,i_n
-283.0899963378906,101.67889404296876,-7.936389923095703,76.5505599975586,46.83753967285156,21.16215705871582,-44.22404479980469,-0.4090212881565094,18.74799919128418,-21.639137268066406,-8.905169486999512,-5.652785778045654,-11.916804313659668,17.683401107788086,7.318421840667725,7.175002574920654,6.083188056945801,4.878380298614502,4.180521965026856,5.945605278015137,4.81805419921875,3.7346270084381104,3.39249038696289,3.176866292953491,4.237940788269043,4.02718448638916,0.1219619140028953,0.0152829587459564,0.1816519498825073,-0.2956704199314117,-0.188002273440361,-0.1313434094190597,0.1562379300594329,-0.0427180714905262,-0.0748743191361427,0.1174458041787147,-0.1072099804878234,-0.0992590188980102,0.1413071900606155,2.215517520904541,1.2365318536758425,1.1187753677368164,0.910585343837738,0.6837043762207031,0.6080378890037537,0.9361842274665833,0.5767565369606018,0.6092026829719543,0.4823887050151825,0.662231981754303,0.5807438492774963,0.5764802694320679,0.3149220645427704,0.3232360780239105,0.1628463715314865,-0.1342647522687912,-0.0450339578092098,0.0154013065621256,0.1312616616487503,0.0115351304411888,-0.07329573482275,-0.0160033125430345,-0.0300691481679677,-0.0153354704380035,0.044517770409584,1.3972750902175903,1.1121255159378052,0.6806248426437378,0.8941330909729004,0.6038289666175842,0.5196685791015625,0.5154410600662231,0.4327485263347626,0.4732810854911804,0.4108813405036926,0.4312295317649841,0.5154224634170532,0.4127897918224334,0.0046542070141075,0.0027948932709161,0.029190025506829,0.0154073701818349,22.91475732678588,1,Hyperfunktionelle Dysphonie,1887,i_n
-290.52947998046875,106.86021423339844,-4.505423545837402,80.89085388183594,31.7896671295166,21.7408447265625,-16.256946563720703,-4.076639175415039,11.547760009765623,-6.936933994293213,-14.615304946899414,-18.647754669189453,-2.389291763305664,12.650116920471191,7.779545783996582,5.940145969390869,5.093039035797119,3.962488174438477,3.641679763793945,3.7535321712493896,4.851415157318115,3.7256906032562256,3.830289840698242,3.758312702178955,3.37858510017395,3.4901468753814697,-0.0130466492846608,-0.1952405273914337,-0.0087654674425721,-0.0481753870844841,0.0580195225775241,-0.0153227876871824,0.0176534503698349,-0.0123682618141174,0.0631030723452568,0.0127156749367713,-0.0127008641138672,0.0065242978744208,-0.0382130146026611,1.3292312622070312,1.411868453025818,0.7109711170196533,0.8268043994903564,0.7517282366752625,0.6027668118476868,0.5765968561172485,0.6392525434494019,0.5537246465682983,0.7293539047241211,0.5084168314933777,0.5838152766227722,0.6047502160072327,0.1843958348035812,0.1873705983161926,0.0730559304356575,-0.0822762697935104,-0.043797593563795,0.0083695817738771,0.0576884485781192,0.0577092431485652,0.0156926326453685,-0.0004661414423026,0.0199938416481018,0.0129398871213197,0.0396647974848747,1.1406595706939695,0.7538191080093384,0.514478325843811,0.669244110584259,0.4513480365276336,0.44815394282341,0.406372457742691,0.4915657639503479,0.4971996247768402,0.449269562959671,0.3995543420314789,0.3699692487716675,0.5406067371368408,0.002656086148738,0.001528676104753,0.0177686972080455,0.0087047326815801,25.190129531352937,1,Hyperfunktionelle Dysphonie,1888,i_n
-318.52130126953125,108.6417236328125,-8.61099624633789,82.68343353271484,31.78368759155273,20.395652770996094,-17.863893508911133,13.192315101623535,16.096952438354492,-18.981075286865234,7.777265548706055,-12.42967128753662,-9.576186180114746,24.581302642822266,8.438477516174316,12.532309532165527,11.75540542602539,7.746484279632568,7.084770202636719,8.561580657958984,3.854440927505493,5.994343280792236,5.019411087036133,4.976697444915772,5.877557277679443,4.7267351150512695,-0.4848990738391876,0.1423406451940536,0.1152690276503562,0.1595099121332168,0.1419532001018524,0.0062550366856157,-0.1280946284532547,-0.0758829116821289,-0.0221478343009948,-0.0750386118888855,-0.2342845946550369,-0.1849645674228668,-0.0029975811485201,2.9515414237976074,1.414214015007019,1.4156267642974854,2.2148854732513428,0.9701818823814392,0.8563871383666992,1.1294784545898438,0.4603119790554046,0.7805142402648926,0.827904462814331,0.6579812169075012,0.9741153717041016,0.6739548444747925,0.9392315149307252,0.349690705537796,0.2806498110294342,-0.4935541152954101,-0.1261939108371734,-0.061012115329504,0.2224416583776474,-0.0422841571271419,-0.0936507582664489,0.1038632690906524,-0.1307856440544128,0.010878536850214,-0.0163335092365741,2.707167387008667,0.9643023610115052,0.7862157821655273,1.3264126777648926,0.6605163812637329,0.4850210845470428,0.6424981951713562,0.5040847063064575,0.5063765645027161,0.4544689953327179,0.6979698538780212,0.4982107579708099,0.4451743066310882,0.0026756679881646,0.0014535321410807,0.0192927257242808,0.0094871366679145,29.26647693971637,1,Hyperfunktionelle Dysphonie,1891,i_n
-303.0294494628906,83.6685562133789,-33.44168472290039,91.49156188964844,31.15203285217285,11.935359001159668,-15.75655460357666,-0.4645388424396515,14.541070938110352,-14.47570514678955,-19.626205444335938,-6.578470230102539,-9.45945930480957,30.08931350708008,13.630572319030762,11.382996559143066,14.307360649108888,5.721730709075928,3.4728481769561768,5.253889560699463,4.581378936767578,4.570268630981445,3.861888885498047,6.981196403503418,5.951839923858643,5.145098686218262,-0.215077057480812,0.3282454013824463,-0.0678813308477401,0.0831712484359741,0.2558993697166443,0.1631119847297668,-0.1987589597702026,-0.1438000202178955,-0.1218172088265419,0.0218597631901502,-0.1168221160769462,-0.2778621315956116,0.0286270733922719,6.248980522155762,2.793841361999512,2.11620831489563,2.9165117740631104,1.3156613111495972,0.564121425151825,0.9246375560760498,0.5957832336425781,0.900507926940918,0.7007297277450562,0.8703541159629822,1.0227729082107544,0.8181806206703186,1.6667906045913696,0.6202014684677124,0.5769855976104736,-0.6039372682571411,-0.1300220787525177,-0.0370660722255706,0.2674501538276672,0.0090770004317164,-0.145544096827507,0.0595178231596946,0.1024473756551742,0.0502582862973213,0.1029527485370636,3.460688352584839,1.386542558670044,1.246618390083313,1.4369398355484009,0.4990808367729187,0.3796682357788086,0.7346747517585754,0.4948942065238952,0.470724493265152,0.4708181917667389,0.6125379800796509,0.4692567586898803,0.4738578200340271,0.0026016361934418,0.0014313488897723,0.0073217860966825,0.0032702111834393,28.82189039990309,1,Hyperfunktionelle Dysphonie,1895,i_n
-333.43243408203125,113.52909088134766,8.933918952941895,97.14744567871094,31.78114318847656,12.966512680053713,-44.61743927001953,9.18638801574707,17.348316192626953,-20.46163749694824,-4.738006114959717,-42.002708435058594,-24.23052978515625,10.748930931091309,7.629481315612793,7.883852005004883,4.944238662719727,3.686309814453125,4.569916725158691,4.999344348907471,3.685450792312622,3.1065783500671387,3.4851391315460205,4.790985107421875,5.684031009674072,4.081728935241699,-0.2053289711475372,-0.097860001027584,0.1146690547466278,0.0692988857626915,0.0024328636936843,-0.0575609058141708,0.014218233525753,0.0242822095751762,-0.00334332883358,0.0020788295660167,-0.0871964693069458,-0.1243915855884552,-0.041795764118433,1.7713004350662231,1.3698235750198364,0.7025708556175232,0.8419106006622314,0.503275990486145,0.6444226503372192,0.709291934967041,0.5077004432678223,0.440260112285614,0.5617234110832214,0.4429304301738739,0.6706443428993225,0.6918355822563171,0.1706401705741882,0.1813678443431854,0.0724672302603721,-0.0674831718206405,-0.0560030750930309,0.0168779753148555,0.0766295865178108,0.0409358665347099,0.0203740950673818,-0.0021586222574114,0.0292551666498184,0.0424891859292984,0.0661583468317985,0.9407694935798644,0.94503915309906,0.5530645251274109,0.6236850023269653,0.4701657295227051,0.454001247882843,0.4897132217884063,0.395012229681015,0.4037401974201202,0.4083192944526672,0.3193796873092651,0.3728515207767486,0.456800252199173,0.0064414571288384,0.0041750082897299,0.0200269779952987,0.0112500608891489,26.582062292549736,1,Hyperfunktionelle Dysphonie,1898,i_n
-373.1292724609375,93.92649841308594,20.84259414672852,68.0306396484375,37.68783950805664,17.296977996826172,-9.483717918395996,-0.8810777068138123,23.40372657775879,-1.7352046966552734,-18.47791862487793,-4.271456241607666,-1.489355444908142,23.973352432250977,8.040836334228516,11.742122650146484,9.926383972167969,5.653597831726074,4.200363636016846,5.2825775146484375,4.768963813781738,4.744953632354736,5.629790782928467,4.127334117889404,5.70180606842041,2.8263580799102783,-0.2880351543426513,-0.0948577150702476,0.2238761484622955,-0.2969478666782379,-0.1515251994132995,0.0131146404892206,0.0668057799339294,-0.1068313866853714,-0.0541445165872573,0.0724777057766914,-0.0814942717552185,-0.0500888377428054,-0.0184035450220108,2.521491289138794,1.5449891090393066,1.533974051475525,0.7737064957618713,0.9323144555091858,0.6498043537139893,0.8294839262962341,0.7381615042686462,0.7705273628234863,0.5712184309959412,0.6048879623413086,0.7182763814926147,0.4063971638679504,0.2084416151046753,0.2661609947681427,0.084006667137146,-0.0334313847124576,-0.005305646918714,-0.0364042408764362,0.0731720626354217,0.0706722140312194,-0.0845428481698036,0.0077502280473709,0.0098132379353046,-0.0062730298377573,0.0056713782250881,1.4407187700271606,1.267188310623169,0.7752476930618286,0.5581661462783813,0.5392571091651917,0.4624379575252533,0.5420588254928589,0.5608367919921875,0.5492331385612488,0.4080785810947418,0.515837550163269,0.5656288862228394,0.363257884979248,0.0028825026231526,0.0016774433742712,0.0350937878609759,0.0119928686568146,25.423980647034853,1,Hyperfunktionelle Dysphonie,1900,i_n
-313.0991516113281,133.62557983398438,-14.811582565307615,87.19012451171875,42.61405944824219,15.451651573181152,-0.2083836793899536,-7.552748680114746,16.578407287597656,-7.388833045959473,-13.34800910949707,17.143722534179688,-14.044593811035156,27.393064498901367,6.455585479736328,8.063544273376465,10.427749633789062,6.602402210235596,9.688164710998535,8.43358325958252,10.037382125854492,6.522095203399658,8.364770889282227,3.694756269454956,3.754450559616089,4.173951625823975,-0.0171909220516681,0.0467539839446544,-0.091505728662014,-0.0087898299098014,0.016960471868515,0.0243794713169336,0.0125392396003007,-0.0817764550447464,-0.0104083232581615,0.1049282401800155,-0.0159098953008651,-0.0217160414904356,0.0059090442955493,1.949634552001953,0.8457874059677124,0.8234656453132629,0.9772083163261414,0.7093260884284973,0.8160645961761475,0.7001820206642151,0.76161789894104,0.6960910558700562,0.6427377462387085,0.5828298926353455,0.5725718140602112,0.6573820114135742,0.1790220737457275,0.015963926911354,0.0974570363759994,-0.08303202688694,-0.0351932533085346,-0.0118512623012065,0.0353250913321971,0.0398241057991981,-0.0270247645676136,0.0079706190153956,0.0076798219233751,-0.0013309380738064,0.0372248366475105,1.0263289213180542,0.4367782771587372,0.5407605767250061,0.5194584131240845,0.4758436679840088,0.4879909753799438,0.4211521446704864,0.4634788036346435,0.3861560821533203,0.3554739952087402,0.3639713525772095,0.2984815239906311,0.4338534772396087,0.0021439544010879,0.0011572430932297,0.0203568620664546,0.0088094200477639,28.662316882376107,1,Hyperfunktionelle Dysphonie,1903,i_n
-312.7914733886719,103.85385131835938,7.5018310546875,84.59677124023438,13.845739364624023,27.343515396118164,-23.398311614990234,-11.073460578918455,12.257143020629885,-7.811112403869629,-26.63266944885254,-17.853620529174805,4.203239440917969,16.617706298828125,6.874728679656982,4.702342987060547,8.055861473083496,4.561774253845215,5.250212669372559,5.641829013824463,6.059914588928223,3.612356424331665,5.472051620483398,4.482288360595703,4.374809265136719,3.526503562927246,-0.3433670997619629,0.0283343084156513,0.0318517498672008,0.0972793996334075,0.0787641108036041,0.0863117426633834,-0.0926639959216117,-0.0296999309211969,0.0716881603002548,0.0478573068976402,0.0038582854904234,-0.070188507437706,-0.0398333631455898,2.438491106033325,1.0596716403961182,0.8914185166358948,1.163812279701233,0.8044738173484802,0.5900879502296448,0.9443298578262328,0.6665139198303223,0.6837876439094543,0.6789451837539673,0.7877472639083862,0.7013462781906128,0.5846005082130432,0.3748983740806579,0.1760382652282714,0.105649210512638,-0.1536073833703994,0.0141608184203505,-0.0171979200094938,0.1109237447381019,0.0624215751886367,0.0034567476250231,0.0592711754143238,0.085601232945919,0.0414938740432262,-0.017602464184165,1.9384987354278564,0.9535865187644958,0.5982071161270142,0.9473953247070312,0.4659109115600586,0.4229633510112762,0.5913981199264526,0.532522439956665,0.4980736374855041,0.4623420238494873,0.5179107189178467,0.4599119126796722,0.4001131653785705,0.005476823608956,0.003477592790185,0.0179891302316039,0.0079089815289797,26.839075558087416,1,Hyperfunktionelle Dysphonie,1906,i_n
-303.6602478027344,73.78703308105469,-0.0766737014055252,74.93038940429688,6.817110061645508,24.881179809570312,-46.25973892211914,11.02774143218994,18.04800033569336,-32.07566452026367,-15.58207893371582,-3.051501512527466,-12.21576690673828,26.386289596557617,8.080703735351562,4.677696228027344,7.104485511779785,3.065659523010254,2.78310227394104,5.765351295471191,4.027275562286377,3.821763277053833,4.140316486358643,4.472605228424072,3.693837881088257,3.230349063873291,0.1665746867656707,-0.0347327813506126,-0.0045832907781004,0.087915651500225,0.0698148310184478,0.0516304224729537,-0.1095912829041481,0.0164193604141473,0.1195637434720993,0.0684886500239372,-0.147144079208374,-0.0953449457883834,-0.0652437508106231,2.716514587402344,1.3993520736694336,0.795340359210968,1.369362473487854,0.548466682434082,0.5085605978965759,1.0055575370788574,0.6496782302856445,0.5875497460365295,0.66648268699646,0.5780067443847656,0.5862991213798523,0.546368420124054,0.5563696026802063,0.3377229869365692,0.1587180942296981,-0.2108439356088638,-0.0167320910841226,0.0030732252635061,0.2140830904245376,-0.0852550491690635,-0.0840222239494323,0.09456567466259,0.0667765215039253,-0.0291058924049139,-0.0279477052390575,1.795148849487305,1.1141815185546875,0.6415120363235474,0.7978834509849548,0.3463359475135803,0.3313335478305816,0.700473427772522,0.5970255136489868,0.5517112612724304,0.4696837365627289,0.5298338532447815,0.4164103269577026,0.3717204332351684,0.005706466627154,0.00335412763277,0.0254169857197474,0.0130930821452456,18.31778644627048,1,Hyperfunktionelle Dysphonie,1910,i_n
-288.1303100585937,104.55157470703124,-31.391695022583008,86.25357055664062,11.94058609008789,24.075647354125977,-34.91458511352539,7.936318874359131,29.570348739624023,-38.35418701171875,1.0562800168991089,5.913267612457275,-16.642715454101562,16.529436111450195,7.849820613861084,7.510495185852051,3.304764747619629,5.203427314758301,4.593736171722412,5.096714496612549,3.199740409851074,5.119341850280762,3.570287704467773,3.471921920776367,4.396956920623779,2.8211569786071777,0.3053886890411377,0.2783686816692352,0.004619366955012,0.0486690029501915,0.134699210524559,0.1011080145835876,-0.2723327875137329,-0.0842965245246887,0.2245131582021713,0.1234811767935752,0.1163446083664894,0.2252925932407379,-0.0550530552864074,1.379627704620361,0.9063379764556884,1.2698867321014404,0.5103631019592285,0.5503221154212952,0.813043475151062,0.6908531785011292,0.5920062065124512,0.7325132489204407,0.4898379147052765,0.5965114831924438,0.7269583940505981,0.4529527723789215,0.11538927257061,0.2876746356487274,0.3576730787754059,0.03139129281044,0.117850512266159,-0.009901138022542,0.1522154659032821,0.0397903770208358,-0.0941852927207946,-0.0261052828282117,-0.0191006269305944,-0.0252533573657274,-0.003572252811864,0.6958844661712646,0.810312807559967,0.930337369441986,0.3997218906879425,0.516417920589447,0.4343897104263305,0.6425666213035583,0.4650456309318542,0.4400696158409118,0.3811651766300201,0.4045374095439911,0.3132667243480682,0.293979674577713,0.0043533542952606,0.0024766860583833,0.0513612201821318,0.0179821083265432,17.310555064024886,1,Hyperfunktionelle Dysphonie,1927,i_n
-283.7998352050781,106.11935424804688,-32.4777946472168,100.09446716308594,20.84164810180664,33.20418167114258,-30.682191848754883,-11.656643867492676,29.755868911743164,-23.717647552490234,-4.930408477783203,-5.738513946533203,-15.212066650390623,12.110244750976562,4.772334575653076,6.89227819442749,8.021116256713867,4.329361438751221,4.269274711608887,4.163632869720459,2.963263988494873,3.4343795776367188,3.0797441005706787,3.213996648788452,3.307381153106689,2.9366679191589355,-0.1987327188253402,-0.1207137256860733,-0.100925900042057,0.0279071051627397,0.0360459201037883,0.1081662848591804,-0.0974243879318237,-0.0060687768273055,-0.0103368749842047,0.0505831055343151,-0.0527764745056629,-0.1401471048593521,-0.0102987717837095,1.925057053565979,0.7920011878013611,1.205082893371582,1.2556431293487549,0.4766972362995147,0.5503168702125549,0.7502009272575378,0.4691110253334045,0.6348400115966797,0.4102088510990143,0.455703467130661,0.5680833458900452,0.5104942321777344,0.4442328810691833,0.1349043399095535,0.2805173993110657,-0.2692872583866119,-0.045254036784172,-0.0748911276459693,0.0815614685416221,0.0723185762763023,-0.0558496639132499,0.0036825109273195,0.0271691586822271,0.0580281093716621,0.0123474607244133,1.4490493535995483,0.6177284717559814,0.874546468257904,0.9292495846748352,0.3785528242588043,0.3947261869907379,0.4361474812030792,0.3529088199138641,0.3173016011714935,0.2970283329486847,0.3453618288040161,0.3977986574172973,0.3462050855159759,0.0027523607078483,0.0015944139908228,0.0202512755627559,0.0106369073349497,23.969515289686555,1,Hyperfunktionelle Dysphonie,1929,i_n
-332.5235290527344,170.3296356201172,-30.99418258666992,66.42681121826172,87.44966888427734,31.33021354675293,-1.668662667274475,-9.586796760559082,9.37397289276123,11.989904403686523,-6.299474716186523,-11.72055435180664,-9.286816596984863,15.593636512756348,4.606109619140625,19.273786544799805,5.534149646759033,11.742819786071776,6.306872367858887,6.873435020446777,4.865548610687256,4.124210357666016,6.722809314727783,3.9460644721984863,3.2291781902313232,3.365446090698242,-0.0257512293756008,0.0507824458181858,0.2902728021144867,-0.0649352297186851,-0.1577376872301101,0.0882734879851341,0.0664795488119125,-0.0354266576468944,-0.0615647062659263,-0.0379484593868255,-0.0055979988537728,-0.0511916242539882,-0.0504395700991153,1.9852250814437864,0.7060322761535645,1.302383542060852,0.7584787011146545,0.8547109365463257,0.5555256605148315,0.7812919020652771,0.681664228439331,0.5495042204856873,0.5175524353981018,0.4875050783157348,0.4489949643611908,0.528632402420044,0.2173459380865097,-0.079097956418991,0.1441021710634231,-0.0580227077007293,-0.1090993210673332,-0.0161087345331907,0.0255201868712902,0.0515483058989048,0.0354625731706619,0.0212960354983806,0.0141486385837197,0.027017330750823,0.0152427814900875,1.04218327999115,0.4529188871383667,0.7155991196632385,0.4544200897216797,0.5692224502563477,0.4152675867080688,0.3404387831687927,0.3476813435554504,0.3417915999889374,0.3010173141956329,0.2746321856975555,0.3215787708759308,0.3646024167537689,0.0025470009070334,0.0010825047129794,0.014937226570323,0.0070173249213914,31.27083421456373,1,Hyperfunktionelle Dysphonie,1934,i_n
-336.81427001953125,98.93348693847656,-17.55348777770996,97.34098052978516,30.535280227661133,18.65218544006348,-40.54802322387695,4.8732991218566895,21.40424919128418,-38.75933456420898,4.566382884979248,-12.976532936096191,-21.164737701416016,19.188758850097656,7.333506107330322,7.483484745025635,8.412562370300293,3.6560561656951904,5.017059803009033,4.185412406921387,4.562018394470215,3.179972887039185,3.11745548248291,3.60556960105896,3.4280617237091064,3.188029766082764,-0.3577665388584137,-0.0421925112605094,0.0203870255500078,0.0898394659161567,0.0413040556013584,0.1125979572534561,-0.084660068154335,-0.0486015416681766,0.0648476108908653,-0.0054008094593882,0.0138213140890002,-0.0536466762423515,-0.0725991427898407,2.4253408908843994,1.031958818435669,0.9054152965545654,1.3306878805160522,0.6299384236335754,0.4606781303882599,0.5931528210639954,0.4758866429328918,0.4219991862773895,0.4610297977924347,0.5036036968231201,0.5607154965400696,0.4840386807918548,0.3363507986068725,0.1377700418233871,0.0950442478060722,-0.1665065437555313,-0.0321451164782047,-0.0084856785833835,0.0941698178648948,-0.0130074322223663,-0.0244792979210615,0.0563561245799064,-0.0198690518736839,0.0418666154146194,0.0261937268078327,1.5852336883544922,0.7718355655670166,0.5130659341812134,0.9169872999191284,0.5083890557289124,0.3696059882640838,0.5158191919326782,0.3786686360836029,0.2850706279277801,0.4069827795028686,0.3484618365764618,0.3696109354496002,0.3496893048286438,0.0031635608629006,0.0018526373927816,0.0236724842125661,0.013293043567585,24.772957239600803,1,Hyperfunktionelle Dysphonie,1944,i_n
-301.30670166015625,95.59080505371094,-10.647272109985352,86.71331024169922,23.023826599121094,19.169584274291992,-10.71282958984375,-6.2044830322265625,5.526429176330566,1.2219600677490234,-7.806017875671387,-17.689083099365234,-4.852659702301025,22.73262023925781,7.517575263977051,6.066854000091553,5.745591640472412,4.585697650909424,3.478720188140869,3.364673852920532,3.7460744380950928,5.882976055145264,2.859727621078491,4.176436424255371,4.445459365844727,3.055508852005005,0.3079438209533691,-0.0214794427156448,0.0307004246860742,-0.0828088521957397,0.0477495305240154,0.0130093730986118,-0.0360606424510479,-0.0296158362179994,-0.0927370488643646,0.005871383473277,-0.0463778041303157,0.0144473733380436,0.0633900463581085,1.891584873199463,1.355966567993164,0.8886300921440125,0.9626546502113342,0.5587167739868164,0.546404242515564,0.5357528328895569,0.5401521921157837,0.513729453086853,0.4179209470748901,0.4864765405654907,0.522305428981781,0.4863978922367096,0.2793190777301788,0.1934233009815216,0.1093571931123733,-0.1161033809185028,-0.0204961542040109,-0.0008055811049416,0.0501400642096996,0.0220587141811847,-0.0050687217153608,-0.0034146807156503,0.0206859149038791,0.0092400424182415,0.01770612411201,1.2945518493652344,0.95794016122818,0.6935714483261108,0.69291752576828,0.4140872359275818,0.36897873878479,0.3888507485389709,0.3641087114810943,0.3605424463748932,0.3073395192623138,0.352274090051651,0.3450768589973449,0.3481109738349914,0.0036572347437643,0.0021908384403764,0.0639352228414992,0.0411559852570735,25.26126722364001,1,Hyperfunktionelle Dysphonie,1952,i_n
-330.337646484375,56.61234664916992,-24.678916931152344,110.82595825195312,30.89629554748535,18.35100555419922,-28.735979080200195,-4.49008846282959,16.03546905517578,-11.374438285827637,-28.59734535217285,-8.430023193359375,-3.0557446479797363,23.80380821228028,18.008487701416016,15.32581615447998,15.152438163757324,8.833785057067871,8.47848129272461,6.533766746520996,8.846510887145996,3.933884859085083,4.92092227935791,4.348202705383301,4.44031286239624,3.543230056762696,-0.1088210493326187,0.0104930801317095,-0.0946813076734542,-0.1639595031738281,0.0548511855304241,-0.0527977757155895,-0.0010446853702887,0.0191594492644071,-0.0392979979515075,0.0777632594108581,-0.0829293578863143,-0.0486964732408523,-0.0132898790761828,4.631814479827881,3.226687431335449,1.6843456029891968,2.343905210494995,0.8909705877304077,0.9737685918807985,0.8666159510612488,1.0490906238555908,0.7216590642929077,0.7919607758522034,0.7537143230438232,0.7578984498977661,0.5961295962333679,0.8646991848945618,0.4921397864818573,0.1649366170167923,-0.4215689599514007,-0.0737120360136032,-0.0849039405584335,0.1431298702955246,0.1103253066539764,-0.0320321582257747,0.0210482664406299,0.0963156223297119,0.0257278960198164,-0.0289238467812538,3.289992570877075,1.8936854600906368,0.9002230167388916,1.599292516708374,0.6348898410797119,0.6484035849571228,0.6274804472923279,0.6232096552848816,0.4708094298839569,0.4586917757987976,0.4360887706279754,0.4700234532356262,0.3927426934242248,0.0022024712843796,0.0009582764669482,0.0097130327841162,0.0045141693302836,30.740116280950737,1,Hyperfunktionelle Dysphonie,1964,i_n
-299.77325439453125,70.27302551269531,-18.920459747314453,104.57650756835938,8.080390930175781,0.6903952360153198,0.3822365403175354,9.32199764251709,-6.42473840713501,3.520310401916504,-29.737781524658203,-3.8962790966033936,2.756653070449829,25.34453582763672,8.22032356262207,8.36629867553711,9.35401439666748,8.075043678283691,4.9480695724487305,5.45175313949585,4.0982537269592285,4.527489185333252,4.334113597869873,4.0649094581604,3.309049129486084,3.180656909942627,-0.3943868279457092,-0.0110175171867012,-0.0659024715423584,0.0152250807732343,0.0063159139826893,-0.0476723723113536,-0.0473526231944561,-0.0244287122040987,-0.052456934005022,0.0408443883061409,0.0048288474790751,-0.0429297536611557,-0.0013342978199943,3.89687728881836,1.4713557958602903,1.4705785512924194,1.6832873821258545,1.0947253704071045,0.8192418813705444,0.5991470813751221,0.6394177675247192,0.8067916035652161,0.829727053642273,0.7325150966644287,0.6179874539375305,0.5573843717575073,0.5672025084495544,0.2123676389455795,0.1084191501140594,-0.2983210980892181,-0.0408994518220424,-0.0103830704465508,0.04537283629179,-0.037482563406229,0.0129977306351065,-0.002495223423466,0.0738336220383644,0.0092985909432172,-0.0285510960966348,2.721588134765625,1.0016595125198364,1.0404468774795532,1.2899978160858154,0.6731377840042114,0.5557899475097656,0.4644933342933655,0.5724120140075684,0.6159641146659851,0.6300870776176453,0.5597852468490601,0.4325801134109497,0.3799441456794739,0.0025205249437906,0.0012816859450185,0.012639525347539,0.0048179490040551,24.41431510072161,1,Hyperfunktionelle Dysphonie,1976,i_n
-299.2516784667969,120.01470947265624,-22.75735664367676,99.22454833984376,45.73973083496094,49.40068435668945,-17.023069381713867,-20.70928955078125,19.703187942504883,3.259915590286255,-3.9446725845336914,-12.866165161132812,-14.945908546447754,14.17303466796875,5.154159069061279,6.529638767242432,11.205326080322266,5.141989707946777,7.093774795532227,4.9059343338012695,7.477611064910889,3.836316108703613,9.523116111755373,4.294716835021973,6.051095485687256,4.308716297149658,-0.1802816092967987,0.0087554100900888,-0.1183455660939216,0.1570383757352829,0.0384093523025512,0.180573433637619,-0.0141676617786288,-0.0706433802843093,-0.0761206895112991,0.0341610424220562,0.0047105508856475,-0.0525684766471385,-0.0603934600949287,2.3770740032196045,0.6117557287216187,0.9864116311073304,1.62549889087677,0.8783889412879944,0.7432554960250854,0.7609154582023621,0.6904295086860657,0.5855227112770081,0.8200247883796692,0.4702155590057373,0.5540921688079834,0.5353953242301941,0.376256376504898,0.0742141455411911,0.0816636532545089,-0.2234867662191391,-0.0625219419598579,-0.1013414040207862,0.0735685676336288,0.0467624180018901,-0.0704904869198799,-0.0384963266551494,0.0078046880662441,0.0174277573823928,0.0062987385317683,1.6586982011795044,0.4253386259078979,0.4937734007835388,1.0517618656158447,0.5261994004249573,0.6932560205459595,0.4751374125480652,0.548652708530426,0.5155657529830933,0.5818780064582825,0.362372487783432,0.4016238451004028,0.4281440377235412,0.0022115189492081,0.0010352360825609,0.0144764273520322,0.0055239106701875,26.57856831174739,1,Hyperfunktionelle Dysphonie,1978,i_n
-325.63055419921875,105.27229309082033,10.01638126373291,105.98074340820312,33.881202697753906,14.26698112487793,-47.77251052856445,-7.124816417694092,7.216612815856934,-20.971529006958008,2.7040276527404785,-6.839432716369629,-12.018905639648438,18.48081016540528,7.203195571899414,4.1156840324401855,8.358736991882324,5.021749019622803,4.2232770919799805,5.362476825714111,3.567380905151367,5.806140899658203,5.747721195220947,4.239588260650635,3.314607858657837,2.854558229446411,0.3419418036937713,-0.1002234071493148,0.0010605311254039,-0.0414206646382808,-0.0171549003571271,-0.0531836338341236,0.0283417180180549,-0.0548123829066753,0.0058340327814221,0.0646881312131881,-0.0447568148374557,0.0261156298220157,0.0068816998973488,2.7531726360321045,1.3758255243301392,0.5981970429420471,1.4526201486587524,0.8684775233268738,0.4971101582050323,0.8952271342277527,0.4869524836540222,0.6335837841033936,0.4450075328350067,0.610146164894104,0.4570750892162323,0.4510006904602051,0.4575542509555816,0.2077794820070266,0.0571519397199153,-0.2424749583005905,-0.1080819070339202,-0.0350778587162494,0.1493201702833175,0.0334026142954826,-0.0052642095834016,-0.006263337098062,-0.0153116285800933,0.0333567224442958,0.0271296370774507,1.9651345014572144,1.0045934915542605,0.3861781656742096,1.0180704593658447,0.6427069306373596,0.3557416796684265,0.7472577095031738,0.405670017004013,0.3749256134033203,0.3656562268733978,0.4642621278762817,0.3888585269451141,0.337432712316513,0.0015780622996087,0.000782448245764,0.0325561740334629,0.0087788083501891,26.24271526596813,1,Hyperfunktionelle Dysphonie,1982,i_n
-292.0838928222656,104.33672332763672,-27.42782592773437,104.71133422851562,27.14349937438965,1.6137608289718628,-31.34177017211914,2.983473062515259,5.0249457359313965,-17.761234283447266,-15.747231483459473,-24.40733528137207,8.475982666015625,15.668840408325195,12.633689880371094,9.138530731201172,11.788076400756836,4.80178689956665,3.5424675941467285,4.367733955383301,4.866291999816895,3.041832447052002,3.5599958896636963,3.8248543739318848,4.579808235168457,2.9870874881744385,0.5791372656822205,0.0905094146728515,-0.0429930761456489,-0.3012246191501617,-0.1395012885332107,-0.0449755825102329,0.0421573556959629,-0.193290576338768,-0.0769663229584693,0.0461519733071327,-0.1180765628814697,-0.0945865884423255,-0.0613539926707744,2.688457489013672,1.947514533996582,1.569162368774414,1.6726069450378418,0.7251374125480652,0.6382445096969604,0.7375772595405579,0.5368765592575073,0.6156771779060364,0.5850035548210144,0.4753435850143432,0.6442660093307495,0.5085121989250183,0.750676155090332,0.2293388992547989,0.273514062166214,-0.4481731057167053,0.0478169545531272,0.019046064466238,0.1998334974050521,0.0183051340281963,-0.0625554993748664,0.0613488890230655,0.0270481295883655,0.1430573165416717,-0.0173202902078628,1.8867324590682983,0.9742492437362672,0.6621732711791992,1.1619952917099,0.4811935722827911,0.4980918169021606,0.6089463829994202,0.3736351132392883,0.4856331348419189,0.3629419505596161,0.3166470825672149,0.4952200651168823,0.4697303473949432,0.0106653055078284,0.0066897909664678,0.0391874548573617,0.0227840662417789,23.73234062958603,1,Hyperfunktionelle Dysphonie,1983,i_n
-352.780029296875,130.5341033935547,-14.128426551818848,60.127098083496094,37.57186126708984,14.121708869934082,-38.13783264160156,-19.173978805541992,6.515397548675537,-24.14809226989746,-10.51476001739502,-21.196626663208008,-20.84969520568848,26.828224182128903,10.887857437133787,12.42137336730957,5.497014999389648,6.191166877746582,4.505750179290772,5.009687423706055,4.876387119293213,3.5808346271514893,3.483737707138061,4.710042953491211,4.304862022399902,4.071958065032959,0.060930211097002,-0.1641966849565506,0.0966566205024719,-0.0763710960745811,-0.0204841010272502,-0.067330427467823,0.1532879620790481,0.0243729799985885,-0.1283098310232162,0.0230158250778913,-0.0428384579718112,-0.0140186408534646,-0.0279917623847723,3.536268711090088,1.6860698461532593,0.9719582796096802,0.9095605611801147,0.8632190823554993,0.6575245261192322,1.0269443988800049,0.6424457430839539,0.6593948006629944,0.5373415350914001,0.6293883919715881,0.7079318165779114,0.5120299458503723,0.5020085573196411,0.1875571012496948,0.0805179104208946,-0.0927006900310516,-0.0862663090229034,-0.0453884713351726,0.0859741047024726,0.0500408262014389,-0.0141614358872175,0.0629627332091331,0.0609154663980007,0.0500022321939468,0.0124820759519934,2.357093572616577,1.1523061990737915,0.5673597455024719,0.6103611588478088,0.6128605008125305,0.4509278535842895,0.4661015272140503,0.3743757903575897,0.3848759531974792,0.3943330943584442,0.4500263631343841,0.3573684096336365,0.3730225563049316,0.0035059570147745,0.0022080513486294,0.0144594371831406,0.0083224104431524,31.683574618827777,1,Hyperfunktionelle Dysphonie,1988,i_n
-289.9188842773437,110.71674346923828,-10.998506546020508,96.60995483398438,42.05734634399414,12.00594425201416,-26.110727310180664,-1.9358570575714111,18.704235076904297,-15.859878540039062,-18.570890426635746,-4.367483139038086,-8.325899124145508,18.69263458251953,8.203193664550781,4.698177814483643,7.592786312103271,4.26106595993042,4.013754367828369,4.339869976043701,4.11982536315918,3.93348240852356,4.075683116912842,3.187225818634033,2.7940473556518555,4.4073991775512695,-0.0185989663004875,-0.0930742397904396,0.0373748466372489,0.130468413233757,-0.0117734521627426,0.0346867106854915,0.0240068193525075,0.0069167306646704,0.0324442237615585,-0.0575901605188846,-0.0065607107244431,0.0156916752457618,0.0041238027624785,2.084587335586548,0.8605312705039978,0.6610894203186035,1.0614585876464844,0.6737172603607178,0.6164287328720093,0.7021999359130859,0.611312210559845,0.6294872164726257,0.6111184358596802,0.5016517043113708,0.4399932324886322,0.5355291366577148,0.21811543405056,0.0646756812930107,0.0744109004735946,-0.1194728165864944,-0.0641142055392265,-0.0193297434598207,0.0836656838655471,0.0199439413845539,-0.027430985122919,0.0012134928256273,0.0205592568963766,0.0128963105380535,0.0342540070414543,1.1651463508605957,0.6788057684898376,0.531170666217804,0.7348869442939758,0.4590994119644165,0.378666490316391,0.5265716910362244,0.4071846902370453,0.4804076850414276,0.443446934223175,0.3871647119522095,0.3413063883781433,0.3858774900436401,0.0047013012603412,0.0026960558281255,0.1038046803315943,0.0477490367644845,16.39517927246701,1,Hyperfunktionelle Dysphonie,1989,i_n
-362.6317443847656,125.32553100585938,-1.3813080787658691,54.04122924804688,38.81975936889648,16.212844848632812,-24.76728820800781,-16.9681396484375,15.291558265686035,-11.464470863342283,-24.55787849426269,-11.651668548583984,-7.748805046081543,35.91219711303711,12.269292831420898,13.616841316223145,8.441079139709473,9.673940658569336,5.426597595214844,6.864478588104248,5.162840843200684,5.758234024047852,4.002701759338379,4.275981426239014,5.119481563568115,5.179471969604492,-0.6883978247642517,-0.0166722759604454,0.1984045505523681,-0.0882334858179092,-0.1016395613551139,0.0011446817079558,0.0543487332761287,-0.0284092053771018,-0.1115812808275222,-0.0167266558855772,0.0057810451835393,-0.0522386878728866,-0.0261000078171491,5.244288921356201,2.3095219135284424,1.787955403327942,1.090781331062317,1.112977147102356,0.9113127589225768,0.9246309995651244,1.0083930492401123,0.6496485471725464,0.7756300568580627,0.6707661747932434,0.8040343523025513,0.7120571732521057,0.4570176899433136,0.0337152183055877,0.0054214191623032,-0.1426016837358474,-0.019648965448141,-0.0211230088025331,0.0586495324969291,0.0598612241446971,-0.0552901327610015,0.0111721511930227,0.0208273883908987,-0.0176546238362789,0.0156480018049478,2.7004520893096924,1.3042665719985962,1.0277864933013916,0.9493869543075562,0.6354217529296875,0.5118826031684875,0.608093798160553,0.6877439022064209,0.5738829970359802,0.4985246658325195,0.5043615698814392,0.5313000679016113,0.4779607057571411,0.007577834819518,0.004068773330965,0.0392199919411756,0.0188883628315805,26.530860313417715,1,Hyperfunktionelle Dysphonie,1990,i_n
-325.3360900878906,72.40130615234375,-7.120131969451904,101.3604736328125,18.275285720825195,18.30927276611328,-42.82666397094727,11.075718879699709,13.778826713562012,-25.898637771606445,-11.808682441711426,-13.568231582641602,-5.919759750366211,18.67264747619629,7.648448944091797,8.002243995666504,7.754152297973633,4.972969055175781,4.984961032867432,9.36196517944336,6.012376308441162,5.1812520027160645,4.450239658355713,5.302006244659424,3.3558294773101807,2.927961587905884,-0.3100318312644958,-0.0183527879416942,0.087612859904766,-0.164866030216217,-0.0153422337025403,0.0580643489956855,-0.0709734410047531,-0.0856160297989845,0.0286514405161142,-0.015719698742032,-0.0786769911646843,-0.0208941735327243,0.0148757752031087,2.234093189239502,1.4827346801757812,0.9298654794692992,1.047587275505066,0.7070959806442261,0.4930382966995239,0.8699166774749756,0.5876787900924683,0.5114326477050781,0.513482391834259,0.4990063607692718,0.5450102090835571,0.4442428946495056,0.3449424505233764,0.1903421431779861,0.0715429708361625,-0.1979388445615768,-0.0737133920192718,-0.0551823750138282,0.125468224287033,-0.0012022635200992,-0.011924629099667,0.0040756687521934,0.0194796491414308,0.0178308058530092,-0.0141103761270642,1.3351671695709229,0.7425151467323303,0.490373432636261,0.8779007196426392,0.5904558300971985,0.4103934168815613,0.6254820823669434,0.4354090690612793,0.3276895582675934,0.2958235144615173,0.3103521168231964,0.3097814917564392,0.312724232673645,0.0024832636300605,0.001455860984653,0.0115389025614512,0.0059902828164366,26.030734232627424,1,Hyperfunktionelle Dysphonie,1993,i_n
-298.0840759277344,116.0031280517578,-23.30182456970215,90.06159210205078,36.14410400390625,29.21412467956543,-24.74188232421875,-1.4498674869537354,29.74857711791992,-8.30930233001709,-10.76375675201416,-8.293403625488281,-5.304846286773682,13.732070922851562,6.887720108032227,9.498941421508787,6.744646072387695,5.894390106201172,6.869953632354736,9.175402641296388,4.727239608764648,4.718772888183594,3.0447933673858643,3.733100891113281,3.81416916847229,3.6778814792633057,0.2021516114473343,0.1550651043653488,0.0139516647905111,0.0137005886062979,0.0416930243372917,0.1720059365034103,-0.253077894449234,-0.2001965939998626,-0.0845995396375656,0.0039765113033354,-0.0528732426464557,-0.1865595132112503,0.0417783111333847,1.9093040227890008,0.8414339423179626,1.6641875505447388,0.901414394378662,0.9545077085494996,0.7642683982849121,0.855290412902832,0.8009727597236633,0.7209506630897522,0.4773951470851898,0.6594852209091187,0.4820616543292999,0.4913380742073059,0.088556058704853,0.0682753697037696,0.1353816092014312,-0.0533303581178188,0.0222696624696254,0.0170576367527246,0.0573223419487476,0.0275187026709318,-0.0194741189479827,-0.0165331698954105,-0.043143656104803,-0.0460305176675319,-0.010637960396707,1.1695040464401243,0.4500547647476196,0.905427634716034,0.5945444107055664,0.5995925068855286,0.6336167454719543,0.6234607696533203,0.4181788861751556,0.4342697262763977,0.3799774050712585,0.4512431621551513,0.4621960520744324,0.3692236244678497,0.0084559195825848,0.0051953258602522,0.0481547967304413,0.0272220525439696,21.81231251073332,1,Hyperfunktionelle Dysphonie,2012,i_n
-307.5580444335937,99.85289001464844,-15.85544490814209,107.6072006225586,54.22951126098633,31.178098678588867,-23.32472038269043,1.757759690284729,3.807356119155884,-1.5730880498886108,-14.940704345703123,-1.0899289846420288,-4.436724185943604,8.348881721496582,8.306772232055664,3.91212010383606,5.436844348907471,4.889934062957764,5.9081645011901855,5.546846866607666,3.235762357711792,4.89117956161499,7.221028804779053,3.468531370162964,4.878647804260254,4.978882789611816,-0.0729361549019813,-0.1089430525898933,-0.0302361510694026,-0.0584842786192894,-0.0659110993146896,0.1209128648042678,0.1616684198379516,0.0043574823066592,0.1360829472541809,-0.1955826580524444,-0.0495974011719226,0.0556328557431697,-0.3093140721321106,1.242149829864502,1.5421239137649536,0.6344742178916931,0.6811712980270386,0.6852458715438843,0.6916761994361877,0.79237300157547,0.6165761351585388,0.5652075409889221,0.7289999127388,0.4781099855899811,0.625068724155426,0.7545461058616638,0.2593385279178619,0.3866249918937683,0.1161546632647514,-0.1605192720890045,-0.0426596365869045,-0.0822224095463752,0.0366466678678989,0.0565740391612052,0.0143574615940451,-0.0067400736734271,0.054031990468502,0.0628301054239273,-0.0275362748652696,0.8133525252342224,1.1514602899551392,0.4904215335845947,0.6001113653182983,0.5455990433692932,0.5383688807487488,0.4565328359603882,0.4438211917877197,0.4509377181529999,0.4636466801166534,0.368589848279953,0.4873830378055572,0.3089313507080078,0.0028274824735868,0.0014221555216946,0.0120458354736724,0.0051297596535185,26.976780426674008,1,Hyperfunktionelle Dysphonie,2034,i_n
-310.9610290527344,104.4841766357422,7.06785249710083,78.1319351196289,31.14301109313965,29.01999855041504,-33.93796920776367,4.803368091583252,14.28902530670166,-23.62338256835937,-1.143428087234497,-17.616857528686523,-4.2376322746276855,16.125211715698242,6.469852447509766,4.569602489471436,6.574497699737549,3.892216920852661,4.264236927032471,5.073619842529297,3.3253426551818848,3.507892370223999,3.933734655380249,3.146507978439331,2.8207390308380127,3.9920380115509033,0.5754396915435791,-0.1132808998227119,-0.0964301750063896,-0.2018786817789077,-0.078489251434803,0.0085803549736738,0.0218710526823997,-0.0683220699429512,-0.0329872481524944,0.0009979135356843,-0.0136100556701421,0.0500211119651794,-0.0871236845850944,3.1162052154541016,1.1301003694534302,0.8354366421699524,1.001457929611206,0.6157159805297852,0.6410808563232422,0.758188784122467,0.4907372891902923,0.5955842733383179,0.6050676703453064,0.4724078178405761,0.5088061690330505,0.5716526508331299,0.5629367232322693,0.2824666500091553,0.1506464928388595,-0.2047787308692932,-0.0517695061862468,-0.0657364949584007,0.149450197815895,0.0345089584589004,-0.0336532220244407,0.1094089746475219,0.0102976951748132,-0.005395000334829,0.0056334426626563,2.111318588256836,0.9807641506195068,0.537857174873352,0.8763538599014282,0.5710732340812683,0.6189295649528503,0.6945704817771912,0.4546272754669189,0.4231995642185211,0.6077887415885925,0.3558261394500732,0.3513612449169159,0.4528672397136688,0.002487883218082,0.0014553028766899,0.0169275240082486,0.0084168511277999,29.124289904073034,1,Hyperfunktionelle Dysphonie,2062,i_n
-312.902099609375,61.323360443115234,14.348937034606934,98.93679809570312,9.320460319519045,19.077524185180664,-16.736948013305664,-2.805060625076294,21.015174865722656,-24.148569107055664,-17.98000144958496,-12.376105308532717,-11.122350692749023,42.61663436889648,15.593741416931152,15.840872764587402,10.927844047546388,5.765369415283203,9.762659072875977,5.358262062072754,4.456503868103027,7.215296745300293,4.7657976150512695,5.18023157119751,4.911488056182861,3.988303184509277,-0.9734848737716676,-0.0791978389024734,0.340616762638092,0.0253216903656721,-0.0434216000139713,0.1649881452322006,-0.0157983656972646,-0.0945619940757751,-0.0137757947668433,-0.0649458542466163,0.029179111123085,-0.1147986724972724,-0.0764058902859687,4.186874866485596,1.907172679901123,1.3852483034133911,2.09513783454895,0.8259368538856506,0.8545070886611938,0.9001377820968628,0.4705467224121094,0.7189931273460388,0.7962691783905029,0.7062124609947205,0.4612817168235779,0.6035212874412537,0.795442521572113,0.4296401143074035,0.1275262981653213,-0.4109140634536743,-0.0418701693415641,-0.0361748561263084,0.0969190374016761,-0.0158024299889802,-0.0914665833115577,0.0313293971121311,-0.0129193309694528,0.0162524208426475,-0.010204192250967,2.7197518348693848,1.4779003858566284,0.8159305453300476,1.4585371017456057,0.5278515815734863,0.5019301176071167,0.485401839017868,0.4206132590770721,0.4897969365119934,0.4302767813205719,0.4606815278530121,0.3589843213558197,0.3848389983177185,0.0026365811263071,0.0010758257991022,0.0120804129787274,0.0032759086676035,28.13609811108924,1,Hyperfunktionelle Dysphonie,2067,i_n
-319.8449401855469,73.68775177001953,-32.449710845947266,96.02681732177734,9.225167274475098,1.4608248472213743,-6.458840847015381,3.58145523071289,-13.65341854095459,9.579886436462402,-8.95793628692627,-33.266868591308594,0.6798397302627563,24.86386108398437,11.88176441192627,10.308239936828612,9.017497062683104,5.859785556793213,5.163596153259277,5.680071830749512,4.631414890289307,3.692549228668213,4.979057788848877,3.583202123641968,4.9891357421875,3.2923169136047363,-0.7954096794128418,-0.1625641733407974,0.1605741828680038,0.2561851441860199,0.0639379099011421,-0.0159859433770179,-0.0816967859864234,0.0823670253157615,-0.0473838038742542,0.0926735624670982,0.0152787268161773,-0.0631693452596664,0.1233550384640693,2.9653356075286865,2.092495441436768,1.676401138305664,1.6921030282974243,0.5850664377212524,0.789337694644928,0.8695909976959229,0.8412484526634216,0.6695035696029663,0.7257450819015503,0.515641450881958,0.7167861461639404,0.5106194019317627,0.6022307276725769,0.3230703771114349,0.1965163201093673,-0.2688923478126526,0.024369690567255,-0.0549080781638622,0.0918842479586601,-0.0053537869825959,-0.0199637468904256,-0.0130844414234161,-0.0015378977404907,0.0668567195534706,-0.0247503668069839,2.10561752319336,1.2141361236572266,0.6948372721672058,0.9840627908706664,0.4130400419235229,0.6217859387397766,0.5967965722084045,0.37492835521698,0.4433688819408417,0.3435136973857879,0.349731832742691,0.3255243301391601,0.3687533140182495,0.0013427438742706,0.0006378128292888,0.0093321465054636,0.0029541549378595,29.194311575437293,1,Hyperfunktionelle Dysphonie,2071,i_n
-325.86285400390625,116.8287124633789,-12.039840698242188,78.39610290527344,41.66823959350586,22.654930114746094,-9.85297393798828,-9.11345672607422,20.87062263488769,-2.172065258026123,-7.9157633781433105,-13.664835929870604,-11.193304061889648,18.49341011047364,3.999500274658203,6.489344596862793,8.159444808959961,5.048399925231934,3.897134780883789,3.709381103515625,3.779614210128784,4.095004081726074,5.248922348022461,5.474445343017578,3.121394395828247,2.9827513694763184,-0.6297081112861633,-0.0264225006103515,0.0644292309880256,0.0127113796770572,0.0943788215517997,0.0398867987096309,0.0085076605901122,-0.0158452410250902,-0.0335817486047744,0.0861537605524063,0.0458960384130477,-0.0742140635848045,-0.0410834439098835,1.4911930561065674,0.6289979815483093,0.8737033605575562,0.8139449954032898,0.6597474813461304,0.7356772422790527,0.55254727602005,0.6715996265411377,0.6488974690437317,0.4418175816535949,0.6540820002555847,0.5305391550064087,0.4754137098789215,0.1476172506809234,0.0831731259822845,0.1105944961309433,-0.0633368715643882,0.0224487222731113,-0.0065122423693537,0.0583418868482112,0.0376740880310535,-0.0324717909097671,0.0178164113312959,0.0172095634043216,0.014787008985877,0.009871101938188,0.8097403645515442,0.4815196692943573,0.6249956488609314,0.5745269060134888,0.4703412652015686,0.4960293769836426,0.4920016229152679,0.5414575338363647,0.5178685784339905,0.3752036392688751,0.4984583854675293,0.3905828893184662,0.3296602070331573,0.0049977070481489,0.0029773039151944,0.0182903275157912,0.0094405930925668,27.007413479773536,1,Hyperfunktionelle Dysphonie,2077,i_n
-308.8445739746094,116.33614349365234,-21.66259956359864,69.19387817382812,43.70164108276367,17.11402702331543,-23.025821685791016,-15.444497108459473,16.272798538208008,-15.417329788208008,-16.210784912109375,-7.839558124542236,-17.406919479370117,20.94013977050781,5.839723110198975,5.9769792556762695,7.032819747924805,7.372150421142578,4.273338317871094,6.1116862297058105,5.388307571411133,5.002385139465332,3.855354070663452,3.1878061294555664,2.6543660163879395,2.7622110843658447,-0.0338438302278518,0.0106544904410839,-0.0205952562391757,-0.1523301303386688,0.0115865236148238,0.0292396340519189,-0.0922977402806282,-0.0194557979702949,0.0158651508390903,0.007201318629086,-0.0096614407375454,-0.0442329868674278,0.0049810614436864,3.520271062850952,0.9426534175872804,1.2291226387023926,1.207486629486084,1.0160020589828491,0.538365364074707,0.7180855870246887,0.6688770055770874,0.6023356318473816,0.5591773390769958,0.4767271876335144,0.4217532575130462,0.4356645941734314,0.6192220449447632,0.1129231378436088,0.1454152911901474,-0.1979295015335083,-0.0873755291104316,-0.0171898603439331,0.0849250853061676,0.0562786534428596,-0.0570447631180286,0.0689067021012306,0.0130246710032224,-0.0132869761437177,0.0475764162838459,2.4860262870788574,0.6230138540267944,0.6420542001724243,0.8913391828536987,0.5235851407051086,0.3149742186069488,0.495608925819397,0.3943956792354584,0.4063230156898498,0.4003565013408661,0.3006444573402405,0.2807430922985077,0.3020016252994537,0.0011482192102483,0.0006428853693678,0.0071563108746785,0.003323433170997,35.56013998439105,1,Hyperfunktionelle Dysphonie,2080,i_n
-355.3388366699219,156.17068481445312,-7.911868572235107,41.79780960083008,82.19941711425781,34.808109283447266,-20.05301856994629,-1.0944823026657104,18.77088928222656,0.0772621259093284,-8.563016891479492,-7.084165096282959,-3.0054330825805664,15.685202598571776,7.405893802642822,4.486659049987793,7.549583911895752,6.770559787750244,6.305135726928711,6.529733180999756,4.9055352210998535,3.5853641033172607,3.949200868606568,4.261205196380615,4.470816135406494,2.848207712173462,-0.2004274129867553,0.101421445608139,0.0019219183595851,-0.1007129922509193,0.0348950326442718,0.0689826905727386,0.0217739362269639,-0.035553615540266,-0.0306581314653158,0.0342835746705532,-0.0206957571208477,-0.0295046269893646,-0.0016550356522202,2.160947561264038,1.082163691520691,0.7673287987709045,0.8238039612770081,1.2285195589065552,0.7093896865844727,0.9423092007637024,0.536519467830658,0.521690309047699,0.4901100993156433,0.5952389240264893,0.7797861099243164,0.504699170589447,0.3549370169639587,-0.0297418106347322,0.1223181039094924,-0.0079440688714385,-0.1871413141489029,-0.0838297754526138,0.0688226297497749,0.0091220838949084,-0.0211142301559448,0.0423038825392723,0.025363503023982,0.0442639291286468,0.0344892777502536,1.598334550857544,0.6396782994270325,0.6174436211585999,0.6577327847480774,0.8106383681297302,0.5352655649185181,0.4793196320533752,0.396477997303009,0.4013877809047699,0.3440804183483124,0.4296640753746032,0.5182650685310364,0.3931106925010681,0.0029718811624139,0.0013462591350997,0.0277657169952163,0.0136160737959332,25.55119918580785,1,Hyperfunktionelle Dysphonie,2081,i_n
-283.4652404785156,105.0836181640625,-10.905888557434082,92.40575408935548,14.007702827453612,26.683895111083984,-36.24968338012695,-10.292665481567385,8.325217247009277,-15.892925262451172,-0.0745321884751319,-27.84531021118164,-4.533246994018555,15.368639945983888,7.45494270324707,10.671756744384766,7.186561584472656,7.998186111450195,4.699553966522217,7.400819301605225,3.9821627140045166,5.16234302520752,4.438024997711182,5.423828601837158,4.050746440887451,3.573601722717285,-0.0375059321522712,-0.0018271396402269,0.0437538102269172,-0.0259305760264396,-0.0696601271629333,0.0116180591285228,0.0187153071165084,0.010227870196104,-0.006116587202996,-0.0983392000198364,0.029930742457509,0.0025474647991359,0.0145722152665257,2.3279898166656494,1.2541100978851318,1.0658283233642578,1.4310165643692017,0.7050359845161438,0.7246590852737427,1.065760850906372,0.658421516418457,0.6636389493942261,0.4757523238658905,0.5916876196861267,0.6928501725196838,0.5626516938209534,0.3956020176410675,0.2010525315999984,0.1771145910024643,-0.2190256267786026,-0.007445037830621,-0.017670914530754,0.1412963271141052,0.0665211081504821,0.0234032608568668,0.0206548329442739,-0.0036922306753695,0.0157460812479257,-0.0490278378129005,1.3998467922210691,0.8098407983779907,0.7454262375831604,0.8011661767959595,0.4760701656341553,0.4552386105060577,0.5918456315994263,0.4612438082695007,0.4447682499885559,0.3514615297317505,0.3397221267223358,0.4675206840038299,0.4275831282138824,0.0049327670814928,0.0027753838783929,0.0257587535566427,0.01362196868465,24.62068624918492,1,Hyperfunktionelle Dysphonie,2090,i_n
-399.5923767089844,113.58512878417967,9.662720680236816,51.8338737487793,30.28821563720703,33.73555374145508,2.4426028728485107,-30.255109786987305,-3.4162559509277344,4.180152893066406,-6.561331748962402,-17.632484436035156,-22.417984008789062,32.727935791015625,8.934625625610352,7.503453731536865,5.623450756072998,5.204359531402588,5.6546950340271,3.977431297302246,8.107114791870117,3.403369665145874,3.5858161449432373,3.809647798538208,4.035959720611572,3.617419481277466,-0.3419378995895386,0.2372637391090393,0.0733464658260345,-0.0127834221348166,-0.0219850949943065,0.0528239794075489,0.0400256775319576,-0.0470140576362609,0.0017631937516853,0.0776002034544944,0.0546653531491756,-0.0151364328339695,-0.0677220374345779,6.488197326660156,1.8568336963653564,1.341628074645996,1.073347806930542,0.9606796503067015,1.0373460054397583,0.7255478501319885,1.4822593927383425,0.5202293992042542,0.527620255947113,0.6203778982162476,0.6967331767082214,0.6836796402931213,1.396310329437256,0.227670356631279,0.1680776923894882,-0.2030823081731796,-0.1076317206025123,-0.1553219854831695,0.0348668321967124,0.2209798395633697,0.0269437991082668,-0.0768227726221084,-0.0019530355930328,0.1321720331907272,0.0962491557002067,4.012685298919678,0.849335253238678,0.7440037727355957,0.8597066402435303,0.6121863722801208,0.8376479744911194,0.4077403843402862,0.7822550535202026,0.4180828034877777,0.3687788248062134,0.3809747099876404,0.6033943295478821,0.4537009596824646,0.0022335943920856,0.0011939716579405,0.0101662196551837,0.0049762542434473,32.75745295485257,1,Hyperfunktionelle Dysphonie,2102,i_n
-341.6736145019531,99.14739227294922,-11.434176445007324,84.72490692138672,39.68675231933594,5.533679962158203,-22.12312889099121,-6.011067867279053,20.61526107788086,-16.829273223876953,-11.75987434387207,-5.794410705566406,-18.654497146606445,25.558725357055664,9.379918098449709,9.119745254516602,8.878087997436523,5.144516468048096,5.738471508026123,5.575643062591553,4.032846927642822,6.123415470123291,4.024852275848389,3.077021598815918,5.757413864135742,4.383716583251953,-0.7882440686225891,-0.0202430747449398,0.2358197122812271,-0.2245381027460098,-0.0607866048812866,-0.080338679254055,-0.0106835039332509,0.0536900460720062,-0.006802047137171,0.0871088057756424,-0.012759787030518,-0.2051433473825454,0.0261668115854263,3.319987297058105,1.5283583402633667,1.6393318176269531,1.482008457183838,0.8958233594894409,0.7091990113258362,0.9655135273933412,0.5805898904800415,1.006025791168213,0.6491554379463196,0.6352960467338562,0.6239014863967896,0.6179831027984619,0.9711739420890808,0.429230660200119,0.2675402760505676,-0.3830158710479736,-0.1011250466108322,0.0294963270425796,0.1401802003383636,0.0867989808320999,-0.1366202533245086,0.0263597853481769,-0.0061937631107866,-0.0085654482245445,0.0435653626918792,2.8287177085876465,1.2648845911026,0.8808411359786987,1.0386348962783811,0.5778360962867737,0.4183941483497619,0.4847129583358764,0.5100022554397583,0.5806334018707275,0.4220225214958191,0.4001478850841522,0.4191434383392334,0.449550062417984,0.0026775748898695,0.0015449752468164,0.0148847134954757,0.007761665922319,30.4167705123126,1,Hyperfunktionelle Dysphonie,2104,i_n
-410.0840759277344,107.23505401611328,24.328235626220703,56.22077560424805,39.78229141235352,16.067405700683594,-11.495028495788574,-4.710305690765381,20.0167293548584,-9.365196228027344,-20.13581085205078,-14.756970405578612,-13.891392707824709,29.09044075012207,10.218067169189451,13.951814651489258,6.2771172523498535,7.008829593658447,4.286404132843018,7.292182922363281,4.428824424743652,5.969552516937256,3.668959140777588,4.936094284057617,3.779505014419556,3.826842784881592,0.9793496131896972,-0.1981581598520279,-0.1570159047842025,-0.197956308722496,-0.0699634328484535,-0.0739057883620262,-0.0421949923038482,-0.0308457762002944,-0.1689802259206771,-0.0894006267189979,-0.0007576158386655,-0.0428894758224487,0.0116166286170482,4.935689449310303,1.856991410255432,2.3801722526550293,1.076540470123291,1.2342203855514526,0.8395847678184509,1.4277865886688232,0.8007014989852905,0.9417230486869812,0.6020612120628357,0.7199667692184448,0.6965296864509583,0.5832127928733826,0.726214587688446,0.4673479497432709,0.1094058156013488,-0.1601133048534393,-0.2130195647478103,-0.0696412548422813,0.1073765009641647,0.0275953914970159,-0.0763003081083297,0.0650974586606025,0.0941440463066101,0.1226907521486282,0.0561356246471405,2.89368748664856,1.4011976718902588,1.3143984079360962,0.8289673924446106,1.0258588790893557,0.6795559525489807,0.773034930229187,0.4832477569580078,0.4975223541259765,0.4045133888721466,0.4435330331325531,0.4579938054084778,0.3599566519260406,0.0035642371393975,0.0017593291281611,0.0265754930868976,0.0094054760167305,31.27190336540917,1,Hyperfunktionelle Dysphonie,2105,i_n
-307.34686279296875,107.03204345703124,-29.93145751953125,74.51947784423828,31.941770553588867,16.124731063842773,-30.784921646118164,-9.63019847869873,19.44989967346192,-30.79524040222168,-15.384961128234863,-3.708420515060425,-15.71553897857666,24.23527908325196,14.148064613342283,13.600309371948242,11.253864288330078,4.5389790534973145,3.5039336681365967,4.491177558898926,3.568573236465454,3.5421135425567627,3.3380017280578613,5.2666449546813965,4.499637603759766,3.392778158187866,-1.44991934299469,0.1190223321318626,0.5155718922615051,-0.2254675179719925,0.0917945802211761,0.0877098590135574,-0.0751532837748527,-0.2343887984752655,-0.0468915961682796,0.0799687132239341,-0.3380131125450134,-0.2657297849655151,0.058461882174015,1.8758976459503167,1.9750210046768188,1.2275755405426023,1.1874990463256836,0.4933911859989166,0.5032958388328552,0.9567695260047911,0.5454635620117188,0.4269863963127136,0.681918203830719,0.4408200979232788,0.576530933380127,0.4515198767185211,0.4930566847324371,0.5410289168357849,0.2935856580734253,-0.2043116688728332,0.0054489751346409,-0.0223927330225706,0.1471736133098602,0.0633459910750389,-0.0504970550537109,0.03960732370615,0.024437591433525,-0.0189313925802707,0.0026092766784131,1.547389268875122,1.50758695602417,0.7609608173370361,0.9269805550575256,0.3813939988613128,0.4161020219326019,0.4909091889858246,0.3726756274700165,0.4354590177536011,0.3814927637577057,0.2441852986812591,0.340730756521225,0.3218980729579925,0.0051735406993256,0.0030857318599474,0.0102337937834407,0.0044667086126051,27.85859450993123,1,Hyperfunktionelle Dysphonie,2107,i_n
-387.32513427734375,110.13216400146484,36.99131774902344,82.92317962646484,36.68940353393555,9.422553062438965,-19.62969398498535,5.615208148956299,23.235151290893555,-9.377951622009276,-15.85499095916748,-11.366515159606934,-6.980751037597656,32.34733581542969,8.00062370300293,6.586634635925293,9.1731538772583,4.695192813873291,3.077415704727173,6.64010763168335,3.928461790084839,5.789755821228027,3.4163551330566406,3.0371413230896,2.9883346557617188,2.97388768196106,-0.5807615518569946,-0.0480398125946521,0.0720290467143058,-0.0330151319503784,-0.0283307321369647,0.022844748571515,0.0206184014678001,-0.0512085109949111,-0.0260111782699823,0.0072779841721057,0.0211033821105957,-0.0439180247485637,-0.0150392977520823,4.697102546691895,1.1720815896987915,0.7933764457702637,1.807255864143372,0.916731595993042,0.4976734817028045,0.9112675189971924,0.5046599507331848,0.9810009598731996,0.5394018888473511,0.5793566107749939,0.4080825448036194,0.5280230641365051,0.8248714804649353,0.1622044742107391,-0.0151063315570354,-0.3287971317768097,-0.1147411242127418,0.0649909079074859,0.2241411209106445,0.0368691198527812,-0.1105380803346633,0.0078455694019794,0.0509962551295757,0.0160344373434782,-0.0347908213734626,2.815389394760132,0.840228796005249,0.5176589488983154,1.2670611143112185,0.6078566312789917,0.4165767729282379,0.9589512944221495,0.4077745378017425,0.5790325999259949,0.407081127166748,0.4024378955364227,0.3884692788124084,0.4086036086082458,0.0018186347347901,0.0009233770134764,0.0116086042294749,0.0047536024976678,35.06902973175492,1,Hyperfunktionelle Dysphonie,2114,i_n
-330.1921081542969,130.62420654296875,12.585161209106444,68.42231750488281,27.89847755432129,21.89254379272461,-11.92325496673584,-29.250720977783203,7.580161094665527,4.118014812469482,-36.458717346191406,-22.03507232666016,1.718459129333496,20.991220474243164,7.129090785980225,7.421428203582764,6.462149143218994,4.025909900665283,4.451494216918945,4.289122104644775,6.435669898986816,3.775205850601196,3.3690223693847656,5.02643346786499,4.291505336761475,3.99932861328125,-0.2655405700206756,-0.1300951540470123,0.0738651826977729,-0.2007405310869217,0.023976968601346,-0.0078066955320537,0.020954743027687,0.0041721747256815,0.0010513274464756,-0.0536145903170108,0.0237436704337596,-0.0630021169781684,-0.1395464092493057,3.209233045578003,1.260318160057068,1.1411011219024658,1.0321403741836548,0.685565710067749,0.7281143665313721,0.7830612063407898,1.245010256767273,0.769361674785614,0.4667824506759643,1.0481199026107788,0.5466801524162292,0.6821286082267761,0.7729581594467163,0.2640433609485626,0.1857523471117019,-0.2069571912288665,-0.063948705792427,-0.0549045242369174,0.1624344140291214,0.2360777258872985,-0.0465578474104404,-0.0421930775046348,0.1822518110275268,0.0719939544796943,-0.0518649443984031,2.154616355895996,1.0591034889221191,0.847370445728302,0.7395736575126648,0.4593987166881561,0.3920584619045257,0.5248128771781921,0.8907676935195923,0.4866914749145508,0.4515926241874695,0.6254199147224426,0.4255350530147552,0.5925883054733276,0.003683750988766,0.0022447438207092,0.0114605590716369,0.0052975974159505,30.47983540259749,1,Hyperfunktionelle Dysphonie,2121,i_n
-355.6618347167969,116.59500122070312,-16.8283748626709,79.35901641845703,57.7822380065918,6.109914779663086,-14.602896690368652,-8.844415664672852,17.614173889160156,-2.678285837173462,-21.17406845092773,-9.903162002563477,-10.401976585388184,19.36168098449707,6.874441623687744,5.508939266204834,8.987391471862793,6.958421230316162,5.52252197265625,6.211131572723389,6.921245098114014,4.730873107910156,7.051916599273682,4.9865336418151855,5.099630355834961,4.687337875366211,0.3190320134162903,-0.0895987376570701,0.0457441322505474,-0.3070199191570282,-0.1215143874287605,0.0382199138402938,0.0696333050727844,-0.0406874231994152,-0.161303773522377,0.064547911286354,0.0274947136640548,-0.0933279544115066,0.0462752021849155,3.596989870071411,1.155408501625061,0.8633177280426025,1.0467578172683716,1.118236422538757,0.6576444506645203,0.8833266496658325,1.1271637678146362,0.8953363299369812,0.9619000554084778,0.8311539888381958,0.758270800113678,0.7120760679244995,0.4953735768795013,0.1685867756605148,0.1319873929023742,-0.1186466664075851,-0.1397133320569992,-0.0418442264199256,-0.0097299683839082,0.0129651082679629,-0.0016767419874668,-0.0011310694972053,-0.0302858240902423,0.0060106618329882,0.0372348353266716,2.14547061920166,0.972698211669922,0.6646004319190979,0.6877157092094421,0.6363958120346069,0.3794066607952118,0.4175180196762085,0.5055172443389893,0.396025151014328,0.5563293695449829,0.4276166558265686,0.3821136951446533,0.4548569619655609,0.0013744449423063,0.0007288556719145,0.0077520086266839,0.0026687874175576,35.05491776693661,1,Hyperfunktionelle Dysphonie,2122,i_n
-380.5472106933594,122.26921844482422,14.316826820373535,79.01101684570312,35.1702995300293,13.940190315246582,-18.0627498626709,-9.314156532287598,18.11563873291016,-5.037288665771484,-26.37518882751465,-7.633979797363281,-4.661438941955566,30.79298973083496,8.42831802368164,11.620555877685549,7.852956295013428,4.040449142456055,5.615345478057861,5.945394515991211,4.212764739990234,3.8033180236816406,4.628189086914063,6.059103012084961,4.521957874298096,4.647302150726318,-0.8122996687889099,-0.1869815438985824,0.2012233734130859,-0.0459003001451492,0.0634803026914596,0.1616581082344055,0.068033643066883,-0.0232827644795179,0.0360097289085388,0.0805616453289985,-0.0543689988553524,-0.0789788141846656,0.0116836279630661,2.482133150100708,1.0432740449905396,0.9333860874176024,1.1255147457122805,0.6107337474822998,0.6834290027618408,0.6439759135246277,0.4821226000785827,0.5600555539131165,0.472881942987442,0.7269644141197205,0.541638195514679,0.6699521541595459,0.5203062891960144,0.184401273727417,0.1098516285419464,-0.2068186104297638,-0.0487808361649513,0.0385843478143215,0.1263072043657302,0.0479544661939144,-0.0863343998789787,0.023682227358222,0.0933993235230445,0.0358565784990787,0.0005793914897367,1.8072739839553835,0.7297155857086182,0.5693162679672241,0.7715071439743042,0.4778561294078827,0.4513560533523559,0.5858141779899597,0.3421977162361145,0.4164607524871826,0.3992321491241455,0.4193618595600128,0.3364610373973846,0.3789163827896118,0.0030302942486498,0.001783508464746,0.0129826259288074,0.006601709643816,31.7510544756122,1,Hyperfunktionelle Dysphonie,2124,i_n
-393.8328857421875,116.04975128173828,4.286754608154297,69.85550689697266,69.88684844970703,18.80196189880371,-16.188560485839844,2.7918589115142822,32.10612106323242,7.144100189208984,-14.609481811523438,-5.27299690246582,3.455312728881836,23.32594490051269,8.345510482788086,5.439496040344238,9.891530990600586,9.290470123291016,3.403583526611328,5.1234307289123535,3.574150800704956,3.8226687908172607,2.9920992851257324,3.577011823654175,3.537302255630493,3.2671706676483154,-0.1486001908779144,-0.0339816436171531,0.0641761720180511,0.002275722566992,-0.0171375051140785,0.0118485977873206,-0.0298124998807907,0.0393289178609848,0.0671979635953903,0.0071562551893293,0.0188345909118652,-0.0173915401101112,0.0154079021885991,4.149013042449951,1.628414273262024,0.8640914559364319,1.9933987855911253,1.8840192556381223,0.5683023929595947,0.9684194326400756,0.6074655055999756,0.6386398077011108,0.4500617384910583,0.5375384092330933,0.6403031945228577,0.540421187877655,0.6860503554344177,0.1697667837142944,0.1000619158148765,-0.2350730448961258,-0.2640502452850342,0.0129360212013125,0.1561856716871261,0.0329836420714855,-0.1430751979351043,0.0151233952492475,0.0811504423618316,0.0412151739001274,0.0140556348487734,2.326690912246704,1.1011689901351929,0.5077596306800842,1.277271389961243,1.260393142700195,0.4719957709312439,0.608437716960907,0.4086120426654815,0.584168016910553,0.386590301990509,0.445406824350357,0.4394925236701965,0.3947322964668274,0.0035505445278172,0.0017621635988772,0.0273185908695426,0.0104386314463196,26.58022575338571,1,Hyperfunktionelle Dysphonie,2135,i_n
-279.2732238769531,108.13910675048828,-27.68407440185547,88.78227233886719,47.18229675292969,32.72272491455078,-29.86198616027832,-7.91472053527832,19.543174743652344,-7.461113929748535,-19.7160758972168,-7.962399482727051,-15.117561340332031,16.73739242553711,6.584578990936279,8.59914779663086,8.445175170898438,3.834779977798462,3.963738441467285,6.432301998138428,5.750361919403076,2.791684865951538,2.8202450275421143,3.182377815246582,2.408398151397705,2.5373222827911377,0.2373043894767761,-0.1405671387910843,-0.2410256415605545,0.0852938368916511,-0.0959750935435295,-0.0036477781832218,-0.1517802476882934,-0.1226215288043022,0.0222597029060125,0.020692566409707,-0.05322877317667,0.0344869866967201,0.0032397792674601,3.012415885925293,1.0519740581512451,1.075403332710266,1.4943528175354004,0.7087782621383667,0.4869056940078735,0.6172127723693848,0.4746546447277069,0.5138925313949585,0.3928967416286468,0.404398649930954,0.3790297508239746,0.4689644873142242,0.7373849749565125,0.189087837934494,0.2304510176181793,-0.3385007083415985,-0.1597264856100082,-0.1144260615110397,0.1508494466543197,0.0493052303791046,-0.0355933681130409,-0.0051474329084157,0.020877756178379,0.0138418776914477,0.0484691374003887,2.1377224922180176,0.5724791288375854,0.7162071466445923,0.9894326329231262,0.5498993992805481,0.4707497954368591,0.5182085633277893,0.4021923840045929,0.3146849274635315,0.2780540585517883,0.3063149154186249,0.292226493358612,0.285202145576477,0.0026492093337811,0.0014874355717629,0.0109749929464326,0.0062406230831707,31.40714768913548,1,Hyperfunktionelle Dysphonie,2138,i_n
-357.4468994140625,89.55442810058594,3.977659225463867,107.88793182373048,11.635945320129396,10.992424964904783,-1.092659831047058,0.5827584266662598,14.629860877990724,-6.337785243988037,-12.28337860107422,-7.949541568756103,3.718685150146485,18.830236434936523,9.819843292236328,8.091970443725586,9.719765663146973,5.314236640930176,3.941930532455444,5.604959964752197,4.535708904266357,4.4271745681762695,4.609748840332031,5.351878643035889,3.8799524307250977,3.69065260887146,-0.7236847281455994,-0.0841628462076187,0.0299829337745904,0.2133035808801651,0.001602140488103,0.005177829414606,-0.1320113688707351,0.0516180805861949,0.1101356074213981,-0.0588427707552909,0.0310674514621496,-0.0126544227823615,0.0778777003288269,2.902822494506836,1.714780569076538,1.054355502128601,1.849023580551148,0.7342813611030579,0.5571714043617249,0.6822064518928528,0.6638546586036682,0.5499464273452759,0.7668859362602234,0.8541077375411987,0.5661142468452454,0.5446857810020447,0.5806275606155396,0.280953586101532,0.0884270444512367,-0.3032495677471161,0.009663469158113,0.0743425786495208,0.0401121266186237,0.061799481511116,0.0011110813356935,-0.0037993909791111,0.0371362157166004,0.042399626225233,0.0046762130223214,2.2904646396636963,1.1651805639266968,0.7046312093734741,1.3280112743377686,0.5837146043777466,0.4255300760269165,0.4851886630058288,0.509769856929779,0.426747590303421,0.4909539520740509,0.5497049689292908,0.4409526884555816,0.4671362638473511,0.0035335990970033,0.0019524192856513,0.0188499099079939,0.0097878093047377,27.727569075050333,1,Hyperfunktionelle Dysphonie,2139,i_n
-364.9075927734375,108.01900482177734,1.8591771125793457,83.83334350585938,34.75785827636719,13.11155605316162,-28.04309844970703,-7.10566520690918,20.401763916015625,-3.468729019165039,-12.952312469482422,-11.323244094848633,-3.838693857192993,26.23061752319336,6.273155212402344,15.56488800048828,9.41594123840332,6.966101169586182,5.136602878570557,5.071634769439697,3.686526298522949,4.011954784393311,3.213607788085937,3.350689172744751,3.766371965408325,2.652613639831543,-0.5821439027786255,-0.0691581070423126,0.1791623085737228,0.0644298866391182,-0.0353369265794754,0.041105717420578,-0.0172324571758508,-0.0410201549530029,-0.0118797030299901,-0.0064886398613452,-0.0317805595695972,0.0200726464390754,0.0156781394034624,3.099113941192627,1.0709846019744873,1.1730762720108032,1.6364145278930664,0.901069700717926,0.6389994621276855,0.8400120139122009,0.476324200630188,0.5789886713027954,0.6134074926376343,0.4883939921855926,0.695868194103241,0.4138285219669342,0.6570305824279785,0.1780955344438552,0.1373516172170639,-0.3212780356407165,-0.130410611629486,-0.0016192478360608,0.1443999409675598,0.044669397175312,-0.0772334411740303,-0.0224120989441871,0.0141100548207759,0.0147745888680219,-0.009540669620037,2.324751377105713,0.7716447710990906,0.6781003475189209,1.2038720846176147,0.6555115580558777,0.5188092589378357,0.6313948035240173,0.3974461555480957,0.4501685500144958,0.4255326390266418,0.3869332671165466,0.4313174188137054,0.3843377232551574,0.002486690039106,0.0014864673383707,0.0118357886303341,0.0054538776902638,30.076773263574783,1,Hyperfunktionelle Dysphonie,2151,i_n
-316.9468994140625,109.94184112548828,6.5663018226623535,73.21668243408203,56.423622131347656,10.250761032104492,-42.39303970336914,6.3884477615356445,9.919623374938965,-18.962364196777344,-21.455219268798828,-12.75203800201416,-2.8667712211608887,14.906904220581056,7.713549613952637,4.141120910644531,6.409191131591797,4.613466262817383,3.695638656616211,5.971379280090332,3.207805633544922,2.341493368148804,3.3858046531677246,3.0229082107543945,3.443605422973633,3.279513120651245,-0.1293118447065353,-0.0315599851310253,0.0456904098391532,0.0258666388690471,-0.023914348334074,0.0620800592005252,0.0483998246490955,0.0044076582416892,0.058430016040802,0.0290003437548875,-0.0110523533076047,-0.010552548803389,0.040630679577589,2.6657893657684326,1.3012598752975464,0.5964528322219849,1.149101734161377,0.8269933462142944,0.6401557922363281,1.1315869092941284,0.6206411719322205,0.3452862501144409,0.581508219242096,0.4596728384494781,0.6030856966972351,0.5141879916191101,0.6296719908714294,0.2654095888137817,0.0615330673754215,-0.2578968107700348,-0.1339558064937591,0.0394968464970588,0.221464529633522,0.0255254097282886,0.0228026639670133,0.0823935940861702,0.0462325774133205,0.0461306758224964,0.0209637787193059,1.8987834453582764,0.9986383318901062,0.3829503059387207,0.900108277797699,0.563647449016571,0.4339239001274109,0.7313995361328125,0.3869387507438659,0.2932252585887909,0.3729487359523773,0.2911452054977417,0.4190346300601959,0.3133606016635895,0.0048642340670953,0.0030039213324861,0.0165537674938525,0.0091805796197147,27.839121470545862,1,Hyperfunktionelle Dysphonie,2184,i_n
-282.3729858398437,175.51254272460938,-28.39065170288086,56.66462326049805,80.23875427246094,58.90601348876953,-14.600056648254396,-24.19980430603028,35.779388427734375,9.52903652191162,-17.527921676635742,0.4776473939418793,3.3285977840423584,12.686347007751465,2.960263252258301,6.152421474456787,6.406686305999756,5.477106094360352,4.612098217010498,3.088778495788574,4.193218231201172,2.5999128818511963,2.228773832321167,2.98404860496521,2.3418283462524414,2.3083817958831787,0.1936957985162735,0.0755610466003418,0.0445963703095912,-0.0601997561752796,-0.0985811129212379,-0.0624607093632221,-0.0882625207304954,0.0544513016939163,0.005717955995351,-0.0614437945187091,-0.0333634801208972,-0.027096165344119,-0.0289078373461961,2.2328784465789795,0.4601424634456634,1.0459184646606443,1.2037208080291748,0.9011120200157166,0.687883198261261,0.4158314168453216,0.664958655834198,0.3978165984153747,0.4256966412067413,0.3760190606117248,0.4779591858386993,0.3935722112655639,0.5268025398254395,0.0081934072077274,0.1080842539668083,-0.3308738768100738,-0.1914293766021728,-0.2532792389392853,0.0457934439182281,0.2213815450668335,-0.0807122737169265,0.0124672325327992,0.0798662602901458,0.0086152469739317,-0.0340295247733593,1.6715714931488037,0.2850721180438995,0.5541238188743591,0.9182277917861938,0.5942771434783936,0.7334019541740417,0.3062479197978973,0.66118985414505,0.360173612833023,0.2810789346694946,0.3605021834373474,0.3193919360637665,0.2639550864696502,0.0037154222887672,0.0014487877058762,0.0190274718839505,0.0091025816548164,25.76118797692196,1,Hyperfunktionelle Dysphonie,2185,i_n
-278.5506591796875,181.05577087402344,-18.30830192565918,32.70386505126953,63.16542434692383,35.17042541503906,-5.262133121490479,-10.892433166503906,9.681840896606444,-5.677173614501953,-9.707860946655272,-3.4977729320526123,-12.723284721374512,7.290218830108643,4.507892608642578,3.7520928382873535,2.7015380859375,3.814420223236084,2.7372312545776367,2.950290441513061,2.9479527473449707,2.3841235637664795,1.828806638717652,1.775930643081665,2.022677421569824,2.115370035171509,-0.3183524012565613,-0.0871213003993034,0.0086875520646572,0.0070580057799816,0.02523541636765,0.0832691565155983,0.0070326528511941,-0.0444968454539775,0.0842090994119644,0.0164457149803638,-0.0333733335137367,0.0400886610150337,0.0096975620836019,0.759356677532196,0.4660818874835968,0.7429823279380798,0.4532500505447387,0.5766062140464783,0.385576069355011,0.4495557248592376,0.4724167883396148,0.3898811042308807,0.2966552972793579,0.214922696352005,0.3250433504581451,0.3052309155464172,0.0652844533324241,0.0337952002882957,0.0696114525198936,-0.0145347518846392,-0.0337954945862293,-0.052620131522417,-0.041415836662054,-0.0018366344738751,-0.0165842603892087,-0.0149773089215159,0.0152346286922693,-0.0097821364179253,-0.00563745200634,0.4897656142711639,0.3019885420799255,0.4098988771438598,0.2834168374538421,0.3503938317298889,0.285205215215683,0.2513384521007538,0.2652485966682434,0.2668210566043854,0.28387251496315,0.2199996411800384,0.1885098963975906,0.3457354605197906,0.0025325361571935,0.0013643558016008,0.0160601007020716,0.0062731729478455,30.44394842816751,1,Hyperfunktionelle Dysphonie,2186,i_n
-287.4992370605469,99.13507843017578,17.686155319213867,83.0355224609375,24.00532913208008,23.9007625579834,-29.559606552124023,-7.768173694610596,21.293609619140625,-22.8496150970459,-20.23480033874512,-19.623743057250977,-7.288291931152344,26.21284866333008,7.938406467437744,3.696382522583008,9.448948860168455,4.661825180053711,3.360936164855957,4.3859968185424805,2.723233699798584,4.503793239593506,3.730382442474365,3.521567106246948,3.751331090927124,2.528031349182129,-0.9957789778709412,-0.1268882304430008,0.1002614274621009,0.2957404851913452,0.0198702421039342,0.1024500131607055,-0.0976620465517044,-0.0658560618758201,0.0543924942612648,-0.1430660188198089,-0.1407823115587234,-0.1090900972485542,-0.0159401465207338,3.8514981269836426,1.3641349077224731,0.6638849973678589,1.7488327026367188,0.8098565340042114,0.5125037431716919,0.9224035739898682,0.41459921002388,0.8140740394592285,0.7636702656745911,0.524547815322876,0.4780998528003692,0.4869738221168518,0.859316885471344,0.3027638792991638,0.0798174887895584,-0.3608637154102325,-0.1287142038345337,-0.0559491291642189,0.1606953144073486,-0.0461081191897392,-0.1671820729970932,0.0614065118134021,0.0337698869407177,0.0430272221565246,-0.0120707685127854,2.5178709030151367,1.1225632429122925,0.4547826051712036,1.1538662910461426,0.7172327041625977,0.4109458327293396,0.5417510867118835,0.3864218592643738,0.6388146877288818,0.4298276901245117,0.3424778580665588,0.3933822512626648,0.36955726146698,0.0048412449383855,0.0028315113667107,0.0131663952653315,0.0064702866699518,27.33470952970797,1,Hyperfunktionelle Dysphonie,2215,i_n
-299.25048828125,103.54742431640624,-0.209990382194519,88.75672912597656,22.20964431762696,18.05550765991211,-30.69114875793457,-11.737593650817873,11.483509063720703,-19.08335876464844,-22.09698486328125,-14.015436172485352,0.3705077767372131,15.06616497039795,7.8738017082214355,4.97105884552002,6.67164421081543,4.730601787567139,5.209410190582275,5.672571182250977,5.785698413848877,5.487656116485596,3.440673828125,4.982305526733398,3.631891250610352,3.296032667160034,8.588441414758563e-05,-0.0974391475319862,-0.1030860766768455,-0.2107641994953155,0.0748214274644851,0.0489909462630748,-0.1233990639448165,-0.0736749172210693,0.0498724430799484,-0.0418237335979938,-0.1031362488865852,-0.0688200816512107,-0.0302525144070386,1.9808659553527832,1.4304548501968384,0.9304246306419371,0.9336272478103638,0.5953442454338074,0.7155560851097107,0.6580641269683838,0.6745704412460327,0.5457471013069153,0.6522191166877747,0.5362883806228638,0.4839568734169006,0.5368441939353943,0.338072806596756,0.2415986955165863,0.1061324104666709,-0.0990700349211692,-0.0622966922819614,-0.0314249470829963,0.0886014327406883,0.0410711877048015,-0.0206873919814825,0.0200883746147155,0.038471546024084,0.0249473620206117,0.0166198294609785,1.3880252838134766,1.084189772605896,0.6297374367713928,0.5921434164047241,0.4647234976291656,0.5120891332626343,0.4296379089355469,0.3812697827816009,0.4126408696174621,0.3917728662490845,0.4047465920448303,0.3874996602535248,0.3759436905384063,0.0017360702140549,0.0009721487181437,0.0093296038801838,0.0045565539773172,29.26433580865961,1,Hyperfunktionelle Dysphonie,2221,i_n
-290.8265991210937,102.20884704589844,-24.005624771118164,97.13346862792967,38.59397888183594,22.52963638305664,-24.320941925048828,-13.144332885742188,24.177797317504883,-12.936330795288086,-8.605694770812988,-13.73337459564209,-17.17302894592285,10.865249633789062,5.41386079788208,4.340310573577881,7.786440372467041,4.191287040710449,6.952566146850586,5.3167877197265625,4.123833179473877,3.161118745803833,4.033932209014893,3.974137783050537,3.4292914867401123,4.189060688018799,-0.1902176141738891,0.0243651829659938,-0.0295314062386751,0.0831026807427406,0.0781381651759147,0.1044083312153816,-0.0479958616197109,-0.1076272428035736,0.0191875286400318,0.0274396147578954,-0.0581425316631794,-0.0627430453896522,0.0344738774001598,2.138010263442993,0.9084495902061462,0.6971390843391418,1.4536799192428589,0.5656697154045105,0.468904435634613,0.6888411641120911,0.5271945595741272,0.5604523420333862,0.4371141791343689,0.4418483078479767,0.456976056098938,0.4844184815883636,0.394262284040451,0.1737657338380813,0.1287733316421508,-0.2360186129808426,-0.0638535171747207,-0.0075617367401719,0.1061563640832901,0.0314307697117328,-0.0619230531156063,0.0476070754230022,0.0112752988934516,0.0325723551213741,0.0585746504366397,1.5195417404174805,0.7459938526153564,0.5485409498214722,0.9430237412452698,0.3875899612903595,0.3053804934024811,0.5392072200775146,0.3168598413467407,0.4777259230613708,0.3383199572563171,0.3201452493667602,0.2774314880371094,0.3573754131793976,0.0026413004563413,0.0014517901673617,0.01038762732312,0.0051544322482982,26.3091377625058,1,Hyperfunktionelle Dysphonie,2224,i_n
-314.10943603515625,81.29147338867188,1.2281535863876345,95.22313690185548,20.79163360595703,23.26021385192871,-21.035032272338867,-1.608382225036621,25.51065826416016,-12.446988105773926,-5.860126495361328,-3.413947105407715,-2.529335260391236,22.92926406860352,7.413977146148682,5.059033393859863,8.304636001586914,5.716181755065918,3.321002244949341,4.506499767303467,8.03244400024414,3.784600019454956,3.6653337478637695,5.509748935699463,3.3283910751342773,3.06581449508667,-0.6059203147888184,-0.0240873172879219,0.0058090188540518,0.1909665912389755,0.086432009935379,0.0177181847393512,-0.0997011139988899,-0.0648331493139267,0.0720793530344963,-0.0595287792384624,-0.0414853692054748,0.0249414388090372,-0.0041539464145898,2.9745144844055176,1.3549294471740725,0.7957614660263062,1.5869717597961426,0.6964493989944458,0.5742461681365967,0.8386657238006592,0.7005179524421692,0.6655840873718262,0.5980988144874573,0.5298961997032166,0.5885528326034546,0.4820444881916046,0.5461930632591248,0.2684938013553619,0.0562033839523792,-0.2186598628759384,-0.0005645008641295,-0.0578876957297325,0.065192125737667,-0.0163265224546194,-0.042682759463787,0.0420613475143909,-0.0018206334207206,0.0061744987033307,-0.0308033563196659,2.2743124961853027,1.0668818950653076,0.4266180396080017,1.173945426940918,0.4252268373966217,0.5870453715324402,0.4864256680011749,0.4904110729694366,0.4359110593795776,0.4434186220169067,0.4267579615116119,0.4080574512481689,0.4022779762744903,0.0019162734635828,0.0010186794661425,0.0095254316543635,0.0045312177975411,30.35299448573016,1,Hyperfunktionelle Dysphonie,2225,i_n
-331.6360778808594,95.89393615722656,6.071455478668213,74.76808166503906,47.893890380859375,15.882811546325684,-19.985626220703125,2.789726495742798,17.416044235229492,-28.130430221557617,-15.25268268585205,-3.3713953495025635,-13.96302318572998,14.90737247467041,7.479439258575439,5.515136241912842,7.334325790405273,5.781084060668945,3.3313121795654297,4.1339850425720215,3.246038913726806,4.698851108551025,4.819424152374268,3.60920000076294,3.655007362365722,4.016247272491455,-0.4875528812408447,-0.0754453837871551,0.0739352107048034,0.1871670931577682,0.1427330821752548,-0.0113232601433992,-0.0650312006473541,0.0425085462629795,0.0807725340127945,0.0026495405472815,-0.08868358284235,-0.0385018736124038,0.0613942332565784,2.717559814453125,1.2380274534225464,0.7497013807296753,1.443048119544983,1.075242280960083,0.636443018913269,0.6751936078071594,0.569864809513092,0.8938769102096558,0.7694193124771118,0.6436748504638672,0.5608591437339783,0.7612932920455933,0.5265545845031738,0.214732825756073,0.1104796901345253,-0.1636214256286621,-0.1621966212987899,-0.0602254793047905,0.0981522798538208,-0.0277118273079395,-0.1331418007612228,0.0016415858408436,0.0290297735482454,0.0131241707131266,0.0669176131486892,1.778423309326172,0.7378003597259521,0.5802478790283203,0.6714240312576294,0.7424858808517456,0.4322891235351562,0.5560044050216675,0.3768788576126098,0.6575595736503601,0.452942281961441,0.4428261220455169,0.4288828074932098,0.5625724792480469,0.0039442412409523,0.0016906302162418,0.0142254829294959,0.006072483257635,28.20310396377536,1,Hyperfunktionelle Dysphonie,2228,i_n
-319.212646484375,63.1075553894043,8.529281616210938,96.9875259399414,2.892353773117065,28.48838996887207,-32.2600212097168,14.008138656616213,7.789453506469727,-20.65983772277832,-19.31081962585449,2.317322254180908,-8.116230964660645,15.538043975830078,9.263995170593262,5.738062381744385,6.235311985015869,4.027684688568115,3.764131784439087,5.276515960693359,4.225703716278076,3.6489291191101074,4.054495334625244,4.52337646484375,3.742743968963623,3.598510265350342,-0.1302369534969329,-0.0322795696556568,0.0695664212107658,-0.038158468902111,-0.0311839189380407,0.049267616122961,-0.0368637219071388,-0.0358984842896461,0.0102893058210611,-0.0481886826455593,-0.091658666729927,0.0105378562584519,0.0487941466271877,2.36012601852417,1.811605453491211,0.593342125415802,1.0724031925201416,0.6159185171127319,0.5609342455863953,0.8350722789764404,0.6673350930213928,0.568935751914978,0.600487232208252,0.6436107754707336,0.5059859156608582,0.4617876708507538,0.4210267663002014,0.3495673239231109,0.0922955274581909,-0.222734659910202,-0.0225057303905487,-0.0555593185126781,0.1146487817168235,-0.0354075878858566,-0.0076379580423235,-0.0068143540993332,0.0700703337788581,-0.0133373411372303,0.0011905715800821,1.577725529670715,1.3078078031539917,0.5338829755783081,0.925130307674408,0.5414147973060608,0.479778379201889,0.6464056372642517,0.4619506001472473,0.4978528618812561,0.5429381728172302,0.4305962920188904,0.3850602805614471,0.3310559391975403,0.003525179358452,0.0019779121940267,0.0184847277968311,0.0104556881377654,24.59019267398138,1,Hyperfunktionelle Dysphonie,2229,i_n
-321.0029602050781,134.66473388671875,17.302675247192383,83.89893341064453,71.65930938720703,16.268213272094727,-5.820059299468994,-5.688295364379883,6.492435932159424,-2.833615303039551,-11.911778450012209,-3.965269088745117,-10.10051727294922,13.380011558532717,8.471214294433594,8.09682559967041,8.247602462768555,6.985259056091309,3.6984264850616455,4.071191310882568,5.286851406097412,3.925208330154419,4.056910037994385,5.398097038269043,2.7225584983825684,3.0423738956451416,0.1198702156543731,-0.1321287602186203,0.1585177928209304,0.0001974439655896,-0.0083910319954156,0.0600372590124607,-0.0425315275788307,-0.0659885853528976,0.0409849025309085,-0.0296586900949478,-0.0965362191200256,-0.0359123200178146,0.0224495343863964,2.199891328811645,0.9836989641189576,1.2103071212768557,1.2128652334213257,0.9668071269989014,0.62384432554245,0.5359498262405396,0.762366771697998,0.748235285282135,0.5799407958984375,0.5071308016777039,0.4484729766845703,0.540485143661499,0.224453255534172,0.080939844250679,0.1075721383094787,-0.1582441329956054,-0.1680036187171936,-0.0242181308567523,0.0665972977876663,0.137994959950447,0.0184951070696115,0.0144074251875281,0.0391940921545028,0.0291029624640941,0.0252801552414894,1.486708402633667,0.5175752639770508,0.8603600263595581,0.8102436065673828,0.7800187468528748,0.4285232424736023,0.4412756562232971,0.5357584357261658,0.5093128085136414,0.4012657701969147,0.4056267440319061,0.3278854489326477,0.3562021255493164,0.0026076743239967,0.0011823528658359,0.0207400349187567,0.0097363800580793,27.790896185563795,1,Hyperfunktionelle Dysphonie,2230,i_n
-331.3119201660156,116.55459594726562,-25.41856002807617,77.70097351074219,47.2238655090332,25.47798538208008,4.100367069244385,-4.806548595428467,11.188791275024414,0.7919016480445862,-1.7543810606002808,1.0846353769302368,-1.972966551780701,28.68817901611328,10.265619277954102,7.958932399749756,8.170000076293945,5.117921352386475,4.721562385559082,2.983426094055176,5.480684280395508,3.262235164642334,3.5784170627593994,3.548943519592285,3.191518545150757,2.638756036758423,-1.5194923877716064,-0.3140158653259277,-0.0472774617373943,-0.0354240238666534,0.2514181435108185,-0.195318341255188,0.1544135957956314,0.2530650794506073,-0.0822166800498962,0.018234496936202,0.0552252382040023,-0.0270773116499185,0.0464505292475223,1.5623295307159424,1.1842325925827026,1.078831672668457,1.0201221704483032,0.8289281129837036,0.534909725189209,0.4933338165283203,0.5440294146537781,0.4377172887325287,0.5487244725227356,0.507736325263977,0.4678185284137726,0.5374804735183716,0.0657648742198944,0.0669969245791435,0.1695170104503631,-0.1929446011781692,-0.0211012735962867,-0.0689311251044273,0.0119805932044982,0.0928822234272956,-0.0476492755115032,0.0168755333870649,0.0244176760315895,0.0111864414066076,0.0635623484849929,0.7348968386650085,0.4949743747711181,0.5278833508491516,0.8207821846008301,0.5067527294158936,0.3984872102737427,0.3192315101623535,0.4514628648757934,0.3804865777492523,0.3879458010196686,0.4447554349899292,0.3658355474472046,0.4090245068073272,0.0026112875907241,0.0009174256778943,0.0381394345318679,0.0141270022707998,21.97997384779149,1,Hyperfunktionelle Dysphonie,2232,i_n
-329.05767822265625,121.87425994873048,-4.665284156799316,74.6407241821289,53.56489181518555,19.42298126220703,6.304996013641357,-3.5557656288146973,11.080589294433594,9.310842514038086,-9.59589958190918,-14.47225856781006,0.5932815670967102,21.22984313964844,4.8783345222473145,4.21176815032959,7.22838544845581,7.097808361053467,4.923759460449219,4.829833507537842,4.3166937828063965,2.674945831298828,4.079415798187256,2.933887243270874,3.60551118850708,2.587221384048462,0.2716183960437774,-0.166528508067131,0.0191843006759881,-0.3337103724479675,0.2193967401981353,0.2162660807371139,-0.1710759401321411,-0.0643481314182281,0.1563235968351364,0.174631655216217,-0.0153611125424504,-0.0414499230682849,-0.1078042015433311,3.799583673477173,0.8825530409812927,0.688720166683197,0.9650793075561525,1.0821861028671265,0.8334543108940125,0.4577065110206604,0.7383207678794861,0.3974557816982269,0.6195573806762695,0.6328690648078918,0.5482650399208069,0.4543743431568146,1.1263047456741333,0.2132595777511596,0.1295415312051773,-0.3384454846382141,-0.2553527057170868,-0.0319253541529178,0.0394008308649063,0.1217833310365676,0.0051485742442309,-0.0400277897715568,0.0961822420358657,0.0933922305703163,-0.024627024307847,2.228241443634033,0.5676134824752808,0.5082871317863464,0.9015113115310668,0.7262221574783325,0.3901111781597137,0.2728385925292969,0.3767516314983368,0.299824595451355,0.5939868688583374,0.2722963690757751,0.4414959251880646,0.3320484757423401,0.0058340507549625,0.0036268805591859,0.0240510074528721,0.0111016098460588,25.80013135870393,1,Hyperfunktionelle Dysphonie,2233,i_n
-267.2651062011719,154.59796142578125,-5.879184246063232,75.7064208984375,54.73003005981445,21.056360244750977,-6.462831020355225,-16.762840270996094,7.913106918334961,5.584141731262207,3.909512519836426,-0.9852829575538636,-16.838579177856445,9.626076698303224,8.23205280303955,11.567654609680176,10.47310733795166,6.872208118438721,6.894640922546387,5.653729438781738,6.521063327789307,6.8334150314331055,5.152155876159668,6.175779819488525,3.4890613555908203,5.045433521270752,-0.117289587855339,-0.0532989576458931,0.1650182008743286,0.2435108423233032,-0.0046723415143787,-0.1539442986249923,-0.1932284384965896,-0.0708889216184616,-0.0540116839110851,0.0275434125214815,0.0845591872930526,-0.0496955290436744,-0.0988558009266853,1.662602424621582,1.1599516868591309,1.4048737287521362,1.5100024938583374,1.0989419221878052,1.0922938585281372,0.8738735914230347,0.8081008195877075,0.7936676144599915,0.8754169940948486,0.8673309087753296,0.4749037623405456,0.7222306728363037,0.0910298079252243,0.0370590202510356,0.0413164645433425,-0.0958303809165954,-0.0568598061800003,0.0023145473096519,0.0533507540822029,0.0549281612038612,0.0002885017020162,0.0220790319144725,0.0050782361067831,0.0062228948809206,-0.0125125749036669,1.0571341514587402,0.6197753548622131,0.8393344879150391,0.7000025510787964,0.6517037749290466,0.5623062252998352,0.5192639827728271,0.4855720996856689,0.4989537894725799,0.417342334985733,0.4343796372413635,0.3686308860778808,0.4618754088878631,0.0045169007930024,0.0020609764544408,0.0215399708109167,0.0100247457931679,25.80528318721276,1,Hyperfunktionelle Dysphonie,2239,i_n
-359.6680908203125,128.69236755371094,19.04365921020508,96.59943389892578,54.22890853881836,9.99569320678711,-11.127070426940918,0.9136374592781068,22.798242568969727,-5.7318267822265625,-19.21653175354004,-1.8191378116607664,-2.2085862159729004,16.442623138427734,3.5938167572021484,4.515234470367432,7.74916410446167,8.241474151611328,5.148152828216553,7.069193840026856,4.520356178283691,7.004927158355713,4.692847728729248,6.343934059143066,4.436468601226807,4.057695388793945,-0.3676685094833374,0.0299100168049335,0.0407039858400821,0.1096452176570892,0.1135204806923866,-0.022493876516819,-0.0423543192446231,0.0216183979064226,0.0569104477763175,-0.0434294566512107,-0.0455158874392509,0.0733243525028228,0.042164497077465,2.051352977752685,0.6027692556381226,0.6724465489387512,1.415612816810608,0.7551743388175964,0.6189629435539246,0.85284423828125,0.7019133567810059,0.6378750801086426,0.646347165107727,0.6324546933174133,0.5553146600723267,0.5903738737106323,0.3406047821044922,0.0427980124950408,-0.0430350117385387,-0.1950774043798446,-0.0348910354077816,-0.0043735587969422,0.0241176020354032,0.0341269858181476,-0.0321536399424076,0.0125877084210515,0.0133788231760263,0.0071485028602182,0.0090968832373619,1.7350763082504272,0.4568996429443359,0.4959235489368438,0.9864230155944824,0.4600404500961303,0.4475035667419433,0.5427517890930176,0.4441449046134949,0.4761870801448822,0.436966985464096,0.4894080758094787,0.4579983949661255,0.5000081062316895,0.0025291590769426,0.0012701406605132,0.0220409111341189,0.0100814470323681,26.66198207560885,1,Hyperfunktionelle Dysphonie,2240,i_n
-284.1109924316406,168.4126434326172,-41.78304290771485,51.37369918823242,69.58612823486328,24.355632781982425,-31.0515193939209,-7.273158550262451,-3.990211009979248,-15.631291389465332,-2.506568431854248,-25.473121643066406,-16.012535095214844,13.778644561767578,6.546679973602295,7.816224575042725,4.475775241851807,5.258039951324463,4.560757637023926,3.4543020725250244,3.5740411281585693,4.385899066925049,3.755589246749878,3.840631008148194,3.2223823070526123,2.87380599975586,-0.5828249454498291,0.3460730612277984,-0.0836062282323837,-0.0065109520219266,0.2128055542707443,-0.0200624354183673,-0.0420188270509243,0.0599312148988246,-0.0059295506216585,-0.0826490372419357,0.0023910596501082,-0.034459576010704,-0.0545519329607486,1.8640878200531008,1.0447348356246948,1.2235703468322754,0.6684899926185608,0.8053915500640869,0.624265193939209,0.5554163455963135,0.4623778164386749,0.5518041849136353,0.5392329096794128,0.5820890665054321,0.5312725901603699,0.2633453905582428,0.3243721723556518,-0.0142221031710505,0.1833434253931045,-0.1141176372766494,-0.1417061686515808,-0.0949697494506836,0.0671795457601547,0.0217924304306507,0.0232932548969984,0.065792791545391,0.0104142734780907,0.05851861089468,0.0061483825556933,1.3321590423583984,0.6103032231330872,0.6660576462745667,0.5079140663146973,0.5763657689094543,0.5267401337623596,0.4556152820587158,0.283860981464386,0.2510087788105011,0.3650611340999603,0.3748053610324859,0.3070903122425079,0.2202868610620498,0.001659627071847,0.0006321409519547,0.008383516879484,0.0030336481116442,31.45108017127536,1,Hyperfunktionelle Dysphonie,2241,i_n
-372.33251953125,108.32952117919922,-2.216596841812134,80.87824249267578,44.58431625366211,25.55101203918457,-20.84376716613769,-0.5199487805366516,22.19174575805664,-16.430681228637695,3.590896844863892,-3.4690394401550293,-21.631681442260746,24.958112716674805,7.135077476501465,9.183189392089844,9.561342239379885,7.9651384353637695,5.434797286987305,7.00175142288208,5.064211368560791,5.768761157989502,6.545996189117432,4.335142612457275,3.3727223873138428,5.811666965484619,-0.7224516868591309,-0.0649721175432205,-0.1562636643648147,0.1489265859127044,0.1561075150966644,0.1640304923057556,0.0053217867389321,0.1515448540449142,0.1473880559206009,-0.0805152207612991,-0.0132849244400858,-0.0103842448443174,-0.0228752437978982,3.552510023117065,1.521457552909851,1.6951923370361328,1.8931320905685425,1.4456857442855835,1.0684162378311155,1.5558944940567017,0.8214239478111267,0.9029335379600524,1.3317774534225464,0.8911518454551697,0.682397186756134,0.9984633326530457,0.926256775856018,0.2397195696830749,0.2266740649938583,-0.3991013467311859,-0.1582795083522796,-0.0903228893876075,0.2988474369049072,0.1260812580585479,-0.1323594897985458,0.2074891179800033,0.0371209904551506,0.0334444046020507,0.1410442888736724,2.4300436973571777,0.970801591873169,0.7662215828895569,1.199427843093872,0.7328526377677917,0.7287096977233887,0.9125708341598512,0.549639880657196,0.602912187576294,0.7772295475006104,0.4778864681720733,0.4227140247821808,0.6079686880111694,0.005381160380089,0.0026710661062463,0.0264122463727777,0.0143358030726525,28.20448661116516,1,Hyperfunktionelle Dysphonie,2245,i_n
-287.3565979003906,131.96934509277344,4.615118980407715,74.36514282226562,32.377647399902344,46.15531921386719,19.95319175720215,-39.228309631347656,0.4703220725059509,27.20219993591309,-15.415353775024414,-21.36924934387207,-8.277630805969238,9.466510772705078,3.5755598545074463,3.561605930328369,5.106386661529541,4.15748929977417,3.530907154083252,3.561063528060913,4.974295139312744,3.653773546218872,4.10094690322876,2.676785945892334,4.000669002532959,2.602877616882324,-0.1759840697050094,0.0541098900139331,0.1126718446612358,-0.0243990682065486,-0.0060771252028644,0.0617127642035484,0.0452093929052352,-0.0567796193063259,-0.0156760271638631,0.0471686795353889,-0.0216327514499425,-0.0806426629424095,-0.0015188172692433,1.687945008277893,0.7302652597427368,0.5868353843688965,0.9844865798950196,0.6235899925231934,0.6283110976219177,0.6451077461242676,0.8909767866134644,0.7018473744392395,0.6298060417175293,0.4912090897560119,0.6442704796791077,0.4728766977787018,0.2035212069749832,0.0851657837629318,0.0820925384759903,-0.1541261225938797,-0.1265607327222824,-0.1157450154423713,0.0353452041745185,0.1506176888942718,0.0558311641216278,-0.0031401347368955,0.0405750125646591,0.0394237674772739,0.0117113646119833,0.7672186493873596,0.4010214805603027,0.5040335059165955,0.5680800676345825,0.6581644415855408,0.4280896484851837,0.4579692184925079,0.5425070524215698,0.3942635357379913,0.3535262644290924,0.3466759324073791,0.4488465189933777,0.3227536976337433,0.0036521789815565,0.0018843919441763,0.0158057364382707,0.008609191421651,25.943534630311145,1,Hyperfunktionelle Dysphonie,2270,i_n
-258.963134765625,107.5561065673828,-30.52993392944336,65.22673034667969,37.93983459472656,-5.965160369873047,-28.30992317199707,-0.3771885335445404,5.898372173309326,-9.542781829833984,-4.876002788543701,-14.973363876342772,-13.171048164367676,18.99253463745117,6.569289207458496,7.334911346435547,7.051759243011475,4.6295976638793945,3.88374662399292,5.071376323699951,2.7569053173065186,3.556023359298706,3.738839626312256,2.7136423587799072,3.290153741836548,2.907834053039551,-0.695720911026001,0.0050052390433847,-0.0560887493193149,0.1790453344583511,0.1937649697065353,-0.0168598126620054,-0.0574021749198436,0.0446805469691753,0.0459280796349048,-0.0005303204525262,0.0201168023049831,0.0456884615123271,0.0512192398309707,3.0283138751983643,1.138458013534546,1.2922812700271606,1.226547122001648,0.7411152124404907,0.544390857219696,0.9762255549430848,0.54918372631073,0.6295781135559082,0.7291654348373413,0.4539675116539001,0.43252894282341,0.4920649230480194,0.8653822541236877,0.3086788654327392,0.3945595324039459,-0.1993408054113388,-0.0716538056731224,0.0696040093898773,0.1543382257223129,0.0606476701796054,-0.0225790347903966,-0.0019166651181876,0.0437595844268798,0.1301342397928238,0.0419979393482208,2.3640711307525635,0.8922437429428101,1.09845769405365,0.7340690493583679,0.4369408786296844,0.3688517212867737,0.539488673210144,0.3345279395580292,0.37202188372612,0.3904711902141571,0.3945784866809845,0.463401734828949,0.3888302147388458,0.0023870450580204,0.0013407377378677,0.011356071395437,0.0062947993169251,29.47318270490608,1,Hyperfunktionelle Dysphonie,2272,i_n
-311.6683959960937,83.49365234375,-15.444862365722656,95.59759521484376,21.995290756225582,12.247063636779783,-25.66861915588379,-12.778407096862791,16.495223999023438,-0.0523057356476783,-25.270483016967773,-21.22503471374512,4.187661170959473,15.16573715209961,9.38280200958252,11.66086769104004,10.494237899780272,6.114186763763428,3.622438907623291,3.7244057655334473,6.507960319519043,3.5626087188720703,2.955028533935547,4.1749114990234375,3.9158084392547607,3.261269807815552,0.1150066554546356,-0.1301703304052353,-0.194642573595047,-0.1280371993780136,-0.029579559341073,-0.1353087276220321,0.0079413941130042,-0.0923206135630607,-0.0664380341768264,-0.0342819355428218,-0.0845395699143409,-0.0981877744197845,-0.0564071983098983,1.7830655574798584,1.4311002492904663,0.9838376045227052,1.1344548463821411,0.7786074280738831,0.6555312871932983,0.5606001615524292,0.7029911875724792,0.5848639011383057,0.4814163148403168,0.565214991569519,0.5691187977790833,0.3958736956119537,0.3317088186740875,0.2377041131258011,0.1018410623073577,-0.1475519388914108,-0.0348130762577056,0.020006051287055,0.074041724205017,0.0765666887164115,0.0237458795309066,-0.0339559465646743,0.0082729775458574,0.0323735848069191,-0.0056871022097766,1.3256893157958984,1.012609601020813,0.566042423248291,0.6529207229614258,0.4095742404460907,0.3490111529827118,0.4458299577236175,0.4659708440303802,0.2969191670417785,0.3676662743091583,0.3675234317779541,0.3360358774662018,0.265046626329422,0.001988792471646,0.0010046562853157,0.0110431005252466,0.0055167376575584,30.317424690615795,1,Hyperfunktionelle Dysphonie,2288,i_n
-260.706787109375,77.55005645751953,-45.601318359375,78.16858673095703,41.72631072998047,35.33841323852539,-55.69425964355469,-1.8686236143112185,21.4671630859375,-21.069032669067383,-29.874380111694336,3.754306077957153,-26.411056518554688,21.56009292602539,8.483856201171875,5.682069778442383,6.388658046722412,5.657470226287842,4.000933647155762,5.545115470886231,4.077183246612549,3.8351240158081055,3.470989227294922,3.50616717338562,2.4141738414764404,3.2824409008026123,0.0388276278972625,-0.1534841656684875,-0.1074611842632293,0.0838407576084137,-0.0333099029958248,0.0609669610857963,-0.0623445063829422,-0.0293354950845241,0.006368851289153,-0.0451508052647113,-0.0537147186696529,-0.0334112420678138,-0.0438238307833671,2.550323009490967,1.6317604780197144,0.8260543942451477,0.8815352320671082,0.563723087310791,0.605944812297821,1.0212641954421997,0.6809361577033997,0.4851007163524627,0.5642818212509155,0.4966380298137665,0.4493549168109894,0.4609321057796478,0.3494528234004974,0.2362130880355835,0.1203834637999534,-0.0763396620750427,-0.0126430401578545,-0.0439957156777381,0.1206663697957992,0.024497041478753,0.0176362246274948,0.0183313321322202,0.0406025052070617,-0.0091980500146746,0.0453657209873199,1.6131460666656494,1.005402445793152,0.6110816597938538,0.5955831408500671,0.3441198766231537,0.3522441387176513,0.5644128322601318,0.4597057998180389,0.3310575485229492,0.3641053438186645,0.3790125250816345,0.3689071536064148,0.3811079263687134,0.0025215529571312,0.0013743715891512,0.0159010737951001,0.0081850484010531,27.419438404714533,1,Hyperfunktionelle Dysphonie,2292,i_n
-355.0244140625,82.48877716064453,22.79287338256836,83.91560363769531,28.76412582397461,10.047037124633787,-17.22458839416504,3.1456923484802246,17.20665740966797,-13.902857780456545,-18.19110107421875,-6.946317195892334,1.0433717966079712,17.74413299560547,7.817314624786377,3.135670185089112,7.206366539001465,4.246901512145996,3.4182069301605225,4.306717395782471,3.351734161376953,4.039239406585693,4.543368339538574,3.657039165496826,3.103785991668701,3.1846277713775635,-0.3910627365112304,-0.0404822081327438,0.0346115939319133,0.157787874341011,0.0505531467497348,0.0085081169381737,-0.0473984815180301,-0.0352023802697658,0.0813367739319801,0.0241119414567947,-0.086685873568058,0.0146004883572459,0.0724994540214538,3.224363088607788,1.292839288711548,0.5658628940582275,1.4457422494888306,0.8252129554748535,0.4991837441921234,0.7053602337837219,0.5347826480865479,0.6346254944801331,0.5483078360557556,0.542719841003418,0.6051592826843262,0.5539001226425171,0.5255120396614075,0.233621284365654,0.0126629453152418,-0.1799978166818618,-0.0362322852015495,0.0053972611203789,0.0649678036570549,-0.0184832047671079,-0.0549719743430614,0.0313182957470417,0.019011290743947,-0.0120635163038969,-0.0322835557162761,2.411008834838867,1.0625594854354858,0.3422482013702392,0.9221291542053224,0.4945287406444549,0.42847940325737,0.4307535886764526,0.4451093673706054,0.524940013885498,0.4203943908214569,0.3515067398548126,0.4035674333572387,0.4192551970481872,0.0024697338765114,0.0014623515618446,0.0159009455324882,0.0074097910774659,30.48995458869665,1,Hyperfunktionelle Dysphonie,2293,i_n
-431.4935607910156,85.25519561767578,13.565492630004885,80.69022369384766,30.500720977783203,16.150360107421875,-7.345626831054687,-2.239372730255127,10.436463356018066,-10.880171775817873,-5.23200798034668,-20.04326629638672,-7.435372352600098,37.15867233276367,9.477779388427734,11.91002082824707,10.678098678588867,5.132834911346436,3.73358678817749,4.632057189941406,4.051096439361572,3.5262815952301025,4.643201351165772,3.492128372192383,4.138272285461426,3.66391921043396,-1.2195488214492798,-0.1340483427047729,0.1471157968044281,-0.1456725895404815,0.1453665941953659,-0.028595682233572,-0.0564769506454467,0.0103368265554308,0.0327307321131229,-0.0042612506076693,-0.0785524174571037,-0.0247653927654027,-0.0434633865952491,4.335219383239746,1.6613929271697998,1.7480905055999756,1.691456317901611,0.8917315602302551,0.6759921312332153,0.742734432220459,0.8219788670539856,0.5786481499671936,0.6780809760093689,0.5285687446594238,0.6231978535652161,0.504219651222229,1.11095130443573,0.3965707123279571,0.1617998033761978,-0.4451572000980377,-0.1730227470397949,-0.0657954886555671,0.0936430469155311,0.0700964480638504,-0.037465114146471,0.0585267096757888,0.0108916340395808,0.1291043013334274,0.036699179559946,2.849165439605713,1.0203251838684082,0.7468688488006592,1.200479507446289,0.6042777895927429,0.3824129700660705,0.4030525982379913,0.5371605753898621,0.4574606120586395,0.4072042107582092,0.4048320949077606,0.5324381589889526,0.3273950815200805,0.003081691090226,0.0017504384286837,0.0153185913451294,0.0073802971239147,30.757708292743555,1,Hyperfunktionelle Dysphonie,2298,i_n
-376.5868835449219,106.59856414794922,14.64365005493164,76.51692199707031,29.762535095214844,9.224284172058104,-10.551080703735352,8.510184288024902,18.88753890991211,-12.609350204467772,-11.017744064331056,-2.2423646450042725,-3.6700308322906494,13.01418685913086,8.769068717956543,5.476306438446045,5.13663387298584,4.290457725524902,4.968835830688477,6.330277442932129,3.906613111495972,3.684569120407105,4.631539821624756,4.3459954261779785,3.646077156066896,3.5185139179229736,0.1210591495037078,-0.071504071354866,0.1428069472312927,-0.0815996900200843,0.0274478178471326,-0.1240595579147338,-0.0348025038838386,-0.1369977295398712,-0.0362247712910175,0.0340877585113048,0.0309724994003772,0.12586210668087,0.026072958484292,1.843544840812683,1.4605281352996826,1.0780279636383057,0.6611493825912476,0.6407306790351868,0.7360647916793823,0.917657434940338,0.5101807713508606,0.603489100933075,0.6524559855461121,0.7543249726295471,0.7714083194732666,0.6430564522743225,0.3270775377750397,0.4278494417667389,0.1835777461528778,-0.0893254801630973,-0.0494253374636173,0.0393832512199878,0.0750660598278045,0.0735344663262367,-0.0020220365840941,0.0070733982138335,0.0099461870267987,-0.0193852670490741,-0.0061824070289731,1.0656397342681885,1.287340760231018,0.5757064819335938,0.5213488936424255,0.4526017010211944,0.5685313940048218,0.6686257123947144,0.4511382281780243,0.3822107017040252,0.4439473152160644,0.492092490196228,0.4869066774845123,0.44351926445961,0.0052922249940412,0.0032061422550721,0.0317860724819816,0.0160182439856131,27.19277729004465,1,Hyperfunktionelle Dysphonie,2307,i_n
-362.5273132324219,80.7543716430664,25.57179832458496,60.78997421264648,25.30604362487793,19.55522346496582,-14.481159210205078,-11.271624565124512,15.521015167236328,-8.892512321472168,-14.93999481201172,-11.993123054504396,-9.250995635986328,22.275177001953125,11.046146392822266,7.446448802947998,7.471539497375488,7.004677295684815,3.706580400466919,5.979363441467285,6.464096546173096,4.296177864074707,3.4639129638671875,4.599254131317139,3.53255033493042,3.3350746631622314,-0.4907373487949371,-0.0487537160515785,0.2336744219064712,-0.0258431434631347,-0.0745611041784286,-0.1295552253723144,-0.184406504034996,-0.1144936457276344,0.0825566798448562,0.101477101445198,-0.0895881503820419,-0.1060798540711402,0.0566281639039516,3.571621417999268,2.1594576835632324,0.7581620216369629,1.362985610961914,1.1136797666549685,0.6681346893310547,0.9025733470916748,1.0726085901260376,0.6898292899131775,0.5725734233856201,0.5466249585151672,0.5082219243049622,0.4473908841609955,1.0730650424957275,0.6306833028793335,0.0789470672607421,-0.3916078209877014,-0.2327203899621963,-0.0896964222192764,0.1367760598659515,0.0445890761911869,-0.1766844689846038,0.0708601623773574,0.1053978577256202,0.0616815388202667,0.0286908186972141,2.538803100585937,1.4713815450668335,0.7192590236663818,0.9753113389015198,0.7986127138137817,0.5327184796333313,0.4590857625007629,0.4874926507472992,0.6672035455703735,0.4548996388912201,0.5456026792526245,0.3715419173240661,0.4014615714550018,0.0029949036015507,0.0015982370027479,0.0119572905108427,0.0055117788235741,27.46797101367428,1,Hyperfunktionelle Dysphonie,2317,i_n
-304.294921875,111.58726501464844,-19.85506248474121,86.73468780517578,39.978797912597656,6.352797031402588,-28.022485733032227,2.221972942352295,10.256731986999512,-6.41912841796875,-16.0247859954834,-16.466121673583984,2.6408708095550537,18.441240310668945,9.852417945861816,8.11920166015625,8.822505950927734,4.872079372406006,4.767427444458008,6.330606460571289,5.051072597503662,2.817326307296753,4.200259685516357,4.247824668884277,5.956809043884277,4.162024021148682,-1.3388291597366333,-0.3727079331874847,0.081167347729206,0.2976624071598053,0.1459645628929138,-0.1161836609244346,-0.3274250626564026,-0.1080449000000953,-0.0286790914833545,0.0385734848678112,-0.1091182082891464,-0.2904549539089203,0.0270066000521183,2.4545841217041016,1.721053957939148,1.342700481414795,1.6483699083328247,0.9769741296768188,1.084314465522766,0.7557793855667114,0.6520667672157288,0.4683544635772705,0.5333314538002014,0.9286953210830688,0.6327657699584961,0.687796413898468,0.6786465048789978,0.4907141327857971,0.3967021107673645,-0.4023928344249725,-0.0600751489400863,0.0924526080489158,0.2246148437261581,0.0375519879162311,-0.0031764302402734,0.1294234544038772,0.1850909143686294,0.0744727253913879,0.1287563592195511,1.3964200019836426,0.939487874507904,0.8861645460128784,1.051810622215271,0.5783319473266602,0.35841104388237,0.5628697872161865,0.4584569931030273,0.2958796918392181,0.3858892321586609,0.6700306534767151,0.4934634268283844,0.4784024357795715,0.0035580738457588,0.0019017133724512,0.0149258721238528,0.0078696040101564,27.950458383960115,1,Hyperfunktionelle Dysphonie,2331,i_n
-263.91778564453125,104.4156723022461,-20.78629493713379,90.76023864746094,20.367332458496094,5.460330486297607,-8.553780555725098,1.4744175672531128,6.886496543884277,-12.556718826293944,-3.706958770751953,-11.727364540100098,-7.784329891204834,25.895376205444336,6.2957916259765625,10.30268669128418,9.09011459350586,4.935605049133301,4.023496627807617,5.026188373565674,3.474574565887451,3.588472843170166,3.79910945892334,4.435838222503662,3.796649694442749,3.932666540145874,-0.8869598507881165,0.0723615363240242,0.255767822265625,-0.0316042266786098,-0.0769857317209243,-0.0403523221611976,-0.0064639248885214,0.1293667703866958,-0.0038694713730365,-0.0750571712851524,-0.0417696014046669,0.0329447016119957,0.157442107796669,3.576204776763916,1.088815450668335,1.292896747589111,1.7987781763076782,0.9192660450935364,0.755966067314148,0.6870805621147156,0.6493772268295288,0.5710422992706299,0.7788465619087219,0.6434215903282166,0.723732054233551,0.5973488092422485,0.8536604642868042,0.3221514523029327,0.3883927166461944,-0.4976274669170379,0.0288056805729866,-0.0310765597969293,0.0533809885382652,-0.0116978883743286,-0.0521658211946487,0.0037047483492642,-0.0095774475485086,0.0526915900409221,-0.0933989956974983,1.91438102722168,0.8689364194869995,1.068881869316101,1.2790685892105105,0.5744633078575134,0.4214833676815033,0.3717930614948272,0.5058180689811707,0.3580559492111206,0.517259955406189,0.4297824501991272,0.3948799073696136,0.4378950595855713,0.0026261283819632,0.001516433998373,0.0230940643957256,0.0101424812028189,25.09806098691733,1,Hyperfunktionelle Dysphonie,2338,i_n
-339.9549865722656,104.93917846679688,6.609522819519043,78.18254852294922,56.94010543823242,37.450714111328125,-51.24687576293945,-4.629453182220459,12.780652046203612,-31.960411071777344,-13.650690078735352,-8.545012474060059,-23.37505340576172,22.960521697998047,7.205963611602783,7.4963059425354,7.734658718109131,7.27251386642456,4.326329231262207,7.741514205932617,4.2481560707092285,3.831157922744751,4.945303440093994,3.939882278442383,3.808370351791382,4.816188335418701,-0.4508751034736633,-0.0366205051541328,-0.0121755385771393,0.0408312603831291,0.0746567845344543,0.0221198089420795,-0.0713237896561622,0.0011414951877668,0.0039642173796892,-0.0661437362432479,-0.0674223080277443,-0.0071241138502955,-0.0114000476896762,4.019672393798828,1.070526361465454,0.7346065044403076,1.4477477073669434,1.0087107419967651,0.7145652174949646,1.0750508308410645,0.5507335662841797,0.5467382669448853,0.8451418280601501,0.4913873374462127,0.5582814812660217,0.6178595423698425,0.6385678648948669,0.1338599920272827,0.0190099645406007,-0.2289663553237915,-0.1547984033823013,-0.1250104755163192,0.1664908081293106,-0.0129791749641299,-0.0605746433138847,0.1079422235488891,0.0249742213636636,0.0012578725581988,0.0661090984940528,2.610355854034424,0.6053627729415894,0.3883741796016693,0.9267886877059937,0.7092894315719604,0.6492264270782471,0.770697832107544,0.3880206048488617,0.4472317993640899,0.5392888784408569,0.3436490893363952,0.4047256410121918,0.4882700443267822,0.0020834288564122,0.0012130384289856,0.0075227153050585,0.0039363451128289,32.07991489390397,1,Hyperfunktionelle Dysphonie,2363,i_n
-331.4208374023437,129.76197814941406,-24.87841415405273,61.40584945678711,47.6072998046875,21.42336654663086,-34.772071838378906,-13.61278247833252,14.132702827453612,-18.14373779296875,-14.60798168182373,-21.199676513671875,-11.266157150268556,19.57225608825684,6.524867534637451,11.147296905517578,5.963323593139648,5.78277063369751,4.923468589782715,5.294435977935791,4.306778907775879,4.446170330047607,4.308596611022949,3.7312049865722656,4.092919826507568,3.869511604309082,-0.3250211179256439,0.0621265955269336,0.001432035700418,0.0458030179142952,0.0279837753623724,-0.011647249571979,-0.0581307671964168,-0.0551710315048694,-0.0226317849010229,0.014701334759593,-0.0450400970876216,-0.085062675178051,-0.0508998222649097,2.7287042140960693,1.1934340000152588,1.4671735763549805,0.9599102735519408,0.952828288078308,0.7264249920845032,0.8692969083786011,0.7507237195968628,0.639055609703064,0.6836045384407043,0.6000725030899048,0.5878624320030212,0.5844578742980957,0.5864896178245544,0.1846269816160202,0.2568817734718323,-0.1131919994950294,-0.1063815727829933,-0.0745693668723106,0.1598043441772461,0.0931072235107421,-0.0466352365911006,0.1087530702352523,0.0442291162908077,0.0436599738895893,0.0162524078041315,1.9139151573181152,0.7763867974281311,1.0410027503967283,0.6145645976066589,0.6624872088432312,0.5870091319084167,0.6001496911048889,0.4856879115104675,0.4265950918197632,0.5236971974372864,0.4353748261928558,0.3931117355823517,0.3543285131454468,0.0041923915040884,0.0024376214533656,0.0100745879966157,0.0054301191757466,28.96885201492857,1,Hyperfunktionelle Dysphonie,2370,i_n
-324.0307312011719,113.03562927246094,-19.97039031982422,74.20344543457031,54.81368637084961,23.956275939941406,-31.019073486328125,-7.760918617248535,-6.948899745941162,-16.221498489379883,-1.17803955078125,-29.52300262451172,-8.7013578414917,20.186368942260746,6.295163631439209,14.120379447937012,8.166767120361328,6.416371822357178,5.6451334953308105,5.275256633758545,4.26371955871582,5.439310550689697,4.077339172363281,3.8357789516448975,4.047059535980225,5.560055255889893,-0.2156307101249694,-0.0658355727791786,-0.2713073790073395,0.0950483232736587,0.1674166470766067,0.0812539234757423,-0.122463472187519,-0.1143187209963798,-0.0399299710988998,-0.0069423881359398,-0.0480771176517009,-0.1505909264087677,-0.0228902846574783,3.4868979454040527,1.0299067497253418,1.298212647438049,1.4918081760406494,1.2140573263168335,0.8310775756835938,1.142265558242798,0.8813581466674805,0.4910801947116852,0.7206794023513794,0.4902745187282562,0.8305937647819519,0.6566089987754822,0.6001190543174744,0.138759970664978,0.0377334095537662,-0.2166566103696823,-0.119825005531311,-0.0744135305285453,0.1037309616804122,0.0364691689610481,0.0127026857808232,0.0545453578233718,-0.0287401489913463,0.0558804646134376,-0.0188950840383768,2.5549449920654297,0.7679914236068726,0.4296903312206268,0.9202272891998292,0.4853712320327759,0.4628486335277557,0.4633587598800659,0.4098012149333954,0.3199339210987091,0.471464455127716,0.3974655568599701,0.390853077173233,0.339993268251419,0.0015942991193931,0.0008473915301025,0.0132602311849362,0.0079055454791454,31.321535088060667,1,Hyperfunktionelle Dysphonie,2374,i_n
-343.0588684082031,101.1452407836914,36.21014404296875,85.52655792236328,19.36474609375,30.32612037658692,-24.242176055908203,2.38314151763916,27.0295467376709,-20.01827812194824,-12.19823932647705,-15.351476669311523,-11.293461799621582,35.1113166809082,19.21467018127441,13.26587200164795,13.811655044555664,7.142781734466553,6.7578125,9.639891624450684,7.616241455078125,6.578342437744141,5.90164041519165,7.714302539825439,4.022571563720703,3.351128578186035,-0.8937129974365234,-0.2908883690834045,-0.2043819576501846,-0.2257204502820968,-0.0736491978168487,-0.0726654082536697,-0.191224068403244,-0.0903166905045509,-0.0613118298351764,-0.0965196713805198,-0.0674938634037971,-0.1194904297590255,-0.0632435083389282,6.495598316192627,3.381489992141724,1.647688388824463,2.3175973892211914,1.217745065689087,0.9961202144622804,1.202762484550476,0.9007155895233154,1.0691168308258057,0.933839738368988,1.0311164855957031,0.9277862906455994,0.6400739550590515,1.3807331323623655,0.2376009821891784,-0.0939047709107399,-0.5150240063667297,-0.1289150416851043,-0.1414245069026947,0.3933173418045044,-0.0138757126405835,-0.371206134557724,0.1925745606422424,0.1323364526033401,0.0485342592000961,-0.0119447633624076,2.922812223434448,1.0036181211471558,0.8104938268661499,1.3745077848434448,0.5647715926170349,0.5578173995018005,1.2694839239120483,0.4827705323696136,0.9789289832115172,0.8213870525360107,0.6103845834732056,0.4198437333106994,0.3392318487167358,0.030342215991673,0.0133813292423232,0.1091802687151977,0.0440965307308183,17.89173974127066,1,Hyperfunktionelle Dysphonie,2378,i_n
-331.1407470703125,110.3155288696289,4.468166351318359,69.31977844238281,46.32530212402344,21.112632751464844,-31.933799743652344,8.839181900024414,10.456714630126951,-32.025489807128906,8.44968032836914,-8.290414810180664,-20.199216842651367,20.87314987182617,7.932676792144775,10.731841087341309,4.984431266784668,5.423435688018799,7.331807613372803,4.573745250701904,4.01353931427002,4.286141395568848,4.676699161529541,5.869796276092529,5.627278804779053,3.9375059604644775,-0.3589646220207214,-0.0517853535711765,0.206439584493637,0.0293346382677555,-0.1003189161419868,0.0292744934558868,-0.0019816909916698,-0.0141694024205207,0.0274190735071897,-0.0135211050510406,0.0234260223805904,0.0183782912790775,0.015555951744318,2.437868356704712,1.483240008354187,0.6413665413856506,0.847497284412384,0.7921510934829712,0.8808503150939941,0.7516920566558838,0.5925841927528381,0.6532631516456604,0.6445474624633789,0.6963658928871155,0.5133042931556702,0.5567005276679993,0.3942754566669464,0.1334021985530853,0.0812715888023376,-0.1032180860638618,-0.0937041416764259,-0.044942233711481,0.1256050616502761,0.0019601513631641,-0.0169488787651062,0.0750165730714798,-0.064285859465599,0.0337699353694915,0.0251008551567792,1.785924196243286,0.7228274345397949,0.643821120262146,0.5876150131225586,0.7249906063079834,0.4861401915550232,0.7679245471954346,0.3679927289485931,0.4263392984867096,0.5565456748008728,0.456770122051239,0.383701890707016,0.2932657301425934,0.0023945152478808,0.001502705723112,0.0098097150465722,0.0042235903878339,32.72507750525946,1,Hyperfunktionelle Dysphonie,2398,i_n
-328.0549011230469,102.53353881835938,-13.461921691894531,87.46730041503906,23.735002517700195,20.956844329833984,-23.09483337402344,-2.5372676849365234,20.27228355407715,-30.265399932861328,-9.291471481323242,-8.155394554138184,-2.892962694168091,21.961645126342773,7.884528636932373,6.646605968475342,7.568521499633789,5.226753234863281,3.690317869186402,3.923696517944336,3.868511915206909,3.3730950355529785,4.239217758178711,3.345799207687378,3.208263397216797,3.2585911750793457,0.0921569094061851,-0.1195664405822753,-0.0861444994807243,-0.0018985796486958,-0.0175587721168994,-0.0196172650903463,0.0026293084956705,-0.0216834116727113,-0.039620466530323,-0.0151849845424294,-0.0336751230061054,-0.0227881371974945,0.0057084877043962,2.8147671222686768,1.3550945520401,1.0389885902404783,1.1232578754425049,0.8723387718200684,0.6011198163032532,0.5756030082702637,0.5468742847442627,0.5168708562850952,0.5788782835006714,0.5619171857833862,0.5194653272628784,0.4636556506156921,0.389957994222641,0.1697208434343338,0.1648987084627151,-0.163513109087944,-0.025619026273489,-0.044304259121418,0.0845380201935768,0.0484721027314662,-0.0385508872568607,0.0812601745128631,-0.0210739690810441,-0.0132394526153802,0.0131383901461958,1.4906152486801147,0.8281331062316895,0.6805895566940308,0.8944936990737915,0.5699090361595154,0.4858462810516357,0.524213433265686,0.4522823095321655,0.3687364757061004,0.4528714418411255,0.3622483909130096,0.3749238550662994,0.433431327342987,0.0027365818071304,0.0015581135260227,0.0236100903450423,0.0127938964292519,27.77817206483196,1,Hyperfunktionelle Dysphonie,2399,i_n
-303.5729064941406,139.2066192626953,-18.594465255737305,62.86743927001953,68.7667236328125,27.12052726745605,-4.181562423706055,-9.055452346801758,23.653858184814453,5.294383049011231,-8.447175979614258,3.364067554473877,-7.835341453552246,22.09303092956543,10.176020622253418,9.92469882965088,4.263958930969238,6.212961196899414,2.935830354690552,2.548279285430908,5.631579875946045,3.201728820800781,2.6468093395233154,3.219113826751709,3.202345848083496,3.627261638641357,-0.2130353897809982,-0.026372680440545,-0.0032976346556097,0.0005124507588334,-0.0409483239054679,0.0613977424800396,0.0079911649227142,-0.0550173744559288,0.0614936761558055,-0.0212055295705795,-0.0378773175179958,-0.043264377862215,-0.0456364229321479,1.8043333292007449,0.8619200587272644,1.0145158767700195,0.7100939750671387,0.8029721975326538,0.4820651412010193,0.4597289860248565,0.6417566537857056,0.4034912884235382,0.4050855934619903,0.4185989201068878,0.3284009993076324,0.3976485431194305,0.1242416352033615,-0.0109868608415126,0.0748979970812797,-0.0297301039099693,-0.079314686357975,-0.0316943228244781,0.0042881132103502,0.0359308086335659,-0.0290026888251304,-0.0276457499712705,-0.0023892098106443,-0.0043796170502901,-0.0048415660858154,0.8889961242675781,0.454397439956665,0.550709068775177,0.3691514134407043,0.4644768536090851,0.3020531833171844,0.2598149180412292,0.3548899590969085,0.2610388100147247,0.2928424775600433,0.2348813116550445,0.2291639000177383,0.2645635902881622,0.0024576124477063,0.0010514228113879,0.0359882278239647,0.0097660826805899,27.14239816691799,1,Hyperfunktionelle Dysphonie,2420,i_n
-349.8784484863281,141.07969665527344,19.380102157592773,88.46184539794922,55.17148971557617,8.690558433532715,-31.15837860107422,-12.172322273254396,14.365467071533203,-14.058238983154297,-11.252422332763672,-2.456230640411377,-22.04124641418457,38.3066291809082,7.000548362731934,9.662164688110352,11.886516571044922,9.389686584472656,6.083432674407959,6.753145217895508,5.602200508117676,4.5907087326049805,4.355631351470947,4.425919055938721,3.638915061950684,5.0666022300720215,-0.8115248084068298,-0.0442323647439479,0.2024152427911758,0.0507845543324947,0.0682481080293655,0.0227413773536682,0.0081820087507367,-0.0029377075843513,0.068734236061573,0.0241732168942689,-0.0544622242450714,-0.0025329247582703,0.0341953262686729,5.19403076171875,0.9615976810455322,0.707419216632843,2.2638602256774902,1.4683634042739868,0.8156112432479858,1.2070895433425903,0.8727781772613525,1.011669635772705,0.6749325394630432,0.7612403035163879,0.6029160022735596,0.7749046683311462,1.112398386001587,-0.005373862106353,0.0402520038187503,-0.5156466364860535,-0.2602334916591644,0.0113452123478055,0.2715073227882385,0.1528053134679794,-0.1575554758310318,0.0124345403164625,0.1114571467041969,0.009211759082973,0.0950305312871933,3.252098798751831,0.5927014350891113,0.5914843678474426,1.543176770210266,0.8822140693664551,0.4198063910007477,0.8733059763908386,0.6122402548789978,0.5888497233390808,0.5375889539718628,0.5215761065483093,0.3385138511657715,0.4678268432617187,0.0055399353256168,0.0022613678763613,0.0290171821879066,0.0148502013877516,29.609402262409183,1,Hyperfunktionelle Dysphonie,2425,i_n
-356.59771728515625,153.19630432128906,3.566762685775757,73.0352554321289,51.27507019042969,20.49817657470703,-8.831071853637695,-13.688066482543944,-0.1889720857143402,0.5709254741668701,1.683708667755127,-10.112550735473633,-5.9097185134887695,23.87334442138672,4.154980659484863,5.310067653656006,8.88038158416748,4.282588481903076,7.621661186218262,7.44914436340332,6.240669250488281,7.903901100158691,6.2538652420043945,6.20598840713501,4.310665607452393,3.5396621227264404,-0.2360779494047165,-0.1204465255141258,-0.0468830242753028,0.1936397552490234,0.0848688930273056,0.0355585254728794,0.2645129561424255,-0.0495279245078563,-0.2201782464981079,0.1263541281223297,0.1452350318431854,-0.1204988434910774,0.0566772706806659,3.530360460281372,0.5492693781852722,0.952541708946228,1.6065521240234375,0.8439512252807617,1.2369483709335327,0.9867587685585022,1.0027093887329102,0.8651710748672485,0.7074970602989197,0.7436700463294983,0.6147580742835999,0.588295042514801,0.4819435775279999,0.0564070083200931,0.1484393328428268,-0.2399474829435348,-0.0485122725367546,-0.0567552559077739,0.0292192492634058,0.1581072509288787,0.0632940754294395,-0.0746471062302589,-0.1039492189884185,0.0527123622596263,0.0201357528567314,1.6164997816085815,0.4365991353988647,0.6842426657676697,0.985684335231781,0.4796520173549652,0.6205775737762451,0.7333977222442627,0.7407044768333435,0.7008541226387024,0.4915691912174225,0.5733813643455505,0.4111726880073547,0.3471395969390869,0.007616153956355,0.0044782275031528,0.024462731741674,0.0099761527406489,28.65606446827443,1,Hyperfunktionelle Dysphonie,2438,i_n
-323.4532775878906,115.0342254638672,-7.077008247375488,77.4275131225586,38.5396728515625,16.949066162109375,-14.731969833374023,-6.623979091644287,1.6111825704574585,2.2413480281829834,-2.61575984954834,-18.28235626220703,-8.392128944396973,24.383665084838867,11.79836082458496,7.662944316864014,12.129860877990724,7.26956033706665,2.8970580101013184,9.125261306762695,4.031553745269775,5.302766799926758,4.398270606994629,4.210611820220947,4.738774299621582,3.277963399887085,1.0794202089309692,0.2903922796249389,0.6711593866348267,-0.8573379516601562,-0.5951831340789795,-0.0249442476779222,-0.1618794947862625,-0.1283890902996063,-0.257195234298706,-0.0785920470952987,-0.2063254863023758,-0.0994655713438987,0.0675733387470245,3.691785097122192,2.0939204692840576,1.4546185731887815,1.0776907205581665,0.6687857508659363,0.566936194896698,1.192546010017395,0.5106708407402039,0.4803354740142822,0.6342916488647461,0.70082688331604,0.6137326955795288,0.5167220830917358,0.959332287311554,0.3504101634025574,0.2598860263824463,-0.1588028371334076,0.1153751015663147,0.0403335206210613,0.2971357703208923,0.1018439456820488,-0.008987090550363,-0.0106952218338847,0.0422513596713542,0.1637296080589294,-0.026972260326147,2.2675588130950928,1.2899374961853027,0.6703493595123291,0.4662121832370758,0.4930956363677978,0.4230601489543915,1.1143975257873535,0.4826020300388336,0.4430206716060638,0.3436448574066162,0.4848004877567291,0.580901563167572,0.3638087213039398,0.0027032385146731,0.0012958656023718,0.0237716786357403,0.0086833412196836,30.70534565442277,1,Hyperfunktionelle Dysphonie,2447,i_n
-318.0311889648437,151.18626403808594,-8.42175579071045,72.76194763183594,53.07864761352539,14.572959899902344,-23.85000991821289,-10.851404190063477,30.40557289123535,3.8547751903533936,-12.996039390563965,-5.930647850036621,-8.599309921264648,18.779443740844727,9.95755100250244,22.642127990722656,9.46236515045166,11.251801490783691,6.23798418045044,5.770364761352539,6.234301567077637,7.423482894897461,6.68617582321167,5.803542613983154,8.535501480102539,3.487569093704224,0.1043406054377555,-0.0575494095683097,0.4580929279327392,-0.1424499899148941,-0.2852017879486084,0.0264043137431144,0.0495174452662467,-0.0128045417368412,-0.0331983715295791,0.0962137803435325,0.0402493365108966,-0.0949430987238884,-0.0201627667993307,2.4837238788604736,0.9498947858810424,1.1869276762008667,1.2719378471374512,0.7855290770530701,0.7035657167434692,0.9012925028800964,0.7215080261230469,0.909007489681244,0.6201868653297424,0.7117143869400024,0.82413649559021,0.4730679392814636,0.3852937221527099,0.0483020171523094,0.1038523688912391,-0.203185349702835,-0.0735107883810997,0.0226175803691148,0.0635091513395309,0.0869051441550254,-0.0927706286311149,-0.059219654649496,0.0131865972653031,0.0016544485697522,0.0251514911651611,1.5908851623535156,0.5046515464782715,0.7121413350105286,0.8516765832901001,0.4308688044548034,0.4092548191547394,0.4796740114688873,0.447028636932373,0.4939503669738769,0.4485831558704376,0.3557417690753937,0.3812431097030639,0.2888616025447845,0.0047934387824513,0.0026172743329629,0.032492788035676,0.0162257408672379,26.19016140510647,1,Hyperfunktionelle Dysphonie,2449,i_n
-356.6231994628906,158.72401428222656,-14.596424102783203,46.98998260498047,80.6944580078125,43.70146179199219,-17.143251419067383,-27.631591796875,22.655717849731445,21.7739200592041,-17.316246032714844,-21.47163772583008,1.2697954177856443,23.58817481994629,9.951164245605469,9.225374221801758,4.077968597412109,7.1427388191223145,4.3138041496276855,8.403313636779785,4.314303874969482,5.240624904632568,3.558155059814453,2.814760684967041,4.435792922973633,3.531247615814209,-0.5743165016174316,-0.0934020727872848,0.0221639312803745,0.0511083863675594,0.2108661532402038,-0.0311964396387338,-0.1833458393812179,-0.0206271391361951,0.1125218868255615,-0.0286781042814254,-0.0374931655824184,-0.0154493423178792,-0.0418804250657558,1.5412298440933228,0.8781030178070068,0.9563555717468262,0.5963629484176636,0.7327322959899902,0.5820719599723816,0.6042891144752502,0.6259108781814575,0.4610136449337005,0.5557433366775513,0.5477896332740784,0.483000785112381,0.442393958568573,0.2271745055913925,0.1034383550286293,0.1094527095556259,-0.0057797371409833,-0.0338244885206222,-0.0418498367071151,0.0657938867807388,0.1106939911842346,0.0048481090925633,-0.0309822410345077,0.0326827019453048,0.0893402323126792,0.0370338521897792,0.9799935817718506,0.7045770883560181,0.6676714420318604,0.4453588724136352,0.3445307910442352,0.399666428565979,0.4468011260032654,0.5344173908233643,0.3265308737754822,0.3720380067825317,0.4313076138496399,0.4442301094532013,0.3588237762451172,0.0034302464151521,0.0014841545351637,0.0093548158140005,0.0047655203026777,31.42504037722271,1,Hyperfunktionelle Dysphonie,2454,i_n
-337.9287109375,150.0198974609375,0.9736771583557128,33.80506896972656,34.532222747802734,53.495643615722656,-11.332807540893556,-25.96660614013672,1.8044555187225344,-13.858680725097656,-8.340568542480469,13.15170669555664,-26.227415084838867,20.4271297454834,9.399100303649902,11.502121925354004,8.203156471252441,5.409682750701904,4.053630828857422,9.502923011779783,6.328441619873047,6.031173706054688,6.921539783477783,7.802112102508545,3.8159103393554688,5.839974880218506,-0.8506631851196289,0.0553109720349311,0.3295696675777435,-0.1232932284474372,-0.159755140542984,-0.0362154766917228,0.3196373581886291,0.2551778256893158,0.1536224335432052,-0.1504185795783996,0.1988936960697174,-0.0389818251132965,0.0021902550943195,1.498120903968811,1.2906198501586914,1.4290046691894531,0.8875143527984619,1.0826616287231443,0.7753978967666626,0.7487662434577942,0.7736964821815491,0.7722434401512146,0.9049763679504396,1.0213874578475952,0.6494585275650024,0.79771888256073,0.1355175822973251,0.3086670637130737,0.1531227976083755,0.0843594893813133,0.0143272560089826,-0.0387972630560398,0.0952943786978721,0.0701311454176902,0.0323325023055076,0.0153810447081923,0.1096812412142753,-0.0058133155107498,0.0164178945124149,1.078557372093201,1.3232964277267456,0.9133360385894777,0.5053458213806152,0.6577063202857971,0.5092030167579651,0.589405357837677,0.5784972310066223,0.5701023936271667,0.5628807544708252,0.5673937201499939,0.3771388232707977,0.5305307507514954,0.0041724118410287,0.002355494664,0.0107094435240476,0.0054844566306511,29.65854501738308,1,Hyperfunktionelle Dysphonie,2463,i_n
-309.2753295898437,96.77100372314452,16.594938278198242,89.18892669677734,14.286419868469238,36.09348678588867,-28.376873016357425,-1.0890369415283203,13.04752254486084,-12.339642524719238,-14.878207206726074,-18.80398178100586,-1.7512826919555664,17.504823684692383,8.23140811920166,4.070466041564941,7.609016418457031,4.112162590026856,5.072897911071777,5.7654709815979,5.707821369171143,3.971018314361572,3.230296850204468,4.25808048248291,4.260144710540772,3.6019206047058105,-0.2859622240066528,-0.1529011726379394,-0.0992027148604393,-0.0269638355821371,-0.0366193987429142,0.0898657366633415,0.0348720923066139,-0.1200033873319625,0.0382959954440593,-0.0132265472784638,-0.0609065890312194,-0.086853340268135,0.0257332976907491,2.167372703552246,1.2979334592819214,0.7173615097999573,1.258015513420105,0.5902332067489624,0.6987770795822144,0.8520609140396118,0.5086299180984497,0.6095520257949829,0.5113101005554199,0.7497701644897461,0.5823702216148376,0.7009854912757874,0.5521401762962341,0.2565480470657348,0.1083089560270309,-0.3026577234268188,-0.021415950730443,-0.0078125679865479,0.162439152598381,0.0502200201153755,-0.0030417162925004,0.0270613338798284,0.0659353658556938,0.0491481684148311,-0.0772751420736312,1.693533420562744,0.8885825872421265,0.5037732720375061,0.9993995428085328,0.4622991681098938,0.5355491638183594,0.6918100714683533,0.3878650963306427,0.4183769226074219,0.3979695737361908,0.526702880859375,0.4084673225879669,0.5130189061164856,0.0041626280686623,0.0023404185409002,0.0196779456512022,0.0106396528081336,27.55385272047284,1,Hyperfunktionelle Dysphonie,2466,i_n
-331.568359375,117.94904327392578,18.61137580871582,82.01228332519531,41.60587692260742,18.14415168762207,-20.75065040588379,1.6763057708740234,30.10240364074707,-13.991262435913086,-16.3323974609375,-13.19479274749756,-8.899688720703125,20.03931999206543,11.73926067352295,9.447300910949709,6.995601177215576,4.759325981140137,5.978833198547363,4.639939308166504,4.370971202850342,3.838204860687256,3.914254903793335,3.595914125442505,3.475616693496704,3.4623119831085205,-0.0148196788504719,0.007874934002757,0.1324817091226577,0.106362834572792,-0.006015480030328,-0.0613048709928989,-0.056470938026905,0.0193983521312475,0.0335136987268924,-0.0048385858535766,-0.0140977511182427,-0.080792136490345,-0.0292108841240406,2.497101306915283,1.6934117078781128,1.4425430297851562,1.3120856285095217,0.813159167766571,0.8908141851425171,0.7848196625709534,0.6383007168769836,0.702754020690918,0.5534170269966125,0.6471655368804932,0.6676197052001953,0.6886118054389954,0.2403665781021118,0.1861268728971481,0.0555070079863071,-0.112693578004837,-0.043654978275299,0.0276319123804569,0.0578887835144996,-0.0013506043469533,-0.0343640930950641,0.0145454658195376,0.027542470023036,0.0146404523402452,-0.0012446786276996,1.534570813179016,1.199864149093628,0.7643618583679199,0.7743434309959412,0.5040245652198792,0.5674936771392822,0.4922412931919098,0.4536871612071991,0.5681907534599304,0.4851090312004089,0.4428875744342804,0.4088650643825531,0.4785737693309784,0.0127222620391621,0.0069528369012755,0.0596093056504335,0.0272453567958994,21.99139077922509,1,Hyperfunktionelle Dysphonie,2471,i_n
-351.9168395996094,86.50251770019531,-12.307860374450684,85.18257904052734,29.996074676513672,23.168092727661133,-18.6807918548584,-1.4106805324554443,25.09572982788086,-13.309100151062012,-21.588844299316406,-0.2568965554237366,0.0625794827938079,21.449493408203125,6.589940547943115,10.806368827819824,8.580018043518066,5.036327838897705,5.575985431671143,5.223324298858643,3.878953218460083,3.5039374828338623,3.671269655227661,3.860262870788574,2.9287471771240234,2.8436267375946045,-0.1065381616353988,0.035285223275423,0.1184102147817611,-0.0581966154277324,0.0296140536665916,0.0201398786157369,-0.0176219437271356,-0.0197165831923484,0.0130278756842017,-0.0214873068034648,-0.0176466051489114,-0.007507343776524,-0.0179750155657529,1.816072702407837,1.0202577114105225,0.6092684268951416,0.824319064617157,0.5988714694976807,0.6759107112884521,0.7773606777191162,0.526845395565033,0.4855738878250122,0.5352177619934082,0.5376642346382141,0.3510006964206695,0.4418918788433075,0.22616808116436,0.1878935694694519,0.1044862419366836,-0.1209084242582321,-0.0303131360560655,-0.0361967347562313,0.0465777479112148,0.0130448015406727,-0.0022882698103785,0.0155756901949644,0.0421893484890461,0.0242868363857269,-0.0015784064307808,1.1706684827804563,0.9117364883422852,0.5732807517051697,0.6249492168426514,0.4349181354045868,0.5148627758026123,0.4410652816295624,0.4013512134552002,0.3471613526344299,0.36807781457901,0.4014355540275574,0.3343800902366638,0.3142349421977997,0.0017522112080647,0.0009259229878327,0.0180783094098927,0.0079945684340832,27.82235053683932,1,Hyperfunktionelle Dysphonie,2479,i_n
-333.0231628417969,115.77935028076172,-3.3963422775268555,98.60816955566406,47.23719787597656,19.939367294311523,-7.318400859832764,-0.2093835920095443,24.05708694458008,-17.105504989624023,-13.644628524780272,-0.0683836117386818,-13.983210563659668,24.228837966918945,3.755370378494263,5.939952850341797,8.844286918640137,7.086565017700195,3.893120527267456,5.006978511810303,3.996387720108032,4.060487270355225,4.000461578369141,3.2704434394836426,2.529764413833618,5.684510231018066,-0.1917642652988433,0.0456477366387844,-0.0524067729711532,0.1229657977819442,0.1273367404937744,-0.0167873352766037,-0.0079409377649426,0.0315927825868129,0.0268304385244846,-0.0084484377875924,-0.0522985346615314,-0.0199883989989757,0.0343598946928978,2.98958420753479,0.5474683046340942,0.801961362361908,1.59550142288208,0.6651014685630798,0.6172789931297302,0.7034100890159607,0.4326693117618561,0.7151990532875061,0.4627901911735534,0.566389262676239,0.3994483649730682,0.4864709377288818,0.5023945569992065,0.0956713035702705,0.0824923440814018,-0.2353825867176056,-0.0852021798491478,-0.011792398057878,0.0445985347032547,0.0473218336701393,-0.0400675609707832,0.0345583856105804,0.0218746960163116,0.0047670979984104,0.0266446564346551,2.3008878231048584,0.5059722065925598,0.5843056440353394,1.1405583620071411,0.4476922154426574,0.428962767124176,0.5194411277770996,0.340853750705719,0.5714502930641174,0.2734718024730682,0.3311910033226013,0.2794564664363861,0.2867355048656463,0.0023741108649913,0.0014142093967948,0.0109192239847072,0.0056754860154408,32.295639298560936,1,Hyperfunktionelle Dysphonie,2480,i_n
-338.7372131347656,92.0676040649414,-5.702219486236572,107.03392791748048,16.223079681396484,16.269922256469727,-4.304921627044678,-4.857975006103516,17.331571578979492,-1.6790350675582886,-15.318432807922363,-10.039543151855469,-3.141645669937134,33.65192031860352,9.52127170562744,12.039752960205078,15.768643379211426,5.802670478820801,6.156334400177002,7.6440582275390625,4.922175884246826,4.84372091293335,4.866847991943359,4.213804244995117,4.301609992980957,5.153643131256104,-1.2281033992767334,-0.1092282459139823,0.2523015439510345,-0.1304283738136291,-0.0749908238649368,-0.0568141043186187,-0.0305858328938484,-0.1705002784729004,-0.0627910792827606,0.1242594420909881,-0.1287438124418258,-0.1191029846668243,0.1774243116378784,5.146947383880615,1.3502572774887085,2.3057661056518555,3.259131908416748,1.0293128490447998,1.108088731765747,1.338569402694702,0.9186320304870604,0.9678045511245728,0.998774230480194,0.811000406742096,0.7638696432113647,0.7802049517631531,1.30400812625885,0.2055001705884933,0.1053423881530761,-0.8179180026054382,-0.1582672148942947,-0.053835492581129,0.3123996555805206,0.0843062177300453,-0.1726247370243072,0.0816806107759475,0.101940706372261,0.1270632743835449,0.0206873975694179,3.5676140785217285,0.8198569416999817,1.5160456895828247,2.072791814804077,0.7772683501243591,0.4845465123653412,1.0596486330032349,0.522145688533783,0.6545366048812866,0.704317033290863,0.5397236347198486,0.6009881496429443,0.4513987600803375,0.0099905851599582,0.0030197992365331,0.0326031776572487,0.016246784318919,22.56337137189944,1,Hyperfunktionelle Dysphonie,2482,i_n
-322.0877380371094,119.0178451538086,-44.18147659301758,65.8321304321289,75.55972290039062,40.987449645996094,-23.30967140197754,2.888474225997925,27.82402610778809,7.705258369445801,2.3456571102142334,-11.183526992797852,10.468107223510742,24.13846015930176,5.989650249481201,12.902109146118164,5.9872145652771,7.200499534606934,4.957503318786621,5.966358661651611,3.916311025619507,3.42765736579895,6.794535160064697,3.7158050537109375,4.447990417480469,4.576024532318115,-0.2278157919645309,-0.1708842515945434,0.1706814467906952,0.0864318460226059,-0.1022999733686447,-0.0213444586843252,0.1106197014451026,0.0442811772227287,-0.0193041525781154,-0.0395839102566242,0.1100028157234191,0.0503563284873962,-0.0543846562504768,2.5377745628356934,0.6948424577713013,1.094260334968567,1.0886274576187134,1.0762404203414917,0.6124460697174072,0.7093411087989807,0.5718489289283752,0.5812884569168091,0.5742418766021729,0.7053225636482239,0.5729343295097351,0.5141575336456299,0.3531997203826904,0.0775068253278732,0.1346803158521652,-0.1621287763118744,-0.133779838681221,-0.1008503660559654,0.0676880255341529,0.0189961530268192,-0.0482015497982502,0.0286159571260213,-0.0314328931272029,0.0326341837644577,0.0266799740493297,1.5200841426849363,0.5818691253662109,0.5993474125862122,0.7152402997016907,0.6597172617912292,0.4935409128665924,0.480210542678833,0.4136861562728882,0.5140087008476257,0.430276095867157,0.3740955293178558,0.3751992285251617,0.3485869467258453,0.0037890737315068,0.0018668108016182,0.0356710568900702,0.0177681183556092,19.626229199239205,1,Hyperfunktionelle Dysphonie,2487,i_n
-345.1100769042969,157.2245330810547,1.2753115892410278,64.16148376464844,78.14405059814453,20.294612884521484,-16.012998580932617,7.687137126922607,21.005691528320312,-1.5881320238113403,-6.524479866027832,-5.293629169464111,-8.214193344116211,26.342330932617188,5.617741584777832,13.483304023742676,4.9043169021606445,10.319476127624512,4.041174411773682,7.029500484466553,5.156781196594238,3.637773990631104,4.706988334655762,3.476205348968506,3.248764753341675,3.1679627895355225,-0.0036479672417044,0.0799590945243835,0.1784182488918304,0.0139203378930687,0.0252466853708028,0.0902773886919021,0.0918238386511802,-0.0910136103630065,0.0572223998606205,0.072352834045887,-0.0681174620985984,-0.0324578434228897,0.0416001118719577,3.1578071117401123,0.8631516098976135,1.0678727626800537,0.9924346208572388,1.5399326086044312,0.7099303603172302,0.9918005466461182,0.5580434203147888,0.6037931442260742,0.5121324062347412,0.6396610736846924,0.4770016074180603,0.5397952795028687,0.6765127182006836,-0.1657534092664718,0.0783612579107284,-0.1410805433988571,-0.2919641435146332,-0.0603033863008022,0.1324255913496017,0.0469982326030731,-0.0976689904928207,-0.016789972782135,0.0037741130217909,0.0087381154298782,0.0081773400306701,2.246354341506958,0.7503226399421692,0.6875182390213013,0.5930194854736328,1.2357041835784912,0.4682245850563049,0.6060014963150024,0.4239731729030609,0.4287919402122497,0.3661949932575226,0.38847216963768,0.2864660620689392,0.3465484976768493,0.0033751613341168,0.0016556084369208,0.0246972693762266,0.011760686353974,27.1268091581892,1,Hyperfunktionelle Dysphonie,2492,i_n
-251.04327392578125,125.06023406982422,27.32535171508789,101.5902328491211,7.846253395080566,11.644124031066896,-44.15811538696289,12.673036575317385,23.872333526611328,0.386780321598053,-16.489919662475586,-4.327659606933594,7.998792171478271,12.287455558776855,4.01732873916626,3.938855409622192,8.24284839630127,3.3997390270233154,4.817290306091309,6.371277809143066,4.603616714477539,3.216919422149658,3.599527359008789,3.658114671707153,3.012134075164795,3.64785385131836,-0.1861930638551712,-0.0383072271943092,-0.0257992260158061,0.0278373099863529,0.0276021342724561,-0.0782134234905242,-0.0982516258955001,0.0708152577280998,-0.0137494634836912,-0.0412046238780021,-0.0068960469216108,0.0120028657838702,0.0271729975938797,2.169185161590576,0.789029598236084,0.6761452555656433,1.599911093711853,0.516514241695404,0.7753205299377441,1.1973754167556765,0.7396198511123657,0.5180460810661316,0.5108809471130371,0.5720916390419006,0.4652635157108307,0.6842736005783081,0.4048503935337066,0.0873349085450172,0.0028642795514315,-0.2653619349002838,0.0533708035945892,0.0911792665719986,0.1958182156085968,-0.0512884818017482,-0.0684093832969665,-0.0190273635089397,0.0640813037753105,-0.0052638589404523,-0.016407735645771,1.3810654878616333,0.5021529197692871,0.4373331367969513,0.989365577697754,0.4651519656181335,0.6048470735549927,0.7247626781463623,0.5114005208015442,0.3787724673748016,0.458528608083725,0.4569129347801208,0.3568208515644073,0.404025673866272,0.0028465125928074,0.0012445870004107,0.009583170435779,0.0042127823904229,27.803493641052377,1,Hyperfunktionelle Dysphonie,2517,i_n
-253.7077178955078,115.07268524169922,10.168232917785645,80.4716796875,29.67711639404297,53.32201385498047,-2.908083915710449,5.165761470794678,-3.833221912384033,-21.23978614807129,20.528867721557617,-0.4397973418235779,-23.985307693481445,35.5638542175293,6.751208305358887,7.998416900634766,11.994376182556152,6.358962535858154,7.985185623168945,9.033075332641602,6.996675491333008,7.608442783355713,8.198695182800293,5.792371273040772,4.973588466644287,7.533690929412842,-0.2960922718048095,0.1713940799236297,-0.0442101955413818,-0.1637730151414871,0.0239941515028476,0.0465097352862358,-0.0205776579678058,-0.0326969362795352,0.1171377897262573,-0.2041699886322021,-0.0274722259491682,0.0574855953454971,0.0228100549429655,3.2537877559661865,0.8946781158447266,0.9464845657348632,1.5002058744430542,0.9630847573280334,1.1560091972351074,1.0287458896636963,0.8808922171592712,0.798673152923584,1.0356107950210571,0.8135833740234375,0.8070363998413086,0.957655668258667,0.4917763173580169,0.0774272158741951,0.1058584004640579,-0.1712228059768676,-0.1071887239813804,-0.2107937932014465,0.0735834687948226,-0.003440823405981,0.0506058186292648,0.0396421179175376,-0.0847075209021568,0.0177405923604965,0.0489678457379341,1.7580128908157349,0.6049551367759705,0.6165906190872192,0.6716194152832031,0.5776944756507874,0.8539475202560425,0.5631503462791443,0.5680800080299377,0.6885296106338501,0.4802083373069763,0.5630384087562561,0.5102019309997559,0.5098328590393066,0.0039407424642106,0.0018869219881675,0.0237505383051072,0.0100373305034215,23.9505046476289,1,Hyperfunktionelle Dysphonie,2521,i_n
-398.4445190429688,121.829345703125,39.64464569091797,68.2894515991211,45.04240036010742,19.18659210205078,-2.452203750610352,-1.195088267326355,22.72600173950196,5.87422513961792,-20.19333267211914,-12.393022537231444,-2.80444884300232,21.43264961242676,7.531096458435059,10.14491844177246,11.186777114868164,7.402770519256592,4.81844425201416,5.542417049407959,5.597362041473389,5.316340446472168,3.994483709335327,6.702486991882324,4.813020706176758,4.827243804931641,-0.2354670315980911,-0.0417258106172084,0.0753462016582489,-0.0817143768072128,-0.0965410023927688,-0.075080320239067,0.0311389304697513,0.0355880409479141,-0.0707034692168235,-0.0072018508799374,0.0648122578859329,0.0060458360239863,-0.0288517512381076,3.629249334335327,1.3272978067398071,1.724115252494812,1.210641384124756,1.0326852798461914,0.7524544596672058,0.8224047422409058,0.7740722298622131,0.7284398078918457,0.7486327290534973,0.7623905539512634,0.7444658875465393,0.6572971940040588,0.5146470665931702,0.1224316284060478,-0.0115918656811118,-0.0872853994369506,-0.0399648584425449,-0.0060474155470728,0.0264950506389141,0.0558601468801498,-0.0538411363959312,-0.0221714340150356,0.0458956025540828,0.0375614203512668,0.0060232197865843,2.4218456745147705,0.7984692454338074,1.174773335456848,0.6838145852088928,0.6949933171272278,0.5773745775222778,0.500527560710907,0.5604384541511536,0.5367218852043152,0.5633057951927185,0.5231042504310608,0.4709720611572265,0.3715537488460541,0.0048973300449321,0.0024782701692906,0.039923616204309,0.0218970233513246,30.545102082354887,1,Hyperfunktionelle Dysphonie,2523,i_n
-314.9789733886719,119.03263092041016,-17.84076690673828,80.0052490234375,33.71040344238281,16.465206146240234,-2.767201662063598,7.922617435455322,12.300488471984863,-7.40623664855957,-2.7800488471984863,-4.655514240264893,-2.994088888168335,11.05331802368164,5.252673625946045,6.245616912841797,7.513367176055908,5.076296329498291,4.7461256980896,4.329883575439453,4.2928786277771,4.090469837188721,4.024248123168945,3.831333875656128,4.248945713043213,3.3572139739990234,-0.0813628882169723,-0.0935828909277916,-0.1399730741977691,0.1205213665962219,-0.0075011607259511,0.0164406597614288,0.0051206424832344,0.0430378466844558,0.0620189234614372,0.0389383733272552,0.0511581264436244,0.0402893088757991,0.0147541733458638,2.0806283950805664,0.9950464963912964,1.0348665714263916,1.168853759765625,0.9307335019111632,0.7515897750854492,0.7696489095687866,0.7844848036766052,0.7699528932571411,0.662892758846283,0.6939967274665833,0.6606876254081726,0.635526180267334,0.3635736405849457,0.1160688176751136,0.1484073102474212,-0.2579670250415802,-0.1065698191523552,-0.0690916627645492,0.0255193933844566,-0.0166929811239242,-0.0350663289427757,-0.0009684879914857,-0.0398042723536491,-0.0251436345279216,-0.0141745069995522,1.433688759803772,0.7962305545806885,0.7038949131965637,1.0527430772781372,0.7093790769577026,0.5421195030212402,0.4686769843101501,0.5299469232559204,0.5250427722930908,0.5703599452972412,0.521325945854187,0.5094925761222839,0.4190267920494079,0.0114400472818569,0.0069376212813098,0.0890709399892804,0.0390424131826564,17.30608120412218,1,Hyperfunktionelle Dysphonie,2526,i_n
-309.3608093261719,118.91046905517578,4.282718181610107,83.91280364990234,29.676448822021484,7.797990798950195,-15.842062950134276,-0.4271774590015411,17.624618530273438,-18.146886825561523,-11.064348220825195,-1.9925386905670168,-4.421611785888672,12.98132610321045,6.794360637664795,4.900655269622803,6.0845947265625,5.268696308135986,4.381114959716797,4.240129470825195,4.454661846160889,3.3057165145874023,3.454120635986328,4.23738956451416,4.118603706359863,5.414405345916748,0.095960721373558,-0.034259058535099,0.0282507203519344,-0.175199419260025,-0.0240195896476507,0.0087291654199361,0.0761084035038948,0.00029991712654,-0.0383064784109592,-0.0490947142243385,-0.0088965706527233,0.0008756174356676,-0.0578608438372612,2.07265853881836,1.2330230474472046,0.867696225643158,0.892047643661499,0.5402675867080688,0.6984414458274841,0.8109170198440552,0.7930367588996887,0.5829517245292664,0.6204677820205688,0.6970652937889099,0.6484061479568481,0.5947619080543518,0.3774825036525726,0.2157596200704574,0.100540667772293,-0.1143710017204284,-0.060919601470232,0.0035798281896859,0.0513189397752285,0.03903479129076,0.0125619899481534,0.0302888583391904,0.0165410060435533,0.0086752558127045,-0.0250091142952442,1.4655988216400146,0.9409373998641968,0.5720539093017578,0.5831762552261353,0.5285249352455139,0.4514197707176208,0.5498107671737671,0.5476627945899963,0.4240975081920624,0.4656184017658233,0.4661559462547302,0.504713237285614,0.42911097407341,0.0049678334831356,0.0030088156153236,0.0272987378731021,0.0153658866868484,28.27957485559583,1,Hyperfunktionelle Dysphonie,2540,i_n
-383.6494140625,126.93641662597656,3.000425100326538,76.24047088623047,56.07576751708984,36.8148078918457,-16.896780014038086,-3.814717531204224,18.403505325317383,-8.150068283081055,-16.083511352539062,-18.98667526245117,-7.264266014099121,24.00997734069824,7.428223609924316,5.790319919586182,11.185486793518066,8.028133392333984,5.446479797363281,5.369802951812744,3.7226450443267822,6.29490852355957,4.358567714691162,4.886617183685303,5.68057107925415,5.382051944732666,-0.6333305239677429,0.0031683640554547,-0.0146240079775452,0.0565831884741783,0.0793045088648796,0.0771659389138221,-0.018585093319416,0.0046239648945629,0.0543411374092102,-0.0158284679055213,0.0029535263311117,0.0048600500449538,-0.0192824248224496,3.5064566135406494,1.3761825561523438,0.943877637386322,1.6451231241226196,1.220943570137024,0.9443328976631165,0.9260262250900269,0.6302655339241028,0.6172165274620056,0.6459220051765442,0.4738128781318664,0.7496525049209595,0.6651793718338013,0.5260173678398132,0.1475072205066681,0.1180257722735405,-0.1941713541746139,-0.1504205614328384,-0.0642251670360565,0.1433358043432235,0.0142795210704207,-0.0545525103807449,0.0194669608026742,0.0665574818849563,0.0775678381323814,0.0150348301976919,2.099396228790283,0.8588948249816895,0.6367126703262329,1.0502521991729736,0.7999531030654907,0.5966835618019104,0.7717394828796387,0.4239148795604706,0.5621027946472168,0.4299024939537048,0.4600208103656769,0.5621384382247925,0.4922770261764526,0.0066918065935693,0.0036364020362001,0.0198491608933275,0.0105140540318476,27.313587073100145,1,Hyperfunktionelle Dysphonie,2545,i_n
-270.81884765625,119.2392349243164,-1.3587925434112549,87.19536590576172,34.326202392578125,29.252885818481445,-22.814218521118164,9.766977310180664,22.458236694335938,-14.139488220214844,-10.105981826782228,-6.7387285232543945,-11.404858589172363,21.95462989807129,4.775346279144287,5.4997639656066895,8.288376808166504,5.730686187744141,5.608580589294434,5.9966912269592285,6.486955165863037,5.5036492347717285,3.4456329345703125,4.789915561676025,3.7079689502716064,3.7730207443237305,-0.0994534939527511,0.0868453830480575,0.135623425245285,-0.3483941853046417,-0.0105871753767132,0.0272061843425035,0.0307038519531488,-0.1671061068773269,-0.0089036729186773,0.0244751032441854,-0.0805529430508613,-0.0385002419352531,-0.0518692284822464,2.186992645263672,0.8997775316238403,0.7058554887771606,1.272083759307861,0.8439254760742188,0.8606919050216675,0.7446753978729248,0.641946017742157,0.6180315017700195,0.5318102240562439,0.5885454416275024,0.4833053350448608,0.5733434557914734,0.3927702009677887,0.1304964125156402,0.1096311882138252,-0.1687091588973999,-0.0564710721373558,-0.0284205488860607,0.1118595749139785,0.009520593099296,-0.02921356074512,0.028406286612153,0.0229164734482765,0.0693726539611816,0.0473926216363906,1.695847988128662,0.66402667760849,0.528257429599762,0.8158113956451416,0.5577455759048462,0.6144176721572876,0.6383306980133057,0.462336391210556,0.4328038990497589,0.4450413286685943,0.4159995019435882,0.5481219291687012,0.5067149996757507,0.0045467527760168,0.0026600642874741,0.0183584211090603,0.0104729287400002,27.072898969627325,1,Hyperfunktionelle Dysphonie,2546,i_n
-389.8523254394531,115.08737182617188,-16.576141357421875,88.49977111816406,41.657508850097656,7.207564830780029,-14.737153053283691,5.476045608520508,11.616518020629885,-10.705484390258787,-11.604303359985352,-11.656765937805176,-10.638856887817385,20.75382804870605,10.947575569152832,14.021309852600098,8.293478012084961,5.306082248687744,6.511234760284424,4.9110307693481445,5.862238883972168,4.438117980957031,4.376607894897461,2.7452588081359863,5.321133613586426,4.37086296081543,-0.1050557717680931,0.2165543586015701,0.7278677225112915,0.3042903542518616,0.0546223185956478,0.2516838014125824,-0.0368781127035617,0.0650393441319465,-0.1470078229904174,0.0736919641494751,-0.0079339407384395,-0.0531871616840362,0.1335140615701675,3.09946346282959,1.8263132572174072,1.1869659423828125,1.4290287494659424,0.7851980328559875,0.6945095062255859,0.8272220492362976,0.7494226694107056,0.5527188181877136,0.7708002328872681,0.5277917981147766,0.9695016145706176,0.7589705586433411,0.5321459770202637,0.5499989986419678,0.3266376852989197,-0.1620289534330368,0.0482354201376438,0.0717942863702774,0.2164709120988845,0.0499932914972305,0.0211163312196731,-0.0713023766875267,-0.079660452902317,0.2162285149097442,0.0660237744450569,1.2547608613967896,1.1576069593429563,0.97040992975235,0.8850154280662537,0.5192521214485168,0.4620248079299927,0.7112457752227783,0.5062721967697144,0.4577748775482178,0.5541780591011047,0.4559632539749145,0.6879035234451294,0.4721655249595642,0.0031624346463855,0.0017057315866748,0.0302739193218953,0.0165222359853839,27.1111867540025,1,Hyperfunktionelle Dysphonie,2553,i_n
-233.85256958007807,31.98627662658692,-9.59485912322998,105.1083755493164,12.156105995178224,55.58636093139648,-22.16834259033203,-5.092672348022461,-5.818924427032471,18.570470809936523,-7.125553131103516,-14.61749267578125,-18.277118682861328,16.85214614868164,11.279693603515623,6.794672966003418,10.584115982055664,9.718583106994627,8.360681533813477,5.370907783508301,7.073498725891113,6.705864429473877,4.752701759338379,4.73346471786499,4.004329204559326,3.686025619506836,-0.5407285690307617,-0.2468308210372924,-0.2976685464382171,0.0582931116223335,0.2855460941791534,-0.0953385978937149,0.0122400438413023,-0.0500988848507404,-0.1031363904476165,0.1869262307882309,-0.0196686331182718,-0.0075473501347005,-0.0902182757854461,2.893181324005127,1.6970632076263428,0.790814220905304,2.0922653675079346,1.010986089706421,0.9656311869621276,1.1814098358154297,0.9263173937797546,0.6764267086982727,0.9943901896476746,0.6019257307052612,0.6923848390579224,0.5408324003219604,0.6717817783355713,0.4725521504878998,0.1076543629169464,-0.521080493927002,-0.2365015745162964,-0.2848978638648987,0.1750044673681259,0.0379381887614727,0.106051430106163,-0.1912754029035568,0.0185421705245971,0.0221463572233915,0.0709263756871223,1.8416982889175413,1.420108437538147,0.5210651755332947,1.526058316230774,0.8044653534889221,0.9336225390434264,0.5382695198059082,0.4702550172805786,0.541405200958252,0.6244467496871948,0.4351208806037903,0.5034611225128174,0.4951639473438263,0.013967625535268,0.0076130683592572,0.0659448652437216,0.0329291998286133,13.368831177289064,1,Hyperfunktionelle Dysphonie,2572,i_n
-264.3918151855469,103.45956420898438,9.873614311218262,80.03907012939453,21.70873260498047,4.852557182312012,-29.89307975769043,0.9892600774765016,5.30870532989502,-4.352783203125,-5.794689178466797,-19.21721267700196,6.095782279968262,36.08406448364258,9.034201622009276,6.736907005310059,12.398832321166992,8.47576904296875,5.085191249847412,7.618611812591553,3.846715211868286,4.162060737609863,3.830852270126343,2.706869602203369,4.501928806304932,4.842421054840088,-0.9345559477806092,0.0339965149760246,0.1012130603194236,0.0202418491244316,0.1131305918097496,0.0005969722406007,-0.0738578885793685,0.1420938372611999,0.0997530668973922,-0.0121903670951724,0.0017779510235413,-0.0107313813641667,0.0100554302334785,5.789984703063965,1.6056045293807983,0.9608324766159058,2.228170871734619,0.9876306056976318,0.6945526599884033,1.3856812715530396,0.4598600566387176,0.8455074429512024,0.6602520942687988,0.3444263637065887,0.7180642485618591,0.8623026013374329,1.5957659482955933,0.4451680779457092,0.2156293541193008,-0.4647935628890991,-0.0124083925038576,0.0415572449564933,0.3405718505382538,-0.0391617454588413,-0.1329352259635925,0.0070467120967805,0.0527174621820449,0.1731715053319931,-0.0602666139602661,3.840585470199585,1.1102033853530884,0.7038535475730896,1.1121230125427246,0.505736768245697,0.563998818397522,0.979452669620514,0.3672525584697723,0.5208606123924255,0.550196647644043,0.4488768875598907,0.5962204337120056,0.4431353211402893,0.0023723483642201,0.0010784445346105,0.0137847029222416,0.0060189935046643,32.02373135966107,1,Hyperfunktionelle Dysphonie,2577,i_n
-304.1729736328125,101.29429626464844,18.236650466918945,74.92140197753906,36.53839492797852,21.1423568725586,-31.28769302368164,-3.3019819259643555,4.946683406829834,-21.132225036621094,-8.71186637878418,-13.614980697631836,-9.495478630065918,18.40312767028809,5.954665660858154,3.306635618209839,9.084756851196287,4.481022357940674,3.862781524658203,5.484663009643555,4.091862201690674,4.626388072967529,4.213385581970215,2.7723004817962646,5.84042501449585,3.6038668155670166,-0.5696761608123779,-0.097822293639183,0.0274540726095438,0.0937043726444244,0.087174504995346,0.0468045771121978,-0.1224917024374008,0.0144602786749601,-0.0252168010920286,-0.008207980543375,0.0121551090851426,-0.1177465617656707,0.0097976643592119,3.0402538776397705,1.0546824932098389,0.5991148352622986,1.3098537921905518,0.8480148315429688,0.7425621151924133,0.7350897192955017,0.6411156058311462,0.5609439611434937,0.6652511954307556,0.4403080940246582,0.6445083022117615,0.5984441637992859,0.5021693706512451,0.1635870188474655,0.0234505925327539,-0.1967160105705261,-0.1045069992542266,-0.0475554428994655,0.1244657561182975,0.0161957684904336,-0.0142356622964143,0.0372572280466556,0.0229593440890312,0.0473671481013298,0.013933234848082,2.10865330696106,0.7072697281837463,0.4196068048477173,0.8963843584060669,0.5291391611099243,0.4941035807132721,0.6868377923965454,0.4521352350711822,0.5405144095420837,0.5214017033576965,0.3298181295394897,0.3818934559822082,0.4491240382194519,0.0062704054029788,0.0037106928760478,0.0322944157910954,0.0154086770720363,24.67473789416801,1,Hyperfunktionelle Dysphonie,2589,i_n
-389.56439208984375,106.24856567382812,19.511098861694336,87.28170013427734,26.705690383911133,5.917898654937744,-14.5804443359375,-2.6914939880371094,22.46685028076172,-22.936397552490234,-23.170419692993164,2.2599093914031982,-5.966024875640869,25.418195724487305,10.050012588500977,6.655529499053955,9.914849281311035,3.971078395843506,5.160755634307861,5.492592811584473,5.039960861206055,4.223088264465332,4.897619247436523,3.773160457611084,3.6973118782043457,3.81472373008728,-0.534358561038971,-0.2948302626609802,0.0448638536036014,-0.2960734665393829,-0.0612980462610721,0.0636776164174079,-0.1006036475300788,-0.19883693754673,-0.0739119574427604,0.022649236023426,-0.0307793263345956,-0.0337120480835437,0.0206752698868513,3.33228063583374,1.7988158464431765,1.0446734428405762,1.3555457592010498,0.6846948266029358,0.6918129920959473,0.8514021635055542,0.6228561401367188,0.6772600412368774,0.6713784337043762,0.6419116854667664,0.5153263211250305,0.6726715564727783,0.9617640972137452,0.4275396466255188,0.1133249029517173,-0.2904069125652313,-0.0234213955700397,0.1108740046620369,0.1343292444944381,0.0322399288415908,-0.0823040455579757,0.1546725928783416,0.0869360938668251,0.0109635954722762,0.0489203259348869,2.541142463684082,1.1084158420562744,0.5592276453971863,0.7747583389282227,0.2925921082496643,0.4727077782154083,0.4401388168334961,0.3890816867351532,0.3684684038162231,0.477675050497055,0.4108894765377044,0.3232949078083038,0.5126399397850037,0.0011497581392073,0.0005079920647183,0.0074230153304147,0.0031356065238166,37.92637898786884,1,Hyperfunktionelle Dysphonie,2590,i_n
-316.9115600585937,117.22563934326172,-34.60784149169922,75.79708099365234,33.986045837402344,6.73826789855957,-26.27826881408692,-16.4971923828125,6.393548488616943,-5.446690082550049,-25.262556076049805,-15.40127658843994,8.251483917236328,17.746614456176758,5.960153102874756,8.45291519165039,7.73443078994751,6.606351375579834,3.476623773574829,4.044077396392822,5.34178352355957,3.8357245922088623,3.2968313694000244,4.677683353424072,2.641634941101074,4.083110332489014,-0.5670679807662964,-0.1534542292356491,-0.2188187688589096,-0.0048149018548429,0.1065947189927101,-0.0337612219154834,-0.0431540161371231,0.072983793914318,-0.068565160036087,-0.0551932528614997,0.0334717631340026,-0.1020443588495254,-0.1116324365139007,2.793198347091675,1.2415926456451416,1.6493160724639893,1.1528925895690918,0.7196624875068665,0.6958192586898804,0.7445527911186218,0.5413978695869446,0.6541811227798462,0.5219427347183228,0.4383289515972137,0.3640700876712799,0.3267691135406494,0.5618273019790649,0.1188994944095611,0.2353295981884002,-0.2485480606555938,0.0615093670785427,0.0238404609262943,0.1506830900907516,0.126734122633934,-0.0206137094646692,0.0736617222428321,0.0666701197624206,0.0397632159292697,-0.0093850763514637,1.867176175117493,0.7334239482879639,0.6480625867843628,0.8422751426696777,0.5533897876739502,0.408768355846405,0.5708973407745361,0.5360386967658997,0.4351909160614013,0.4228906035423279,0.4088217318058014,0.2426022142171859,0.2676359713077545,0.0021516259251988,0.0012225936279245,0.0077871747459559,0.0044746805841291,30.5416272650298,1,Hyperfunktionelle Dysphonie,2591,i_n
-346.3505554199219,136.56961059570312,-41.79977416992188,63.60366821289063,46.96459197998047,24.624473571777344,-27.04217338562012,-20.03104782104492,20.23310852050781,-16.2454891204834,-17.03704261779785,-10.212157249450684,-11.591886520385742,19.494691848754883,6.717827796936035,11.678230285644531,7.402022361755371,6.918258190155029,4.65032434463501,4.044483184814453,6.623132228851318,3.399646759033203,3.803454160690308,2.5888800621032715,2.5927376747131348,3.4744465351104736,-0.6492887735366821,0.2605116367340088,-0.0694058761000633,0.1728764623403549,0.1902642697095871,0.2220503389835357,-0.0859987586736679,-0.2580322921276092,0.0618519969284534,0.0469260104000568,-0.0688187256455421,-0.0811000242829322,-0.0089067742228508,3.2495059967041016,1.124120593070984,1.9173208475112915,1.298857808113098,1.1253087520599363,0.4887034893035888,0.7780250906944275,0.5852539539337158,0.6067517399787903,0.6038255095481873,0.4225032925605774,0.5239635109901428,0.5041609406471252,0.8073038458824158,0.2765771150588989,0.401788055896759,-0.2342166900634765,-0.1577633619308471,-0.0219354219734668,0.1350994110107422,0.0780742764472961,-0.1384519785642624,0.1383883208036422,0.0890209302306175,0.012090491130948,0.0411844439804554,2.471152305603028,0.7279512882232666,0.9235553741455078,0.8609901666641235,0.646674394607544,0.3454979956150055,0.4787308275699615,0.4239264130592346,0.524003803730011,0.449935108423233,0.3948743343353271,0.2622692286968231,0.3313142955303192,0.0015573928495103,0.0008375387009739,0.0099616660904514,0.0048370214321735,33.13238766187851,1,Hyperfunktionelle Dysphonie,2603,i_n
-373.67669677734375,99.69615936279295,12.206061363220217,70.34955596923828,28.84020233154297,15.889320373535156,-22.40694236755371,-13.280036926269531,15.843931198120115,-14.432429313659668,-19.833690643310547,-6.456692695617676,-9.878981590270996,34.56962203979492,8.196999549865723,5.988494873046875,7.837660312652588,5.335338115692139,5.675064563751221,5.6803879737854,5.004459857940674,4.665080547332764,4.095609664916992,4.524596691131592,3.746100425720215,3.7815542221069336,0.2751479744911194,-0.0337135717272758,0.0578080713748931,0.0150441825389862,-0.0609285160899162,-0.0937714651226997,-0.0080669587478041,0.0012373642530292,-0.0540595427155494,-0.0417327657341957,-0.0086464928463101,-0.0261684972792863,-0.0444272495806217,3.926114320755005,1.4837850332260132,0.8606154322624207,1.4141535758972168,0.998989760875702,0.9920722246170044,1.0241024494171145,0.7939822673797607,0.7463856935501099,0.6141034960746765,0.7170833945274353,0.5345919132232666,0.632908284664154,0.7781016826629639,0.2017704993486404,0.0219799485057592,-0.2626443207263946,-0.1039219424128532,-0.0439636334776878,0.1734809577465057,0.0578908883035182,-0.1416218429803848,0.0284249540418386,0.0566256940364837,-0.0217660423368215,-0.0029768815729767,2.6469523906707764,0.8457849621772766,0.4832794964313507,1.0336730480194092,0.64583820104599,0.4471851289272308,0.6940305829048157,0.4583149254322052,0.7075557708740234,0.3848815560340881,0.4270544350147247,0.4338291585445404,0.4633704125881195,0.002051113806073,0.0011924658508249,0.0149910762151882,0.0079004349384725,30.36815915170252,1,Hyperfunktionelle Dysphonie,2604,i_n
-333.0604248046875,120.67560577392578,-4.411862373352051,80.79742431640625,51.32432556152344,39.48639678955078,-0.58124840259552,10.83808708190918,12.95424461364746,-9.538657188415527,5.223813533782959,4.849671840667725,-2.458706855773926,15.739465713500977,8.442648887634277,7.260384559631348,9.355384826660156,5.9790778160095215,9.442524909973145,5.05902099609375,5.753112316131592,3.524815559387207,4.562423229217529,3.4044623374938965,3.2898223400115967,3.372325897216797,-0.033536359667778,-0.0883080065250396,-3.6184454074827954e-05,0.0805702805519104,0.003894317196682,-0.0454922951757907,-0.0020960883703082,0.0537198521196842,0.0292305685579776,-0.0211428888142108,-0.0053527168929576,0.012088450603187,0.0511618517339229,1.79369854927063,0.6183985471725464,0.914682149887085,1.0183919668197632,0.8176850080490112,0.78179532289505,0.6356181502342224,0.5632375478744507,0.5349485278129578,0.5264410972595215,0.5104700326919556,0.5078603625297546,0.5261432528495789,0.2268764227628708,0.0563383512198925,0.0998920127749443,-0.1259396374225616,-0.0652897655963897,-0.0567776523530483,0.0100570805370807,-0.0090248705819249,-0.0051691611297428,0.0092408377677202,-0.0175200104713439,-0.0055307219736278,-0.0085091544315218,1.2108392715454102,0.4656548202037811,0.6014240384101868,0.7526363730430603,0.5879735350608826,0.5629597902297974,0.3745602071285248,0.4061185121536255,0.3907734751701355,0.4085867404937744,0.3825456500053406,0.334206610918045,0.3835746347904205,0.0041222056278558,0.002544102557383,0.0180540351093924,0.0083081378273607,26.660945471431127,1,Hyperfunktionelle Dysphonie,348,i_n
-327.6070556640625,104.5922622680664,-12.517627716064451,75.3488540649414,25.4451904296875,29.64885902404785,-20.28738021850586,-9.977149963378906,23.35921287536621,-12.935565948486328,-12.702882766723633,-15.416563987731934,-5.396503925323486,29.29646682739257,6.635863780975342,14.86788272857666,9.476850509643556,7.477935314178467,8.394096374511719,5.696228981018066,7.717857837677002,6.629619598388672,3.838002443313599,4.333274364471436,3.295410633087158,3.194098472595215,-1.0470433235168457,0.0544356331229209,0.1738457381725311,-0.061691902577877,0.0446536168456077,0.0002096231037285,0.0548431761562824,-0.0359351150691509,0.122809499502182,-0.036196082830429,-0.0797158479690551,0.0845237150788307,-0.0395348407328128,2.573866844177246,0.788983166217804,1.06742262840271,1.1036617755889893,0.8643044233322144,0.9036298394203186,0.6672483086585999,0.6129441261291504,0.6113097071647644,0.5913650989532471,0.6495413780212402,0.518876850605011,0.5216533541679382,0.4473475217819214,0.1754934787750244,0.2034491449594497,-0.267535001039505,-0.1101684123277664,-0.0298979915678501,0.0689896345138549,0.0047433618456125,-0.0286486055701971,0.0619351491332054,0.0464016012847423,0.0168950818479061,0.0150191094726324,1.6245121955871582,0.7921707034111023,0.7872911095619202,1.1278698444366455,0.6067144870758057,0.4229148626327514,0.480208545923233,0.4156869947910309,0.3976491391658783,0.3870802819728851,0.3971646726131439,0.3351031541824341,0.3762376606464386,0.0025178213449559,0.0014162965086752,0.0184357973791514,0.0076869632493553,26.53834286583485,1,Hyperfunktionelle Dysphonie,355,i_n
-304.6704406738281,95.84249114990234,-10.62118148803711,84.49693298339844,30.61484909057617,26.81552696228028,-38.471797943115234,15.173861503601074,22.39521217346192,-29.900129318237305,-2.767672538757324,-9.221593856811523,-15.895477294921877,33.593238830566406,5.842056274414063,5.1961283683776855,5.1870293617248535,5.869089126586914,3.547400951385498,4.28865385055542,3.931406974792481,2.856736898422241,3.539509057998657,2.8947954177856445,2.8860063552856445,3.166900157928467,0.1705310940742492,-0.0172738190740346,0.0048635825514793,0.0489200092852115,-0.001060165464878,0.039605725556612,-0.0801997110247612,-0.0075609334744513,0.0061611430719494,-0.0278913248330354,-0.0113624772056937,-0.0319912806153297,-0.0084190918132662,2.558082342147827,0.9308316707611084,0.6194000244140625,0.8864756226539612,0.7299665212631226,0.5948432087898254,0.6524693369865417,0.5346431136131287,0.4712538719177246,0.5858896374702454,0.4934895634651184,0.4054503440856933,0.5172981023788452,0.2619881331920624,0.1105557978153228,0.0552096776664257,-0.0968642979860305,-0.0159440916031599,-0.049974650144577,0.0638985335826873,-0.019350841641426,-0.0417265184223651,0.0340964719653129,0.0062027061358094,0.0172391105443239,0.0183877721428871,1.3226964473724363,0.671424150466919,0.4773492515087127,0.6180610060691833,0.4267109036445617,0.4347727298736572,0.5011841058731079,0.4725186824798584,0.3889117836952209,0.3794043362140655,0.3687941431999206,0.3144632577896118,0.3406459391117096,0.003987005601967,0.002254141217159,0.0322187739739238,0.0156756580801787,21.997672283217547,1,Hyperfunktionelle Dysphonie,363,i_n
-301.0168151855469,104.06473541259766,-26.06472396850586,89.84000396728516,40.349857330322266,26.00497436523437,-28.06147575378418,-4.981479644775391,27.023168563842773,-13.339324951171877,-14.673975944519045,-3.4502201080322266,-16.974760055541992,22.133289337158203,5.754783153533936,8.273188591003418,10.207789421081545,6.671531200408936,4.7921247482299805,5.720136642456055,4.220047950744629,5.437733173370361,3.4560396671295166,2.971327066421509,3.684890985488892,2.8017377853393555,-0.3408683240413666,0.0833975747227668,-0.1478735506534576,0.0869819298386573,0.1812909841537475,0.0915347188711166,-0.1228828355669975,-0.0551450513303279,0.0971691235899925,-0.0227065794169902,-0.012739660218358,-0.0190092027187347,-0.0195490960031747,4.165931224822998,0.9719654321670532,1.1970949172973633,1.7989262342453003,0.8780360817909241,0.7858719229698181,0.761330783367157,0.6193954944610596,0.6587193608283997,0.4468494653701782,0.4237596094608307,0.6301284432411194,0.5308101177215576,0.8853269815444946,0.1620768457651138,0.2196042090654373,-0.3838383257389068,-0.1452989876270294,-0.1073508635163307,0.0986159071326255,0.0248762071132659,-0.1433968991041183,0.0299628898501396,0.060332253575325,8.619009895483032e-05,0.0455072224140167,2.770071506500244,0.6169053316116333,0.8005711436271667,1.3547072410583496,0.6202854514122009,0.4869239628314972,0.4639632999897003,0.3364938795566559,0.5504016280174255,0.3078977465629577,0.3976579308509826,0.4376319348812103,0.3661536276340484,0.00153728950925,0.0008335115956862,0.0094453676096241,0.0044051040370081,31.07828918367063,1,Hyperfunktionelle Dysphonie,499,i_n
-327.68408203125,108.8643798828125,-12.96177864074707,72.27872467041016,46.1966552734375,34.07426834106445,-33.76483154296875,2.073516607284546,28.0175895690918,-15.472951889038086,-8.786175727844238,-10.186395645141602,-5.995318412780762,16.9432315826416,6.947850227355957,7.139009952545166,5.727768898010254,6.332789897918701,5.388148307800293,4.5873003005981445,4.065792560577393,3.4432406425476074,5.728500843048096,3.983187913894653,3.4502999782562256,3.7170004844665527,-0.1544545441865921,-0.0319053195416927,0.0488452911376953,0.0035401170607656,0.0440425388514995,0.0589717291295528,-0.0606095045804977,-0.078240230679512,0.0279129017144441,0.0505410283803939,-0.0358302593231201,-0.0287213455885648,0.045329175889492,1.870279312133789,1.136231780052185,0.8610934019088745,0.9031063914299012,1.0691542625427246,0.8439792394638062,0.7653798460960388,0.6049443483352661,0.5241919755935669,0.5876153707504272,0.561506986618042,0.5223212242126465,0.5367931127548218,0.2956802248954773,0.1114306524395942,0.1148139461874961,-0.1123031899333,-0.0920884758234024,-0.0188136789947748,0.1185455843806266,0.0169320274144411,-0.0357223264873027,0.0170199293643236,0.0166135895997285,0.0237293131649494,-0.0141252623870968,1.5520340204238892,0.8886674046516418,0.6217646598815918,0.6733052730560303,0.6863681674003601,0.4510225355625152,0.591019868850708,0.4068074226379394,0.3550449907779693,0.3816194832324981,0.4057728052139282,0.3862767815589905,0.3721742033958435,0.0033475967602625,0.0018372864500439,0.022954295583331,0.0108229659624347,26.41817734551796,1,Hyperfunktionelle Dysphonie,665,i_n
-349.372802734375,95.52577209472656,-2.4557838439941406,94.37742614746094,27.253162384033203,28.960506439208984,-7.743968963623047,-11.006756782531738,15.910537719726562,-10.32315444946289,-14.593583106994627,-20.93805313110352,-5.385040760040283,12.526395797729492,6.435182571411133,5.694861888885498,6.334960460662842,3.0604352951049805,4.768270969390869,3.145025968551636,4.523121356964111,3.156175136566162,4.65234899520874,3.8216824531555176,4.6783223152160645,3.8453619480133057,-0.0849539414048194,7.956368790473789e-05,0.0835116133093833,-0.1239393725991249,-0.0430269911885261,0.0194520093500614,-0.0461419522762298,-0.0656311810016632,0.0241275485605001,0.0819571986794471,0.0420947410166263,-0.0521403960883617,0.0491009093821048,1.2817429304122925,1.282080888748169,0.6873562932014465,0.6658653020858765,0.484324038028717,0.5169541835784912,0.5102301836013794,0.6216561198234558,0.5334155559539795,0.4778785109519958,0.5432292819023132,0.5113168954849243,0.4456749856472015,0.1629614681005478,0.2063455134630203,0.0813641846179962,-0.0716234967112541,-0.0186510644853115,0.0069906925782561,0.0315850414335727,0.0243843905627727,-0.0228618998080492,-0.0196855477988719,0.0039202473126351,0.0306701678782701,-0.0046672257594764,0.8465759754180908,0.8556520938873291,0.4370428025722503,0.5168667435646057,0.3848028481006622,0.3658033907413482,0.3267208337783813,0.3875125348567962,0.3015918731689453,0.3676900863647461,0.364130437374115,0.2987348735332489,0.3030878901481628,0.0025747094267428,0.0015973764769381,0.0113635233066675,0.0050869849513393,29.16386405767052,1,Hyperfunktionelle Dysphonie,669,i_n
-222.3198089599609,128.79200744628906,-19.17158317565918,93.67556762695312,17.976194381713867,50.68105697631836,-5.761234283447266,-19.15011405944824,-5.8340744972229,-0.7118017077445984,-0.3967026472091675,-32.259490966796875,-5.595566272735596,6.790803909301758,3.6154026985168457,5.70156717300415,4.112669944763184,3.168712615966797,3.887948751449585,3.3774542808532715,2.8822195529937744,2.5221939086914062,2.8120675086975098,2.818608045578003,2.7117860317230225,2.6903655529022217,-0.1498544514179229,0.0131279388442635,-0.0493282228708267,0.035303883254528,-0.0076340464875102,0.0668893456459045,-0.0037169351708143,-0.0325045175850391,-0.0482989586889743,0.0418551862239837,0.0366854444146156,-0.0393605418503284,-0.0069530345499515,0.9312509298324584,0.536648154258728,0.7696617841720581,0.6971041560173035,0.4704800844192505,0.6764974594116211,0.5029377937316895,0.4480907320976257,0.376873642206192,0.4165962040424347,0.4467824101448059,0.444468230009079,0.4376115798950195,0.141896367073059,0.0709922015666961,0.135014146566391,-0.0658295229077339,0.0051459507085382,-0.0416102223098278,0.0503529086709022,0.0203919690102338,0.0184465795755386,0.0424604974687099,0.004653412848711,0.0311227198690176,0.0153685519471764,0.7475415468215942,0.4644056558609009,0.6795148253440857,0.5442513823509216,0.3282971382141113,0.4464412927627563,0.4429543018341064,0.3691509962081909,0.2866433560848236,0.3855250179767608,0.3399165570735931,0.3546090126037597,0.3196954727172851,0.0024634705365663,0.0012731824226655,0.0130931494082099,0.0063677935356837,26.196513368113017,1,Hyperfunktionelle Dysphonie,692,i_n
-282.4850158691406,80.6117935180664,-11.490023612976074,110.96183776855467,20.271217346191406,27.23635482788086,-30.93469619750977,5.661769866943359,12.85004997253418,-19.67328643798828,-17.665773391723633,-3.3908464908599854,-7.8193864822387695,20.98185920715332,7.783651828765869,7.6017866134643555,12.062167167663574,4.242552757263184,4.292796611785889,5.79283618927002,3.446661949157715,3.8598923683166495,3.849334955215454,3.86440372467041,2.548588752746582,2.9275963306427,-0.2443422079086303,-0.0848361849784851,-0.390516847372055,0.2986305356025696,0.13136026263237,-0.0296484120190143,-0.1366784274578094,-0.0434824116528034,-0.0261151790618896,-0.0360180847346782,-0.1241875886917114,0.0492322482168674,-0.0602293871343135,3.675953149795532,1.327437400817871,1.014761447906494,2.301081657409668,0.6713792681694031,0.733467698097229,1.0138591527938845,0.5940013527870178,0.5940983891487122,0.6203197240829468,0.5316977500915527,0.3711191713809967,0.4443606734275818,0.7779457569122314,0.3791834414005279,0.1520984172821045,-0.5767045617103577,-0.042254265397787,-0.1270210146903991,0.2140941470861435,-0.0408777929842472,-0.048676747828722,0.0031968536786735,0.0413649603724479,-0.031313020735979,0.0121068069711327,2.185448408126831,1.089698314666748,0.6454305648803711,1.678070902824402,0.450104296207428,0.4907708466053009,0.7882930040359497,0.3780145943164825,0.4672841131687164,0.3846921324729919,0.361960619688034,0.3426716029644012,0.3655745089054107,0.0020137215516664,0.0011312428637904,0.0172191103869655,0.0097419155545218,25.510674441798624,1,Hyperfunktionelle Dysphonie,724,i_n
-290.2763366699219,105.53026580810548,23.791906356811523,96.00082397460938,14.385604858398438,55.37253952026367,-46.22886276245117,2.5924134254455566,22.141719818115234,-9.167976379394531,3.676459312438965,-13.858230590820312,-8.627862930297852,12.38759422302246,12.200112342834473,6.5097503662109375,6.731711864471436,5.7489824295043945,5.280362606048584,5.84906530380249,3.854123115539551,4.028848648071289,3.8554866313934326,4.293644428253174,4.556617259979248,3.8847928047180176,0.1266970783472061,-0.1372821927070617,0.0669537931680679,-0.0619752891361713,-0.1061205193400383,-0.0080114295706152,0.0209540911018848,0.0272009912878274,-0.0221749264746904,-0.0103949587792158,-0.0089874546974897,0.0415555797517299,0.018325749784708,1.771874189376831,0.8191332817077637,0.7282840609550476,0.9244658946990968,0.6175774335861206,0.5743334889411926,0.9286701083183287,0.6408961415290833,0.655489981174469,0.575431764125824,0.5394129753112793,0.6421912312507629,0.6186479330062866,0.202220156788826,0.0939341038465499,0.0254898332059383,-0.0883314758539199,0.0110668959096074,-0.0480878762900829,0.1413495540618896,0.0337859578430652,-0.0360318683087825,-0.0294231437146663,0.0320583842694759,0.0165079087018966,0.0124265123158693,1.2567477226257324,0.5955626368522644,0.4094072878360748,0.6410377025604248,0.4763847589492798,0.4412906467914581,0.7800714373588562,0.514854907989502,0.393483430147171,0.4536058008670807,0.3258490860462188,0.4643634855747223,0.425146073102951,0.0064455615221473,0.0038765120900885,0.0237464099234596,0.0105097979997849,22.01307704257826,1,Hyperfunktionelle Dysphonie,819,i_n
-330.5140380859375,103.6995620727539,-12.581009864807127,82.64820861816406,57.56142425537109,27.565183639526367,-38.12129974365234,11.176019668579102,21.25192070007324,-28.445236206054688,-10.416001319885254,-6.569365978240967,-6.220245838165283,26.795330047607425,7.41827392578125,5.953614711761475,8.460543632507324,6.4254584312438965,4.668413162231445,7.653957843780518,5.488691329956055,4.9007344245910645,5.110755443572998,3.985021829605103,3.1962924003601074,4.361719131469727,-0.617576003074646,0.0409908480942249,-0.0289115402847528,0.0940537527203559,0.0668736770749092,-0.01866883225739,-0.0998885035514831,0.106902115046978,0.1041897237300872,-0.0720284953713417,-0.1266733109951019,-0.0610993020236492,0.0569524057209491,4.206543922424316,1.266405701637268,1.0627084970474243,1.2998130321502686,0.8566707372665405,0.7731255292892456,1.2140790224075315,0.7026649713516235,0.8555222153663635,0.7890244722366333,0.7273520231246948,0.5582636594772339,0.8410517573356628,0.95322984457016,0.1986080408096313,0.153498500585556,-0.3089476525783539,-0.173091784119606,-0.0907404869794845,0.2384843677282333,0.0348468646407127,-0.0465356819331646,0.1195008531212806,-0.0007072784937918,0.0095167811959981,0.0675237625837326,3.071742057800293,0.889011561870575,0.6662094593048096,1.1652436256408691,0.7749307155609131,0.6504254341125488,0.9194937348365784,0.5115994811058044,0.5570470690727234,0.514228343963623,0.5799029469490051,0.401699423789978,0.5297054052352905,0.0041939925187364,0.0025193506202341,0.0143778203102924,0.0071202511660695,29.82499777446907,1,Hyperfunktionelle Dysphonie,827,i_n
-284.3068542480469,134.82289123535156,8.685234069824219,106.24821472167967,41.522857666015625,17.835803985595703,-5.36442232131958,7.88779878616333,6.887409687042236,0.8783508539199829,-0.3295693099498749,-27.486549377441406,1.4414706230163574,13.114188194274902,3.617244720458984,5.32811975479126,3.7611024379730233,5.229384422302246,2.7659835815429688,2.8444011211395264,4.6988139152526855,3.2801835536956787,3.196259021759033,3.666237831115722,2.9700467586517334,2.50185775756836,0.5295675992965698,-0.1250181943178177,-0.0294973812997341,-0.0076507232151925,0.1322828382253646,-0.0498063974082469,-0.0873766988515853,0.1846838593482971,-0.1333486884832382,-0.119656927883625,0.1552644819021225,-0.1131206527352333,-0.0057915630750358,2.36439061164856,0.5794799327850342,0.8668596744537354,0.6250635385513306,0.9100199341773988,0.4390603303909302,0.5333908200263977,0.5353935360908508,0.4554011821746826,0.4691049754619598,0.2470096796751022,0.6235543489456177,0.4495340585708618,0.0306778084486722,0.0355011746287345,-0.0554948113858699,-0.0166966840624809,-0.101900465786457,-0.0261343251913785,0.0926941856741905,-0.0197544824331998,0.017976276576519,0.0373271442949771,0.0024144498165696,0.0007237926474772,0.0303571056574583,0.9079058170318604,0.400144875049591,0.4469238519668579,0.3938600122928619,0.6682125329971313,0.3315488696098327,0.4390027821063995,0.2969178259372711,0.2693530619144439,0.3080451190471649,0.2147255092859268,0.3522575199604034,0.2961192727088928,0.0113407848636819,0.0055601174832726,0.0857651188536824,0.0384183118322111,16.166649856516855,1,Hyperfunktionelle Dysphonie,829,i_n
-313.5097351074219,124.5466079711914,-17.248451232910156,96.94883728027344,44.04153060913086,19.321826934814453,-4.731983184814453,-6.897602558135986,10.919692039489746,-13.042759895324709,-8.954553604125977,-22.4125919342041,-19.020511627197266,18.006755828857422,4.783088684082031,9.106611251831056,9.25260066986084,5.2527570724487305,2.9039671421051025,4.748788356781006,3.6113052368164062,3.240633487701416,3.411109685897827,2.2299745082855225,3.710184335708618,3.469035387039185,-0.6200000047683716,0.0538565851747989,0.1534209102392196,0.3005717098712921,0.0409488081932067,0.0412760898470878,0.063353918492794,-0.0087175499647855,3.4838305964512983e-06,-0.0376267582178115,0.0265743657946586,-0.0359347723424434,-0.0685900896787643,3.084315776824951,0.9750191569328308,1.0544182062149048,1.810851573944092,0.6977003216743469,0.4952400028705597,0.4734058976173401,0.4835750162601471,0.5160126686096191,0.3952252566814422,0.3819279372692108,0.6450468301773071,0.4077071249485016,0.4696617424488067,0.0690798684954643,0.1867839992046356,-0.2491051852703094,-0.089568980038166,-0.0438016764819622,0.0263901446014642,0.0755139365792274,-0.0098202005028724,0.0214486643671989,0.0265441387891769,0.0787955075502395,0.0074318638071417,1.901856541633606,0.3352937400341034,0.8536844849586487,0.955455482006073,0.4888612031936645,0.3067252039909363,0.2941606342792511,0.3517994284629822,0.3186402022838592,0.2644157111644745,0.2422278225421905,0.3990638852119446,0.2681785523891449,0.0043784457786594,0.0025634129563827,0.0152583991281207,0.0070970919377281,30.70496676937881,1,Hyperfunktionelle Dysphonie,850,i_n
-276.591064453125,166.54776000976562,-43.42424392700195,77.10731506347656,91.55914306640624,48.544063568115234,-40.99435424804688,-14.38079833984375,23.54201889038086,-6.484562873840332,-25.29775619506836,7.951574325561523,-21.645282745361328,9.38430404663086,4.400686740875244,5.028695583343506,5.267938137054443,5.699685573577881,4.475743293762207,3.652850151062012,6.005564212799072,3.600447654724121,4.366221904754639,3.43179988861084,3.307300806045532,4.508197784423828,0.0184552408754825,0.1553993970155716,-0.147537499666214,0.0545464418828487,-0.0265699550509452,0.0091613736003637,-0.0344671756029129,-0.05861347168684,0.0215688720345497,-0.0153585765510797,-0.0549346506595611,0.0596072115004062,-0.0353613756597042,1.2848464250564575,0.6278200149536133,0.7289902567863464,0.8282123804092407,0.8403210639953613,0.7338190674781799,0.5563583970069885,0.4348777532577514,0.47160604596138,0.4806376993656158,0.4272413849830627,0.4732336401939392,0.4223667681217193,0.1885533779859542,0.0288544837385416,0.1061211451888084,-0.1464523822069168,-0.1439318656921386,-0.0716973096132278,0.09644765406847,0.0407253727316856,0.0182880610227584,0.0400477461516857,-0.0008862498216331,-0.0169227439910173,0.0382234267890453,0.977829098701477,0.4695590138435364,0.582653284072876,0.6838298439979553,0.6112533807754517,0.4201990962028503,0.4833369553089142,0.3478186726570129,0.3533424139022827,0.3824061453342438,0.330634206533432,0.3539770841598511,0.3473371565341949,0.002971191410532,0.0015489283985274,0.0109310483871295,0.0053580786013867,23.63749620691641,1,Hyperfunktionelle Dysphonie,854,i_n
-319.75347900390625,121.19625854492188,-42.07663345336914,67.9630126953125,51.27182769775391,15.73791217803955,-56.51586532592773,8.168086051940918,29.09994125366211,-38.10479736328125,-10.380128860473633,-4.734745979309082,-20.767475128173828,17.3374080657959,5.180711269378662,5.437309265136719,5.985681533813477,5.715114593505859,3.663565635681152,5.388721466064453,3.677213907241821,3.2171874046325684,3.588549852371216,3.1697921752929688,2.6174166202545166,3.557340383529663,-0.0876738801598548,-0.1016853004693985,0.0090107209980487,0.0172970034182071,0.008655659854412,-0.008899345062673,-0.0129215568304061,-0.0183942839503288,-0.0123181547969579,-0.0088042831048369,-0.0068251146003603,-0.0288479626178741,0.0063340766355395,2.748121500015259,0.835295557975769,0.8833581209182739,1.0684576034545898,0.8483783602714539,0.5280147194862366,0.8391019701957703,0.4211904108524322,0.5572302937507629,0.5847567319869995,0.4341005384922027,0.4211198687553406,0.5246383547782898,0.4866923987865448,0.0888067334890365,0.1208199858665466,-0.1638423800468444,-0.0652499571442604,-0.0426453836262226,0.1461636126041412,0.0070022130385041,-0.0651134029030799,0.0845476314425468,-0.0212952550500631,-0.0014067748561501,0.0594223923981189,1.9690741300582888,0.5632569789886475,0.6148837208747864,0.7244927883148193,0.5826276540756226,0.4093389213085174,0.6642722487449646,0.3126111924648285,0.4167472720146179,0.4919801354408264,0.3625856637954712,0.3131408393383026,0.4355672895908355,0.0019736197837832,0.0011176482749782,0.0114483644715667,0.005904156609775,25.694563944740825,1,Hyperfunktionelle Dysphonie,857,i_n
-259.86822509765625,119.6273956298828,-48.6389274597168,92.60641479492188,35.92549514770508,-0.3155568540096283,-30.80867958068848,-7.329212188720703,1.3493043184280396,-14.06195068359375,-25.32345390319824,-38.876277923583984,-2.885247707366944,19.970203399658203,13.771614074707031,7.335114002227783,13.132922172546388,5.0093278884887695,5.55885124206543,6.968349456787109,7.621265411376953,4.752056121826172,3.400041103363037,4.8107757568359375,4.731068134307861,3.4726040363311768,-0.3006100952625274,-0.1067860797047615,-0.0580838397145271,-0.0488403625786304,-0.0635644048452377,-0.0329425483942031,0.0578909702599048,-0.0352715663611888,-0.0729508325457573,-0.0028309542685747,0.0163127407431602,-0.0306138824671506,-0.0513725169003009,2.739485263824463,1.7243883609771729,1.0124526023864746,1.2262309789657593,0.6597196459770203,0.6199019551277161,0.927324116230011,0.6547098755836487,0.5885810852050781,0.5717628002166748,0.8474058508872986,0.8105700612068176,0.430980235338211,0.3890467286109924,0.1098138093948364,0.125899851322174,-0.2160380780696869,-0.0192458499222993,0.0154339727014303,0.109587475657463,-0.0062942085787653,-0.0108490753918886,0.0342323631048202,0.0445907115936279,0.1009541302919387,0.0163798425346612,1.6961127519607544,0.7344754934310913,0.6334717869758606,0.9780099987983704,0.3954575061798095,0.3359782993793487,0.5617481470108032,0.3392336070537567,0.3141985535621643,0.3462513983249664,0.444130390882492,0.4648627042770386,0.307280033826828,0.0016729227832589,0.0008013760770669,0.0081248548087104,0.0032401926271792,28.982531626559137,1,Hyperfunktionelle Dysphonie,868,i_n
-312.4159545898437,113.04743194580078,-47.04490280151367,65.36627197265625,56.11681365966797,13.783839225769045,-55.90685272216797,-6.818617820739746,26.43972969055176,-31.79770851135254,-15.023873329162598,4.726178646087647,-31.02797508239746,16.347997665405273,8.094311714172363,6.085576057434082,7.664272308349609,6.422860622406006,3.6906893253326416,6.089510917663574,3.786687612533569,3.838180065155029,3.8290765285491934,3.669242143630981,2.631441831588745,4.543082237243652,-0.2668262124061584,0.132253035902977,-0.1038090735673904,-0.0695767775177955,-0.0913669019937515,0.0186560116708278,-0.004718292504549,0.0076234396547079,0.1151488646864891,0.0177443400025367,-0.0056615457870066,-0.0187303088605403,-0.0314506366848945,2.790968894958496,1.0990439653396606,1.1985963582992554,0.7878023386001587,0.7271104454994202,0.523055911064148,1.0061640739440918,0.5469379425048828,0.6463785767555237,0.6387915015220642,0.576185405254364,0.4445405006408691,0.6829220056533813,0.3563648760318756,0.0653871819376945,0.1776241958141327,-0.0263688787817955,-0.0083791185170412,-0.0027798698283731,0.1491735130548477,0.0459838733077049,-0.058244165033102,0.0437415167689323,0.0074296705424785,-0.0138761429116129,0.0615142285823822,1.711777925491333,0.4941713213920593,0.8038010597229004,0.564083456993103,0.6030774712562561,0.4037693738937378,0.6435343623161316,0.4544413089752197,0.3864383399486542,0.424600750207901,0.3588651716709137,0.2733018398284912,0.4743638932704925,0.001780533203254,0.0010125438785868,0.0072330860843296,0.0027426874947898,28.86765750051771,1,Hyperfunktionelle Dysphonie,881,i_n
-286.04931640625,95.83918762207033,-5.765944004058838,96.3674774169922,19.800058364868164,34.551170349121094,-21.07264518737793,-18.04959487915039,2.0070149898529053,9.30994701385498,-16.044328689575195,-32.16739273071289,14.540203094482422,11.14866065979004,5.87760066986084,4.013028621673584,7.5958428382873535,5.112308979034424,3.630621910095215,4.392020225524902,3.7044873237609854,3.6895618438720703,3.384741306304932,6.549694538116455,3.514390230178833,3.7628138065338135,-0.1545349061489105,-0.1051940843462944,-0.0306897833943367,0.1243352442979812,0.0366377644240856,-0.0484347008168697,0.019743962213397,0.0369851291179657,-0.0865239053964614,-0.0058205537497997,0.1005393788218498,-0.0262475032359361,-0.0324327796697616,1.7493906021118164,1.0339818000793457,0.4995207786560058,1.3153867721557615,0.5973203182220459,0.6252298355102539,0.7114260196685791,0.552640438079834,0.637815535068512,0.5181077122688293,0.6123513579368591,0.5648139715194702,0.5649259090423584,0.2859786450862884,0.150693267583847,0.0765282213687896,-0.2139200866222381,-0.0292547326534986,-0.0698354169726371,0.0802537128329277,0.0718178749084472,-0.0133770685642957,-0.0257068946957588,0.0362326391041278,0.022531408816576,-0.0462071970105171,1.2213369607925415,0.7287185788154602,0.432943046092987,0.9151660203933716,0.457355260848999,0.4793860614299774,0.5920410752296448,0.4152843058109283,0.4312386810779571,0.4000738859176636,0.4740795195102691,0.3886668980121612,0.4478971064090729,0.0031308805497412,0.0018152018798183,0.0229898989556046,0.0130943924036765,23.070409009509795,1,Hyperfunktionelle Dysphonie,888,i_n
-296.57061767578125,86.54596710205078,-20.14586639404297,124.87713623046876,16.319490432739258,33.43003845214844,-7.642189025878906,-6.599552631378174,16.628334045410156,5.713891983032227,-10.047396659851074,-24.25669479370117,2.5080161094665527,16.42148208618164,10.920823097229004,8.123023986816406,9.211540222167969,5.608838081359863,5.674111366271973,3.962391614913941,4.2335638999938965,4.654144287109375,5.869993209838867,4.567793846130371,4.656283378601074,4.286700248718262,0.1618775874376297,-0.0167503096163272,0.1479807496070861,-0.1037622392177581,0.0471071228384971,-0.0100883087143301,0.0344683155417442,0.034299261868,-0.1370400637388229,0.045118510723114,0.0540351159870624,0.0367452576756477,-0.0642366260290145,2.240514039993286,1.7287753820419312,1.4734832048416138,0.9419994354248048,0.753661572933197,0.8269901871681213,0.6666153073310852,0.7361024022102356,0.5734450221061707,0.7124229669570923,0.7399401068687439,0.8301851153373718,0.5983618497848511,0.1548763811588287,0.1060044020414352,0.1187969520688057,-0.1362988501787185,-0.0441297776997089,-0.0380810759961605,0.0598108172416687,0.0207920465618371,0.0090325437486171,-0.0219590365886688,0.0012362744892016,0.0516917593777179,0.0032440479844808,1.4384936094284058,0.9425355195999146,0.7792640328407288,0.6962056159973145,0.5214847326278687,0.5221475958824158,0.4285192787647247,0.4506891071796417,0.5228450298309326,0.5245736241340637,0.4242647290229797,0.5311614274978638,0.3929503858089447,0.0082708435928071,0.0044348785231085,0.0640104452341339,0.0277797245240222,15.5407421000484,1,Hyperfunktionelle Dysphonie,889,i_n
-332.0601501464844,105.72669982910156,-14.05566120147705,92.1702117919922,26.36697578430176,35.9761962890625,-18.09765815734864,-10.44679355621338,19.08469009399414,-8.591253280639648,-17.57298469543457,-23.22968101501465,6.76052188873291,19.552154541015625,5.099955558776856,10.22910213470459,5.532248973846436,6.169375419616699,4.755570888519287,8.01015567779541,4.264063358306885,6.168444633483887,7.337203502655029,4.512829780578613,4.206971645355225,3.649395227432251,-0.638140857219696,0.0037973574362695,0.1925089806318283,-0.1740795224905014,-0.2577895224094391,0.0439038686454296,0.2038999795913696,0.0769168511033058,0.12100201100111,-0.0414795503020286,0.0506279580295085,0.1658835113048553,-0.1307588666677475,1.977377653121948,0.7817373871803284,0.8835257887840271,0.8006635308265686,0.8553730845451355,0.8931956887245178,0.6175164580345154,0.763077437877655,0.8998503088951111,0.7673933506011963,0.6266056299209595,0.6373635530471802,0.5543102622032166,0.5150704979896545,0.1431748569011688,0.18425153195858,-0.1992170661687851,0.0799805745482444,-0.1162481382489204,0.0962297692894935,0.0888494849205017,-0.0554840974509716,0.0071431817486882,-0.0058144824579358,0.032611284404993,-0.0498548187315464,1.474279761314392,0.4581243395805359,0.7197550535202026,0.7607079744338989,0.4370426535606384,0.4407367706298828,0.6118166446685791,0.3985889852046966,0.4188356399536133,0.3827877342700958,0.3451232314109802,0.3901145756244659,0.3373678922653198,0.0015870298910972,0.0008849267983549,0.0164715692188704,0.0076531721420607,28.78786788147256,1,Hyperfunktionelle Dysphonie,890,i_n
-368.376708984375,162.31268310546875,17.593402862548828,52.74958038330078,60.12322235107422,32.98324966430664,-1.699906349182129,-8.306129455566406,6.828398704528809,2.7934012413024902,11.53200912475586,-3.159839153289795,-26.76439476013184,35.31962966918945,7.313307285308838,12.688766479492188,8.754405975341797,8.197432518005371,4.474153995513916,3.92699933052063,6.980948925018311,6.94009256362915,8.620280265808105,6.827467918395996,3.684775114059448,5.839529991149902,-0.5768335461616516,0.0237863920629024,0.0496193431317806,-0.1371929943561554,0.0003856969124171,0.0349233411252498,0.0166175886988639,-0.0216032825410366,0.0130431046709418,0.0746791064739227,0.0105115985497832,-0.0296309012919664,-0.0601784996688365,5.185214042663574,0.8651685118675232,1.1080093383789062,1.0918326377868652,1.3993054628372192,0.6832146644592285,0.4980358481407165,0.8117068409919739,0.785671055316925,0.6990297436714172,0.7969882488250732,0.4976379573345184,0.8680965304374695,1.115661382675171,-0.1061342507600784,0.0546708032488822,-0.2294166386127472,-0.3199101388454437,-0.1220863610506057,0.0792454108595848,0.133295401930809,-0.0118770152330398,-0.0606234706938266,-0.0664024427533149,0.044327437877655,0.104767732322216,3.5737130641937256,0.5083844065666199,0.596479594707489,0.8871323466300964,1.138801336288452,0.5419744253158569,0.5087342858314514,0.6214984655380249,0.4904972314834595,0.4988020062446594,0.4780803024768829,0.4103240668773651,0.4052030146121979,0.0028651160939206,0.0012164805578393,0.0139043720437728,0.006143120931411,32.59261340906052,1,Hyperfunktionelle Dysphonie,894,i_n
-263.34698486328125,126.8556671142578,15.79678726196289,95.45504760742188,17.13074493408203,31.154481887817383,-28.681745529174805,0.2072425037622451,7.538918018341064,-14.583980560302734,-14.548087120056152,-16.909273147583008,-4.145492076873779,10.225123405456545,8.847005844116211,11.262818336486816,6.77575159072876,4.416651725769043,3.2399818897247314,4.620033264160156,2.630758762359619,5.299986839294434,3.541489124298096,4.0756659507751465,3.652064323425293,3.7491214275360094,-0.073776476085186,-0.0002067353925667,-0.0198957044631242,-0.1776561290025711,0.0935206934809684,-0.052168034017086,0.0385865159332752,-0.0311579592525959,0.0412210077047348,0.0788134709000587,0.0443522967398166,-0.1700133383274078,-0.0600888766348362,1.6155622005462646,0.9933179020881652,1.290682673454285,1.006095290184021,0.6461193561553955,0.6190968155860901,0.8321285843849182,0.5523241758346558,0.8212229609489441,0.458282470703125,0.6457581520080566,0.7619356513023376,0.4859252870082855,0.1164795309305191,0.0698172971606254,0.0551448501646518,-0.1710686534643173,0.0624262616038322,-0.054730299860239,0.1528477519750595,-0.0634983628988266,-0.010800302028656,-0.0094561837613582,-0.0303369313478469,0.103116363286972,-0.0282748863101005,0.8777851462364197,0.3381615877151489,0.53888338804245,0.6187773942947388,0.4568696618080139,0.4838544130325317,0.5798944234848022,0.3436755836009979,0.3523190021514892,0.3248805403709411,0.4415276050567627,0.4832234680652618,0.4624956250190735,0.0037899005850451,0.0021051458422449,0.0305459564388418,0.0146440090278433,24.22238200613649,1,Hyperfunktionelle Dysphonie,898,i_n
-373.112548828125,93.18242645263672,-0.727757453918457,93.57516479492188,26.013904571533203,5.768901824951172,0.0516411289572715,3.032733678817749,8.164650917053223,2.463408231735229,-14.429203987121582,-9.457677841186523,14.1575927734375,21.7390251159668,8.690732955932617,5.850358963012695,9.14967441558838,5.793735504150391,8.566728591918945,5.98814058303833,8.842378616333008,6.235044002532959,7.040414333343506,7.992254257202148,6.165092468261719,5.876415729522705,0.099071204662323,-0.0607385747134685,0.0426905900239944,-0.2742747068405151,0.0313635990023613,-0.0260614231228828,-0.0021549158263951,0.0031259667593985,-0.0288943033665418,0.0025179947260767,0.0303612779825925,0.0619869641959667,-0.0243069678544998,3.883545875549317,1.5731202363967896,0.6945297122001648,1.186060667037964,0.6515274047851562,0.7647188901901245,0.5306506156921387,0.6612403988838196,0.6581535935401917,0.63363116979599,0.5568758845329285,0.4010107815265655,0.6071385145187378,0.544072687625885,0.2531492710113525,0.0578421503305435,-0.1624614894390106,-0.0159170050173997,0.0632745400071144,0.0462525971233844,-0.0230135638266801,-0.0311217121779918,0.018622949719429,0.0292761120945215,0.0075368494726717,-0.0055033224634826,2.483553886413574,1.1646897792816162,0.435289204120636,0.8074225187301636,0.4793451428413391,0.4535648822784424,0.4232140481472015,0.3824247717857361,0.4088807106018066,0.4386171698570251,0.3548577725887298,0.3277992010116577,0.4261974692344665,0.0007326950016641,0.0003617000691509,0.0059089428204574,0.0017986313744479,37.3813961416019,1,Hyperfunktionelle Dysphonie,909,i_n
-344.3795166015625,134.2269287109375,-5.984334945678711,86.46044158935547,35.65372848510742,51.379981994628906,9.715898513793944,-12.452835083007812,3.185559034347534,21.92276382446289,14.126946449279783,-28.428014755249023,-7.774754524230957,19.380964279174805,3.462461471557617,8.206757545471191,8.718609809875488,3.715459108352661,5.523596286773682,3.685609817504883,4.902117729187012,4.041256904602051,4.358706474304199,3.976399421691896,7.009102821350098,3.672367811203003,-0.393742948770523,0.0425754971802234,0.0380403660237789,0.0171203408390283,0.0276890136301517,0.0780654549598693,-0.0249183755367994,-0.0012612368445843,-0.0428225323557853,0.0192345380783081,0.0687118098139762,-0.053783394396305,-0.0255722887814044,2.967226505279541,0.5317249298095703,0.9775089621543884,1.3861266374588013,0.6030614972114563,0.8920588493347168,0.5614475011825562,0.5928161144256592,0.5665522217750549,0.6037344932556152,0.5485410094261169,0.6936238408088684,0.585808515548706,0.5245541930198669,0.0375760868191719,0.1051643788814544,-0.2282137423753738,-0.0660204142332077,-0.1140537485480308,0.0379795432090759,0.0482375435531139,-0.003362642833963,-0.0304357428103685,-0.0654141828417778,0.0260814502835273,0.0195256546139717,2.2037513256073,0.3495391011238098,0.6290962100028992,1.0050795078277588,0.4218330383300781,0.621147632598877,0.4184264242649078,0.451835423707962,0.3628650903701782,0.3368480801582336,0.4623346030712127,0.3784599304199219,0.3895420134067535,0.0033238583751568,0.0015217000390613,0.0060679834427843,0.0026385623078046,29.565274873226752,1,Hyperfunktionelle Dysphonie,922,i_n
-246.7039794921875,111.15918731689452,-27.57119369506836,83.95777893066406,34.982173919677734,25.648101806640625,-40.16022872924805,8.55875015258789,10.61929416656494,-20.61921119689941,-1.0468567609786987,-18.13510131835937,-0.7187688946723938,12.76487636566162,6.870028495788574,6.124300956726074,8.141135215759277,4.852981090545654,4.071124076843262,5.305182456970215,3.6408731937408447,4.112881660461426,3.9174768924713135,3.637864112854004,5.308568954467773,4.218499183654785,-0.324444830417633,-0.0117183094844222,-0.0112144714221358,0.0270909033715724,0.0408273711800575,0.0969488397240638,-0.0350719541311264,-0.0365717783570289,0.0569831877946853,0.0166496783494949,-0.0156693905591964,-0.0525681935250759,-0.0537570416927337,1.871366024017334,0.8725123405456543,1.0426874160766602,1.1910221576690674,0.501463770866394,0.5454788208007812,0.7299688458442688,0.4452564418315887,0.6557044982910156,0.4759107232093811,0.6104112267494202,0.490056961774826,0.4448601901531219,0.288363516330719,0.0984519645571708,0.1346789002418518,-0.1784688234329223,-0.02606787905097,-0.0532741919159889,0.0967623069882392,0.0065497481264173,-0.0067319883964955,0.0113515071570873,-0.0218612384051084,0.0177893992513418,0.0107986098155379,1.2642719745635986,0.574893593788147,0.6994354724884033,0.863078236579895,0.3585376739501953,0.4586198627948761,0.5262737274169922,0.3416206836700439,0.4385892748832702,0.3557496666908264,0.4351347386837005,0.3351648449897766,0.3261750638484955,0.0045744600818075,0.0028807507712958,0.024651723087423,0.0128643968818194,23.820207056993,1,Hyperfunktionelle Dysphonie,934,i_n
-312.8074035644531,126.9643325805664,-12.273354530334473,82.52326202392578,32.09292221069336,23.5115966796875,-33.84456253051758,-1.8044296503067017,27.15888977050781,-21.513145446777344,-5.587192535400391,-14.564268112182615,-2.539943218231201,14.343470573425291,4.739918231964111,5.223093509674072,5.766975402832031,5.026273250579834,5.463814735412598,5.783514976501465,3.4677538871765137,4.528840065002441,3.5589869022369385,4.576359272003174,3.235346555709839,5.135530948638916,-0.2451680153608322,-0.0791001319885253,-0.064564548432827,-0.0056935343891382,-0.0248525906354188,0.0648582726716995,-0.060191411525011,-0.0440074875950813,0.0495620444416999,-0.0498191118240356,0.0256735105067491,-0.0184880550950765,-0.0525694862008094,2.53731656074524,0.8750657439231873,1.0244628190994265,1.0246061086654663,0.725341796875,0.7346052527427673,0.9230750799179076,0.5237076282501221,0.610598087310791,0.6086979508399963,0.6637821793556213,0.4833333790302276,0.6041895151138306,0.388178288936615,0.0579968206584453,0.1510503590106964,-0.1746224462985992,-0.0467422492802143,-0.0451878979802131,0.1125742122530937,0.0579174682497978,-0.0331430584192276,0.0366777963936328,-0.0022777994163334,0.0665139481425285,0.0037638286594301,1.4092888832092283,0.4923090040683746,0.6651554703712463,0.722398042678833,0.5378138422966003,0.4834567010402679,0.6764540672302246,0.4663838148117065,0.4540702104568481,0.3424255549907684,0.4222403466701507,0.4323227405548095,0.3820096552371979,0.0034969318877001,0.0019875652486028,0.019905458839865,0.0096940904659634,23.691446080103866,1,Laryngitis,1046,i_n
-391.2626037597656,128.91375732421875,-17.648386001586914,63.98158645629883,52.85856246948242,12.513638496398926,-36.54471969604492,7.689216613769531,18.38246726989746,-21.049745559692383,-2.3964855670928955,-19.66727828979492,-1.652766227722168,19.445037841796875,5.038949966430664,6.212685585021973,6.225886344909668,8.320428848266602,3.2851157188415527,5.3429155349731445,3.576855421066284,3.705015420913696,4.121870994567871,3.5740392208099365,3.585988044738769,3.807809352874756,-0.1012195721268653,0.0543991364538669,-0.0160843972116708,-0.0065309801138937,0.0191090498119592,-0.0054491548798978,-0.009807139635086,0.0065337871201336,0.0327264070510864,-0.0065185180865228,-0.0003960654139518,0.023610645905137,-0.0219679027795791,3.626333951950073,0.8599273562431335,1.3150674104690552,1.114721179008484,1.4688764810562134,0.6173067688941956,0.8943474888801575,0.6660789847373962,0.6758389472961426,0.6843762993812561,0.6508824825286865,0.5918420553207397,0.3704486787319183,0.6320694088935852,0.0455185435712337,0.1519940048456192,-0.159474030137062,-0.1668404936790466,-0.0338385887444019,0.1346995830535888,-0.030492290854454,-0.059072121977806,0.0468436069786548,-0.0484009385108947,0.0559521503746509,-0.0128999650478363,2.5747201442718506,0.5565133690834045,0.8297576308250427,0.7956864237785339,0.8984125256538391,0.4345917105674743,0.6825141310691833,0.4027133584022522,0.4218161404132843,0.362348347902298,0.4742689728736877,0.4351020753383636,0.3268907070159912,0.001428296550337,0.000662887234895,0.0130870063606156,0.005356300338502,33.995409756344,1,Laryngitis,1047,i_n
-306.1852111816406,122.04737091064452,-11.97905158996582,94.79850006103516,28.32596969604492,61.23569488525391,-23.250688552856445,-13.454218864440918,17.802703857421875,6.377179145812988,-2.119948625564575,-28.098493576049805,3.934257984161377,36.383602142333984,4.612576007843018,18.26244354248047,7.8030104637146,4.451821804046631,5.817741870880127,4.941200256347656,5.494842529296875,3.7494828701019287,3.2404234409332275,3.7879507541656494,5.101550102233887,3.025796175003052,-0.8512182831764221,0.1674228310585022,0.4170927703380584,-0.2284087091684341,-0.0783234685659408,-0.0394950844347476,0.1151327267289161,0.0748303011059761,-0.0959971398115158,-0.0259096231311559,0.1288751661777496,-0.0477258972823619,-0.0691079795360565,1.8516314029693604,0.3930937647819519,0.7466819286346436,1.0739682912826538,0.5498379468917847,1.1020941734313965,0.6001980304718018,0.7091464996337891,0.4686035513877868,0.4628110229969024,0.4653468430042267,0.6264743804931641,0.4703195691108703,0.2743198871612549,0.042600143700838,0.1097975447773933,-0.224941149353981,0.034136027097702,-0.137020468711853,0.1231508329510688,0.0424906834959983,-0.0294074080884456,-0.0217267852276563,0.0355203598737716,0.0751095041632652,-0.02637904509902,1.2331894636154177,0.3132774829864502,0.5039611458778381,0.875066339969635,0.365784078836441,0.4846476912498474,0.5217732191085815,0.3382663428783417,0.3453004062175751,0.2923612594604492,0.3252168297767639,0.410593569278717,0.3473143279552459,0.0031711962913839,0.0012352387890324,0.0108554188078241,0.0056004027505798,25.554923685861148,1,Laryngitis,107,i_n
-307.0338439941406,68.11155700683594,-11.87758731842041,71.00984191894531,29.87549018859864,48.00689315795898,-44.36528778076172,-3.278559923171997,4.961351871490479,-14.29938793182373,-6.264616966247559,-33.45348358154297,6.727468013763428,15.723196029663086,8.347098350524902,4.770873069763184,6.049335956573486,7.600090026855469,4.212332248687744,4.78830623626709,3.759299039840698,3.316274642944336,3.353055238723755,3.0823862552642822,3.743367910385132,5.04948091506958,-0.6041406989097595,-0.2407489120960235,-0.1588937193155288,0.2418853640556335,0.1885306388139724,0.1693463325500488,-0.1757856458425521,-0.0109832705929875,0.0318002067506313,-0.0524515286087989,-0.0242686532437801,-0.0821476727724075,0.0669379383325576,2.744171380996704,1.5822031497955322,0.6759047508239746,1.0657707452774048,1.009853482246399,0.6808452606201172,0.9340247511863708,0.5451298356056213,0.487015962600708,0.5657872557640076,0.6208508014678955,0.5349152088165283,0.6224240660667419,0.5026418566703796,0.2933073937892914,0.1145505085587501,-0.1950785666704177,-0.0951299592852592,-0.0580622442066669,0.1703981906175613,0.0494141951203346,0.012164631858468,-0.0218838900327682,-0.003853442845866,0.0124487979337573,-0.0370625406503677,1.8543158769607544,0.9514713287353516,0.4755643308162689,0.8481342792510986,0.5974066257476807,0.4704804122447967,0.6152790188789368,0.358321338891983,0.3806774616241455,0.3904030621051788,0.4365884661674499,0.4015955328941345,0.3674100935459137,0.0039507213142677,0.002323139510491,0.0186223347568775,0.00947452636336,21.122257493520724,1,Laryngitis,1119,i_n
-190.11526489257807,103.30245971679688,-11.87050724029541,67.10780334472656,24.522424697875977,70.28365325927734,-28.21298217773437,29.62799072265625,-16.4039363861084,0.4173264503479004,15.409446716308594,-20.498855590820312,-19.31178474426269,7.983098030090332,4.628114700317383,4.554763317108154,9.08998966217041,4.04087495803833,7.463681221008301,4.393944263458252,4.894835948944092,4.777414798736572,7.78649377822876,4.641420364379883,3.777862071990967,3.9471373558044434,-0.0818934217095375,-0.0153475878760218,0.0356972962617874,-0.0580802150070667,-0.0366829968988895,0.1163186281919479,-0.043047796934843,0.0011141413124278,-0.0272238869220018,0.0099116740748286,0.0316698476672172,-0.0421680137515068,-0.0224863216280937,1.3175448179244995,0.5937824249267578,0.6233803629875183,0.8904328346252441,0.5751410722732544,1.0219968557357788,0.7301744222640991,0.6104954481124878,0.8476258516311646,0.7077085971832275,0.5884061455726624,0.5970084071159363,0.5290725231170654,0.2204143106937408,0.0863495841622352,0.1136588230729103,-0.1373481899499893,-0.0490958876907825,-0.1440118253231048,0.0703523680567741,-0.0717465281486511,0.0639392435550689,-0.0003438189451117,-0.0049020424485206,0.0353445783257484,0.0629424676299095,1.0219744443893433,0.5471976399421692,0.6170637607574463,0.7959986925125122,0.4643199741840362,0.7270914316177368,0.4765410125255584,0.5008997321128845,0.5762856006622314,0.4502709507942199,0.4351814389228821,0.4733963906764984,0.4933009445667267,0.0051607994429055,0.0029898883393108,0.0249057502654159,0.0129610137552208,17.052447527228765,1,Laryngitis,1161,i_n
-318.0890808105469,114.93719482421876,-18.55864524841309,82.45397186279297,36.33586502075195,37.65214538574219,-8.456122398376465,-31.73849296569824,5.1442694664001465,-10.41533660888672,-16.462373733520508,-25.134735107421875,-25.59760284423828,14.589415550231934,8.61114501953125,7.475521087646484,8.82151985168457,9.21325969696045,5.687063217163086,6.03253698348999,5.2562255859375,8.073768615722656,4.964465141296387,6.019733905792236,4.206715106964111,5.828254222869873,0.0169586148113012,0.067585788667202,-0.0263624284416437,-0.2301419824361801,0.0573309101164341,-0.0397003889083862,0.0866386070847511,-0.0184880346059799,-0.0928771272301673,-0.0431996695697307,-0.052425842732191,0.0197713524103164,0.0088869826868176,2.303041458129883,1.2407618761062622,1.321156620979309,1.1947500705718994,1.143157124519348,0.9530320763587952,0.7577333450317383,0.9826037287712096,0.7495518922805786,0.7034053802490234,1.1943907737731934,0.76690673828125,0.7932873964309692,0.2303441315889358,0.1208424270153045,0.1603782176971435,-0.1222737804055213,-0.0946070849895477,-0.051618468016386,0.0157645624130964,0.0654233917593956,0.00155668950174,0.0460022799670696,0.0075399777851998,0.0096592931076884,0.0475968532264232,1.5153025388717651,0.8399249911308289,0.8674414157867432,0.9519238471984864,0.8495380878448486,0.6380283236503601,0.5378720760345459,0.5242620706558228,0.5978676676750183,0.6045080423355103,0.7001582384109497,0.5318262577056885,0.4588742256164551,0.0036036968769795,0.0013827143583641,0.0212561214031857,0.0048075317501955,27.50034066482605,1,Laryngitis,1163,i_n
-279.6082763671875,114.52710723876952,-12.878898620605469,70.12711334228516,26.470815658569336,34.22925567626953,-49.76171875,-5.666353225708008,12.5674467086792,-20.78260803222656,-14.08372688293457,-16.5911808013916,-17.3741397857666,14.970588684082031,6.772977828979492,7.369109630584717,8.816265106201172,4.229066848754883,7.772346496582031,6.864730358123779,4.810431480407715,3.076530933380127,4.645116806030273,3.769752740859986,3.8223469257354736,4.531262397766113,-0.3828065693378448,0.0219421088695526,-0.1589240729808807,-0.037798672914505,-0.0551368668675422,0.0652452409267425,-0.0502410903573036,-0.0866639092564582,-0.0547896921634674,-0.0890212282538414,0.0235583372414112,-0.0538233257830143,-0.1387779861688614,2.777976751327514,0.8931052088737488,1.2268855571746826,0.9374829530715942,0.8641765117645264,1.1675115823745728,1.2288421392440796,0.6465372443199158,0.4994073510169983,0.7217890024185181,0.6412783861160278,0.6869937777519226,0.7041111588478088,0.6568397879600525,0.1990425139665603,0.2407036423683166,-0.2084341198205948,-0.0043452004902064,-0.1344930082559585,0.2586239278316498,0.0015914090909063,-0.0055562793277204,0.1473892629146576,0.0311386100947856,0.080702044069767,0.1330491304397583,1.8504502773284912,0.7197387218475342,0.8410820364952087,0.8142393827438354,0.4714638292789459,0.509541928768158,0.8577597141265869,0.3587031662464142,0.352037638425827,0.6353499293327332,0.4875826835632324,0.3908253610134125,0.6053881645202637,0.0031060806733124,0.0018479514032941,0.0226488267772245,0.0131241540315183,25.657640116831345,1,Laryngitis,1188,i_n
-264.06707763671875,120.43933868408205,-22.04609489440918,83.02852630615234,47.83562850952149,5.310138702392578,-24.394311904907227,-7.715019702911377,9.118600845336914,-19.374191284179688,-18.19110107421875,-18.48464584350586,-9.011512756347656,34.348297119140625,20.773324966430664,21.27109146118164,15.371155738830566,6.354005336761475,7.653759479522705,4.967550754547119,4.268038272857666,4.699385166168213,4.630745887756348,5.154074668884277,3.5758755207061768,3.539198398590088,-0.8652756810188293,0.1276445090770721,-0.0582234151661396,0.0553627796471118,0.1528427749872207,-0.0826473608613014,-0.1478821039199829,-0.1299535632133484,-0.036896176636219,-0.0002795275358948,-0.0241544004529714,0.0198023468255996,-0.0127244843170046,2.9619858264923096,2.561448335647583,2.072324752807617,1.811082124710083,0.746249794960022,0.7464208006858826,0.8517546653747559,0.6237927675247192,0.5751533508300781,0.7806249856948853,0.6349551677703857,0.8343967199325562,0.4243244230747223,0.594050407409668,0.2902638912200928,0.1683792918920517,-0.2869736850261688,-0.0609386414289474,0.004849293269217,0.1141346171498298,0.0619329921901226,0.0350751839578151,0.1261048316955566,0.0468096062541008,0.0707464218139648,-0.0017639208817854,2.3327364921569824,1.648725986480713,0.934136152267456,1.1290196180343628,0.4325782656669616,0.4452782273292541,0.5197896957397461,0.4962559640407562,0.4536537528038025,0.5273449420928955,0.3847190141677856,0.3735519647598266,0.259685069322586,0.0116232815828256,0.0040746338558755,0.022587586632631,0.0099502495263506,27.94194039222325,1,Laryngitis,1192,i_n
-219.84567260742188,96.44376373291016,-25.485990524291992,91.93319702148438,4.820047855377197,32.532691955566406,-21.823780059814453,12.396858215332031,11.559510231018066,-3.5763967037200928,-0.6926730871200562,-12.481439590454102,10.829277992248535,8.423115730285645,4.052478313446045,4.174600601196289,3.62020754814148,4.392910480499268,3.726305723190308,3.854893684387207,4.630256175994873,4.039347171783447,4.381974697113037,4.105812072753906,3.803049087524414,3.604791641235352,-0.1355272382497787,-0.0378536656498909,0.0157045666128397,0.0236428081989288,0.041356012225151,0.0380414463579654,-0.0232380609959363,-0.108477883040905,-0.0053001935593783,0.0435795783996582,-0.0170374158769845,-0.069341629743576,0.0976494699716568,0.7056748867034912,0.7841494083404541,0.6378781199455261,0.6100761890411377,0.6557866930961609,0.5772423148155212,0.6663584113121033,0.6171140074729919,0.6298040747642517,0.6809099316596985,0.67250657081604,0.545678973197937,0.5161588788032532,0.0888178572058677,0.0849027037620544,0.1293955296278,-0.0512430816888809,0.0321284458041191,-0.0553577877581119,-0.0190074853599071,-0.0256788413971662,0.0255022719502449,0.0227914210408926,0.0167961977422237,0.0558835305273532,0.0057424600236117,0.5604901909828186,0.621019721031189,0.6264069676399231,0.4885351955890655,0.5666066408157349,0.4422166049480438,0.5875152349472046,0.5912829637527466,0.4991344213485718,0.5200911164283752,0.5446944832801819,0.4898883104324341,0.48099085688591,0.022971288027,0.013571785600748,0.1229537397671263,0.064743609619865,11.70380696543557,1,Laryngitis,1221,i_n
-198.9460601806641,101.16680145263672,-36.02516174316406,65.68568420410156,6.03304386138916,35.66868209838867,-32.85455322265625,-42.39905548095703,1.183582425117493,-6.259493350982666,-20.5064640045166,-3.0230541229248047,-29.74162483215332,16.58847427368164,7.639879703521728,13.677335739135742,8.631200790405273,9.609825134277344,8.051892280578613,11.22959804534912,9.824767112731934,8.272149085998535,6.270785331726074,5.29892635345459,3.099159240722656,4.510322093963623,0.2304143011569976,0.1122246757149696,0.1176633685827255,0.1683878898620605,-0.2017019838094711,-0.3550434112548828,0.1469210982322693,-0.0506508909165859,-0.1957286298274994,-0.0180823877453804,0.1037012338638305,0.1379019618034362,-0.0755205154418945,2.943253993988037,1.4460244178771973,2.508429527282715,1.7472141981124878,0.9510946273803712,1.4539862871170044,1.2881065607070925,1.4733803272247314,0.8886768221855164,0.8830644488334656,0.8415845632553101,0.6856362819671631,0.7426319718360901,0.920888364315033,0.2163049876689911,0.4925033450126648,-0.347951740026474,0.0001659116824157,-0.2843013107776642,0.2445311397314071,0.1906221061944961,0.0239292252808809,-0.0527640916407108,0.02138895355165,-0.0731830522418022,0.160069391131401,2.2493083477020264,0.5783283114433289,1.1408933401107788,1.0258872509002686,0.3919007182121277,0.8634659647941589,0.8814483284950256,0.6623103022575378,0.5618776082992554,0.4068451821804046,0.4000644385814667,0.3618737459182739,0.5128132104873657,0.0035927690461172,0.00197513485851,0.0139436391682484,0.0075428910370468,22.599853061759365,1,Laryngitis,1228,i_n
-288.33514404296875,147.40768432617188,-1.5416496992111206,96.24959564208984,54.08579635620117,26.381311416625977,-49.70253372192383,11.418230056762695,8.297918319702148,-21.755313873291016,6.006609916687012,-17.676265716552734,-10.25275421142578,10.485862731933594,5.956866264343262,7.836380481719971,7.406270980834961,8.114144325256348,3.751819133758545,7.503674507141113,4.438738822937012,5.188061237335205,3.689653158187866,3.5774991512298584,4.633716106414795,5.174433708190918,0.5869951248168945,0.4357479214668274,0.0077812275849282,-0.6624270677566528,-0.2217514961957931,0.0046228193677961,-0.0905607119202613,-0.2287948280572891,0.1859433948993683,0.0921532586216926,0.0194837618619203,0.1157704442739486,-0.3824900686740875,1.6308072805404663,0.6393505334854126,1.2428230047225952,0.916683554649353,1.4799869060516355,0.653645932674408,1.2432546615600586,0.6756036877632141,0.9938511848449708,0.6817731261253357,0.5330327749252319,0.6057332754135132,0.7381579875946045,-0.0908949375152587,0.1021718308329582,0.0159317217767238,-0.0626441091299057,0.0764115005731582,-0.0833145827054977,0.0059223002754151,0.0410428568720817,0.0075652939267456,-0.0135741997510194,0.0235759411007165,-0.0211076084524393,0.1219160407781601,0.7561574578285217,0.45120370388031,0.6503621339797974,0.4515165984630584,0.5825781226158142,0.6242661476135254,0.6274669170379639,0.4730927050113678,0.5799662470817566,0.4856547713279724,0.3378187716007232,0.3363535702228546,0.4692721664905548,0.0042340981196413,0.0020604872016977,0.0151171555392687,0.0073650164121627,22.246047083201187,1,Laryngitis,1229,i_n
-316.689697265625,124.84757232666016,-47.94119644165039,63.59183883666992,65.66155242919922,8.166749000549316,-39.7862434387207,0.8025672435760498,9.845548629760742,-20.96500015258789,-2.2506697177886963,-10.457677841186523,-20.532861709594727,16.070344924926758,5.714888572692871,7.393680095672607,4.565935134887695,4.677816390991211,2.5182595252990723,4.45845890045166,2.828842163085937,2.444938898086548,3.178183078765869,2.50485634803772,2.5761821269989014,2.9702699184417725,-0.0196682848036289,-0.0086754886433482,-0.0422005802392959,-0.1165259554982185,-0.0849796384572982,-0.0183754172176122,-0.0327956266701221,-0.0442652255296707,0.0125441588461399,-0.0110790077596902,-0.0022163391113281,-0.0187962334603071,-0.0134476851671934,2.8650014400482178,1.0269089937210083,1.2702476978302002,0.756832480430603,0.7295001745223999,0.375191867351532,0.7914943695068359,0.4238929450511932,0.3843823075294494,0.6048737168312073,0.3697296679019928,0.4266602694988251,0.4876360893249511,0.5788973569869995,0.1029583141207695,0.2067327499389648,-0.0975612923502922,-0.1500138789415359,-0.0337275974452495,0.1499115228652954,0.0416678637266159,-0.0185013692826032,0.0500872805714607,-0.0387519337236881,0.0004159970849286,0.0365080274641513,2.065760612487793,0.551995038986206,0.8547167778015137,0.5520029067993164,0.6665574908256531,0.3342483043670654,0.6092367768287659,0.2887443900108337,0.278715431690216,0.3648166954517364,0.3356600403785705,0.3226796090602875,0.3214623034000397,0.0014303884994317,0.0008072856024887,0.0083427399323734,0.0041323499963978,28.78627020278212,1,Laryngitis,1233,i_n
-332.6985778808594,150.83389282226562,-10.959235191345217,67.97943115234375,56.34566116333008,62.90791320800781,-17.117136001586914,-21.0317611694336,17.154281616210938,-3.0795860290527344,7.8550543785095215,-7.486109733581543,-8.952610969543457,30.865407943725582,4.87743091583252,8.592073440551758,5.28124475479126,7.661052227020264,9.728759765625,7.785867214202881,6.6987810134887695,6.927148818969727,6.309042930603027,5.648417472839356,4.560072422027588,5.000080108642578,0.3815088868141174,0.0628825053572654,0.0106250429525971,-0.0344361662864685,-0.0293778087943792,-0.0051261112093925,0.0388409979641437,0.0454114079475402,-0.0506129302084445,-0.057301390916109,0.0207503903657197,0.0529933832585811,0.0272693336009979,1.4120118618011477,0.6292406916618347,1.0468164682388306,0.7904201149940491,1.4983344078063965,0.8036994934082031,0.9461458325386048,0.9279378652572632,0.8271072506904602,1.0393779277801514,0.8568964600563049,0.7758083939552307,0.7444936037063599,0.0483666993677616,-0.0117554804310202,0.0148519380018115,-0.0430050864815712,0.0093866139650344,-0.0037039404269307,0.0091624353080987,0.0107631776481866,0.0082853026688098,0.0178482178598642,0.0183532442897558,0.0354506596922874,-0.0062262597493827,0.7684587836265564,0.4550453126430511,0.5940828323364258,0.5974645614624023,0.9693071842193604,0.4582749605178833,0.6647363305091858,0.7247071862220764,0.5590333938598633,0.7004920840263367,0.5073302984237671,0.5511627793312073,0.4502778947353363,0.0063184277124366,0.0032128640654472,0.0245744168688957,0.0095529764036571,25.389522113742867,1,Laryngitis,1235,i_n
-258.94158935546875,158.34909057617188,-59.78899383544922,90.434814453125,33.218563079833984,37.84379577636719,-17.239606857299805,-12.798694610595703,7.292792320251465,-0.1199588924646377,5.2145867347717285,-15.336530685424805,-6.477906227111816,16.74845314025879,10.610980987548828,11.342681884765623,9.43934440612793,8.212423324584961,8.609624862670898,7.921023845672607,5.239251613616943,7.139293670654297,3.909502506256104,5.150699615478516,3.986193180084229,2.7179765701293945,-0.222491055727005,0.2607000768184662,-0.0170173905789852,0.2372417151927948,-0.0605764798820018,-0.0774219185113906,0.0675451457500457,-0.0751571655273437,-0.0337868519127368,0.156122013926506,0.0364593304693698,-0.1018210649490356,0.0162118375301361,2.136700391769409,2.069021701812744,1.655038595199585,1.3164374828338623,1.5492855310440063,1.102826714515686,1.4188851118087769,0.7272520065307617,0.8521355390548706,0.6344976425170898,0.7940834164619446,0.5370690822601318,0.3643061220645904,-0.0119966669008135,-0.2525381445884704,0.4275919198989868,-0.2387640476226806,0.2241154313087463,-0.1691315919160843,0.0602135248482227,0.0611045770347118,-0.0160917304456233,0.036574151366949,-0.0704130604863166,0.0968922898173332,0.0070643061771988,0.857143759727478,0.8155328631401062,1.193917155265808,0.984199285507202,0.7507519125938416,0.7820965647697449,0.5027750134468079,0.3237709105014801,0.3346887230873108,0.3285830318927765,0.3629153370857239,0.3539330065250397,0.3004528880119324,0.0053262273668384,0.0028731909514826,0.0320203297155696,0.0199104321543567,19.8615172894968,1,Laryngitis,1237,i_n
-264.05584716796875,158.54556274414062,-21.49364280700684,67.32257843017578,53.052520751953125,58.90930938720703,-13.684541702270508,-4.91023588180542,11.661799430847168,2.355278730392456,7.412800312042236,-19.151084899902344,-10.803807258605955,17.586637496948242,7.385714530944824,12.81992244720459,7.663180828094482,4.119794845581055,5.132957935333252,3.80236291885376,3.40771746635437,3.4687938690185547,3.074790954589844,3.408961296081543,4.102783203125,2.8281824588775635,0.0657356306910514,0.0151977129280567,0.1153741255402565,-0.1121199652552604,-0.0417043156921863,-0.0770365968346595,-0.0075629279017448,-0.0131938504055142,-0.0322399735450744,0.0109417717903852,-0.0257195010781288,-0.0052116527222096,0.0017259932355955,2.2192277908325195,0.8742543458938599,1.15374493598938,1.0397123098373413,0.7151889204978943,0.7373291850090027,0.6425285339355469,0.514392077922821,0.509324848651886,0.5069908499717712,0.5392655730247498,0.48866868019104,0.4072480499744415,0.2234085500240326,-0.089017279446125,0.1147989854216575,-0.1026081964373588,-0.0713942945003509,-0.0647566094994545,0.0680071264505386,0.0006090821116231,0.0164822246879339,0.0225772559642791,-0.0005781561485491,0.0159424431622028,-0.0141842849552631,1.6750564575195312,0.6659736633300781,0.976046621799469,0.721137523651123,0.6025242805480957,0.4845435321331024,0.4926641583442688,0.4118082821369171,0.3963148593902588,0.4517971575260162,0.3820471465587616,0.4028784036636352,0.3237285315990448,0.0040112616735977,0.0018855904154908,0.0134793342897616,0.0061501389609521,25.09489265928873,1,Laryngitis,1246,i_n
-235.6591033935547,93.51700592041016,-1.2338886260986328,86.5455093383789,21.50400352478028,41.03927993774414,-25.623825073242188,16.099504470825195,7.349311351776123,4.6341471672058105,-17.78046989440918,0.4581831991672516,-4.221500873565674,27.49867248535156,7.303631782531738,9.633597373962402,7.881954193115234,4.837594985961914,8.262118339538574,5.754507064819336,5.820822238922119,3.3374786376953125,6.7574543952941895,6.224532127380371,4.975015163421631,3.778495311737061,-0.8114941716194153,0.0897446647286415,0.1368916630744934,0.0221585035324096,0.051526803523302,-0.1539828777313232,-0.1583137065172195,0.1035462096333503,-0.031270395964384,-0.2219081670045852,-0.1029897928237915,-0.0125241605564951,-0.1435938626527786,2.852467536926269,1.3093456029891968,1.0370898246765137,1.3283499479293823,1.0134730339050293,1.172338366508484,0.8514622449874878,0.7027145624160767,0.5645424723625183,0.6871658563613892,0.7897652387619019,0.7346187829971313,0.7447822093963623,0.6409871578216553,0.2709672749042511,0.182948812842369,-0.2928898334503174,-0.0715261176228523,-0.1651469618082046,0.1247373819351196,-0.1066716089844703,-0.0150226773694157,-0.0929081365466117,0.04418770596385,-0.0496166236698627,0.013599301688373,1.911612033843994,0.9469854831695556,0.8755080699920654,0.9500868916511536,0.541463315486908,0.7522991299629211,0.6275636553764343,0.5075107216835022,0.4458702802658081,0.6018100380897522,0.3972982466220855,0.5694085359573364,0.4715729355812073,0.0065850644861396,0.003915002292633,0.0358813778495207,0.0189600571172223,20.223451669088668,1,Laryngitis,1248,i_n
-311.3197631835937,121.28643798828124,-22.618453979492188,77.26920318603516,30.575645446777344,27.02921485900879,-16.812530517578125,-22.5804500579834,26.027868270874023,4.754448890686035,-19.62522315979004,-8.780949592590332,-8.171025276184082,30.221900939941406,4.268674373626709,5.426532745361328,5.655500411987305,4.690104961395264,3.1978068351745605,3.903409481048584,3.7409098148345934,3.0846755504608154,3.3234028816223145,3.1965572834014893,3.296008825302124,3.115397930145264,0.3664997220039367,0.0369899347424507,-0.0357836857438087,-0.0048757181502878,-0.0841983184218406,-0.0166859701275825,0.0106322830542922,-0.0063628796488046,0.0098473876714706,0.0303959008306264,0.0099457092583179,0.0220469366759061,0.0088022779673337,2.5516068935394287,0.8624513745307922,0.9563226699829102,1.0783071517944336,0.553047776222229,0.522108793258667,0.6154140830039978,0.6725935935974121,0.5381781458854675,0.4816068410873413,0.5151253938674927,0.4670452773571014,0.5624300241470337,0.2921516001224518,0.0831705406308174,0.1363162249326706,-0.1325112432241439,-0.0110794706270098,-0.0102281672880053,0.0612843222916126,0.0330486223101615,-0.0595299489796161,-0.0003522110928315,0.022140035405755,-0.0148326139897108,-0.0010370166273787,1.3863561153411863,0.5933490991592407,0.7130244970321655,0.6806358695030212,0.3643296957015991,0.316060334444046,0.4638639092445373,0.3762217760086059,0.4127813875675201,0.3679171800613403,0.3765800297260284,0.3590084016323089,0.4175117611885071,0.0050296586141466,0.0030485583697063,0.0370064884128198,0.0192470054964455,22.367957907295004,1,Laryngitis,1257,i_n
-276.0195617675781,112.03641510009766,14.192667961120604,101.07923889160156,11.040422439575195,61.95323181152344,-21.0601749420166,0.93947833776474,-14.33389663696289,-25.217437744140625,15.518630027770996,-7.171769142150879,-11.71053695678711,10.519164085388184,7.378428936004639,4.648795127868652,7.116493225097656,7.960930824279785,8.285003662109375,4.582780838012695,3.960248470306397,4.410013198852539,5.145644187927246,3.597057580947876,5.386120319366455,3.450500249862671,-0.1410147249698639,-0.0291942041367292,-0.0054556429386138,0.0641392394900322,0.0115308202803134,0.0011729386169463,-0.0225815642625093,0.0261101648211479,-0.0381065756082534,-0.002030756091699,0.0111603261902928,-0.0296471174806356,-0.0084248594939708,1.8562772274017327,0.7337217330932617,0.7117724418640137,1.1755266189575195,0.6070543527603149,0.9980194568634032,0.7848379611968994,0.6826684474945068,0.6836419701576233,0.6344295740127563,0.5523751378059387,0.5889690518379211,0.5533803701400757,0.2855545580387115,0.0134882684797048,0.07222281396389,-0.2061024010181427,0.0040886793285608,-0.0854290425777435,0.0728908330202102,0.0109488926827907,0.0705715492367744,-0.0006625254754908,-0.0333946496248245,0.0119960410520434,-0.0185446254909038,1.237275242805481,0.4170496761798858,0.510039210319519,0.9431091547012328,0.4831201732158661,0.5430982112884521,0.5073842406272888,0.4924017488956451,0.4876497685909271,0.4390999376773834,0.4369374513626098,0.483607679605484,0.4187464118003845,0.0034728171056218,0.0019046797806788,0.0150770692264226,0.006856241735277,22.185183617568534,1,Laryngitis,1259,i_n
-277.001708984375,101.41234588623048,-2.2356252670288086,84.96269226074219,19.69832801818848,43.78168487548828,-53.985111236572266,2.3759965896606445,27.07675552368164,-19.454944610595703,-12.651769638061523,-6.859558582305908,-9.600436210632324,8.648399353027344,8.49251937866211,5.7586517333984375,8.013410568237305,4.534541606903076,4.727161884307861,5.886743545532227,4.304478645324707,3.2137885093688965,3.1473817825317383,4.107876300811768,3.343564987182617,3.901632308959961,0.1671524196863174,0.2477036714553833,-0.1548232734203338,-0.3559772372245788,0.0030430878978222,0.0168105568736791,0.0884812101721763,-0.1582415997982025,-0.0075996816158294,0.0483352057635784,-0.0530267395079135,0.0747691616415977,-0.0748131722211837,1.2401310205459597,1.0516036748886108,1.14517343044281,0.536720871925354,0.7369561195373535,0.8367563486099243,0.9761025905609132,0.568358302116394,0.6524104475975037,0.5062596201896667,0.6346880793571472,0.6287630796432495,0.5498089790344238,0.3970094323158264,0.2423854768276214,0.190649151802063,-0.1217067241668701,0.0009667691774666,-0.0316797569394111,0.2175972759723663,0.0207476858049631,-0.0253188721835613,0.0041538411751389,-0.0082834204658865,0.0331259295344352,0.0608499534428119,1.4525631666183472,0.8326498866081238,0.6639914512634277,0.5305299758911133,0.5538231134414673,0.4781020879745483,0.7658780813217163,0.47087362408638,0.3830752968788147,0.4227772355079651,0.421667993068695,0.4049620628356933,0.4442275762557983,0.0043732682989376,0.0020433493728894,0.0137006589471824,0.0060986286213577,24.019316916014304,1,Laryngitis,1260,i_n
-258.8283386230469,138.96107482910156,-14.234064102172852,94.15453338623048,64.81605529785156,39.73878860473633,-17.02354621887207,12.022751808166504,-3.330175876617432,-3.793514013290405,5.512040615081787,-13.024384498596191,-10.775867462158203,17.172346115112305,8.336429595947266,11.353866577148438,8.318910598754883,9.746440887451172,5.859405994415283,5.672399044036865,5.451460838317871,5.598583221435547,6.036583423614502,4.454145908355713,4.463207244873047,4.442472457885742,-0.0165251605212688,0.0772722288966178,-0.0400999188423156,0.0452079176902771,0.0893013253808021,-0.0283071603626012,-0.0304395295679569,-0.0596265085041523,-0.0076257255859673,-0.0227928925305604,-0.0560102201998233,-0.0138409845530986,-0.0228950809687376,2.4669132232666016,1.2759793996810913,1.680339217185974,1.4768507480621338,1.504611611366272,0.966555655002594,0.9538940787315368,0.8214420676231384,0.8052289485931396,0.822455644607544,0.6212328672409058,0.7382258772850037,0.6832696199417114,0.3058961629867553,-0.0021273903548717,0.1008915975689888,-0.1714585870504379,-0.1043578535318374,-0.1026740223169326,0.0767872184514999,0.0199845563620328,0.0422629974782466,0.0045280726626515,0.0178093276917934,0.0647832751274108,0.0598980784416198,1.781347155570984,0.8832160234451294,0.8895942568778992,0.9526914954185486,0.6916375756263733,0.6711880564689636,0.5232126712799072,0.5802182555198669,0.5398233532905579,0.4602728486061096,0.4736985266208648,0.5312142372131348,0.4838098287582397,0.0473711496505936,0.0228321642883977,0.1154858238344395,0.0605375751888979,11.279879897062417,1,Laryngitis,1264,i_n
-264.52935791015625,100.72583770751952,-65.27763366699219,89.91885375976562,25.071413040161133,6.101099014282227,-31.12860870361328,-14.284751892089844,18.991004943847656,-23.349353790283203,-20.01823806762696,-12.86701774597168,-14.753721237182615,16.250457763671875,7.989632129669189,7.570498466491699,8.234321594238281,4.375087738037109,3.2516958713531494,3.9121906757354736,3.5138943195343018,3.045484066009521,3.7606046199798575,2.952432155609131,2.5321948528289795,2.593740463256836,-0.4327254891395569,0.0553777366876602,0.002468864666298,0.0898511782288551,-0.0343394093215465,0.090733878314495,-0.0007567344000563,-0.0917659327387809,0.000208315133932,0.0115503026172518,-0.0310247410088777,0.0067554526031017,0.0146955642849206,2.009706258773804,1.2972815036773682,1.304618239402771,1.2313865423202517,0.6005531549453735,0.4293617308139801,0.6702092885971069,0.5672541260719299,0.4561435878276825,0.5193588733673096,0.5584330558776855,0.408366322517395,0.4503107070922851,0.3402889668941498,0.2110341489315033,0.2067641168832779,-0.1343267560005188,0.0105568282306194,0.0466447919607162,0.1200117617845535,0.0448602773249149,-0.0019207526929676,0.0444921813905239,0.0188932009041309,0.0412765145301818,0.0227634645998477,1.5447252988815308,0.8112338781356812,0.7929701209068298,1.021632432937622,0.4244250357151031,0.3336448073387146,0.52443528175354,0.4285404086112976,0.3548927307128906,0.3660858571529388,0.3519709706306457,0.3038973808288574,0.3034085929393768,0.0014029208968169,0.0007926697256993,0.0076282303701226,0.0041196946970845,26.645154400476056,1,Laryngitis,1265,i_n
-292.3361511230469,138.69573974609375,-38.3026123046875,76.48883819580078,52.243408203125,39.819557189941406,-23.336971282958984,-18.82841110229492,12.936195373535156,-9.701552391052246,-7.495936393737793,-2.8744115829467773,-16.183300018310547,19.6330795288086,3.4533188343048096,7.00828742980957,8.230818748474121,9.750967025756836,5.10430908203125,4.006535053253174,5.353290557861328,3.880182027816773,3.4040639400482178,6.947418689727783,4.382297515869141,3.823845624923706,-0.1465922445058822,0.0485680326819419,-0.0358450450003147,-0.0098570389673113,0.0942882969975471,0.0428878627717494,-0.0112185794860124,-0.0773951187729835,0.0523159205913543,0.032710000872612,-0.1090650409460067,0.0496408455073833,0.0621159747242927,2.882127523422241,0.4062618911266327,1.3036597967147827,1.580325961112976,0.9533286094665528,0.877530574798584,0.6065065264701843,0.7158028483390808,0.5364969968795776,0.6119847893714905,0.5228211283683777,0.5722226500511169,0.521737813949585,0.5245271921157837,0.0275259055197238,0.2562403380870819,-0.2817310690879822,-0.1564056426286697,-0.1586590558290481,0.0594011768698692,0.0934694781899452,0.0042296885512769,-0.0102648669853806,-0.0266919303685426,0.0031241381075233,0.0086557921022176,1.9414238929748533,0.4221127927303314,1.011820673942566,1.1100261211395264,0.7350303530693054,0.6992037892341614,0.4287800788879394,0.5240048766136169,0.4254191219806671,0.4104135632514953,0.486903578042984,0.4351594150066376,0.4537483751773834,0.0030702499486565,0.0011704921591867,0.0123029976871652,0.0048989896676947,25.77594819280543,1,Laryngitis,1269,i_n
-245.4003753662109,131.44805908203125,10.125991821289062,96.5532684326172,38.19747543334961,27.84559440612793,-30.65458297729492,9.400858879089355,7.130905628204346,-16.62538719177246,-2.684285879135132,-14.546751022338867,-21.049510955810547,12.003628730773926,3.826707601547241,9.962960243225098,7.289211273193359,6.5406341552734375,4.649249076843262,4.4125518798828125,4.960899353027344,4.753030776977539,5.098876953125,3.385979652404785,4.091132640838623,5.560935497283936,0.466199666261673,0.0611425079405307,-0.2544409334659576,-0.1170476153492927,0.0240039452910423,-0.0987943410873413,-0.1759867668151855,-0.0893854424357414,0.0815778076648712,0.013363117352128,-0.0227781124413013,-0.019055226817727,-0.0583018250763416,2.196826457977295,0.5898120403289795,2.1921627521514893,1.2035621404647827,0.9718236327171326,0.925463616847992,0.7472052574157715,0.8193349838256836,0.8292568922042847,0.7753512859344482,0.5138548016548157,0.662390947341919,0.909325897693634,0.0548953078687191,-0.0465326085686683,-0.0753842964768409,0.0208064168691635,0.0843027606606483,-0.0480284169316291,0.1423350423574447,0.0587209276854991,-0.0620287582278251,-0.0274290852248668,0.022856518626213,0.047495923936367,0.0545425489544868,0.915405809879303,0.4525752663612366,0.9799638986587524,0.7515125870704651,0.5960631370544434,0.624394953250885,0.6743844747543335,0.670905351638794,0.5225456953048706,0.525726854801178,0.3661945760250091,0.359006255865097,0.4402641057968139,0.0137844529069826,0.0086734883753395,0.0245880277271203,0.0104591571614505,20.334834070989288,1,Laryngitis,1274,i_n
-286.24871826171875,197.7736053466797,-22.771846771240234,45.464054107666016,44.08619689941406,56.50628280639648,-17.213359832763672,-13.84792137145996,6.4800238609313965,-18.89237403869629,20.27789688110352,-10.523694038391112,-27.504243850708008,10.444223403930664,8.000401496887207,6.201657295227051,4.536966800689697,6.566921710968018,4.329116344451904,2.98462986946106,2.3095948696136475,3.256852149963379,3.374521493911743,3.014256715774536,3.1373403072357178,2.732908010482788,0.0596049167215824,-0.1614091545343399,0.1527255326509475,-0.0087650064378976,-0.1322740763425827,-0.0194382108747959,0.0075879096984863,0.0201422609388828,-0.0104960417374968,-0.0157270673662424,-0.0366567634046077,-0.0383691154420375,0.0294937770813703,1.6980836391448977,1.029857158660889,0.61928790807724,0.6267723441123962,0.7111513018608093,0.6914252638816833,0.5183418393135071,0.3706311881542206,0.3860875070095062,0.5476891398429871,0.5226072072982788,0.4213852882385254,0.3620149791240692,0.292972058057785,-0.190299317240715,0.1581464111804962,-0.1110366806387901,-0.0159943774342536,-0.0936750918626785,0.0830453559756279,0.0510692410171031,-0.0326767340302467,0.1021444723010063,-0.0475376173853874,0.0231402795761823,0.0506584756076335,1.3385885953903198,0.6727116107940674,0.6336603760719299,0.5413641929626465,0.3930063247680664,0.4989177584648132,0.4457744061946869,0.3068352341651916,0.2313594073057174,0.4870874583721161,0.3870615065097809,0.3409153521060943,0.3434438407421112,0.0031815977771596,0.0012780496628022,0.0098291515556583,0.0044778195138403,28.62464693358651,1,Laryngitis,1283,i_n
-269.5703430175781,116.55902862548828,-16.285083770751953,90.15373229980467,45.18820571899414,-3.250607252120972,-29.525955200195312,9.837690353393556,13.566802024841309,-25.38239097595215,-5.494702339172363,-8.70885181427002,-1.3721134662628174,26.718061447143555,7.658360481262207,8.582551002502441,8.586433410644531,7.182215690612793,6.289520740509033,4.115765571594238,3.3908064365386963,3.8547677993774414,3.434751272201538,3.938603401184082,2.758931398391724,2.8531086444854736,-0.9575579166412354,-0.2667709290981293,0.1175826489925384,-0.0827351957559585,0.1009561419486999,-0.1029979363083839,-0.0177466738969087,0.0334928110241889,0.0112448167055845,0.0051820552907884,-0.0270910281687974,0.0353659205138683,-0.0532526709139347,1.9306145906448364,1.342260479927063,0.8298310041427612,1.1582304239273071,0.6746008992195129,0.647494375705719,0.5863708853721619,0.6581865549087524,0.6082406044006348,0.6285709142684937,0.4638950526714325,0.5294065475463867,0.4465891420841217,0.4427055716514587,0.2915867567062378,0.224258154630661,-0.2542237341403961,-0.0217287577688694,0.0425174087285995,0.136646032333374,0.0641760304570198,-0.0017854999750852,0.0656892657279968,-0.0552480369806289,0.0182515643537044,0.0148527799174189,1.2391825914382937,0.9583739638328552,0.7325109839439392,0.760777473449707,0.4249531924724579,0.4781842827796936,0.5005416870117188,0.5082559585571289,0.3811359405517578,0.3317211866378784,0.3312495648860931,0.4084717929363251,0.328106015920639,0.003015022045619,0.0017617303971251,0.0202985400264436,0.0095354408493291,28.030479691138943,1,Laryngitis,1295,i_n
-262.9989929199219,112.50725555419922,-35.986778259277344,81.484375,17.7963809967041,38.74516296386719,-30.531583786010746,-32.722312927246094,22.139026641845703,-18.35848426818848,-16.721567153930664,-7.343092441558838,-19.20073509216309,10.329358100891112,5.985152721405029,7.065731525421143,4.371720314025879,4.024406433105469,3.690985202789306,4.720138072967529,5.54320764541626,3.801491737365722,3.3311479091644287,3.658904790878296,3.9622323513031006,3.2264413833618164,-0.1258552372455597,0.0342482551932334,-0.1222952157258987,0.0538689866662025,-0.0270014908164739,-0.0106470519676804,0.0613060854375362,-0.0586266554892063,0.0198036953806877,-0.0494524873793125,0.001896078698337,0.0316019244492054,-0.0511381179094314,1.5894440412521362,0.8658710718154907,1.0858659744262695,0.7951164245605469,0.7251332402229309,0.553662121295929,0.6132534742355347,0.5891332030296326,0.5527338981628418,0.5913308262825012,0.5264793634414673,0.3877268731594085,0.4979329109191894,0.2708311080932617,0.1202678009867668,0.1917429864406585,-0.1091531440615654,0.0315269231796264,-0.0440609455108642,0.0790663212537765,0.05864043161273,0.0144387790933251,0.027796022593975,0.0185013860464096,0.0108964126557111,0.0149561343714594,1.1023579835891724,0.6168259382247925,0.7750874757766724,0.5309547781944275,0.4367057085037231,0.4223404228687286,0.4782805740833282,0.3904831111431122,0.3966981172561645,0.3837778270244598,0.3009551763534546,0.2944982349872589,0.2948813438415527,0.0025002114087447,0.0014208104875215,0.0127631706674759,0.0064411770087859,24.629456478068487,1,Laryngitis,1300,i_n
-337.4896850585937,148.02064514160156,-36.9812126159668,58.62302017211914,60.421382904052734,45.529335021972656,1.9978535175323489,-16.29334259033203,18.04303932189941,14.324551582336426,-5.990225791931152,-16.01470375061035,1.819013237953186,19.37334442138672,11.06828784942627,6.296087265014648,5.435913562774658,5.667314529418945,5.207156181335449,4.063903331756592,4.476547718048096,3.378494501113892,4.178531646728516,4.263053894042969,3.31854510307312,3.121829032897949,0.1232540607452392,0.13593091070652,-0.094787411391735,0.073648877441883,0.060571651905775,0.1015878319740295,-0.024014500901103,-0.0837543457746505,-0.0153248338028788,-0.0092089530080556,-0.0071113579906523,-0.0199789870530366,-0.0303743574768304,1.7168536186218262,0.7372961640357971,1.066374659538269,0.936976969242096,0.9472614526748656,0.7233102321624756,0.7182798385620117,0.7159841060638428,0.6491084694862366,0.6066020131111145,0.5597744584083557,0.5748977065086365,0.6111516952514648,0.1238988414406776,0.0012229096610099,0.1441488415002823,-0.0713170990347862,-0.0314832814037799,-0.0363167151808738,-0.0415732003748416,0.0277296602725982,0.0078190341591835,-0.0260388106107711,0.0088591948151588,0.041642639786005,-0.0175500959157943,1.078264832496643,0.4567624032497406,0.7257837057113647,0.5994575619697571,0.532761812210083,0.5387901663780212,0.5051115155220032,0.391304612159729,0.3499157130718231,0.5014640092849731,0.4182044565677643,0.4242133498191833,0.370974063873291,0.0054374377264256,0.0031628074123484,0.0519034912187821,0.030486257551896,24.717274298638845,1,Laryngitis,1301,i_n
-302.982666015625,129.7107391357422,-20.011882781982425,43.59902191162109,47.85735702514648,67.34722900390625,-39.298927307128906,0.3778649270534515,-1.552261233329773,-6.467296600341797,14.07775592803955,-23.38913917541504,-15.630899429321287,8.400850296020508,4.078826427459717,6.983063697814941,4.92423152923584,3.967165231704712,4.862852573394775,5.3770270347595215,4.296511650085449,4.291533470153809,3.891660213470459,2.9001522064208984,3.406056880950928,3.4395220279693604,-0.2892832458019256,-0.1159038990736007,-0.0300282035022974,0.110199324786663,0.047101192176342,-0.0166744478046894,-0.1910835206508636,0.0997293516993522,-0.0206903629004955,-0.1209275126457214,-0.0384726114571094,-0.0436633042991161,0.0922641456127166,0.7910267114639282,0.5620399117469788,1.027677297592163,0.5001983642578125,0.6782268285751343,0.6181706786155701,0.7690460085868835,0.4388906955718994,0.7610229253768921,0.8250930905342102,0.4501568973064422,0.549038827419281,0.6397669911384583,0.0412374958395957,0.1091833114624023,0.2669136524200439,0.0543249063193798,-0.014755398966372,-0.0618159770965576,0.1668691188097,0.1072391346096992,0.0585998147726058,0.0732341632246971,0.0714049562811851,0.0693355649709701,-0.0310513041913509,0.5105432271957397,0.5078147649765015,0.9201324582099916,0.4255968928337097,0.5240339040756226,0.4876957833766937,0.8134812712669373,0.4643356800079345,0.5202725529670715,0.5726851224899292,0.4338860511779785,0.4860332012176513,0.4742554128170013,0.0049282698363948,0.0027944369919056,0.0234778458133776,0.0127268431439158,21.66715997731537,1,Laryngitis,1307,i_n
-300.2450256347656,137.56216430664062,-46.08466339111328,66.63706970214844,36.0723876953125,29.095046997070312,-33.18463897705078,-19.08946990966797,1.4139856100082395,-11.401226997375488,-5.801551818847656,-20.49275779724121,-15.760149002075195,8.858526229858398,6.931941032409668,6.924320697784424,4.573040008544922,5.2573652267456055,4.34642505645752,3.07690167427063,2.597468376159668,4.2671661376953125,4.739696979522705,3.4998795986175537,3.4938809871673584,3.500559091567993,-0.106959156692028,-0.076363131403923,0.1235862597823143,-0.082484945654869,-0.08244539052248,-0.0148912882432341,-0.0038604706060141,-0.033183641731739,-0.1009442433714866,-0.0846602171659469,0.0679756999015808,-0.0321671552956104,-0.0451378263533115,1.1686620712280271,1.2998384237289429,1.0936003923416138,0.6213520169258118,0.6848099231719971,0.7941738963127136,0.4962671995162964,0.4592866599559784,0.5808165073394775,0.4844934046268463,0.4024674892425537,0.4583376348018646,0.4858827590942383,0.1004018411040306,0.1852937787771225,0.1302086263895034,0.0127277774736285,0.0295954272150993,-0.0611583404242992,0.0411308519542217,0.0242133922874927,0.0358510948717594,0.0200636833906173,-0.0050580515526235,0.0150613151490688,0.0211801715195179,0.6878246665000916,0.8773461580276489,0.5994274616241455,0.3408481478691101,0.4540495872497558,0.4852344393730163,0.4020688533782959,0.2943837642669678,0.3456448018550873,0.3504843711853027,0.2994520366191864,0.3268631100654602,0.3181380331516266,0.0047146676890519,0.0028197064785398,0.0130885848057602,0.0066154970814174,24.78414443085828,1,Laryngitis,1311,i_n
-239.4455108642578,133.78219604492188,-6.8140645027160645,61.9720344543457,16.119844436645508,59.54555130004883,9.951022148132324,-21.28859138488769,-11.353673934936523,5.870241641998291,-3.331679105758667,-16.770099639892578,-12.863845825195312,18.109161376953125,7.81438684463501,6.661631107330322,4.972414493560791,4.681582450866699,5.144381523132324,4.308725833892822,5.969383716583252,3.727813720703125,5.623392105102539,4.773306369781494,4.298732280731201,3.19802188873291,-0.2594067454338074,0.1132881492376327,0.0634220540523529,-0.0947413146495819,0.0401283875107765,-0.0870536491274833,-0.028564790263772,-0.0572804994881153,-0.0127774681895971,-0.1118169650435447,0.0582004338502883,0.0499794967472553,-0.0008254628046415,1.7784852981567385,0.7214494347572327,1.2175265550613403,0.7773131728172302,0.7401076555252075,0.9304625391960144,0.6192818284034729,0.7004104852676392,0.6232283711433411,0.7288578152656555,0.5483673810958862,0.4841242134571075,0.5819952487945557,0.3770128786563873,0.0786207914352417,0.1278828978538513,-0.110528826713562,0.0004502390511333,-0.1213312670588493,0.015954902395606,0.0750716403126716,0.0721406415104866,-0.004391445312649,0.0140991359949111,0.0450097545981407,0.0263018067926168,1.6469697952270508,0.5733029842376709,0.6398547291755676,0.6443547606468201,0.5117366909980774,0.5926370620727539,0.4068850576877594,0.5659054517745972,0.4956801533699035,0.5386799573898315,0.4401126801967621,0.420224666595459,0.4240263402462005,0.0033897236679134,0.0013570102610363,0.0126791129855612,0.0059077893389798,27.1565430876442,1,Laryngitis,1315,i_n
-306.097900390625,147.5489501953125,-49.12327194213867,98.10346221923828,58.96490478515625,0.6372833847999573,-22.549171447753903,-8.128792762756348,10.647080421447754,-5.316198348999023,-10.931597709655762,-8.155208587646484,-21.06599998474121,11.758940696716309,5.841650485992432,7.114792823791504,4.192478656768799,4.986833095550537,4.218421936035156,3.5464041233062744,3.285973072052002,5.428926944732666,3.739239692687988,2.9621076583862305,2.9239742755889893,3.338258981704712,-0.3912435472011566,0.0430032163858413,0.0901353657245636,-0.0066116619855165,0.0214663334190845,0.0495877191424369,-0.0066650547087192,-0.0566448830068111,0.1683812141418457,-0.0740263387560844,-0.0653634220361709,0.029081230983138,0.0303178802132606,1.073399305343628,0.8377389907836914,0.9287692308425904,0.7886470556259155,0.5845668315887451,0.6729477047920227,0.6942036747932434,0.55284583568573,0.5987656116485596,0.6795285940170288,0.497554063796997,0.4935401380062103,0.5157678127288818,0.2070638984441757,0.2095132172107696,0.1103313788771629,-0.0666542947292327,-0.0353240258991718,-0.0204340014606714,0.0623415037989616,0.0564297139644622,-0.0093715647235512,0.0560227371752262,0.0374338775873184,0.0101106856018304,0.0598452612757682,0.8738177418708801,0.8677767515182495,0.5640333890914917,0.5633519291877747,0.35745769739151,0.4599731564521789,0.468787670135498,0.3910058438777923,0.3897854089736938,0.402279257774353,0.3419461846351623,0.2977541387081146,0.346323698759079,0.0066057584636048,0.0040912607780164,0.0394669442508796,0.0241154066568805,19.99941943941704,1,Laryngitis,1388,i_n
-237.74783325195312,161.05264282226562,52.394039154052734,32.95578384399414,-1.7013933658599854,10.194766998291016,8.893706321716309,14.426666259765623,5.103509902954102,-0.2669336497783661,3.382805585861206,3.0545547008514404,0.6232847571372986,8.041110038757324,3.712062358856201,4.489108562469482,3.1749484539031982,4.799075126647949,4.073991775512695,3.170954942703247,3.561216354370117,2.1907732486724854,3.399779319763184,2.989278078079224,2.503361463546753,2.772901058197021,-0.1132307425141334,0.0134747447445988,0.0137975104153156,0.0294846668839454,0.0095127504318952,-0.0546001903712749,-0.048931997269392,0.0330778732895851,0.0187382791191339,-0.0195409599691629,-0.0070490492507815,-0.0215980857610702,-0.0122916707769036,1.2000939846038818,0.5864692330360413,0.6589648127555847,0.4968788027763366,0.7049455642700195,0.5979078412055969,0.5466625690460205,0.5210216641426086,0.3896060287952423,0.4956824779510498,0.349149227142334,0.3703788518905639,0.4233019948005676,0.2141039669513702,-0.0399970859289169,-0.0630903616547584,0.0137274889275431,0.0470332950353622,-0.0145237240940332,0.0099645052105188,-0.0166412834078073,-0.0008611908415332,0.0220771133899688,0.0030316305346786,-0.007612008601427,-0.0119663812220096,0.9985133409500122,0.4794583320617676,0.5042444467544556,0.3193283379077911,0.440373957157135,0.3790929913520813,0.3504770398139953,0.3240290582180023,0.3078519999980926,0.3413249254226684,0.287412017583847,0.3065254390239715,0.2949669063091278,0.0061262628623274,0.0035927967880453,0.0305544810055535,0.0136263079141165,27.770568400251644,1,Laryngitis,139,i_n
-340.4846496582031,87.37374877929688,-45.188846588134766,98.19451904296876,4.885812759399414,15.717597007751465,-16.844276428222656,-5.817129611968994,11.795941352844238,-7.741542339324951,-11.911768913269045,-13.850887298583984,1.5500953197479248,19.79878616333008,6.06501054763794,7.859954357147217,7.975775241851807,5.9996209144592285,4.514772415161133,4.113808631896973,3.914137601852417,4.608745574951172,3.130115032196045,4.505045413970947,3.3765218257904053,2.756263017654419,-0.6101644039154053,-0.0365708135068416,-0.1171381548047065,-0.0253127831965684,0.0651990622282028,0.0377385281026363,0.0175126921385526,0.0543538704514503,0.029148943722248,0.0137445339933037,-0.0221005082130432,-0.0507202260196208,0.0242115557193756,1.7215665578842163,0.8426662683486938,1.2826159000396729,1.150463581085205,0.9205745458602904,0.7527292370796204,0.6281248331069946,0.6184037327766418,0.4873419404029846,0.5279053449630737,0.6277852058410645,0.5302762389183044,0.4835618734359741,0.1752291321754455,0.1250079572200775,0.1508800238370895,-0.0936322137713432,0.0603050701320171,-0.0029998158570379,0.0730708390474319,0.0343345887959003,-0.0052738520316779,0.0166423022747039,0.0222540516406297,0.0200806464999914,-0.0279383435845375,0.8722894191741943,0.6613219380378723,0.7212015986442566,0.8577809929847717,0.4948799610137939,0.4642972350120544,0.5611302852630615,0.3912749290466308,0.4057661294937134,0.4606482982635498,0.5113418102264404,0.4320655167102813,0.4073570370674133,0.0035232544456546,0.0019256197784543,0.0241290900748565,0.0119508707906935,21.00439183591997,1,Laryngitis,1404,i_n
-278.5551452636719,141.10647583007812,-21.054969787597656,75.64105987548828,17.409425735473633,23.177961349487305,-27.284542083740234,-11.957974433898926,0.4054773151874542,-5.66395378112793,-15.446784973144531,-19.785131454467773,-17.571760177612305,15.534314155578612,5.370316505432129,8.136554718017578,7.297000885009766,4.717075347900391,5.026890277862549,5.856244087219238,3.1902692317962646,3.656076908111572,3.937317132949829,3.210542678833008,4.099759578704834,4.360867977142334,0.235447809100151,-0.1100180223584175,0.170717567205429,-0.3084555268287658,-0.1696521937847137,-0.0922427847981453,0.1750280410051345,-0.0295859165489673,-0.0218075197190046,-0.0750340297818183,0.0064236740581691,0.0971789807081222,-0.0855791717767715,2.7338309288024902,0.9565623998641968,1.141562581062317,1.399353265762329,0.7335008978843689,0.850071370601654,0.7369062900543213,0.483254998922348,0.5839349627494812,0.4836252331733703,0.6258183717727661,0.4462390542030334,0.5480080246925354,0.3800868690013885,0.025574155151844,0.1454911082983017,-0.1137405782938003,0.007812918163836,-0.0201200097799301,0.11500034481287,0.0291247628629207,-0.0420656837522983,-0.0089001869782805,0.0186455268412828,0.0141104385256767,0.0389402396976947,2.015819787979126,0.739064633846283,0.7225100994110107,0.848153293132782,0.4124269783496856,0.5299146771430969,0.5896094441413879,0.3098014593124389,0.4378872513771057,0.3677930831909179,0.4113673865795135,0.3100496530532837,0.3578241169452667,0.0094171388944585,0.0055577161517788,0.0490226642454342,0.0293597898377347,21.70910701048564,1,Laryngitis,1405,i_n
-248.7567749023437,205.10308837890625,28.19508171081543,41.211181640625,5.648440837860107,-4.236475944519043,2.987511157989502,23.1438217163086,12.71337890625,-9.684927940368652,-3.501845359802246,9.356897354125977,2.148188352584839,12.656253814697266,7.951671600341797,5.31813383102417,6.218849182128906,3.2615952491760254,2.7420265674591064,6.487128257751465,4.343910217285156,9.240408897399902,4.8196868896484375,7.996498107910156,2.9828133583068848,3.5100297927856445,-0.2388249486684799,0.0133628649637103,0.0519760474562644,0.069853127002716,0.026198050007224,-0.0113381650298833,-0.0893603041768074,-0.0090759033337235,0.0994563698768615,-0.0062294448725879,-0.090201623737812,0.0122391758486628,0.0226283017545938,1.4628204107284546,1.2025668621063232,0.3714955151081085,0.4400191307067871,0.5774452686309814,0.441601037979126,0.5969067215919495,0.561371386051178,0.6724763512611389,0.7046178579330444,0.6018970608711243,0.4681229591369629,0.3429261445999145,0.2626464962959289,-0.1808996349573135,0.0354185961186885,-0.0337324254214763,0.0325528308749198,0.0503664053976535,0.0056843967176973,-0.0378264635801315,-0.0059732608497142,0.0395887903869152,0.0164401084184646,-0.0211629942059516,0.0005988004850223,1.112027645111084,0.7874608039855957,0.3001265525817871,0.3094364106655121,0.305889368057251,0.3401961624622345,0.3490061461925506,0.3558512926101684,0.4022078216075897,0.4233928918838501,0.3690576553344726,0.2873633801937103,0.2236641496419906,0.002185901497418,0.0011122458358498,0.0071195079545548,0.0032666702844879,38.36636831549264,1,Laryngitis,141,i_n
-238.62779235839844,102.1443862915039,-34.03546524047852,104.000244140625,30.69980430603028,36.819149017333984,-5.905118942260742,-8.250816345214844,0.8578478097915649,2.831956386566162,-2.631063222885132,-6.94788932800293,-10.355737686157228,14.419184684753418,5.082862377166748,8.271418571472168,9.632466316223145,4.224300384521484,6.190970420837402,4.512792110443115,4.222202777862549,4.575340270996094,3.3880677223205566,3.5225346088409424,3.841365814208984,3.20664381980896,-0.1263095736503601,0.0329851694405078,0.025196274742484,0.0416551530361175,-0.0081417588517069,0.0153814479708671,0.0133287049829959,-0.0092435590922832,0.001432220917195,-0.0269383639097213,0.0053314138203859,-0.0363135561347007,0.0107374805957078,2.718244791030884,0.9087494611740112,1.329384684562683,1.7608044147491455,0.6631608605384827,0.8653843402862549,0.689022958278656,0.5885483622550964,0.4693678319454193,0.5894988775253296,0.4894303679466247,0.5378180146217346,0.4807448983192444,0.5218329429626465,0.1400386691093444,0.2172636091709137,-0.3146867156028747,-0.0775497034192085,-0.1594511717557907,0.0523585453629493,0.0528475977480411,-0.0103294998407363,-0.0259853843599557,0.0080000711604952,0.0210955645889043,0.0156554598361253,1.9707263708114624,0.6705449223518372,0.8689647316932678,1.208167552947998,0.4568264186382293,0.6806803345680237,0.5571103096008301,0.4390810132026672,0.3923090696334839,0.4254062473773956,0.3712759613990783,0.4107208251953125,0.3581833243370056,0.003264479131769,0.0016080427909465,0.0129424400792848,0.0067327946251235,22.735183130142616,1,Laryngitis,1414,i_n
-174.5097198486328,164.64407348632812,-10.11595630645752,69.41378784179688,26.52782440185547,58.87489318847656,2.9894487857818604,-5.495380878448486,-12.937983512878418,-10.527107238769531,34.36505889892578,-17.0712890625,-30.60752296447754,17.823678970336914,6.22670841217041,7.224549770355225,6.732260227203369,3.5161657333374023,5.992211818695068,3.330594539642334,3.5645687580108643,3.704344987869263,3.367375135421753,4.471595764160156,2.657968521118164,2.618937730789185,-0.9166197180747986,0.2629255652427673,0.0733880996704101,0.1333003789186477,0.1022204756736755,0.1853688061237335,-0.0070361872203648,0.0775741934776306,-0.0900827422738075,-0.0677397325634956,0.2068821340799331,-0.1137900203466415,-0.0773679688572883,2.3063342571258545,1.0829013586044312,0.7538151144981384,1.1861437559127808,0.4929526150226593,0.8826858401298523,0.6004496812820435,0.4927374720573425,0.6482818126678467,0.5509185194969177,0.8276193737983704,0.5282849669456482,0.4611868560314178,0.3677014410495758,-0.0846543163061142,0.1302686482667923,-0.261738508939743,0.0513484515249729,-0.1201247796416282,-0.0144638046622276,0.0012715016491711,0.0682226717472076,0.0228078570216894,-0.1099329739809036,0.0667402744293212,0.0531255230307579,1.6296578645706177,0.5525625944137573,0.8260688185691833,1.0763698816299438,0.3870602548122406,0.6196333765983582,0.4487490952014923,0.4793662130832672,0.5376654863357544,0.3892679810523987,0.4913891851902008,0.3495590686798095,0.3445437252521515,0.0246982087439944,0.014858122089498,0.1159899237837528,0.0734163614703504,10.851711167410835,1,Laryngitis,1426,i_n
-302.2966003417969,106.2277374267578,13.139076232910156,96.82960510253906,47.217063903808594,23.23523330688477,-11.609127044677734,5.174849033355713,20.01167869567871,-21.47297477722168,-3.991535663604736,-7.171347618103027,-6.85199785232544,15.862801551818848,6.077174186706543,7.436906814575195,6.430426120758057,7.016108989715576,5.209261894226074,5.848042011260986,4.812013149261475,4.150484085083008,3.9536595344543457,4.567429065704346,4.956900596618652,4.041970252990723,-0.0748230144381523,-0.0033705765381455,0.017576253041625,0.033783946186304,0.0877153798937797,0.066544309258461,-0.0334681421518325,-0.0614959448575973,0.0189418848603963,0.0454440042376518,0.0174922216683626,-0.0317438095808029,0.0192996449768543,1.4460545778274536,0.9966905117034912,0.9179834723472596,1.1319544315338137,0.9379003047943116,0.7569321393966675,0.8827259540557861,0.6998103857040405,0.6806911826133728,0.6278053522109985,0.7282772660255432,0.7974607348442078,0.6611288189888,0.0483715906739234,0.1302319914102554,0.0386378467082977,-0.1666795462369918,-0.0697185844182968,-0.0230614021420478,0.0524685718119144,0.0124523490667343,-0.0309279933571815,0.0057574342936277,0.0164127126336097,0.0493582524359226,-0.0192400868982076,0.8963581323623657,0.7141993641853333,0.644599437713623,0.8503194451332092,0.7320218682289124,0.5534015893936157,0.6159234642982483,0.4977707266807556,0.5257312059402466,0.4162953794002533,0.479119062423706,0.5681031346321106,0.4754390120506286,0.0045332363308214,0.0021042050761744,0.0396069823692247,0.0144342840426573,20.273934767920537,1,Laryngitis,1436,i_n
-320.71392822265625,136.9118194580078,-40.5126953125,72.8000717163086,50.17122650146485,7.39669942855835,-26.61953926086425,1.2609400749206543,3.7155611515045166,-4.740121364593506,-6.466294765472412,-18.530536651611328,-8.977635383605957,13.546504020690918,10.351638793945312,9.654627799987791,5.222355365753174,5.822990417480469,4.225026607513428,5.755251407623291,3.815197467803955,3.92745304107666,3.678567409515381,2.7296295166015625,3.014610767364502,2.934251308441162,0.0054821516387164,0.078126460313797,-0.172628104686737,0.0394340492784976,0.0236668325960636,-0.0360062792897224,-0.090371198952198,-0.0417523197829723,-0.013817966915667,-0.0180754605680704,0.0031221318058669,0.0097452262416481,-0.0326214134693145,1.781078815460205,1.4866434335708618,1.5374573469161987,0.73151034116745,0.7393351197242737,0.7610951662063599,0.8082624673843384,0.6138258576393127,0.6572114825248718,0.4543216228485107,0.4796919822692871,0.4458879232406616,0.4026446938514709,0.1851282864809036,0.0828538537025451,0.0926611199975013,-0.1483508646488189,-0.0520133450627327,-0.0484376959502697,0.0766403302550315,0.0206309389322996,0.0319406129419803,0.0046471212990581,0.0102263186126947,0.0104161594063043,0.0108595183119177,1.344246506690979,0.841472864151001,0.6798283457756042,0.8384455442428589,0.4561627507209778,0.576564371585846,0.4162542819976806,0.3681336343288421,0.4951725304126739,0.3318219184875488,0.3475580811500549,0.3550395369529724,0.330999881029129,0.0056318495969709,0.0033217503426408,0.0441735132170002,0.0252637394018927,26.02687798211096,1,Laryngitis,1440,i_n
-285.8179016113281,140.36819458007812,-12.95821762084961,80.31703186035156,46.02825546264648,31.36937141418457,-41.19942474365234,12.898736953735352,7.231976509094238,-21.703184127807617,12.20562744140625,-19.14370918273925,-18.34523582458496,16.530672073364258,6.177980899810791,13.091300010681152,7.619861125946045,6.502100467681885,5.491957664489746,4.343227863311768,5.939126014709473,4.325619220733643,3.8828632831573486,2.6019866466522217,4.422548294067383,4.1837358474731445,-0.0551167093217372,0.0293931104242801,0.1471866518259048,-0.0355661734938621,-0.1047003716230392,0.0826846212148666,-0.0606628879904747,-0.1144103705883026,-0.0145075405016541,0.0388424284756183,-0.0058633284643292,0.0017146150348708,0.0281364787369966,2.126619577407837,1.0745835304260254,1.2744141817092896,1.2686927318572998,0.8841066360473633,0.8907790780067444,0.5965184569358826,0.69097900390625,0.466778427362442,0.5304230451583862,0.4243581891059875,0.3910042643547058,0.5171677470207214,-0.0053230738267302,0.0603970550000667,0.0475189425051212,-0.0651806443929672,0.0520293675363063,-0.0263359062373638,0.0260666348040103,0.0242473985999822,-0.0084871724247932,0.0091983051970601,-0.0077044465579092,0.024338811635971,0.0185809973627328,1.0070195198059082,0.6520046591758728,0.6488792896270752,0.7168096303939819,0.568328320980072,0.5014228820800781,0.3570270240306854,0.4069507420063019,0.269452154636383,0.3475015163421631,0.300950139760971,0.3065362274646759,0.3021734952926636,0.0078109050290328,0.0044957752540265,0.0331297314604629,0.0166955604621174,21.16144124181361,1,Laryngitis,1447,i_n
-302.4202575683594,151.38479614257812,-14.970480918884276,70.49979400634766,48.26647567749024,48.09855651855469,-6.409717082977295,-9.767621040344238,23.096174240112305,-1.9353188276290887,-4.029041767120361,9.81991195678711,-18.11501693725586,17.24179458618164,4.973987102508545,5.380673408508301,4.611897468566895,4.4989166259765625,4.105783939361572,2.973869562149048,3.2428348064422607,3.259961128234864,3.1497137546539307,2.925774335861206,3.199093580245972,3.008574724197388,0.3972305953502655,-0.0699208229780197,0.0570924580097198,-0.119882196187973,-0.0925590321421623,-0.0644609704613685,0.0135808363556861,-0.0112849492579698,-0.0568738467991352,-0.0187449920922517,-0.0018907099729403,-0.029937244951725,0.0402393452823162,1.948155403137207,0.6237651109695435,0.6975647807121277,0.7594369053840637,0.5717206001281738,0.6804282069206238,0.4437328279018402,0.5201482176780701,0.4827045500278473,0.5558394193649292,0.476613700389862,0.5298600196838379,0.554837703704834,0.2282804399728775,0.0102312350645661,0.097068965435028,-0.073887713253498,-0.0584948249161243,-0.0747331827878952,0.0432538427412509,0.033878568559885,0.0066666947677731,0.0381431765854358,0.0061579570174217,-0.0344543308019638,0.0116087216883897,1.302884578704834,0.5226024985313416,0.5444592833518982,0.4997856914997101,0.4360312521457672,0.4728703796863556,0.3761495649814605,0.3333735466003418,0.3747442364692688,0.4143669009208679,0.3940554857254028,0.3939322531223297,0.3347249329090118,0.0041602151582827,0.0023963161496117,0.0242691813768984,0.0124429161607196,25.69479199345941,1,Laryngitis,1456,i_n
-290.0232238769531,140.48806762695312,-5.404633522033691,80.93215942382812,34.79380416870117,41.43423843383789,13.356932640075684,7.302853107452393,-3.544703483581543,10.486385345458984,17.52772331237793,-8.103519439697266,-6.216915607452393,24.144615173339844,11.263267517089844,11.117304801940918,7.664990425109863,7.177516937255859,5.178942680358887,8.280298233032227,11.607195854187012,4.444839000701904,4.657011032104492,5.105201721191406,4.056145191192627,4.71927547454834,-0.0968637615442276,0.0277012456208467,0.1356647461652755,-0.1083916500210762,0.0348748750984668,-0.0307881589978933,0.0833946093916893,-0.1364760398864746,-0.0069743967615067,-0.020414600148797,-0.013746446929872,0.0070572183467447,-0.0428416654467582,2.525542736053467,1.06404709815979,0.9773153066635132,1.0900174379348757,0.7222046256065369,0.7812954783439636,0.8321623206138611,0.8164819478988647,0.6907312273979187,0.6011795997619629,0.6935452818870544,0.6826785802841187,0.718497097492218,0.2331625074148178,0.0524506643414497,0.0451063551008701,-0.0766297429800033,-0.0523146539926528,-0.0897030159831047,-0.007797123864293,0.0246438719332218,0.0190668571740388,-0.0254371799528598,-0.0269849728792905,-0.0017364044906571,0.0118774203583598,2.043132305145264,0.6526913046836853,0.605780303478241,0.8239827752113342,0.6741930842399597,0.685968279838562,0.5291794538497925,0.579547643661499,0.4973061680793762,0.5419083833694458,0.457680732011795,0.4788448214530945,0.5042792558670044,0.0426346342502781,0.0263104674561031,0.1262647513691266,0.0575884107039707,13.551327657302563,1,Laryngitis,1463,i_n
-209.9432830810547,82.66567993164062,-32.85948181152344,105.6159439086914,29.22871780395508,47.93272018432617,-3.611437320709229,-10.777557373046877,-14.302105903625488,24.73270034790039,-7.16677188873291,-27.665945053100582,-4.943061351776123,13.598873138427734,10.172436714172363,6.4501543045043945,9.035449028015137,5.341383934020996,6.965770721435547,5.773122787475586,5.286928176879883,5.771717548370361,5.580267906188965,3.984487771987915,3.779749393463135,4.37157154083252,-0.7009865641593933,0.0338680036365985,-0.2080646753311157,0.1912928521633148,0.1813914030790329,0.2456218898296356,-0.1533470898866653,-0.2253211438655853,0.0177364684641361,-0.0047649755142629,0.03025390394032,-0.0837045460939407,-0.12387016415596,1.9165349006652832,1.3447370529174805,1.035098671913147,1.6708050966262815,0.8500953912734985,1.5394848585128784,0.7054232358932495,0.5930520296096802,0.8002288341522217,0.8415372967720032,0.6349719762802124,0.6240128874778748,0.6349194049835205,0.2537552118301391,0.1190143078565597,0.2305768281221389,-0.380950778722763,0.0812919363379478,-0.2383970618247985,0.0643594935536384,-0.0923075228929519,-0.0888226702809333,-0.1688145101070404,0.1362722367048263,0.0243225693702697,0.0304046813398599,1.3320374488830566,0.9136838912963868,0.9205009341239928,1.2558374404907229,0.7308056354522705,0.840929388999939,0.6625216603279114,0.5428145527839661,0.6455046534538269,0.6904124021530151,0.4884128272533417,0.4911236464977264,0.507782518863678,0.0514326621340185,0.028517377264825,0.2104863115215351,0.0989446356954593,7.412982132558221,1,Laryngitis,1472,i_n
-333.1422119140625,149.15493774414062,-12.61430835723877,95.7224349975586,72.83370208740234,19.2928409576416,-11.071592330932615,2.0434064865112305,22.33279609680176,0.0341050550341606,-0.8712475895881653,-7.158481597900391,-9.857137680053713,17.983869552612305,8.833130836486816,8.538036346435547,7.940457344055176,6.074820518493652,5.943479537963867,5.246939659118652,4.144495487213135,3.930866718292236,3.8592822551727295,2.9326205253601074,3.3405075073242188,3.647498369216919,0.0168920084834098,0.0815605297684669,0.078605480492115,-0.0386735685169696,0.0510020144283771,0.0858572944998741,0.0202541593462228,-0.0150792533531785,0.0074632428586483,0.0107983779162168,-0.0312797799706459,-0.0185152329504489,0.0069637633860111,2.1644020080566406,0.7864271402359009,1.215024471282959,1.3348478078842163,0.8753076195716858,0.751173734664917,0.6584649085998535,0.6101741194725037,0.6107789278030396,0.5074045658111572,0.4460529386997223,0.5545920133590698,0.5244878530502319,0.1887898743152618,0.042837519198656,0.0634060725569725,-0.1387897729873657,-0.1299065202474594,-0.0318939052522182,0.0490735843777656,0.0033794294577091,-0.0356564708054065,0.0373216234147548,0.0194038599729537,0.0247432608157396,0.0202912576496601,1.2578727006912231,0.5216367840766907,0.6748676896095276,0.8252750039100647,0.721066951751709,0.5389072299003601,0.4404564201831817,0.3865335285663605,0.4084623157978058,0.4089292287826538,0.331110417842865,0.3554575145244598,0.3389760553836822,0.002095826035262,0.0008887514710997,0.0233789474686226,0.0110630661348242,27.06109467069336,1,Laryngitis,1554,i_n
-316.6609802246094,161.13099670410156,-49.0080680847168,67.67169952392578,66.4699935913086,42.48605728149414,-35.87212371826172,-25.028074264526367,50.78559494018555,-3.406871795654297,-33.63231658935547,7.843421936035156,0.0905533730983734,12.674843788146973,3.608899593353272,6.483521938323975,4.7183380126953125,3.6437387466430655,4.122352123260498,2.7332699298858643,4.145282745361328,3.674387693405152,3.8891327381134033,2.8367881774902344,2.1363346576690674,2.346620559692383,-0.1107756793498992,-0.0342120379209518,-0.0162499733269214,0.0055561889894306,0.0509607680141925,-0.0545615293085575,0.0481888987123966,-0.0232180133461952,0.0209353081881999,0.0176568049937486,0.0142253190279006,-0.0091088805347681,0.0173295065760612,0.8920712471008301,0.4994879066944122,0.7815157175064087,0.7159755229949951,0.4921472668647766,0.5706129670143127,0.3821102678775787,0.5449091792106628,0.4782642722129822,0.4369022846221924,0.5264469981193542,0.3746730983257293,0.4015694558620453,0.0615164116024971,0.0193443410098552,0.060952141880989,-0.0731230154633522,-0.0514117255806922,-0.0339231640100479,0.0292082820087671,0.0289698150008916,0.0026565415319055,0.0069704479537904,-0.008236807771027,-0.0116593884304165,-0.0046077799052,0.5721241235733032,0.4286698997020721,0.3927013278007507,0.571854293346405,0.3780863583087921,0.3977510333061218,0.2835058867931366,0.3293332457542419,0.3800549507141113,0.2687053084373474,0.3368129432201385,0.3024494051933288,0.2739533185958862,0.0024477397350477,0.0009335745991436,0.0138718070391511,0.0063573020042706,26.115070734402043,1,Laryngitis,1567,i_n
-277.11474609375,96.12107849121094,0.9198553562164308,66.65036010742188,26.7605037689209,65.33570098876953,-1.380314588546753,-0.8236773610115051,-14.825983047485352,14.013063430786133,15.31779670715332,-21.26015853881836,-24.676319122314453,16.173974990844727,6.543384075164795,4.137429237365723,6.6744303703308105,3.774544715881348,6.993949890136719,3.249943971633911,3.3980534076690674,4.421549320220947,3.936711072921753,3.121105432510376,3.4863104820251465,4.041142463684082,0.1039596050977706,0.0142815820872783,-0.0014351590070873,-0.0549913719296455,-0.0126958098262548,-0.0449197813868522,-0.027936166152358,-0.0291874203830957,-0.0078324973583221,-0.0318100675940513,-0.0186921712011098,-0.0183125138282775,0.0045944065786898,3.0581769943237305,1.1432631015777588,0.730817437171936,1.2061094045639038,0.668745219707489,1.349887490272522,0.6184875965118408,0.528866171836853,0.6583545804023743,0.7540509700775146,0.4892805516719818,0.5618051290512085,0.660520613193512,0.5630231499671936,0.2049866765737533,0.1209407597780227,-0.2420354783535003,-0.0906696245074272,-0.2508951127529144,0.0180050563067197,0.0446327477693557,0.0803273171186447,-0.0651545897126197,-0.0264498349279165,0.0296476427465677,0.0788483917713165,1.9011240005493164,0.8148279190063477,0.5460753440856934,0.8977615237236023,0.4258774220943451,0.9304629564285278,0.4441032409667969,0.4358565807342529,0.5556731224060059,0.481827050447464,0.3488298654556274,0.3458858132362366,0.4971664547920227,0.0021780666486992,0.0009531176609301,0.0094537769209858,0.0043996892390532,25.910707106396377,1,Laryngitis,1578,i_n
-285.7835388183594,141.82894897460938,-7.629696846008301,96.3394546508789,33.64348220825195,25.74032974243164,-7.815610408782959,-12.761811256408691,13.342491149902344,-3.190547704696656,6.77733325958252,-10.64275074005127,-25.257184982299805,12.566062927246094,6.2176008224487305,6.097850322723389,9.064029693603516,3.79313588142395,3.888788938522339,4.159751892089844,3.2800660133361816,3.08907413482666,2.7276499271392822,3.352032423019409,2.940124988555908,3.5848398208618164,-0.0793484672904014,0.0372570492327213,0.0402451492846012,-0.0465858355164527,-0.0014545569429174,-0.0025893726851791,0.0111497212201356,-0.0172057505697011,-0.0723617523908615,-0.0230153165757656,0.0482180602848529,0.0042460365220904,-0.0273843705654144,2.032392740249634,0.8487359881401062,0.961410403251648,1.2508260011672974,0.5148518681526184,0.6767088174819946,0.8534537553787231,0.5362719893455505,0.4880225956439972,0.4479133784770965,0.5804194808006287,0.492441862821579,0.4248707294464111,0.2415422350168228,-0.0059129726141691,0.0553841777145862,-0.1690806597471237,-0.0453574508428573,-0.0106200091540813,0.0659271478652954,0.047998908907175,0.0181265193969011,0.0058756531216204,-0.049615204334259,0.0169707555323839,0.0170911028981208,1.35774028301239,0.5065003037452698,0.7329572439193726,0.9216919541358948,0.4758816659450531,0.4595219194889068,0.4129062592983246,0.3666912019252777,0.3677209317684173,0.3012589812278747,0.4055404961109161,0.3841133117675781,0.3185431659221649,0.0072146797900135,0.0033429795641469,0.0279261369540246,0.0093573904305173,19.75166386609249,1,Laryngitis,1599,i_n
-243.6493377685547,117.30337524414062,-27.47167587280273,86.59457397460938,20.11664772033692,31.08189582824707,-30.443538665771484,-4.020209312438965,12.340991973876951,-13.920170783996582,-15.803119659423828,-20.19199752807617,2.414293050765991,18.21421241760254,5.760462284088135,6.110292911529541,5.695226192474365,3.5719518661499023,4.838867664337158,8.90350341796875,6.102965831756592,4.541748523712158,4.997400760650635,4.247498035430908,5.323462009429932,3.655859231948853,0.4262265563011169,0.0155550604686141,-0.1716299802064895,-0.0486540012061595,0.0086739985272288,-0.0331319645047187,-0.2834372818470001,0.0712950900197029,-0.0147899407893419,-0.0343377627432346,-0.0018006092868745,-0.140917032957077,0.0525817088782787,1.4555495977401731,0.8454950451850891,1.0945801734924316,0.7285299897193909,0.5326904058456421,0.9454383254051208,0.9735592007637024,0.6605568528175354,0.6445844769477844,0.6810857653617859,0.6012015342712402,0.5625063180923462,0.5352575778961182,0.138449877500534,0.0925888568162918,0.1705572605133056,-0.1052631214261055,0.0286513566970825,-0.0608336366713047,0.1144972741603851,0.0448998473584651,-0.0152705404907464,0.0600378960371017,0.0413080677390098,0.0488370731472969,-0.0331585854291915,0.9007874131202698,0.6610617637634277,0.7128136157989502,0.5379584431648254,0.3605223298072815,0.4295958280563354,0.6108852624893188,0.3300360143184662,0.3844702541828155,0.4346798956394195,0.4252547323703766,0.4245315790176391,0.3575142025947571,0.0061250546375377,0.0035741615228963,0.0502350093767966,0.0303699683108011,22.5618579005338,1,Laryngitis,1610,i_n
-290.2686462402344,125.2677993774414,-22.96303939819336,97.63291931152344,34.37057876586914,55.5153694152832,1.61431884765625,0.7931057810783386,4.8490753173828125,-2.845386028289795,15.854907989501951,-5.203510761260986,-10.723210334777832,16.163448333740234,6.294783592224121,5.585366249084473,9.925214767456056,5.29755163192749,7.009302139282227,6.062658786773682,3.86384654045105,4.034780502319336,3.7593095302581774,3.9932610988616943,3.4158754348754883,3.702730655670166,-0.0010099277133122,0.0011962534626945,0.0369122326374053,-0.0471310541033744,-0.0356056354939937,0.0245731640607118,0.0269622169435024,-0.0544311851263046,0.0087971873581409,0.0485911965370178,0.0300698988139629,-0.0206842012703418,-0.0343727767467498,2.740053415298462,0.859632134437561,0.9880183339118958,1.726420760154724,0.7014713287353516,1.1722791194915771,0.8983800411224365,0.6441435813903809,0.6430662870407104,0.6480700373649597,0.8075632452964783,0.5265395641326904,0.5412678718566895,0.4267772734165191,-0.0023386175744235,0.1860552728176117,-0.3214742243289947,-0.0690937042236328,-0.2392897307872772,0.0890244394540786,0.0524243712425231,0.0337487161159515,0.0164992194622755,-0.0525939911603927,0.0130143770948052,0.0051938192918896,1.6561352014541626,0.5994669198989868,0.7775055766105652,1.2072958946228027,0.5349587202072144,0.9681108593940736,0.6376160383224487,0.534323513507843,0.5277552008628845,0.4408958256244659,0.5151532292366028,0.4496175944805145,0.3963784873485565,0.0181405690732554,0.0107521353873976,0.0952391873429819,0.0526149983774184,17.791802844804334,1,Laryngitis,1613,i_n
-259.4750061035156,134.23179626464844,-19.397262573242188,69.99052429199219,28.64663314819336,60.3094367980957,-13.490233421325684,-15.409380912780762,-8.563096046447754,0.5125632882118225,13.691367149353027,-16.285736083984375,-21.25425338745117,12.043678283691406,4.03485918045044,5.043365955352783,4.866383075714111,3.69250750541687,5.957851886749268,3.7835922241210938,3.5937318801879883,6.565933704376221,3.377837896347046,6.170422077178955,2.975768566131592,4.643634796142578,0.0423305742442607,-0.0555104799568653,0.0098364232107996,-0.0586595050990581,-0.1016579121351242,0.0264471378177404,0.050221249461174,-0.0743774250149726,-0.120326280593872,-0.0238508135080337,0.0899515151977539,-0.0047761742025613,-0.0656788423657417,1.9126790761947632,0.7765412926673889,0.9862892627716064,0.7999981045722961,0.5028185248374939,1.167261004447937,0.6100087761878967,0.7204113006591797,0.4614485502243042,0.4349830746650696,0.7165491580963135,0.4825738370418548,0.5593396425247192,0.3580021560192108,0.0425004251301288,0.1863410323858261,-0.1701971143484115,-0.0402991212904453,-0.1545403003692627,0.1195294633507728,0.0544805079698562,0.0571669228374958,0.0239234995096921,-0.0420607738196849,0.0561059601604938,0.0781516656279563,1.636021614074707,0.5288535356521606,0.7013310194015503,0.6757449507713318,0.3840260505676269,0.6944497227668762,0.533164918422699,0.3344938158988952,0.3612716495990753,0.3166491985321045,0.4841032326221466,0.4487795233726501,0.3635972142219543,0.0040082859988787,0.0012032058444159,0.0139223411342939,0.0053383182518136,25.86431788943652,1,Laryngitis,1614,i_n
-332.06854248046875,77.71078491210938,-23.61837577819824,118.35955810546876,22.60954475402832,61.79541397094727,-40.19707489013672,9.42542552947998,19.316143035888672,-21.907548904418945,-9.23913288116455,5.067073822021484,-13.536877632141112,13.250096321105955,5.053244590759277,6.29818058013916,7.315672397613525,6.659643173217773,5.764866828918457,6.011645317077637,5.08024787902832,4.140012741088867,5.915736198425293,3.730426788330078,3.674034595489502,4.095181941986084,0.4389568567276001,0.0209580548107624,-0.0101131172850728,-0.2401870489120483,0.0474109128117561,-0.1811207085847854,0.0356965623795986,0.1061535775661468,0.0308641605079174,-0.1181225255131721,0.0711133331060409,0.0629056468605995,-0.0037348787300288,2.505096912384033,0.7896221280097961,0.977284848690033,1.1185870170593262,0.7345749139785767,0.9894002676010132,0.9763913154602052,0.5942896604537964,0.6400865316390991,0.6319210529327393,0.6477692127227783,0.6506058573722839,0.5949628949165344,0.3317637145519256,0.1399547159671783,0.1158473044633865,-0.1912739723920822,-0.0209103412926197,-0.1278426796197891,0.0774861723184585,-0.02156244777143,0.0050027295947074,0.0476785041391849,0.0442756973206996,-0.0029971064068377,0.0227811112999916,1.618663668632507,0.6204297542572021,0.6691958904266357,1.1022711992263794,0.5620957612991333,0.7138311862945557,0.5768853425979614,0.5233948826789856,0.4494620859622955,0.5811185836791992,0.3792093098163605,0.4730237424373626,0.3433294892311096,0.0035100421380826,0.0019466022436697,0.0197453986719192,0.0106955657958822,14.097357312140527,1,Laryngitis,1617,i_n
-325.7951965332031,144.9362030029297,-6.037209987640381,104.30225372314452,35.6252326965332,30.25325584411621,-1.050118923187256,-12.410614967346191,17.89789581298828,-3.560051679611206,4.902804374694824,-23.83906936645508,-16.05929946899414,13.189465522766112,5.372852802276611,6.326040744781494,7.585282325744629,4.697272300720215,6.299925327301025,4.808676242828369,6.335721969604492,6.226902484893799,5.511447906494141,5.145638465881348,4.115424156188965,5.350311279296875,-0.1892079859972,0.0140826357528567,0.1612890064716339,-0.0371916182339191,0.0468546971678733,0.0325631573796272,0.0562199354171752,0.0355989895761013,-0.0232258178293705,0.057353027164936,0.0806963592767715,0.0247504413127899,-0.0281087886542081,1.75748872756958,0.8039732575416565,1.079844951629639,1.1471627950668335,0.6458945274353027,0.8580155968666077,0.7772970795631409,0.9933149218559264,0.8114891052246094,0.8114098906517029,0.7107471823692322,0.6140312552452087,0.6821457147598267,0.1427745968103408,-0.0210755821317434,0.0923546701669693,-0.1151441186666488,-0.0006329406169243,-0.0449384935200214,0.016565853729844,0.0971219912171363,-0.0042012068443,0.0009964547352865,-0.0112019488587975,0.0742376595735549,0.0192066058516502,0.8746414184570312,0.4796854257583618,0.6238262057304382,0.7851803302764893,0.5194740891456604,0.5329285264015198,0.4434221088886261,0.6559810638427734,0.4846876561641693,0.4581456780433655,0.3931163251399994,0.4867404401302337,0.3433081209659576,0.0043956351100242,0.0023360977514789,0.028872933760359,0.014550048947095,26.654928433565704,1,Laryngitis,1629,i_n
-287.02069091796875,140.09915161132812,-8.145538330078125,97.880615234375,35.14946746826172,34.685787200927734,-15.922439575195312,-14.623208045959473,13.223422050476074,-2.3449807167053223,-0.6265085339546204,-18.82011032104492,-7.361832618713379,16.95366096496582,4.932397842407227,12.17900562286377,7.860981464385986,3.2891781330108643,5.897197246551514,4.041117191314697,5.518519878387451,5.562412261962891,3.83735990524292,3.935640811920166,4.09145975112915,3.2486777305603027,0.165302574634552,-0.0037634493783116,0.0261770468205213,0.0836373195052146,0.0386729799211025,0.0712910816073417,-0.0899487361311912,-0.0380707159638404,0.0427354909479618,-0.0060098469257354,-0.0572218112647533,0.0021775583736598,-0.0058449315838515,1.7437039613723757,0.7000276446342468,1.2581989765167236,1.1695796251296997,0.5163722634315491,0.8465134501457214,0.6957651972770691,0.7995396852493286,0.7326982021331787,0.5922415256500244,0.5900891423225403,0.5264665484428406,0.5214147567749023,0.2107540071010589,-0.0201363656669855,0.1142539978027343,-0.1530094444751739,-0.015923136845231,-0.0721829310059547,0.0585560612380504,0.1020410060882568,-0.0380375608801841,-0.0037630004808306,0.0039283488877117,0.022806929424405,-0.0118168722838163,1.1243606805801392,0.4400315880775451,0.6073951721191406,0.7946422696113586,0.329949289560318,0.4941345155239105,0.4171039760112762,0.5685617923736572,0.4155563116073608,0.3394532203674316,0.3572818636894226,0.3067213296890259,0.3544896245002746,0.0061668626837853,0.0036307312939161,0.0252320468442506,0.0123132322595869,24.28689318784504,1,Laryngitis,1665,i_n
-282.00048828125,126.97533416748048,-36.61690521240234,96.62694549560548,42.97014999389648,33.930419921875,5.924141883850098,16.355850219726562,8.794740676879883,-17.34897804260254,10.532575607299805,10.862312316894531,-18.288227081298828,10.121380805969238,8.181093215942383,8.68166732788086,6.227712154388428,6.921581745147705,4.518797874450684,4.959590435028076,5.922735214233398,3.88386607170105,5.572089195251465,4.642176151275635,4.675236225128174,7.907821655273437,-0.1871770471334457,0.161899447441101,-0.0844376385211944,0.0709798783063888,0.1016518250107765,-0.0136665431782603,0.1294809877872467,-0.2630581557750702,0.0400036536157131,-0.0654932856559753,0.112186387181282,-0.0038379915058612,-0.1627814620733261,1.7227438688278198,0.748729407787323,1.4835398197174072,1.060016632080078,0.9147666692733764,0.7724215388298035,0.580883264541626,0.6254387497901917,0.6380876302719116,0.7294191122055054,0.7050235271453857,0.6255341172218323,0.5716723799705505,0.070550687611103,0.0371958501636981,0.2502362728118896,-0.1292722970247268,-0.02578598074615,-0.0486585721373558,0.001241375808604,0.0379445925354957,0.0381562076508998,0.0500611886382103,0.0064142975024878,-0.0124465022236108,0.0063709053210914,1.1056936979293823,0.4392576217651367,0.9381712675094604,0.7440348267555237,0.5687502026557922,0.4244599342346191,0.3741242587566376,0.4381364583969116,0.3728934526443481,0.4853675961494446,0.4172826111316681,0.3838769495487213,0.3902751207351684,0.0032816976328195,0.001063389425399,0.0156023935024258,0.0056038772716905,23.55297537987099,1,Laryngitis,1780,i_n
-220.00115966796875,88.37577056884766,4.929582595825195,94.6663589477539,28.533641815185547,59.844425201416016,-22.09088516235352,-13.635544776916504,21.482152938842773,14.96848201751709,-20.33440589904785,-10.618977546691896,2.670294523239136,15.448728561401367,11.038726806640623,5.239953994750977,9.80764389038086,5.468150615692139,6.764758110046387,5.720733642578125,3.9761054515838623,8.188009262084961,6.479925155639648,4.355414867401123,4.351563930511475,5.639761447906494,-0.3192794322967529,-0.137121245265007,0.0225741285830736,0.1719083487987518,0.0211770944297313,0.0195171292871236,-0.0275875553488731,0.0048198951408267,-0.0267432909458875,0.1000433936715126,-0.0035631866194307,-0.0113272704184055,0.0094894524663686,2.171546459197998,0.8497072458267212,0.8671291470527649,1.5482327938079834,0.953751802444458,1.0104663372039795,0.7752649188041687,0.6098706126213074,0.8842705488204956,0.8212355971336365,0.7123540043830872,0.6425705552101135,0.6617485880851746,0.2768096029758453,0.0669549480080604,0.0246982648968696,-0.1342420279979705,-0.0654841437935829,-0.0892110392451286,0.056110955774784,0.0230203028768301,-0.0305630750954151,-0.0231402665376663,0.0390009246766567,0.02459417283535,-0.0007358956499956,1.9701488018035889,0.6930461525917053,0.5610822439193726,0.9668231010437012,0.6715154647827148,0.8664314150810242,0.5240674614906311,0.5410561561584473,0.6158334016799927,0.5487357974052429,0.4818397462368011,0.4943124055862427,0.5334557890892029,0.0475697569721618,0.0216456589882767,0.123031002869814,0.0528419659480774,12.090717295238726,1,Laryngitis,1783,i_n
-302.6483154296875,170.91876220703125,-13.944948196411133,56.43021774291992,81.46517181396484,39.168724060058594,-20.743432998657227,-11.183846473693848,11.20262622833252,0.2900174558162689,0.5471857190132141,-0.6621891260147095,-7.131962299346924,34.11771011352539,5.358597755432129,10.503772735595703,5.810643196105957,6.379129409790039,3.9303324222564697,4.654166221618652,4.04851770401001,3.569136619567871,3.158347845077514,3.259765386581421,3.4294376373291016,4.403789043426514,0.4390642940998077,-0.0065702241845428,0.0926603153347969,0.0188230499625206,-0.0861071348190307,-0.0158323161303997,0.0284958686679601,0.0218965299427509,-0.033339649438858,-0.0235019344836473,0.014003338292241,-0.0400106906890869,-0.0225790292024612,2.466482400894165,0.8818343281745911,1.2159321308135986,0.8830347657203674,0.8918944597244263,0.7148722410202026,0.72809898853302,0.6353760957717896,0.4395845532417297,0.526523768901825,0.5379475951194763,0.5279964804649353,0.5035491585731506,0.2237803637981414,-0.06826052069664,0.1111876741051673,-0.084906630218029,-0.1175150126218795,-0.0574548691511154,0.0405218489468097,0.0367088317871093,-0.0096404971554875,0.0236659403890371,-0.0042024971917271,-0.0129688410088419,0.0069253426045179,1.2588270902633667,0.4912811517715454,0.6774260997772217,0.5580950379371643,0.6626399159431458,0.5607745051383972,0.3851625919342041,0.3890449404716491,0.3435292541980743,0.3560077548027038,0.3481971323490143,0.3892722725868225,0.3159188330173492,0.0066465782082789,0.0040737492764276,0.0459649361971262,0.0242931871607465,23.60142567487113,1,Laryngitis,1795,i_n
-295.95751953125,119.47256469726562,-53.22872924804688,73.72301483154297,33.72893142700195,14.085299491882324,-14.31138038635254,-0.000547582458239,0.545235812664032,-25.828105926513672,17.381595611572266,-7.790769577026367,-37.43812561035156,23.01627540588379,9.454195976257324,9.746787071228027,7.283265113830566,5.611453056335449,4.864250659942627,6.547415256500244,5.944860935211182,5.235244274139404,4.191332340240479,4.969173431396484,3.659154891967773,4.910329818725586,-0.2667711973190307,0.0914931148290634,0.0924485921859741,-0.0333631671965122,-0.053160548210144,0.0993699729442596,0.0280883237719535,-0.1161851733922958,-0.0553402379155159,-0.0007411133265122,-0.0415218472480773,0.0167551469057798,-0.0019388487562537,3.767205476760864,1.5767356157302856,1.7032099962234497,1.1125190258026123,0.878809928894043,0.8196253776550293,0.7773503661155701,0.7470179200172424,0.778359055519104,0.6406801342964172,0.7283806800842285,0.5071590542793274,0.770283579826355,0.6087208986282349,0.0113300085067749,0.2321287542581558,-0.1591782718896865,-0.028366407379508,-0.0671596974134445,0.0703830793499946,0.0736530721187591,-0.0557687766849994,0.0629053488373756,-0.0933934599161148,-0.0050096274353563,0.1354898661375045,2.617752313613892,0.8730741143226624,1.0042366981506348,0.8010660409927368,0.4609768986701965,0.577980101108551,0.6231779456138611,0.5460938811302185,0.5856560468673706,0.4450544714927673,0.5813248753547668,0.3992059826850891,0.5757714509963989,0.0069291405108352,0.0039431997091839,0.0429890828157002,0.0239360937633337,20.1011286417694,1,Laryngitis,1796,i_n
-305.4300231933594,113.20404052734376,-35.84450149536133,86.64364624023438,19.064340591430664,22.491161346435547,-15.119182586669922,-11.41633129119873,15.669961929321287,-14.773324966430664,-5.28557825088501,-11.110395431518556,-13.848607063293455,14.198615074157717,3.844693183898926,8.022369384765625,6.958619594573975,5.4109978675842285,5.707627296447754,4.657174110412598,4.456771373748779,4.33159065246582,4.689976692199707,2.9707107543945312,3.115393877029419,4.482604026794434,-0.2512688636779785,-0.0694401413202285,-0.1068382561206817,0.0191829521209001,-0.095902107656002,-0.014689315110445,-0.1171624287962913,-0.1051654294133186,0.0262983161956071,-0.1046229675412178,0.0030552954412996,-0.0149840414524078,-0.0754606947302818,2.545440912246704,0.6019334197044373,1.2979069948196411,1.1412885189056396,0.6168807148933411,0.8710137009620667,0.643573522567749,0.9171499013900756,0.5055201649665833,0.4586044251918793,0.5228030681610107,0.5939772725105286,0.4025583863258362,0.4503734707832336,0.07037253677845,0.1966550499200821,-0.221876636147499,-0.0192751511931419,-0.1004575788974762,0.0389993116259574,0.0634728744626045,-0.069951131939888,-0.0251683965325355,-0.0322027243673801,0.0463621541857719,-0.021974466741085,1.7397489547729492,0.413665622472763,0.8882871270179749,0.949108064174652,0.406103104352951,0.550007700920105,0.3700336515903473,0.5007812976837158,0.4320612847805023,0.3160594999790191,0.3172288239002228,0.3765199482440948,0.3232012391090393,0.0027318605955665,0.0015508226230341,0.0180324058988819,0.0077079322607024,26.02317185628281,1,Laryngitis,1806,i_n
-323.74053955078125,174.39553833007812,-24.132944107055664,59.04754638671875,59.3659782409668,47.25026321411133,-3.464564085006714,-8.342694282531738,6.560741901397705,9.072958946228027,2.4768271446228027,-8.255776405334473,12.608404159545898,21.68979835510254,6.729345798492432,8.552053451538086,5.950764179229736,5.504631042480469,5.291460037231445,5.370910167694092,3.5956027507781982,3.146456241607666,4.219892978668213,2.9063282012939453,3.3345017433166504,2.865999698638916,-0.7420816421508789,-0.0096409646794199,0.0934487655758857,0.089202806353569,-0.0318219810724258,0.1176803633570671,0.1422680467367172,-0.0293278153985738,-0.0132789183408021,0.0530742034316062,0.0945922508835792,-0.0513879656791687,-0.0635682344436645,3.824690103530884,1.243865728378296,1.291363000869751,1.131051540374756,1.0579257011413574,0.8031454682350159,0.5008246898651123,0.568108081817627,0.4162614941596985,0.5231093168258667,0.4921618998050689,0.5621172189712524,0.474211573600769,0.691976010799408,-0.2480084300041198,0.199277639389038,-0.2089880853891372,-0.1578709930181503,-0.1204150095582008,0.0910409316420555,0.0821607038378715,0.0210154317319393,-0.0093559557572007,0.0019237158121541,0.0087150018662214,-0.0523778870701789,2.220320224761963,0.9052393436431884,0.8452693819999695,0.7274680137634277,0.6375595331192017,0.497544527053833,0.4138936400413513,0.3826999962329864,0.2617025375366211,0.3974555432796478,0.2798878848552704,0.2787580192089081,0.4006045758724212,0.0030563973254987,0.0012120107626395,0.0106283499659994,0.0043645520688124,26.773380714414035,1,Laryngitis,1809,i_n
-276.71295166015625,138.82217407226562,-36.92106246948242,79.96971893310547,48.53779983520508,46.57228088378906,-19.462793350219727,-8.228376388549805,3.2247047424316406,-15.517231941223145,2.185619354248047,-20.28550338745117,-14.261722564697266,11.301692008972168,4.5561957359313965,5.52311372756958,4.6550798416137695,3.762967586517334,5.414872169494629,4.020587921142578,2.965608596801758,3.845851182937622,3.510939598083496,2.8278164863586426,3.844014883041382,2.6037075519561768,0.5488445162773132,-0.0981561541557312,-0.0158390346914529,-0.0874173566699028,-0.0417305789887905,-0.1322440952062606,-0.0482249855995178,0.0122028496116399,-0.0957700684666633,0.0085342153906822,0.0496039725840091,0.0643262565135955,-0.0057744146324694,1.5764814615249634,0.9185882210731506,0.8664510846138,0.8501473069190979,0.6125811338424683,0.6792347431182861,0.5983577966690063,0.5468721985816956,0.523675799369812,0.5668565034866333,0.4852299690246582,0.629241943359375,0.376232385635376,0.2754294872283935,0.1799712181091308,0.2374202460050583,-0.147967904806137,-0.0152180660516023,-0.1116604655981063,0.0771536231040954,0.0931367203593254,-0.0143687576055526,0.0480895936489105,-0.0365519672632217,0.0040549570694565,0.008958644233644,1.2554649114608765,0.7195075750350952,0.7340336441993713,0.7316192388534546,0.3867720663547516,0.5057427287101746,0.4505265057086944,0.3769985139369964,0.3318490386009216,0.4062975943088531,0.2781151533126831,0.411607563495636,0.2670034170150757,0.002407364923901,0.0011296316743351,0.0144558559733895,0.0050091617847359,26.67107934290939,1,Laryngitis,1930,i_n
-320.4745788574219,101.37083435058594,-60.13936614990234,87.64800262451172,28.79745483398437,30.930418014526367,-22.767921447753903,-26.318262100219727,15.613444328308104,-10.62109088897705,-19.68485450744629,-28.542802810668945,-15.383953094482422,13.72972011566162,10.233763694763184,8.148130416870117,6.855809211730957,6.051348209381104,3.829291343688965,4.971868515014648,6.126609325408936,3.757290363311768,4.01230001449585,4.936410427093506,3.364774465560913,3.102217674255371,-0.1719047129154205,0.1274949759244918,-0.0229519009590148,-0.179608941078186,0.1716469228267669,-0.0398707948625087,-0.0816671624779701,0.0068162051029503,-0.0144124319776892,0.0061437375843524,-0.011693081818521,-0.0209285970777273,-0.0037438999861478,2.260931968688965,1.2938607931137085,1.1517584323883057,0.8792213201522827,0.8482359051704407,0.6998794674873352,0.7075183391571045,0.7646269798278809,0.6345471739768982,0.6024714708328247,0.6963878273963928,0.6548879742622375,0.5318631529808044,0.3402951657772064,0.2673006355762481,0.1454789787530899,-0.05353719368577,-0.0125714363530278,-0.0159059595316648,0.0476688593626022,0.054112758487463,0.012616547755897,0.0498663634061813,0.053877554833889,0.08752953261137,0.0551733933389186,1.6410123109817505,1.255306363105774,0.6792179346084595,0.5177071690559387,0.4891373515129089,0.3296608626842499,0.4049779176712036,0.4687269330024719,0.4432674646377563,0.4075865149497986,0.4814596772193908,0.4613826274871826,0.3523115515708923,0.0042485201630721,0.0023046110049103,0.0169303057034663,0.0081713278857606,26.733959829655788,1,Laryngitis,1940,i_n
-277.3686218261719,201.6986846923828,-38.4195556640625,32.95334243774414,59.87650680541992,46.594573974609375,-8.02082633972168,-34.028587341308594,7.746496200561523,2.3848702907562256,-22.669065475463867,-9.739773750305176,8.671512603759766,37.279293060302734,10.35977554321289,11.1462984085083,6.655337333679199,5.509275913238525,3.489764451980591,2.2706778049468994,4.206713676452637,2.817245960235596,2.096388101577759,2.1754579544067383,2.4401986598968506,2.293778419494629,0.7465804219245911,-0.0106033002957701,-0.0721548348665237,0.0187164358794689,-0.1251982301473617,-0.0534399189054966,-0.0184232052415609,-0.0641194432973861,-0.0442124456167221,-0.0233186595141887,0.0216283295303583,-0.0545322485268116,-0.073286160826683,1.938299536705017,1.2166157960891724,0.9618597030639648,0.6794610619544983,0.4808199107646942,0.5940557718276978,0.2999938726425171,0.7428370118141174,0.3389837443828583,0.3359693884849548,0.3287029862403869,0.3521199226379394,0.320690780878067,0.3057851791381836,-0.2098298668861389,0.1406995952129364,-0.0535107664763927,-0.0449284575879573,-0.0296045150607824,0.0193908978253602,0.1369745284318924,-0.0150777148082852,-0.0142784584313631,0.0302174761891365,-0.0323928035795688,-0.0220028944313526,1.2244958877563477,0.7591259479522705,0.6700506210327148,0.3768478631973266,0.2707286775112152,0.3021824657917022,0.2436829954385757,0.5547197461128235,0.207153171300888,0.2288674414157867,0.2062646299600601,0.2345427721738815,0.2176175713539123,0.0036732524298334,0.00194949965564,0.0161327672564754,0.0084498790635096,23.974689066404107,1,Laryngitis,1953,i_n
-285.327392578125,118.6964340209961,-3.0117361545562744,92.35004425048828,21.24555969238281,33.45297622680664,-27.86781883239746,-7.151968002319336,10.957340240478516,-7.653323650360107,-10.53903102874756,-22.324806213378903,-6.980113506317139,22.911163330078125,6.041565895080566,6.898640155792236,8.54273796081543,9.494722366333008,6.003108501434326,4.95725154876709,5.60785436630249,3.8650736808776855,4.78053092956543,4.560660362243652,5.082546234130859,3.6686079502105713,-0.4560557603836059,0.0409518256783485,0.1017687767744064,-0.0330873727798461,0.0311562120914459,0.067294642329216,-0.0119877103716135,-0.0595393441617488,0.0038662077859044,0.0569690242409706,0.0536011978983879,-0.0122245559468865,-0.0092922113835811,2.2541663646698,0.8289414644241333,1.123246431350708,1.4903006553649902,0.7748956680297852,0.8635197877883911,0.8122486472129822,0.6279187202453613,0.5249390006065369,0.6259652972221375,0.6411510705947876,0.736495316028595,0.6587420701980591,0.3205331861972809,0.0735673755407333,0.1854214668273925,-0.2031541615724563,-0.0099355373531579,-0.1312122493982315,0.1434124261140823,0.060850266367197,-0.0517596825957298,0.0146802794188261,0.0234401114284992,0.0450683198869228,-0.0301087442785501,1.26297128200531,0.4929717183113098,1.0364673137664795,0.8402782082557678,0.40582475066185,0.6361253261566162,0.6780880689620972,0.4687747657299042,0.3761627972126007,0.4279952347278595,0.4326310753822326,0.4919196665287018,0.4122409224510193,0.0032795880838388,0.001751194801497,0.0124307565652327,0.0055865416835836,26.378167098287783,1,Laryngitis,1965,i_n
-218.0029754638672,95.90166473388672,-30.528053283691406,105.30892181396484,0.063021570444107,80.50860595703125,-10.95014190673828,4.4407806396484375,-1.6098793745040894,-8.252397537231445,21.43425750732422,-13.998709678649902,-9.37131690979004,9.672236442565918,8.496709823608398,7.350203990936279,7.9218668937683105,5.24120569229126,6.137963771820068,4.895817756652832,4.47051477432251,4.869519710540772,6.454156875610352,4.273009777069092,3.6572327613830566,4.89141845703125,-0.2362636625766754,0.0026352102868258,-0.0826544240117073,0.0985691994428634,0.0712794959545135,-0.0334019288420677,-0.1056122556328773,0.0341660194098949,0.0604211911559104,-0.0964700952172279,0.0825115293264389,-0.0296179316937923,-0.0650211572647094,1.4897140264511108,0.9354783296585084,1.2376885414123535,1.2692375183105469,0.8139461874961853,1.049250602722168,0.8267202973365784,0.5631929039955139,0.7165766358375549,0.7744210362434387,0.7155552506446838,0.47156822681427,0.5394865274429321,0.2081093937158584,0.1018413975834846,0.1667828112840652,-0.1895710229873657,0.0269004888832569,-0.1735371053218841,0.0751879513263702,0.0065955682657659,0.0895806550979614,0.0173014849424362,-0.0375674925744533,0.0253760274499654,0.0029751141555607,1.118747353553772,0.6123780012130737,0.8734449744224548,0.8485443592071533,0.6048793196678162,0.7524704933166504,0.5171248912811279,0.4906796216964721,0.5968239903450012,0.5394501686096191,0.4661763608455658,0.400208055973053,0.4911748468875885,0.0769912940159086,0.0467231979627373,0.1730621317091808,0.0942342917263695,14.135744904423902,1,Laryngitis,1973,i_n
-279.70977783203125,112.201904296875,-6.940956592559815,88.97625732421875,39.13874053955078,30.080297470092773,-5.08416223526001,-10.798232078552246,5.257291316986084,4.848383903503418,0.1903717666864395,-17.52876091003418,-21.38214111328125,18.553321838378903,7.862306118011475,4.488583087921143,4.901160717010498,5.247985363006592,9.309346199035645,4.747819423675537,3.45825719833374,4.046696662902832,3.862276077270508,4.818129062652588,4.2654242515563965,3.720182180404663,0.2865872383117676,-0.1514971405267715,0.0031389109790325,-0.0702203065156936,-0.0842588171362876,0.166098490357399,0.0433015674352645,-0.0520137399435043,-0.0345891900360584,-0.0235870275646448,0.0219168327748775,0.0266401171684265,-0.0121105099096894,1.4323900938034058,0.9893216490745544,0.6912245750427246,0.8221549987792969,0.7873590588569641,0.7529821991920471,0.6316511631011963,0.5316219329833984,0.5219542980194092,0.6186041831970215,0.7002899646759033,0.6547062397003174,0.5891452431678772,0.1843398511409759,0.1213911101222038,0.0741296932101249,-0.0949751287698745,-0.0244068764150142,-0.0232049357146024,0.0357606075704097,0.0497132241725921,0.0142852719873189,0.0202595721930265,0.0002628762449603,0.0206794738769531,0.028507387265563,1.0111278295516968,0.7034239172935486,0.5214734077453613,0.6378429532051086,0.5755035281181335,0.5150836706161499,0.4670107066631317,0.4592933356761932,0.4167554080486297,0.4944679737091064,0.5408510565757751,0.4613435268402099,0.3886636793613434,0.003593670302395,0.0019848034782418,0.0224816658311485,0.0107522035754234,24.82130063016696,1,Laryngitis,1987,i_n
-291.9603576660156,114.8655776977539,-10.687981605529783,81.32083892822266,42.06394958496094,36.32487106323242,-27.81675148010254,14.850393295288086,5.046346187591553,0.2074103355407714,-20.20740509033203,-12.87204933166504,-3.130788564682007,12.842023849487305,5.874992370605469,5.730197429656982,9.136093139648438,6.497409820556641,6.450821876525879,6.409905910491943,4.444220066070557,4.021685600280762,3.546097040176392,4.71376371383667,4.731678009033203,3.660009860992432,-0.6448253989219666,0.0977484583854675,-0.0169988516718149,0.3157956898212433,0.3978748023509979,0.3289284110069275,-0.3080937564373016,-0.1849724650382995,0.1331703960895538,-0.0811231806874275,-0.1832323372364044,-0.1579141467809677,-0.0198809746652841,1.9866433143615725,0.7102027535438538,0.9550251364707948,1.4972034692764282,0.7437337040901184,1.0061315298080444,1.1112096309661863,0.8256452083587646,0.5022372007369995,0.6871736645698547,0.8986028432846069,0.7527962327003479,0.5541902184486389,0.5542201399803162,0.1793211251497268,0.242833212018013,-0.3571896255016327,-0.0541845560073852,-0.1967694610357284,0.1369351148605346,-0.0259939078241586,0.0577556118369102,0.0162711814045906,0.1373956203460693,0.1146120056509971,-0.0535067096352577,1.5230648517608645,0.5859475135803223,0.7625560164451599,0.9407392740249634,0.3626060485839844,0.585494875907898,0.5107559561729431,0.6199610829353333,0.4117645025253296,0.4714049696922302,0.4788503050804138,0.4098395705223083,0.3316209316253662,0.0038770032080835,0.0018378375434112,0.0268096897232322,0.0143215291430675,24.535354047844496,1,Laryngitis,2003,i_n
-333.5253601074219,68.74568939208984,-15.025325775146484,99.03168487548828,15.551607131958008,34.141075134277344,-45.58990097045898,10.291855812072754,15.63593292236328,-21.541898727416992,-10.569198608398438,-10.529024124145508,-6.541532039642334,17.944677352905273,9.34235382080078,7.168415546417236,10.103498458862305,4.259243011474609,5.386979579925537,5.576023578643799,4.232956886291504,3.783837795257568,3.027651309967041,3.595740556716919,3.715492486953736,3.6527929306030273,-0.5480501055717468,-0.136756956577301,-0.0057729980908334,0.2063397318124771,0.0933851823210716,0.0044487128034234,-0.1961200386285781,0.1006545275449752,0.0326952189207077,-0.0370992384850978,-0.0303891506046056,-0.0647555962204933,-0.0424165353178978,2.6191256046295166,1.6086751222610474,1.0080705881118774,1.77475106716156,0.722592830657959,0.7847278118133545,1.1611719131469729,0.7881847620010376,0.5509882569313049,0.4696638286113739,0.4836338758468628,0.5393630862236023,0.5743446350097656,0.4806066751480102,0.2998141348361969,0.1526778191328048,-0.2408313006162643,-0.0374095477163791,-0.0924372598528862,0.1770768761634826,-0.005364263895899,-0.064441367983818,-0.0208824537694454,0.0145829236134886,0.0283386912196874,0.0007135800551623,1.951206922531128,1.056277632713318,0.7336713075637817,1.1590980291366575,0.5734466910362244,0.5527510643005371,0.699796736240387,0.4669920206069946,0.486260324716568,0.409537136554718,0.4004319012165069,0.3530606627464294,0.3808847665786743,0.0063209147022201,0.0037421741432471,0.0285859410235895,0.0140775281421171,20.15754155081683,1,Laryngitis,2021,i_n
-288.1593933105469,148.8617706298828,-21.981220245361328,89.67050170898438,42.28797149658203,44.21998596191406,-31.498538970947266,-17.658775329589844,23.23585319519043,-15.218391418457031,-8.032029151916504,-10.295660018920898,-12.10372829437256,18.3441219329834,8.516109466552734,9.142215728759766,8.873869895935059,6.6976094245910645,4.727964878082275,6.739493370056152,5.099832057952881,3.384470224380493,3.166844129562378,3.92083477973938,4.5133490562438965,3.237734079360962,-0.5632693767547607,0.0897568613290786,0.1467379033565521,0.1252433210611343,0.0791267976164817,0.0391376689076423,0.0165205486118793,-0.0846436619758606,-0.0266223810613155,0.0095685664564371,-0.0463694259524345,-0.0988619327545166,-0.0196577832102775,3.8016197681427,1.6187866926193235,1.5819199085235596,1.7738065719604492,1.409229755401611,0.9596861004829408,0.8689331412315369,1.016625165939331,0.5175977349281311,0.4414601325988769,0.5970556139945984,0.6076682209968567,0.4686796069145202,0.0530055724084377,0.0761738568544387,0.2105392217636108,-0.2196106910705566,-0.0291867051273584,-0.0950423702597618,0.0315909050405025,0.0319252647459507,-0.0211275741457939,-0.0013354527764022,0.0135466055944561,0.002503051655367,-0.0074012554250657,1.8070745468139648,0.8475456833839417,1.4908784627914429,1.1561870574951172,0.8681970238685608,0.56597900390625,0.6461155414581299,0.6454222798347473,0.4342705905437469,0.3806737959384918,0.4591334462165832,0.3950173258781433,0.3628741800785064,0.0538639608435964,0.0342706596571624,0.0542086994622183,0.0282132158452446,8.124590016509812,1,Laryngitis,2028,i_n
-298.69110107421875,118.8477020263672,-10.27869987487793,79.09261322021484,45.991493225097656,36.77720260620117,16.816360473632812,0.934361457824707,5.34427547454834,4.570622444152832,13.768380165100098,-5.918435573577881,-14.482585906982422,26.97123908996582,5.322689056396484,12.269869804382324,12.155511856079102,9.775752067565918,9.621474266052246,4.766703128814697,6.378946781158447,5.854598522186279,4.556623458862305,3.79731035232544,3.951100826263428,4.041877746582031,-1.258625864982605,-0.1771679371595382,0.1324209719896316,0.0899989008903503,0.0823288485407829,0.1404154002666473,-0.2350035607814788,-0.2610418200492859,0.1492156684398651,0.0288761593401432,-0.1643290817737579,-0.1105936095118522,0.1765193939208984,3.7616219520568848,0.8966072797775269,2.0543034076690674,2.317591667175293,2.0339651107788086,1.662697434425354,0.8153117299079895,1.3445000648498535,0.6353956460952759,0.763285219669342,0.719444751739502,0.5652413368225098,0.5951847434043884,0.9471033811569214,0.1291219890117645,0.3354822397232055,-0.3968474268913269,-0.2259401679039001,-0.3055801689624786,-0.0397603437304496,0.0320953205227851,-0.0428465418517589,-0.0319996960461139,-0.0891713127493858,0.0406678915023803,0.0339787527918815,2.072246551513672,0.502795398235321,0.9605385661125184,1.0803062915802002,0.7259202003479004,0.9253700375556946,0.4699219465255737,0.6442384719848633,0.364109605550766,0.6056920886039734,0.4288710355758667,0.4732828140258789,0.3870704174041748,0.0052055299744074,0.0024517151812235,0.0172901587326545,0.0051687627932962,27.86717232535394,1,Laryngitis,2075,i_n
-318.8996887207031,114.52342987060548,-4.697119235992432,60.887996673583984,39.71845245361328,35.312774658203125,-19.92115974426269,-11.614441871643066,10.533787727355955,-11.936042785644531,-3.5147604942321777,-11.69638729095459,-14.51807689666748,18.43217658996582,6.148357391357422,10.580318450927734,7.221050262451172,9.149877548217772,5.781997680664063,6.040540218353272,5.040925979614258,5.385693550109863,3.96397066116333,3.456878662109375,3.683918237686157,6.056230068206787,-0.4542402327060699,0.0299902651458978,0.1531331539154052,0.1049393787980079,-0.1271654963493347,0.1899385601282119,0.0552897825837135,-0.1976062804460525,-0.0480454862117767,-0.0123740695416927,0.0056423475034534,-0.0103590907528996,-0.1424896121025085,2.2087481021881104,0.8876169323921204,1.3551185131072998,0.7584968209266663,1.0938982963562012,0.7092829942703247,1.1026647090911863,0.9015758633613586,0.6129508018493652,0.6105299592018127,0.4678281843662262,0.6045897603034973,0.5411264300346375,0.540395975112915,0.1842617392539978,0.2313549220561981,-0.1017431989312172,-0.1126855909824371,-0.0600037015974521,0.2039255648851394,0.0970696657896041,-0.1089467406272888,0.006159315817058,0.0174219124019145,0.039772905409336,0.0317798778414726,1.924869418144226,0.6861538887023926,0.8648683428764343,0.5478731989860535,0.7515103816986084,0.3881384134292602,0.7371125817298889,0.4757783114910126,0.5347052812576294,0.4007724523544311,0.3475002348423004,0.3734266757965088,0.3506912589073181,0.0042700942548954,0.0024226744678353,0.0162576989886484,0.0076058756151909,28.05281113256936,1,Laryngitis,2079,i_n
-355.8630676269531,115.92627716064452,-11.43479061126709,81.53653717041016,36.63289642333984,12.002740859985352,-34.182411193847656,11.436458587646484,14.512898445129396,-10.178633689880373,-15.422300338745115,-21.00373077392578,3.475865364074707,29.656570434570312,11.222500801086426,15.096203804016112,10.897092819213867,5.949862003326416,10.3920259475708,8.22925853729248,5.553457260131836,6.9188408851623535,6.843830585479736,6.627837181091309,6.480602264404297,4.556344509124756,0.693092405796051,0.0162621233612298,-0.3254754543304443,-0.012505093589425,-0.1064282655715942,-0.0637811124324798,-0.2503560483455658,-0.1094616055488586,-0.1216687485575676,-0.0428315140306949,0.0942140519618988,0.1446634531021118,0.0389801375567913,4.279208183288574,1.9270544052124023,2.1480133533477783,1.3961790800094604,0.9064143300056458,1.342777132987976,1.1198883056640625,1.0434370040893557,1.0109890699386597,1.2018219232559204,1.161211609840393,1.142685055732727,0.897674560546875,0.0672584474086761,0.1255320310592651,0.1554062515497207,-0.0450725480914115,-0.0210225135087966,-0.0697158947587013,0.1803468614816665,0.0736822485923767,-0.016476459801197,-0.0532974638044834,-0.0255579855293035,0.0368909649550914,-0.0188276600092649,1.5703872442245483,0.7648993730545044,0.8438428640365601,0.6611538529396057,0.784038782119751,0.833369255065918,0.7703295946121216,0.7654882669448853,0.7250439524650574,0.6265995502471924,0.5320953726768494,0.5764107704162598,0.6166058778762817,0.006198513363411,0.00281355358476,0.0246222529984398,0.0109849179110346,23.603550096727663,1,Laryngitis,2097,i_n
-263.19830322265625,110.24370574951172,-34.2182731628418,100.0269012451172,36.98659133911133,33.50928497314453,-2.394205570220948,-15.094230651855469,5.698201656341553,20.18073844909668,-13.428970336914062,-17.22393226623535,3.644321918487549,22.04510498046875,8.47341537475586,7.44529390335083,8.71652889251709,6.84471607208252,5.765950202941895,4.944718360900879,4.1642022132873535,4.558751583099365,4.440847873687744,5.0341973304748535,4.000330448150635,3.297928810119629,-0.1889815032482147,-0.0405787490308284,0.0705756619572639,0.0325808264315128,0.0103773344308137,0.0038050222210586,-0.0006843283772468,0.0047846115194261,0.0138093838468194,0.0426852367818355,-0.0599821023643016,0.0037545752711594,0.0419510789215564,1.832403421401977,0.8833698034286499,0.9414688348770142,1.072340726852417,0.6013395190238953,0.6770080327987671,0.6978896260261536,0.5778230428695679,0.7122530341148376,0.6870829463005066,0.4864630699157715,0.5130007266998291,0.5260155200958252,0.1199608519673347,-4.929197530145757e-05,0.0867611840367317,-0.1157806292176246,-0.0172385983169078,-0.0565261468291282,0.0335511676967144,-0.0081264981999993,0.0326183028519153,-0.0035263746976852,-0.0033268651459366,0.0194021854549646,0.0045500844717025,0.9760868549346924,0.5326048135757446,0.6285397410392761,0.7243687510490417,0.4558339118957519,0.5387653708457947,0.4741474688053131,0.3851431012153625,0.4528482258319855,0.4206443130970001,0.4322763383388519,0.3967406153678894,0.3376391530036926,0.0111367709736223,0.0066835826961779,0.095977079977462,0.0545936113884699,9.885430575212988,1,Laryngitis,2101,i_n
-339.7681579589844,120.10107421875,9.412117958068848,98.2702865600586,32.36445999145508,2.9559361934661865,-5.044156074523926,-9.461149215698242,1.8089417219161987,-0.5331771969795227,-4.79601001739502,-21.19780731201172,-17.130884170532227,38.76973342895508,15.262898445129396,9.666059494018556,12.787717819213867,5.762707710266113,7.132664203643799,6.380629062652588,5.577033042907715,5.43604040145874,5.726191520690918,5.780365467071533,4.991497993469238,4.369229793548584,0.5383646488189697,-0.0133073618635535,-0.1798339337110519,-0.0615826994180679,0.1471204608678817,0.1404886245727539,-0.1087815836071968,-0.1223735138773918,0.0312869437038898,0.0481336414813995,-0.0833500325679779,-0.0417240560054779,0.0627459213137626,3.993448257446289,1.9399219751358032,1.7188501358032229,2.2743706703186035,0.938808023929596,1.054959774017334,0.7249778509140015,1.024262309074402,0.8943580389022827,0.986286461353302,0.7154816389083862,0.8682616353034973,0.8808057904243469,0.924240231513977,0.2410713285207748,0.1270639300346374,-0.553331196308136,-0.167433425784111,0.0359105169773101,0.0284107811748981,0.0618273131549358,0.0263438243418931,-0.0072902305983006,-0.0137313837185502,0.1415829062461853,0.0461527295410633,3.28366494178772,1.3907161951065063,0.987242877483368,1.8256590366363523,0.7456024885177612,0.6765411496162415,0.5125030279159546,0.4579013586044311,0.5048004984855652,0.4750142693519592,0.4429896175861358,0.6285403370857239,0.4599577784538269,0.0037937709422589,0.0018805549844757,0.0209312092777144,0.0102543553006755,27.44852764384037,1,Laryngitis,2110,i_n
-357.1255187988281,126.44442749023438,12.248311042785645,92.54952239990234,49.62187194824219,35.892032623291016,-6.16417407989502,11.1909761428833,17.648508071899414,-8.451221466064453,1.4039137363433838,0.0871404856443405,-13.302154541015623,23.239707946777344,8.890649795532227,4.830605983734131,9.18459129333496,6.8826093673706055,4.427544593811035,4.6390557289123535,6.0784759521484375,4.494607925415039,5.68265438079834,4.283600807189941,3.3678462505340576,3.529172897338867,1.091362237930298,0.253622829914093,0.0309931058436632,-0.3469657599925995,-0.0243969932198524,0.068262480199337,-0.0030610447283834,-0.1273725926876068,0.0366363003849983,0.1241363137960434,-0.060092058032751,-0.0952455922961235,0.0267067179083824,1.8426717519760127,0.7609571218490601,0.8249929547309875,0.8625333905220032,0.9577996134757996,0.6699674725532532,0.8040949106216431,0.8040924668312073,0.7537981867790222,0.7609905004501343,0.814408004283905,0.6501398086547852,0.5601149797439575,-0.0112447971478104,0.1627053618431091,0.1633684337139129,-0.20839723944664,-0.2968529760837555,-0.1331442147493362,0.2036314159631729,0.0840602740645408,-0.0087919738143682,0.0215911418199539,0.0554402656853199,-0.0121487956494092,0.0789019390940666,0.952536940574646,0.7172746658325195,0.7959833741188049,0.880458414554596,1.0902785062789917,0.5784328579902649,0.8038777709007263,0.5235984325408936,0.5284136533737183,0.494153082370758,0.6527062654495239,0.4659496247768402,0.6213085055351257,0.0044353679700474,0.0013398624008449,0.0280967192898054,0.0115701030316548,27.171915237083617,1,Laryngitis,2120,i_n
-397.8463134765625,129.09535217285156,22.07467269897461,67.32180786132812,55.83723831176758,42.79810333251953,5.578980445861816,-21.62463760375977,6.193432331085205,17.45882797241211,-7.080505847930908,-17.970157623291016,-2.629932880401612,33.87985610961914,8.800737380981445,13.217212677001951,9.647394180297852,7.653465747833252,5.111309051513672,4.221523761749268,5.749255180358887,4.592756748199463,3.542356252670288,3.977439403533936,6.211984157562256,4.19989538192749,-1.3721189498901367,-0.0166994743049144,0.2539152503013611,-0.0250251218676567,0.1458085477352142,0.0928695276379585,-0.0300194676965475,-0.0216928366571664,0.092105783522129,0.0648466944694519,0.0809274837374687,0.0289707724004983,0.0203381180763244,3.3519222736358643,0.9054936766624452,1.205498456954956,1.4792062044143677,1.3518013954162598,0.8783084750175476,0.6905388832092285,1.0542906522750854,0.6953083276748657,0.736212968826294,0.7452113032341003,0.8353620767593384,0.7101835608482361,0.548294186592102,0.1547557413578033,-0.0058719352819025,-0.2925864160060882,-0.1942822337150573,-0.1360793709754943,-0.0123280175030231,0.1426446288824081,0.0547594763338565,-0.0732974782586097,0.0236199535429477,0.0127000994980335,-0.0387923307716846,2.273500680923462,0.6755545139312744,0.6189296245574951,1.1929497718811035,0.7968822717666626,0.6827846169471741,0.5627700686454773,0.5981711149215698,0.4522133767604828,0.4977902770042419,0.4931234121322632,0.4463992118835449,0.4325712621212005,0.0064345663396637,0.0030381441723687,0.0260300059848379,0.0110007300923799,25.594426559015098,1,Laryngitis,2126,i_n
-311.8495483398437,98.34689331054688,-16.733097076416016,85.16123962402344,28.67792510986328,8.585739135742188,-23.808927536010746,1.0663591623306274,7.981980323791504,-13.155912399291992,-26.467987060546875,-17.78289031982422,-1.597095608711243,31.38848876953125,15.957207679748535,19.30048942565918,13.745089530944824,7.416929244995117,6.831291198730469,7.554586887359619,5.112046241760254,4.468587398529053,5.324952602386475,6.910458087921143,5.485485553741455,3.977516412734986,-0.4032743871212005,0.2568188905715942,0.2481086254119873,-0.1053422838449478,-0.0710427165031433,-0.1050113588571548,0.1367001980543136,-0.083499014377594,-0.0750968977808952,-0.0176852736622095,0.1137296631932258,0.0343335717916488,-0.0680117085576057,5.307974815368652,1.8949708938598635,2.075748443603516,2.395833730697632,1.3581503629684448,0.8863493800163269,1.1592519283294678,1.138948678970337,0.8700819611549377,0.9282642006874084,1.2153174877166748,0.9196529388427734,0.6659303307533264,1.3180204629898071,0.3994778394699096,0.3567735850811004,-0.61580890417099,-0.2040571421384811,-0.0637160316109657,0.2904928922653198,0.0237937234342098,-0.0341115519404411,0.1129879578948021,0.1381090730428695,0.1498604565858841,-0.0454337671399116,3.3725240230560303,1.3906954526901243,1.5423835515975952,1.5618963241577148,0.9528749585151672,0.731981635093689,1.00343918800354,0.5712874531745911,0.5976974368095398,0.7087944149971008,0.4392983317375183,0.7054476141929626,0.3450929522514343,0.0059835541757441,0.0027294905691725,0.0254677017368884,0.0140700529594869,26.243095270405217,1,Laryngitis,2128,i_n
-298.1110534667969,136.36572265625,-17.89543342590332,62.7041244506836,56.97916030883789,19.69659423828125,-22.848079681396484,-5.42006254196167,8.723271369934082,-0.9414335489273072,-4.750377178192139,-16.42600440979004,-8.927199363708496,18.231521606445312,7.840593338012695,10.276474952697754,6.149397373199463,5.542240619659424,3.607602596282959,5.878966808319092,4.17242956161499,2.516559362411499,2.503621816635132,3.4899232387542725,3.407650947570801,2.675046920776367,0.4569098353385925,0.40327188372612,-0.4708774983882904,0.0654212161898613,0.2276153117418289,0.0592603646218776,-0.3284593522548675,-0.169058158993721,0.0329692065715789,0.0957874283194542,-0.0408922396600246,-0.04467349126935,-0.1113304495811462,2.31398606300354,0.9792026281356812,0.7146788239479065,0.906834363937378,0.8013135194778442,0.7496045231819153,0.7734555602073669,0.7456887364387512,0.3890113532543182,0.4810672402381897,0.518413782119751,0.4317232668399811,0.3493154048919678,0.3980242609977722,0.1634966731071472,0.2317651063203811,-0.169432058930397,-0.134842500090599,0.0274817179888486,0.1154247298836708,0.0293912328779697,0.0052288831211626,-0.031918965280056,-0.0693031474947929,0.0679275467991828,0.0035102099645882,1.5608932971954346,0.5955058336257935,0.6815119385719299,0.8321182131767273,0.7875012159347534,0.5443976521492004,0.4914687871932983,0.3669815957546234,0.3107229173183441,0.2722516655921936,0.3710977435111999,0.338124543428421,0.2843481302261352,0.0104899796316583,0.0064427463803632,0.0420124025717192,0.0224923826284521,20.95469575215198,1,Laryngitis,2156,i_n
-310.3387756347656,114.48204040527344,-51.79521179199219,62.35185623168945,29.458663940429688,41.0322265625,-29.56336784362793,-20.79366111755371,10.151015281677246,-5.876576900482178,-3.499945878982544,-15.175004959106444,-19.531627655029297,22.843650817871094,9.590668678283691,15.750092506408691,8.516280174255371,9.2576322555542,6.448398113250732,7.973137855529785,7.458121299743652,6.544723033905029,5.197016716003418,6.126264572143555,5.444215297698975,5.191890716552734,-0.0979876294732093,0.0097650997340679,0.0911198183894157,0.1539840102195739,-0.0906335860490799,0.0413978807628154,0.0885199978947639,0.0589103326201438,-0.1527838259935379,0.0292650423943996,0.0844454914331436,-0.0693735033273696,-0.0604012720286846,3.250548839569092,1.8236011266708367,2.578540563583374,1.4558404684066772,1.0875736474990845,1.0477159023284912,1.1588937044143677,1.0571104288101196,0.8253892064094543,0.927082359790802,0.936490535736084,0.9925448298454284,0.8322530388832092,0.8344727754592896,0.2323750257492065,0.506024181842804,-0.2308939844369888,0.0585410483181476,-0.1363971829414367,0.1582878977060318,0.2031306475400924,0.0060236444696784,0.1435357928276062,-0.0172326322644948,0.0542009510099887,0.1123749986290931,2.912510633468628,1.5100293159484863,1.6145786046981812,0.9799784421920776,0.611407995223999,0.7634315490722656,0.7488604187965393,0.8632915616035461,0.5324671268463135,0.6960970759391785,0.5385974645614624,0.7159654498100281,0.661495566368103,0.007622991626167,0.0040673450368598,0.0324416797856198,0.0158885097026293,19.900596704849647,1,Laryngitis,2191,i_n
-292.37225341796875,157.5369415283203,-14.621999740600586,66.71630096435547,72.67427062988281,32.0939826965332,-17.499610900878906,-18.13431739807129,30.97154426574707,1.5195361375808716,-17.760967254638672,1.9073644876480105,-13.125972747802734,21.65983390808105,3.026675224304199,7.412552833557129,5.718226909637451,5.605232238769531,3.184941530227661,3.1310253143310547,5.500463962554932,2.975130796432495,2.863889694213867,2.6834609508514404,2.381932020187378,2.7750084400177,-0.7567312121391296,0.1225294545292854,0.063945285975933,0.1264163702726364,0.1018636152148246,-0.0050654103979468,-0.1121003776788711,-0.0176444910466671,0.0406308360397815,-0.1098130196332931,-0.0645167604088783,0.0431939996778965,-0.0010131674353033,2.249037265777588,0.5762031078338623,0.70134437084198,0.9832509160041808,1.0864616632461548,0.4181423783302307,0.4373721182346344,0.7877237200737,0.3718522191047668,0.3981193304061889,0.4309013783931732,0.349646121263504,0.389877587556839,0.3494897484779358,-0.0421837456524372,0.1148919686675071,-0.1998378485441208,-0.2192001938819885,-0.0663401558995246,0.086540900170803,0.1424920260906219,-0.0416155196726322,0.0175093673169612,0.0711047872900962,-0.0427893288433551,0.0312606580555439,1.3710802793502808,0.431548148393631,0.5267012715339661,0.6497173309326172,0.7436163425445557,0.3322955071926117,0.3059097230434418,0.4912431240081787,0.2541674077510834,0.2716291844844818,0.2881981134414673,0.2433110773563385,0.2792209684848785,0.002192177690749,0.0007652772455322,0.0145432080425108,0.0053920090988112,30.284495375795697,1,Laryngitis,2219,i_n
-337.3995056152344,110.57215881347656,16.890039443969727,74.6722183227539,36.31047821044922,4.708773136138916,-26.10211753845215,-9.212566375732422,14.40105438232422,-5.95566463470459,-17.93416404724121,-21.122026443481445,-11.601129531860352,40.54898071289063,11.293508529663086,13.698123931884766,12.831476211547852,7.899404048919678,5.570176124572754,7.847757816314697,4.756357192993164,6.977736473083496,5.335394382476807,4.257323265075684,4.959620475769043,4.505641937255859,-0.5067578554153442,-0.074950486421585,0.1018530651926994,-0.2421331703662872,0.0265762545168399,0.1810320168733596,-0.0020016839262098,0.0936103016138076,0.0598680153489112,0.0020709815435111,0.0370452553033828,0.0075136898085474,0.1577474325895309,6.956982135772705,2.349374294281006,2.32057785987854,2.2916598320007324,1.789232850074768,0.8677407503128052,1.3897998332977295,0.9906483292579652,1.273810625076294,0.8905755877494812,0.6313064694404602,0.6999802589416504,0.929936707019806,1.5064640045166016,0.3361474573612213,0.2242087572813034,-0.662427544593811,-0.2998787462711334,0.0479216761887073,0.2502045631408691,0.0577987320721149,-0.202718436717987,0.0210845209658145,0.1196706891059875,0.1351927518844604,0.0182345826178789,3.8127572536468506,1.2976067066192627,1.051483988761902,1.998663306236267,0.9181840419769288,0.6797975301742554,0.8880965113639832,0.648474931716919,0.6816967725753784,0.445263147354126,0.5556316375732422,0.5759501457214355,0.5945791602134705,0.0049939597105397,0.0029287846693987,0.056227917993355,0.032949544760535,30.44127764310564,1,Laryngitis,2242,i_n
-316.4989624023437,138.41796875,19.064756393432617,91.16372680664062,31.946758270263672,15.916976928710938,-15.951391220092772,4.720803260803223,5.880570888519287,-2.056788682937622,-16.84957504272461,-18.84639549255371,2.8701484203338623,18.342374801635746,10.802390098571776,8.936619758605957,8.444256782531738,5.950791835784912,2.990936517715454,4.33723258972168,3.082576274871826,3.362386465072632,3.004821300506592,3.1304244995117188,3.7724685668945312,3.0416829586029053,-0.281875878572464,0.1446682512760162,0.0387046784162521,0.2752563059329986,0.097348615527153,-0.0379885360598564,-0.108531653881073,0.002910339506343,0.0527853854000568,0.0322759784758091,0.0111613199114799,-0.0810956060886383,-0.0044961790554225,3.297760486602783,1.5802220106124878,1.314399242401123,1.517949104309082,0.5752766132354736,0.5126670002937317,0.5731956362724304,0.4844216406345367,0.5892274379730225,0.446899801492691,0.5402597188949585,0.5297498106956482,0.4554387629032135,0.4585058093070984,0.1214644238352775,0.0736206322908401,-0.238279327750206,-0.0335975848138332,0.0384436771273613,0.0655418932437896,-0.0179066248238086,-0.0425409749150276,0.0031043230555951,0.043124221265316,0.06109569221735,-0.0087381592020392,2.094050645828247,0.873668372631073,0.7085065841674805,0.9974239468574524,0.338962972164154,0.4440444707870483,0.4071865975856781,0.4179449081420898,0.3886191546916961,0.3207313120365143,0.3840696513652801,0.3929508328437805,0.2949235439300537,0.0154849038197318,0.0087834668069668,0.1429495729400627,0.0803985322919486,13.926032169906271,1,Laryngitis,2276,i_n
-300.3030090332031,150.48501586914062,-23.779985427856445,77.6052017211914,59.288856506347656,31.298213958740234,-16.46398162841797,-7.493564605712891,-2.13454532623291,-14.087420463562012,5.6027140617370605,-22.344482421875,-23.42440795898437,9.46047019958496,4.347341060638428,7.783489227294922,6.06988000869751,3.734977960586548,5.210484981536865,4.847381591796875,6.533836841583252,4.428130149841309,3.970380783081055,3.567909479141236,3.1077797412872314,2.843792676925659,0.0491118878126144,0.0497772060334682,0.0349405333399772,-0.0780158266425132,-0.0309871118515729,0.0616372711956501,-0.0400508232414722,-0.1342543363571167,-0.0810006335377693,0.0157458763569593,0.0369472652673721,0.014129526913166,0.0189832486212253,0.9988390207290648,0.5983890891075134,0.950626015663147,0.9222362637519836,0.5712500214576721,0.7965777516365051,0.8589398264884949,0.6224158406257629,0.6161722540855408,0.6206468343734741,0.7267292141914368,0.544086754322052,0.4927261173725128,0.1730487644672393,0.0806442499160766,0.1065172925591468,-0.1093542650341987,-0.0382503494620323,-0.0272920746356248,0.0226241275668144,0.0289356149733066,0.0197678636759519,0.0399512164294719,-0.031628206372261,-0.0202566254884004,-0.0104733631014823,0.9423836469650269,0.4668818712234497,0.6649097800254822,0.6631971001625061,0.4519833624362945,0.5441437363624573,0.4237189888954162,0.4030709266662597,0.4326009452342987,0.3498397171497345,0.4682180285453796,0.3824131786823272,0.3176932632923126,0.0026895611105292,0.0008918102873774,0.0092914590828602,0.0041086662415494,29.297373566400907,1,Laryngitis,2296,i_n
-301.150390625,152.2220458984375,-10.100998878479004,77.23700714111328,86.5068359375,25.574462890625,-48.16217041015625,1.5119041204452517,27.49787139892578,-19.358022689819336,-8.024300575256348,-8.56099796295166,-15.13818073272705,30.24693298339844,6.0977396965026855,13.145414352416992,9.803594589233398,10.37322998046875,4.433551788330078,8.761748313903809,6.780078411102295,4.677279472351074,4.708675384521484,3.644571304321289,3.260413646697998,5.79198169708252,-0.7041277885437012,-0.0553723871707916,0.123590387403965,0.0816418752074241,-0.0077167651616036,0.0532404892146587,-0.0148601336404681,-0.1273930221796035,-0.0200793240219354,0.001242215395905,0.062335480004549,-0.0579704530537128,-0.1653001308441162,4.115967750549316,0.7998073697090149,1.677814483642578,1.79814350605011,1.5707359313964844,0.8431439399719238,1.5766760110855105,0.8503796458244324,0.8640449643135071,0.6594626903533936,0.5759856700897217,0.580985426902771,0.7101770043373108,1.0817818641662598,-0.1192103922367096,0.1076847538352012,-0.3038829863071441,-0.4117905795574188,-0.1041070520877838,0.3640795946121216,0.0489892959594726,-0.1219816207885742,0.1110774874687194,-0.0319052338600158,-0.0093934880569577,0.0573327839374542,3.266970634460449,0.6987548470497131,1.0742257833480835,1.0297390222549438,1.2469286918640137,0.5755138397216797,1.0681164264678955,0.4709530770778656,0.4357244074344635,0.4973421990871429,0.3658284842967987,0.3753710091114044,0.4248408377170563,0.0027907299953065,0.0014413942557848,0.0481949735075563,0.0289799762525396,22.64660686811344,1,Laryngitis,2301,i_n
-252.50906372070312,113.284423828125,-55.385047912597656,90.09741973876952,61.207706451416016,30.117826461791992,-4.882439136505127,-13.50338363647461,25.201261520385746,10.514782905578612,-11.25687026977539,-3.178990125656128,-2.028581142425537,11.643842697143556,3.7800700664520255,10.355405807495115,7.240825653076172,10.53646469116211,6.516266822814941,5.230564117431641,4.034579277038574,3.049923181533813,4.415633678436279,4.7130045890808105,4.041744232177734,2.268850564956665,-0.2492498904466629,-0.0697998031973838,0.1919635683298111,0.0902887061238288,-0.0870407447218895,0.0072739818133413,0.0834738388657569,-0.0544049777090549,-0.0623338893055915,0.0960837379097938,0.0945748314261436,0.0862303972244262,-0.015706842765212,1.7542390823364258,0.6274960041046143,1.5607863664627075,1.284584641456604,1.1542179584503174,0.8402240872383118,0.748400866985321,0.8055468797683716,0.492715060710907,0.472719132900238,0.4576660990715027,0.4907626509666443,0.432945042848587,0.4164350032806396,0.0039058872498571,0.150853618979454,-0.2404619604349136,-0.1211271733045578,-0.0858466029167175,0.0337438061833381,0.0894312337040901,-0.0342701897025108,0.0062735774554312,-0.0109329409897327,0.0372711978852748,0.0446774736046791,1.416131615638733,0.4623618721961975,0.8866313099861145,0.6934426426887512,0.6278940439224243,0.412849873304367,0.4935328364372253,0.4078821539878845,0.3608123362064361,0.3868100345134735,0.3326906859874725,0.3589661717414856,0.3038654625415802,0.0352457279844456,0.0229938251213124,0.1411123696710164,0.0786845614032791,9.933233975199483,1,Laryngitis,2305,i_n
-247.52833557128903,95.20636749267578,-12.43843936920166,82.71792602539062,22.127914428710938,24.89138603210449,-15.423455238342283,-14.698143005371094,19.50393486022949,2.345897674560547,-12.479433059692385,-27.39365196228028,1.617346167564392,32.92802810668945,16.388017654418945,10.563880920410156,8.528918266296387,7.083343029022217,4.403796195983887,4.030355930328369,4.234339714050293,3.915425777435303,3.823903799057007,4.237724304199219,5.777983665466309,3.646738290786743,0.4211631119251251,-0.1261583864688873,-0.1712148934602737,-0.0149408485740423,0.0734156221151351,0.0191171988844871,-0.0492106527090072,-0.0458953604102134,0.0253345388919115,0.0344167873263359,0.0222783535718917,-0.0782996043562889,0.033494547009468,5.180663585662842,2.766079902648926,1.2054316997528076,1.6136517524719238,0.9594438672065736,0.7729477286338806,0.7075299024581909,0.8351811170578003,0.6144118905067444,0.6708778738975525,0.5509806275367737,0.745560348033905,0.5827473402023315,0.3634020984172821,0.1180250272154808,0.0548891872167587,-0.2083759903907776,-0.049700204282999,-0.0800312310457229,0.0243428666144609,0.0576831363141536,-0.0422745421528816,0.0083544002845883,0.0210121776908636,0.0418623238801956,-0.0380140990018844,2.5863003730773926,1.3178263902664185,0.758867621421814,1.0001072883605957,0.5554208755493164,0.5055540800094604,0.4440225660800934,0.4784882664680481,0.352518081665039,0.4332697689533233,0.3323172330856323,0.3818486630916595,0.441662460565567,0.0085544238396866,0.004643243685042,0.1282476519639941,0.0567134145291723,15.207746446210042,1,Laryngitis,2315,i_n
-331.39801025390625,123.77159881591795,18.532920837402344,78.79329681396484,56.79264450073242,24.75985145568848,5.833333015441895,8.738846778869629,19.59175491333008,0.0367896482348442,1.13114595413208,-8.748360633850098,-16.50514793395996,22.89992904663086,11.836469650268556,15.361774444580078,11.233938217163086,9.021342277526855,5.657617092132568,6.785960674285889,4.894979953765869,6.3699870109558105,4.107222080230713,4.870652675628662,5.199036598205566,3.8329811096191406,-0.5845381617546082,0.011998170055449,0.2676311135292053,-0.1539884209632873,0.0210236925631761,0.038495697081089,0.0216500703245401,-0.031176920980215,-0.0250496454536914,0.0544175468385219,-0.0736399963498115,6.222567208169494e-06,0.0530716963112354,3.002722978591919,1.546500325202942,1.4166959524154663,1.3616409301757812,1.2438791990280151,1.0742082595825195,1.1214698553085327,0.6833497285842896,0.9800925850868224,0.6596010327339172,0.6886211037635803,0.7222524285316467,0.588304340839386,0.3161190450191498,0.1309272050857544,-0.0397648923099041,-0.2017415016889572,-0.1156305745244026,-0.080078087747097,0.0674218088388443,0.0394975021481514,-0.0823193192481994,0.0316942930221557,0.0728293135762214,0.0654972940683364,0.0131776854395866,1.5365605354309082,0.9393406510353088,0.8778800964355469,1.07893705368042,0.7990887761116028,0.7468404173851013,0.6423624753952026,0.4805340766906738,0.6053034663200378,0.47414231300354,0.5640097856521606,0.5434116125106812,0.4218856394290924,0.0082993742267365,0.0044753114586181,0.0419905717859412,0.0193815707772932,23.16141613292051,1,Laryngitis,2321,i_n
-307.7208557128906,139.95498657226562,-22.31138038635254,65.93994140625,61.14132690429688,37.21419906616211,-20.01679229736328,-5.887609958648682,24.5347957611084,-5.182867527008057,3.4001309871673584,-8.560506820678711,-15.343475341796877,25.78999328613281,4.661412715911865,11.7687349319458,8.128996849060059,5.252471923828125,5.509124755859375,9.30193328857422,4.271923065185547,7.269297122955322,6.206866264343262,4.336042404174805,3.1460957527160645,2.7397656440734863,-0.5630499124526978,0.0792457312345504,0.0432110875844955,-0.1170859634876251,-0.025669714435935,0.0869883000850677,0.1151923090219497,-0.1200193241238594,-0.0753300860524177,0.1005888357758522,-0.0251588691025972,-0.0516558289527893,0.0357132703065872,2.3601770401000977,0.3882440626621246,1.1441514492034912,1.2336022853851318,0.8473325967788696,0.9191490411758424,1.090599536895752,0.7780367732048035,0.7261061668395996,0.5989456176757812,0.5478713512420654,0.5047411918640137,0.4590835273265838,0.4506972134113312,-0.0318436808884143,0.1840735524892807,-0.1873739957809448,-0.1507736593484878,-0.1742366105318069,0.1261891573667526,0.0782381221652031,-0.0749390721321106,0.0465381033718586,-0.065870352089405,-0.0148932971060276,0.0351162627339363,1.5374549627304075,0.3369148075580597,0.7491867542266846,0.7170338034629822,0.6356115341186523,0.7703694701194763,0.6097614169120789,0.514737069606781,0.4432132542133331,0.4521553814411163,0.388872891664505,0.3068450391292572,0.3074734210968017,0.0037436816177918,0.0017205431456795,0.0184812714249893,0.0080703547288311,25.96842988299896,1,Laryngitis,2328,i_n
-333.9114990234375,112.6478271484375,-0.3781143724918365,91.15806579589844,62.17680358886719,42.03677368164063,-2.924402236938477,-7.714290142059326,15.394888877868652,10.618239402770996,-8.354732513427734,-8.379815101623535,-3.271855354309082,18.118322372436523,7.312916755676269,10.277878761291504,9.143789291381836,7.639970779418945,4.607577323913574,5.675357818603516,4.42540454864502,4.774893760681152,3.2026257514953613,5.445339679718018,4.930956840515137,3.1792356967926025,0.126821368932724,0.2307460457086563,0.0495785698294639,-0.4777002334594726,0.1396234184503555,-0.1466660648584365,0.0230837538838386,0.0247873086482286,0.0656051933765411,0.0497309826314449,0.2174836546182632,-0.1489865779876709,0.0258375015109777,2.569129228591919,1.085360050201416,1.3975019454956057,1.3465746641159058,1.1089102029800415,0.7223693132400513,0.9900644421577454,0.7694741487503052,0.8050726056098938,0.5308426022529602,0.656939685344696,0.7165481448173523,0.4780834019184112,0.2922429740428924,0.2257709205150604,0.0869281142950058,-0.2280594855546951,-0.2391270250082016,-0.061769600957632,0.0853639096021652,0.0606717318296432,0.1348331570625305,0.0698130577802658,0.027951743453741,0.0722727105021476,0.0574609562754631,1.2168160676956177,0.7851210832595825,0.7811912894248962,0.8465946912765503,0.78570157289505,0.4153611063957214,0.597536027431488,0.5918388366699219,0.7106710076332092,0.5205003619194031,0.4629561901092529,0.5504893064498901,0.4841671586036682,0.0926404626837242,0.0600939286865092,0.1398655342487909,0.0659981664460999,12.217147124402883,1,Laryngitis,2351,i_n
-332.8780517578125,135.69908142089844,-15.828795433044434,76.6824951171875,72.20697784423828,11.87229824066162,9.590489387512209,-4.764979839324951,0.3922771513462066,14.714238166809082,-8.919800758361816,-15.13174533843994,2.735511779785156,26.156627655029297,5.926138401031494,6.892714500427246,7.685889720916748,8.67382526397705,3.6405396461486816,3.7921972274780273,4.681324481964111,6.425576686859131,4.096115112304688,4.432718753814697,3.609940052032471,3.475282907485962,-0.6228668093681335,0.0658768191933631,-0.1308041661977768,0.1899928897619247,0.1662027388811111,0.0536834485828876,0.0091874888166785,-0.0090958923101425,0.0989570841193199,-0.0432555228471756,-0.1145541593432426,0.0264670997858047,0.041410893201828,4.433875560760498,0.8463991284370422,1.261768817901611,1.3890796899795532,1.5459537506103516,0.4988012909889221,0.5957610011100769,0.7108303308486938,0.8366597890853882,0.7043983340263367,0.6311073303222656,0.6502764225006104,0.5857430696487427,0.9474552869796752,0.0164658855646848,0.2026323229074478,-0.2616996467113495,-0.312380701303482,-0.0062311948277056,-0.0256201103329658,0.0777925550937652,0.0862746387720108,-0.0538186095654964,0.0017657300923019,0.1025214120745658,0.0156508088111877,3.369362592697144,0.5955080389976501,0.7309846878051758,0.9980065226554872,1.2643800973892212,0.3864795565605163,0.3900818228721618,0.3656774163246155,0.397888034582138,0.4397728443145752,0.3756137192249298,0.4797556102275848,0.3653282225131988,0.002523048329557,0.0009808629518188,0.0111441159224871,0.0054586459098464,34.98342249846276,1,Laryngitis,2404,i_n
-319.6246643066406,153.69573974609375,-13.5370454788208,87.62139892578125,78.43550109863281,17.58837127685547,4.717086791992188,-6.967658996582031,3.0094470977783203,9.345112800598145,2.4794156551361084,-19.1660213470459,-27.1870346069336,22.095129013061523,3.975165843963623,6.014243125915527,10.594538688659668,8.952439308166504,4.733118057250977,2.388640880584717,4.036554336547852,2.4136722087860107,3.4604740142822266,4.387159824371338,3.502509117126465,5.266643524169922,-0.3299047946929931,0.0149246780201792,0.0442754477262496,0.0780166834592819,0.0535724125802516,-0.0132019538432359,-0.0225036405026912,-0.0023921921383589,0.0336954742670059,0.0277595277875661,0.0687504559755325,0.0331281684339046,-0.0475553758442401,3.675452470779419,0.6491896510124207,1.0260521173477173,1.5998605489730835,1.4894061088562012,0.6018218398094177,0.4121621549129486,0.5310415029525757,0.4011658132076263,0.6134546399116516,0.5290228724479675,0.6814677119255066,0.6417680382728577,0.7952752113342285,-0.0946711748838424,0.1716115176677703,-0.3356896340847015,-0.3112371861934662,-0.0424246564507484,0.0052938237786293,0.069517433643341,-0.0174762289971113,-0.0461988076567649,-0.0632287040352821,0.0759520158171653,0.1010971590876579,2.640776872634888,0.440350592136383,0.6783986687660217,1.1479367017745972,1.0699412822723389,0.3669925332069397,0.3520876765251159,0.4446292221546173,0.3127651512622833,0.3208296597003937,0.3757555484771728,0.3892033696174621,0.4163106381893158,0.0020289330947605,0.0008139665723061,0.0110638442353657,0.0045533541553281,28.405507969785347,1,Laryngitis,2424,i_n
-277.252197265625,165.6665496826172,-38.01377868652344,74.33263397216797,48.29597473144531,18.13445854187012,20.2444076538086,-9.986364364624023,-5.341196060180664,2.596778154373169,-8.259215354919434,6.01943302154541,-2.337704658508301,18.49253845214844,8.15955924987793,9.98048496246338,10.075738906860352,7.360085964202881,6.9749250411987305,10.485779762268066,7.553608894348144,9.94963836669922,7.94058084487915,7.417873859405518,6.01048755645752,4.578273296356201,0.0396727882325649,0.1092784330248832,-0.1400200724601745,0.2738119959831238,0.1952782869338989,-0.0059448005631566,-0.1423693597316742,-0.0475242286920547,0.0833267718553543,0.0178373698145151,-0.0733447819948196,-0.001247352338396,0.0486954450607299,2.6441409587860107,1.168768286705017,1.7320798635482788,1.2295092344284058,1.1919203996658323,0.8695371150970459,0.9878215193748474,1.145564317703247,1.1428645849227903,1.2497392892837524,0.9258030652999878,1.070561408996582,0.5414866805076599,0.4374040365219116,-0.1538251638412475,0.3827237784862518,-0.1674296706914901,-0.1740316152572631,-0.054443746805191,-0.031785424798727,0.1186166480183601,-0.0095832180231809,-0.038565520197153,0.0598224885761737,-0.0331461019814014,0.0181714743375778,1.4882293939590454,0.6587279438972473,1.3441840410232544,0.7456609010696411,0.782318651676178,0.5283061265945435,0.544293999671936,0.7062239050865173,0.6658611297607422,0.6431411504745483,0.5824185013771057,0.5495364665985107,0.351526528596878,0.003085177940194,0.0011954349656726,0.0105911070150087,0.0050767658008678,28.32609419906409,1,Laryngitis,2435,i_n
-289.1092224121094,130.716064453125,-14.47360134124756,69.26557922363281,34.84486389160156,22.08820533752441,-3.181468725204468,-17.436220169067383,-3.307464599609375,-1.9241656064987185,-0.5224078893661499,-18.03807830810547,-25.805519104003903,26.756486892700195,5.098048686981201,13.54132843017578,7.671902179718018,6.4145050048828125,4.739409446716309,4.727598190307617,6.185656547546387,5.385773181915283,3.5847482681274414,3.790555715560913,5.477260589599609,6.604538917541504,-1.4292770624160769,0.121411807835102,0.2168935686349868,0.3978048861026764,0.2184077203273773,0.2351918369531631,-0.0979999154806137,-0.1727488487958908,0.167678415775299,0.0686513558030128,0.048517420887947,0.030769845470786,0.1571214646100998,3.892557859420776,1.063935399055481,1.9491558074951167,1.3068519830703735,1.2930010557174685,1.0135854482650757,0.5882692337036133,0.97877037525177,0.7414323091506958,0.5726001262664795,0.550552248954773,0.9453527927398682,1.0469520092010498,1.0470551252365112,0.1427066773176193,0.3103980720043182,-0.3019522428512573,-0.1671251952648162,-0.0525276772677898,0.053884670138359,0.1717394888401031,0.0297267120331525,-0.0126755014061927,0.033553410321474,0.0947076827287674,0.1818812489509582,3.175373315811157,0.6348647475242615,0.797922670841217,0.8836257457733154,0.7589609026908875,0.4744438230991363,0.412433385848999,0.6393956542015076,0.5218209028244019,0.3636085987091064,0.4105781614780426,0.5266723036766052,0.7047863006591797,0.002135878524927,0.0008944310040153,0.0104694098349121,0.0049422468739626,32.16872583928546,1,Laryngitis,2443,i_n
-254.65830993652344,124.36189270019533,-46.15700912475586,77.80567169189453,37.61845016479492,18.98750305175781,-8.687259674072266,-21.469406127929688,18.718883514404297,8.982242584228516,-9.96126937866211,-13.614131927490234,-9.41591453552246,21.9802474975586,5.332563877105713,15.68256664276123,10.973114967346191,5.872560024261475,4.701587677001953,3.6253716945648193,5.126676082611084,4.9101996421813965,3.910444259643554,3.661297082901001,3.336338996887207,3.014523267745972,-1.0644140243530271,-0.1453121453523636,0.2874385714530945,0.0471043847501277,-0.1271990537643432,0.0395453944802284,-0.0263138152658939,0.0760190710425376,-0.1527140587568283,-0.2223084867000579,0.0842142105102539,-0.0617719627916812,-0.0272536035627126,3.3776180744171143,0.9861959218978882,2.327981948852539,2.189038753509521,0.9259293675422668,0.7883992791175842,0.6528974175453186,1.0846775770187378,0.8831097483634949,0.7333381175994873,0.6787903308868408,0.5716006755828857,0.569013774394989,1.1462640762329102,0.1282251924276352,0.4894449412822723,-0.6555095911026001,-0.2253213822841644,-0.11768040060997,0.114172339439392,0.2420491129159927,-0.1291316449642181,0.0006084766355343,-0.0735309273004531,0.0739470794796943,0.1094602569937706,2.5859534740448,0.5845046043395996,1.0138492584228516,1.3936903476715088,0.6238537430763245,0.563765823841095,0.4508858025074005,0.4922011792659759,0.4967088401317596,0.465355783700943,0.5818304419517517,0.3842928409576416,0.4687726199626922,0.0030132690584862,0.0016382842009737,0.0161209443650482,0.0072104673262602,26.850559540036496,1,Laryngitis,2510,i_n
-333.89031982421875,154.11251831054688,-14.545937538146973,63.9556770324707,68.79359436035156,61.10824203491211,-17.501100540161133,-17.969341278076172,23.89254570007324,-5.844629287719727,-6.293413639068604,-1.551925778388977,-16.203508377075195,17.66718292236328,6.464990615844727,13.662216186523438,4.99233341217041,6.669504165649414,5.737677574157715,5.888211727142334,4.057363033294678,4.032192230224609,3.42997407913208,2.558902740478516,3.664129734039306,2.7911951541900635,-0.1420800983905792,-0.1488804221153259,0.2115302383899688,0.0562185868620872,-0.0392842255532741,-0.0763661935925483,0.0781834423542022,0.025414478033781,-0.0527850128710269,0.0107109285891056,0.0115292184054851,-0.0068255471996963,0.0276494491845369,1.2430930137634275,0.6762548089027405,0.8178676962852478,0.5982218384742737,0.8699423670768738,0.887665331363678,0.6395896077156067,0.499787300825119,0.4568006992340088,0.5523695945739746,0.4597878456115722,0.6475032567977905,0.453755110502243,0.094300240278244,0.0221023764461278,0.0468952357769012,-0.0624698773026466,-0.0913584753870964,-0.0954214856028556,0.0125489439815282,0.0471082404255867,-0.0019009760580956,0.0388298146426677,0.0106425127014517,-0.0001625091827008,0.0129372999072074,0.7232943773269653,0.4722171127796173,0.4515216946601867,0.4441340565681457,0.6359944343566895,0.5386803150177002,0.4204304218292236,0.3955506086349487,0.3122608661651611,0.3838283717632293,0.3592959940433502,0.3982283174991607,0.3655482828617096,0.0048659738660338,0.0019378192067828,0.0336281187752375,0.018576051101652,22.4500523993798,1,Laryngitis,2511,i_n
-322.28564453125,115.76714324951172,-19.606782913208008,85.95694732666016,36.27227020263672,8.614691734313965,-33.08523178100586,-5.8885817527771,17.486032485961914,-10.087214469909668,-6.743809700012207,-31.73985290527344,-7.556262969970703,24.0155086517334,8.18122673034668,7.622646331787109,14.20293140411377,5.363707065582275,3.895693302154541,7.382656097412109,4.275704860687256,5.900259494781494,7.055379390716553,3.996994018554688,7.355064392089844,2.9295318126678467,-0.5998592376708984,-0.0038854556623846,0.2685037851333618,0.1851031482219696,-0.1253374814987182,0.0962967723608017,0.1605396568775177,-0.1828846633434295,-0.02653044834733,0.2625558972358703,-0.0081900414079427,-0.1099060550332069,-0.0128434235230088,3.2587852478027344,1.212682008743286,1.508290410041809,2.6178553104400635,0.7822730541229248,0.7758888006210327,1.6027764081954956,0.7539815306663513,1.035177230834961,0.7913832068443298,0.5880094170570374,1.321997880935669,0.6765289306640625,1.251116156578064,0.1369290351867675,0.3842340409755707,-0.6127471923828125,-0.2611993551254272,-0.1095482856035232,0.3382665514945984,0.1455745548009872,-0.1252705305814743,0.0594087056815624,-0.0709591805934906,0.257998913526535,0.047888308763504,3.257021188735962,0.7974910736083984,0.9440696239471436,1.3156981468200684,0.7736662030220032,0.4572727084159851,0.7763901948928833,0.5310750007629395,0.4608896374702453,0.5446959137916565,0.5079607367515564,0.6030639410018921,0.3522966206073761,0.004254650367339,0.002552138659957,0.0198185855414729,0.0120604654856979,29.97219963438107,1,Laryngitis,2514,i_n
-317.00830078125,129.63507080078125,-19.980636596679688,84.91679382324219,48.11150360107422,1.868206262588501,-31.37432861328125,-0.6826574206352234,6.141617298126221,-24.78761482238769,0.6888789534568787,-26.768280029296875,-18.51412582397461,10.704166412353516,8.301616668701172,6.169495582580566,7.570298194885254,3.4089572429656982,4.651697635650635,4.48798418045044,5.204093933105469,5.357621192932129,3.677724838256836,3.34482216835022,3.2954342365264893,4.590121746063232,-0.1837147176265716,0.0464623905718326,-0.0652476251125335,0.0118500599637627,0.0470962524414062,-0.0912942290306091,-0.0269076917320489,-0.0644702613353729,-0.0198955181986093,0.0741506442427635,-0.0135419955477118,-0.0354936309158802,-0.0620389506220817,1.747018814086914,1.10658860206604,1.0136443376541138,1.0440691709518433,0.6026998162269592,0.6414394378662109,0.6419481039047241,0.5225857496261597,0.5229176878929138,0.5887847542762756,0.418546974658966,0.5041465163230896,0.5940513610839844,0.3499171137809753,0.2012781053781509,0.1599421501159668,-0.1433643698692321,-0.026188526302576,0.0518088676035404,0.1103843376040458,0.028410529717803,-0.0361890420317649,0.0498549081385135,-0.0232282988727092,0.0433406084775924,0.0577273182570934,1.3589991331100464,0.8950202465057373,0.6379762291908264,0.6336867809295654,0.3539742231369018,0.497247576713562,0.5494733452796936,0.382444679737091,0.4182210266590118,0.4081963300704956,0.3020214736461639,0.3815510272979736,0.4009417593479156,0.0056464891237632,0.0035265219940504,0.0094043956340503,0.0051774368123836,26.714953750406096,1,Laryngitis,2516,i_n
-305.23638916015625,200.48165893554688,-11.653512001037598,57.97744369506836,39.04925155639648,31.34759330749512,17.21891975402832,-23.97389030456543,-6.301595687866211,0.0271928925067186,-1.766168236732483,-4.41975736618042,-20.760448455810547,17.947540283203125,8.143112182617188,7.79160737991333,6.411258697509766,7.702569961547852,5.1322760581970215,4.364129543304443,5.767873287200928,3.630645275115967,4.465778350830078,4.878177165985107,3.726393699645996,2.500243663787842,-0.5082045793533325,-0.1536064893007278,0.3418041169643402,-0.3106409609317779,0.1954632997512817,0.0901204869151115,-0.1664387881755828,-0.1560300141572952,-0.101178228855133,0.1478130966424942,-0.1056549847126007,-0.1946816444396972,0.0494965091347694,2.228773593902588,1.12478768825531,1.3916926383972168,1.499132513999939,0.8610976338386536,0.7177104949951172,0.6255064606666565,0.7587533593177795,0.6556587815284729,0.7012554407119751,0.7675763368606567,0.6833738684654236,0.4344800114631653,0.7280372381210327,-0.3645000755786896,0.2871848344802856,-0.2857312560081482,-0.0684541091322898,0.0162650775164365,-0.0556024648249149,0.157915249466896,0.0259544588625431,-0.0083379037678241,-0.0183752980083227,-0.1015432402491569,0.049115028232336,1.720683455467224,0.9118952751159668,0.7920383810997009,0.7288022041320801,0.5864130854606628,0.472387433052063,0.4074978828430176,0.6611074209213257,0.524604856967926,0.4720105230808258,0.5145042538642883,0.4428346455097198,0.3012507855892181,0.0050379851673044,0.0019269198537761,0.0300631127053388,0.0115550017909019,24.0350491938664,1,Laryngitis,2525,i_n
-317.7390441894531,136.7153778076172,21.00214958190918,46.83293151855469,24.242576599121094,63.50117874145508,20.25092887878418,-5.646892547607422,-22.892305374145508,7.051732063293457,2.8360090255737305,5.575955390930176,-5.567416191101074,22.898054122924805,5.186289310455322,5.520419597625732,5.108399391174316,6.677422046661377,10.263534545898438,5.190929412841797,4.6184916496276855,5.116852760314941,5.992791175842285,3.558619499206543,6.281484603881836,5.701695442199707,-0.6889559626579285,0.0418310239911079,-0.0638589113950729,0.0532209575176239,0.0903668850660324,0.1409392952919006,0.1148768067359924,-0.0469814874231815,-0.0745631456375122,0.0325624458491802,-0.0085945585742592,-0.0473566986620426,-0.0231796558946371,1.8633838891983032,0.6845568418502808,0.6459220051765442,0.7039452195167542,0.6717436909675598,1.6408628225326538,0.6991352438926697,0.8421759009361267,0.7230204939842224,0.7361830472946167,0.5922675728797913,0.6312589645385742,0.7929276823997498,0.3105672299861908,-0.0163395944982767,-0.0302613694220781,-0.034108143299818,0.0237430445849895,-0.1954306215047836,-0.0333163328468799,0.0198888089507818,0.0561975166201591,0.0368953682482242,-0.0140356309711933,-0.0788819938898086,-0.0151724778115749,1.597860336303711,0.4396826326847076,0.45614093542099,0.453354150056839,0.4711010754108429,0.9396910071372986,0.5775630474090576,0.5745681524276733,0.6242786645889282,0.5603870749473572,0.4645510017871856,0.4836972653865814,0.4159136116504669,0.0061731001956228,0.0025615018592895,0.0223707465064363,0.0119457293451689,23.639401958911964,1,Laryngitis,2541,i_n
-329.6271667480469,157.9418182373047,-42.26755905151367,68.26473999023438,44.21285629272461,17.9361572265625,7.927408218383789,-7.071914196014404,-17.79655647277832,-10.320734977722168,13.027785301208496,-9.694842338562012,-22.310131072998047,28.15330696105957,6.566289901733398,14.589709281921388,9.46802806854248,5.18862771987915,4.952688217163086,3.5608327388763428,2.7866759300231934,2.7097389698028564,2.316561460494995,3.79483413696289,2.30668044090271,1.9936063289642327,0.2003393918275833,-0.0108631225302815,0.4720536768436432,-0.3167286813259125,-0.1140166968107223,-0.0371853709220886,0.1170824915170669,-0.049261886626482,-0.0509274937212467,0.1220591366291046,-0.1531251519918441,-0.028647743165493,0.0516655854880809,3.379611253738404,1.163522481918335,1.1478517055511477,1.1017258167266846,0.8893084526062012,0.6513218879699707,0.3812037110328674,0.5192853808403015,0.3178550601005554,0.4192108809947967,0.4616426825523376,0.4082367718219757,0.4132394194602966,0.4411145150661468,-0.0026178837288171,0.2461986094713211,-0.1337492316961288,-0.0824427232146263,-0.0405328907072544,-0.0091976141557097,-0.0247378628700971,0.0591000691056251,0.0115173086524009,-0.0213936455547809,0.023573599755764,0.0129548059776425,1.6078084707260132,0.7263472676277161,0.6081008315086365,0.4788742065429687,0.4757636487483978,0.3148940205574035,0.2582032084465027,0.2582601010799408,0.2650224566459656,0.2501391768455505,0.299072802066803,0.2428220957517624,0.255082219839096,0.0026291009426814,0.0013521122028815,0.0138087660041763,0.0054077749629862,29.735016192748542,1,Laryngitis,2542,i_n
-290.09051513671875,163.01759338378906,-8.510403633117676,73.61618041992188,42.05652618408203,45.97525405883789,0.2947406768798828,-2.9724020957946777,9.276641845703123,-5.9401679039001465,7.419066429138184,-4.955940246582031,-8.32872200012207,33.536556243896484,16.239049911499023,14.567662239074709,7.886044502258301,6.683840751647949,5.235435485839844,5.681205749511719,7.798596382141113,3.8398263454437256,4.086339473724365,4.309608936309815,3.9522347450256334,3.89535403251648,-0.2020033299922943,-0.1344736814498901,0.2102518528699875,0.019599599763751,0.0725939124822616,0.048818077892065,0.1053254380822181,0.2232043147087097,-0.0142250806093215,-0.0221300926059484,0.0084572415798902,-0.1358825713396072,-0.0624747686088085,5.283062934875488,2.158697843551636,2.5466830730438232,1.1608458757400513,1.344037652015686,0.7321793437004089,0.9258684515953064,0.95608389377594,0.6809405088424683,0.7749170064926147,0.6406943798065186,0.5183113217353821,0.5542190074920654,0.0138734988868236,-0.0444533787667751,0.0377184860408306,-0.0374927520751953,-0.0180078744888305,-0.0450101308524608,0.0274411495774984,-0.0054796277545392,0.0221954155713319,0.0290468260645866,-0.0356621965765953,-0.0110206054523587,0.0195258054882287,2.6618540287017822,1.1456048488616943,1.3523696660995483,0.8683720231056213,0.8688329458236694,0.5328441858291626,0.6500364542007446,0.5962062478065491,0.5258203744888306,0.5210159420967102,0.4402070641517639,0.3238021731376648,0.3257838189601898,0.023631202660915,0.0085508353551713,0.0493794115905241,0.0216588533746693,18.313045486192053,1,Laryngitis,2555,i_n
-270.911865234375,148.26258850097656,-38.61187362670898,94.1487808227539,50.9796142578125,35.595245361328125,-6.498199462890625,-10.796260833740234,18.7565860748291,-10.771145820617676,-4.669310092926025,0.0102319596335291,-8.671767234802246,20.34856414794922,6.521474838256836,7.850665092468262,10.39535427093506,15.328241348266602,4.986571311950684,8.03860855102539,12.342001914978027,7.130425453186035,4.588826656341553,5.787623882293701,5.131773471832275,5.1498332023620605,-0.7221297025680542,0.2571144998073578,0.0297007150948047,0.0812852308154106,0.1956056952476501,0.0680769085884094,0.025905642658472,-0.1991629153490066,-0.0092231463640928,-0.0225521866232156,-0.131313070654869,0.0088913599029183,-0.0498216450214386,1.85948646068573,0.8352232575416565,0.9611295461654664,1.2897342443466189,0.8210367560386658,0.7892642021179199,0.7717437744140625,0.72005295753479,0.7612647414207458,0.7172141075134277,0.8002039194107056,0.7041006088256836,0.5921086668968201,0.2480309903621673,-0.0733678936958313,0.2132914513349533,-0.1816964745521545,-0.0012926855124533,-0.0891763940453529,0.0149854123592376,0.0869661495089531,0.0495471991598606,0.0080566927790641,-0.0240664817392826,0.0378738567233085,0.0276991333812475,0.9115776419639589,0.5009056329727173,0.9296751022338868,0.8313906788825989,0.4141695499420166,0.4935865998268127,0.5463746786117554,0.5504563450813293,0.4678467810153961,0.4537100195884704,0.4702697396278381,0.3608417510986328,0.3623500168323517,0.004808251081454,0.0024224218752549,0.0215734542243018,0.0110717978589506,22.459417792776705,1,Laryngitis,2556,i_n
-284.2545166015625,117.54744720458984,-34.561859130859375,87.77139282226562,30.637523651123047,17.823396682739258,-10.363551139831545,-14.537827491760254,-6.513862609863281,-6.620412826538086,-5.499444007873535,-17.230249404907227,-6.2826337814331055,24.647953033447266,4.956075191497803,10.96560287475586,12.579580307006836,5.47728967666626,6.023685932159424,4.802061557769775,7.168384075164795,3.5677759647369385,5.735311031341553,4.745414733886719,3.7589516639709473,3.068880319595337,-0.3027755916118622,-0.0694073662161827,0.0551734268665313,0.172965258359909,-0.094651274383068,-0.0387936569750309,0.1329164952039718,-0.0614235736429691,-0.015042251907289,0.070439800620079,-0.0916174724698066,0.0560080036520957,0.0815353915095329,5.206044673919678,0.9434289336204528,1.8060961961746216,2.5854735374450684,0.9090613722801208,0.9166148900985718,0.8185351490974426,0.8054734468460083,0.5766366124153137,0.7011535167694092,0.7475206851959229,0.807701587677002,0.5746465921401978,1.2947431802749634,0.101130224764347,0.5542753338813782,-0.565496563911438,-0.2078652381896972,-0.1020590215921402,0.1677121073007583,0.1422210037708282,0.0619055964052677,0.0261337663978338,-0.0416835993528366,0.1650721728801727,-0.0003007975465152,3.0534884929656982,0.4065231382846832,1.4142876863479614,1.3378640413284302,0.6751272082328796,0.6406932473182678,0.578554093837738,0.5315753221511841,0.4295824468135834,0.47149857878685,0.5866543650627136,0.4926514029502868,0.4317636489868164,0.001943969439364,0.0008129878619403,0.0059084249297219,0.0026489574961581,29.173821746300245,1,Laryngitis,2567,i_n
-369.5901489257813,124.90225219726562,-3.4240939617156982,46.40076446533203,60.425758361816406,66.22920227050781,-24.7446517944336,-19.2552490234375,3.8071365356445312,11.945844650268556,-19.24424934387207,-12.285211563110352,-9.192167282104492,25.523324966430664,10.73243808746338,4.953576564788818,5.998376846313477,8.536145210266113,6.624752044677734,5.252346515655518,5.317080974578857,5.31108283996582,4.205446243286133,5.29399299621582,4.042471885681152,4.871921539306641,0.0557502098381519,-0.0955173820257186,-0.0221956465393304,-0.0759958624839782,-0.0821080431342125,-0.2201534658670425,0.0558024421334266,0.0228680707514286,0.0037240867968648,-0.0725773945450782,-0.0155384084209799,0.0540464669466018,0.0274343062192201,2.679236888885498,1.1614677906036377,0.762984037399292,0.8913110494613647,1.2379615306854248,1.1758472919464111,0.9201774597167968,0.9945632815361024,0.6021567583084106,0.5494762659072876,0.6444703340530396,0.5586059093475342,0.7317698001861572,0.3356629908084869,0.1076874062418937,0.097967229783535,-0.0898598954081535,-0.1312716752290725,-0.1349491328001022,0.1176685243844986,0.0803681463003158,0.0482000298798084,0.0372041687369346,0.0732453316450119,-0.0305946636945009,-0.0384976752102375,1.3488054275512695,0.8302592635154724,0.4930177628993988,0.5074743628501892,0.5664367079734802,0.6405750513076782,0.5997430682182312,0.5689436793327332,0.4278738796710968,0.4083324372768402,0.5222809910774231,0.4836171269416809,0.4837071299552917,0.0033094936003273,0.0014830108859992,0.0101436595526434,0.0050363151779847,26.502216627443136,1,Laryngitis,2574,i_n
-311.9027709960937,86.64692687988281,-25.321870803833008,105.1042251586914,24.104093551635746,16.73311996459961,-9.079815864562988,-19.901348114013672,20.31086158752441,-0.2189049571752548,-30.95089530944824,-16.561824798583984,0.3920221030712127,23.865583419799805,7.3858747482299805,6.906558036804199,10.309117317199709,4.179729461669922,3.516319274902344,3.501526117324829,3.5442848205566406,3.477512836456299,2.4438297748565674,3.0889809131622314,3.2776687145233154,2.8275604248046875,-0.6239699125289917,-0.0423241592943668,-0.0595944784581661,0.0754647478461265,0.0243863556534051,-0.0053034657612442,-0.0042377202771604,-0.1002115160226821,0.040685448795557,0.0345664732158184,-0.0513259097933769,-0.0149379484355449,-0.0112797077745199,3.56673002243042,1.3414627313613892,1.158842921257019,1.8939661979675293,0.6209411025047302,0.5522633194923401,0.6411067247390747,0.609722912311554,0.5947566628456116,0.3485126793384552,0.5377105474472046,0.5885077118873596,0.3658700883388519,0.8077183961868286,0.2628030478954315,0.2267956286668777,-0.4081011414527893,-0.1034269481897354,-0.0309047754853963,0.1043361648917198,0.0959256142377853,-0.0765833407640457,-0.0034664785489439,0.1007614508271217,0.061214555054903,-0.0039546084590256,2.6606879234313965,0.8360199332237244,0.8471393585205078,1.3355016708374023,0.4639313817024231,0.366709440946579,0.39431893825531,0.4599003493785858,0.3913928568363189,0.2513100504875183,0.3879291713237762,0.3427559435367584,0.257871925830841,0.001435463307879,0.0007781342157441,0.0055273372009373,0.0022683138323144,34.14191001003893,1,Laryngitis,2578,i_n
-239.2818603515625,95.70537567138672,-3.22328782081604,82.33960723876953,16.42806053161621,71.79219818115234,7.097352981567383,-34.616310119628906,10.976648330688477,21.02821350097656,-18.76263999938965,1.7817305326461792,-22.35407829284668,21.14775276184082,12.421010971069336,7.51201057434082,8.837874412536621,7.885820388793945,10.196340560913086,4.787131309509277,5.193693161010742,5.363728046417236,10.94740867614746,8.691871643066406,6.192653656005859,9.110271453857422,-0.952526867389679,-0.4019616842269897,0.2072816342115402,0.549124002456665,-0.2417841553688049,0.4264146685600281,0.2188010066747665,-0.062922716140747,-0.0508242808282375,0.2195938676595688,-0.0087845437228679,0.1034003347158432,0.2299338728189468,3.136279582977295,1.0670193433761597,0.8787316083908081,1.338019847869873,0.7361053824424744,1.915915846824646,0.9011934995651244,1.0522114038467407,0.678436279296875,1.1258405447006226,1.2495564222335815,0.9745218753814696,0.783210277557373,0.7815593481063843,0.2658545076847076,0.2328962236642837,-0.2883597910404205,-0.1781837195158004,-0.5149969458580017,-0.0454935207962989,0.2421123683452606,0.076459027826786,-0.0793224573135376,0.2976542115211487,0.0947153493762016,0.0686124414205551,2.2450761795043945,0.7586049437522888,0.7163658738136292,1.228579044342041,0.5631371736526489,1.2258254289627075,0.5895153880119324,0.6380467414855957,0.4243047535419464,0.558441698551178,0.8023552894592285,0.5121091604232788,0.439245194196701,0.0051983239945706,0.0027844670592475,0.0299843157588869,0.0142555763796945,19.88029098815109,1,Laryngitis,2582,i_n
-300.1702575683594,116.75714874267578,-10.21883487701416,69.4325942993164,54.13216400146485,10.831076622009276,-14.013632774353027,-0.6830956339836121,5.925063610076904,-0.3152547180652618,-4.795336723327637,-19.56464385986328,-4.586343288421631,21.164220809936523,5.8493828773498535,11.062414169311523,7.170107364654541,6.173701286315918,3.855334758758545,5.173680305480957,6.87064266204834,3.466308116912842,4.196559906005859,3.957355737686157,4.567006587982178,6.70517635345459,0.0791709423065185,-0.0444358624517917,0.1738742738962173,-0.0650144889950752,-0.0761256664991378,0.0419161953032016,0.0359131060540676,-0.0448964275419712,0.01614785566926,0.0292596146464347,-0.0429168157279491,0.0431304387748241,0.0180797949433326,3.5003604888916016,0.9528799057006836,1.0931330919265747,1.2628111839294434,1.0072201490402222,0.6079041957855225,0.8997570872306824,0.8075993657112122,0.4808522760868072,0.5948132276535034,0.5588770508766174,0.6149687170982361,0.7806234359741211,0.8596654534339905,0.1819294095039367,0.1540745794773101,-0.2398483753204345,-0.1652673333883285,-0.0096810674294829,0.0456566847860813,0.031046163290739,0.0168655831366777,-0.0159128550440073,0.0052126073278486,0.0894574522972107,0.0189775452017784,2.986276626586914,0.8571616411209106,0.8242156505584717,0.8556161522865295,0.6689433455467224,0.4194905459880829,0.4666972160339355,0.4023837149143219,0.4110954701900482,0.4279483556747436,0.428071916103363,0.4470842182636261,0.4431425929069519,0.0056283590115531,0.0035525134633391,0.0204484311148229,0.0121091242055778,27.34911054552071,1,Laryngitis,2585,i_n
-339.1127014160156,150.32164001464844,19.099380493164062,81.1448745727539,48.32974243164063,27.723636627197266,-28.754150390625,8.043103218078613,19.90348052978516,-6.219995498657227,-22.520565032958984,-2.98355770111084,-0.0175141040235757,22.057262420654297,10.02568531036377,7.584900379180908,9.752280235290527,6.305581569671631,4.876948833465576,6.024661064147949,4.424178600311279,4.70270299911499,3.696749687194824,3.5587477684021,3.571466445922852,2.9755046367645264,-0.1156033053994178,-0.1285723447799682,-0.0188853107392787,-0.1828788965940475,-0.0953303277492523,-0.0802280753850936,0.0955896601080894,0.0579073764383792,0.0412864461541175,0.0144372088834643,0.0327507071197032,-0.05829469114542,-0.0264429561793804,2.553476333618164,1.1979765892028809,0.8725460171699524,1.784985065460205,1.057076096534729,0.6943044066429138,0.8443870544433594,0.6958804726600647,0.5930683016777039,0.6185693144798279,0.5327053666114807,0.6333027482032776,0.5063593983650208,0.3804041147232055,0.0343226976692676,-0.1045567765831947,-0.2156374156475067,-0.0515140146017074,-0.0620844103395938,0.0994657278060913,-0.0173226352781057,-0.0742784067988395,-0.0507677644491195,0.0361462607979774,0.0224997140467166,0.035469427704811,2.0102601051330566,0.5822861790657043,0.6287416815757751,0.935682773590088,0.6074424386024475,0.539534330368042,0.5142416954040527,0.4619650840759277,0.4365758001804352,0.5011463165283203,0.4810926914215088,0.4277583956718445,0.3927917778491974,0.0463455194856504,0.0288397688513075,0.2300300208556273,0.142418253631972,12.108458579741136,1,Laryngitis,2588,i_n
-306.0574951171875,132.24391174316406,-17.82423973083496,73.55805206298828,48.89523696899414,32.17200469970703,-8.066089630126953,4.644459247589111,17.974979400634766,-7.128145217895508,8.457991600036621,1.1182430982589722,-13.457855224609377,28.01286697387696,5.328973293304443,7.814389705657959,6.933145999908447,7.297019958496094,5.434642314910889,5.083933830261231,4.955945014953613,6.537850379943848,5.411148548126221,3.6962153911590576,3.415211677551269,4.355430603027344,-0.0657980144023895,-0.0893515795469284,0.1389259397983551,0.0452893935143947,0.0403436720371246,0.0434457287192344,0.0256343409419059,-0.0478277057409286,0.0229198671877384,0.1048317328095436,-0.0489841923117637,-0.0347889997065067,0.0310264509171247,2.378245115280152,0.8778294920921326,0.8445206880569458,1.2130147218704224,0.923309862613678,0.7624497413635254,0.4705208837985992,0.711502194404602,0.7554062604904175,0.6263179779052734,0.5549144744873047,0.5719390511512756,0.5212348103523254,0.3375356793403625,0.0637751594185829,0.1094570532441139,-0.1734428852796554,-0.1171030327677726,-0.0795834809541702,0.0529276579618454,0.0557969510555267,-0.0188658852130174,0.000301225692965,-0.0291279572993516,0.0285245291888713,0.0381181202828884,1.6834571361541748,0.4885299801826477,0.6163855791091919,0.8022721409797668,0.7361751794815063,0.5737584829330444,0.3935734629631042,0.5892031788825989,0.4913805723190307,0.4663341045379638,0.4217059910297394,0.4644851684570312,0.376587301492691,0.0040373943782442,0.0022484321860509,0.0272123418464913,0.012052983284543,23.092025637095933,1,Laryngitis,2600,i_n
-227.49090576171875,99.10306549072266,-21.891401290893555,83.88488006591797,16.300893783569336,28.115951538085938,-12.2254056930542,-8.342072486877441,-0.1678235679864883,10.340150833129885,-7.618055820465088,-17.01546859741211,-0.845824122428894,15.233488082885742,6.384568214416504,6.029092311859131,6.278213977813721,5.529166221618652,5.01469612121582,4.260464668273926,4.5145673751831055,4.407168865203857,4.684670448303223,4.729766845703125,3.547680139541626,2.6292169094085693,-0.5825546979904175,-0.0266100335866212,0.0040115695446729,0.0164066590368747,-0.0232401397079229,0.054871067404747,-0.0729826837778091,-0.0039761909283697,-0.0263168271631002,0.0034898724406957,-0.0247988011687994,0.0028460980392992,0.0175726953893899,1.9987982511520384,1.0239018201828003,0.9522701501846312,1.119740605354309,1.0405759811401367,0.8797471523284912,0.6480929255485535,0.7255616784095764,0.823802649974823,0.5647197961807251,0.58507239818573,0.5616734027862549,0.4882837533950805,0.3293579220771789,0.1614248603582382,0.1922152787446975,-0.1200607568025589,-0.0198528356850147,-0.0668306052684784,0.071805752813816,0.0800550431013107,0.0219713002443313,-0.0601145476102829,0.0291998349130153,0.0392678044736385,0.0249333456158638,1.390635967254639,0.9329372048377992,0.902051568031311,0.932827353477478,0.653182327747345,0.5299897193908691,0.4283306300640106,0.5265424251556396,0.4797958433628082,0.538288414478302,0.4335387051105499,0.4439453184604645,0.3643576204776764,0.010269138068916,0.0059316699699104,0.0427601657851553,0.022535164365183,20.765024107403192,1,Laryngitis,2602,i_n
-269.0741882324219,124.42203521728516,-10.296841621398926,67.54705810546875,35.40204620361328,56.53898620605469,-11.736214637756348,-18.7746696472168,1.021809697151184,7.272664546966553,-11.604671478271484,-33.405357360839844,-12.024391174316406,27.048315048217773,10.225834846496582,6.774046421051025,5.094573497772217,6.555678367614746,4.878420352935791,6.512739181518555,4.639400005340576,6.408486843109131,3.7771077156066895,5.082497596740723,3.789061784744263,3.447067975997925,-0.6935478448867798,0.0414684005081653,0.1044837012887001,0.0226685926318168,0.1194137334823608,-0.0535823367536067,0.1637044548988342,0.0156638044863939,0.1521838456392288,-0.0340208411216735,-0.0367725230753421,-0.0475229993462562,0.0114819351583719,1.5590730905532837,1.171484351158142,0.9261475801467896,0.8320556282997131,0.8852202892303467,0.7207441926002502,0.602920651435852,0.6950317621231079,0.7515960931777954,0.7479905486106873,0.7288768291473389,0.6579808592796326,0.6047664880752563,0.1319120973348617,0.1272259950637817,0.0518600344657897,-0.0716870725154876,-0.0955588296055793,-0.0566601455211639,0.0088558718562126,0.0145619679242372,-0.0099494336172938,-0.0178363509476184,0.0314938984811306,0.0131992707028985,-0.0061962017789483,0.8695632219314575,0.6621525883674622,0.4816537797451019,0.575110673904419,0.551651656627655,0.4553065598011017,0.431253582239151,0.3903782367706299,0.4080515503883362,0.4355345964431762,0.4730548560619354,0.3547361195087433,0.3482603430747986,0.0085856139093052,0.0045409668930216,0.0388899481855351,0.0222452388359208,18.582530870725883,1,Laryngitis,2605,i_n
-288.95281982421875,119.25838470458984,-37.34706878662109,76.19396209716797,45.55587387084961,19.17714500427246,-32.244049072265625,-16.185060501098633,9.43717098236084,-24.20726585388184,-14.49350357055664,-21.304338455200195,-33.524139404296875,21.71541976928711,6.716876983642578,9.134782791137695,9.396596908569336,6.785341262817383,5.658834934234619,6.089304924011231,5.711033344268799,4.379456996917725,5.031608581542969,4.250958442687988,4.791011810302734,5.300097465515137,-0.3727594316005707,-0.0013693670043721,-0.1757483631372451,-0.1527871638536453,0.0058638215996325,-0.0610809810459613,-0.1557674258947372,-0.0761667191982269,-0.0076111010275781,0.0157208982855081,0.0838100835680961,-0.0085234697908163,-0.1606724113225937,2.9638447761535645,1.1533113718032837,1.3712559938430786,1.370510816574097,0.7801060676574707,0.9303434491157532,1.200163960456848,0.6837122440338135,0.6833561062812805,0.7491204738616943,0.5788352489471436,0.8862119913101196,0.8797358870506287,0.5519883632659912,0.108094573020935,0.2697198987007141,-0.2820934355258941,-0.0353380441665649,-0.0116726793348789,0.1469348818063736,0.0832995697855949,-0.0899943262338638,0.0137605452910065,0.029384946450591,0.128796175122261,0.0764021798968315,2.022725820541382,0.7828840613365173,1.068598747253418,1.1456236839294434,0.3849585354328155,0.5172633528709412,0.6809084415435791,0.4816963970661163,0.5770936012268066,0.4133135378360748,0.3991360664367676,0.57877117395401,0.4703762233257293,0.0038036397268969,0.0021095679823689,0.0110640698220694,0.0052062285955073,25.59552005779949,1,Laryngitis,2610,i_n
-332.3631286621094,132.02227783203125,8.205185890197754,99.05271911621094,47.29599380493164,42.95183563232422,-1.4089020490646362,1.7209535837173462,6.903197765350342,-13.890542984008787,5.026050090789795,-6.287366390228272,-3.906211853027344,14.30360984802246,3.2713699340820312,5.049689292907715,5.99193000793457,4.551624298095703,4.79716682434082,3.7894020080566406,3.798964023590088,4.293575286865234,3.7423255443573,4.915367126464844,3.950272798538208,3.726568937301636,0.0232489500194787,-0.0135004501789808,0.1008410975337028,-0.1954783648252487,0.088337518274784,0.0200614854693412,0.014512114226818,0.0750417411327362,-0.0151158971711993,-0.0496468916535377,0.0104746716096997,0.0341644249856472,-0.0168544016778469,1.3615472316741943,0.6060044169425964,0.6428200006484985,0.7710525393486023,0.7388831377029419,0.6034673452377319,0.5502781271934509,0.5749086141586304,0.8081597685813904,0.5036166310310364,0.8309066891670227,0.6480038166046143,0.5324464440345764,0.1953729391098022,0.0694338530302047,-0.026007467880845,-0.0467177107930183,-0.0769647061824798,-0.0971445515751838,0.0102310879155993,0.0643176063895225,0.0509744212031364,0.0301268380135297,-0.0231380462646484,0.003559392876923,0.0060510532930493,0.9233826398849488,0.4673764407634735,0.4259223043918609,0.6263628005981445,0.6242927312850952,0.5538370013237,0.4201240539550781,0.4443831443786621,0.5374217629432678,0.4434019029140472,0.4803699851036072,0.4171439111232757,0.3733680248260498,0.003822152441356,0.0021322679641464,0.0378434044901265,0.0223239779667754,24.212324797559944,1,Laryngitis,493,i_n
-301.8828430175781,148.80288696289062,3.865302562713623,83.76683807373047,38.71926498413086,41.23936080932617,-15.60801887512207,-9.930505752563477,3.450899839401245,2.7887637615203857,14.380111694335938,-30.2437744140625,-7.700265884399414,13.06528663635254,5.690072536468506,7.0502119064331055,6.143547534942627,3.718867778778076,3.122694730758667,5.455230236053467,2.8817594051361084,4.304703235626221,3.5606396198272705,3.579309225082397,3.567059278488159,2.670337438583374,0.1825045943260193,-0.0282994620501995,0.0024011901114135,-0.0987980365753173,0.003035495057702,-7.620749966008589e-05,0.0043369955383241,0.0193782653659582,-0.0082229813560843,-0.0565892867743968,0.0086713563650846,0.032380674034357,-0.0380453616380691,1.601210355758667,0.6604532599449158,0.7554147243499756,0.8052682876586914,0.6021049618721008,0.5226098895072937,0.7677306532859802,0.4926863610744476,0.5014510154724121,0.4619676768779754,0.4296769499778747,0.5683431625366211,0.4259635508060455,0.2100849449634552,0.0163785312324762,0.0768824145197868,-0.0925194397568702,-0.0652214735746383,-0.0374491214752197,0.0596009083092212,0.031493779271841,-0.0037550549022853,0.0080253826454281,-0.0295214727520942,0.0390898622572422,0.0370495989918708,1.133681297302246,0.4516025185585022,0.4758533835411072,0.6092333197593689,0.4841214418411255,0.3246390521526336,0.5001260042190552,0.3689774870872497,0.3643391132354736,0.3438185155391693,0.4179906249046325,0.4012186527252197,0.3500921428203583,0.0031912372880248,0.0016949148405616,0.0203888104029926,0.0102852379200789,28.25593992774484,1,Laryngitis,497,i_n
-298.6695556640625,82.94950103759766,-0.6915620565414429,103.1125259399414,15.925524711608888,36.21962356567383,-26.61126136779785,-3.212456703186035,21.183319091796875,-19.70171165466309,-8.0306978225708,-13.47760772705078,-7.216382026672363,19.40066337585449,7.496754169464111,5.165019035339356,8.895148277282715,7.030697345733643,4.366223335266113,5.090939998626709,4.284425258636475,4.790857791900635,4.047059535980225,3.8977279663085938,4.812325477600098,3.414104461669922,0.0869861394166946,0.0817190110683441,0.0442726649343967,-0.0090720979496836,0.0735481455922126,0.0632926449179649,-0.099782109260559,-0.0334104374051094,-0.0251556821167469,-0.0290539506822824,-0.0049317954108119,-0.1120571717619896,0.0289092119783163,2.272094249725342,1.3166707754135132,0.7729490399360657,1.4876805543899536,0.5950826406478882,0.6618301272392273,0.794369637966156,0.6160789132118225,0.5635336637496948,0.6030212640762329,0.653041422367096,0.6430360078811646,0.5394843220710754,0.3202198445796966,0.2532146573066711,0.1105981692671775,-0.2428971529006958,-0.0603101477026939,-0.062990665435791,0.0664216056466102,-0.0184482242912054,-0.0479326285421848,0.0456476248800754,0.0248143915086984,0.0381608605384826,-0.014694545418024,1.4152183532714844,1.100590705871582,0.6159160137176514,1.1029335260391235,0.4676654636859894,0.5324541330337524,0.5308286547660828,0.5110480189323425,0.4593152701854706,0.5318922400474548,0.5221375226974487,0.5025988221168518,0.3694693744182586,0.0057464269831519,0.0033681953294704,0.0429368640707158,0.0202303432368666,20.23813911725228,1,Laryngitis,498,i_n
-274.9674072265625,184.6415557861328,-34.64839553833008,41.88603591918945,41.15568542480469,72.0390853881836,-18.74185943603516,-30.258451461791992,32.45077896118164,-6.394671440124512,-20.32651901245117,7.402260780334473,-7.963476657867432,12.348600387573242,6.542937755584717,5.883132457733154,3.157489538192749,2.954538345336914,6.16330099105835,5.3757171630859375,4.207193851470947,2.9837825298309326,3.655138731002808,4.388783931732178,2.699406147003174,2.327722311019897,-0.5044071674346924,0.1568932831287384,0.0192382037639617,-0.011881036683917,0.0012207520194351,0.0510775931179523,0.0150676472112536,-0.073586493730545,0.0297202579677104,-0.0655714645981788,-0.0907711386680603,0.0442558266222476,-0.0457066558301448,1.566583514213562,0.88234943151474,1.0692481994628906,0.5490537285804749,0.3435302376747131,1.0656439065933228,0.5721383094787598,0.5815159678459167,0.4853736162185669,0.5197994112968445,0.4896943271160126,0.3459125161170959,0.3893991410732269,0.2573206424713135,-0.1671485900878906,0.1794062256813049,-0.0770720168948173,-0.0240847021341323,-0.1562303304672241,0.0696990117430687,0.0602349862456321,-0.0575466938316822,0.0747125819325447,0.0473701283335685,-0.0454744957387447,-0.0035298664588481,1.1647369861602783,0.6904388666152954,0.7347200512886047,0.4178791344165802,0.3236949443817138,0.7123753428459167,0.3650718331336975,0.3584557771682739,0.3689837753772735,0.3808659017086029,0.30528125166893,0.3098263442516327,0.265078604221344,0.0057563445106625,0.0025608087957598,0.0155685473186219,0.0074950021325806,24.32927335479351,1,Laryngitis,563,i_n
-370.32421875,92.20169067382812,-2.7034826278686523,94.4445343017578,34.94154739379883,6.409751892089844,-13.24964427947998,17.13840675354004,22.93888092041016,-25.79511260986328,-5.624567031860352,5.787592887878418,-17.095348358154297,23.90201568603516,7.405402660369873,6.597011089324951,9.530468940734863,6.455988883972168,4.636985778808594,6.629842281341553,4.870450496673584,4.529872894287109,5.718327522277832,4.409809112548828,7.57415246963501,4.093835353851318,-0.1906232237815857,-0.0136789111420512,0.0030104212928563,0.0667377263307571,-0.0161744933575391,-0.0069211269728839,0.0192759782075881,-0.0009669131832197,0.0296761188656091,-0.0214144606143236,-0.0242564361542463,0.0363215021789073,-0.0188117288053035,4.067902565002441,1.2536050081253052,0.7883777618408203,1.6041492223739624,0.7107741832733154,0.5618460178375244,0.8478499054908752,0.4782491624355316,0.6128823757171631,0.7564795017242432,0.5479978919029236,0.6995174288749695,0.4849444627761841,0.713139533996582,0.1973014026880264,0.1137659102678299,-0.24496591091156,-0.0559942312538623,-0.0064142639748752,0.0797781720757484,-0.0293627418577671,-0.0628782361745834,0.0824980810284614,0.0224916450679302,0.0081348428502678,0.0277430303394794,2.767059326171875,0.8647525310516357,0.6114934086799622,0.968277096748352,0.4020773470401764,0.3140410780906677,0.4377894699573517,0.3267543911933899,0.4367367923259735,0.4811220467090606,0.3279346525669098,0.4364866912364959,0.3743598461151123,0.0012338108741891,0.0006618803664197,0.0094316707752678,0.0040070224448485,34.62266278446437,1,Laryngitis,568,i_n
-345.9971008300781,104.59228515625,-23.73725318908692,88.29924011230469,40.36012649536133,16.999107360839844,-41.085899353027344,0.2749381363391876,19.83805656433105,-34.15027618408203,-21.465694427490234,-12.27701187133789,-10.23826503753662,19.0074520111084,13.938446044921877,9.232335090637209,9.620281219482422,4.83146333694458,6.385317325592041,5.7322845458984375,5.30788516998291,5.288646697998047,5.197574615478516,7.08046293258667,4.964130878448486,4.868582248687744,-0.3566232025623321,0.1073051542043685,0.1232528612017631,-0.0773283168673515,-0.0150401759892702,0.147619754076004,-0.0326022207736969,-0.1121802255511283,0.0357160381972789,0.040142748504877,-0.125880092382431,-0.1012221425771713,0.0983707755804061,3.361870527267456,2.004173040390014,1.52258038520813,1.6064897775650024,0.7064599394798279,0.9019768834114076,1.0447697639465332,0.7755809426307678,0.9152594804763794,0.711089015007019,0.6204328536987305,0.800007164478302,0.5412483215332031,0.6791947484016418,0.2194314002990722,0.1944668442010879,-0.275121659040451,-0.0403402782976627,-0.0623465999960899,0.2057718932628631,0.1021168455481529,-0.0244924612343311,0.1016185581684112,-0.000964144419413,0.0363148897886276,0.040169671177864,2.549828052520752,1.182030200958252,0.8262163996696472,1.076810359954834,0.494009256362915,0.5131726861000061,0.8121509552001953,0.5462092757225037,0.5503807663917542,0.5604099035263062,0.3439951539039612,0.5149883031845093,0.3466514050960541,0.0071140887454331,0.0041908613522311,0.0494493899551807,0.0304845599003444,23.868383419325923,1,Laryngitis,715,i_n
-285.7676086425781,151.0415496826172,-25.706356048583984,80.16985321044922,57.547019958496094,39.96157455444336,-10.878795623779297,-10.969529151916504,4.836484909057617,-1.265030026435852,-2.424956798553467,-22.46845436096192,-18.410823822021484,25.37273597717285,5.346889019012451,9.457846641540527,11.742441177368164,6.534947395324707,4.8476338386535645,3.2315268516540527,3.02770733833313,4.136041641235352,3.0901153087615967,3.097445249557495,3.683774471282959,3.1909773349761963,-1.423004984855652,0.162414938211441,0.138698324561119,0.0045811012387275,0.1483322083950042,0.1894783675670623,-0.086934708058834,-0.0705401971936225,0.0310808904469013,-0.0813579857349395,0.0939555764198303,-0.0623636506497859,-0.0639785155653953,3.389404296875,0.8715283274650574,1.5796619653701782,1.981229782104492,1.268491506576538,0.8102810382843018,0.5265161395072937,0.545641303062439,0.6160622835159302,0.4524285495281219,0.5282749533653259,0.4134544134140014,0.6773413419723511,0.604794979095459,-0.0284544508904218,0.2762866616249084,-0.3503420352935791,-0.1266486495733261,-0.1814249157905578,0.0750604942440986,0.0809286683797836,0.0233118347823619,0.0389668904244899,0.0201748497784137,0.0789756402373313,0.0903803631663322,2.000767469406128,0.5630383491516113,0.8886223435401917,1.193373203277588,0.6818646788597107,0.7266896963119507,0.435456246137619,0.4032683670520782,0.3551098108291626,0.3586391508579254,0.3871564269065857,0.309549480676651,0.4187236726284027,0.0033536070381959,0.0011602838401294,0.0187440139196936,0.0068833132292662,25.63560489477221,1,Laryngitis,818,i_n
-332.5918273925781,147.11727905273438,-15.497055053710938,73.54823303222656,62.00502014160156,38.37131881713867,-1.9492796659469604,-10.560677528381348,30.207494735717773,8.626750946044922,-19.37775230407715,-5.136913776397705,0.5808631777763367,28.943096160888672,4.563124179840088,10.00121784210205,7.932320594787598,8.98085880279541,7.480444431304932,4.865955352783203,4.622134685516357,5.142106533050537,3.1703100204467773,3.6307692527771,3.7087669372558594,3.718342304229736,-0.6023198366165161,0.0632006749510765,-0.3596380054950714,0.1507692784070968,0.2623235881328583,0.1835839748382568,0.0684511810541153,-0.1178264915943145,0.0588393881916999,0.0007965125259943,-0.0782356038689613,-0.0903913602232933,-0.0151638761162757,4.587280750274658,0.7489444017410278,1.594569444656372,1.4653135538101196,1.40672767162323,0.9696149826049804,0.6647037267684937,0.6747727394104004,0.8387759923934937,0.5413618683815002,0.742613673210144,0.6480840444564819,0.6459816098213196,0.839688777923584,-0.094000332057476,0.3256523013114929,-0.3897011876106262,-0.2270279675722122,-0.0319017805159091,0.129880741238594,0.1169794276356697,-0.1685735583305359,-0.0629835724830627,0.0748295858502388,-0.024197956547141,-0.0189745314419269,2.553983926773072,0.5903451442718506,1.0358681678771973,1.2445671558380127,0.8235774636268616,0.4724635481834411,0.6917933821678162,0.5182123184204102,0.7382804751396179,0.4517495930194855,0.4314424693584442,0.4317973852157593,0.4071946442127228,0.004021692637141,0.0019323663878862,0.0162940046881253,0.0068974915321678,27.2986261615724,1,Laryngitis,824,i_n
-233.4405059814453,122.27468872070312,26.46125030517578,74.632568359375,14.211063385009766,42.67498016357422,-41.92218017578125,-4.442652225494385,27.189128875732425,-8.715776443481445,-20.063758850097656,-8.66875171661377,-16.08867645263672,18.814916610717773,5.265595436096191,7.284346103668213,7.539628982543945,4.011834144592285,7.027970790863037,6.69437313079834,7.138869285583496,4.323887825012207,6.799818992614746,5.247081279754639,5.394218921661377,4.445415019989014,-0.4596553146839142,0.0557049289345741,0.1698610782623291,-0.0264390837401151,-0.059291411191225,0.0395204946398735,0.0637579187750816,-0.0599909164011478,-0.0314393378794193,0.0260247681289911,0.0486492365598678,0.0115517461672425,0.0135108698159456,2.160832405090332,0.680019199848175,0.702711284160614,1.072136402130127,0.5037606358528137,0.6928956508636475,1.0962239503860474,0.5998807549476624,0.7661913633346558,0.6530789136886597,0.5651232600212097,0.5323233008384705,0.5850193500518799,0.3627707362174988,0.05374601110816,-0.0138041311874985,-0.1721788346767425,-0.005439864937216,-0.0761707872152328,0.1550938338041305,-0.0121847596019506,-0.0859828367829322,0.0047147781588137,0.0253279637545347,0.0314626544713974,0.0404477417469024,1.527104139328003,0.4333503246307373,0.4620491564273834,0.7725792527198792,0.2889663577079773,0.434908926486969,0.7132472991943359,0.3157250881195068,0.5059190392494202,0.4274530112743377,0.3686684966087341,0.3788130283355713,0.3350285589694977,0.0040169033259795,0.0015388829496928,0.0292941706914204,0.0133143250501582,23.08484010487415,1,Laryngitis,828,i_n
-252.426986694336,95.0151596069336,-6.630845546722412,95.14437866210938,14.106130599975586,14.422948837280272,-63.02106857299805,5.433517456054688,10.411715507507324,-23.29876136779785,-17.979360580444336,5.003551959991455,-6.673751831054688,11.97710418701172,10.079450607299805,6.005611896514893,6.602059364318848,7.064717769622803,4.2792840003967285,7.41347074508667,6.582595348358154,4.132660865783691,3.893421173095703,5.476125717163086,4.097702503204346,3.163841962814331,-0.5076467990875244,0.0607747919857502,0.0619801431894302,0.0492114424705505,0.0429024398326873,0.217660516500473,-0.0553404465317726,-0.0565321110188961,0.0267211515456438,-0.0468332059681415,-0.110217809677124,-0.0295423194766044,-0.0116555923596024,1.77343487739563,1.7581151723861694,0.9911465048789978,0.9921533465385436,1.0109074115753174,0.6719288229942322,1.0728046894073486,0.8502206802368164,0.6574590802192688,0.7162505388259888,0.587131679058075,0.538287341594696,0.4874136447906494,0.3514229655265808,0.387328177690506,0.1691104918718338,-0.1844815760850906,0.0327495373785495,-0.1425189077854156,0.1673191636800766,0.0208241660147905,-0.0325656495988369,0.0514896363019943,-0.008898583240807,-0.0207420606166124,0.0160273741930723,1.1932331323623655,1.1806573867797852,0.641598641872406,0.8512192964553833,0.5085352063179016,0.6564237475395203,0.8480052947998047,0.6264427304267883,0.4619666934013366,0.3677816092967987,0.4661861658096313,0.4268359541893005,0.2952782213687897,0.0051960085066229,0.0029471046608803,0.0335710330880938,0.0190725258124256,20.381854995365888,1,Laryngitis,844,i_n
-317.26336669921875,116.86013793945312,-17.71038246154785,92.59178924560548,15.325505256652832,16.872032165527344,-17.5789794921875,-15.222284317016602,17.720706939697266,-5.905707359313965,-28.18846893310547,-22.81818962097168,-5.02661657333374,13.128129959106444,8.926864624023438,6.436605930328369,7.940273284912109,3.7911338806152335,4.3929123878479,3.910079717636109,3.2973392009735107,4.0080671310424805,2.352638959884644,3.4264163970947266,3.155707359313965,2.5420069694519043,-0.0536546930670738,-0.1387277096509933,-0.011364591307938,-0.0270768795162439,-0.051599059253931,0.0511814504861831,-0.0716353505849838,0.0516174882650375,0.0030069372151046,-0.0216134022921323,0.045685663819313,0.0121597880497574,0.0157727785408496,1.948539137840271,1.6181336641311646,1.0275901556015017,1.3011856079101562,0.5922408699989319,0.6963980793952942,0.746221661567688,0.4831907749176025,0.5858510136604309,0.3840217292308807,0.4635157585144043,0.5096302628517151,0.4544880092144012,0.405049204826355,0.0330222249031066,0.1806624978780746,-0.2121670097112655,0.0309605300426483,-0.0292919669300317,0.1216205805540084,0.0861481800675392,-0.0491791628301143,0.0049659670330584,0.0625160187482833,0.0810946524143219,0.0216982085257768,1.5991177558898926,0.9037405252456664,0.6381993293762207,0.6537794470787048,0.4451529681682586,0.4568195044994354,0.5342163443565369,0.3676512539386749,0.3680165708065033,0.2523783147335052,0.3129512965679168,0.37610924243927,0.3425449132919311,0.0078841845437193,0.0050410726184577,0.030804633746953,0.0194213628998133,27.756196304997093,1,Laryngitis,871,i_n
-369.7314758300781,169.22860717773438,-7.797412872314453,62.41881942749024,59.116477966308594,43.11900329589844,3.666375398635864,9.277862548828123,3.6083576679229736,-3.029900550842285,16.001941680908203,7.873919486999512,-2.777014970779419,16.19782829284668,6.095330238342285,6.838891506195068,11.11368465423584,5.160327911376953,5.924628734588623,8.975335121154785,6.285922527313232,4.918257236480713,5.901838302612305,4.49984884262085,8.282027244567871,4.3484086990356445,-0.6247521042823792,-0.1138846576213836,-0.0205050241202116,-0.0894853919744491,-0.0737506300210952,-0.129519447684288,0.2095229774713516,0.2041004598140716,0.0592781417071819,-0.0181360132992267,-0.0392964854836463,0.0961658358573913,0.0557333044707775,1.4280807971954346,0.9156659841537476,1.1022601127624512,1.146109104156494,0.7705570459365845,0.8279640674591064,0.8530880808830261,0.5164551734924316,0.7967034578323364,0.7258959412574768,0.8921369314193726,0.985181987285614,0.6383973956108093,0.3941038250923157,0.0004504065436776,0.2142632156610489,-0.207898736000061,-0.1738861054182052,-0.1261707246303558,0.075359970331192,0.055388543754816,0.032726164907217,0.011786219663918,-0.1320728808641433,-0.040300615131855,0.0124094923958182,1.1190335750579834,0.6388621926307678,0.6865692138671875,0.7582458257675171,0.6616712212562561,0.5969257950782776,0.4789336025714874,0.3975925743579864,0.4188037812709808,0.4421927630901336,0.6273934841156006,0.5303975343704224,0.4530043005943298,0.0132872459783849,0.0079991619654239,0.0421430814607697,0.0174952395984305,21.490743950051364,1,Laryngitis,884,i_n
-258.1107177734375,125.34381103515624,2.8151066303253174,94.2707748413086,31.639694213867188,38.19126129150391,-19.69516944885254,-1.2055797576904297,11.444129943847656,-12.026681900024414,-6.159757137298584,-13.08551788330078,-18.6311264038086,19.458738327026367,7.527784824371338,9.6032075881958,6.042037487030029,5.458148002624512,4.360670566558838,4.118332386016846,3.674102783203125,4.439326763153076,3.78998064994812,4.55861759185791,5.628166198730469,3.961803674697876,0.0888361409306526,0.0127147007733583,-0.0650925189256668,-0.1618687212467193,-0.0283980667591094,0.0416169017553329,-0.0394587777554988,-0.0889589861035347,-0.0028948548715561,0.0063643571920692,0.0380870662629604,-0.0677272081375122,0.0032380460761487,2.147269487380981,1.1986383199691772,1.3433034420013428,1.0789893865585327,0.9432893991470336,0.7333153486251831,0.6848617792129517,0.627374529838562,0.6959719061851501,0.5120541453361511,0.6669704914093018,0.548488438129425,0.5508014559745789,0.0709832459688186,0.0802911221981048,0.036584235727787,-0.0496256649494171,0.0449286326766014,0.0050208801403641,0.0071729533374309,-0.0192739572376012,0.0393142104148864,0.0232771541923284,0.0207332093268632,0.0080413129180669,0.0177492387592792,0.8498631119728088,0.6619107723236084,0.7502853870391846,0.5710470080375671,0.5987502336502075,0.4908745288848877,0.4433590471744537,0.3664652109146118,0.4667009115219116,0.4497396945953369,0.4529234766960144,0.4042994976043701,0.3805112838745117,0.0091651015711775,0.0051806987720171,0.0283007522105144,0.0150118008383056,24.3500079923952,1,Laryngitis,886,i_n
-278.7156982421875,116.39659118652344,-1.7174277305603027,78.52799224853516,45.58879089355469,39.01510620117188,-27.34867286682129,4.353268623352051,-0.2046242654323578,2.1776211261749268,-5.535765171051025,-29.72500991821289,-1.7342125177383425,11.465496063232422,5.434945106506348,5.051202297210693,4.256481647491455,4.610311031341553,5.092247009277344,4.50574254989624,4.3856306076049805,4.722265720367432,3.889320373535156,4.7027082443237305,4.729994773864746,3.882608652114868,-0.0339746661484241,-0.0399463213980197,0.0355724468827247,-0.0731958821415901,-0.0341300778090953,0.0443123802542686,0.053287636488676,-0.0526170432567596,-0.0217898935079574,-0.0274227671325206,-0.0064059305004775,-0.1256963014602661,-0.0177482571452856,1.0893487930297852,1.0320069789886477,0.724222719669342,0.6140715479850769,0.7910386323928833,0.8026821613311768,0.7308459281921387,0.7927128672599792,0.9331966638565063,0.7114717364311218,0.7810810804367065,0.9143253564834596,0.6535422205924988,0.0571926608681678,0.0315027385950088,0.0487651042640209,-0.0130693074315786,-0.0156299360096454,-0.0572630725800991,0.0193394497036933,0.023516172543168,0.0296063516288995,-0.0187976881861686,-0.0171446595340967,0.0269799400120973,0.0371622629463672,0.7799320816993713,0.5768216252326965,0.4818820655345917,0.491551399230957,0.5568435192108154,0.593359112739563,0.5078309774398804,0.5075369477272034,0.5486783385276794,0.398892879486084,0.453075647354126,0.4726414680480957,0.4506459236145019,0.003893005955931,0.001888673154337,0.0257573210975899,0.0115659516691242,19.387739812807794,1,Laryngitis,902,i_n
-355.2455444335937,161.4539337158203,0.4866831600666046,79.29281616210938,72.22649383544922,31.053674697875977,-19.51820373535156,-11.896389961242676,21.71847152709961,-3.8444674015045166,-11.965720176696776,-11.386404037475586,-13.66343593597412,24.500185012817383,3.855146408081055,7.31477689743042,13.593454360961914,7.683709621429443,5.715330123901367,6.967850685119629,8.601285934448242,6.407719612121582,6.900842666625977,5.4787373542785645,7.29273509979248,6.672510623931885,-0.2620675563812256,-0.0772859677672386,-0.0033616870641708,-0.1266178786754608,-0.0137871550396084,0.010234685614705,-0.0245602000504732,-0.0392647050321102,0.0318038873374462,0.0375930927693843,0.0027754718903452,0.0457446947693824,0.0547529272735118,2.467815637588501,0.6184260249137878,0.8010563254356384,1.051939606666565,1.0760321617126465,0.612599790096283,0.8632723689079285,0.8503371477127075,0.7215787768363953,0.7680965065956116,0.660072922706604,0.7642408013343811,0.6906394362449646,0.3610250353813171,-0.0564514063298702,0.0746237635612487,-0.1175581440329551,-0.1137047410011291,-0.0824552103877067,0.0378908701241016,0.0861826986074447,-0.0311596747487783,0.0055163805373013,0.0236642751842737,0.0211668163537979,0.0474393665790557,1.569293975830078,0.4084096848964691,0.4636317789554596,0.5657130479812622,0.6101651787757874,0.5246614217758179,0.4506858289241791,0.5179836750030518,0.4268536269664764,0.4279335439205169,0.4046017229557037,0.3777163922786712,0.3292811810970306,0.0021441463757308,0.0008083559229702,0.0164729003309753,0.0063973396567292,32.17722639409458,1,Laryngitis,904,i_n
-288.0266418457031,109.56957244873048,-33.28496170043945,89.08030700683594,28.26092529296875,56.67506408691406,-1.409886121749878,-17.83003807067871,1.113258719444275,13.202548027038574,2.123463153839112,-19.911396026611328,-9.328133583068848,14.144076347351074,5.816204071044922,7.273631572723389,7.806593894958496,6.00605583190918,5.269178867340088,3.760721921920776,4.916555404663086,3.8584177494049072,3.7270820140838623,6.337766647338867,3.9828808307647705,3.685180187225342,-0.0255930852144956,0.0610297992825508,-0.0876103788614273,-0.1485716551542282,0.0746789127588272,-0.0376615114510059,-0.01333022210747,-0.151918888092041,-0.008047274313867,0.0955080017447471,-0.0548450648784637,0.0203109625726938,0.0026405598036944,2.369440078735352,1.1363980770111084,1.209296941757202,1.432666540145874,0.8052459359169006,0.9681534171104432,0.6430196166038513,0.9594641327857972,0.622841477394104,0.4859082996845245,0.7265504002571106,0.890261173248291,0.5665261149406433,0.4768615663051605,0.1649564206600189,0.2086811512708664,-0.2566622495651245,-0.0060028065927326,-0.1552931517362594,0.1068905219435691,0.0719590783119201,0.0447589717805385,0.0342766977846622,0.0483097173273563,0.0640886202454567,0.006082409992814,1.5577000379562378,0.785027801990509,0.8269026875495911,0.9175131916999816,0.4736873805522918,0.6236628293991089,0.5328983664512634,0.4844267964363098,0.3901254832744598,0.3799046576023102,0.3715271353721618,0.4405019879341125,0.3640608191490173,0.0049651010708363,0.0027695373789993,0.011021024510159,0.0061749609522192,21.88594959586056,1,Laryngitis,910,i_n
-242.4131622314453,111.73462677001952,-34.46261978149414,70.59058380126953,23.650733947753903,38.65138626098633,-39.24843215942383,-22.373655319213867,5.282331943511963,7.954180240631103,-18.92092704772949,-27.4130859375,-5.989531993865967,21.711444854736328,8.095911026000977,7.705417633056641,5.9795355796813965,5.210591793060303,6.661739349365234,4.835111618041992,8.465418815612793,5.856499195098877,4.91591739654541,5.393387794494629,6.328052043914795,4.629146099090576,0.1848771870136261,0.2213860005140304,-0.0555855259299278,-0.0078635765239596,-0.1153364554047584,-0.0194727443158626,-0.0280432142317295,-0.1289438903331756,-0.0074304318986833,0.019835440441966,0.015820687636733,-0.1226428002119064,0.0431221760809421,1.837858319282532,1.2729140520095823,1.0790417194366455,1.0828927755355835,0.8056776523590088,0.945033609867096,0.7368239164352417,0.7596164345741272,0.7257356643676758,0.7321274280548096,0.7278574109077454,0.589760422706604,0.6588488817214966,0.0551754273474216,0.058440264314413,0.1149723753333091,0.0270441565662622,0.0200729612261056,-0.0534248352050781,0.0243244804441928,0.0104911336675286,0.0331813357770442,-0.0206630360335111,0.0500934571027755,0.0093951886519789,0.0015483524184674,0.971121609210968,0.804300844669342,0.8172916769981384,0.7175706624984741,0.5814527869224548,0.7088186144828796,0.5552575588226318,0.4729074537754059,0.5895084142684937,0.5139399766921997,0.525578498840332,0.4673082530498504,0.4591353237628937,0.0230468222729423,0.0134558521053891,0.1334441531905777,0.0733630051723647,8.095635030337666,1,Laryngitis,918,i_n
-289.37109375,120.47293090820312,-13.590859413146973,68.47171783447266,26.98126220703125,55.29268646240234,-14.891820907592772,-26.11058616638184,14.57518196105957,6.31007194519043,-8.842435836791992,-10.222698211669922,-14.492964744567873,16.39455223083496,5.000799179077148,7.048063278198242,6.025880813598633,3.2754008769989014,4.5497822761535645,4.348667144775391,4.053281784057617,2.201917886734009,3.193373203277588,4.525820255279541,2.531728982925415,4.267009735107422,-0.4627701044082641,0.0626812800765037,-0.1457040011882782,0.1038189157843589,0.067074067890644,0.1139622330665588,-0.0511679463088512,-0.0862205848097801,-0.0060261273756623,-0.0709398239850997,0.0640549138188362,-0.0170873161405324,-0.1204721182584762,2.4470109939575195,0.7625246047973633,1.1807485818862915,0.8195289373397827,0.5550885796546936,0.605149507522583,0.7225059270858765,0.5771474242210388,0.3461393415927887,0.4217948317527771,0.4151266515254974,0.3661022782325744,0.4253685176372528,0.3491558730602264,0.1724371314048767,0.2406363636255264,-0.0798888131976127,-0.006739005446434,-0.0368142910301685,0.0865528360009193,0.0775937810540199,0.033215258270502,0.0319394245743751,0.0376987941563129,0.0143321277573704,0.0279432348906993,1.4430543184280396,0.7092854380607605,0.9794442057609558,0.6699626445770264,0.3809678256511688,0.4828506112098694,0.474619597196579,0.4689065217971802,0.3178342580795288,0.3286856412887573,0.2985115349292755,0.3329775035381317,0.3471672236919403,0.0033452996098652,0.0020452191189015,0.0171244890882966,0.0105885411442686,27.855958756150883,1,Laryngitis,919,i_n
-304.426513671875,145.5716094970703,-20.35790061950684,87.40631103515625,69.23224639892578,37.7679443359375,-17.962987899780273,-4.415390491485596,19.948495864868164,-11.162501335144045,-4.227927684783936,-19.70137405395508,-26.38416290283203,16.161785125732422,4.147346496582031,9.244979858398438,8.29601001739502,11.862241744995115,5.163090705871582,6.386899948120117,3.663754463195801,2.9958841800689697,2.9752047061920166,3.98611092567444,6.878775119781494,6.343096256256104,-0.5765467882156372,0.192500352859497,-0.324469119310379,0.3533638417720794,0.4365823864936828,0.166570097208023,-0.2562183737754822,-0.0835801512002945,0.1214759945869445,-0.0367764309048652,-0.0278712809085845,-0.2218230813741684,-0.2126191407442093,3.119187831878662,0.5323385000228882,1.178714632987976,1.4844533205032349,0.966679036617279,0.6854521036148071,0.5853028893470764,0.6506840586662292,0.4921159148216247,0.4982169270515442,0.5395103693008423,0.7838149666786194,0.8235600590705872,0.6274815201759338,0.0785640850663185,0.1730376183986663,-0.2941737174987793,-0.1788137257099151,-0.1488323360681533,0.063858538866043,0.03525086119771,-0.0652544274926185,0.0312677957117557,0.0390143990516662,0.1242643743753433,0.0426526963710784,2.382352828979492,0.447613388299942,0.5286225080490112,1.1272096633911133,0.652666449546814,0.5331017374992371,0.370523065328598,0.3301788866519928,0.3300430178642273,0.3309504389762878,0.3773234486579895,0.4737862050533294,0.3493759930133819,0.0019879114517397,0.0008569261002917,0.0085193059365811,0.0035756932200158,31.7202216318453,1,Laryngitis,930,i_n
-267.9590759277344,156.75070190429688,-36.272926330566406,29.103721618652344,54.16523361206055,42.69858551025391,-42.45048141479492,-3.072664499282837,9.876084327697754,-16.09585189819336,1.4050360918045044,-1.7576570510864258,-23.682098388671875,22.196224212646484,6.955023765563965,9.544008255004885,8.171102523803711,5.045109748840332,6.414189338684082,5.854506015777588,4.544223308563232,3.0940945148468018,3.452865600585937,3.7425289154052734,3.695089817047119,3.711966037750244,0.1132883802056312,-0.1498437374830246,0.0962059050798416,-0.0892915651202201,-0.0752703323960304,-0.000372966955183,0.0665963515639305,-0.0054882299154996,-0.0369819551706314,0.0066195940598845,-0.0450626835227012,-0.0179978813976049,0.0284151174128055,2.9316797256469727,1.2791699171066284,1.2600195407867432,1.0077030658721924,0.9041092991828918,1.02778160572052,0.9054922461509703,0.6993698477745056,0.5181921124458313,0.5574074983596802,0.6587192416191101,0.6370970010757446,0.4987431466579437,0.2963198125362396,0.0260930731892585,0.151427537202835,0.002549867844209,-0.0502443313598632,-0.0893639847636222,0.0926689133048057,-0.0168161187320947,-0.0322787649929523,0.043349627405405,0.0163803044706583,0.0150660350918769,0.0282133854925632,1.66722309589386,0.7146623134613037,0.7702398896217346,0.5268452167510986,0.5061788558959961,0.6120656132698059,0.5822098851203918,0.4042511582374573,0.3978506028652191,0.3802140653133392,0.3956198692321777,0.3768762946128845,0.3655290603637695,0.0030157735423532,0.0017508029660592,0.0148447815682953,0.0059790424720253,28.12515973189521,1,Laryngitis,931,i_n
-239.2035369873047,111.6882553100586,-8.009750366210938,99.35009002685548,34.88393783569336,53.42197036743164,1.842440843582153,2.2142605781555176,-4.319910526275635,-0.3307425081729889,10.940085411071776,0.7944306135177612,-23.732112884521484,16.04975128173828,15.226299285888672,8.100090980529785,12.11766529083252,8.074746131896973,6.092222690582275,10.835519790649414,4.622416973114014,6.089306354522705,7.166083335876465,4.643700122833252,5.486245632171631,4.120832920074463,-0.3111039698123932,0.269768625497818,-0.0703787431120872,-0.2684977948665619,0.2343179136514663,0.0362468287348747,0.190653458237648,-0.1712037324905395,0.0509235300123691,-0.0335874296724796,-0.0699127167463302,0.1072610989212989,-0.0352557376027107,1.195493459701538,1.0527900457382202,0.948359191417694,1.3049352169036863,0.7610451579093933,0.9304522275924684,0.8406239151954651,0.7656795382499695,0.8578467965126038,0.7924357056617737,0.6636898517608643,0.7213706970214844,0.5470687747001648,0.2354859560728073,0.0982985123991966,0.0063256109133362,-0.1640643179416656,-0.064985379576683,-0.1245435401797294,0.0934244245290756,0.0828700065612793,0.0282595586031675,-0.0119127379730343,0.0106183076277375,-0.0570622570812702,0.0217935051769018,1.0348637104034424,0.6799066662788391,0.4786054491996765,0.8035777807235718,0.5526980757713318,0.7554916143417358,0.7386137843132019,0.5340927839279175,0.6197668313980103,0.4355742335319519,0.4683318734169006,0.453410655260086,0.3557730615139007,0.0255335384200928,0.0156903726036033,0.020150546770195,0.0067405698068289,22.1808226802769,1,Laryngitis,935,i_n
-353.0737609863281,108.7491226196289,-19.552648544311523,72.42908477783203,29.6329345703125,20.04400062561035,-19.954225540161133,-20.764591217041016,10.095993995666504,-4.2044758796691895,-20.28048515319824,-27.03615951538086,6.853241443634033,46.574256896972656,12.24648380279541,25.012306213378903,15.47248077392578,4.118194580078125,4.87421178817749,4.203720569610596,5.278688907623291,3.681650638580322,3.156087636947632,2.914050817489624,2.733683109283448,2.9162380695343018,-1.3583287000656128,0.0781660750508308,0.5243225693702698,-0.0562132187187671,-0.0130918733775615,0.1405165046453476,-0.0301300473511219,-0.078066736459732,0.071205660700798,-0.0182660557329654,-0.0121856685727834,0.0428507216274738,-0.0190076436847448,2.96205997467041,1.6326736211776731,1.4380698204040527,1.5077834129333496,0.7346665859222412,0.7248217463493347,0.5846900343894958,0.4511536955833435,0.680889368057251,0.5102912783622742,0.4621972739696502,0.5042538642883301,0.4429774284362793,0.5188679099082947,0.3257121443748474,0.1801299154758453,-0.2046032547950744,-0.053061693906784,-0.0245877970010042,0.0621020831167697,0.0264568421989679,-0.0210218857973814,-0.0005961886490695,0.0025077196769416,0.0278009511530399,-0.018097223713994,1.9794425964355469,1.1054562330245972,0.8050519824028015,1.0616226196289062,0.393846720457077,0.3574358522891998,0.4593037664890289,0.3239607810974121,0.4489402174949646,0.3703892827033996,0.3655044436454773,0.3760078847408294,0.3052642047405243,0.0022459190694979,0.0013154836278685,0.0110681376219622,0.0051891420021848,31.5944528638887,1,Rekurrensparese,1040,i_n
-347.3459777832031,143.43475341796875,-0.5885955691337585,88.068359375,50.01097869873047,11.331124305725098,-24.31275177001953,-25.190574645996094,22.138696670532227,-4.997497081756592,-22.489370346069336,-6.449922561645508,-8.70685863494873,18.31594657897949,4.7599053382873535,9.79063320159912,6.54403018951416,10.409141540527344,4.042828559875488,6.392471790313721,5.708192348480225,6.093560218811035,7.575217247009277,7.875886917114258,6.744021415710449,4.919094085693359,0.0062621189281344,0.1280242800712585,0.0725824981927871,-0.0110407397150993,0.0479645878076553,-0.0520245730876922,-0.055085003376007,-0.0008350518764927,0.0065548289567232,-0.0421631298959255,-0.1358299404382705,-0.0673978850245475,-0.0043913847766816,2.2123777866363525,0.809836208820343,0.808709979057312,1.2216436862945557,0.8051227331161499,0.6902365684509277,0.9125381708145142,0.7907452583312988,0.7856169939041138,0.6563701033592224,0.6596373319625854,0.6291720867156982,0.5424562096595764,0.3476409614086151,0.1065737977623939,0.0886414051055908,-0.1750886291265487,-0.0591157972812652,0.053504180163145,0.1308845430612564,0.101745918393135,-0.0370810367166996,0.0363561362028121,0.0503507927060127,-0.0079985633492469,-0.0020657365676015,1.4901124238967896,0.5858108401298523,0.5315996408462524,0.8585293292999268,0.4659444391727447,0.4670840799808502,0.7509730458259583,0.5026933550834656,0.5223245620727539,0.498272031545639,0.3587020337581634,0.3589342832565307,0.3241189420223236,0.0037826660114016,0.0021716544968392,0.01580792826013,0.0094346006754347,29.88812250895507,1,Rekurrensparese,1049,i_n
-274.5487976074219,83.24694061279297,-40.46327590942383,94.1928482055664,31.951860427856445,6.109510898590088,-7.939746379852295,-3.5047967433929443,-6.501942157745361,8.814146041870117,-15.883248329162598,-18.42413711547852,-5.630351066589356,25.28788375854492,12.2794771194458,16.761362075805664,11.111791610717772,6.077256679534912,5.47016191482544,5.768848419189453,5.907769203186035,7.292345523834228,4.546126365661621,3.984520196914673,3.885222911834717,4.1134114265441895,-0.5024744272232056,-0.0618635788559913,0.0817788615822792,0.073611244559288,0.0518384240567684,-0.0036158137954771,0.042655449360609,0.0232972297817468,-0.0058381063863635,0.0698980614542961,-0.0030916456598788,0.0493982918560504,0.0272763203829526,3.00549840927124,1.4686626195907593,1.6515055894851685,1.6467442512512207,1.00262451171875,0.8232641816139221,0.7789057493209839,0.8864492774009705,0.5826748609542847,0.5773334503173828,0.6528812646865845,0.723646879196167,0.6446272730827332,0.4570114910602569,0.2058059871196746,0.2050290256738662,-0.2285267263650894,-0.0586361400783062,-0.0273996666073799,0.0547765642404556,0.01292634755373,-0.0058209486305713,-0.0211757533252239,0.0629608333110809,0.0609871335327625,0.0360511653125286,1.809485912322998,0.9182538986206056,0.9956167340278624,0.991060197353363,0.5457770824432373,0.4784377813339233,0.5203331112861633,0.4928553700447082,0.3956571221351623,0.5299006700515747,0.4543540477752685,0.4829170405864715,0.4417172968387604,0.0016615582942197,0.000704122459026,0.0106910705138213,0.0036061342509408,27.53812670429476,1,Rekurrensparese,105,i_n
-302.3930053710937,93.62525177001952,15.111028671264648,88.13434600830078,29.55498695373535,10.891523361206056,-32.06632995605469,3.1745386123657227,16.25251579284668,-21.936241149902344,-14.23031234741211,-5.674618721008301,-7.432029247283935,20.958965301513672,7.537635803222656,5.049314022064209,10.220562934875488,5.880547046661377,2.7046420574188232,5.005350589752197,3.4283273220062256,3.8087122440338135,4.542705535888672,2.9568440914154053,3.644376039505005,4.445815563201904,-0.7672032117843628,0.0203889906406402,0.1866397410631179,0.2237053364515304,0.1931602656841278,0.0047233090735971,-0.0390323214232921,0.0051616979762911,0.1113794967532157,0.0470227934420108,0.0375525653362274,0.0644963979721069,0.0805953741073608,3.140779972076416,1.1997853517532349,0.8300734758377075,1.962618470191956,0.6076977252960205,0.44590625166893,0.789151132106781,0.5114467740058899,0.5150889158248901,0.6442400813102722,0.462508350610733,0.6116638779640198,0.5025143027305603,0.7561085224151611,0.3567566275596618,0.0087006455287337,-0.4017346799373626,-0.0781758651137352,0.018327597528696,0.195352017879486,-0.0279072877019643,-0.0822487324476242,0.0691941753029823,0.056068580597639,0.0434529818594455,-0.0480233468115329,2.2308220863342285,1.1988224983215332,0.679480791091919,1.1237659454345703,0.55842524766922,0.2497968971729278,0.6608629822731018,0.4230890870094299,0.4395581483840942,0.419510543346405,0.4200390577316284,0.5429627895355225,0.4159831404685974,0.0100578134724818,0.0064357066368434,0.0241766906262624,0.0127985206502125,22.799831568951827,1,Rekurrensparese,1054,i_n
-224.0298767089844,115.05967712402344,11.099400520324709,84.67768859863281,11.931718826293944,28.347787857055664,-25.910625457763672,-21.67826461791992,-1.9161584377288816,-9.80505084991455,0.1396311372518539,-16.557722091674805,-25.204076766967773,31.05015563964844,6.539701461791992,10.839532852172852,11.27946949005127,4.769569873809815,9.178875923156738,6.744844913482666,5.107051849365234,3.5328078269958496,4.150796413421631,6.317185401916504,4.985188961029053,5.025570869445801,-1.0731403827667236,-0.1295303851366043,0.1414822489023208,0.3119335174560547,-0.1821029931306839,-0.1590220034122467,-0.1206978186964988,-0.1377725303173065,0.0584568567574024,0.0527111291885376,-0.0672999396920204,0.0882777422666549,-0.1066016480326652,4.724637031555176,1.2117499113082886,1.2413904666900637,1.977368950843811,0.7590498924255371,1.157491683959961,0.9761697053909302,0.774570643901825,0.6274154186248779,0.4967018067836761,0.8502968549728394,0.9564496874809264,0.7646207809448242,1.3421903848648071,0.1210663616657257,0.1437628716230392,-0.5895787477493286,0.0399871096014976,-0.177723541855812,0.3292649090290069,0.1983417123556137,-0.0641196593642234,0.0533025749027729,-0.0702066570520401,0.0523997470736503,0.1225417107343673,3.0610604286193848,0.6120733022689819,0.6427423357963562,1.2494523525238037,0.6328443884849548,0.6941924691200256,0.8578188419342041,0.5973303318023682,0.5065537691116333,0.4782454371452331,0.3181464076042175,0.6370531916618347,0.58869469165802,0.0041186507568426,0.0023987686313196,0.0117377611148256,0.0056588540165134,29.53837628004176,1,Rekurrensparese,108,i_n
-303.050048828125,149.90542602539062,-46.32042694091797,77.2781982421875,58.82772445678711,16.101675033569336,-1.215212345123291,3.564140796661377,-3.5841917991638184,-12.708555221557615,6.29138708114624,-12.88560676574707,-19.434097290039062,31.388896942138672,5.740546703338623,11.060586929321287,12.303777694702148,9.44426155090332,5.724300384521484,5.954300880432129,6.288760662078857,4.849202156066895,4.773624897003174,4.379244804382324,4.03986406326294,4.788136005401611,-1.149746060371399,0.0498288571834564,-0.1505420953035354,0.041702851653099,0.2500371634960174,0.0241678711026906,0.007005410734564,0.0796534493565559,-0.0843193903565406,-0.0822502449154853,0.023990636691451,-0.0349378250539302,-0.0477144606411457,3.2555086612701416,1.0477420091629028,1.6891037225723269,1.8040121793746948,1.190995216369629,1.1814485788345337,0.9314268231391908,1.0010799169540403,0.7993699312210083,0.7939712405204773,0.8314516544342041,0.6909064650535583,0.735906183719635,0.6445950865745544,-0.129149854183197,0.2532500922679901,-0.2476515173912048,-0.1723163574934005,-0.0713942497968673,-0.003016609000042,-0.0046495348215103,-0.0561526529490947,0.0298631321638822,-0.0292241852730512,0.0546974726021289,0.0686598941683769,2.2721264362335205,0.7456467747688293,1.0283571481704712,1.1658490896224976,0.9464541077613832,0.6493759155273438,0.5763190388679504,0.6357833743095398,0.5732597708702087,0.5231505632400513,0.4499925076961517,0.4603653848171234,0.4506856501102447,0.004859085541588,0.0022677811504088,0.0139536857859666,0.0057723767041743,25.71342739355602,1,Rekurrensparese,1120,i_n
-217.5186767578125,68.00605773925781,-13.31422996520996,99.414306640625,9.248875617980955,39.50140380859375,-32.737281799316406,11.224596977233888,28.4066104888916,-11.20830535888672,-3.3968679904937744,2.178946018218994,-6.627641677856445,16.402618408203125,10.403952598571776,5.686436176300049,8.149154663085938,4.133000373840332,6.646062850952148,4.39463472366333,4.552243232727051,6.448719024658203,4.576014995574951,5.204936504364014,5.7095947265625,4.335637092590332,-1.345269799232483,-0.0534182302653789,-0.0227328091859817,0.0438223555684089,0.1274303495883941,-0.3585743606090545,-0.1544287800788879,0.0673897340893745,0.2131043374538421,0.0265374798327684,-0.1924299597740173,-0.1650945991277694,-0.0303302761167287,1.892200231552124,1.7672981023788452,0.768659234046936,1.2196277379989624,0.6568899750709534,0.8189135789871216,0.5080035328865051,0.6880840063095093,0.8850604295730591,0.7108003497123718,0.8422725796699524,0.6233981847763062,0.6862343549728394,0.5258150696754456,0.6225900053977966,0.2425436824560165,-0.3774198889732361,-0.1177271679043769,-0.0824354439973831,0.1785186827182769,-0.0513343289494514,0.0691904947161674,0.0032573365606367,-0.0027906668838113,0.0611488334834575,0.0686538442969322,1.111064076423645,1.236133694648743,0.6044870018959045,0.9246230721473694,0.4474762380123138,0.3795533776283264,0.5935392379760742,0.4910318851470947,0.511807918548584,0.4669585525989532,0.515098512172699,0.289367526769638,0.4425890445709228,0.0109359925576511,0.0061268687918261,0.0884487776555838,0.0366502403572553,14.746793645576163,1,Rekurrensparese,1166,i_n
-292.0957336425781,98.29476165771484,-30.491714477539062,83.1352767944336,33.17034912109375,27.840198516845703,-40.21253967285156,5.652644634246826,21.4580020904541,-28.253324508666992,-8.482905387878418,-12.90030002593994,-11.771180152893066,10.85311508178711,7.458685874938965,7.384435176849365,4.456529140472412,4.555811405181885,4.320260047912598,6.141163349151611,5.778244495391846,4.3189473152160645,4.483899116516113,4.086952686309815,3.702681064605713,3.5470004081726074,0.0361788682639598,-0.0782349556684494,-0.0825358927249908,0.0742104426026344,0.0555583871901035,0.0300165545195341,-0.0880027785897255,0.0212535168975591,0.0062428158707916,-0.061125848442316,0.0374256372451782,0.0123470202088356,0.0059559899382293,1.638563871383667,1.2851908206939695,1.05282723903656,0.6806500554084778,0.6022747159004211,0.6310192942619324,0.887248694896698,0.6816941499710083,0.6254900693893433,0.6069517731666565,0.6006972789764404,0.5639227628707886,0.5605860352516174,0.2068807035684585,0.187293529510498,0.0925791561603546,-0.0551917888224124,-0.0319122336804866,-0.0200686063617467,0.0756953805685043,0.025274945423007,0.0053042345680296,0.0452107116580009,0.0310543403029441,0.0280796233564615,0.0407124496996402,1.0819045305252075,0.8709133267402649,0.5719301700592041,0.4295863211154938,0.4569691717624664,0.4365695118904114,0.5620997548103333,0.4009606838226318,0.3580849468708038,0.412607878446579,0.4731537699699402,0.3671168982982635,0.3556341826915741,0.0022602702172272,0.0010859949573931,0.0145745489500403,0.0067381883158821,26.781684579442967,1,Rekurrensparese,120,i_n
-211.58499145507807,90.40721893310548,13.115479469299316,95.91317749023438,10.54100513458252,28.98012351989746,-29.85141944885254,-22.77199935913086,-4.126513957977295,3.064922571182251,-40.46614074707031,-24.36676025390625,12.726290702819824,21.52953720092773,19.61473655700684,8.034309387207031,10.997803688049316,5.3657708168029785,5.842110633850098,4.66826057434082,4.549524307250977,4.24800968170166,4.281774520874023,4.785052299499512,4.586790561676025,4.225254058837891,-0.2865920662879944,0.1765346825122833,-0.1589095294475555,0.0221562646329402,0.1013490259647369,-0.0164355505257844,-0.1069610938429832,-0.1160899698734283,-0.0452605448663234,0.0790075957775116,-0.0230174828320741,-0.0253716204315423,-0.02609090693295,4.169054985046387,2.6818621158599854,1.2947129011154177,1.6937131881713867,1.0196489095687866,0.8416953086853027,0.7760382294654846,0.6256768703460693,0.5819616913795471,0.6018416881561279,0.6689012050628662,0.6417556405067444,0.6041428446769714,0.2011441886425018,0.1030983626842498,0.0596374534070491,-0.1968446969985962,0.0326030924916267,-0.1161718368530273,0.0303780101239681,0.0379553437232971,0.038532331585884,0.0017022979445755,0.0536685734987258,0.0378373153507709,-0.0242321118712425,1.806124210357666,1.0817276239395142,0.7885755896568298,0.9526302814483644,0.6033837795257568,0.693695604801178,0.4207899868488312,0.5174847841262817,0.4528506398200989,0.4517097473144531,0.588157057762146,0.4972964227199554,0.622390866279602,0.0177754937119094,0.0089953203607553,0.1280564902115701,0.064483267636769,13.090055949286253,1,Rekurrensparese,1206,i_n
-231.0022125244141,78.43726348876953,-69.15921783447266,86.43997955322266,27.076313018798828,39.40989685058594,-28.222000122070312,-6.524298667907715,17.866680145263672,0.0906810313463211,-14.759637832641602,-6.843747138977051,9.460050582885742,11.22016143798828,8.158811569213867,12.538409233093262,7.723606109619141,4.579669952392578,4.699566841125488,4.249238967895508,3.043659210205078,3.173466205596924,2.588531494140625,3.3346848487854004,3.331730604171753,2.86000657081604,0.0348747782409191,0.0304142851382493,-0.0710906162858009,0.0026184082962572,0.0908470079302787,0.0570119842886924,-0.0078722480684518,-0.0108639542013406,-0.0189808178693056,-0.00207792641595,0.0113068055361509,-0.002270457567647,-0.0192822348326444,1.943864703178405,1.4922332763671875,1.732322096824646,1.1095385551452637,0.5364521741867065,0.8095865249633789,0.7532827854156494,0.4950605630874634,0.5225759148597717,0.4138014316558838,0.6079014539718628,0.5317116975784302,0.4384669661521911,0.3617515563964844,0.2087578624486923,0.2677932679653168,-0.1504196226596832,0.0004036717873532,-0.0950040742754936,0.1023647189140319,0.0508212707936763,0.029790973290801,-0.0060214484110474,0.0050440761260688,0.0447302497923374,-0.0208435021340847,1.6556570529937744,1.1034289598464966,1.1295933723449707,0.6783299446105957,0.4332394301891327,0.531391441822052,0.6121360063552856,0.4254999756813049,0.3955066204071045,0.2969963550567627,0.3656917810440063,0.3827825784683227,0.3757460117340088,0.0023082076007864,0.0009931549538868,0.0101821034447894,0.0048456730725642,22.41027491410236,1,Rekurrensparese,1223,i_n
-261.2025451660156,100.30286407470705,6.47160530090332,85.77825927734375,13.590526580810549,29.50714683532715,-39.59019470214844,-4.583813190460205,6.982901096343994,4.043623447418213,-14.537506103515623,-18.89520072937012,-0.2147201001644134,11.126421928405762,11.79336929321289,6.172981262207031,5.360373497009277,4.705684661865234,8.05394172668457,5.405897617340088,3.480691432952881,3.4676296710968018,3.674822807312012,3.495126724243164,2.831660032272339,3.1969518661499023,-0.2419537901878357,0.1410021632909774,-0.0176316928118467,0.0159318204969167,-0.0859182626008987,-0.2871715128421783,0.0330312028527259,-0.0660634562373161,0.0619220025837421,-0.005267983302474,0.0595772974193096,0.0782587081193924,0.0335566028952598,1.887060046195984,1.56209135055542,0.9467616081237792,0.96153461933136,0.596815824508667,0.4188646078109741,0.8566197156906128,0.5590895414352417,0.4401774108409881,0.6390537619590759,0.6558449864387512,0.519066333770752,0.5529850125312805,0.2124088853597641,0.2675758600234985,0.1740858554840088,-0.1689219325780868,0.0537581890821456,-0.0314382053911685,0.2289941757917404,0.0799344852566719,0.0337634123861789,-0.0859742388129234,0.0336615778505802,0.0700988098978996,0.0305232629179954,0.8414484262466431,0.7969962358474731,0.6495435833930969,0.5487309694290161,0.3815959692001343,0.3587764501571655,0.7761502265930176,0.4158622920513153,0.3339569568634033,0.3943857848644256,0.4850448071956634,0.4317805171012878,0.3711423277854919,0.0079561002774746,0.0047522823907025,0.0375772034714469,0.0217059506214779,22.60406601706228,1,Rekurrensparese,1249,i_n
-286.6632385253906,80.92928314208984,-31.92850875854492,115.6056137084961,7.941152095794678,2.919694185256958,-17.78575897216797,-15.648211479187012,5.070780277252197,-9.764925003051758,-20.79407501220703,-28.277891159057617,12.27051830291748,17.920095443725586,8.590697288513184,10.268640518188477,8.31627368927002,4.9814982414245605,4.219542026519775,6.030429363250732,4.316193103790283,3.430462121963501,2.9741461277008057,3.5813207626342773,3.916739463806152,3.444432258605957,-0.3873283863067627,0.043471984565258,0.0879683047533035,0.037748672068119,0.0162913314998149,0.0259709190577268,-0.0687058568000793,0.0214146561920642,0.0148880369961261,-0.0117407515645027,0.0506851002573967,-0.0193500090390443,0.0214051529765129,2.482349395751953,1.429047465324402,0.9974796175956726,1.3227713108062744,0.6576478481292725,0.5607436895370483,0.8619693517684937,0.619009792804718,0.5206054449081421,0.5539073348045349,0.4576678276062011,0.6789667010307312,0.563308596611023,0.3974039852619171,0.2254380881786346,0.1443903297185897,-0.1924110203981399,0.0225886795669794,0.038408238440752,0.1075870990753173,0.0419373176991939,-0.0070112287066876,0.0371859446167945,0.0308138504624366,0.0710282400250434,0.0110581871122121,1.75315523147583,0.9924176931381226,0.7109929919242859,0.8904314637184143,0.4064623713493347,0.4183509647846222,0.5763993859291077,0.3472564220428467,0.3145442306995392,0.3749692738056183,0.3458603322505951,0.4214850664138794,0.3309091329574585,0.0023595379077719,0.00129979762183,0.0125564283421634,0.0068830950987828,25.630773431818653,1,Rekurrensparese,1256,i_n
-224.69137573242188,106.89102935791016,-3.485261917114258,88.40615844726562,13.44838523864746,32.49412536621094,-26.468238830566406,-0.2769545316696167,16.805994033813477,11.000964164733888,-22.467342376708984,-7.168451309204102,4.79253625869751,13.442967414855955,5.855821132659912,5.01682186126709,9.220654487609863,3.765176057815552,4.621817588806152,6.895249366760254,4.948473930358887,4.269828796386719,4.369924545288086,4.168362617492676,3.170182943344116,5.113439083099365,-0.0533198527991771,-0.0581932254135608,-0.0213067531585693,-0.0828227400779724,-0.0931890606880188,-0.0398156195878982,-0.1257391273975372,-0.0732147619128227,-0.0338437519967556,-0.0236772913485765,0.0167822930961847,0.0078524462878704,-0.0808459371328353,2.673544645309448,0.7433015704154968,0.908875286579132,1.3873538970947266,0.5962716341018677,0.7015283703804016,0.9848989248275756,0.5270745754241943,0.7166721224784851,0.8023211359977722,0.576373279094696,0.5458112359046936,0.5272391438484192,0.4900195598602295,0.1786336600780487,0.2152920514345169,-0.3707247376441955,-0.0493388250470161,-0.1673289090394973,0.1680445373058319,-0.0226958319544792,-0.0760989263653755,-0.0648819655179977,0.0728774815797805,-0.0109443133696913,-0.007942147552967,1.418325662612915,0.7213923931121826,0.8034595847129822,1.1905380487442017,0.4023315906524658,0.6522442698478699,0.674938976764679,0.5714806914329529,0.5818037390708923,0.5031326413154602,0.6014297604560852,0.4438263773918152,0.3930925726890564,0.0172023027254543,0.0102764451999315,0.1001829365613657,0.0521860102217668,16.598573961552493,1,Rekurrensparese,1262,i_n
-249.3563995361328,83.4435043334961,4.062175273895264,98.03684997558594,23.50372886657715,33.35064697265625,-31.97942924499512,5.885722160339356,9.600488662719728,5.300632476806641,-14.10643196105957,-2.2887582778930664,3.003056287765503,10.151617050170898,6.805243968963623,4.562744140625,6.829065322875977,3.784554481506348,5.108556270599365,5.73831844329834,5.916016578674316,4.730481624603272,3.801210403442383,3.945466756820679,4.196815967559815,4.815945625305176,-0.099326841533184,-0.0081654600799083,-0.0197131801396608,-0.0552457682788372,0.0037288682069629,-0.054971620440483,0.0271387547254562,0.0210491605103015,-0.0301224384456872,0.0010728306369856,-0.0014681286411359,-0.0014061599504202,-0.0301292166113853,1.3891781568527222,1.2625492811203003,0.6568747162818909,1.1151819229125977,0.5525879263877869,0.6889245510101318,0.8134862184524536,0.6229428648948669,0.5794668793678284,0.5498120188713074,0.5014692544937134,0.5716903209686279,0.4353267550468445,0.2271927893161773,0.2024022489786148,0.0669212117791175,-0.1674048155546188,-0.0403654426336288,-0.0518523678183555,0.1036298647522926,0.013423784635961,0.0009333866764791,-0.0493560880422592,-0.0127035472542047,-0.0108637204393744,0.0456056706607341,1.0533851385116575,0.9241765141487122,0.5400485396385193,0.8146111369132996,0.5106737613677979,0.4830350577831268,0.6155388355255127,0.4922441840171814,0.4658933579921722,0.4599809944629669,0.3777660429477691,0.4098845720291137,0.444344162940979,0.0046737351941651,0.0028027420280658,0.0497168038808656,0.0204027753789416,21.20296416324164,1,Rekurrensparese,1263,i_n
-288.07275390625,114.55021667480467,-20.36081314086914,97.9649887084961,42.24831008911133,26.55343437194824,-22.56225204467773,1.7412195205688477,22.594701766967773,-11.409165382385254,-5.959507465362549,-13.347344398498535,-5.794930458068848,30.63262939453125,4.878206253051758,6.231031894683838,9.676773071289062,6.662552833557129,6.303447246551514,5.082087516784668,6.588388919830322,3.9904141426086426,3.979411363601685,3.749498128890991,3.615553140640259,3.392813205718994,-0.5724480748176575,-0.0840981230139732,-0.0522277280688285,0.0749431475996971,0.0623659454286098,-0.0955075398087501,-0.0095861488953232,-0.1035917848348617,-0.0340266339480876,0.0161519050598144,0.0353238135576248,0.0328021608293056,-0.0272858999669551,2.1266579627990723,0.6959589123725891,1.0987547636032104,1.3103680610656738,0.6258686184883118,0.7831714749336243,0.7761090397834778,0.5801501274108887,0.5710707306861877,0.582954466342926,0.5618340969085693,0.6898192763328552,0.5164473056793213,0.4306234121322632,0.0254178512841463,0.1935160011053085,-0.228332370519638,-0.0230805072933435,-0.043786447495222,0.1008106619119644,0.0140884974971413,-0.0495210401713848,0.0376622229814529,-0.0088830739259719,0.0432747416198253,-0.0004439299518708,1.5675913095474243,0.4193622469902038,0.8123334646224976,0.8915714025497437,0.4520075023174286,0.4705290496349334,0.6082662343978882,0.5778563618659973,0.408649742603302,0.4116993844509125,0.347069501876831,0.5270236134529114,0.4146912097930908,0.0021245154589945,0.0009125755241205,0.0112928246847908,0.0052952416002495,28.00062332013871,1,Rekurrensparese,1270,i_n
-241.2644195556641,115.63101959228516,-12.610806465148926,93.82878112792967,18.303955078125,72.58013153076172,-3.984635829925537,-22.38516998291016,14.106289863586426,10.119935035705566,0.5145590901374817,-11.3772554397583,-12.18083667755127,11.348320960998535,4.695038318634033,5.056637287139893,7.562565803527832,4.782907009124756,6.04560661315918,4.389066219329834,3.862290143966675,5.572551727294922,3.5456981658935547,4.225646018981934,4.211304664611816,3.7846767902374254,-0.2479396909475326,0.0199824161827564,0.0489846318960189,-0.0769453719258308,0.0383730456233024,0.1506836712360382,-0.0595066249370574,-0.0171751584857702,-0.0815070271492004,0.0498407371342182,0.0424299091100692,0.0508204475045204,0.0060195727273821,1.616631269454956,0.8116386532783508,0.9258676767349244,1.0690324306488037,0.6630303263664246,1.096532940864563,0.684216320514679,0.8338156938552856,0.7228044271469116,0.5960273146629333,0.6703451871871948,0.5855843424797058,0.6108108162879944,0.2766378223896026,0.1088500618934631,0.0989279448986053,-0.2064762711524963,-0.0591478012502193,-0.1710370481014251,0.0491605512797832,0.0534396544098854,0.0141496378928422,-0.0520673766732215,-0.0260948184877634,0.0542063564062118,0.0329798981547355,1.242717742919922,0.652690589427948,0.6128671169281006,0.8836809396743774,0.5190196633338928,0.7050490379333496,0.4694437384605407,0.506321907043457,0.4955744445323944,0.5225371718406677,0.5381909608840942,0.4440384209156036,0.543114185333252,0.0111664067040689,0.0061708851690731,0.0663913846976952,0.0378500118997911,17.60249810528226,1,Rekurrensparese,1271,i_n
-340.7108459472656,99.09337615966795,-6.378511428833008,96.35883331298828,32.89642333984375,17.538516998291016,-29.957195281982425,10.95968532562256,35.478023529052734,-24.55598258972168,-14.81982135772705,7.714198589324951,-17.463315963745117,34.60637664794922,8.286810874938965,10.573966026306152,8.83391284942627,6.511406421661377,5.298240661621094,5.667986869812012,4.065392971038818,5.367291927337647,4.29694938659668,4.216744422912598,3.982045412063599,3.832355976104736,0.1040043979883194,-0.1400735825300216,-0.065741904079914,0.1704631000757217,0.0894791930913925,0.049018919467926,-0.0977669283747673,0.0310999192297458,0.0700241103768348,-0.0232331436127424,-0.0964031964540481,-0.0246403645724058,0.000915024371352,2.8964719772338867,1.3102803230285645,1.0409451723098757,1.5289361476898191,1.1432397365570068,0.7102392911911011,0.9051562547683716,0.7717568874359131,0.8517916202545166,0.6182129383087158,0.5639563798904419,0.6140581965446472,0.5722948312759399,0.2792809605598449,0.0799839347600936,0.1013591140508651,-0.0969183221459388,0.0080413287505507,0.004431854467839,0.0965143516659736,-0.0207112040370702,-0.0894411653280258,0.0348995067179203,0.0619868822395801,-0.0067761940881609,0.0334940962493419,1.4051318168640137,0.7988151907920837,0.704940140247345,0.7813049554824829,0.6640863418579102,0.4454376399517059,0.617346465587616,0.5677960515022278,0.6055537462234497,0.4389177858829498,0.4698508381843567,0.4396487772464752,0.4396746158599853,0.0027084575576951,0.0015421724460952,0.0186085644713093,0.0087383771539165,24.789500006069268,1,Rekurrensparese,1272,i_n
-344.3983764648437,129.9082489013672,-13.46622085571289,95.4040298461914,51.55396270751953,36.0793571472168,-9.308728218078612,0.0506657622754573,27.2745418548584,-5.0452961921691895,-5.324641227722168,-4.0982537269592285,-11.086305618286133,17.922658920288086,4.31533145904541,5.54503870010376,8.197948455810547,4.115180015563965,4.660297870635986,3.2448761463165283,3.954871892929077,4.078042984008789,2.751983642578125,2.824120283126831,4.071348190307617,4.840595245361328,-0.6478051543235779,0.0299399439245462,-0.1063222959637641,0.1823083609342575,0.1058743894100189,0.1064181625843048,0.0230420716106891,-0.0822036266326904,0.0425843372941017,0.03445515781641,-0.0011138042900711,-0.0778848603367805,-0.0445832759141922,2.8233444690704346,0.4918857514858246,0.9020242094993592,1.2701189517974854,0.8841070532798767,0.7238437533378601,0.5290988683700562,0.3690434992313385,0.540224552154541,0.4103924930095672,0.4693175256252289,0.3789286911487579,0.4217115938663482,0.3777820169925689,0.010317082516849,0.1398072391748428,-0.1322061419486999,-0.0581988543272018,-0.0946068465709686,0.0434683002531528,-0.0017608543857932,-0.0387090295553207,0.0437669232487678,0.0171789973974227,0.0029730983078479,-0.0058306790888309,1.8551853895187376,0.3320528864860534,0.5629841685295105,0.773267388343811,0.4324862360954284,0.541007399559021,0.4064266383647918,0.3127234280109405,0.3832446932792663,0.3527358472347259,0.3185153901576996,0.2775228023529053,0.310921311378479,0.0030903486360573,0.0013482859099296,0.0101166514662621,0.0048867376892002,28.12467368932548,1,Rekurrensparese,1277,i_n
-252.5416259765625,94.4202651977539,-18.125932693481445,113.37483978271484,19.4399471282959,59.48863220214844,18.15596008300781,-12.802851676940918,23.52263641357422,10.076234817504885,-1.136267900466919,-3.49271559715271,-4.701836585998535,12.25070858001709,4.959386348724365,8.158941268920898,6.518622875213623,6.233508110046387,4.523220062255859,5.161736011505127,5.883955478668213,5.361163139343262,4.583922386169434,4.353089809417725,3.601826906204224,3.5801873207092285,-0.1889618933200836,0.0308609008789062,-0.0961413830518722,0.010601962916553,0.0653025284409523,0.0784661024808883,0.0668268576264381,0.0083898454904556,0.0019221465336158,-0.0055132182314991,0.0136300697922706,0.0040841568261384,-0.034655176103115,1.3531882762908936,0.5640674829483032,1.0621331930160522,1.1585679054260254,0.6111561059951782,0.7031900882720947,0.6865321397781372,0.7576509118080139,0.6503810286521912,0.6355908513069153,0.6390765309333801,0.6093109250068665,0.5752221345901489,0.1712675392627716,0.0024964734911918,0.0987309738993644,-0.1702892333269119,-0.030478062108159,-0.0968007817864418,0.0189288463443517,0.0177896246314048,-0.0052476716227829,-0.0070446468889713,-0.0329638943076133,0.0069336229935288,-0.0073283682577311,0.8770182132720947,0.4180565476417541,0.5983677506446838,0.9412797689437866,0.4598704576492309,0.5852315425872803,0.5206565260887146,0.5309045910835266,0.4603206515312195,0.4437178075313568,0.4297612607479095,0.4400546550750732,0.4624238908290863,0.0045659640291625,0.0023969522081447,0.0555988098607728,0.0275757396869266,15.251682448798908,1,Rekurrensparese,128,i_n
-288.39654541015625,116.71035766601562,-19.245332717895508,98.72040557861328,40.482906341552734,41.113075256347656,-24.105806350708008,3.534468650817871,27.1106014251709,-6.703902244567871,15.828831672668455,-19.992206573486328,-16.64087677001953,13.607189178466797,4.095630168914795,5.110263347625732,8.024602890014648,4.067469596862793,4.0167083740234375,5.096470832824707,3.585500955581665,4.126911163330078,3.2895407676696777,3.625538110733032,3.430497646331787,3.1889853477478027,0.1977498531341552,0.0084000974893569,0.0957294702529907,-0.257212221622467,-0.0621459521353244,-0.054568950086832,0.0341591127216815,-0.0836144685745239,-0.1236258223652839,0.0277264267206192,-0.028314096853137,-0.0036777339410036,-0.0657807514071464,2.2261054515838623,0.7104359865188599,0.8451493978500366,1.2181365489959717,0.6347846388816833,0.615192174911499,0.7749393582344055,0.7510325908660889,0.66122967004776,0.5835878252983093,0.5239198803901672,0.6324377655982971,0.5943793654441833,0.4586976766586303,0.1429362893104553,0.159225195646286,-0.2650151252746582,-0.0759325474500656,-0.0205218624323606,0.1478986293077469,-0.0017881157109513,-0.0373352840542793,0.026707898825407,-0.0504893213510513,0.0869041010737419,0.0060909097082912,1.658058762550354,0.5119132995605469,0.5247212052345276,0.93565034866333,0.4912273287773132,0.4950592219829559,0.5941661596298218,0.3898840248584747,0.3882504105567932,0.4016386270523071,0.4754551351070404,0.370413601398468,0.4361856877803802,0.0021917112017959,0.0011284530467623,0.0102301548746144,0.0049317902170062,27.1269529763068,1,Rekurrensparese,1289,i_n
-234.117904663086,111.44825744628906,-1.449126958847046,92.59575653076172,11.102275848388672,26.30646133422852,-19.066143035888672,8.003559112548828,17.570253372192383,3.313892841339112,-13.450725555419922,-4.686252117156982,12.79812717437744,9.260210990905762,4.3104329109191895,5.010119438171387,7.704047679901123,4.762151718139648,4.322652816772461,4.538619995117188,3.7081758975982666,3.423149347305298,3.91511344909668,3.740787982940674,3.729205369949341,4.898004531860352,-0.2797270119190216,0.0484484620392322,-0.0824638083577156,0.0369817614555358,0.0467554368078708,0.0201783496886491,-0.1341988295316696,0.0092621222138404,-0.036547727882862,0.1108587533235549,0.0443718358874321,0.0358916223049163,0.0651319399476051,1.6621266603469849,0.6360616087913513,0.6777294278144836,1.3798048496246338,0.6497612595558167,0.6187845468521118,0.9272480607032776,0.5307466983795166,0.5817025303840637,0.4635993242263794,0.609624981880188,0.5859426259994507,0.714444100856781,0.4182150065898895,0.1075507849454879,0.0156643707305192,-0.2768812775611877,-0.0252381674945354,-0.0671011134982109,0.0770981684327125,-0.0408599637448787,-0.0794994682073593,-0.0193528942763805,0.026799026876688,0.0096866255626082,-0.0725965574383735,1.5023040771484375,0.5773097276687622,0.5768285393714905,1.0416817665100098,0.5394238233566284,0.598290205001831,0.5103959441184998,0.3965464830398559,0.4387322962284088,0.3830760717391968,0.488503098487854,0.3939430117607116,0.5150186419487,0.0248759608572521,0.0147133031259469,0.1429829769054889,0.0712892416220181,13.13823969705035,1,Rekurrensparese,1292,i_n
-206.55352783203125,135.7468719482422,-24.526588439941406,84.23607635498047,32.03878402709961,20.177114486694336,-23.093759536743164,8.717658042907715,19.57634162902832,2.435976982116699,-10.454792022705078,-2.000866413116455,5.248386859893799,25.987443923950195,3.846919536590576,4.23966121673584,5.438709259033203,6.843563556671143,5.2530012130737305,3.867740869522095,6.4806318283081055,5.874078273773193,3.939271688461304,3.959702968597412,4.019608020782471,3.1785125732421875,-0.5841061472892761,-0.0659356713294982,0.0695211440324783,-0.0989203006029129,0.2089356631040573,0.0739602521061897,-0.102638266980648,-0.1535257399082183,0.2323765009641647,0.0644408464431762,-0.0657504871487617,-0.0746875703334808,0.0553535372018814,2.2728660106658936,0.5786405801773071,0.6936957240104675,0.7541994452476501,0.4608323872089386,0.5293864011764526,0.6506738066673279,0.7524348497390747,0.6559284329414368,0.4976634681224823,0.589201807975769,0.6133517622947693,0.5808073282241821,-0.2206627279520034,-0.1064817830920219,0.0495305508375167,-0.1413335651159286,0.0080066751688718,-0.0071320561692118,0.0922944918274879,0.0513446554541587,0.0610815361142158,-0.0467906333506107,-0.0459094159305095,-0.0617605112493038,0.0039721895009279,0.8059864044189453,0.543353796005249,0.3403041958808899,0.5660628080368042,0.3391796052455902,0.466593474149704,0.4743809401988983,0.5004669427871704,0.570207953453064,0.5668498873710632,0.6061116456985474,0.5195242166519165,0.3877520859241485,0.0392332981296643,0.0231149272183597,0.2259218974688377,0.1140781013493141,9.13541146599309,1,Rekurrensparese,1293,i_n
-340.225830078125,82.90092468261719,19.92011451721192,101.1305694580078,7.075812339782715,23.574424743652344,-2.3461949825286865,-0.675300657749176,17.779088973999023,-18.828901290893555,-25.579639434814453,-11.924102783203123,12.806241035461426,26.30854034423828,12.38966178894043,7.182523250579834,15.333157539367676,7.328849792480469,4.83583927154541,11.69472599029541,9.115242958068848,4.667277812957764,7.105295658111572,6.32050895690918,3.423559188842773,5.5310468673706055,-0.0935945361852645,-0.0076932637020945,-0.0603842325508594,0.0261147189885377,-0.1991709619760513,0.0941419750452041,0.0660862848162651,-0.039088387042284,-0.0269332341849803,-0.143447458744049,-0.2776961922645569,-0.0856884941458702,0.2183697372674942,4.21590518951416,1.9353249073028564,1.5768132209777832,2.5650367736816406,1.446795105934143,1.040251612663269,2.102638959884644,1.7541197538375854,0.9678455591201782,1.556742548942566,1.541811227798462,0.5617550015449524,1.4352405071258545,1.5525791645050049,0.7110968828201294,0.0182469580322504,-0.7726971507072449,-0.1737012714147567,-0.00774169806391,0.2536093890666961,0.1287152618169784,-0.1400761306285858,0.0749138444662094,0.1446028351783752,0.0455885827541351,-0.1457733213901519,4.2761077880859375,2.2314822673797607,0.8857575058937073,2.628570079803467,1.2299230098724363,0.6561282873153687,1.6171109676361084,1.3295083045959473,0.514225959777832,0.8651133179664612,0.8254408836364746,0.4503893852233886,0.7195155620574951,0.0021552259290411,0.0011350079111444,0.013394118674537,0.0051113936424994,29.05243607175092,1,Rekurrensparese,130,i_n
-307.45867919921875,79.14571380615234,-13.93244457244873,79.33370971679688,42.03804016113281,83.18538665771484,-0.6448391675949097,2.465706348419189,-1.3801838159561155,19.47214126586914,18.197160720825195,-6.796329498291016,-1.5810014009475708,16.45393943786621,9.039076805114746,8.861017227172852,8.854643821716309,6.90134334564209,9.106353759765623,6.726632595062256,5.035483360290527,6.592591762542725,5.266828536987305,9.414918899536133,4.34830379486084,4.910269737243652,-0.8013852834701538,-0.2991010248661041,-0.1875991225242614,0.2471347451210022,0.1450577676296234,0.3156790435314178,0.0722496286034584,-0.0164570827037096,-0.1752335131168365,0.0092142233625054,0.2464187741279602,-0.0063478900119662,-0.0855140909552574,2.969775676727295,1.3443328142166138,1.771431803703308,1.4424270391464231,1.3592501878738403,1.7858622074127195,0.8179015517234802,0.834281861782074,0.7990957498550415,0.7460125088691711,0.7292034029960632,0.6362422108650208,0.5081816911697388,0.5115326046943665,0.2707702815532684,0.1065674200654029,-0.2638696432113647,-0.1692485064268112,-0.2749184966087341,0.1406314671039581,0.0501235537230968,-0.0322398506104946,-0.1034592688083648,0.0242237113416194,0.0343468412756919,-0.0551321692764759,2.0601274967193604,0.9485228657722472,1.0367199182510376,1.1043702363967896,0.7333492636680603,1.190340518951416,0.6626491546630859,0.5484908819198608,0.6253795623779297,0.6795649528503418,0.5321937203407288,0.4348557591438293,0.5361477136611938,0.0096146120807292,0.0048793723605455,0.0516941587625017,0.023443626400593,19.33050769295087,1,Rekurrensparese,1304,i_n
-249.98910522460932,119.36727142333984,-28.977014541625977,92.5492706298828,25.51327133178711,44.55923461914063,-16.34176254272461,-11.863999366760254,7.802244663238525,7.986795902252197,4.923019409179688,-16.768178939819336,-3.9085097312927246,28.54265213012696,8.052833557128906,16.407058715820312,9.433598518371582,4.807282447814941,5.541168212890625,5.777323722839356,5.301546573638916,4.949895858764648,3.4801464080810547,4.355592250823975,3.8610029220581055,5.750833034515381,-1.1625219583511353,0.3678091764450073,0.2972504794597626,0.0891551822423935,0.1494878381490707,0.1343755722045898,-0.1496009081602096,-0.1719145774841308,-0.2951846718788147,-0.1420605778694152,-0.1528386920690536,-0.1625023186206817,-0.0738588869571685,2.0360002517700195,1.004416584968567,1.9433770179748533,1.6221985816955566,0.6494299173355103,1.072268009185791,0.625901997089386,0.593091607093811,0.6221712231636047,0.526776134967804,1.0485074520111084,0.6513322591781616,0.7906391620635986,0.481041669845581,0.0559595823287963,0.3468252122402191,-0.4681545794010162,-0.014433005824685,-0.2651929259300232,0.1265037357807159,0.0776451379060745,0.0850436240434646,0.0147428633645176,-0.097509741783142,-0.0116852223873138,0.0439141206443309,1.3795146942138672,0.5895835161209106,1.208211898803711,1.260427951812744,0.3989229798316955,0.7668055295944214,0.4547897279262543,0.4630561470985412,0.4307128489017486,0.357806533575058,0.4561166763305664,0.3386304378509521,0.4144687950611114,0.0044626276301774,0.0023752550269329,0.0269021015341524,0.0139769763207701,21.186267306759312,1,Rekurrensparese,1314,i_n
-329.8597106933594,92.466796875,-17.39516258239746,103.69351196289062,38.58079147338867,35.99427032470703,-7.214478969573975,-11.261491775512695,17.75342559814453,3.458492994308472,-11.284074783325195,-13.958291053771973,8.942689895629883,16.79166030883789,6.938347339630127,7.243624210357666,7.966898918151855,7.788352012634277,6.073318958282471,7.093395709991455,6.111336708068848,4.518184185028076,4.3986430168151855,3.011249542236328,3.292858123779297,2.762479066848755,0.0674411579966545,-0.1174619495868682,-0.1648158729076385,0.2129307687282562,0.0859444662928581,0.0105460183694958,-0.109432965517044,0.0165394470095634,0.0534520000219345,-0.0220254752784967,0.0236535519361495,-0.0222510080784559,-0.0077864145860075,2.137204885482788,1.219926118850708,1.3462293148040771,1.3307849168777466,1.362894892692566,0.876340389251709,1.2720727920532229,0.9625846147537231,0.8538364768028259,0.6852096915245056,0.4431460201740265,0.4587121605873108,0.453624814748764,0.2747004628181457,0.1399020999670028,0.0537912547588348,-0.103628285229206,-0.0465887710452079,-0.0513557493686676,0.0544506274163723,0.0545221641659736,0.0095164878293871,0.0081490958109498,-0.0275784842669963,0.0208108890801668,-0.0249314457178115,1.5946346521377563,0.8127775192260742,0.870226263999939,0.8917011618614197,0.8906056880950928,0.6655195355415344,0.8596988916397095,0.7260463237762451,0.5356884002685547,0.5492643713951111,0.380658358335495,0.2741701602935791,0.3475503325462341,0.0021146603996529,0.0009375198722952,0.0083017716980242,0.0035025068345677,28.81139719164329,1,Rekurrensparese,1325,i_n
-223.10232543945312,116.9138641357422,-34.12550354003906,73.68264770507812,16.752788543701172,22.31129646301269,-19.05429077148437,4.973316669464111,8.144217491149902,-8.577369689941406,5.101049900054932,-9.013957977294922,-1.430596947669983,17.396291732788086,4.036961555480957,5.071902751922607,4.2586774826049805,4.332884311676025,4.191112041473389,3.496351480484009,3.0399279594421387,3.940141201019287,4.025999546051025,3.767048597335816,4.075791358947754,3.493665933609009,0.6952419877052307,-0.0211098734289407,-0.2271432429552078,-0.0413968674838542,-0.1484728753566742,0.0877916440367698,0.0975419506430625,0.058142639696598,-0.0674543604254722,0.0781749337911605,0.0296110287308692,0.0098354844376444,-0.0051741553470492,2.460399866104126,0.7591931819915771,0.9300993084907532,0.609921932220459,0.6602407693862915,0.6153935790061951,0.6497373580932617,0.5073573589324951,0.5641205906867981,0.5544737577438354,0.6465550065040588,0.7645293474197388,0.6121010780334473,-0.3437601923942566,0.0342263653874397,0.0963262468576431,-0.0057893227785825,0.1029323190450668,0.0030532800592482,0.0814745426177978,-0.0551018044352531,-0.1040053740143776,-0.041009921580553,-0.0054842638783156,0.0609570704400539,0.105727732181549,0.7615445256233215,0.7065393328666687,0.5730579495429993,0.5126136541366577,0.4644235074520111,0.5324203968048096,0.537392795085907,0.4915385842323303,0.5072506666183472,0.5308354496955872,0.5115388035774231,0.5886380076408386,0.414950430393219,0.0640012683249692,0.0330525499022625,0.2387121406961964,0.0814985068130559,4.753850810147999,1,Rekurrensparese,1330,i_n
-295.154296875,89.77127838134766,17.03718376159668,98.1086883544922,10.938109397888184,49.78264236450195,-25.08863639831543,-6.944795608520508,15.21745777130127,-15.20331573486328,-21.44617080688477,-24.92567443847656,-13.757040023803713,17.205799102783203,6.962656021118164,4.431929111480713,8.258160591125488,4.699206352233887,5.091200828552246,5.035828590393066,3.801065444946289,3.660284757614136,3.46744155883789,5.930733680725098,4.210670471191406,5.620380401611328,-0.0735869631171226,-0.1169678941369056,-0.1468722224235534,-0.1230054721236229,-0.0688581988215446,-0.0221753492951393,-0.0021808831952512,-0.0307507291436195,-0.0021128628868609,-0.0034617590717971,0.0960064753890037,0.0460357926785945,0.0528145432472229,2.4848499298095703,1.1572511196136477,0.6419718861579895,1.599767804145813,0.7771490216255188,1.105541110038757,0.9987009167671204,0.5718480348587036,0.6610540151596069,0.5454164147377014,0.7229633331298828,0.62617427110672,0.7366577386856079,0.5474259257316589,0.2331805378198623,0.0433668494224548,-0.3475673496723175,-0.0503033064305782,-0.1708421111106872,0.1796550899744033,0.0706921368837356,-0.0227975714951753,0.0107565885409712,0.0939372926950454,0.0651169717311859,0.0496585816144943,1.6561706066131592,0.7718591690063477,0.6100506782531738,1.0334045886993408,0.5021223425865173,0.6664883494377136,0.715566098690033,0.4956291615962982,0.3756689131259918,0.4180549383163452,0.4977156221866607,0.443975031375885,0.5283975005149841,0.0053648274688448,0.0031021071883193,0.0424888936222248,0.0245612486224065,20.310826334554072,1,Rekurrensparese,138,i_n
-253.7911071777344,98.44418334960938,1.4353461265563965,85.06755065917969,19.026775360107425,42.91374969482422,-45.336822509765625,-5.560476303100586,5.597253799438477,-0.4938156008720398,-16.338775634765625,-28.05974769592285,1.0634807348251345,23.785219192504883,15.05644702911377,18.92697525024414,11.562281608581545,11.9722261428833,12.49102020263672,6.998341083526611,4.287368297576904,5.478793144226074,3.95686936378479,5.4728546142578125,10.55954360961914,5.154020309448242,-0.5983290076255798,-0.3019264042377472,0.2011770159006118,0.1516318023204803,-0.1428681463003158,0.3097059428691864,-0.105807676911354,-0.0690915212035179,-0.0653284639120101,0.0593337006866931,0.1149099469184875,-0.2324418276548385,0.0440752357244491,3.879187822341919,2.342818260192871,1.9249578714370728,1.938119888305664,1.2438924312591553,1.2511273622512815,1.184407114982605,0.7653555274009705,0.7357426881790161,0.7978894114494324,0.7836858630180359,0.9957115650177002,0.8795087337493896,0.5520881414413452,0.20302115380764,0.0780365541577339,-0.2965860366821289,-0.0506777130067348,-0.0800538808107376,0.1888694167137146,0.052907794713974,-0.0227035749703645,-0.0220530517399311,0.1010418012738227,-0.0168530475348234,-0.0334107168018817,2.134228467941284,1.2321009635925293,1.148540496826172,1.2038358449935913,0.8397465348243713,0.6573193073272705,0.7615249156951904,0.4590150415897369,0.3952804207801819,0.4996355175971985,0.5947878956794739,0.5336046814918518,0.5861539840698242,0.0198503681847787,0.0094713870910231,0.0686692231445844,0.0368867244794437,18.100862510915245,1,Rekurrensparese,1382,i_n
-246.278549194336,126.48670959472656,-3.3387036323547363,67.4543228149414,32.400413513183594,34.609130859375,-28.619705200195312,-0.8182619214057922,30.33422470092773,6.004088878631592,-16.465421676635742,12.448345184326172,-6.456002712249756,21.92619705200196,3.947986602783203,5.9256672859191895,8.879701614379883,3.5808796882629395,3.677396297454834,5.937348365783691,4.711000442504883,3.960364580154419,5.647523880004883,3.7636425495147705,4.32495641708374,4.369500637054443,-0.6244764924049377,0.0803941339254379,0.0629064589738845,-0.193862646818161,-0.0469912141561508,0.0685236304998397,-0.0890861675143241,-0.1225004941225051,-0.0660354569554328,-0.163031205534935,-0.0399621203541755,-0.0196208022534847,-0.076409600675106,1.3762288093566897,0.7335222959518433,0.7015836834907532,0.9530320763587952,0.5089212656021118,0.5530362725257874,0.8275070190429688,0.4956085085868835,0.6750058531761169,0.6112895607948303,0.6055610179901123,0.6040745973587036,0.5320500135421753,0.2627639472484588,0.109358012676239,0.1287654936313629,-0.1841174811124801,-0.0163045972585678,-0.0810201093554496,0.1265133768320083,-0.01992660574615,-0.0714449808001518,-0.1148847565054893,0.0102292755618691,-0.0607814826071262,0.0329277031123638,0.9110971689224244,0.5357025861740112,0.6240332722663879,0.6906740665435791,0.4256545603275299,0.4278916418552398,0.5763919353485107,0.4114904701709747,0.4467966854572296,0.7087387442588806,0.5456876158714294,0.509533703327179,0.4076821804046631,0.0132800901126863,0.0075990354456326,0.1429660527731218,0.060183386191933,14.271325204199478,1,Rekurrensparese,1390,i_n
-198.29931640625,93.03325653076172,7.536710739135742,83.39478302001953,26.26222038269043,22.42322540283203,-47.26596832275391,7.999477863311768,9.304187774658203,-12.432796478271484,-16.496906280517578,-11.43332290649414,-0.7524887919425964,16.456432342529297,6.367982387542725,5.06469202041626,7.379754066467285,5.221798896789551,4.60235595703125,8.836516380310059,5.493987083435059,3.490400552749634,3.7556328773498535,5.032003879547119,4.834015846252441,4.677178382873535,-1.4394093751907349,-0.1402461975812912,0.0901850759983062,0.2354403287172317,0.4212523698806762,0.2863781452178955,-0.4942879974842071,0.2105460464954376,-0.1128331944346427,-0.1353958696126938,0.2302421629428863,0.0408723764121532,-0.0479626916348934,1.837740898132324,1.1977007389068604,0.7093979120254517,1.5904580354690552,0.9694024920463562,0.6119288206100464,1.0054882764816284,0.737730860710144,0.6173338294029236,0.6433724164962769,0.636212944984436,0.8083170652389526,0.70991051197052,0.3254671394824981,0.3420212864875793,-0.0378503575921058,-0.4105363190174103,-0.1071073859930038,0.0729651972651481,0.12815822660923,0.0609078034758567,-0.0114996274933218,-0.0062624593265354,0.1335931718349456,0.0929258242249488,0.0236131846904754,0.932142436504364,0.877679169178009,0.5834560990333557,1.0027844905853271,0.612003743648529,0.5088123679161072,0.7295700311660767,0.5797159671783447,0.4481114149093628,0.4473424851894378,0.663048505783081,0.677393913269043,0.4394043982028961,0.0733527607078343,0.0445397864013758,0.2717157152459178,0.100975545338164,7.814484628449138,1,Rekurrensparese,1397,i_n
-249.622787475586,86.32026672363281,-11.131580352783203,86.27471923828125,26.5522518157959,62.17282485961914,-34.742576599121094,-0.2052320390939712,12.635032653808594,-12.535873413085938,6.4090094566345215,-9.978404998779297,-12.5150785446167,17.26934242248535,9.802452087402344,8.61809253692627,8.907279968261719,8.062077522277832,6.458694934844971,6.290765762329102,5.358824253082275,3.7864153385162354,4.968883037567139,4.866132736206055,5.826509475708008,5.836375713348389,-0.3651940524578094,0.1245391443371772,-0.1218442469835281,-0.2157936990261078,0.2772265374660492,-0.0912491753697395,0.0321001634001731,0.0712393447756767,-0.0860957950353622,0.0743304193019867,-0.251407265663147,-0.1603904813528061,-0.1001157611608505,2.7346346378326416,1.8122440576553345,1.9387729167938232,1.3840110301971436,0.9300784468650818,1.1565922498703003,0.89234459400177,0.9722837805747986,0.5895766019821167,0.6332278847694397,1.0807846784591677,1.3129757642745972,1.2006523609161377,0.5875458121299744,0.1903770267963409,0.2502331733703613,-0.3966572284698486,-0.1352524906396865,-0.3733456432819366,0.147721067070961,0.1474106013774871,0.1646962761878967,0.0161222591996192,-0.0764395222067833,0.0594375804066658,0.2489264458417892,1.5653728246688845,0.8707854747772217,1.0580400228500366,1.137608766555786,0.6806267499923706,0.9128535389900208,0.6061025261878967,0.7740533351898193,0.5273711085319519,0.4521821439266205,0.7518101334571838,0.6760799288749695,0.7317274808883667,0.0167242149279939,0.0080906142087017,0.1124547644880196,0.0609996643165656,13.816017256273197,1,Rekurrensparese,1399,i_n
-177.6446990966797,120.3823013305664,-4.727072238922119,94.13964080810548,7.56284761428833,27.78409194946289,-21.510234832763672,9.37562656402588,20.50774383544922,4.463871955871582,-21.052942276000977,-1.2379406690597534,8.4583158493042,10.78421401977539,4.627379417419434,4.264039993286133,8.892034530639648,4.386445999145508,4.116642951965332,5.361123561859131,7.080767631530762,3.9993646144866943,4.325645446777344,4.5704755783081055,3.767848014831543,3.523507833480835,0.1256515830755233,-0.0812393650412559,-0.0410844013094902,-0.4046064615249634,0.0968219861388206,-0.0710556209087371,0.1196668893098831,-0.1818878799676895,0.0062945871613919,-0.0476107485592365,-0.100196361541748,-0.1715462207794189,-0.0888671576976776,1.6787233352661133,0.8031014800071716,0.8720234036445618,1.3802481889724731,0.8502533435821533,0.6735531687736511,0.8804278373718262,0.773925244808197,0.6403272151947021,0.7137382626533508,0.4628450572490692,0.5508012771606445,0.6830828785896301,0.0542717389762401,-0.0541403144598007,0.0501425340771675,-0.1987113654613495,0.0906817093491554,-0.0706313103437423,0.2063895612955093,-0.0002806960837915,-0.0968809351325035,-0.0677348598837852,0.0243827290832996,-0.043810024857521,-0.0855199545621872,1.4550915956497192,0.581601083278656,0.4984304010868072,1.1395608186721802,0.5418223738670349,0.536357581615448,0.7151997089385986,0.5646123290061951,0.3996603190898895,0.5637856125831604,0.4770107567310333,0.4429053962230682,0.4505984783172607,0.0379547222863183,0.0216873849230811,0.1741779138354799,0.076881622306663,10.39327508288825,1,Rekurrensparese,1402,i_n
-205.48110961914065,88.0024642944336,-22.07584571838379,81.8646240234375,14.864757537841797,38.86775970458984,-42.41571807861328,3.173147201538086,29.27591896057129,-3.888237714767456,-5.395927906036377,2.645369052886963,-6.629018783569336,19.60209274291992,8.810776710510254,4.296516418457031,6.155189514160156,5.474932670593262,5.100643634796143,5.196521282196045,4.114139080047607,4.048511505126953,4.643161773681641,4.982673645019531,4.900527477264404,3.5290091037750244,-1.0496653318405151,0.701030433177948,0.1177469417452812,-0.1856868416070938,0.0214216597378253,-0.1468130499124527,-0.1313637644052505,0.0815812274813652,0.0549980886280536,-0.1464146375656128,-0.0635256245732307,0.0760255083441734,-0.0685455054044723,1.6921638250350952,0.7090800404548645,0.8581548929214478,0.9701232314109802,1.135624647140503,0.8532986640930176,0.8129767775535583,0.5221393704414368,0.6145032048225403,0.7247872948646545,0.8445102572441101,0.6192276477813721,0.7449243068695068,-0.4117459058761596,-0.060300663113594,-0.0336715802550315,-0.0828949213027954,0.0644136145710945,0.0242145862430334,0.0325788371264934,0.1213461607694625,0.0973369926214218,0.12884321808815,0.0016615652712062,0.0279063116759061,-0.0114445742219686,1.0564440488815308,0.4505272209644317,0.7199623584747314,0.762455403804779,0.7020180821418762,0.6604741215705872,0.5823966860771179,0.6223222017288208,0.6201150417327881,0.6088366508483887,0.6025121212005615,0.494665116071701,0.4621045589447021,0.0223453030171958,0.0122194910618014,0.3135169569673572,0.2254113776105423,3.866992801460778,1,Rekurrensparese,1407,i_n
-269.9314880371094,106.01560974121094,-18.48015594482422,95.74502563476562,16.873178482055664,15.117015838623049,-11.360119819641112,-16.699356079101562,3.212127685546875,-1.9049277305603027,-18.58870315551757,-30.899757385253903,2.2323429584503174,26.49840545654297,9.625114440917969,12.315282821655272,12.40079402923584,7.679682731628418,5.396760940551758,7.822362899780273,5.7805681228637695,6.542296409606934,3.779726028442383,5.10698938369751,5.501537322998047,4.592918395996094,-1.275388240814209,-0.2246020287275314,-0.0537898205220699,0.3552957773208618,0.1302186995744705,0.1149467527866363,0.1185961291193962,0.0327381491661071,0.0145091051235795,0.0724083483219146,0.1080541908740997,-0.2249275594949722,-0.1721798330545425,3.131164073944092,1.856176257133484,2.421055316925049,2.140366077423096,1.0706653594970703,1.1260746717453003,1.2957334518432615,0.7794585227966309,0.8784876465797424,0.6838372349739075,0.6458789110183716,0.7123591899871826,0.69983971118927,0.8593747019767761,0.1229812577366828,0.3949521780014038,-0.5228005051612854,-0.050645750015974,0.0403237901628017,0.3331405818462372,0.1292909234762191,-0.103472039103508,-0.0319791994988918,0.0789783895015716,0.1790871322154998,-0.0776006132364273,1.9794807434082031,0.558935284614563,0.8672394156455994,1.1738567352294922,0.4288891851902008,0.5445663332939148,0.9033144116401672,0.5503637790679932,0.5110534429550171,0.3946444392204284,0.539186418056488,0.6186765432357788,0.6613270044326782,0.0032106571528595,0.0016071240003285,0.0090047948648729,0.0035363562393642,29.204850485734934,1,Rekurrensparese,1418,i_n
-191.23440551757807,102.54847717285156,-3.444284677505493,89.08609008789062,20.6766414642334,32.26352310180664,-29.497997283935547,12.718011856079102,6.571357727050781,-7.940370082855225,-12.815690994262695,-11.140521049499512,9.385908126831056,19.71774673461914,8.285961151123047,5.061625480651856,10.74338722229004,6.63172721862793,5.80525016784668,6.025841236114502,3.828992605209351,4.498528957366943,4.263368129730225,3.645794153213501,4.088332176208496,4.745386600494385,-1.23921799659729,-0.3079781532287597,0.0816169455647468,0.574603259563446,0.22388756275177,0.1806793361902237,-0.3416803181171417,0.0658234730362892,0.2505493462085724,0.0780350863933563,-0.1622309982776641,-0.0769161209464073,-0.0136358803138136,2.672663927078247,0.8026683330535889,1.194607138633728,1.809975862503052,0.8236515522003174,1.1406278610229492,0.8214911222457886,0.7178544998168945,0.6375485062599182,0.7032906413078308,0.5591984987258911,0.6842662692070007,0.8445947766304016,0.6768911480903625,0.1495609283447265,0.1607359945774078,-0.3794958591461181,-0.0798951685428619,-0.1805433183908462,0.168476328253746,-0.044933795928955,0.0436942689120769,-0.0627226531505584,-0.0304747223854064,0.0427158735692501,-0.1938500553369522,1.966822862625122,0.6752081513404846,0.6139494776725769,1.122814416885376,0.4324406385421753,0.5401929616928101,0.5943634510040283,0.4205958545207977,0.4123588800430298,0.5895957350730896,0.4425870180130005,0.4664146304130554,0.6021134257316589,0.0082751519484247,0.0050845570274154,0.0349212782486553,0.0188199000067653,20.32479782021484,1,Rekurrensparese,142,i_n
-256.12890625,109.70508575439452,-3.654279947280884,80.991455078125,29.54132080078125,56.53456497192383,-4.77735710144043,-7.681382656097412,2.625889301300049,11.726016998291016,9.687504768371582,-11.734665870666504,3.1954023838043213,31.433115005493164,11.807424545288086,11.050436973571776,16.861204147338867,8.667696952819824,8.601141929626465,8.987866401672363,6.012375354766846,9.713047981262209,5.673285007476807,6.271539688110352,5.945373058319092,3.7758803367614746,-0.2935187518596649,0.1232948079705238,0.0195491686463356,-0.1360557824373245,0.1539486795663833,0.093585081398487,-0.058200180530548,-0.0116487061604857,0.0791861712932586,0.0192283950746059,0.0569620765745639,-0.0498939752578735,-0.0125554502010345,2.159831285476685,1.013519048690796,1.0594069957733154,1.0710333585739136,0.7825295329093933,0.8676750659942627,0.9225505590438844,0.8914088606834412,0.8204658627510071,0.7793528437614441,0.9241123199462892,0.7490044832229614,0.6066352128982544,0.0028249423485249,0.0655495598912239,0.0489436127245426,-0.0436091870069503,-0.0325391218066215,-0.0640785843133926,0.0732128918170929,0.0341737903654575,0.0090058734640479,-0.0047195856459438,0.0202891696244478,-0.0114256246015429,-0.0137044042348861,0.8195621371269226,0.7401784062385559,0.660942018032074,0.6342775225639343,0.6030278205871582,0.6817752122879028,0.6139853000640869,0.5594252943992615,0.5423496961593628,0.6056238412857056,0.540603756904602,0.5399695038795471,0.4607667326927185,0.0283823427559461,0.0169435224610608,0.1330669415597108,0.0686071726468685,10.042049980122693,1,Rekurrensparese,1424,i_n
-309.2965393066406,156.61724853515625,-19.48672103881836,61.46476364135742,73.32279968261719,50.57817459106445,-27.76719284057617,-9.805294036865234,-1.2950141429901123,-16.23556900024414,7.80513858795166,-21.73643112182617,-6.505699634552002,21.00018882751465,14.260689735412598,11.586066246032717,5.779099464416504,8.159232139587402,6.3875017166137695,8.708236694335938,6.011197566986084,3.821671485900879,6.134634494781494,4.537696838378906,4.435224533081055,3.1762115955352783,0.2158389389514923,-0.0014777035685256,0.1378742754459381,-0.0390598885715007,-0.0788472145795822,-0.0102311065420508,0.090076208114624,0.0417500026524066,0.0119276773184537,0.0282941460609436,-0.0181724205613136,0.0375998839735984,0.0059971073642373,3.5405404567718506,1.1823618412017822,1.100382685661316,1.117422103881836,1.426348090171814,1.217759370803833,0.7351742386817932,0.5761928558349609,0.6154748201370239,0.7677478790283203,0.6793138384819031,0.58293217420578,0.5795806646347046,0.5089417695999146,-0.0336666703224182,0.1462815105915069,-0.1425977498292923,-0.189367726445198,-0.1473318934440612,0.0403468497097492,0.0027236826717853,0.0196326430886983,0.0570221543312072,-0.0841818079352378,0.0449243709444999,0.0159897748380899,2.1783604621887207,0.609658420085907,0.7288480401039124,0.6703656911849976,0.8296557664871216,0.6356246471405029,0.3579151630401611,0.334822803735733,0.3216159045696258,0.3601476550102234,0.4379847645759582,0.4058814644813537,0.3751866817474365,0.0024725903961838,0.001134947788666,0.0188904120960696,0.00812524281118,28.03260747641465,1,Rekurrensparese,1434,i_n
-364.2368469238281,101.01337432861328,-7.831687927246094,82.10638427734375,47.09196090698242,0.5135181546211243,-24.06011009216309,-7.41356086730957,5.915576934814453,-16.825992584228516,-23.996257781982425,-14.91019058227539,-13.305230140686035,21.18142890930176,10.29177951812744,5.400108814239502,8.36044692993164,7.234617710113525,4.275425910949707,6.072472095489502,4.0097246170043945,6.141363143920898,4.066717147827148,4.69400691986084,4.819127559661865,3.5994911193847656,-0.477243423461914,0.0442789644002914,0.1224057078361511,-0.0037337124813348,0.0511970967054367,0.1054600998759269,0.0353751853108406,0.0145172625780105,-0.0441807806491851,-0.0595413260161876,-0.0878689736127853,-0.0611640475690364,-0.0465855374932289,3.734454393386841,1.4497004747390747,0.9392338395118712,1.4369152784347534,0.9992721080780028,0.7125153541564941,0.8841894268989563,0.5604773759841919,0.7477745413780212,0.5889707803726196,0.8684916496276855,0.6479606628417969,0.6517911553382874,0.5633656978607178,0.2000083327293396,0.1200651600956916,-0.1877676546573639,-0.1068053916096687,0.027067057788372,0.117217019200325,0.0243666749447584,-0.061743676662445,0.0403219200670719,0.0510996654629707,0.0085907159373164,0.0338288731873035,2.3828234672546387,0.9256295561790466,0.5866776704788208,0.9657298922538756,0.6376210451126099,0.4436608552932739,0.5814442038536072,0.3634707033634186,0.4636542499065399,0.4244743585586548,0.5545554161071777,0.4270025491714477,0.413468450307846,0.0017861262587356,0.000890352633683,0.0099227899941784,0.0046515180734605,33.98194588247884,1,Rekurrensparese,1437,i_n
-281.9654846191406,89.4808349609375,-47.88327407836914,90.54135131835938,27.90222930908203,14.27717399597168,-45.02106857299805,6.432325839996338,22.88792610168457,-37.78063201904297,-15.293231964111328,-2.6466429233551025,-9.395724296569824,17.569644927978516,5.77073860168457,11.38865089416504,7.55112361907959,6.377974033355713,9.48713493347168,4.835855960845947,6.382665634155273,4.884782791137695,4.235494613647461,4.253542423248291,4.10344123840332,5.265003681182861,0.019252797588706,-0.0143322627991437,0.0565166883170604,-0.0696203634142875,-0.087894506752491,0.0365244820713996,-0.0277260597795248,-0.0449639596045017,-0.0041762236505746,0.0132200559601187,-0.0233848448842763,-0.0446262396872043,0.0246813725680112,2.87615180015564,1.0500329732894895,1.4774792194366455,1.327798843383789,0.705892026424408,0.7388408780097961,0.7768186926841736,0.581578254699707,0.5213155150413513,0.709841251373291,0.5171492099761963,0.6132745146751404,0.5776040554046631,0.4810833036899566,0.1043426245450973,0.212998166680336,-0.1883556842803955,-0.016518210992217,-0.0543005540966987,0.1300303339958191,0.006069412920624,-0.0603765286505222,0.071276880800724,0.0019174918998032,-0.0051061636768281,0.0154799502342939,2.0555968284606934,0.6748552322387695,0.8984960913658142,0.8226643800735474,0.4342420101165771,0.4792646467685699,0.6285855770111084,0.4011749625205993,0.3736373782157898,0.4920665025711059,0.3308828771114349,0.3631625771522522,0.3789233267307281,0.0021254608460527,0.0012297981986733,0.0106092057292256,0.0048271260593455,25.63662537915539,1,Rekurrensparese,1444,i_n
-306.1446838378906,147.9349822998047,12.833550453186035,59.86778259277344,57.60929489135742,56.2063102722168,21.83749389648437,-19.84887886047364,-3.2629716396331787,7.071858882904053,3.557464361190796,-0.3816837966442108,-6.891960620880127,13.31254768371582,4.344550609588623,4.037425518035889,5.888132572174072,5.429348468780518,6.054562568664551,6.095475196838379,5.655645370483398,8.270313262939453,3.347766160964966,6.850462913513184,4.306229591369629,3.440789699554444,-0.5654784440994263,-0.0150222098454833,0.0349916070699691,-0.0081816278398036,-0.017491539940238,0.0134591609239578,0.21615831553936,-0.0769957154989242,-0.2780859172344208,0.122245080769062,0.2183506339788437,0.0313549973070621,-0.019808804616332,1.994251728057861,0.6200341582298279,0.6970195770263672,0.8467946648597717,1.0550358295440674,1.0611063241958618,0.6351918578147888,0.8677652478218079,0.673141598701477,0.4966016113758087,0.3953762352466583,0.6256030797958374,0.7092460989952087,0.5692092776298523,0.18324576318264,0.1556039005517959,-0.1339563280344009,-0.2163196355104446,-0.2770565748214721,-0.0238563176244497,0.1772706061601638,-0.0175797138363122,-0.0214945413172245,-0.0449572876095771,-0.0211843121796846,0.0389068089425563,1.5942425727844238,0.6240565776824951,0.5837787389755249,0.536186933517456,0.6708303093910217,0.8649733662605286,0.3352807462215423,0.7005330324172974,0.486012727022171,0.3579523861408233,0.4056579172611236,0.3972783386707306,0.4334969222545624,0.0019770436039522,0.0005924139961371,0.0117382199052126,0.0036956071843309,32.92513895356772,1,Rekurrensparese,1466,i_n
-285.0260925292969,104.21224212646484,-1.5746264457702637,77.3236083984375,29.502418518066406,33.4981575012207,-23.16674423217773,-6.522505760192871,15.982515335083008,-5.960032939910889,-9.352378845214844,-30.08526611328125,-8.731607437133789,28.066518783569336,7.580661296844482,7.310714244842529,11.088860511779783,4.268356323242188,4.761407375335693,5.619119644165039,3.994619369506836,4.007326602935791,4.127777099609375,4.622774124145508,5.114108562469482,4.6169867515563965,-0.5158992409706116,-0.0593338496983051,0.0652948096394538,-0.0252685751765966,-0.0029749078676104,0.0424219891428947,-0.0237588975578546,0.0468245446681976,0.0394068546593189,-0.0055500683374702,0.0056391428224742,-0.0327591560781002,-0.0014510476030409,2.788525342941284,1.0958970785140991,0.9041380882263184,1.4770814180374146,0.8138112425804138,0.6741172075271606,0.9737276434898376,0.6736060976982117,0.592765212059021,0.6824161410331726,0.7180028557777405,0.8352476358413696,0.7235684990882874,0.4546357691287994,0.1025549545884132,0.0637919902801513,-0.1617224663496017,-0.0453484691679477,-0.055696927011013,0.1145702302455902,0.0125314770266413,-0.0730512589216232,-0.0137105323374271,-0.010390592738986,0.069417655467987,0.0319720059633255,1.857649207115173,0.6588236689567566,0.5416781902313232,0.7953964471817017,0.5620806217193604,0.498762309551239,0.6372413039207458,0.4220965206623077,0.5878736972808838,0.5115600824356079,0.5167684555053711,0.5211511850357056,0.4597086608409881,0.0067977491015388,0.0040494581058453,0.0305530048276867,0.0168734519662306,23.93060009157765,1,Rekurrensparese,1470,i_n
-329.9702453613281,149.86306762695312,-6.815519332885742,83.92416381835938,54.921016693115234,43.096561431884766,-28.948850631713867,-0.084743432700634,26.399385452270508,-0.4084240794181824,0.309430867433548,-13.10045051574707,-3.9158990383148193,27.25748443603516,7.603737354278564,7.865170478820801,7.953028678894043,6.121587753295898,6.442320346832275,6.529782295227051,5.990697860717773,4.201457977294922,4.532741546630859,4.658323287963867,4.620591640472412,4.181865692138672,-0.7194177508354187,0.0278052855283021,0.0152009576559066,0.124793604016304,0.1052476018667221,0.0886260792613029,-0.0090136211365461,-0.1299032121896743,0.0721616819500923,0.0551176220178604,-0.0098695550113916,0.0693260952830314,0.0304173566401004,4.024431228637695,1.363351345062256,1.3052618503570557,1.4189454317092896,0.8151560425758362,0.9026781916618348,1.178283452987671,0.9042388200759888,0.7650651931762695,0.7636411786079407,0.7741304039955139,0.7206087708473206,0.7318264842033386,0.7466599941253662,-0.0292209759354591,0.1773602962493896,-0.3171221315860748,-0.1996504813432693,-0.1651778221130371,0.1397723406553268,-0.0155793419107794,-0.1082256138324737,-0.0065305791795253,-0.0405990146100521,0.0260515939444303,0.0318983234465122,2.6254096031188965,0.6631993651390076,0.994701623916626,1.1549822092056274,0.8436986207962036,0.7670836448669434,0.70207279920578,0.6431280970573425,0.5681727528572083,0.484994888305664,0.5357382893562317,0.5587834119796753,0.4857422113418579,0.0096531184287002,0.0036398274138239,0.0461439443363171,0.0195224264876227,19.55493176605876,1,Rekurrensparese,1478,i_n
-271.3981018066406,119.90094757080078,-22.408842086791992,78.54301452636719,21.92302322387696,38.689414978027344,-30.28295516967773,-2.9186697006225586,9.909008979797363,0.8424546718597412,-11.192062377929688,-26.45869827270508,2.665568590164185,30.52865219116211,10.72156810760498,11.832489967346191,10.27150058746338,8.443489074707031,11.301008224487305,10.926141738891602,6.407832145690918,7.140951156616211,5.383788108825684,4.12473726272583,5.377881050109863,3.7018465995788574,-0.4766969382762909,0.0414857417345047,0.3507677316665649,-0.2674926519393921,-0.0494399927556514,-0.3108128309249878,0.272121787071228,0.0919050723314285,-0.1339516341686248,-0.053760576993227,-0.002169756218791,0.0437450781464576,-0.0515245012938976,2.157378911972046,1.262092113494873,1.0509076118469238,1.3426761627197266,0.8552919626235962,1.311620831489563,1.1328933238983154,0.873393177986145,1.266492247581482,0.8646160364151001,0.7689738869667053,0.7075895667076111,0.5444545745849609,0.2435428202152252,0.1527302265167236,0.0857753306627273,-0.1865337044000625,0.0291182789951562,-0.0052985753864049,0.0781069248914718,0.023316316306591,0.0300614535808563,0.0145358256995677,0.0223452150821685,0.0319269821047782,-0.0195271335542202,1.3237406015396118,0.8864408135414124,0.6405107975006104,0.8934380412101746,0.3583179414272308,0.7422292828559875,0.5260615348815918,0.4160405099391937,0.5130532383918762,0.5328170657157898,0.462456464767456,0.5176174640655518,0.3366680741310119,0.0032727414444104,0.0019339956510795,0.0169558917954109,0.0085470328916185,26.41671825249203,1,Rekurrensparese,1484,i_n
-329.7007751464844,77.00818634033203,7.440331935882568,98.55947875976562,8.479330062866211,33.7884635925293,-22.611093521118164,4.5828962326049805,27.289798736572266,-24.830886840820312,-11.67790985107422,-13.630523681640623,-5.790520191192627,26.30235481262207,11.114681243896484,5.597390174865723,13.574376106262209,5.579142093658447,5.257581233978272,8.39155101776123,4.807555675506592,5.520379543304443,4.059994697570801,4.032732963562012,3.736709356307984,3.695260524749756,-0.3440666794776916,-0.0515449196100235,0.0942608639597892,0.0276605132967233,0.0747609660029411,0.0211794469505548,-0.0172425098717212,-0.0813699513673782,0.0240180809050798,0.0266669876873493,-0.0487756766378879,0.0349819995462894,-0.0253353044390678,4.142441272735596,1.3910576105117798,1.1370031833648682,1.6439188718795776,0.7576524019241333,0.8269078731536865,0.9189672470092772,0.8062893152236938,1.1084439754486084,0.6511729955673218,0.7238613963127136,0.5849785804748535,0.5256948471069336,1.0728553533554075,0.4015649259090423,0.0646405145525932,-0.5049182772636414,-0.0593234859406948,-0.0576399825513362,0.2279377430677414,-0.0347913168370723,-0.1827868819236755,0.0795317143201828,0.0333391726016998,0.0583934895694255,-0.0469712764024734,3.587259531021118,1.55383563041687,0.521701991558075,1.8421586751937864,0.5758653283119202,0.485942393541336,0.985383927822113,0.5262721180915833,0.7141135334968567,0.4542391002178192,0.4886249303817749,0.5006675124168396,0.4659264385700226,0.0030883501087296,0.0018077698968602,0.0162838478175626,0.0087360598812079,27.54265915980709,1,Rekurrensparese,1489,i_n
-266.0093078613281,80.75665283203125,-5.29279375076294,101.8412094116211,17.239473342895508,16.90290069580078,-28.166065216064453,9.42335605621338,1.325825333595276,-5.297898769378662,-13.371675491333008,-7.833158493041992,9.383896827697754,11.790942192077637,5.46305513381958,3.576416254043579,7.967723369598389,4.66120719909668,3.913852691650391,5.159928321838379,4.513229370117188,4.917513847351074,4.41880989074707,3.7868382930755615,5.033162593841553,4.627254009246826,-0.1833037137985229,-0.0741623789072036,-0.0306444894522428,0.2251072824001312,0.101347342133522,0.0031107428949326,-0.001962661743164,0.1064367443323135,-0.0468076430261135,-0.0023355642333626,-0.0927572548389434,0.0384743064641952,0.1183486878871917,1.6524044275283811,0.8548456430435181,0.621422290802002,1.146045446395874,0.7065299153327942,0.5155796408653259,0.752457857131958,0.6446232199668884,0.5998940467834473,0.7481242418289185,0.5489287972450256,0.5729431509971619,0.6161653995513916,0.2845624089241028,0.1241445019841194,0.0761806741356849,-0.1959371566772461,-0.0273664314299821,-0.0299260895699262,0.0517757795751094,-0.0345926694571971,0.0013072754954919,-0.018799690529704,-0.0107507109642028,-0.0099360942840576,-0.0363524258136749,1.294604778289795,0.7549198865890503,0.422112762928009,0.8693411350250244,0.4822704195976257,0.4202346503734588,0.4690351486206054,0.4753246605396271,0.433560848236084,0.4956441223621368,0.3604710102081299,0.479715883731842,0.4737147390842438,0.0025096212169235,0.0014710847288629,0.0455333544244997,0.0207367564186883,19.773323005322005,1,Rekurrensparese,150,i_n
-220.5754852294922,115.11300659179688,-52.274715423583984,73.71969604492188,6.295707702636719,35.24625396728516,-15.74630069732666,-41.07573318481445,-1.4897778034210205,17.56431770324707,-26.5132999420166,-25.057632446289062,-6.56894063949585,30.659564971923828,8.830772399902344,10.575532913208008,9.05606174468994,3.5147716999053955,3.799958467483521,5.276309967041016,4.831590175628662,4.76180362701416,3.6905226707458496,5.393107891082764,3.87082839012146,4.602611064910889,-0.5473711490631104,0.1692186295986175,0.2103884816169738,-0.2793278992176056,-0.0053819073364138,-0.0813159793615341,0.0203003548085689,-0.0615694597363472,-0.1087169423699379,-0.013908227905631,0.0854495465755462,0.0168363954871892,-0.107073113322258,1.5277994871139526,0.8494378924369812,0.8178256154060364,0.6435589790344238,0.6530548930168152,0.6578131318092346,0.5353396534919739,0.7620236873626709,0.5655826330184937,0.663923978805542,0.6360889673233032,0.740218460559845,0.4499238729476928,0.2805241346359253,0.1395351141691208,0.1465098559856414,-0.0402463376522064,0.0526674538850784,-0.0745507925748825,0.0480689331889152,0.0350766256451606,0.0140704745426774,-0.0303148049861192,0.0514811538159847,0.039584182202816,0.0244363825768232,1.2213274240493774,0.7560261487960815,0.6475309729576111,0.4985296130180359,0.4671230316162109,0.4884203970432281,0.3964512348175049,0.3923676013946533,0.3827756345272064,0.4138056933879852,0.4183804392814636,0.4314278662204742,0.4288875460624695,0.005531545593808,0.0032945780552548,0.0219585160644391,0.0122366668745378,18.688026817009487,1,Rekurrensparese,152,i_n
-287.9466552734375,89.69608306884766,11.279292106628418,104.05126190185548,6.055316925048828,26.328834533691406,-33.61214828491211,-11.03986930847168,21.00798797607422,-9.678454399108888,-28.895097732543945,-6.972943305969238,5.510125160217285,20.5969467163086,6.814615726470947,3.9683525562286377,11.486099243164062,4.445485591888428,4.2415289878845215,7.882447719573975,3.916079998016357,4.244148254394531,3.085421800613404,3.665400505065918,3.243538618087769,4.660033702850342,-0.7359461188316345,0.0333706066012382,0.0862839221954345,0.1829645037651062,0.0599873252213001,0.0253994688391685,-0.1871137470006942,-0.0405890010297298,0.022829033434391,-0.066861093044281,-0.0490487590432167,-0.020302040502429,-0.0739535763859748,3.435469150543213,1.2762742042541504,0.6939141154289246,2.2045609951019287,0.6776106357574463,0.7848780751228333,1.1168380975723269,0.611447811126709,0.646406352519989,0.4599019885063171,0.6625592112541199,0.5535470843315125,0.6480246186256409,0.7308245301246643,0.2296027392148971,0.0598333515226841,-0.4361223876476288,-0.0023448795545846,-0.0466128997504711,0.2034277319908142,0.0144758755341172,-0.0966344028711319,0.0031106313690543,0.0961288437247276,-0.014510384760797,-0.1066499650478363,2.452813148498535,0.8454484343528748,0.4833993911743164,1.529309630393982,0.5461286902427673,0.5871080160140991,0.7960111498832703,0.4567817449569702,0.5532892942428589,0.3814417421817779,0.5442946553230286,0.4782004356384277,0.6203269362449646,0.0049815786354867,0.002993521193241,0.0265475355661019,0.0160623765235359,24.95692641604027,1,Rekurrensparese,1547,i_n
-346.9949035644531,149.54869079589844,49.174503326416016,52.67971420288086,39.012542724609375,35.430450439453125,26.944091796875,-2.085034370422364,2.920379400253296,8.752798080444336,-0.2666655480861664,3.663771152496338,7.678132057189941,19.058353424072266,8.087112426757812,8.360907554626465,8.995444297790527,5.475287914276123,5.907971858978272,4.032512187957764,3.9381520748138414,4.05585241317749,2.8102402687072754,2.724017381668091,2.6926205158233643,3.026155948638916,-0.4154790043830871,0.0320705845952034,0.0448388531804084,0.0572095811367034,0.0352145954966545,0.0662741735577583,0.059094775468111,-0.0329430848360061,-0.0470766499638557,-0.0110184177756309,0.0224133264273405,0.040893767029047,0.0222577303647995,2.775700807571411,0.8148200511932373,1.0890823602676392,1.1685467958450315,0.8642943501472473,0.6500803828239441,0.5084916949272156,0.5475196242332458,0.4777768850326538,0.4255578219890594,0.4336221814155578,0.3833478689193725,0.4877341687679291,0.3283580243587494,0.0179191567003726,-0.0668530538678169,-0.0855222195386886,-0.0734604597091674,-0.0739391222596168,-0.0482645779848098,0.0215168315917253,0.0123721612617373,0.0003094257845077,0.0078885648399591,4.781632014783099e-05,-0.0234629623591899,1.7668850421905518,0.3909481763839721,0.5793322920799255,0.5495380163192749,0.5159654021263123,0.4994018375873565,0.402467668056488,0.4004527330398559,0.3660489618778229,0.3269304931163788,0.3323208391666412,0.2707575857639313,0.3235940635204315,0.0026132529693016,0.0013451738175862,0.0514084375122625,0.021625245563074,23.915489203285404,1,Rekurrensparese,1548,i_n
-234.64498901367188,77.74516296386719,-17.173734664916992,112.80705261230467,35.82301712036133,45.83192825317383,18.353160858154297,-7.569758892059326,7.867337703704834,29.052589416503903,3.31127405166626,-13.719202995300291,-7.3000102043151855,12.220331192016602,10.510054588317873,6.746481418609619,7.732754230499268,6.195261001586914,7.38295316696167,4.321072578430176,3.999758720397949,5.373099327087402,5.737584114074707,4.872744083404541,4.706803321838379,5.130086421966553,0.084705114364624,0.1076229289174079,-0.0672585442662239,-0.1455364227294922,0.0001035906534525,-0.0552531108260154,-0.0299820955842733,-0.0005492986529134,-0.037965390831232,-0.1049430817365646,-0.0870832204818725,0.0101235723122954,0.0949501693248748,1.799994945526123,1.35468327999115,0.8096964359283447,1.4143248796463013,0.739187479019165,1.0740798711776731,0.6601179838180542,0.683463990688324,0.8435569405555725,0.8051122426986694,0.643132209777832,0.6690446734428406,0.6657627820968628,0.2821269035339355,0.1769557148218155,0.108734093606472,-0.2199020832777023,-0.1018776297569274,-0.1357190459966659,-0.0208776611834764,0.0154066113755106,0.0211504306644201,-0.0029309189412742,0.006746239028871,0.0479965806007385,0.0332793071866035,1.2232857942581177,0.9287684559822084,0.6751933693885803,0.9256955981254578,0.6359727382659912,0.7603507041931152,0.4388447403907776,0.5046279430389404,0.6027148962020874,0.5056074857711792,0.4539456069469452,0.4846662282943725,0.5917583107948303,0.0328353061653038,0.0199638487472573,0.1124749373340123,0.062337505772131,16.138112925731363,1,Rekurrensparese,1549,i_n
-245.1156005859375,143.40643310546875,-42.52806091308594,88.13957214355469,39.700138092041016,30.82278251647949,13.506608963012695,-1.7594096660614014,-14.118727684020996,11.316532135009766,11.34146213531494,8.710762977600098,-5.606510639190674,16.962453842163086,5.390172481536865,8.773331642150879,7.15022087097168,5.396169662475586,3.969224214553833,3.245941638946533,3.9906656742095934,3.747669696807861,3.859464168548584,3.049468278884888,4.946808338165283,3.865338802337648,-0.0360108390450477,0.1494317650794983,-0.1845928132534027,0.0311564169824123,0.0076050236821174,0.0899191200733184,0.036221619695425,0.0654923468828201,-0.0146349845454096,-0.0305560566484928,-0.0129855619743466,0.0602913834154605,-0.0341596528887748,2.122810125350952,0.7963129281997681,1.6305745840072632,1.0331385135650637,0.8321253657341003,0.5992910265922546,0.4461676776409149,0.4858573079109192,0.5099574327468872,0.5794156789779663,0.4516337513923645,0.6457938551902771,0.6825748085975647,0.1974570006132125,-0.0579462610185146,0.1352615505456924,-0.1673428118228912,-0.0259938016533851,-0.0645869895815849,0.0123953139409422,0.0258395969867706,0.0531143918633461,-0.0478834323585033,-0.0369944162666797,-0.0478933081030845,-0.012301811017096,1.527285933494568,0.5731633901596069,0.8251675963401794,1.0192077159881592,0.6973166465759277,0.5629027485847473,0.3512765169143677,0.4390134215354919,0.44437175989151,0.5209820866584778,0.4612269103527069,0.547569215297699,0.56725013256073,0.0133471238872125,0.0075190976034928,0.1300274469762637,0.0522079259745736,14.1408154589774,1,Rekurrensparese,155,i_n
-296.4707946777344,128.04368591308594,12.753840446472168,76.0077133178711,38.14511489868164,34.786617279052734,-16.68782615661621,-5.069877624511719,18.045166015625,-8.301758766174316,-4.910000324249268,-16.034317016601562,-2.5707051753997803,9.129093170166016,4.943478107452393,4.65120267868042,4.769989490509033,4.493669033050537,4.792193412780762,3.638110876083374,4.330351829528809,2.9232165813446045,3.49410343170166,3.716067314147949,3.549520254135132,3.1026535034179688,0.2004536390304565,0.0542132705450058,0.0419828407466411,-0.1206846237182617,-0.0382145158946514,-0.0002484122815076,-0.0074023478664457,-0.0442011058330535,0.0010607615113258,-0.0086417524144053,-0.0082045868039131,0.0012820810079574,0.010180389508605,1.28362774848938,0.8520055413246155,0.6775359511375427,0.6855610609054565,0.7616993188858032,0.5899437069892883,0.4832220673561096,0.5075716972351074,0.4855668544769287,0.5750955939292908,0.5893710255622864,0.6059590578079224,0.4622382223606109,0.1052667424082756,0.1214971765875816,0.0788170918822288,-0.0232973974198102,-0.0139277251437306,-0.0059082680381834,0.0380870029330253,-0.0074455291032791,-0.014162310399115,0.0168501567095518,0.0045507028698921,0.0197275597602128,-0.0033466417808085,0.9150950908660888,0.7456531524658203,0.5359222292900085,0.565507173538208,0.5593509674072266,0.5112318992614746,0.4407868087291717,0.4067455232143402,0.4292865097522735,0.4920905232429504,0.4696974158287048,0.4397528171539306,0.3662606179714203,0.0041011985116866,0.0025947999280012,0.0182991410673566,0.0090236376723451,27.966010309557515,1,Rekurrensparese,1553,i_n
-210.2640380859375,64.74444580078125,-38.5458984375,76.84391784667969,5.809621810913086,56.52293395996094,-19.479087829589844,-9.879785537719728,0.4330237209796905,18.90175437927246,4.36485481262207,-12.40814208984375,-5.730792045593262,8.684133529663086,6.684623718261719,8.648565292358398,7.166954517364502,6.223397254943848,5.630419731140137,4.693459987640381,5.899659633636475,4.623958587646484,5.186954975128174,4.102779865264893,7.611521244049072,4.647730827331543,-0.1185540109872818,-0.0305888056755065,-0.1713495701551437,-0.0225910581648349,-0.012871965765953,0.1305058896541595,0.0132704498246312,-0.0251297559589147,-0.0129978116601705,0.0357002951204776,-0.0199436154216527,0.0875714272260665,-0.0401907972991466,1.2208737134933472,1.1164329051971436,1.3022410869598389,0.9745795726776124,0.693631649017334,0.9637377858161926,0.6542343497276306,0.7445459365844727,0.7908794283866882,0.8310058116912842,0.6886480450630188,0.7545727491378784,0.7141664624214172,0.0112079661339521,0.0684584975242614,0.0617782734334468,-0.0697791203856468,-0.0069511006586253,-0.047398529946804,0.0625753328204155,0.0627074912190437,0.019929863512516,-0.030116593465209,-0.0180940926074981,-0.0109627060592174,-0.0113021386787295,0.7093840837478638,0.7956389784812927,0.7262645363807678,0.6790304780006409,0.5121493339538574,0.6158968806266785,0.6085955500602722,0.6466725468635559,0.5508735775947571,0.4966747462749481,0.4734187126159668,0.5651578307151794,0.5653721690177917,0.0567239817798414,0.0306910080848436,0.1423621189829529,0.0782213134128943,2.068211546312825,1,Rekurrensparese,1555,i_n
-319.8778686523437,121.7208480834961,-6.975347518920898,92.84296417236328,23.61631202697754,32.133331298828125,-7.435954570770264,-6.149813652038574,17.607162475585938,2.458428382873535,-4.607810497283936,-12.088120460510254,-2.469128370285034,26.87179374694824,7.724593639373779,7.731993675231934,12.120078086853027,9.582643508911133,8.56145191192627,7.36060094833374,5.543428421020508,3.4036076068878174,4.46121072769165,3.44034481048584,3.309642553329468,4.399054527282715,-1.3945132493972778,-0.2659326791763305,-0.2376721352338791,0.2904863655567169,0.3042907118797302,-0.2241504192352295,0.0208439789712429,-0.0349321067333221,-0.0017497154185548,-0.0480181537568569,0.0581894367933273,0.0052827578037977,-0.0790812149643898,2.396591663360596,1.1674628257751465,1.4940296411514282,1.7052453756332395,0.8970430493354797,1.154999852180481,0.997983455657959,0.9835027456283568,0.5506225228309631,0.7983353137969971,0.7105742692947388,0.556011974811554,0.9202081561088562,0.7079026699066162,0.0671048238873481,0.3556766211986542,-0.4321694672107696,-0.096879705786705,-0.1101729720830917,0.0873912796378135,-0.0355818271636962,-0.0204062908887863,0.0032126728910952,-0.0074673751369118,0.1733291000127792,0.0212860777974128,1.917952537536621,0.7141999006271362,0.9234572649002076,1.3571436405181885,0.646883487701416,0.6598241329193115,0.504472017288208,0.6283544301986694,0.4830172955989837,0.5093115568161011,0.3977903127670288,0.560845673084259,0.4348454773426056,0.0035878869871683,0.002014116939969,0.025523098070308,0.009014997982853,25.546325399470728,1,Rekurrensparese,1564,i_n
-286.3901672363281,84.6194839477539,3.1711697578430176,75.3575668334961,-0.3542892336845398,2.890296220779419,-22.551597595214844,-7.177744388580322,7.494093894958496,-5.625233173370361,-21.337373733520508,-11.438807487487791,-6.737011909484863,26.87204933166504,10.157047271728516,7.368907928466797,9.140607833862305,3.7945806980133057,3.751643180847168,4.5896525382995605,4.5107598304748535,3.6780521869659424,4.124626636505127,3.552807807922364,4.322274208068848,3.1127820014953613,-0.7239654064178467,0.0001985679991776,0.0935483574867248,0.0791737735271453,-0.066643089056015,-0.0630251243710517,-0.0592484474182128,-0.0017760898917913,-0.0389445833861827,-0.0615557618439197,0.005765127018094,-0.0788621455430984,0.0017403588863089,4.146344184875488,1.6311938762664795,1.0155165195465088,1.6676907539367676,0.5928032994270325,0.578678548336029,0.796181321144104,0.6483045220375061,0.7235581874847412,0.6603699922561646,0.6967606544494629,0.4650130271911621,0.5066584944725037,0.8820093870162964,0.3643840551376343,0.1868967562913894,-0.3309028744697571,0.0159970708191394,-0.0042199166491627,0.1329970210790634,0.0044226120226085,-0.0892614051699638,-0.0339889302849769,0.0551472418010234,0.007568153552711,-0.0215055365115404,2.8861329555511475,1.3051022291183472,0.8181512355804443,1.1156392097473145,0.4477640092372894,0.5153031349182129,0.5754683613777161,0.429614245891571,0.4636879563331604,0.533491313457489,0.4303013384342193,0.38221076130867,0.4080438017845154,0.002022908157256,0.0009500177167275,0.0108684328402104,0.004663029806609,30.37739670152291,1,Rekurrensparese,1570,i_n
-311.732177734375,107.6603012084961,-41.36763000488281,74.70645141601562,15.116893768310549,42.317176818847656,-34.282073974609375,-16.136951446533203,11.60857391357422,0.724409818649292,-10.453530311584473,-30.05794143676757,-3.9483160972595215,22.11253547668457,9.901056289672852,15.76991367340088,8.062213897705078,8.0926513671875,9.206085205078123,7.603653430938721,7.339795112609863,6.303747177124023,5.077444076538086,4.636998176574707,4.593097686767578,4.301935195922852,0.1555457562208175,0.1778852641582489,-0.184662640094757,-0.0305144395679235,-0.0091618187725543,0.0432069078087806,-0.0670168623328208,-0.0984232425689697,-0.0402712151408195,-0.0451112873852252,0.0595853291451931,0.0051058954559266,-0.0341285988688468,3.150681495666504,1.991530060768128,1.949513912200928,1.312082052230835,1.270512580871582,1.3974382877349854,1.4497437477111816,1.1302053928375244,0.8462464809417725,1.010362148284912,0.7455108165740967,0.7898844480514526,0.7142325043678284,0.3677537739276886,0.0971302390098571,0.1653684675693512,-0.1891450881958007,-0.0076239197514951,-0.0738918557763099,0.0920146480202674,0.0020707587245851,-0.0186808779835701,0.0124616678804159,0.0178567469120025,0.0651129782199859,0.0071021253243088,1.7578246593475342,0.833659291267395,0.9783268570899964,0.8883643746376038,0.5673620700836182,0.6282100677490234,0.6250603199005127,0.4980751872062683,0.5519753694534302,0.48749640583992,0.4612773358821869,0.4637372493743896,0.3827282786369324,0.0030259815738986,0.0010428802981714,0.0129621600185294,0.0045047447701393,26.53199209584257,1,Rekurrensparese,1581,i_n
-267.7212219238281,160.26121520996094,-41.65433120727539,75.58368682861328,30.449691772460938,53.88111114501953,-14.490659713745115,-21.04463768005371,12.94733428955078,-2.6303062438964844,-12.517024993896484,-3.504965305328369,-18.88688087463379,12.416622161865234,5.355735778808594,6.287771701812744,8.29316520690918,5.091680526733398,7.968113899230957,6.086050987243652,7.014560222625732,5.824406623840332,5.674959182739258,4.72821569442749,4.431026458740234,5.673196315765381,0.0475677549839019,0.1690542250871658,-0.1166670173406601,0.0128003163263201,-0.082322172820568,0.0898266062140464,0.0425144135951995,-0.060776486992836,-0.0885508358478546,0.0059600258246064,0.0915340855717659,0.0218283478170633,-0.0594085082411766,2.442405939102173,1.0493980646133425,0.8573045134544373,1.6143364906311035,0.920965015888214,1.2457221746444702,0.7086811661720276,1.022345781326294,0.8188050985336304,0.8198950886726379,0.7850515842437744,0.6021355986595154,0.6779983043670654,0.2758460342884063,-0.0510588847100734,0.1145624816417694,-0.1718118339776992,0.0102258352562785,-0.1143669858574867,0.0645674839615821,0.0169508997350931,0.0003335942164994,0.0058081084862351,0.0340570472180843,0.0344833843410015,0.0312873758375644,1.4537962675094604,0.5794327855110168,0.7175332307815552,1.046633243560791,0.598877489566803,0.7857813239097595,0.4987964630126953,0.6683320999145508,0.5067017078399658,0.5810382962226868,0.4705232381820678,0.399103432893753,0.5049375295639038,0.0088192929947528,0.0054615285764028,0.0242211240492941,0.0121589527740137,20.179203527246106,1,Rekurrensparese,1601,i_n
-241.90187072753903,77.6470947265625,4.791251182556152,102.76433563232422,-0.7378891110420227,22.0417537689209,-37.28073120117188,-20.908123016357425,12.20689868927002,-5.049019813537598,-38.65719985961914,-28.95724868774414,-10.287235260009766,21.561824798583984,9.15916919708252,5.232269763946533,11.344549179077148,4.4686198234558105,4.285815715789795,7.291569232940674,4.4333930015563965,4.070735931396484,5.114827632904053,8.238561630249023,4.742563724517822,3.187091112136841,0.0838957875967025,-0.0052608074620366,-0.0531104132533073,-0.0544558241963386,0.0033525053877383,0.0305411592125892,-0.0625129044055938,0.0043715229257941,0.0858260467648506,-0.0058147571980953,-0.0917889326810836,0.0241874046623706,0.0093357898294925,4.168080806732178,1.4956005811691284,0.7400179505348206,2.187628507614136,0.6734447479248047,0.6543476581573486,1.20203697681427,0.7401637434959412,0.5883833765983582,0.6352579593658447,0.9194211959838868,0.894248366355896,0.5415776371955872,0.761876106262207,0.2587448954582214,0.0246413722634315,-0.4345192313194275,-0.0158504080027341,-0.0851100534200668,0.1882337778806686,0.062070220708847,-0.1027881577610969,-0.0473393350839614,0.1055447533726692,0.0790393725037574,-0.0130657330155372,2.717686176300049,1.053368330001831,0.4058504104614258,1.6202422380447388,0.4303907454013824,0.596923828125,0.7842812538146973,0.4698873162269592,0.5717834234237671,0.4475572109222412,0.6412873864173889,0.4186309278011322,0.3471139967441559,0.0024927638063808,0.0013938051663609,0.0121449061604577,0.0070069908348952,27.005105108764297,1,Rekurrensparese,1604,i_n
-283.1725158691406,92.99691772460938,-24.98455047607422,100.52449035644533,34.78981018066406,27.599994659423828,-27.285680770874023,12.956833839416504,14.729698181152344,-10.346979141235352,-12.498252868652344,-8.162888526916504,-5.08579683303833,15.764756202697754,7.078711986541748,9.448486328125,10.82514476776123,7.375069618225098,5.481424808502197,7.554505825042725,4.226072311401367,5.943294525146484,3.594238519668579,4.087396621704102,3.489975452423096,3.583770990371704,-0.3423331677913666,-0.1042132228612899,0.0204298235476017,0.1572746634483337,0.061506550759077,0.1566900163888931,-0.1026859357953071,0.0731099173426628,-0.0108481626957654,0.0367802865803241,-0.0311216879636049,-0.0603965632617473,0.0034194802865386,2.9532861709594727,1.2156873941421509,1.279026985168457,1.853540301322937,0.9699291586875916,0.9342895150184632,0.797082245349884,0.7683684229850769,0.7330490350723267,0.6158955693244934,0.7093865871429443,0.5343948006629944,0.5865370631217957,0.4281735718250274,0.1753909140825271,0.2156961262226104,-0.288611501455307,-0.0484571531414985,-0.091574028134346,0.1150211915373802,-0.0050168093293905,-0.0607864223420619,0.0034362270962446,0.039402075111866,0.0036710842978209,-0.060547225177288,1.7253413200378418,0.7725027203559875,0.9949036240577698,1.2480024099349976,0.5231373906135559,0.5695917010307312,0.6380110383033752,0.4787784218788147,0.5549425482749939,0.5438336133956909,0.4998893737792969,0.3941842913627624,0.4162768125534057,0.0089377894366773,0.0052386277982779,0.0348136312618763,0.0186237429404662,20.16305155083462,1,Rekurrensparese,1620,i_n
-260.01690673828125,99.8971710205078,10.67611598968506,107.17863464355467,36.69022750854492,31.072439193725582,-33.1773567199707,11.44385051727295,19.92122459411621,-22.56482315063477,-14.548311233520508,-2.04944920539856,-10.392647743225098,22.09927749633789,8.742683410644531,10.257485389709473,9.48348617553711,8.040582656860352,5.862555027008057,6.243122577667236,4.074915885925293,4.149392604827881,4.717162609100342,3.865590810775757,5.663782596588135,3.270695686340332,-0.3606313467025757,-0.0569860860705375,-0.0009823377477005,0.1749603897333145,0.0788972228765487,-0.0024217616301029,-0.0704022645950317,0.0367190800607204,0.0316432416439056,-0.0438110418617725,-0.0250246487557888,-0.0319327190518379,0.0103589361533522,2.8264176845550537,0.9161382913589478,0.9242010712623596,1.7713526487350464,0.7652189135551453,0.7007182836532593,0.9250011444091796,0.6349308490753174,0.622410774230957,0.666887104511261,0.549841582775116,0.4955678284168243,0.4885735809803009,0.3936943113803863,0.0537264086306095,0.0234912764281034,-0.2623684108257293,-0.0388752110302448,-0.0465300492942333,0.1084029898047447,-0.016249680891633,-0.0748703554272651,0.0194588173180818,0.0463988110423088,-0.0191518999636173,0.012816721573472,1.7269275188446045,0.4963286519050598,0.5228180289268494,1.1400648355484009,0.403442233800888,0.4827611744403839,0.7177773118019104,0.4022533595561981,0.5166926383972168,0.4152625799179077,0.4464759528636932,0.3498252332210541,0.3657057583332062,0.0035439560855112,0.0016413223374619,0.0322737610532377,0.0162599147694875,22.897717971037064,1,Rekurrensparese,1624,i_n
-312.9012756347656,136.06126403808594,-13.729429244995115,89.22057342529297,37.8923454284668,5.397037982940674,-43.19263458251953,-6.476307392120361,24.381553649902344,-9.789542198181152,-22.451948165893555,-17.09267234802246,-11.13725757598877,29.71625328063965,10.045008659362791,24.37480354309082,8.257813453674316,6.206167221069336,5.995285511016846,10.666254043579102,7.574977397918701,8.412690162658691,7.595961570739746,6.209744930267334,6.407863140106201,6.910586357116699,-0.6361708641052246,0.1620072126388549,0.4884871542453766,-0.3534737229347229,0.0404414795339107,0.0449127592146396,-0.1511254012584686,-0.064357079565525,0.0926712155342102,0.0289930962026119,-0.1309126615524292,-0.0726492628455162,-0.084110178053379,2.043412923812866,1.5774506330490112,0.993952214717865,1.1689283847808838,0.7529531717300415,0.8352121710777283,1.027079701423645,0.6878862977027893,0.6743510961532593,0.6928948163986206,0.6877102851867676,0.6407312154769897,0.7114951610565186,0.3097393810749054,0.3225680589675903,0.040880162268877,-0.1232722252607345,-0.0342565551400184,0.0242838487029075,0.1015306189656257,0.00647997809574,-0.0424348637461662,-0.0131861772388219,0.0926750600337982,0.1016988158226013,0.0535916686058044,1.6653900146484375,1.3604642152786257,0.5193215012550354,0.6027889251708984,0.433883935213089,0.5190021395683289,0.6009600162506104,0.3203920722007751,0.4533892273902893,0.4036235511302948,0.5602619647979736,0.4890139997005462,0.3724123835563659,0.0113577474275637,0.0071958582827355,0.0261981699499003,0.015621921339697,23.61912961220755,1,Rekurrensparese,1626,i_n
-251.72349548339844,88.19105529785156,-1.9122897386550903,92.59434509277344,14.757081031799316,38.94832992553711,-16.008573532104492,8.088522911071777,2.121579647064209,11.721179008483888,1.0043822526931765,-24.405866622924805,2.647531032562256,15.981212615966797,7.506042957305908,4.248123645782471,9.921611785888672,4.131520748138428,5.342533588409424,5.805330276489258,5.15990161895752,3.5475032329559326,4.0487165451049805,3.8172049522399902,5.041049480438232,3.739057302474976,-0.180397093296051,-0.1384719908237457,-0.1064170822501182,0.1843474954366684,0.0074117733165621,0.1336261183023452,-0.0160250049084424,0.0630928054451942,0.0545621886849403,0.0650869458913803,-0.0137246903032064,0.006127799861133,0.04340735450387,2.865734577178955,1.301493525505066,0.7694590091705322,1.8027684688568115,0.5571555495262146,1.0144098997116089,0.7974868416786194,0.6856846213340759,0.5870997309684753,0.6881490349769592,0.6936370730400085,0.6644898056983948,0.5014806389808655,0.6972174644470215,0.260918378829956,0.1155139282345771,-0.4834734499454498,-0.1239042058587074,-0.2051001489162445,0.0840680301189422,-0.0994408950209617,-0.0628838464617729,-0.1113884001970291,-0.0475945360958576,0.077149212360382,-0.0585937164723873,2.0095064640045166,0.8693796396255493,0.5839565396308899,1.3984769582748413,0.5693591237068176,0.6979525685310364,0.5885580778121948,0.5857299566268921,0.4771222472190857,0.6016837358474731,0.4016653001308441,0.5802516937255859,0.4162756204605102,0.0172381027188952,0.0103142381212701,0.0830204903755705,0.0437447377518635,18.52978811312836,1,Rekurrensparese,1630,i_n
-312.9621276855469,92.1805419921875,1.5726884603500366,62.28107070922852,28.084205627441406,26.770353317260746,-29.69933319091797,-4.1135969161987305,-5.0134687423706055,23.616016387939453,-16.507850646972656,-27.861026763916016,11.37768268585205,40.11793518066406,20.49437713623047,7.892776012420654,10.01155948638916,7.928889751434326,6.80582332611084,6.338478088378906,9.697158813476562,4.435062885284424,8.15243148803711,8.834264755249023,6.982414722442627,5.639318466186523,-1.0520081520080566,-0.5284985899925232,-0.3661886751651764,0.0176958795636892,0.1089785918593406,0.0278009753674268,-0.4696500599384308,-0.3675450086593628,-0.072721853852272,0.3668074011802673,0.1313922852277755,-0.2396625280380249,-0.0457483865320682,5.865274906158447,3.278707265853882,1.3153482675552368,1.508873701095581,1.5021986961364746,0.929455578327179,0.8952196836471558,0.9801740646362304,0.9370940327644348,1.1448612213134766,1.2464499473571775,0.9351716637611388,0.8155975937843323,0.549193263053894,0.3279357254505157,0.1465547084808349,-0.336709052324295,-0.1261598467826843,-0.0106770182028412,0.2651049792766571,0.0594265796244144,0.1291048675775528,-0.1243151947855949,0.1309642195701599,0.1601873487234115,0.0082787433639168,2.362268447875977,1.5352411270141602,0.8072162866592407,1.0729548931121826,0.7101120948791504,0.5653401017189026,0.781480610370636,0.7251455187797546,0.5582742094993591,0.885918140411377,0.6775602698326111,0.661959171295166,0.5302606225013733,0.0374459351371455,0.019251290637841,0.1279060493964424,0.0630573478790067,16.586253219176953,1,Rekurrensparese,1631,i_n
-229.5843048095703,134.88438415527344,-3.1010425090789795,84.18887329101562,18.195619583129883,60.89640426635742,-7.398009777069092,2.623199939727783,-0.6851531863212585,15.066770553588867,6.371759414672852,-10.607685089111328,-7.041180610656738,12.85881233215332,5.452122211456299,4.255036354064941,6.7384352684021,5.0613508224487305,8.040419578552246,3.655740737915039,6.38482666015625,4.618064880371094,3.758260488510132,4.714921474456787,3.781826972961426,4.732531547546387,0.0420602075755596,-0.1463102549314499,-0.0053641120903193,-0.0918644219636917,-0.0365352593362331,0.0804675221443176,-0.0323007069528102,-0.1113835945725441,-0.0569644980132579,0.0163286123424768,0.0307627953588962,-0.019006049260497,-0.0090124104171991,1.3425449132919312,0.5267041325569153,0.6535797715187073,0.6830694675445557,0.7449287176132202,0.911599099636078,0.6316613554954529,0.6725977659225464,0.7888262271881104,0.6343284845352173,0.6156300902366638,0.5888931155204773,0.5628002285957336,0.0487938672304153,-0.0662197098135948,0.0817153379321098,-0.1264034658670425,-0.0066839721985161,-0.0856539830565452,0.0882220566272735,0.0102155962958931,0.0175960026681423,-0.0129212215542793,0.045313399285078,0.0101964836940169,-0.0096208173781633,0.6042250394821167,0.4843681752681732,0.4064981341361999,0.6033551096916199,0.485551506280899,0.5280277729034424,0.5247565507888794,0.4652889370918274,0.495944619178772,0.5187186598777771,0.4887403845787048,0.4422172009944916,0.3364264369010925,0.0150283502907741,0.0092983443790126,0.1846826621631188,0.1061313539115436,11.280416443137767,1,Rekurrensparese,1638,i_n
-267.6258239746094,122.11893463134766,-20.262977600097656,91.41940307617188,36.10360336303711,55.21375274658203,-3.294593811035156,-17.18190574645996,7.311657905578613,4.187350273132324,6.241877555847168,-17.056482315063477,-20.92920684814453,19.22698783874512,8.472070693969727,6.016597747802734,5.933848857879639,5.354027271270752,4.332565784454346,4.502983570098877,4.54075813293457,5.863515377044678,6.283815860748291,4.322484493255615,5.080738067626953,3.71289587020874,-0.2838394045829773,0.0306134782731533,-0.0600593388080596,0.0026899669319391,0.073422834277153,0.0309327058494091,-0.0398603938519954,-0.0513017773628234,0.0139054395258426,-0.0310525204986333,0.0361976772546768,-0.0479640737175941,0.0063183945603668,1.5636839866638184,0.9910805225372314,0.8037148118019104,0.6985635161399841,0.7062770128250122,0.6718934178352356,0.7350200414657593,0.6269575953483582,0.7870303392410278,0.7774273157119751,0.6918766498565674,0.5388869643211365,0.5184346437454224,0.0630119070410728,0.0250703673809766,0.0054262122139334,-0.0528326444327831,-0.0317051485180854,-0.0540215149521827,0.0432160943746566,0.0029112428892403,0.0484425649046897,0.0012807569000869,0.0015078233554959,0.0465767607092857,0.0126485051587224,0.7528536915779114,0.5433511734008789,0.51877760887146,0.5412053465843201,0.4685254693031311,0.5304127335548401,0.5678763389587402,0.5080227851867676,0.5285595059394836,0.4748766720294952,0.518346905708313,0.5224263668060303,0.4393723607063293,0.0089746568635867,0.0052056312670998,0.0380616990870319,0.0216084407684853,18.705685141933863,1,Rekurrensparese,1641,i_n
-228.6498413085937,121.6392059326172,-24.774791717529297,79.26728820800781,17.1464900970459,28.4790153503418,-17.192935943603516,-4.997286319732666,5.012888431549072,12.597164154052734,-9.87440299987793,-15.45637321472168,0.7389825582504272,31.41074562072754,5.362449645996094,4.115044593811035,6.758832931518555,5.770079135894775,4.12675666809082,6.002859592437744,4.8487868309021,5.225475788116455,5.587358951568604,4.128154754638672,4.882670402526856,4.025584697723389,-1.116501808166504,-0.0514282844960689,-0.1744194626808166,-0.1829390823841095,0.1502509713172912,0.1164005845785141,0.102160558104515,-0.1448396891355514,0.0975422784686088,0.2274077385663986,0.008889284916222,0.1610488444566726,0.0339127033948898,1.1133235692977903,0.8170786499977112,0.7412807941436768,0.6984500288963318,0.6875428557395935,0.5508647561073303,0.7649243474006653,0.6097904443740845,0.5766904354095459,0.564996063709259,0.8199232220649719,0.6520379185676575,0.574001669883728,-0.020022926852107,-0.0091100353747606,0.0624448023736476,-0.170057937502861,-0.0460243038833141,-0.0672007575631141,0.109913632273674,-0.0158732514828443,0.0267541874200105,-0.0467235669493675,0.0141140352934598,0.0434793420135974,0.0642405152320861,0.5402131676673889,0.5719013214111328,0.5050095915794373,0.7985067963600159,0.5115340352058411,0.477950245141983,0.6146805286407471,0.3420995771884918,0.4173644781112671,0.4168069362640381,0.4662905037403106,0.4878022074699402,0.5229069590568542,0.0391116627193726,0.0239361848072343,0.1521749868093183,0.0783412251787676,11.738933450067051,1,Rekurrensparese,1644,i_n
-277.0754089355469,78.9181137084961,-10.737435340881348,101.89300537109376,21.04341697692871,48.02467346191406,-31.221525192260746,-21.96661758422852,14.41904640197754,1.94636869430542,-2.692066192626953,-26.97535514831543,-10.267804145812988,14.068708419799805,8.838347434997559,6.579582214355469,7.858208179473877,4.305527687072754,4.959819316864014,5.072630882263184,4.601709842681885,4.915349006652832,4.7830681800842285,3.784006357192993,4.5238237380981445,4.13775110244751,-0.0711863040924072,-0.037381861358881,0.0253841113299131,-0.1912327706813812,0.0649304836988449,-0.0035315400455147,0.0525379553437233,-0.0182530507445335,-0.0053841834887862,0.0126769253984093,-0.0148323439061641,0.0006667443085461,0.0307581983506679,2.161190986633301,1.7629024982452393,1.1107112169265747,1.537199854850769,0.7997346520423889,0.7110029458999634,0.8994936347007751,0.7915925979614258,0.7273082137107849,0.6961618661880493,0.571523129940033,0.8453718423843384,0.6409667730331421,0.3404606282711029,0.3018696010112762,0.172516256570816,-0.1965590119361877,-0.0651260092854499,-0.1038463041186332,0.1411142200231552,0.1324454694986343,-0.0046616769395768,-0.0457236282527446,-0.0071912044659256,0.1259303987026214,0.0583984814584255,1.4630197286605835,1.128181219100952,0.7592592835426331,0.825785756111145,0.5023679137229919,0.6910508871078491,0.6961259245872498,0.6999709606170654,0.5644172430038452,0.5757749080657959,0.455989122390747,0.6927847862243652,0.602085530757904,0.0052581719865913,0.0030152327905659,0.0216757754440568,0.0110652231746378,22.61321524029077,1,Rekurrensparese,1655,i_n
-285.64373779296875,116.16781616210938,-20.61686897277832,90.24434661865234,17.634553909301758,10.03775405883789,-18.47407341003418,-5.068917274475098,4.144035816192627,-8.326312065124512,-21.070051193237305,-13.791465759277344,-3.818432331085205,18.91830825805664,10.69401741027832,9.60865306854248,8.43190860748291,3.760929107666016,5.314845561981201,6.568763256072998,5.25358247756958,4.531351566314697,5.755504608154297,3.761758089065552,4.761501312255859,4.013108730316162,0.819327175617218,-0.0681465864181518,-0.2105211764574051,-0.0517906136810779,-0.0864274427294731,0.0650823265314102,-0.1734580248594284,-0.1200933009386062,-0.0536438003182411,0.0625003278255462,-0.0302302837371826,-0.0139514124020934,0.0045494535006582,2.381764888763428,1.883703589439392,1.2184160947799685,1.4645717144012451,0.6575115919113159,0.7824574112892151,1.1082698106765747,0.8729235529899597,0.7578983306884766,0.7977840304374695,0.5052376389503479,0.848416805267334,0.5762255191802979,0.7242977619171143,0.4433215856552124,0.2355959117412567,-0.3677860200405121,0.0027443384751677,-0.0232953839004039,0.1358985900878906,-0.0390221737325191,-0.0006517794681712,0.0780137851834297,0.0654101818799972,0.0513973347842693,-0.0505040101706981,2.1924781799316406,1.546620488166809,0.882049560546875,1.1820333003997805,0.3881493806838989,0.4439899921417236,0.7066974639892578,0.5563941597938538,0.4713757634162903,0.4986057579517364,0.4934132993221283,0.5202227830886841,0.3758650422096252,0.0050479575102104,0.0027061798568268,0.0343390821013226,0.0200285584498399,25.470597385487395,1,Rekurrensparese,1658,i_n
-299.0482788085937,153.59710693359375,-28.402482986450195,77.12672424316406,53.90401458740234,62.16992950439453,-27.016469955444336,-11.523378372192385,30.829158782958984,-13.421560287475586,-14.817697525024414,5.299893856048584,-23.509376525878903,20.707744598388672,9.409221649169922,9.665250778198242,9.896794319152832,7.152553558349609,8.283747673034668,5.799331188201904,4.861011028289795,3.373119592666626,4.336908340454102,3.559501886367798,4.757315635681152,5.852095603942871,0.2257866859436035,-0.0362418442964553,0.0215496644377708,0.060707326978445,0.0237656012177467,-0.0366220660507679,-0.0235146190971136,-0.0122109903022646,0.019057061523199,-0.0158336013555526,-0.0017229473451152,0.0268690586090087,-0.0477227978408336,2.595292329788208,1.1932307481765747,1.604099988937378,1.311365008354187,0.9695956110954284,0.9969550371170044,0.8832772374153137,0.6238945722579956,0.6202950477600098,0.6197340488433838,0.5395255088806152,0.6295101046562195,0.5466503500938416,0.2557392418384552,-0.037285104393959,0.1041688993573188,-0.1644825339317321,-0.0534252114593982,-0.1163809299468994,0.0758658945560455,0.0475140027701854,-0.0266564860939979,0.0233515817672014,0.0249875877052545,-0.0263599157333374,0.048429362475872,1.4127929210662842,0.5874602198600769,0.7084894180297852,0.8453559279441833,0.5553529262542725,0.5800708532333374,0.5586159229278564,0.4056417644023895,0.416906327009201,0.3735746145248413,0.3426649868488312,0.4103398621082306,0.3773776888847351,0.0042653924796625,0.0021974841845302,0.0271404813387074,0.011567412880697,23.55559463234196,1,Rekurrensparese,1662,i_n
-293.3370056152344,108.93892669677734,-23.30282974243164,92.9482650756836,12.094111442565918,24.79802131652832,-24.60918426513672,-23.33668708801269,34.67341613769531,-19.5407772064209,-23.655420303344727,-10.660279273986816,-4.180187702178955,14.889016151428224,6.352657794952393,6.570123672485352,6.492294788360596,4.862724781036377,3.188308000564575,4.427615165710449,4.476685523986816,3.8718724250793457,3.948657989501953,3.2475132942199707,3.56656265258789,3.463192939758301,-0.1988868564367294,-0.049687922000885,-0.0059143477119505,0.0379331037402153,0.0003239708894398,0.042692270129919,-0.0025066891685128,-0.0727699995040893,0.0713887214660644,0.0153783774003386,-0.0528429709374904,0.0586680695414543,0.0516582429409027,1.80696988105774,0.9199827313423156,0.90366393327713,1.1500895023345947,0.5371804237365723,0.551899254322052,0.7593713402748108,0.6961490511894226,0.5744567513465881,0.5270875096321106,0.4956202507019043,0.5219188928604126,0.4304611682891845,0.3678332269191742,0.0605233460664749,0.1186761632561683,-0.1718003302812576,0.0123513657599687,-0.0512684136629104,0.0563878342509269,0.0653964057564735,-0.0835785940289497,0.0385910496115684,0.039777684956789,0.0312682017683982,-0.0059275021776556,1.73827862739563,0.5825408697128296,0.5711154937744141,0.7680534720420837,0.3864548206329345,0.3911873400211334,0.3888207376003265,0.4115310609340668,0.4402740597724914,0.336345911026001,0.3548853695392608,0.3420076370239258,0.3280403316020965,0.0030097750729999,0.0018285248942431,0.0108535400932921,0.004673891322308,27.2594693408778,1,Rekurrensparese,1664,i_n
-285.719482421875,142.34397888183594,-27.74161148071289,78.41129302978516,50.82091522216797,39.90007781982422,4.325495719909668,1.2454100847244265,19.96792984008789,-14.219415664672852,-3.777027130126953,14.958406448364258,-8.82302188873291,13.237805366516112,6.956527233123779,6.165298461914063,8.948736190795898,5.533348083496094,5.997311115264893,6.553239345550537,5.763449668884277,6.116591453552246,5.954534530639648,5.342356204986572,5.916847229003906,4.73185920715332,0.4862409830093384,0.0214039273560047,0.0040964013896882,-0.1990925371646881,0.0515204668045043,-0.0036324220709502,0.0334451794624328,-0.0179964527487754,0.0177301168441772,0.0509831458330154,-0.0155094722285866,0.0183757282793521,0.03396712616086,2.053968667984009,0.8752986788749695,1.008747100830078,0.9238290786743164,0.8378430604934692,0.7455997467041016,0.8205825686454773,0.6347646713256836,0.7212919592857361,0.7543362379074097,0.7187221050262451,0.657882034778595,0.7289353013038635,0.1786488145589828,-0.0382813327014446,0.1048242524266243,-0.1014110967516899,-0.047004260122776,-0.0604011937975883,-0.030512286350131,0.0178363751620054,-0.0112864067777991,0.02234822884202,-0.0341525264084339,-0.0507350899279117,0.0260330643504858,1.317462682723999,0.4609452188014984,0.738628089427948,0.6844838857650757,0.6385223269462585,0.5424317717552185,0.470935970544815,0.4180395603179931,0.5168983340263367,0.4583124220371246,0.5007885694503784,0.5569568872451782,0.4431930482387543,0.0153033168350184,0.0097889937000545,0.0837083584290511,0.0335729360319845,17.64495098018923,1,Rekurrensparese,1671,i_n
-212.90284729003903,83.43291473388672,-8.858449935913086,94.46358489990234,22.686384201049805,33.227508544921875,-24.536651611328125,-8.588253021240234,19.1138916015625,-1.8397854566574097,-18.17879867553711,-18.02066421508789,-3.169145345687866,21.567428588867188,6.91798210144043,5.203314781188965,7.0544843673706055,6.872481346130371,4.622104644775391,4.605862140655518,3.5062239170074463,4.9845380783081055,3.632712364196777,3.9811415672302246,3.992964744567871,4.674843311309815,-0.4342090487480163,-0.2314920872449875,-0.0651953667402267,0.0943915396928787,-0.032466746866703,0.1219515725970268,-0.0710597410798072,-0.0377153791487216,0.0174927525222301,0.0030350547749549,0.0083632729947566,-0.0715617015957832,0.0680959224700927,1.3153401613235474,0.920566976070404,0.9481292366981506,1.1246943473815918,0.8031352758407593,0.6668059825897217,0.7097832560539246,0.6412870287895203,0.6028122305870056,0.5341736674308777,0.5968502163887024,0.7245075702667236,0.5929679274559021,0.2684148252010345,0.1320809572935104,0.0861899703741073,-0.1642930656671524,-0.0297200996428728,-0.0387252643704414,0.0608530454337596,0.0193827021867036,-0.0254164207726717,0.0011514060897752,0.0320928543806076,0.0378076992928981,-0.0073634209111332,1.2493820190429688,0.7183749675750732,0.6906038522720337,0.9342471957206726,0.5245042443275452,0.4738534390926361,0.5193503499031067,0.4829758107662201,0.4719780683517456,0.3718896806240082,0.3982048034667969,0.4264185726642608,0.4752832949161529,0.0048640048505388,0.002742189328095,0.0237600807391833,0.013009778974814,23.154389687111266,1,Rekurrensparese,1676,i_n
-225.45152282714844,108.21419525146484,-40.60472869873047,51.868934631347656,43.22438049316406,46.18854522705078,-16.609466552734375,-8.807888984680176,10.334674835205078,-9.159579277038574,7.130302906036377,-22.256715774536133,-26.48123359680176,47.338645935058594,7.881704807281494,11.024974822998049,6.772117137908936,8.055349349975586,6.892569065093994,4.668629169464111,3.7617571353912354,6.078111171722412,3.4228219985961914,5.689100742340088,6.204476833343506,5.1116437911987305,-0.7806196212768555,0.0458793640136718,0.2235191762447357,0.0235061664134264,-0.0530164130032062,-0.037633404135704,-0.0279738195240497,0.0569928362965583,0.0684503391385078,-0.0487992875277996,0.1044381037354469,0.0074243522249162,0.037456177175045,4.171698093414307,1.306719183921814,1.6625112295150757,0.996126115322113,1.5077390670776367,1.139640212059021,0.7536410093307495,0.4934251010417938,0.7266376614570618,0.5990322232246399,0.7487356066703796,0.9257228970527648,0.7211093306541443,0.6851822137832642,0.1512887477874755,0.3157263398170471,-0.1832369416952133,-0.171651005744934,-0.2137775719165802,0.1291890144348144,0.0531336553394794,-0.076884813606739,0.0256245825439691,-0.0179985351860523,0.0844333097338676,0.0712391212582588,1.9425067901611328,0.9356703758239746,0.9675698280334472,0.6447821259498596,0.7103919982910156,0.8017261624336243,0.5016612410545349,0.3755317032337188,0.4690606296062469,0.3485215306282043,0.5790302753448486,0.6008338928222656,0.4708285331726074,0.0028744208957196,0.0010049116071873,0.0192769490057256,0.0100471278829056,25.58421040143921,1,Rekurrensparese,1683,i_n
-286.9584045410156,120.4767608642578,-4.773902416229248,72.77631378173828,33.68456268310547,26.099050521850582,-33.91083908081055,-28.635223388671875,17.904735565185547,-8.951480865478516,-16.539113998413086,-15.91334056854248,-13.411584854125977,27.359464645385746,5.818398952484131,8.00425910949707,8.50791072845459,5.330090999603272,5.843608856201172,5.46624231338501,8.821826934814453,5.4555277824401855,6.384567260742188,4.403026580810547,4.0418195724487305,3.608709335327149,-0.6178605556488037,-0.0063338666222989,-0.028267104178667,-0.0032061540987342,0.0894770771265029,0.0356622487306594,0.0282101668417453,-0.0607575662434101,0.0502087920904159,0.1050329878926277,-0.0129743292927742,-0.0202940981835126,-0.0072763515636324,3.525177478790283,1.0142059326171875,1.3735332489013672,1.4527772665023804,0.905160665512085,1.116779923439026,1.0652544498443604,1.0256744623184204,0.7846164107322693,0.8162363171577454,0.7610470056533813,0.5477096438407898,0.482787162065506,0.7531936168670654,0.1186487823724746,0.098437987267971,-0.2933942377567291,-0.1242173686623573,-0.1447228640317917,0.109599269926548,0.0845066085457801,-0.1286537945270538,0.0051452373154461,0.0473171286284923,0.0249554216861724,0.025521133095026,2.7820372581481934,0.8104569911956787,0.8007238507270813,1.0799740552902222,0.5380184650421143,0.6377315521240234,0.5159348249435425,0.5092522501945496,0.5685908794403076,0.4823152124881744,0.5216453075408936,0.4292763173580169,0.3552875816822052,0.0048720335020755,0.0029314927566601,0.0158219351222333,0.0065969350483206,28.12370150464191,1,Rekurrensparese,1691,i_n
-342.6487121582031,102.06519317626952,-5.101715087890625,95.26797485351562,15.426416397094728,28.8095760345459,-15.024324417114258,-24.5196533203125,27.64143943786621,-11.495335578918455,-23.773021697998047,-9.127443313598633,-0.4020059108734131,19.715606689453125,9.28908634185791,8.047844886779785,8.63248348236084,5.927779197692871,3.8938236236572266,8.02586841583252,6.1844258308410645,3.598217487335205,6.385524272918701,4.015539646148682,2.627264499664306,2.936117887496948,-0.0136242732405662,0.038386046886444,0.0767606720328331,0.0526500642299652,-0.1047123149037361,0.031724315136671,0.0997003763914108,-0.1439978033304214,-0.0141144907101988,0.0687482953071594,-0.0598974749445915,-0.0334351472556591,-0.0359178185462951,2.65818452835083,1.182510256767273,0.9594372510910034,1.2956130504608154,0.6980448365211487,0.6425010561943054,0.6207413077354431,0.5978029370307922,0.6073076725006104,0.378778338432312,0.4654651582241058,0.3777994215488434,0.4242130815982818,0.4628759622573852,0.1759001314640045,0.1453340947628021,-0.2240775227546692,-0.0219612997025251,-0.0386311709880828,0.0837305635213851,0.0592320635914802,-0.0708803609013557,0.0400643423199653,0.0364612974226474,0.032254260033369,-0.0075564896687865,1.7917730808258057,0.8093544244766235,0.6746109127998352,0.930614173412323,0.4242401123046875,0.3590177297592163,0.4781400561332702,0.4032726585865021,0.4251158833503723,0.342652678489685,0.4483146965503692,0.2760692536830902,0.2559892535209656,0.0026460305116664,0.0016442471215928,0.0124377875425396,0.0052720276438464,29.85768280840031,1,Rekurrensparese,1713,i_n
-229.65658569335932,94.960205078125,-14.195526123046877,72.11607360839844,20.89423561096192,54.7491455078125,-28.09320640563965,-7.97736120223999,10.260358810424805,7.150835990905762,-4.015841484069824,-13.357358932495115,-5.531175136566162,13.464048385620115,6.987697601318359,6.532046794891357,3.765995740890503,4.7046403884887695,4.578222751617432,4.898440361022949,4.750519275665283,4.24052095413208,5.066067695617676,4.954566955566406,3.51164174079895,5.392193794250488,-0.578076183795929,-0.1119505390524864,-0.1968926042318344,0.0589455589652061,0.1688118427991867,0.0365967527031898,0.0655024200677871,0.093386024236679,0.0945605635643005,0.060390293598175,0.1173624247312545,0.0646567791700363,0.121010348200798,1.0346306562423706,1.293925642967224,0.9086103439331056,0.5355280041694641,0.6639071106910706,0.7236334681510925,0.7476142644882202,0.7459409236907959,0.6230453252792358,0.699543833732605,0.5393727421760559,0.5595065355300903,0.725418746471405,0.2278006970882415,0.2969856262207031,0.2366368025541305,-0.0672335624694824,0.0099917156621813,-0.0473354645073413,0.0207147784531116,0.0565345957875251,0.0813998654484748,-0.0487139448523521,0.0711754411458969,0.0728135481476783,0.055816113948822,0.8695568442344666,1.1186459064483645,0.8375745415687561,0.4562934935092926,0.6328657865524292,0.6534167528152466,0.5246862769126892,0.5602614283561707,0.4461731612682342,0.5115752816200256,0.5027561187744141,0.5218795537948608,0.4862674474716186,0.0129005398052234,0.0073583151313382,0.0918700663857398,0.0316263184552374,16.180061785056502,1,Rekurrensparese,1722,i_n
-236.55328369140625,104.30489349365234,-17.51251792907715,87.69573974609375,16.026979446411133,14.39408016204834,-29.910493850708008,-10.911477088928224,7.603744029998779,-23.461668014526367,-6.4404377937316895,-21.10654830932617,-4.884805679321289,24.652097702026367,8.52640438079834,9.905769348144531,12.469861030578612,5.942733287811279,4.314143657684326,5.967687606811523,5.084403038024902,3.869815826416016,4.604082107543945,2.54977822303772,4.814722537994385,4.243833065032959,-0.9188653826713562,-0.0595744214951992,-0.2567423582077026,0.1214895546436309,-0.002746800892055,-0.0910140573978424,-0.1396956443786621,-0.256818562746048,-0.0881128758192062,-0.0209884271025657,-0.0920524597167968,-0.2296499907970428,0.0171367097645998,4.250500679016113,1.4243234395980835,1.5914982557296753,1.9787715673446653,0.9541543126106262,0.8093008399009705,0.863103985786438,0.759337842464447,0.5866147875785828,0.9337221384048462,0.3846587836742401,0.6783839464187622,0.744299054145813,1.3578697443008425,0.4170581102371216,0.3728854656219482,-0.6833086609840393,-0.1058972477912902,-0.1488416343927383,0.2377121299505233,0.0405631475150585,-0.1207064315676689,0.1892973780632019,-0.0283616371452808,0.1647959202528,0.0646851360797882,3.3697710037231445,1.349999189376831,1.017977595329285,1.815740346908569,0.5690947771072388,0.5656310319900513,0.6277078986167908,0.5097463726997375,0.6138337850570679,0.6922107338905334,0.2389873415231704,0.5075660943984985,0.4960868954658508,0.0028587432315271,0.0015988105522998,0.0089600962396842,0.0047615786809851,28.39823890239542,1,Rekurrensparese,1743,i_n
-297.67840576171875,147.5038604736328,-9.961348533630373,73.1633071899414,46.31473922729492,61.60042190551758,-9.564889907836914,-23.3687744140625,16.598766326904297,-3.4621658325195312,-7.365502834320068,-17.5236759185791,-17.351682662963867,15.158370971679688,7.93630313873291,9.27847671508789,10.020500183105469,6.798409461975098,7.217819690704346,3.0380232334136963,5.351052284240723,3.783324241638184,4.706716537475586,3.921753406524658,4.271762371063232,3.151163101196289,0.2753528356552124,-0.2918577492237091,0.2373007386922836,0.0224900152534246,-0.2349118739366531,-0.1440395563840866,0.0465548522770404,0.0603929869830608,-0.1734007596969604,-0.1350605487823486,0.0047878674231469,-0.0390437096357345,-0.0797996148467063,2.666355848312378,0.7571614980697632,0.8679347634315491,1.467077374458313,0.7977390289306641,0.9544373750686646,0.4286084473133087,0.8768367171287537,0.6716826558113098,0.8216801881790161,0.7213698029518127,0.5512822866439819,0.5007248520851135,0.4596383571624756,0.1104240417480468,0.1230977997183799,-0.2405412048101425,-0.0698390156030654,-0.144445851445198,0.0288166906684637,0.1461032032966613,0.0513695925474166,0.0603882707655429,0.0571169592440128,0.1169999241828918,0.029544522985816,1.711315393447876,0.5900508165359497,0.6121556162834167,0.8130788803100586,0.5104020833969116,0.7249827980995178,0.4227314591407776,0.6702898144721985,0.4476062655448913,0.5787028074264526,0.4128754436969757,0.5729356408119202,0.3217146396636963,0.0034150701534169,0.0015590936462626,0.0101560698563537,0.0046117772749707,25.48042274759155,1,Rekurrensparese,1748,i_n
-321.4791259765625,128.0619354248047,-12.91907787322998,104.09026336669922,38.587158203125,36.71112060546875,6.752793312072754,-0.5311576724052429,14.29116153717041,-3.1894516944885254,12.102438926696776,-0.1907809674739837,-9.696392059326172,24.466041564941406,8.824309349060059,12.999347686767578,14.988317489624023,5.445631504058838,9.873764991760254,5.125477313995361,5.060200214385986,5.009192943572998,4.0417094230651855,5.46056604385376,4.001445293426514,5.670342922210693,-0.9642810225486756,-0.10089723020792,-0.0429223254323005,0.5974787473678589,0.2262286841869354,-0.0337655618786811,0.059548981487751,-0.0148407332599163,-0.0892339050769805,-0.0093730967491865,0.1086970865726471,-0.0660126060247421,-0.1761719733476638,2.5837247371673584,1.226789951324463,2.098506689071656,1.7515348196029663,1.1686512231826782,1.2401366233825684,0.9709308743476868,0.9625725746154784,0.623219907283783,0.762837827205658,0.7442041635513306,0.7346527576446533,0.6283365488052368,0.482742577791214,0.0316738784313201,0.2403025329113006,-0.3310155570507049,-0.1419738680124282,-0.2250375747680664,0.0197873059660196,0.0270863138139247,-0.0384156294167041,0.0236253477632999,-0.0619520805776119,0.0199488140642642,-0.0504451617598533,1.8775240182876587,0.7512343525886536,0.9979318380355836,1.2407866716384888,0.7148963809013367,0.8702500462532043,0.5605778694152832,0.489374577999115,0.5159456729888916,0.5058110356330872,0.4957657158374786,0.4773131310939789,0.4432015120983124,0.0063374876729152,0.0025811064478825,0.0450029764559816,0.0208240701750166,19.68099684142166,1,Rekurrensparese,1755,i_n
-180.0711212158203,141.9115753173828,-6.113635063171387,89.59361267089844,32.688621520996094,24.79072570800781,-37.01521682739258,-6.952970504760742,-3.599537372589112,0.4057103395462036,-13.735087394714355,-19.72791290283203,1.58547842502594,17.877685546875,4.052145481109619,4.848207473754883,8.565342903137207,5.038864612579346,4.583747386932373,8.288156509399414,4.44634485244751,4.016257762908936,4.002833843231201,3.8297407627105713,4.039493560791016,3.449742317199707,-0.3894396424293518,0.0187106505036354,-0.0327616930007934,0.0204669497907161,0.0303098410367965,0.06850565969944,0.0857537314295768,0.0159264374524354,0.0391946323215961,0.126755952835083,-0.0453150942921638,-0.0891221240162849,0.0449447259306907,1.7523245811462402,0.5257630348205566,0.8148336410522461,1.461394190788269,0.736566424369812,0.7648586630821228,1.0623605251312256,0.5928800702095032,0.6516156196594238,0.5130545496940613,0.7510972619056702,0.7068794965744019,0.5340061783790588,0.4168265163898468,-0.0411457382142543,0.0711135417222976,-0.3790158033370971,-0.0959746465086937,-0.0999485626816749,0.1832717955112457,0.0114025780931115,0.0574270337820053,-0.0487725883722305,-0.0592141784727573,0.0515878684818744,-0.0431059151887893,1.3848797082901,0.3449487686157226,0.5056126117706299,1.1595747470855713,0.5313178300857544,0.6058486104011536,0.6621831655502319,0.4479916095733642,0.4345954358577728,0.3898539543151855,0.4926452338695526,0.4412124454975128,0.4750536680221557,0.0557517155513369,0.0280685043524207,0.2141288900544394,0.0888511624134234,8.427353801100628,1,Rekurrensparese,1760,i_n
-280.5472717285156,124.03816986083984,-7.062973499298096,81.77094268798828,44.86572647094727,14.8886137008667,-34.61943817138672,-8.122028350830078,4.126055240631104,-3.5018310546875,-16.244789123535156,-11.26670742034912,-6.192032814025879,17.041879653930664,5.05853796005249,6.100277423858643,6.636588096618652,5.109240531921387,3.4849302768707275,5.727674961090088,4.185975551605225,3.2769689559936523,3.099701404571533,4.068581581115723,3.972913265228272,3.6196439266204834,-0.6053796410560608,0.0605919621884822,0.0042153378017246,0.1940062642097473,0.1195870712399482,0.0688092559576034,-0.0474959313869476,0.0038731372915208,0.0093452977016568,0.0134056136012077,-0.0182385072112083,0.0049321488477289,0.0713931918144226,2.8455474376678467,0.8543694615364075,0.9832197427749634,1.2217425107955933,0.8717541694641113,0.6435807943344116,1.0074479579925537,0.6328120827674866,0.538188099861145,0.4857787787914276,0.6679452657699585,0.6729528903961182,0.6520516872406006,0.3643530011177063,0.1112922132015228,0.151832103729248,-0.1361334919929504,-0.0890301316976547,-0.0206338316202163,0.1778465807437896,0.1069179102778434,-0.0154252601787447,-0.033504519611597,0.0338608026504516,-0.0114620085805654,0.0182589422911405,1.6564165353775024,0.7652323246002197,0.791386604309082,0.7880553007125854,0.668179452419281,0.491061121225357,0.8144738078117371,0.5947991609573364,0.3782042860984802,0.3903419971466064,0.516538679599762,0.5470993518829346,0.470244288444519,0.0047541416596845,0.0026905228681127,0.0219406624442268,0.0112532429602799,25.303655621660305,1,Rekurrensparese,1776,i_n
-310.3556213378906,85.6366958618164,19.43734359741211,84.5398178100586,17.83361053466797,33.30699157714844,-33.390769958496094,-16.145893096923828,14.370665550231934,-5.131242752075195,-18.61136054992676,-14.826373100280762,3.407091856002808,23.95532989501953,9.007515907287598,5.743548393249512,10.121281623840332,5.232319355010986,6.415462493896484,6.63399600982666,4.889611721038818,5.100933074951172,4.472308158874512,6.3361029624938965,4.974815845489502,3.914663314819336,-0.2030435502529144,-0.0212962199002504,-0.0178938247263431,-0.0488684251904487,-0.0044151642359793,-0.0140440100803971,-0.0121698379516601,-0.0320730209350585,-0.0137133710086345,0.0169852375984191,-0.0400970727205276,-0.020335279405117,-0.0106637729331851,4.107964038848877,1.2266128063201904,0.5827906131744385,1.710275650024414,0.9234054088592528,0.8251605033874512,1.2116481065750122,0.7451301217079163,0.9165947437286376,0.7449187636375427,0.7272648215293884,0.6272708177566528,0.6339849829673767,0.747846245765686,0.1862969845533371,-0.0067536225542426,-0.276949405670166,-0.0775108039379119,-0.1100874543190002,0.1662968546152115,0.0400973558425903,-0.10201396048069,-0.0197268556803464,0.017081594094634,-0.0014022013638168,-0.0583235472440719,2.7847578525543213,0.7422798275947571,0.3610900640487671,1.1053776741027832,0.576069712638855,0.6651380658149719,0.776911199092865,0.4939338266849518,0.5914655327796936,0.4880524277687073,0.4376131296157837,0.5100821852684021,0.5180920958518982,0.0024227234304522,0.0013455105139589,0.0133989308025168,0.0062911091897648,29.47407556902951,1,Rekurrensparese,1784,i_n
-213.2423553466797,94.31279754638672,-7.752578258514404,79.88455200195312,3.812871217727661,42.18034362792969,-43.53408050537109,-5.02249813079834,13.581854820251465,-16.165061950683594,-0.4075750708580017,-30.051637649536133,-4.749828338623047,23.02569961547852,7.135071754455566,6.780354499816895,8.240696907043457,4.701029300689697,5.221613883972168,7.002816200256348,3.878161907196045,4.700981140136719,3.894780158996582,3.5789108276367188,5.843330383300781,3.880005121231079,-1.0456597805023191,0.1214300990104675,0.1765720844268798,0.1517544835805893,0.0848198682069778,0.1383042931556701,-0.0053907292895019,-0.1394374370574951,0.1479047685861587,0.0923157408833503,-0.0252924039959907,-0.0518607199192047,0.0248577240854501,2.370967388153076,1.2056338787078855,0.8991628885269165,1.7374812364578247,0.8424614071846008,1.2182358503341677,1.2944742441177368,0.7204144597053528,0.7535809874534607,0.7122355103492737,0.659895658493042,0.7950198650360107,0.5540245175361633,0.7349342703819275,0.4450779259204864,0.2483077496290207,-0.3109290301799774,-0.0232608467340469,-0.1013549044728279,0.3831199705600738,0.0580412298440933,0.0130216013640165,-0.0002554650709498,0.0349045507609844,0.2284681648015976,0.0196817815303802,1.9658241271972656,1.1686517000198364,0.8257165551185608,0.8982062935829163,0.5114140510559082,0.6135292649269104,1.0460838079452517,0.4365479350090027,0.4860990941524505,0.3343193829059601,0.4483988881111145,0.674061119556427,0.3657553195953369,0.0065573318912035,0.0037862575403182,0.0320928689146208,0.0188910051028627,21.550355248994244,1,Rekurrensparese,1785,i_n
-323.24249267578125,119.43695068359376,-10.928194046020508,91.4725112915039,29.28312110900879,19.28640937805176,-35.11420822143555,-11.320630073547363,27.745460510253903,-22.002140045166016,-18.323854446411133,-1.401144027709961,-11.754334449768066,20.357851028442383,13.954486846923828,11.819682121276855,10.345110893249512,8.219512939453125,6.861606597900391,11.463794708251951,11.831246376037598,3.7476751804351807,4.95301628112793,3.73211669921875,4.223324775695801,2.405394554138184,0.1057394668459892,0.5018892288208008,0.627696692943573,-0.0209653191268444,-0.3056331574916839,0.2227446436882019,-0.3131080865859985,-0.417872279882431,0.0421088859438896,-0.075075089931488,-0.2656024098396301,-0.2047825455665588,-0.0154950786381959,3.2995026111602783,2.266534805297852,2.3138084411621094,1.86172616481781,1.41070818901062,0.9762151837348938,1.5423213243484497,1.283450961112976,0.6990424394607544,0.9549495577812196,0.7289307117462158,0.5894872546195984,0.4881029725074768,0.841069757938385,0.1404165774583816,0.3575397729873657,-0.374752014875412,-0.0681466981768608,-0.0862725004553794,0.4029129147529602,0.2987194955348968,-0.1938695758581161,0.1193956807255745,0.1074178665876388,-0.051463034003973,-0.0062169968150556,2.093208074569702,1.036462664604187,0.970291554927826,0.936747133731842,0.6479799151420593,0.5546270608901978,0.9900171756744384,0.9374396800994872,0.5134680867195129,0.5567176342010498,0.3297643065452575,0.4348228275775909,0.3624375462532043,0.0090075588413762,0.0038004438652846,0.0629862578362987,0.0358375540435928,23.678180314116663,1,Rekurrensparese,1788,i_n
-301.4784851074219,145.05551147460938,-10.329309463500977,91.24372863769533,67.1273193359375,42.051002502441406,-26.77378845214844,1.303761005401611,27.166074752807617,4.188544273376465,-5.4357781410217285,-14.28813362121582,-0.4031728506088257,32.77283477783203,12.969063758850098,9.197739601135254,7.182328701019287,5.282835483551025,5.332033634185791,6.641644477844238,5.427560806274414,5.075943946838379,4.852994441986084,4.07711935043335,3.7413463592529297,3.856473922729492,0.3305236101150512,0.1618397384881973,0.043624322861433,-0.0225064475089311,0.0415888093411922,0.0922105014324188,-0.0352314971387386,-0.0846195444464683,0.008647414855659,0.0568093098700046,-0.0663817971944809,-0.0531176514923572,0.02838796377182,1.632631778717041,0.6939343810081482,0.8050117492675781,1.1043874025344849,0.8569811582565308,0.7042881846427917,0.6720757484436035,0.6436266899108887,0.5825920104980469,0.5396218299865723,0.5362285375595093,0.538221001625061,0.5061138868331909,0.2379749417304992,0.0231213476508855,0.0749977901577949,-0.1783180087804794,-0.1254678666591644,-0.0701684579253196,0.076263390481472,0.0419932566583156,-0.0427561067044734,-0.0168038960546255,-0.0071199256926774,0.0211709477007389,0.0038443333469331,1.2175127267837524,0.5879337191581726,0.6252778172492981,0.8629475235939026,0.7101023197174072,0.5441032648086548,0.5257344841957092,0.4879296123981476,0.4586261212825775,0.4156256020069122,0.3395779728889465,0.3605268597602844,0.4057577252388,0.0063812827329718,0.0033155347935512,0.0394314054038226,0.0188482754435194,21.24882709411132,1,Rekurrensparese,1789,i_n
-302.5285949707031,80.9373779296875,-12.818324089050291,64.56607055664062,32.674842834472656,15.962681770324709,-31.775293350219727,-18.775936126708984,22.744993209838867,-25.77956199645996,-28.613195419311523,1.5695722103118896,-29.56192970275879,32.40864562988281,13.333688735961914,10.767833709716797,5.09202766418457,4.1091790199279785,3.857121706008911,9.306198120117188,5.376012802124023,4.192110538482666,4.839970588684082,4.159910202026367,4.7019524574279785,6.561826705932617,-0.2761254608631134,-0.0480169095098972,0.0883100777864456,-0.0809983909130096,-0.0580846555531024,-0.0138794975355267,0.0435119941830635,-0.0665072724223136,-0.0187466777861118,-2.119833879987709e-05,0.0221246927976608,0.029253251850605,-0.0021475295070558,2.993692874908448,2.2169737815856934,1.0554920434951782,1.0012986660003662,0.734549343585968,0.5850088000297546,0.8654073476791382,0.6473147869110107,0.4678146243095398,0.6753411889076233,0.6451829075813293,0.4869865775108337,0.8847163915634155,0.5154837369918823,0.3879879117012024,0.1487366259098053,-0.0828249305486679,-0.0404493547976017,-0.0131629919633269,0.1380788385868072,0.0887360945343971,-0.0287833027541637,0.0737287700176239,0.0648089200258255,0.0100709544494748,0.0745601207017898,1.957752704620361,1.521107792854309,0.8069029450416565,0.5440925359725952,0.3644519746303558,0.3261893689632416,0.6658142805099487,0.4628081023693084,0.3184011578559875,0.4851132035255432,0.433167815208435,0.3574512600898742,0.4283171594142914,0.0015126389998424,0.0006828159750367,0.0057956875103337,0.0019533953059983,31.62953357068204,1,Rekurrensparese,1803,i_n
-323.3778686523437,142.2323455810547,-0.7488024830818176,70.99205017089844,63.34410095214844,33.28865051269531,2.407434225082397,-9.528763771057127,9.66850471496582,10.3351411819458,-1.570375919342041,-17.71590232849121,-3.244438648223877,23.71220970153809,6.003114700317383,7.520639896392822,10.068251609802246,5.798677444458008,5.943812847137451,4.428007125854492,6.283353805541992,4.150230407714844,5.12131929397583,4.026515007019043,5.23005485534668,4.755692481994629,-0.239918515086174,0.0599992163479328,0.2342624962329864,-0.193777710199356,-0.0550650432705879,0.0213985498994588,0.0325501561164855,-0.0350797213613987,-0.0217086039483547,0.0525363944470882,0.0471704564988613,0.0183562319725751,-0.0442737936973571,2.8469719886779785,0.734605610370636,0.9306787848472596,1.0488979816436768,1.0225225687026978,0.8315096497535706,0.6465655565261841,0.9687348008155824,0.6920905113220215,0.7718029022216797,0.7210133075714111,0.8192270398139954,0.7317132949829102,0.3043403327465057,0.0169842522591352,0.1019360944628715,-0.1676021069288253,-0.1626257300376892,-0.1095582321286201,-0.0132671948522329,0.048736710101366,0.0064197359606623,0.0015549992676824,-0.0153011558577418,0.0572184361517429,0.0331771485507488,1.3569536209106443,0.4614452123641968,0.7249460816383362,0.9067378044128418,0.748412013053894,0.6310884356498718,0.442359060049057,0.591198742389679,0.5229790806770325,0.5698062777519226,0.5260118842124939,0.5618852972984314,0.4887245893478393,0.004765996954044,0.0021606972639822,0.0402683956511894,0.014459049411624,23.85918009614716,1,Rekurrensparese,1818,i_n
-362.3086242675781,112.0112533569336,-21.965255737304688,86.3721923828125,46.72854232788086,-17.230228424072266,-20.27508354187012,-6.454387664794922,-2.958637952804565,-9.014893531799316,-20.30447196960449,-21.03252601623535,1.370174527168274,31.784826278686523,7.792186737060547,10.322908401489258,11.480879783630373,7.1703410148620605,4.810757160186768,5.322231292724609,4.433935165405273,4.218135356903076,2.6807219982147217,5.09139347076416,3.627862691879273,4.91792631149292,-0.7425023913383484,0.1230155080556869,-0.1001007035374641,0.1048791110515594,0.198113352060318,-0.0908958837389946,-0.0046903262846171,0.1432032287120819,0.0124998297542333,0.1066042780876159,0.0249810814857482,-0.0956438928842544,0.1414269208908081,6.528223037719727,1.4539703130722046,1.398052215576172,1.9774984121322632,1.3956820964813232,0.7398210167884827,0.7746991515159607,0.7563276290893555,0.7639509439468384,0.5159652233123779,0.5470876097679138,0.6200676560401917,0.4812599718570709,1.6116011142730713,0.3507840931415558,0.2656632363796234,-0.5024807453155518,-0.268840342760086,0.1382859498262405,0.1737695932388305,0.0644940510392189,-0.0529679730534553,0.0050594359636306,0.158093973994255,0.1234458088874816,-0.0563550405204296,4.49235200881958,1.0006824731826782,0.701205849647522,1.4436979293823242,0.7259529232978821,0.5201610326766968,0.5803022384643555,0.4510328471660614,0.3849315941333771,0.3857956528663635,0.60178142786026,0.4705289602279663,0.3393340408802032,0.0009139641105529,0.0004895704392919,0.0063509340595411,0.0023230933427008,37.71030718430712,1,Rekurrensparese,1820,i_n
-274.3314208984375,100.93594360351562,-25.07049369812012,91.77928161621094,18.19430160522461,18.737770080566406,-13.062864303588867,-18.363676071166992,11.005318641662598,-4.683763027191162,-11.54600429534912,-11.084832191467283,-1.9021153450012207,18.90369987487793,11.977642059326172,15.829619407653809,8.365619659423828,5.538839817047119,5.236364841461182,6.470569610595703,8.553232192993164,4.458969593048096,4.630078315734863,4.597923755645752,4.1628923416137695,5.75130558013916,-2.278728008270264,-0.2029074877500534,0.6750064492225647,0.1050343513488769,-0.0843022018671035,-0.397355705499649,0.590399980545044,0.5439189076423645,-0.5567351579666138,-0.3738408386707306,0.5641293525695801,0.4006197452545166,-0.4300727248191833,2.1328699588775635,2.670738458633423,3.09921669960022,1.7053302526474,1.10988450050354,0.5495154857635498,1.0682108402252195,0.9862380623817444,1.0699225664138794,0.9744030237197876,0.5564471483230591,0.7906917929649353,0.5482636094093323,0.9083458185195924,1.160691499710083,1.0836491584777832,-0.7543177604675293,0.1359227150678634,-0.1504739671945572,0.5348677039146423,0.6331204175949097,0.1687891036272049,0.1057284176349639,-0.0536197386682033,0.2713980078697204,0.2600733041763305,1.7035263776779177,1.4483604431152344,1.1581155061721802,1.0623111724853516,0.8242866396903992,0.4631328582763672,0.7263460755348206,1.0388349294662476,0.644777238368988,0.6120319366455078,0.4261947572231293,0.5343901515007019,0.4943000376224518,0.0051309714637482,0.0011965498656358,0.0217738865159433,0.0079696446162306,26.02404194416327,1,Rekurrensparese,1825,i_n
-256.425537109375,109.54947662353516,11.688504219055176,85.7209701538086,13.698317527770996,23.83998107910156,-19.260671615600582,8.791492462158203,17.167442321777344,3.537074327468872,-3.357074499130249,-7.2311692237854,-5.443254470825195,14.054259300231934,5.941793441772461,9.574971199035645,7.659848213195801,4.826806545257568,6.680348873138428,7.34883451461792,5.604076385498047,4.691430568695068,4.577925205230713,4.9600138664245605,4.103253364562988,4.345818519592285,-0.17876598238945,-0.1421677023172378,-0.1292324811220169,-0.1812776625156402,-0.0498636104166507,-0.002595770638436,0.11322071403265,-0.1049789786338806,-0.0100113665685057,-0.0088858865201473,0.0673514530062675,-0.0064931488595902,0.0558901540935039,1.9838117361068728,1.0541496276855469,1.3309334516525269,0.9633660912513732,0.7115228176116943,0.92389714717865,1.0952543020248413,0.849041223526001,0.6925110220909119,0.7410438060760498,0.7854890823364258,0.6554255485534668,0.6305224299430847,0.334168940782547,0.1915661841630935,-0.0513439886271953,-0.2226360589265823,-0.0735744088888168,-0.0296024810522794,0.1068973541259765,-0.0158072542399168,-0.0286775473505258,-0.0479057990014553,0.0513757392764091,0.0537169128656387,0.0272938590496778,1.3748304843902588,0.7562302947044373,0.6591621041297913,0.8647914528846741,0.4893221259117126,0.5410229563713074,0.7567629814147949,0.4378534853458404,0.3973808288574219,0.5032033920288086,0.4907662272453308,0.5609737634658813,0.4456118643283844,0.0115248482347317,0.0064148492295261,0.0697341552069034,0.0305888781583733,19.895145117814696,1,Rekurrensparese,1826,i_n
-296.47802734375,95.95169067382812,-15.371898651123049,85.7027587890625,29.070301055908203,12.457139015197754,-38.83959579467773,3.005927562713623,21.77809333801269,-27.81993865966797,-0.8946459293365479,-3.5056681632995605,-21.225414276123047,14.441673278808594,10.760052680969238,8.289233207702637,4.896981239318848,3.421834945678711,4.847025871276856,6.572398662567139,3.492055654525757,3.137765884399414,3.5068681240081787,3.634277105331421,2.9355297088623047,4.479011058807373,0.236036792397499,-0.0503881089389324,-0.1144290417432785,0.0735598653554916,0.0365400239825248,0.0240396950393915,-0.0573904886841774,-0.0240493658930063,-0.0094795823097229,-0.0595017150044441,0.00414574239403,-0.0166862607002258,-0.077525645494461,2.2832393646240234,1.5817047357559204,1.1547963619232178,0.781154990196228,0.5125525593757629,0.5770322680473328,0.937995433807373,0.4797772765159607,0.4816561341285705,0.5659380555152893,0.446976751089096,0.4413369297981262,0.5012286305427551,0.5086924433708191,0.3623343706130981,0.1522953808307647,-0.172492116689682,-0.0411017127335071,-0.007922732271254,0.1089413240551948,0.0094939284026622,-0.0298604164272546,0.0351726524531841,0.0049060103483498,0.0062788110226392,-0.0006065751076675,2.00167179107666,1.423413634300232,0.6646819114685059,0.7621986865997314,0.326743334531784,0.4107383489608764,0.5374791026115417,0.3348125219345093,0.3531244397163391,0.3999494910240173,0.3328145742416382,0.3410622775554657,0.3528598248958587,0.0028508039310905,0.0017296795233058,0.0101100218576659,0.0048765810112899,30.569276192277083,1,Rekurrensparese,1829,i_n
-250.28390502929688,127.6126480102539,-21.609922409057617,71.39405822753906,29.48979377746582,64.0147476196289,16.59626007080078,-38.42059326171875,-0.8271363973617554,13.278627395629885,9.646729469299316,-32.64951705932617,-16.636646270751953,19.10331916809082,6.162887573242188,6.25621223449707,11.604650497436523,5.0285234451293945,6.164854526519775,5.771157741546631,5.1175737380981445,4.914552211761475,3.0705432891845703,3.9513344764709473,5.179361820220947,3.9232637882232666,-0.3756828904151916,0.0175817292183637,-0.0030377048533409,-0.1241964772343635,0.0248409491032362,0.1077684760093689,0.0566168129444122,-0.1174879148602485,-0.055854182690382,0.0471622124314308,0.0387594476342201,-0.0305509511381387,-0.0694684460759162,1.2857636213302612,0.7676520943641663,0.7982818484306335,0.7164020538330078,0.6257006525993347,0.5694584846496582,0.6602717638015747,0.6244224309921265,0.5766507983207703,0.4544822871685028,0.5798985362052917,0.6987928152084351,0.4666654765605926,0.1502089649438858,0.1008760333061218,0.088511899113655,-0.0136441281065344,0.0130600333213806,-0.0393909811973571,0.0377954803407192,0.0584081262350082,-0.0065284050069749,-0.0171281546354293,-0.0061718616634607,0.0435344278812408,-0.0048757498152554,0.8564757704734802,0.5816388726234436,0.5559500455856323,0.4216737747192383,0.4372211098670959,0.436525285243988,0.4910681843757629,0.4793259799480438,0.4223639965057373,0.3226605951786041,0.3716701865196228,0.4709405303001404,0.3598138689994812,0.0026381232854558,0.0014352132058094,0.011797557370587,0.0059459194204851,27.45560249313576,1,Rekurrensparese,1830,i_n
-287.2941589355469,99.2685317993164,-77.5521011352539,99.26795196533205,44.589942932128906,11.46823501586914,-39.19076919555664,-6.530399799346924,8.130804061889648,-8.62081241607666,-3.756791591644287,-21.16150283813477,-6.659641265869141,18.67731475830078,10.486275672912598,6.769517421722412,6.856103897094727,6.407008647918701,3.877332925796509,3.575857162475586,4.743430614471436,4.0469183921813965,3.977654695510864,4.537198543548584,4.473392009735107,3.68182897567749,-0.3900166749954223,0.1078506633639335,0.0017146086320281,-0.1138950809836387,0.0924859791994094,-0.0702617987990379,0.0284637212753295,-0.0236108601093292,0.0433810539543628,-0.0325338505208492,0.0310044828802347,0.0389188043773174,0.0012881798902526,2.372486114501953,1.689354419708252,1.242207646369934,1.1288493871688845,1.0079503059387207,0.4169240593910217,0.5806242823600769,0.4547539353370666,0.5525829195976257,0.469368427991867,0.5457568168640137,0.5595504641532898,0.4429915249347687,0.263643354177475,0.2041756212711334,0.2044125348329544,-0.1452884525060653,0.0132335862144827,-0.0094306170940399,0.079823687672615,0.0128497369587421,-0.0101942000910639,0.0014622444286942,-0.0198601763695478,0.0148286698386073,0.0207437127828598,1.334229588508606,1.1848686933517456,0.9594980478286744,0.7332354187965393,0.4886750280857086,0.347390204668045,0.4659135639667511,0.332102507352829,0.3022458851337433,0.3646302819252014,0.3462250530719757,0.3383907377719879,0.2880885899066925,0.0013805083138763,0.0004478682783618,0.0093118884890017,0.0028244138641642,28.93921106580289,1,Rekurrensparese,1831,i_n
-271.9034423828125,148.6014862060547,-67.1010971069336,87.09362030029297,41.80499649047852,46.55097579956055,-13.048711776733398,-18.854944229125977,13.159102439880373,-14.9000883102417,-11.283634185791016,-2.5264875888824463,-3.894989013671875,19.10830879211425,3.685363292694092,9.911596298217772,7.4745869636535645,3.252658128738404,5.719913005828857,2.648801326751709,5.128805160522461,4.7928667068481445,3.780880928039551,2.718055009841919,3.6413960456848153,2.9069042205810547,-0.4532029926776886,-0.1019079759716987,0.1226876676082611,-0.0085845319554209,-0.0271812789142131,0.0068498416803777,-0.1055422723293304,-0.1559768915176391,0.105271466076374,-0.0062947641126811,-0.0008000893867574,-0.0586949959397316,-0.1132622882723808,1.1834397315979004,0.5906796455383301,1.4878365993499756,1.3196290731430054,0.5150455236434937,1.1188397407531738,0.5922116041183472,0.582373321056366,0.4365759789943695,0.6835774779319763,0.5257977247238159,0.5052863955497742,0.3690962195396423,0.2210546433925628,-0.0646141991019249,0.389836311340332,-0.3424640595912933,-0.0310657508671283,-0.2624042928218841,0.0463094934821128,0.1128195449709892,0.0277437344193458,0.0640611946582794,-0.0284625478088855,0.0568901561200618,0.0105518363416194,0.7639190554618835,0.4661633670330047,1.041871428489685,0.9381546974182128,0.3795595467090606,0.7308892011642456,0.2446870356798172,0.5155972838401794,0.27791428565979,0.2984901964664459,0.2958984673023224,0.304446280002594,0.2258316576480865,0.0032964882609907,0.0009776569647788,0.0161174216293152,0.007161854813451,22.316023158868425,1,Rekurrensparese,1832,i_n
-223.0391540527344,87.31690216064453,13.753182411193848,82.3561782836914,6.799678802490234,30.683937072753903,-47.665138244628906,-1.3979743719100952,35.02457427978516,-6.126068115234375,-7.568897724151611,-0.4071757197380066,-15.974570274353027,12.72267723083496,6.6875715255737305,4.284252166748047,7.852113246917725,4.605457782745361,3.595431566238404,7.055181503295898,3.678577184677124,3.844494104385376,3.64566707611084,3.89285945892334,4.172325611114502,4.61802864074707,-0.7703682780265808,-0.2420688271522522,0.2402554303407669,0.4430782794952392,0.1570682525634765,0.1197981163859367,-0.3210745751857757,0.0672200843691825,0.2643988728523254,0.1816312819719314,-0.0152907231822609,-0.1701217144727707,-0.041968535631895,0.9145268201828004,0.8384004831314087,0.5877842307090759,1.4739906787872314,0.8087783455848694,0.606137752532959,1.101468801498413,0.5851834416389465,0.7341581583023071,0.5951934456825256,0.7350794076919556,0.7122409343719482,0.8224902153015137,0.3832347989082336,0.4050404727458954,0.1875504255294799,-0.4474860727787018,-0.2208570539951324,-0.1166000068187713,0.3900727033615112,0.0407431088387966,-0.0928825736045837,-0.0214694794267416,0.0932967215776443,0.056477416306734,0.0817676037549972,1.0873186588287354,0.9736377000808716,0.4885803461074829,1.111541986465454,0.5621837377548218,0.6064634919166565,0.9208775758743286,0.3530665934085846,0.4206165075302124,0.4314824640750885,0.6400851011276245,0.4332739412784576,0.3775522112846374,0.0085160384509369,0.0051430579809293,0.0362702750047458,0.0161735690356251,20.54250600723828,1,Rekurrensparese,1835,i_n
-187.2455902099609,93.97238159179688,-10.98086643218994,98.91958618164062,-5.514915466308594,39.53834533691406,-19.612398147583008,1.1748915910720823,4.512011528015137,-8.180929183959961,-13.457441329956056,-4.141792297363281,-12.851395606994627,17.96412467956543,10.45570945739746,13.611017227172852,13.773682594299316,9.400840759277344,6.975109100341797,3.493247509002685,4.252531051635742,6.289280414581299,4.771462440490723,4.616208076477051,7.083181381225586,5.034848690032959,0.4928574860095978,0.5219948887825012,-0.7778453230857849,-0.5714297294616699,-0.3579789400100708,-0.4322873950004577,-0.001663796021603,-0.2033314555883407,-0.2112047523260116,-0.1518802046775818,0.1614793986082077,0.2629642188549042,0.0846301987767219,2.784050226211548,1.274829626083374,0.7528759241104126,1.3519078493118286,1.1498335599899292,0.5765212774276733,0.5184357762336731,0.5196623206138611,0.61726313829422,0.5284846425056458,0.5665093660354614,1.1156247854232788,0.8711802363395691,-0.4327763020992279,-0.1187466531991958,0.1172595173120498,0.056354995816946,0.1013279855251312,-0.0097965989261865,0.0404316559433937,-0.025446580722928,0.060150321573019,-0.0239091776311397,0.1132940873503685,-0.0582357384264469,-0.0175922345370054,0.9052869081497192,0.5292357206344604,0.5215173363685608,0.5422233939170837,0.4277125895023346,0.3583885133266449,0.4803269803524017,0.5224083065986633,0.4821220636367798,0.3877917230129242,0.4138163924217224,0.495756983757019,0.5612331032752991,0.0192561206307536,0.0096382773937344,0.1389205964252891,0.0617300480791067,10.013970580317489,1,Rekurrensparese,1836,i_n
-278.9466857910156,101.86058044433594,-16.797992706298828,98.26780700683594,16.9346866607666,18.33843231201172,-35.60725021362305,-2.927091598510742,9.548789978027344,-20.96247291564941,-2.3342480659484863,-10.571037292480469,-12.18477725982666,17.529943466186523,6.98578691482544,5.682031631469727,11.04060173034668,4.6283278465271,4.372663021087647,6.058182716369629,3.299774646759033,3.9509103298187256,3.677386283874512,3.706952571868897,3.89514684677124,3.449954032897949,-0.2884624302387237,0.0116414800286293,-5.799806967843324e-05,0.0286420676857233,-0.0149396164342761,0.0564453303813934,0.0073311734013259,0.0057142772711813,0.0458394922316074,0.0545897930860519,0.0912168249487876,-0.059163961559534,-0.0898645371198654,3.360345363616944,1.1224541664123535,0.9551061391830444,1.8497302532196045,0.6081704497337341,0.6789197325706482,1.1062597036361694,0.5259680151939392,0.6628098487854004,0.8133465051651001,0.5936163663864136,0.6407488584518433,0.5013723373413086,0.6796901822090149,0.2238684594631195,0.2230517566204071,-0.3820950984954834,-0.0719366520643234,-0.1003108397126197,0.1703161150217056,0.0329677760601043,-0.0207917653024196,0.0625276193022728,-0.0221323929727077,0.0212584808468818,0.0471911244094371,2.310574769973755,0.9314102530479432,0.8831751942634583,1.436613917350769,0.568176805973053,0.6245235204696655,0.6870788335800171,0.5029520392417908,0.489893764257431,0.5090590715408325,0.4009568393230438,0.4132067561149597,0.4376974403858185,0.0032298518626328,0.0019093603771554,0.0173479850063007,0.0097659229800899,24.130282725720395,1,Rekurrensparese,1863,i_n
-301.86138916015625,145.07435607910156,-24.13294982910156,74.6530990600586,29.170604705810547,24.25615692138672,-12.833477973937988,-29.402633666992188,9.848429679870604,3.083828926086426,-13.03642749786377,-24.98211669921875,-11.161051750183104,23.269187927246094,24.886091232299805,16.09329605102539,13.22861099243164,5.329455375671387,6.681435585021973,4.324635028839111,7.577326774597168,5.352520942687988,3.779245376586914,3.806296586990357,4.514523506164551,6.714752197265625,-0.0887020900845527,0.1723453253507614,0.4290603995323181,-0.4035860896110534,-0.1408580541610717,0.0032952011097222,0.101030133664608,-0.1528227031230926,-0.2105326503515243,-0.0309888906776905,-0.0625054612755775,-0.0170234534889459,-0.0796218961477279,2.864649534225464,2.156895637512207,1.5749424695968628,0.888981819152832,0.9357972741127014,0.7781211137771606,0.8972256779670715,0.6970294117927551,0.5454781651496887,0.6281002759933472,0.5220959186553955,0.6272071599960327,0.5870952010154724,0.3492108285427093,0.1075648218393325,0.141543298959732,-0.1259254068136215,0.0001949456927832,-0.0861060991883277,0.0234405733644962,0.1520916521549224,-0.0094491261988878,-0.0350015237927436,0.0283484868705272,0.0873956680297851,0.0080597717314958,1.6962701082229614,0.9701344966888428,0.5893030166625977,0.6100039482116699,0.4067179560661316,0.4556097388267517,0.3690446615219116,0.6575602889060974,0.2746018171310425,0.5119576454162598,0.2669274508953094,0.4090775847434997,0.2836439907550812,0.0037954943285128,0.001488134691983,0.0272354537514076,0.010508458645853,26.52853496126394,1,Rekurrensparese,1867,i_n
-288.686279296875,117.05115509033205,-39.17326736450195,72.89848327636719,46.98374557495117,25.88614654541016,-30.530029296875,-29.06357383728028,25.61430549621582,-10.12312126159668,-31.74078369140625,-4.073422431945801,-2.896888256072998,14.8054780960083,10.9789400100708,9.859764099121094,11.812576293945312,6.558329582214356,6.824341773986816,5.6633124351501465,6.668901920318604,4.188384532928467,4.938057899475098,3.0748212337493896,4.399530410766602,3.790804862976074,-0.0349296033382415,0.0977971330285072,-0.0548473298549652,0.0211334526538848,0.0467466562986373,0.1129107251763343,-0.0113995829597115,-0.0835965648293495,0.0641063600778579,0.0486268177628517,-0.0354851596057415,-0.0559253692626953,-0.0270899385213851,2.927661180496216,1.5487892627716064,1.6267859935760498,1.468596339225769,1.0070050954818726,0.8753969669342041,0.6507208347320557,0.8413865566253662,0.7465174198150635,0.7000652551651001,0.5080090761184692,0.500082790851593,0.4844305515289306,0.3324898779392242,0.1567084491252899,0.1194101274013519,-0.1403629332780838,0.0214182194322347,-0.0737316980957984,0.0629350617527961,0.0867752805352211,-0.0492906086146831,0.0464979968965053,0.0133652407675981,-0.0032619629055261,-0.0084949610754847,1.7587231397628784,1.073425054550171,1.004580020904541,0.8644967079162598,0.7041207551956177,0.673378586769104,0.4942801296710968,0.5673637986183167,0.4863903224468231,0.4675889015197754,0.3883322775363922,0.3182770311832428,0.3700054585933685,0.0059025990285678,0.0036800507750517,0.0192929453838366,0.0085830651954313,27.226724643350927,1,Rekurrensparese,1892,i_n
-296.9325866699219,82.1370620727539,23.172504425048828,111.4493408203125,-2.790905475616455,16.18524932861328,-25.744274139404297,-14.471979141235352,13.405402183532717,-10.971920013427734,-19.969200134277344,-27.69453811645508,-1.7005150318145752,15.129656791687012,11.724608421325684,5.671630382537842,8.372841835021973,3.482801914215088,6.541349411010742,5.958862781524658,6.724822521209717,5.034512996673584,5.396116256713867,4.210102081298828,3.901734590530396,4.431373119354248,-0.4185743331909179,-0.0194564219564199,-0.1176486387848854,0.01530238147825,-0.0020577164832502,-0.0846284255385398,-0.0838174521923065,-0.1037815734744072,0.1120034754276275,0.0089991055428981,-0.0962459146976471,0.0146795697510242,0.0550678484141826,3.1773743629455566,2.2670886516571045,0.9307252168655396,1.4213860034942627,0.6039530038833618,0.8580467104911804,0.9412876963615416,0.7099601030349731,0.5419521331787109,0.544378399848938,0.7685096263885498,0.6127490401268005,0.7059382796287537,0.4111339747905731,0.344086229801178,0.0363763719797134,-0.2555490136146545,0.0342879630625247,0.0571484640240669,0.169434055685997,0.0754802227020263,-0.0297043435275554,0.0100971814244985,0.0506181493401527,0.0729723125696182,-0.0509942881762981,1.4553507566452026,1.1321702003479004,0.5099945664405823,1.031455159187317,0.4434766769409179,0.6058924794197083,0.699354887008667,0.4296703040599823,0.3230469226837158,0.3472792506217956,0.4528743922710418,0.426311582326889,0.4740328192710876,0.002277089973235,0.0012916635575962,0.0095176176028424,0.0047577953802914,29.98524282147959,1,Rekurrensparese,1901,i_n
-352.8775939941406,129.0874481201172,10.778488159179688,82.19507598876953,42.7665901184082,17.471437454223633,-7.955586910247803,-7.4707489013671875,20.49901008605957,-0.8121875524520874,-20.202184677124023,-11.250149726867676,-1.6566506624221802,35.332916259765625,18.417898178100582,15.707559585571287,11.454561233520508,7.234005451202393,4.843030452728272,3.834206342697144,5.172311305999756,3.639419555664064,3.9347083568573,3.7433807849884033,5.057925701141357,4.021312236785889,0.2873858511447906,0.0943496972322464,0.1572133153676986,-0.1878946274518966,-0.0156903117895126,-0.0508889108896255,0.0259881634265184,-0.030664674937725,-0.0481775291264057,0.0143746612593531,0.0408464781939983,0.0278849191963672,-0.0913056284189224,4.170483589172363,1.627668857574463,1.759859919548035,1.5946048498153689,1.210620403289795,0.8069397807121277,0.6913819313049316,0.7446746826171875,0.6788831949234009,0.6346888542175293,0.604681670665741,0.5944925546646118,0.6078874468803406,0.4095765054225921,0.0717526748776435,-0.014601495116949,-0.1615018099546432,-0.0658807605504989,-0.0053885914385318,0.029633043333888,0.009084440767765,-0.0440721027553081,-0.0010365260532125,0.0268283542245626,0.0182129796594381,-0.0074419630691409,2.3092029094696045,0.8446090817451477,0.8205395340919495,1.0229867696762085,0.769321620464325,0.4474707841873169,0.5454820394515991,0.4474362730979919,0.4265669882297516,0.4047179520130157,0.3177255690097809,0.405044287443161,0.4159287810325622,0.0044490412549374,0.0019760515055344,0.0394205315980672,0.0145500841116444,26.12480608291345,1,Rekurrensparese,1939,i_n
-279.9378967285156,87.45059967041016,-46.824005126953125,90.93938446044922,26.240297317504883,5.956591606140137,-14.213753700256348,-22.842479705810547,13.490008354187012,1.901987910270691,-26.183473587036133,-18.071178436279297,-14.820806503295898,21.699365615844727,10.46602725982666,12.87296199798584,9.730036735534668,5.095999717712402,6.3338623046875,4.197101593017578,4.494273662567139,4.677244663238525,2.9227397441864014,5.185969352722168,7.59390926361084,2.8950958251953125,-0.3092326521873474,-0.0898547619581222,-0.0013862830819562,-0.0146361645311117,-0.1166537180542945,0.0183260906487703,-0.0442028269171714,-0.062380451709032,-0.0313396230340004,-0.0322871692478656,-0.0311566367745399,-0.0763347446918487,-0.008142476901412,3.781619310379028,1.848667025566101,1.7088425159454346,1.5574591159820557,0.6907916069030762,0.7806794047355652,0.6097376346588135,0.6022906303405762,0.8342810869216919,0.5478568077087402,0.7630078792572021,0.5320588946342468,0.5610997080802917,0.6659234762191772,0.2544642686843872,0.3192312717437744,-0.3101981282234192,-0.0756672695279121,0.0531876757740974,-0.0113147441297769,0.0418339483439922,-0.0754408165812492,-0.0170884449034929,0.0554765090346336,-9.446213516639546e-05,0.0377522520720958,2.217332601547241,0.926900029182434,1.3227444887161257,1.187883377075195,0.6498684287071228,0.449089378118515,0.3940482437610626,0.3284355998039245,0.4756352305412292,0.3857339918613434,0.3620714247226715,0.3392764627933502,0.3331212997436523,0.0013305601531898,0.0006180557332885,0.0055394687376601,0.0023193032482546,30.18984998378594,1,Rekurrensparese,1955,i_n
-271.2270812988281,133.40597534179688,-32.49018478393555,80.64024353027344,21.554447174072266,33.14623260498047,-4.236473560333252,-26.29179573059082,11.617454528808594,12.780179023742676,-6.330900192260742,-26.43980598449707,-13.564359664916992,20.68372344970703,6.379438400268555,14.431968688964844,4.185315608978272,4.606334686279297,6.18289041519165,3.8441667556762695,3.566181182861328,2.781134605407715,3.1296756267547607,3.424482822418213,2.3844096660614014,2.996712207794189,-0.2420047968626022,-0.0569574907422065,0.1146350875496864,-0.0480978786945343,-0.0383934453129768,0.0681783556938171,0.0250088069587945,-0.0069459336809813,-0.0114954635500907,-0.0285677351057529,0.0501011423766613,-0.0144462995231151,-0.0327441096305847,1.197566270828247,1.0859254598617554,0.9776370525360109,0.5711915493011475,0.7728378772735596,0.6026444435119629,0.5122233033180237,0.4765501618385315,0.4661685824394226,0.471760481595993,0.471964031457901,0.3764525949954986,0.3982749283313751,0.1273595541715622,0.0758182182908058,0.0666483789682388,-0.004102723672986,0.0065818559378385,-0.0309829991310834,0.0161505471915006,0.0110858706757426,0.0144862541928887,-0.0166406109929084,0.0102017121389508,0.0214517414569854,-0.0010929143754765,0.9655162692070008,0.6974637508392334,0.5631847977638245,0.4172402024269104,0.5262608528137207,0.3860277831554413,0.3370415270328522,0.3282853364944458,0.3600609004497528,0.356784850358963,0.3321937918663025,0.3032581806182861,0.3451814353466034,0.0071954419730758,0.0041777844039396,0.0365819727531662,0.0150222298917563,20.634554354260096,1,Rekurrensparese,1970,i_n
-326.9806213378906,110.86380004882812,-22.75509452819824,82.79930114746094,29.92755889892578,15.023383140563965,-13.932820320129396,-10.85313892364502,22.49226951599121,-0.1722967773675918,-17.294519424438477,-6.08797550201416,-10.067423820495604,19.1050968170166,5.753788471221924,9.35515308380127,8.958033561706543,3.8569469451904297,4.265903472900391,4.836386680603027,4.182706356048584,5.0096964836120605,6.132142066955566,4.326118469238281,5.066070079803467,3.3356895446777344,-0.0310279466211795,0.0513722971081733,0.0628649294376373,-0.0752309635281562,-0.0561578646302223,0.0023180143907666,0.0365459285676479,-0.0300905611366033,-0.065550684928894,0.066846452653408,-0.0077007259242236,-0.081952229142189,-0.004885961767286,3.737531900405884,0.9318718314170836,1.2581835985183716,1.6427758932113647,0.777004599571228,0.6518194079399109,0.6630165576934814,0.483519583940506,0.8023480772972107,0.6341089010238647,0.5885640978813171,0.4313304424285888,0.5864793062210083,0.5839117169380188,0.1148467510938644,0.21824811398983,-0.2897252142429352,-0.076116494834423,-0.0144092123955488,0.0978626608848571,0.0413228087127208,-0.0861306115984916,0.0144298914819955,0.0322516746819019,0.0142695317044854,0.0416187532246112,2.188145637512207,0.7300038933753967,1.0798633098602295,1.1963385343551636,0.5314103960990906,0.4789430201053619,0.5213081240653992,0.3727730214595794,0.5019686222076416,0.368789792060852,0.3982789218425751,0.2841077148914337,0.4085432291030884,0.003174529071971,0.0017770329872983,0.0183121922953333,0.006705860859092,26.95912274511325,1,Rekurrensparese,2002,i_n
-331.63360595703125,156.80276489257812,-27.541597366333008,65.01983642578125,57.14230728149414,39.99613952636719,-3.069958209991455,-7.3384599685668945,0.0205977596342563,-1.7906256914138794,-3.4225313663482666,-26.7297477722168,-20.37412452697754,16.87481117248535,4.613528251647949,9.178021430969238,3.977809429168701,4.639987945556641,4.260058403015137,2.907754421234131,1.9951879978179927,3.5454909801483154,3.270611524581909,2.537626504898072,3.3148739337921143,3.2515528202056885,-0.4880305826663971,0.0433901883661747,0.0896344557404518,-0.0764378234744072,0.098572626709938,-0.0570104978978633,0.0578266121447086,-0.0238769184798002,-0.0708163529634475,-0.0316615812480449,0.0208930261433124,-0.0679796338081359,-0.1400253623723983,1.4155104160308838,0.5268710851669312,0.9847867488861084,0.72541344165802,0.6533548831939697,0.6873694658279419,0.4333071708679199,0.3860978484153747,0.39838907122612,0.5619789361953735,0.4687300324440002,0.4930066764354706,0.4099176228046417,0.234044924378395,0.0641072541475296,0.2116962075233459,-0.0938245579600334,0.005711771082133,-0.0688063949346542,0.0234914906322956,0.0015262147644534,-0.0063418033532798,0.0070510609075427,-0.0237581767141819,0.0446166582405567,0.0171578060835599,0.9875103235244752,0.3242609798908233,0.7375811338424683,0.4563197791576385,0.4618420302867889,0.4365642964839935,0.3435376286506653,0.2257217466831207,0.3004723489284515,0.3642530739307403,0.3301702737808227,0.3393745422363281,0.2783859968185425,0.0013280912281667,0.0005174932892144,0.0075848504140975,0.0029478047417059,34.53799483858598,1,Rekurrensparese,2007,i_n
-302.2784118652344,154.6139678955078,-42.297210693359375,58.45110321044922,62.699520111083984,47.8782844543457,-14.72611141204834,-13.702692031860352,23.66853904724121,-6.469021797180176,-2.2853307723999023,-4.090951919555664,-4.81118106842041,25.59589958190918,5.7877726554870605,5.864015102386475,6.225564002990723,5.797338962554932,5.145813941955566,3.951683521270752,3.914793014526367,2.2580275535583496,2.6365675926208496,2.938671350479126,2.939649820327759,3.3689165115356445,0.2030384987592697,0.0239176154136657,-0.0383073464035987,0.1170527637004852,0.029907202348113,0.0403706543147563,-0.0677450597286224,0.0182935744524002,0.0073802876286208,-0.026503749191761,0.0693002045154571,-0.0113686434924602,0.0301341135054826,1.415824055671692,0.7849095463752747,0.6735268235206604,0.5585556030273438,0.627801775932312,0.5913304686546326,0.3474217355251312,0.4420165121555328,0.3250335454940796,0.3274441063404083,0.3599975109100342,0.3635377585887909,0.3972979784011841,0.0943026021122932,0.0983015969395637,0.0634292513132095,-0.051843985915184,-0.0511783510446548,-0.0457112826406955,0.011720017530024,0.0529934130609035,-0.0009189893025904,0.0048630931414663,0.0026277175638824,-0.0155834490433335,0.0051404349505901,0.841069221496582,0.509835958480835,0.4194142520427704,0.3799332678318023,0.4397135376930237,0.3871399462223053,0.2854386866092682,0.3353506028652191,0.2529614567756653,0.2194815576076507,0.2715053856372833,0.2517998814582824,0.2450180798768997,0.0018081954899271,0.0009227338397418,0.0124063974789837,0.0056388774771053,29.29545033554473,1,Rekurrensparese,2009,i_n
-286.7264404296875,118.33903503417967,-4.047486782073975,100.6120834350586,31.440792083740234,20.634185791015625,-19.614643096923828,3.5933620929718018,18.27833747863769,-2.520900249481201,-5.296703338623047,-2.695582389831543,-9.240102767944336,8.76589298248291,6.889457702636719,6.795427322387695,5.576729774475098,7.449449062347412,8.72821044921875,5.686271667480469,7.919767379760742,3.8224072456359854,3.9253299236297607,5.30039644241333,4.346629619598389,3.187733888626098,-0.0017181697767227,0.0831381231546402,0.1047864556312561,-0.0499995052814483,0.1126294136047363,0.072744183242321,-0.0929158776998519,-0.1112774610519409,0.0742460936307907,-0.0153660355135798,-0.0903638899326324,-0.0131164994090795,-0.0076288250274956,1.4852933883666992,0.8214318156242371,0.9893304109573364,0.7659391164779663,0.7738808393478394,0.7573232054710388,0.7608287930488586,0.8002700209617615,0.716066837310791,0.6316134333610535,0.7119709253311157,0.5997018814086914,0.5108799338340759,0.1605564206838607,0.1443863809108734,0.0801924765110015,-0.1081220135092735,-0.0655102282762527,-0.0070861778222024,0.0926692485809326,0.0074208243750035,-0.0102748405188322,0.0092176301404833,0.0026803992222994,0.0063165612518787,-0.0046778451651334,1.0015623569488523,0.966784119606018,0.6378514170646667,0.6031944155693054,0.5448777675628662,0.4984000623226166,0.5664452910423279,0.5212283730506897,0.4239507019519806,0.4393385052680969,0.4087712168693542,0.4118447601795196,0.3440529704093933,0.0025624228507206,0.0010932507545525,0.0194598238379444,0.0076962742458352,26.44393061172777,1,Rekurrensparese,2014,i_n
-249.04736328125,137.46409606933594,13.176465034484863,94.29511260986328,29.48608016967773,23.81639671325684,-25.750389099121094,-19.69795227050781,17.208532333374023,-15.006513595581056,-20.94784164428711,2.7203032970428467,-18.54330062866211,25.83095932006836,13.291902542114258,13.918731689453123,6.882282733917236,7.018647193908691,5.1193671226501465,5.587384223937988,5.530075550079346,6.098983287811279,5.110487461090088,4.0995259284973145,4.2974348068237305,4.600956916809082,0.3000123202800751,0.0047363000921905,0.0120280785486102,-0.0957722514867782,0.0142941353842616,-0.0012208650587126,-0.0222204998135566,0.0054101296700537,-0.0834925472736358,0.0464939028024673,-0.049695398658514,-0.0749005749821662,-0.021271638572216,3.5127594470977783,1.8455311059951784,1.7917946577072144,1.2382029294967651,0.8796449303627014,0.9147650003433228,0.991139829158783,0.9370484948158264,0.7718960642814636,0.5844841003417969,0.7980868816375732,0.6203946471214294,0.7321856021881104,0.2666335999965668,0.1128080636262893,-0.0880998820066452,-0.198514774441719,-0.0520515665411949,-0.0056962082162499,0.1053757742047309,0.0545474849641323,-0.0251999758183956,0.0025175043847411,0.0319588147103786,-0.0337877459824085,0.0256229154765605,2.29445481300354,1.062517166137695,1.462822675704956,1.0158530473709106,0.8599103093147278,0.6763034462928772,0.6842833161354065,0.6065489649772644,0.5926147699356079,0.4218980371952057,0.4928014576435089,0.5215032696723938,0.5820922255516052,0.04834049477166,0.0246212942142004,0.1203696290780141,0.0517892084673363,10.33969089582544,1,Rekurrensparese,2024,i_n
-310.83599853515625,81.62727355957031,24.21119499206543,93.50975036621094,8.971445083618164,29.480995178222656,-35.10773849487305,-5.823649883270264,26.447412490844727,-11.832573890686035,-21.37044143676757,-12.39439868927002,2.133676528930664,24.887189865112305,9.397220611572266,8.07423210144043,8.696915626525879,4.672024250030518,5.03343391418457,5.952270984649658,3.646811246871948,4.485028266906738,3.908668279647827,3.6189193725585938,3.763355493545532,4.051326274871826,-0.7599796652793884,-0.0290032252669334,0.0995111241936683,0.1160068660974502,-0.0052446429617702,0.0697998404502868,-0.0444481894373893,0.0245379265397787,0.083316333591938,0.0709549561142921,0.0140554858371615,0.0189399886876344,0.1149414330720901,3.654533863067627,1.6477761268615725,0.8925841450691223,1.2760637998580933,0.5211228728294373,0.8530068397521973,0.9771270751953124,0.5698674917221069,0.6911018490791321,0.6183385848999023,0.7065169215202332,0.7349496483802795,0.576120913028717,0.6967820525169373,0.3473820090293884,0.0764898508787155,-0.3401655554771423,-0.0563157200813293,-0.105993203818798,0.1833123564720153,0.0533739700913429,-0.1383020877838134,-0.0154822263866662,0.0670152083039283,0.0162309445440769,-0.0348301120102405,2.182962656021118,1.165710210800171,0.5544731616973877,1.253279447555542,0.4242622256278991,0.5231972336769104,0.8139734268188477,0.4509441256523132,0.5822915434837341,0.4366316497325897,0.5434610247612,0.4473479986190796,0.3699216246604919,0.0034931520229623,0.001961751400975,0.0263183217021463,0.0098724766410731,26.66981756607081,1,Rekurrensparese,2033,i_n
-238.60806274414065,128.65206909179688,-4.939643383026123,97.5968017578125,23.48957633972168,54.00056838989258,-18.603158950805664,-8.9342679977417,2.497709035873413,14.780016899108888,-1.0717381238937378,-17.283000946044922,-1.2897008657455444,19.74881935119629,5.375760555267334,5.329080104827881,8.566228866577148,4.184333801269531,6.641846656799316,4.54574728012085,5.541781902313232,3.840754985809326,4.378976345062256,3.572265863418579,4.032162189483643,3.920313835144043,-0.6457509398460388,0.0110148340463638,-0.0193809270858764,0.1917608231306076,0.0568298138678073,0.1774916052818298,-0.0868283435702323,-0.0414118058979511,0.0534598641097545,0.0826682448387146,0.022403685376048,-0.082303762435913,5.682976188836619e-05,2.1658966541290283,0.7170532941818237,0.5659117698669434,1.5049257278442385,0.566240131855011,0.950247049331665,0.7654478549957275,0.6341843605041504,0.728842556476593,0.5319409370422363,0.5613259077072144,0.7219579815864563,0.6184847354888916,0.2760434448719024,-0.023070752620697,0.0388670302927494,-0.2355492562055587,0.0033961881417781,-0.1437493115663528,0.035335399210453,-0.0106777651235461,0.0284827444702386,-0.011646756902337,0.011207609437406,0.003386499127373,-0.0301740709692239,1.6057714223861694,0.5452458262443542,0.5628097057342529,1.236711502075195,0.5172315239906311,0.7919520735740662,0.5067601799964905,0.5552164912223816,0.464101105928421,0.4624426960945129,0.4613423943519592,0.470051497220993,0.5120530724525452,0.0453157601585712,0.0237815422326667,0.2322706253773372,0.1232861264237459,8.493395159380105,1,Rekurrensparese,2058,i_n
-346.8227233886719,121.3578643798828,23.05784034729004,88.23893737792969,46.12113952636719,25.76914405822754,-5.3414082527160645,6.330917835235596,22.543493270874023,-3.268190622329712,-6.865236282348633,0.7034640908241272,-8.827072143554688,34.91144943237305,4.3931803703308105,4.4655375480651855,9.406932830810549,5.923216342926025,3.339122772216797,5.586504459381104,3.770556688308716,3.2890567779541016,3.4997215270996094,3.3282926082611084,4.038645267486572,3.064727544784546,1.4666224718093872,0.0879429653286933,-0.0427350364625453,-0.072475641965866,-0.1413647085428238,-0.1577009558677673,0.0916327461600303,-0.0321191139519214,-0.0710374340415,0.01972565241158,-0.0247509460896253,-0.0952963978052139,0.0072782034985721,2.8152992725372314,0.578575611114502,0.8805328011512756,1.56514310836792,0.5804503560066223,0.6717476844787598,0.5790444612503052,0.4901461005210876,0.6074789762496948,0.5901148915290833,0.5545092225074768,0.6950095295906067,0.4251735210418701,0.6798796057701111,0.2142662554979324,-0.1335025280714035,-0.5462818741798401,-0.202923446893692,-0.029484000056982,0.173290878534317,0.1042422652244567,-0.019710125401616,0.0308104883879423,-0.0090019758790731,-0.0322193913161754,0.0366463921964168,1.6770811080932615,0.5795133709907532,0.6527270078659058,1.3038949966430664,0.7201662063598633,0.4124665856361389,0.5291597247123718,0.5285511612892151,0.4020420014858246,0.4346698522567749,0.4191418290138244,0.5442255735397339,0.3774647116661072,0.0038194832962299,0.0019774049549973,0.0349507013614646,0.0141461066220648,25.076965497812367,1,Rekurrensparese,2072,i_n
-350.793212890625,94.31663513183594,-4.932101726531982,104.8211898803711,39.76967239379883,3.901367902755737,-4.87418794631958,5.696554183959961,12.987191200256348,-6.018789291381836,-8.398689270019531,-10.290637969970703,1.3065799474716189,24.484729766845703,9.900245666503906,5.855564117431641,11.499159812927246,7.114100456237793,4.205441951751709,3.88039493560791,3.14886736869812,4.129057884216309,3.100296258926392,4.362887859344482,3.7500157356262207,3.4521517753601074,0.2707037627696991,0.0506985373795032,0.0425682663917541,-0.2654470205307007,-0.0734588727355003,0.0071450183168053,0.0292565841227769,-0.0227097179740667,-0.0851254090666771,0.0404391586780548,0.0490916930139064,0.0058640749193727,0.0237531680613756,4.142569541931152,1.6202855110168457,0.7142117023468018,1.9166635274887085,1.1465208530426023,0.6228622198104858,0.6539134979248047,0.5150204300880432,0.7730877995491028,0.5263019800186157,0.6224522590637207,0.6849029660224915,0.5042738318443298,0.6342291235923767,0.1867978423833847,0.1327734440565109,-0.2970868647098541,-0.1553174257278442,0.0202539786696434,0.0670561492443084,0.0326299965381622,-0.0377842523157596,0.0071824062615633,0.0167661905288696,0.0155243081972002,-0.0260118152946233,2.3017337322235107,0.824232280254364,0.6313551068305969,1.1978826522827148,0.7787567973136902,0.3809018731117248,0.4235082566738128,0.3687643408775329,0.3703896999359131,0.3655343055725097,0.3789566159248352,0.3547054231166839,0.3335531949996948,0.0017594024920424,0.0006199791304806,0.0123783829874507,0.0050918180623788,31.976712515363364,1,Rekurrensparese,2073,i_n
-317.6315612792969,125.67041778564452,0.3711435794830322,86.67012023925781,60.143653869628906,29.50165557861328,4.159864902496338,8.28400707244873,14.13629913330078,-12.999484062194824,-3.7953522205352783,1.6227763891220093,-13.419218063354492,12.60393524169922,5.368471622467041,4.441492557525635,6.318967342376709,7.497817516326904,4.832036972045898,4.415595531463623,4.17219877243042,3.7852108478546143,3.76177191734314,3.580170154571533,4.743351459503174,4.719317436218262,-0.2665978372097015,0.0673703178763389,0.0142848528921604,0.1437514424324035,0.1699350923299789,0.0567121505737304,-0.050184216350317,-0.0170121770352125,0.0090941218659281,0.037813015282154,0.015757318586111,-0.0803790763020515,-0.0732565224170684,1.7581928968429563,0.6019176244735718,0.6228161454200745,0.9996370673179626,0.8105222582817078,0.6581056714057922,0.5402141213417053,0.5374464392662048,0.5557945966720581,0.5649901628494263,0.5084760785102844,0.5278903245925903,0.5716294646263123,0.327090173959732,0.0658931657671928,0.0711908787488937,-0.2004031687974929,-0.1176601201295852,-0.0799635872244834,0.0431687720119953,0.0561443120241165,0.0205238554626703,0.0690197497606277,-0.0351649038493633,-0.0095377592369914,0.0267855711281299,1.297049045562744,0.4367264211177826,0.4646155834197998,0.9021322727203368,0.6169992089271545,0.4982973039150238,0.4483881592750549,0.4836373627185821,0.5112499594688416,0.5764620304107666,0.4641165435314178,0.5379718542098999,0.4078272879123688,0.0073011014565618,0.0043118067704475,0.0367985100858948,0.0192734121057185,22.483446086706035,1,Rekurrensparese,2078,i_n
-278.42559814453125,122.0531768798828,-44.38418197631836,64.81787109375,44.160400390625,32.37019348144531,-34.584205627441406,-32.59576416015625,24.1171817779541,-13.996840476989746,-35.783241271972656,-2.1051948070526123,-10.705731391906738,18.37189674377441,7.806950569152832,7.285115242004394,7.007934093475342,4.753307342529297,6.192989349365234,4.460254192352295,6.325323581695557,3.346735000610352,2.591127634048462,3.852190971374512,2.796027183532715,3.77758526802063,-0.1841079294681549,0.0204019825905561,-0.0352629013359546,-0.110095590353012,-0.0428525805473327,-0.0090902242809534,-0.0185321625322103,-0.1199377179145813,-0.022287068888545,0.0139193655923008,-0.0700647830963134,-0.0529938153922557,-0.0720221176743507,2.01927137374878,1.1712316274642944,0.8836623430252075,0.938003420829773,0.6693683862686157,0.7281142473220825,0.7192968726158142,0.5299862623214722,0.5414157509803772,0.4198447465896606,0.6466757655143738,0.4905848503112793,0.5938840508460999,0.3049992322921753,0.1445769071578979,0.133061945438385,-0.124649278819561,-0.0332083143293857,-0.0581135712563991,0.0563166812062263,0.063744306564331,-0.0444126538932323,0.027503203600645,0.0672142133116722,-0.027124160900712,-0.0051670297980308,1.4041959047317505,1.030693531036377,0.7005361914634705,0.7424733638763428,0.3849520981311798,0.4383054673671722,0.4125332534313202,0.4201070070266723,0.4305347502231598,0.2984179854393005,0.4129038453102112,0.29033163189888,0.3479315638542175,0.0023625689864988,0.0012975834903853,0.0166499685101642,0.0090373177427133,25.62015742025357,1,Rekurrensparese,2083,i_n
-333.3162841796875,113.06956481933594,0.7212295532226562,86.72405242919922,42.9175910949707,8.358675003051758,-12.123824119567873,-2.57610821723938,13.24530792236328,-12.363337516784668,-11.867490768432615,-11.668392181396484,-15.74886417388916,24.79002571105957,6.917747497558594,5.064300060272217,8.474275588989258,6.033041954040527,4.174129486083984,4.796425819396973,4.293277263641357,2.9251630306243896,3.289588451385498,3.787610054016113,3.286952018737793,4.114235877990723,-0.3468284904956817,0.0303068123757839,0.0492855720221996,0.1387694776058197,0.0771234333515167,-0.0451681688427925,-0.0950319394469261,-0.0737638026475906,-0.055917851626873,0.0303970277309417,-0.0027305460534989,-0.1035170406103134,-0.0742215514183044,3.8051717281341553,1.117397665977478,0.9193720817565918,1.5238116979599,1.1599175930023191,0.8149803280830383,0.854347825050354,0.6623231172561646,0.517978310585022,0.5423533916473389,0.5185546278953552,0.5279185771942139,0.588528037071228,0.4915452599525451,0.2007580995559692,0.1632816642522812,-0.1374024003744125,-0.0371864847838878,0.0216231737285852,0.0740706622600555,0.0536559112370014,0.0088183423504233,0.1087627783417701,0.0217113848775625,0.0358541123569011,0.0462196916341781,1.8549093008041384,0.8593035340309143,0.72905433177948,0.9416611790657043,0.6107320785522461,0.5329954028129578,0.5077406764030457,0.524898886680603,0.3479188978672027,0.508999228477478,0.3175230920314789,0.3320417702198028,0.4021765291690826,0.0110224741020302,0.0070964762041331,0.0152883864241513,0.0085677824828535,29.081912912494424,1,Rekurrensparese,2086,i_n
-381.2127990722656,145.44021606445312,3.859721183776856,48.840702056884766,76.0093765258789,34.55615234375,-2.312319278717041,3.912883520126343,15.08191204071045,-2.812103748321533,0.7137171626091003,3.539743185043335,-5.817941665649414,34.23345947265625,9.629691123962402,13.99526309967041,5.671066761016846,7.329821109771728,4.99770450592041,6.545538425445557,4.0018157958984375,4.1273040771484375,5.033801078796387,3.730837345123291,3.952725172042847,2.972912311553955,-0.500656008720398,-0.0217030458152294,0.1698488891124725,-0.0934245660901069,0.0366608798503875,0.1636067479848861,0.0777352303266525,-0.1016930341720581,0.0063017699867486,0.0887229591608047,-0.0101898415014147,0.0335287787020206,0.0583571083843708,3.905226469039917,0.9720251560211182,1.3556292057037354,0.9123629331588744,0.8984391689300537,1.058509111404419,0.5637807250022888,0.7918680906295776,0.56849604845047,0.4443568587303161,0.5507615208625793,0.4919695258140564,0.500585675239563,0.4549494087696075,-0.0569957084953784,0.086760014295578,-0.0880279168486595,-0.185382679104805,-0.0264264252036809,0.0476045198738575,0.0222169496119022,-0.0181759074330329,0.046288575977087,-0.0355377309024333,0.0180093683302402,0.0322938822209835,2.040999174118042,0.6633329391479492,1.348645806312561,0.709316074848175,0.8628230690956116,0.6244856119155884,0.461043506860733,0.527615487575531,0.3446603119373321,0.3723756372928619,0.4763723313808441,0.3799365162849426,0.3627154231071472,0.0037170988324715,0.0019843294319172,0.0245880234720457,0.0104357519650582,22.3322125976736,1,Rekurrensparese,2088,i_n
-308.89178466796875,136.1012725830078,-15.540735244750977,64.57245635986328,62.1185417175293,51.028282165527344,-19.769067764282227,-18.09603309631348,28.186988830566406,4.784657955169678,-12.337928771972656,-3.626020908355713,-9.369086265563965,36.79661178588867,11.39786434173584,12.458672523498535,10.854411125183104,9.12997817993164,7.654078483581543,6.400665760040283,4.902984142303467,4.284314632415772,6.406716823577881,4.274847030639648,4.292433261871338,4.765478610992432,-0.6643040180206299,-0.1174488812685012,0.1227796152234077,0.0172764416784048,-0.0606550127267837,0.0181743334978818,0.088247962296009,-0.0006484039477072,0.0087957642972469,-0.0068738143891096,0.0992492586374282,-0.0073160296306014,-0.0018286980921402,4.081291675567627,1.056728720664978,1.2750723361968994,1.6079860925674438,1.6390711069107056,1.4371920824050903,0.8920432925224304,0.8482807278633118,0.7547037601470947,0.6786681413650513,0.638214111328125,0.5739048719406128,0.6338887214660645,0.7857572436332703,0.0693967938423156,0.2181348651647567,-0.2978264987468719,-0.2074716240167617,-0.2043873518705368,0.1511469185352325,0.1141891181468963,-0.1030889153480529,-0.0029113395139575,0.0557014569640159,0.034025989472866,0.0968683212995529,2.4751431941986084,0.6734670400619507,0.8958344459533691,1.0582314729690552,0.7582494616508484,0.6612381935119629,0.5956222414970398,0.492042064666748,0.4802786707878113,0.4647641777992248,0.4587297439575195,0.419790506362915,0.4794427156448364,0.0067790350105619,0.0041531439884007,0.0161384433091249,0.0086004367038341,25.132672384083115,1,Rekurrensparese,2100,i_n
-288.7781982421875,110.41560363769533,-2.8219215869903564,78.19548797607422,37.35746383666992,25.726879119873047,-26.722545623779297,1.3238760232925415,6.007452487945557,-0.4588438868522644,-17.647775650024414,-13.907995223999023,-8.336087226867676,28.00414085388184,9.596857070922852,14.012054443359377,9.725831031799316,5.66722583770752,4.009797096252441,5.192409992218018,4.014752864837647,4.40028190612793,3.125143051147461,3.5955214500427246,4.085844993591309,2.8274600505828857,-0.4866790175437927,-0.1654291003942489,-0.1818204075098037,0.1677015870809555,0.1839790493249893,0.1010162234306335,0.0304185450077056,-0.0086811007931828,0.0710166096687316,0.0166561212390661,-0.0682543739676475,0.0249443557113409,0.0122599489986896,2.207756280899048,1.3331968784332275,1.7589073181152344,1.5549334287643433,0.8381116986274719,0.7465304732322693,1.0059027671813965,0.5892049074172974,0.4549864828586578,0.5542571544647217,0.4221666753292084,0.7429307103157043,0.4482195079326629,0.49420166015625,0.1589929312467575,0.1889278590679168,-0.1739270985126495,-0.1151830404996872,-0.0372326709330081,0.1728520691394806,0.0259438827633857,0.0267548840492963,-0.0273903403431177,0.0380852334201335,-0.0047243386507034,0.0240872949361801,1.8335410356521609,0.7437906861305237,0.7165722846984863,0.6165802478790283,0.5767695903778076,0.4361898303031921,0.6033073663711548,0.4138420522212982,0.3300738334655761,0.3449549973011017,0.339229017496109,0.5104120373725891,0.3411541879177093,0.007771867681871,0.0049125890651544,0.0132934482616456,0.0074953462618995,27.21704427381267,1,Rekurrensparese,2109,i_n
-277.46453857421875,97.02498626708984,-0.5487995743751526,92.87800598144533,-4.947192192077637,10.475089073181152,-19.59108543395996,12.974994659423828,-3.8928062915802,13.032361030578612,-16.984228134155273,-19.32953643798828,19.13716697692871,21.1856746673584,5.637430191040039,6.389711856842041,6.883513450622559,7.709824085235596,4.918853759765625,4.848232746124268,5.113097667694092,5.138043403625488,3.982414722442627,4.0627923011779785,3.40173602104187,3.924969434738159,-0.6056473255157471,0.1880641281604766,0.0978917628526687,-0.306370347738266,0.0983265116810798,-0.0691807940602302,0.0710392221808433,-0.0374894775450229,0.0058317412622272,-0.1230933964252471,0.2226266264915466,-0.053362663835287,0.023312821984291,1.3466428518295288,0.927926540374756,1.0129380226135254,1.169148564338684,1.2874876260757446,0.8448532223701477,0.7753215432167053,0.751764714717865,0.8268289566040039,0.4967628121376037,0.6774666905403137,0.6807323098182678,0.7350018620491028,-0.0198407266288995,0.1618356853723526,0.0533582381904125,-0.0818646550178527,0.0962284952402114,0.163550853729248,0.1217199862003326,-0.0006806850433349,0.0409694276750087,0.0286448746919631,0.0371036157011985,-0.058658804744482,-0.0476621463894844,0.5559946298599243,0.7093175053596497,0.6638104915618896,0.6519174575805664,0.6413121223449707,0.6653094291687012,0.6779876947402954,0.7023815512657166,0.5459697246551514,0.3605243861675262,0.4733604490756988,0.5759442448616028,0.5494269728660583,0.0104446601466484,0.0064586805270095,0.0454297810480293,0.0260418060839227,17.81913432731913,1,Rekurrensparese,2115,i_n
-243.04617309570312,113.00202178955078,-28.441774368286133,94.38262939453124,22.79976463317871,39.180694580078125,-7.881394386291504,-2.899679660797119,16.252559661865234,5.307623386383057,-4.548528671264648,7.571804046630859,-11.811220169067385,25.064350128173828,7.718377590179443,9.432387351989746,9.416011810302734,4.545697212219238,4.9187912940979,6.529154777526856,5.926994323730469,4.124326705932617,4.637215614318848,3.8783907890319824,4.343302249908447,3.021528482437134,-0.960663378238678,0.6320874691009521,0.182596281170845,0.0858734995126724,0.2155171483755111,0.2079406827688217,-0.0023892764002084,-0.3394907414913177,0.1638049036264419,-0.0679734051227569,-0.1365580111742019,0.0254289396107196,-0.0331170260906219,2.476729154586792,1.0137804746627808,1.6202548742294312,1.739328384399414,0.6885297894477844,0.7924938797950745,0.9620574712753296,0.6319398880004883,0.8000604510307312,0.7254727482795715,0.7597761750221252,0.869011402130127,0.4850021004676819,0.6414896845817566,0.2175929248332977,0.5281457304954529,-0.6443930268287659,-0.2149981260299682,-0.2515570819377899,0.2811645865440368,-0.0175395868718624,0.0028316979296505,-0.0189040899276733,0.0575026981532573,0.027443841099739,-0.058662723749876,1.3299658298492432,0.6068161129951477,1.053125262260437,1.3379918336868286,0.645803689956665,0.6098669767379761,0.663969874382019,0.5762137174606323,0.4437254071235657,0.4722171127796173,0.4822462797164917,0.5959198474884033,0.3950180411338806,0.0044695493607763,0.0021676879039989,0.0270892449018719,0.0125628621620746,19.16379571589554,1,Rekurrensparese,2148,i_n
-305.8901062011719,91.9191665649414,-48.42403411865234,90.7340316772461,14.635488510131836,6.984755039215088,-30.06367492675781,-8.86148452758789,18.500986099243164,-24.12944984436035,-22.839618682861328,-12.66817855834961,-9.7021484375,23.55489158630371,15.956628799438477,8.299161911010742,10.562719345092772,5.149895668029785,5.186680316925049,4.789704322814941,3.647256374359131,4.491976261138916,4.015859127044678,2.523928642272949,3.512206077575684,3.7165818214416495,-0.2546512186527252,0.0414782278239727,0.0220684483647346,-0.0290485974401235,0.031278159469366,-0.0074256611987948,-0.0690730810165405,-0.0368997566401958,-0.0731640011072158,-0.0160739161074161,0.0030256800819188,-0.0679616034030914,-0.0304902847856283,3.802475452423096,2.357600450515747,1.498444437980652,1.641909956932068,0.624906599521637,0.7445963025093079,0.6789799928665161,0.5360206365585327,0.5559279322624207,0.5651401877403259,0.3592399656772613,0.5610669851303101,0.5576046705245972,0.7097001075744629,0.2755464613437652,0.2770240306854248,-0.2721503973007202,-0.0211294349282979,-0.0389546267688274,0.097285695374012,0.0615071356296539,-0.0731164813041687,0.0248021557927131,0.0388385020196437,0.0091104777529835,-0.0083498368039727,2.9042322635650635,1.7144644260406494,1.0526574850082395,1.066444754600525,0.4514059722423553,0.4352755546569824,0.4633572399616241,0.3849343359470367,0.3568938374519348,0.2727467119693756,0.2997807562351227,0.3542830944061279,0.3370827436447143,0.003096987214368,0.0015261872728508,0.0119924207915945,0.0058225971517279,27.47575488396248,1,Rekurrensparese,2150,i_n
-255.32264709472656,170.2434844970703,-63.96923065185547,58.304935455322266,45.3399658203125,54.15574645996094,-16.021461486816406,-30.85761833190918,8.563623428344727,1.258131504058838,-3.808743715286255,-19.93777656555176,-5.939751148223877,9.519801139831545,3.0209789276123047,8.392645835876465,5.35869836807251,3.2559807300567627,4.257429599761963,4.187070369720459,4.44523286819458,3.125762462615967,2.851931095123291,3.079075813293457,2.578094959259033,2.0603394508361816,-0.3626138269901275,0.0134937921538949,-0.1103372648358345,0.1580575257539749,0.0823507606983184,0.0334733761847019,0.1144989877939224,-0.0337997749447822,0.0379758551716804,0.1376144587993621,-0.0110133895650506,-0.040277887135744,-0.0048812972381711,1.153212308883667,0.4185767769813537,1.5734745264053345,1.017800211906433,0.6700246334075928,0.7599102854728699,0.619373083114624,0.8649511337280273,0.4931004047393799,0.4419160485267639,0.507951557636261,0.4508568942546844,0.3739342391490936,0.3353537321090698,-0.1113991364836692,0.3429392278194427,-0.1708500385284423,0.0613475926220417,-0.1636189520359039,0.0831606388092041,0.0593293011188507,-0.0316760651767253,0.0808873325586319,-0.0110367238521575,0.1182822808623313,-0.0204607956111431,0.8665364980697632,0.4072007238864898,0.8768839836120605,0.6059670448303223,0.3676261901855469,0.557916522026062,0.4428539872169494,0.4231864809989929,0.2587600350379944,0.2798586189746856,0.3423243463039398,0.4092948734760284,0.3000957071781158,0.0027294337319362,0.0010009379672901,0.0113556067644991,0.0055696804866967,24.6365550007686,1,Rekurrensparese,2152,i_n
-289.5713195800781,109.55451202392578,-8.300128936767578,84.55121612548828,28.685190200805664,21.1446533203125,-10.71140956878662,1.7027010917663574,18.20978736877441,-21.78948974609375,-13.69765853881836,-7.212361812591553,-5.872040271759033,30.663803100585938,12.645773887634276,11.822958946228027,13.433530807495115,4.637205123901367,4.443066596984863,6.793635845184326,4.211081981658936,6.243878364562988,5.65486478805542,3.287096738815308,3.40268874168396,2.9453935623168945,-3.731294870376587,-1.2475868463516235,-1.1924035549163818,1.2569580078125,0.3571189343929291,0.1666493117809295,0.1419730186462402,-0.1195827201008796,-0.2170710563659668,-0.2356756627559662,-0.3171688914299011,-0.0024365505669265,0.0196711774915456,4.829711437225342,1.91378140449524,2.09581995010376,2.065197229385376,0.5615031123161316,1.0468374490737915,1.8126578330993648,1.052670955657959,1.289832592010498,0.6372005343437195,0.1817134320735931,0.6044116020202637,0.670854389667511,3.659420728683472,1.532153844833374,1.2528059482574463,-1.551910638809204,-0.5761074423789978,-0.6173749566078186,0.7876654267311096,0.3520355522632599,-0.0990794077515602,0.7137893438339233,0.2425605654716491,0.2686319947242737,-0.1604682356119156,2.6268515586853027,1.145197868347168,0.7954729795455933,1.7164316177368164,0.4485441148281097,0.3037018477916717,0.6993659734725952,0.3273340165615082,0.7061882019042969,0.97868150472641,0.3056558966636657,0.3594077229499817,0.5095265507698059,0.0030766365781354,0.0017103705654542,0.0244144537444917,0.0102758929338484,26.054886864352262,1,Rekurrensparese,2153,i_n
-326.759033203125,100.74868774414062,-37.82818603515625,97.10933685302734,45.65988540649414,-1.1053838729858398,2.326409816741944,-5.209453582763672,-2.2283871173858643,4.39646053314209,-9.44124698638916,-18.592437744140625,-8.688091278076172,18.219799041748047,9.187254905700684,5.885194301605225,7.96518611907959,6.958037853240967,3.48772406578064,3.612975835800171,3.370281219482422,3.048490285873413,2.2279422283172607,2.414717674255371,3.4713258743286133,3.500293254852295,0.0281426608562469,0.1707053333520889,-0.0008439610246568,0.1131186038255691,0.154859572649002,0.0570224598050117,-0.0440082363784313,-0.0360133610665798,0.0513954721391201,0.0200419053435325,0.0057435971684753,0.0099986800923943,-0.0350961945950984,3.029871702194214,1.6309467554092407,1.1337841749191284,1.5647047758102417,0.9344809055328368,0.5274718403816223,0.6001082062721252,0.5531378388404846,0.4824355244636535,0.364705741405487,0.3366014063358307,0.4443909525871277,0.4825717508792877,0.6406269669532776,0.3124787807464599,0.1951649636030197,-0.3020013868808746,-0.1368037760257721,0.0188870225101709,0.0721765607595443,0.0547590665519237,-0.0064073451794683,-0.0053738984279334,-2.869679883588105e-05,0.0296721085906028,0.0206525232642889,2.181589841842652,1.0749211311340332,0.7930039167404175,1.076085090637207,0.6852041482925415,0.3791037499904632,0.387029618024826,0.3377520442008972,0.2999046742916107,0.2685835659503937,0.2909878194332123,0.2656638920307159,0.3392627537250519,0.0012695190184835,0.0006466735751875,0.0134862136767384,0.0056845718869065,31.329784807119623,1,Rekurrensparese,2155,i_n
-292.7653503417969,116.56523895263672,11.129825592041016,75.41487121582031,37.17940902709961,9.392671585083008,-22.13125801086425,0.7615000009536743,7.592818260192871,-7.959725856781006,-4.640466690063477,-13.080446243286133,0.9411831498146056,24.285245895385746,7.29077672958374,7.079554080963135,9.737122535705566,4.300142765045166,3.966925859451294,6.149220943450928,4.497280120849609,3.551189661026001,3.6016502380371094,3.714793920516968,3.231078624725342,2.357166290283203,-0.5686700344085693,-0.017236603423953,0.1930201053619384,-0.1173323020339012,0.019493157044053,0.0882974863052368,-0.0939505696296691,-0.1708637028932571,-0.009473081678152,0.0832575783133506,-0.1179337874054908,-0.0124784763902425,0.1000523045659065,3.60076904296875,1.2662588357925415,0.7066081762313843,1.7697300910949707,0.7487459182739258,0.6208696365356445,0.9015626907348632,0.6581747531890869,0.573050320148468,0.4961350262165069,0.3989717364311218,0.5512328743934631,0.3377912640571594,1.1225086450576782,0.4307110011577606,0.2097008526325225,-0.5059164762496948,-0.2181186378002166,0.0116925360634922,0.318865567445755,-0.0151743358001112,-0.1776152551174163,0.0676838904619216,-0.0107250092551112,0.0544208921492099,-0.0526309870183467,2.371077060699463,0.9961692094802856,0.6028568148612976,1.1273432970046997,0.622643768787384,0.4460238814353943,0.7957630753517151,0.4180731475353241,0.5941265821456909,0.4859587550163269,0.4094877243041992,0.415798008441925,0.2811672985553741,0.0045738997883765,0.0027664776243317,0.0246494846423654,0.0111505593269829,28.42716908498197,1,Rekurrensparese,2160,i_n
-202.5872039794922,80.04634857177734,-14.301875114440918,103.26412963867188,29.17015838623047,20.119770050048828,7.113018035888672,3.2905712127685547,-11.1024169921875,24.1580810546875,-5.975735664367676,-8.37215518951416,-7.856915473937988,18.348461151123047,10.145026206970217,11.17750644683838,10.451265335083008,10.023136138916016,4.866153240203857,5.596673965454102,10.745729446411133,4.975841522216797,6.550229549407959,10.78232192993164,4.90244722366333,9.524782180786133,-0.2339323759078979,0.4286291003227234,-0.5803738236427307,-0.2841705679893493,0.4686086177825928,0.1565545052289962,-0.3153104484081268,0.396658718585968,-0.0691814050078392,0.1572026461362838,0.4570039510726928,-0.1600687205791473,0.3801413774490356,2.706083059310913,1.3801933526992798,0.8355342745780945,1.7792195081710815,1.2683172225952148,0.7524169087409973,1.0574843883514404,0.8320513963699341,0.9377524256706238,0.7652730941772461,0.9747959971427916,0.7803462743759155,0.887500524520874,0.0698964670300483,0.1823254376649856,0.2503887414932251,-0.4965279102325439,-0.1999925673007965,0.0039633130654692,0.2279129922389984,0.0867631733417511,0.0341131053864955,-0.1048140525817871,0.0383288711309433,0.0493874847888946,0.1271484941244125,1.0958003997802734,0.7143583297729492,0.7368908524513245,1.3098102807998655,1.0410951375961304,0.5966891050338745,0.7298440933227539,0.490166962146759,0.4363819658756256,0.5212749242782593,0.5793861150741577,0.4628881812095642,0.6632951498031616,0.027973269156158,0.014778898370165,0.1704832134927815,0.1031124962647722,9.04486150684468,1,Rekurrensparese,2182,i_n
-351.36590576171875,103.45606231689452,-9.671405792236328,76.45498657226562,42.01950073242188,23.35124015808105,-15.554540634155272,-21.8431339263916,24.511682510375977,-10.40439510345459,-35.89342498779297,-3.973323345184326,1.0609298944473269,26.65305519104004,7.209294319152832,14.976508140563965,8.92762565612793,5.984311580657959,6.634418487548828,6.334182262420654,5.324924945831299,4.743226528167725,4.283231258392334,4.860669136047363,4.218226909637451,3.569060802459717,-0.5235641598701477,-0.0216988269239664,0.1385266184806823,0.1167733892798423,0.0618489012122154,0.0591653101146221,0.1451816111803054,-0.0586231537163257,-0.0250796824693679,0.0758155584335327,-0.0732885375618934,-0.0230914317071437,0.0325133875012397,4.508492946624756,1.249746799468994,1.8544766902923584,1.7362045049667358,0.9327511787414552,1.1596816778182983,0.7992746829986572,0.9045822024345398,0.7132026553153992,0.92168927192688,0.710695207118988,0.7438942193984985,0.6393903493881226,0.6196704506874084,0.1499274373054504,0.1662727147340774,-0.2808596491813659,-0.1277485936880111,-0.0299239046871662,0.0780263245105743,0.0563012398779392,-0.0701189264655113,0.0499020032584667,0.0599123798310756,0.022621652111411,-0.0314705409109592,2.4573144912719727,0.7685860395431519,1.2579346895217896,1.2174031734466553,0.6179836392402649,0.5647352337837219,0.4565520882606506,0.5981261134147644,0.4124992489814758,0.6002560257911682,0.4307778775691986,0.5136709213256836,0.3548767268657684,0.0018634782171351,0.0007697934970445,0.0142577575100009,0.005207831404591,31.32837608044564,1,Rekurrensparese,2190,i_n
-340.5814819335937,169.78463745117188,-31.15659713745117,39.69941329956055,65.17217254638672,51.455108642578125,-1.9748530387878416,-39.490760803222656,16.423871994018555,20.41191673278809,-25.926464080810547,-10.26760196685791,-0.0934773162007331,23.565507888793945,5.353381633758545,11.595455169677734,7.766742706298828,5.261056900024414,5.423728466033936,4.139461517333984,4.848931312561035,3.083636999130249,3.2624287605285645,4.213872909545898,2.474989414215088,2.428107023239136,-0.0411156564950943,-0.08338463306427,0.1164208352565765,-0.0323008932173252,-0.0624910928308963,0.0373095124959945,0.0656189695000648,-0.0390147045254707,-0.0691764876246452,0.0635795667767524,0.0616830624639987,-0.0460630394518375,-0.046082466840744,2.79682731628418,0.7988249659538269,1.6706299781799316,1.1389533281326294,0.6797077059745789,0.8333954215049744,0.6592146158218384,1.0309929847717283,0.4272887110710144,0.4706384539604187,0.671852171421051,0.456652283668518,0.3407386243343353,0.5059666037559509,-0.1328761726617813,0.2193894833326339,-0.1504245847463607,-0.1333980858325958,-0.147355243563652,-0.0826730951666832,0.1564444303512573,-0.0348363928496837,-0.0644560232758522,0.095517948269844,-0.0237659625709056,-0.0433279387652874,1.872429728507996,0.629654049873352,0.9273066520690918,0.712233304977417,0.6219965815544128,0.5975049138069153,0.400905042886734,0.560621440410614,0.2883028090000152,0.324920117855072,0.3990018665790558,0.3151497542858124,0.2599610090255737,0.0060124557143262,0.0017640201606665,0.0165075016953687,0.0065533497386754,22.728775803050983,1,Rekurrensparese,2192,i_n
-249.2394561767578,85.01746368408203,-28.461240768432617,97.14404296875,18.87955474853516,20.937101364135746,-24.039447784423828,-17.176816940307617,17.542634963989258,-1.1397374868392944,-35.17898178100586,-6.651226043701172,3.4524483680725098,14.40751838684082,14.35794734954834,7.378552436828613,11.459988594055176,5.84795618057251,7.0861430168151855,7.187145709991455,5.325698375701904,4.56514835357666,6.336838245391846,5.9100189208984375,3.841212511062622,4.754388332366943,0.0789062082767486,-0.3720259070396423,0.0944940969347953,-0.1074201986193656,-0.2327180802822113,-0.2052531987428665,0.1979526579380035,-0.1717592626810073,-0.1796193122863769,0.1771279722452163,-0.2473984360694885,-0.0262924265116453,-0.1387122720479965,1.964070439338684,2.4149274826049805,1.2643535137176514,1.4542768001556396,0.8668015599250793,0.978970468044281,1.4228321313858032,0.982466995716095,0.5714023113250732,0.8289584517478943,0.9363659620285034,0.8646125793457031,0.7386720180511475,0.6404390931129456,0.6245846748352051,0.3782062232494354,-0.2707842290401459,-0.1771091073751449,-0.0113212326541543,0.0571362450718879,0.1222972646355629,0.0682558789849281,-0.0573437213897705,0.164431482553482,0.0385380499064922,0.0149762155488133,1.6072213649749756,1.3803735971450806,1.017157793045044,0.7778357863426208,0.7545261383056641,0.7513753771781921,0.6372838616371155,0.6287268996238708,0.4770258963108063,0.4375069737434387,0.6265729069709778,0.3778004348278045,0.332663744688034,0.0065785079371935,0.0037444512440175,0.0270925520520784,0.016020525388971,19.33315501812353,1,Rekurrensparese,2216,i_n
-304.1934509277344,98.90211486816406,-16.965572357177734,82.81619262695312,52.50284194946289,-0.3634435534477234,-26.14073371887207,3.822593688964844,32.0084114074707,-22.351417541503903,-18.61986541748047,9.856367111206056,-17.8775577545166,23.27745819091797,8.805660247802734,5.8006439208984375,9.119105339050291,6.22642707824707,3.0904290676116943,5.782664299011231,2.567815065383911,4.195847988128662,4.360284805297852,3.3709723949432373,3.679342746734619,3.763806343078613,-0.371540755033493,0.032199453562498,0.0788171589374542,-0.0971504300832748,0.2016530185937881,0.0145344194024801,-0.1898705512285232,-0.0174850299954414,0.0670789182186126,0.0630269423127174,-0.0423690341413021,-0.0769242718815803,0.064608946442604,3.049891233444214,1.6445146799087524,1.1924279928207395,1.7979024648666382,1.072787165641785,0.5800637006759644,0.9487731456756592,0.4271841049194336,0.7449451684951782,0.8053933382034302,0.5404132008552551,0.6220125555992126,0.6959736943244934,0.8695377111434937,0.296449214220047,0.21907639503479,-0.3528423011302948,-0.2579734623432159,0.0365008078515529,0.181450605392456,0.0107513424009084,-0.2054823637008667,0.0614283420145511,0.0328423120081424,-0.090331844985485,0.1030048206448555,2.6051716804504395,1.0375487804412842,0.7413144111633301,1.054600715637207,0.8824464678764343,0.3575972616672516,0.5427163243293762,0.2826938927173614,0.6101619005203247,0.486367255449295,0.3720542788505554,0.3455428779125213,0.3303932547569275,0.0015105981921755,0.0005821916228973,0.0181861076555199,0.0076163645076888,30.43809754645076,1,Rekurrensparese,2218,i_n
-200.2455596923828,80.6598892211914,-26.736854553222656,101.26898956298828,16.911821365356445,27.13127326965332,-9.394503593444824,23.746788024902344,5.336647987365723,8.757308006286621,2.1797091960906982,-2.402473926544189,-3.794968605041504,19.74685859680176,4.843838691711426,5.048497676849365,4.947985649108887,4.398077011108398,4.390132427215576,4.1450514793396,7.254035949707031,3.1507084369659424,3.974261283874512,4.128088474273682,6.879523754119873,3.853049516677856,-0.5331442356109619,0.1591427773237228,-0.020445792004466,-0.2840147614479065,-0.122375264763832,0.200002521276474,0.1868094652891159,-0.1294394880533218,-0.0450364872813224,0.1030235514044761,0.0828512534499168,-0.0585007928311824,0.101320281624794,1.6950490474700928,0.5325457453727722,0.5991213917732239,0.7974390983581543,0.7065819501876831,0.8700271248817444,0.5072168111801147,0.9542328715324402,0.5216033458709717,0.6049593091011047,0.7282387614250183,0.8590152263641357,0.5191807150840759,-0.0684201568365097,0.1645579785108566,0.0661117434501648,-0.0852252915501594,-0.0719748809933662,-0.1254270821809768,0.044978991150856,-0.0655167698860168,-0.0001903000375023,-0.0294545106589794,0.0077176359482109,-0.1348412334918975,-0.0320494323968887,0.7292769551277161,0.6569652557373047,0.5667074918746948,0.4941810369491577,0.6047446131706238,0.5598869323730469,0.4460378289222717,0.6313403844833374,0.4557791650295257,0.5509011149406433,0.5078376531600952,0.6696676015853882,0.5438588857650757,0.0578183548382043,0.0333387153241916,0.1779001861312644,0.095421454807079,8.404086425423289,1,Rekurrensparese,2235,i_n
-280.8688659667969,115.45011138916016,-4.6173529624938965,91.9122085571289,35.56565856933594,23.215044021606445,-21.52263069152832,2.093409299850464,17.8347110748291,-7.911111354827881,-14.384964942932127,-10.368253707885742,-12.880949020385742,26.929515838623047,5.587332725524902,3.487957715988159,9.288423538208008,5.163971424102783,4.581984996795654,4.160261154174805,4.230260372161865,7.745799541473389,3.6714847087860094,3.844826221466065,3.924180030822754,3.635425567626953,-1.1690492630004885,0.1846543997526168,-0.0083476463332772,-0.4858794510364532,0.1565037220716476,0.1296353787183761,0.0435954071581363,-0.0403266474604606,0.4465488791465759,0.0273645929992198,-0.0251880194991827,0.0029533025808632,-0.0005251824040897,0.827397346496582,0.8053010106086731,0.4591054916381836,0.5133674144744873,0.6531320214271545,0.651708722114563,0.6757586002349854,0.4413251578807831,0.6171087622642517,0.5520684123039246,0.5513387322425842,0.5508962273597717,0.5434280633926392,-0.1530285626649856,0.0247974433004856,0.0347062796354293,-0.1541255563497543,-0.0446525551378726,-0.03245210647583,0.0593805462121963,0.0383951142430305,0.0740049183368682,0.0107676992192864,-0.0130980843678116,-0.0154334912076592,0.0975980013608932,0.7101335525512695,0.6590135097503662,0.3658333420753479,0.5636236667633057,0.5628299117088318,0.4343755543231964,0.4133115708827972,0.4191801846027374,0.6935378313064575,0.5592761635780334,0.4150660634040832,0.4554640054702759,0.660984992980957,0.1126835081599195,0.0549152353553247,0.2624999925048969,0.0935753111723093,4.478711680543967,1,Rekurrensparese,2237,i_n
-262.2436828613281,161.65249633789062,-16.004751205444336,59.519813537597656,35.184452056884766,33.955657958984375,-2.920095443725586,-4.128833770751953,12.763141632080078,-27.305444717407227,-1.3821479082107544,14.216981887817385,-19.683086395263672,20.97624969482422,4.8366875648498535,6.957493305206299,5.980735301971436,3.983919143676758,4.043753147125244,3.279397964477539,4.052717208862305,3.489361524581909,3.66549015045166,3.911262035369873,3.1792733669281006,4.345836162567139,0.671825110912323,-0.0426129773259162,-0.2051103562116623,-0.1466650962829589,0.0166631583124399,-0.004126104991883,0.0179955381900072,-0.0186342094093561,-0.0912496820092201,-0.0185918360948562,0.1003017500042915,-0.0149649493396282,-0.0624544769525527,1.4159806966781616,0.6472674012184143,1.0231400728225708,0.5301933884620667,0.492508977651596,0.6888709664344788,0.4522319436073303,0.4835417866706848,0.5104570388793945,0.5874546766281128,0.5653942227363586,0.4528131186962127,0.5047484040260315,0.1337341666221618,-0.0465060546994209,0.1273432821035385,-0.0508703142404556,-0.0243843290954828,-0.0759389474987983,0.0404913425445556,0.0330141223967075,0.0026616030372679,0.0765932872891426,-0.0100151598453521,-0.0397244170308113,0.0410043224692344,0.7278452515602112,0.4706265926361084,0.6227399110794067,0.375249296426773,0.3760795593261719,0.4087637066841125,0.3420636057853699,0.3705238997936249,0.3017787337303161,0.4342354536056518,0.3318101167678833,0.2872854769229889,0.3140326738357544,0.0038395044355084,0.0022297316475052,0.0166609032502636,0.0078841670741598,25.91841872992008,1,Rekurrensparese,2243,i_n
-361.1328125,89.56000518798828,14.439071655273438,94.9385223388672,11.143864631652832,24.15985870361328,-10.348126411437988,-9.211389541625977,29.040508270263672,-18.018775939941406,-20.66853904724121,-8.542304039001465,1.5395067930221558,26.609813690185547,9.948092460632324,7.102361679077148,11.74217128753662,5.502167701721191,3.1735239028930664,5.897337436676025,4.369540214538574,5.20073127746582,4.768832206726074,4.70250415802002,3.4428083896636963,4.009792804718018,-0.0445908047258853,-0.2238568216562271,-0.0177069380879402,0.3819755613803863,0.0227175652980804,0.098313570022583,0.0826670750975608,-0.0607348941266536,0.0764727964997291,-0.0011148789199069,-0.0435248054563999,0.0264316890388727,-0.0329252630472183,4.969645977020264,1.422167420387268,1.0832680463790894,1.9823027849197388,0.940089225769043,0.5758537650108337,0.6609169244766235,0.6055161356925964,0.8753250241279602,0.8333910703659058,0.9045757055282592,0.5976791381835938,0.6658336520195007,1.2857913970947266,0.4323967099189758,0.0373147837817668,-0.510288655757904,-0.0398967377841472,-0.054697573184967,0.1426336020231247,0.0152731221169233,-0.2546291947364807,0.1818779110908508,0.1671382039785385,0.0817082002758979,-0.0530154965817928,3.3479135036468506,1.3180114030838013,0.529615581035614,1.4515845775604248,0.6107285618782043,0.4045308828353882,0.5021082162857056,0.4423906803131103,0.8129582405090332,0.6204433441162109,0.6643396615982056,0.3545398414134979,0.4288428425788879,0.0027650937116348,0.0015633855375383,0.0173001935208586,0.0091335890460133,28.83550575386582,1,Rekurrensparese,2247,i_n
-280.73193359375,113.43359375,-21.124555587768555,109.45056915283205,57.672401428222656,1.631822109222412,-13.872267723083496,13.754201889038086,16.351932525634766,-18.18050003051757,-10.915596961975098,-6.4911041259765625,-11.15588092803955,19.927112579345703,6.69150447845459,14.156962394714355,10.97064971923828,7.5713114738464355,7.608789443969727,3.5704121589660645,4.897113800048828,4.635144710540772,3.116118907928467,4.277687072753906,4.765122890472412,3.521718740463257,-1.0532159805297852,-0.1103647351264953,-0.0901634246110916,0.4766841828823089,0.2469278573989868,0.3879346549510956,0.0002205657947342,-0.1116102635860443,0.1020998209714889,0.1380694061517715,0.3121987283229828,-0.1753850132226944,-0.0563955418765544,2.9365251064300537,1.0094881057739258,1.980426549911499,2.0232982635498047,0.9038651585578918,0.7347267270088196,0.8021944761276245,0.8708820343017578,0.7903136610984802,0.7068043947219849,0.5414873957633972,0.6113826036453247,0.7543787956237793,0.7530369758605957,0.2731059491634369,-0.0731964632868766,-0.494161307811737,-0.0284718349575996,0.1877007037401199,0.1391966193914413,0.065861776471138,-0.0087764849886298,0.049461655318737,0.1170002669095993,-0.0014839988434687,-0.0802915543317794,2.3570544719696045,0.9220821857452391,0.8854981660842896,1.7657901048660278,0.7664098143577576,0.6172651052474976,0.3611642122268677,0.5255788564682007,0.6723169088363647,0.4067939817905426,0.4972227215766907,0.4655811786651611,0.4495250880718231,0.0075437274241503,0.0033269338757672,0.0209327046900449,0.0088212324438183,21.8106176081203,1,Rekurrensparese,2274,i_n
-335.6392517089844,99.35760498046876,0.2017744332551956,97.85924530029295,19.99944305419922,8.97491455078125,-15.351006507873535,-6.1655354499816895,16.30610466003418,-17.316547393798828,-16.42393684387207,2.127159833908081,-7.252634048461914,11.154423713684082,6.3351731300354,4.515507698059082,6.606988430023193,4.466070652008057,4.387118816375732,4.821681499481201,5.151827335357666,3.684819221496582,3.854215621948242,4.130628108978272,3.443692207336426,3.804214477539064,-0.060400191694498,-0.0454560071229934,0.0060037649236619,-0.0446865484118461,-0.0114749791100621,0.0073661622591316,-0.0694441944360733,-0.077946662902832,0.027039036154747,-0.0552574172616004,-0.069764532148838,0.0155784869566559,0.0140054775401949,1.7137625217437744,1.2432608604431152,0.7754615545272827,1.1329021453857422,0.8339527249336243,0.6791399121284485,0.7799844145774841,0.5519159436225891,0.5751442313194275,0.6336579322814941,0.6595681309700012,0.5827608108520508,0.671135425567627,0.2974481880664825,0.1848275661468505,0.1444732248783111,-0.1586509197950363,-0.0131697440519928,0.0424391292035579,0.0742670968174934,0.0114602595567703,0.0071297930553555,0.0498488023877143,0.0592245385050773,0.0244350954890251,0.0130588561296463,1.1639652252197266,0.7420625686645508,0.6692171096801758,0.7460702061653137,0.5273498892784119,0.4918192625045776,0.4976077973842621,0.460563987493515,0.4599725604057312,0.4788589775562286,0.5421525239944458,0.4177533090114593,0.3875278234481811,0.0036993544367108,0.0021161415567769,0.0191777679030373,0.0104589885938272,26.306879978930645,1,Rekurrensparese,2330,i_n
-331.7650146484375,147.6381378173828,4.150229454040527,76.1375503540039,54.90147018432617,25.24845695495605,-0.2568395137786865,4.164157867431641,3.6292011737823486,-5.908288955688477,-9.786187171936035,2.049249649047852,-5.900670051574707,36.13025665283203,7.483513355255127,9.974151611328123,7.962323188781738,6.4871506690979,8.490922927856445,6.345463275909424,5.486849308013916,5.9099860191345215,4.730925559997559,4.069133758544922,3.772388458251953,3.22317123413086,0.5665314197540283,-0.0164417400956153,-0.1802061349153518,0.0949250012636184,0.0397985652089118,-0.0658347979187965,-0.0511814020574092,0.0195304509252309,-0.0205914787948131,-0.062071394175291,-0.047852374613285,0.016720350831747,-0.0143817793577909,3.37754225730896,0.8211050033569336,1.362932205200195,1.2801324129104614,1.1056448221206665,0.9565234184265136,1.0568894147872925,0.8388195633888245,0.959426760673523,0.6876223683357239,0.6801642179489136,0.6535205841064453,0.6019723415374756,0.4356075227260589,0.003215052653104,0.1332975178956985,-0.1679906398057937,-0.1333989948034286,-0.0490064322948455,-0.0201628301292657,0.0633565112948417,0.0151000972837209,-0.0295077208429574,0.0111074764281511,0.0030912144575268,0.0301922913640737,1.7128453254699707,0.5048040747642517,1.0749515295028689,0.9891988635063172,0.7194539308547974,0.5772491693496704,0.6598657369613647,0.5628844499588013,0.5921286344528198,0.5234947204589844,0.4986296892166137,0.4769121706485748,0.4076376855373382,0.0037467666880786,0.0021226265956413,0.0185816787218906,0.009697805957494,28.70713173114583,1,Rekurrensparese,2341,i_n
-307.0328369140625,126.12445831298828,-4.525661945343018,90.48661041259766,40.57096099853516,25.51643180847168,-5.232378959655762,0.4766569435596466,10.011866569519045,-5.726291179656982,0.4588628113269806,-20.107755661010746,-18.21503257751465,27.74650382995605,5.425077438354492,8.830863952636719,12.979813575744627,6.525040626525879,4.018213272094727,5.390347957611084,4.234699726104736,3.9314215183258057,2.6786997318267822,3.792622566223145,5.978666305541992,5.098939418792725,-0.8765445947647095,-0.1127468794584274,-0.0547730401158332,0.2298852354288101,0.306283175945282,0.0535518564283847,0.0593320243060588,0.1253685802221298,0.1997894346714019,0.1077361926436424,0.1482224017381668,0.1619717180728912,0.1712870001792907,5.126345634460449,0.8501208424568176,1.3916805982589722,2.691340684890747,1.0001078844070437,0.8552548885345459,1.122889757156372,0.7625392079353333,0.4982509613037109,0.4480244517326355,0.6329441070556641,0.8344634175300598,0.7333388328552246,1.746756672859192,0.2458763867616653,0.2933107316493988,-0.7735117673873901,-0.2839363813400268,-0.1969587057828903,0.2583011090755462,0.2130013108253479,-0.0997605770826339,0.0577713809907436,-0.0179138742387294,0.3100732564926147,0.1678689420223236,3.987980604171753,0.7346423268318176,0.7824203372001648,1.597050666809082,0.7603227496147156,0.5288859009742737,0.6770395636558533,0.5436078310012817,0.3832074999809265,0.380374014377594,0.360973984003067,0.8388155698776245,0.654977023601532,0.003120222245467,0.0010406838173079,0.0095564662759475,0.0042417223453114,31.72870639359349,1,Rekurrensparese,2342,i_n
-348.5387878417969,125.17736053466795,11.282069206237791,73.74891662597656,66.97274017333984,44.11416244506836,-6.143385887145996,11.547571182250977,22.106342315673828,-0.1510976999998092,6.681576728820801,-0.8176031112670898,-4.838447093963623,20.114892959594727,8.110520362854004,6.560790061950684,7.104644775390625,7.18460750579834,6.2248077392578125,4.820726871490479,4.396395683288574,4.436807632446289,5.173178672790527,4.089786052703857,3.9920942783355713,4.358635902404785,-0.0283323489129543,-0.0020392735023051,0.1040277630090713,-0.0121804848313331,-0.0479074902832508,0.0323638953268528,0.0411523953080177,-0.0122752115130424,0.0010441936319693,0.0167438797652721,0.0148708811029791,-0.0039563863538205,0.0283289514482021,2.40433406829834,1.1119539737701416,1.1424472332000732,1.1268360614776611,1.2573816776275637,0.9521673321723938,0.7871453166007996,0.6360945701599121,0.7170436382293701,0.6573656797409058,0.6396979093551636,0.6189129948616028,0.7258570790290833,0.2788800597190857,0.066226802766323,0.0355370417237281,-0.1677361577749252,-0.1394197344779968,-0.0696139335632324,0.0752462521195411,0.0103622367605566,-0.0349472127854824,0.0193320233374834,-0.0064221899956464,0.0443186350166797,0.0344934724271297,1.6606428623199463,0.8042277693748474,0.8013756275177002,0.8291429281234741,0.8867703676223755,0.6493676900863647,0.6223925948143005,0.5131159424781799,0.5419607758522034,0.5074387192726135,0.5184742212295532,0.5351840257644653,0.5460055470466614,0.0728181374247522,0.0409807010743485,0.2271651303377061,0.101841313070815,9.062380866654127,1,Rekurrensparese,2346,i_n
-369.5120239257813,105.87355041503906,8.848248481750488,67.91078186035156,48.372806549072266,41.301570892333984,6.133540153503418,-6.096991062164307,25.53645706176757,3.324540376663208,2.2798399925231934,7.075700283050537,-11.43167209625244,19.747447967529297,7.658096313476562,4.507664680480957,7.541416168212891,5.776372909545898,5.519275188446045,3.99106502532959,3.775510787963867,4.805871963500977,4.525859355926514,3.865708589553833,3.99607515335083,4.875558853149414,-0.2023734897375106,-0.0086076604202389,-0.0063074412755668,0.0441582128405571,0.0319965556263923,0.0023388059344142,0.0191435646265745,0.0322411768138408,0.019401567056775,0.0139536969363689,0.0043688509613275,-0.0117553723976016,-0.0840393900871276,3.245450973510742,1.0512917041778564,0.6750287413597107,1.252865195274353,1.0399142503738403,0.8888365626335144,0.5541181564331055,0.5564497113227844,0.8192026615142822,0.6209046840667725,0.6699626445770264,0.6172235012054443,0.6004046201705933,0.5413411855697632,0.1192144975066185,0.0775536373257637,-0.1682838499546051,-0.1285252720117569,-0.1221119314432144,0.0016477315220981,0.0452633649110794,-0.0588330253958702,0.0305003318935632,-0.013411714695394,-0.0419121794402599,0.0316983200609684,2.2615370750427246,0.7538176774978638,0.5601919293403625,0.881335973739624,0.6397051215171814,0.7048403024673462,0.4317601025104522,0.5531012415885925,0.4936394691467285,0.4909707009792328,0.4207103550434112,0.4509658217430115,0.4416342675685882,0.0050706201004558,0.0023217410972451,0.0381456642081521,0.0130471026124021,26.663080441924865,1,Rekurrensparese,2393,i_n
-182.26612854003903,100.03701782226562,-13.746394157409668,77.63890075683594,2.250892639160156,19.20067596435547,-3.7295000553131104,25.037487030029297,-13.70095157623291,2.9377095699310303,-4.597548007965088,-6.565788269042969,2.2818422317504883,15.36815071105957,6.872344970703125,7.234663963317871,7.104227542877197,5.780757904052734,4.091589450836182,4.611539363861084,3.346060037612915,4.780166149139404,4.226139545440674,3.825284242630005,4.310386657714844,4.030694961547852,0.2110815346240997,0.3492563664913177,-0.1080351695418357,-0.3320289552211761,0.2654929459095001,-0.0882446691393852,-0.0575635842978954,0.031232863664627,-0.0882198587059974,-0.3022622168064117,0.1019920110702514,0.1987458318471908,0.1598561853170395,3.0868029594421387,0.7046241760253906,0.8952877521514893,1.0730726718902588,0.6483322978019714,0.5768603682518005,0.7429737448692322,0.4997763633728027,0.8213419914245605,0.7945052981376648,0.7031252384185791,0.8303031325340271,0.6942670941352844,-0.6047211289405823,-0.0297575686126947,0.136252760887146,-0.0652817338705062,0.0041233771480619,0.0752207189798355,0.1069688275456428,-0.0202181804925203,0.1413194239139557,0.0361408777534961,0.0817272886633873,0.1194222196936607,0.0749961584806442,1.2495231628417969,0.4905208945274353,0.4840061366558075,0.5839211940765381,0.534641444683075,0.5743290781974792,0.6676046848297119,0.4866428971290588,0.65665203332901,0.4820508956909179,0.5339314341545105,0.5174286365509033,0.5113022327423096,0.0127606963994125,0.0055669030311189,0.0931010548857517,0.0413453970088435,8.189049197075176,1,Rekurrensparese,2394,i_n
-352.8121032714844,156.88006591796875,23.90254783630371,42.23251724243164,68.88168334960938,31.6892147064209,1.2127065658569336,6.7449727058410645,11.877894401550291,1.7018918991088867,3.4104580879211426,3.616452217102051,-3.7874717712402335,34.802452087402344,4.17925500869751,11.383342742919922,3.2291693687438965,5.885720729827881,4.708656311035156,3.8568649291992174,4.237704753875732,5.033806324005127,3.215224266052246,3.617469787597656,2.7881228923797607,2.2549073696136475,0.0642093271017074,-0.061994232237339,0.1367091536521911,0.0094112958759069,-0.0669054761528968,-0.0342113263905048,0.0452315472066402,0.0104652419686317,-0.0303725190460681,-0.0036263805814087,0.0212224498391151,0.0038103717379271,-0.0406301766633987,2.764806270599365,0.515804648399353,0.8049145936965942,0.5092161297798157,0.930427312850952,0.6033647060394287,0.4897647202014923,0.4890543520450592,0.4640878140926361,0.4375941455364227,0.3647783398628235,0.383411556482315,0.3688578307628631,0.3715383112430572,-0.0887070223689079,-0.0173435099422931,-0.0264094620943069,-0.1463389247655868,-0.0642780661582946,0.0484470538794994,0.0128356739878654,-0.0109406588599085,-0.0025945615489035,-0.0260747354477643,-0.0045077400282025,0.0046554533764719,1.4943596124649048,0.5144280195236206,0.4685329496860504,0.3742046952247619,0.7032610177993774,0.3715490996837616,0.3857024610042572,0.2792860865592956,0.2619590163230896,0.2762889564037323,0.2741706073284149,0.2734341323375702,0.2778127491474151,0.0022750628207411,0.0011160785262441,0.0332286298720384,0.0130509076526805,28.633644341222688,1,Rekurrensparese,2395,i_n
-337.31500244140625,170.8688507080078,-15.67657470703125,50.28594207763672,74.17475128173828,37.04921722412109,-18.571821212768555,-2.532044649124145,15.010560035705566,-0.6182964444160461,-0.9692459106445312,-21.798110961914062,-5.566660404205322,16.596960067749023,12.717305183410645,9.701663970947266,7.641266345977783,6.237918376922607,4.719679355621338,4.311580181121826,7.410867214202881,4.845178604125977,4.1874189376831055,3.0361623764038086,4.218797206878662,4.97884464263916,-0.6252939105033875,0.9310871958732604,0.2193045765161514,-0.3669107556343078,0.1375285685062408,0.2047391235828399,-0.2241002768278122,-0.5033971071243286,-0.113768070936203,-0.1306605637073516,-0.1112329885363578,-0.0452071242034435,-0.1442465931177139,2.118055582046509,1.101759672164917,1.4637818336486816,0.6621754765510559,1.078865647315979,0.576447069644928,0.6252942681312561,0.6023995280265808,0.7862911224365234,0.5193459987640381,0.4582847058773041,0.8204396963119507,0.5523897409439087,0.2672037780284881,0.2083622217178344,0.3549875319004059,-0.179076611995697,-0.1122688651084899,-0.1237950325012207,-0.0187633316963911,0.0954533591866493,0.0815783962607383,0.0252040550112724,0.0316244140267372,0.1436388492584228,-0.0086867939680814,0.6494875550270081,0.8962636590003967,0.9289202094078064,0.6253581643104553,0.3905107975006103,0.5746626853942871,0.3553156554698944,0.3726603984832763,0.345560759305954,0.3044270575046539,0.3263301253318786,0.5328365564346313,0.3584853708744049,0.0043426723126283,0.0017353142073725,0.0121647020044255,0.0051772764356973,30.24467057718985,1,Rekurrensparese,2408,i_n
-299.5172119140625,151.54635620117188,-2.441083669662476,89.7287368774414,45.4109001159668,24.37407875061035,4.51108455657959,2.713658332824707,-3.7532687187194815,-27.7544174194336,16.779279708862305,-5.506565570831299,-29.21080017089844,19.040342330932617,4.904168605804443,9.824252128601074,8.771559715270996,5.133884429931641,5.002281665802002,4.103437900543213,3.281578063964844,3.74459457397461,6.413188457489014,4.477510929107666,5.8862714767456055,6.807617664337158,0.2345080226659774,0.0375993326306343,-0.0383739955723285,-0.1389912366867065,-0.0048156399279832,0.0229247342795133,-0.0443375892937183,-0.0902319103479385,0.006693297997117,-0.0457324981689453,-0.0414120443165302,0.0254340395331382,-0.0454324595630168,2.741248369216919,0.6047974824905396,1.2393358945846558,1.6113789081573486,0.9967569708824158,0.7114213109016418,0.6490281820297241,0.62279212474823,0.5566163063049316,0.8347868919372559,0.60986328125,0.6881717443466187,0.8427244424819946,0.5731274485588074,-0.01621107570827,0.0920875146985054,-0.2415293306112289,-0.1076206639409065,-0.0904135853052139,0.0117326937615871,0.0828886926174163,0.0174253061413764,0.0460898429155349,-0.0511316433548927,0.0572064742445945,0.0251111146062612,2.0772202014923096,0.5014800429344177,0.5499646067619324,0.9449833035469056,0.4469737112522125,0.5741189122200012,0.4928224384784698,0.4616208672523498,0.3535096347332001,0.4393990337848663,0.3637641668319702,0.4680369198322296,0.427497386932373,0.0024082195501755,0.0005888420054264,0.008798768735954,0.0035486659291402,30.594027949335835,1,Rekurrensparese,2414,i_n
-238.8303375244141,127.74235534667967,-8.582480430603027,100.23583221435548,20.202119827270508,50.865867614746094,4.915524482727051,-22.25606155395508,11.64624309539795,20.529630661010746,4.743016719818115,-14.265788078308104,-9.97141170501709,18.06503868103028,6.044205188751221,6.848397254943848,10.553038597106934,3.6999166011810303,7.196637630462647,4.670761585235596,6.256742477416992,3.3483641147613525,4.350989818572998,3.508544683456421,4.512165546417236,4.207385063171387,-1.3683722019195557,0.2180584669113159,0.1151721850037574,0.1228778958320617,0.0124988984316587,0.1521041989326477,0.0949897840619087,-0.1100319027900695,0.0665985718369484,-0.0421173050999641,0.0971670895814895,0.0055124275386333,-0.0123237073421478,2.468485116958618,0.7193083167076111,0.94862699508667,1.9891810417175293,0.4471243321895599,0.8553684949874878,1.0192878246307373,1.04534113407135,0.5481449365615845,0.8509256839752197,0.6244426369667053,0.7756178379058838,0.6974737644195557,0.53452068567276,0.035700250416994,0.246137261390686,-0.5162821412086487,-0.107872799038887,-0.3145806491374969,0.0770011022686958,0.0977638140320777,-0.0071756700053811,-0.0871946439146995,-0.0194018576294183,0.1627200841903686,0.0918554067611694,1.4472306966781616,0.4519904851913452,0.8116130232810974,1.2215040922164917,0.4554700851440429,0.936777889728546,0.3926165997982025,0.4753399491310119,0.4270047545433044,0.4883678555488586,0.3400364518165588,0.6343232989311218,0.6038100123405457,0.0081620732051213,0.0041171654611336,0.0649430185560437,0.0312684777650377,16.7163512782027,1,Rekurrensparese,2418,i_n
-303.7417297363281,108.8232650756836,-27.17290306091309,77.73332977294922,38.48222351074219,7.7729411125183105,-25.76326370239257,-6.118269920349121,15.468935012817385,-14.448241233825684,-11.23712921142578,-20.019243240356445,-9.6198148727417,20.58755111694336,8.294662475585938,10.446664810180664,8.254549980163574,7.361078262329102,5.883533000946045,5.450467109680176,4.588033676147461,4.51761531829834,3.268530368804932,3.5570693016052246,3.885087013244629,3.911110639572144,-0.7560997009277344,0.0102111604064702,0.1113346815109252,-0.1281657069921493,0.0499971136450767,0.0925580859184265,-0.0510081127285957,-0.0270808264613151,0.0762718841433525,-0.025254325941205,-0.0414053425192832,-0.0284021534025669,0.0378025583922863,4.171254634857178,1.572774887084961,1.4930719137191772,1.4701898097991943,0.803635835647583,0.868641197681427,0.7732881903648376,0.87431800365448,0.8198904395103455,0.6616255044937134,0.7248024344444275,0.6500829458236694,0.6306289434432983,0.6243235468864441,0.2283136844635009,0.1924396455287933,-0.2982639670372009,-0.0967704951763153,0.0083895847201347,0.1495712101459503,-0.0065642022527754,-0.0990216359496116,0.0369291380047798,0.0382043421268463,0.1013198941946029,0.0164481420069932,2.09493088722229,1.1552467346191406,0.8258246779441833,1.12692391872406,0.5597697496414185,0.4467340111732483,0.6699760556221008,0.4642626047134399,0.5700482726097107,0.4237294495105743,0.5198425650596619,0.5198157429695129,0.4003293216228485,0.0088217425243015,0.0052951414084661,0.021969897371179,0.0115641270657451,23.684854016548947,1,Rekurrensparese,2430,i_n
-325.8970031738281,142.77220153808594,26.56018829345703,77.29170989990234,62.37459945678711,40.422794342041016,-5.553515911102295,-7.493896007537842,25.5162410736084,16.125391006469727,-8.870804786682129,-8.660343170166016,-3.1623318195343018,16.193775177001953,11.674919128417969,5.995388984680176,8.84857177734375,6.895098209381104,5.15781831741333,6.247867584228516,7.339766025543213,4.097543239593506,3.1268553733825684,3.765302658081055,3.8831534385681152,4.075784683227539,0.0720884799957275,0.0964782238006591,-0.0374559313058853,-0.0487084724009037,0.0783483162522316,-0.0050187408924102,-0.0967309176921844,-0.0372913070023059,0.0021611202973872,-0.0122469887137413,0.0044864560477435,0.0197971723973751,-0.0058469325304031,2.8693113327026367,1.714892864227295,1.0770368576049805,1.3844778537750244,1.1385456323623655,0.7959253787994385,0.873289167881012,0.9244924187660216,0.6680710911750793,0.5596349835395813,0.6170198321342468,0.6465586423873901,0.6617898941040039,0.346029669046402,0.0093996077775955,0.0160762015730142,-0.1382113695144653,-0.1345577090978622,-0.1082556471228599,0.0733012706041336,0.0311227366328239,-0.0492942035198211,-0.0321510098874568,0.0099810790270566,0.0560045875608921,0.0401742830872535,1.7975791692733765,1.0115244388580322,0.713729202747345,0.8943506479263306,0.8220409750938416,0.7085051536560059,0.6364717483520508,0.5781749486923218,0.5665053725242615,0.4407140016555786,0.4878460764884949,0.546427309513092,0.5073310136795044,0.0182934154258431,0.01107106635043,0.1060297790243719,0.058883834649549,18.820962257206627,1,Rekurrensparese,2450,i_n
-350.5863952636719,173.61244201660156,40.798465728759766,45.47311019897461,64.12755584716797,46.80971908569336,2.831837177276612,-13.059324264526367,3.7458534240722656,6.711402416229248,13.896161079406738,-3.6121084690094,-23.47149658203125,18.81919479370117,5.924994945526123,5.437437057495117,4.430385112762451,6.676414012908936,4.8668599128723145,4.833240985870361,5.217087268829346,5.222215175628662,3.866053819656372,3.4788243770599365,3.240976572036743,4.92954158782959,0.160103753209114,-0.1292681843042373,-0.055684920400381,-0.0994249209761619,-0.0878120884299278,-0.0577231235802173,0.0890561789274215,0.0786850526928901,-0.0404894351959228,0.0239869151264429,0.0109064364805817,0.0108699118718504,0.0813872367143631,2.870511531829834,1.027796983718872,0.8447903394699097,0.6341330409049988,1.1668964624404907,0.7091878056526184,0.6474989652633667,0.906428873538971,0.5656602382659912,0.6229559779167175,0.579034149646759,0.4962678253650665,0.5826079249382019,0.6474810838699341,-0.1638796329498291,-0.0428349338471889,-0.0706523060798645,-0.2172708660364151,-0.080715499818325,0.0688073262572288,0.0955397933721542,-0.0249028783291578,-0.0077958446927368,-0.0436547957360744,0.006038452964276,0.1356390118598938,2.2042698860168457,0.618178129196167,0.4399831295013428,0.5046562552452087,0.8150358200073242,0.5493343472480774,0.5247496366500854,0.5254555940628052,0.4787210524082184,0.4668454825878143,0.3860409557819366,0.3808968663215637,0.6340929865837097,0.0718156446792344,0.0479558205328797,0.2830432447583683,0.1889318314194724,8.628997022736154,1,Rekurrensparese,2455,i_n
-260.67401123046875,100.04035949707033,-18.916316986083984,93.99193572998048,21.58731460571289,34.857765197753906,-13.274276733398438,-21.39152336120605,19.199323654174805,0.2706833183765411,-13.788522720336914,-16.109935760498047,-2.2541096210479736,18.79872703552246,9.493536949157717,10.409725189208984,12.432238578796388,4.287998199462891,7.814760208129883,5.695774555206299,7.94085168838501,4.231677055358887,4.01473331451416,3.232196807861328,4.453922748565674,5.584216594696045,-0.5498730540275574,-0.062665082514286,0.142235666513443,0.3077985346317291,-0.1801326870918274,0.4325176477432251,-0.3137208223342895,-0.3223093152046203,0.1228611394762992,-0.057975273579359,-0.1224606782197952,-0.2757149040699005,0.0304515734314918,3.331822156906128,1.962149858474732,2.162780284881592,2.785291910171509,0.7395591735839844,0.9245766401290894,1.0527126789093018,0.9729182124137878,0.6134581565856934,0.6310788989067078,0.7005062699317932,0.5692529082298279,0.873831570148468,0.8751097321510315,0.4147132039070129,0.3912949860095978,-0.6179208159446716,-0.189671441912651,-0.1139880940318107,0.2529035806655884,0.147057443857193,-0.178530067205429,-0.0235319640487432,0.0716063976287841,0.1187407448887825,-0.0014122211141511,2.5973830223083496,0.862331748008728,0.7077515721321106,1.5097267627716064,0.5926750898361206,0.5161953568458557,0.6690849661827087,0.3891474902629852,0.7206517457962036,0.4035152792930603,0.3930339813232422,0.3799488544464111,0.4122129082679748,0.0031299028597774,0.0014995912350658,0.0236605468505317,0.0121066558738741,26.359394359158014,1,Rekurrensparese,2460,i_n
-245.1734313964844,122.17888641357422,10.912824630737305,105.31109619140624,48.571807861328125,28.162059783935547,-22.6765193939209,5.077142715454102,15.03904914855957,-5.064456939697266,-14.533973693847656,-6.303516387939453,-16.18914222717285,18.852140426635746,13.141066551208496,8.09328842163086,12.272103309631348,6.1781744956970215,5.356262683868408,6.286372661590576,5.106423377990723,4.420776844024658,6.275292873382568,5.93463945388794,4.247581958770752,4.691469669342041,-0.1416256725788116,-0.1382839083671569,-0.0382908731698989,-0.0605824068188667,-0.0607675947248935,0.020798310637474,-0.1181765124201774,0.108563981950283,0.0744466930627822,0.0620366297662258,0.0675220116972923,0.0348177626729011,0.0532926656305789,3.7455861568450928,1.543014407157898,1.3653043508529663,2.5749757289886475,1.1408193111419678,0.8872905373573303,1.0470927953720093,0.7316926121711731,0.683721661567688,0.7857275009155273,0.611447274684906,0.6356556415557861,0.7010634541511536,0.5585846900939941,-0.0083810994401574,0.1234541535377502,-0.4602015912532806,-0.1462649405002594,0.0186049994081258,0.1893011927604675,0.0178460944443941,-0.0166844576597213,0.0523637644946575,0.0175384655594825,0.0593807436525821,0.0610081255435943,2.27066707611084,0.947680413722992,1.0190900564193726,1.5428091287612915,0.6978141069412231,0.6359120011329651,0.6858044862747192,0.4729547500610351,0.5118168592453003,0.4856318831443786,0.5285630226135254,0.4387817680835724,0.4571090340614319,0.058628586214976,0.0307459572147904,0.0953109613281736,0.0374767656249004,10.305936392942426,1,Rekurrensparese,2464,i_n
-235.23974609375,111.43960571289062,-11.999187469482422,61.91565704345703,47.82572937011719,13.5021333694458,-33.45699691772461,-11.128121376037598,19.571239471435547,0.932770311832428,-14.139291763305664,-20.02553939819336,-10.259350776672363,18.640649795532227,7.0648393630981445,4.337952136993408,6.993162155151367,5.741815567016602,3.5964505672454834,4.694021224975586,3.4191510677337646,2.9007725715637207,3.345452308654785,3.226735591888428,4.449551105499268,3.2755959033966064,-0.7701289057731628,0.0065966858528554,0.02064760774374,0.3006337285041809,0.2632659375667572,0.0993434116244316,-0.1047803834080696,-0.007628901861608,0.0493847094476223,0.0153215564787387,0.0334602780640125,0.0700185149908065,0.0029862625524401,3.2336463928222656,1.3002365827560425,0.8118877410888672,1.282472014427185,0.6893452405929565,0.5429227948188782,0.7826599478721619,0.626976490020752,0.4550302624702453,0.4396497011184692,0.4330057501792907,0.6466585993766785,0.5886356830596924,0.8619787693023682,0.3741029500961303,0.1937219202518463,-0.2956877648830414,-0.154132679104805,-0.0208439342677593,0.1989661753177642,0.0736959427595138,-0.0857997611165046,-0.0180684309452772,-0.022157147526741,0.0847300812602043,0.0642802342772483,2.4064831733703613,0.971737265586853,0.5929054021835327,1.001966118812561,0.6644127368927002,0.3728338181972503,0.6373199224472046,0.3614332675933838,0.4224763214588165,0.3849842846393585,0.3439207673072815,0.4176071286201477,0.3918263912200928,0.0025693446292114,0.0014501954955856,0.0132490127611802,0.0070683974217552,28.26125450733576,1,Rekurrensparese,2465,i_n
-302.01531982421875,87.54170227050781,-37.540184020996094,76.74969482421875,25.695512771606445,2.8351287841796875,-21.519704818725582,-27.52018547058105,13.279776573181152,-26.197694778442383,-35.80235290527344,-15.411356925964355,-20.2375602722168,19.37969970703125,12.428394317626951,7.864100933074951,13.13426399230957,3.632885456085205,3.3073718547821045,5.841117858886719,5.239739418029785,2.6320903301239014,3.603217840194702,4.943087577819824,2.765496253967285,2.5145366191864014,-0.1531696319580078,-0.0710984021425247,-0.1199444308876991,-0.0919719710946083,-0.0284758023917675,-0.0166941359639167,-0.098437987267971,-0.0293920952826738,0.0175971016287803,-0.0590222626924514,-0.0362027809023857,0.0359984077513217,0.0164296980947256,3.2508749961853027,2.042919635772705,1.524001955986023,1.759297490119934,0.622684895992279,0.5369244813919067,0.5927810072898865,0.8204593062400818,0.415760189294815,0.5835276246070862,0.5995700359344482,0.4940097630023956,0.5054248571395874,0.8146435022354126,0.4355471432209015,0.2801907062530517,-0.3242187798023224,-0.0616059228777885,0.0395132489502429,0.0747365057468414,0.1351969242095947,-0.0517641380429267,0.1096921414136886,0.1349097043275833,0.0750914141535759,0.0888565331697464,2.8585987091064453,1.6053786277770996,0.98924720287323,1.0165396928787231,0.5409938097000122,0.4134888052940368,0.3949047923088074,0.5926725268363953,0.3587451875209808,0.5445392727851868,0.6089086532592773,0.3842901289463043,0.3595814406871795,0.0014391899803057,0.0006479846831425,0.0059606263059156,0.0027584752566421,33.11060808918423,1,Rekurrensparese,2469,i_n
-336.9623718261719,104.94845581054688,-53.93025588989258,96.15298461914062,65.31444549560547,-1.2681195735931396,-9.282564163208008,-9.760432243347168,11.925334930419922,-10.098933219909668,-26.690860748291016,-13.243289947509766,-11.16491985321045,28.344629287719727,9.29839038848877,10.116554260253906,11.160398483276367,8.212475776672363,2.900134325027466,3.817672967910767,4.606433868408203,2.8841145038604736,3.640959262847901,3.0418694019317627,2.7616078853607178,2.5924363136291504,-0.8353046774864197,0.109711080789566,-0.0552551224827766,0.1232673898339271,0.2593370676040649,0.0685134530067443,-0.0071921730414032,0.0187292899936437,0.0853490233421325,0.0977788642048835,-0.0281975921243429,-0.1218643337488174,-0.0377345569431781,4.36610746383667,1.6097415685653689,1.5411906242370603,1.983454942703247,1.409468650817871,0.4412401020526886,0.6573840379714966,0.747023344039917,0.4376610517501831,0.3938705325126648,0.4645863473415375,0.5652657747268677,0.337617427110672,0.8172902464866638,0.181312620639801,0.3281602263450622,-0.2887900471687317,-0.2021341025829315,0.0122497724369168,0.0451998226344585,0.1048412472009658,-0.0131978308781981,0.0214009713381528,0.062782883644104,0.0354594439268112,0.0271069966256618,2.789865493774414,0.7944080233573914,1.168102502822876,1.2784373760223389,0.8844303488731384,0.3392561972141266,0.3695439100265503,0.5047178268432617,0.2591438591480255,0.2919321060180664,0.3638228476047516,0.2744934856891632,0.28285813331604,0.0013347846045834,0.0005346239305048,0.0069144216123625,0.0031709240116016,33.784652472223485,1,Rekurrensparese,2476,i_n
-337.7344665527344,88.45662689208984,-11.75774383544922,103.63385772705078,34.44643783569336,17.012968063354492,-21.32293701171875,-18.4929141998291,9.450424194335938,-5.128284931182861,-22.645835876464844,-24.158037185668945,-12.300933837890623,17.599407196044922,18.65254020690918,9.44394874572754,10.200182914733888,8.324692726135254,6.125674247741699,7.057442665100098,7.164997577667236,4.080149173736572,4.811840057373047,4.71215295791626,5.132382392883301,6.00729513168335,-0.3524248600006103,-0.2449076622724533,0.0556700080633163,-0.2040870934724807,0.1809554249048233,0.1304596811532974,0.1065301299095153,-0.038935225456953,-0.0029555994551628,0.0371219031512737,-0.0558784939348697,-0.0586932003498077,-0.0647786632180213,2.099189043045044,3.0173232555389404,1.5875256061553955,1.3932602405548096,0.9721056222915648,0.9392099976539612,0.9749666452407836,1.0869368314743042,0.650860071182251,0.8208319544792175,0.6008327007293701,0.6689754128456116,0.6327876448631287,0.4001303613185882,0.2386383861303329,0.136378526687622,-0.1908536553382873,-0.0530553869903087,-0.0031944315414875,0.1143689677119255,0.1209276691079139,-0.0332823954522609,-0.0565323419868946,0.1068141832947731,0.1162946447730064,0.0839384421706199,1.785081148147583,1.0439608097076416,0.7477197647094727,1.0893465280532837,0.6041726469993591,0.5219552516937256,0.6569907665252686,0.590705931186676,0.3549622297286987,0.445789486169815,0.4763612151145935,0.509314239025116,0.4610159993171692,0.0037512236812312,0.0019344104573223,0.0260632610371161,0.0154414569076237,30.49971016532249,1,Rekurrensparese,2491,i_n
-341.7392578125,120.59320068359376,20.13254737854004,71.93375396728516,22.905033111572266,26.48743057250977,-5.882875919342041,-16.855892181396484,16.51238441467285,2.6514594554901123,-14.474620819091797,-26.78169250488281,-8.393463134765625,26.861474990844727,8.180582046508789,9.237933158874512,7.806729793548584,4.937607288360596,4.759791374206543,4.811629295349121,5.564596176147461,4.877492427825928,5.073219299316406,3.3264992237091064,5.29559326171875,5.805125713348389,-0.1998865753412246,-0.0668133199214935,-0.0255268923938274,0.0087680891156196,0.0563444830477237,0.1514770835638046,-0.120329700410366,-0.0682193636894226,0.1270170658826828,0.0094090839847922,0.0219194013625383,-0.097955472767353,-0.0725014954805374,3.8285608291625977,1.2257808446884155,1.4316242933273315,1.5585719347000122,0.658810019493103,0.8546457886695862,0.8672475218772888,0.6805107593536377,0.6732394695281982,0.6621145009994507,0.5716964602470398,0.9090401530265808,0.7986578345298767,0.7709308862686157,0.1386038661003112,0.1236432716250419,-0.2447015345096588,-0.0530852377414703,-0.0938739776611328,0.1003881022334098,0.1142945811152458,-0.0943237990140914,-0.0209970008581876,0.0608767308294773,0.0850646942853927,-0.0144499512389302,2.591156005859375,0.8404422998428345,0.7605446577072144,0.8186736106872559,0.4002292454242706,0.5421113967895508,0.6704561710357666,0.5901996493339539,0.6067132353782654,0.4099905490875244,0.4525750279426574,0.4389118552207947,0.5016115307807922,0.00774263586969,0.0041369009006696,0.0209108047559516,0.0089201987460035,27.444815685124954,1,Rekurrensparese,2493,i_n
-232.88487243652344,129.5330352783203,-4.461158752441406,81.55615997314453,32.57538604736328,32.72651672363281,-13.626593589782717,1.147033452987671,28.364347457885746,-11.695856094360352,-10.26476001739502,-4.759694576263428,-15.673995971679688,17.375516891479492,5.081706523895264,5.84118127822876,6.203226089477539,5.537464141845703,4.232419490814209,4.25703239440918,4.037310600280762,3.608339786529541,4.195072174072266,3.4641711711883545,3.747639417648315,4.243780612945557,-1.4131131172180176,-0.2259939759969711,0.0283729434013366,0.1802751123905182,0.1540843695402145,-0.0263809841126203,0.0227897651493549,-0.035969965159893,0.0448247045278549,-0.0063320444896817,0.0602835528552532,0.0290145259350538,0.0560484901070594,1.8033603429794312,0.6486835479736328,0.9055259227752686,1.253280758857727,0.8272813558578491,0.6223618984222412,0.7585495710372925,0.5890930891036987,0.6269364356994629,0.6318919062614441,0.6722947359085083,0.6773055791854858,0.7560164928436279,0.1012460365891456,0.1656920462846756,0.1670196503400802,-0.2484712302684784,-0.0340850725769996,-0.0292887892574071,0.0740284770727157,-0.0667547732591629,0.0101346652954816,0.1210932731628418,0.0926508978009224,0.0027571280952543,0.1061658784747123,0.8743559122085571,0.6933642029762268,0.6170070171356201,0.918904185295105,0.6555909514427185,0.4671851396560669,0.4581246972084045,0.5069596171379089,0.5466257929801941,0.4748907387256622,0.545669674873352,0.4348742663860321,0.4822983741760254,0.0090407810332937,0.005277893205551,0.0651464664160656,0.0363492842641079,19.58709169317084,1,Rekurrensparese,2496,i_n
-356.7626037597656,104.9974365234375,5.370363712310791,78.83524322509766,47.71967697143555,31.88041877746582,-4.496692180633545,-17.571979522705078,20.461864471435547,4.853977203369141,-12.724928855895996,-19.43028259277344,-14.873332023620604,20.611167907714844,8.03897762298584,6.174746513366699,7.15475606918335,5.667636394500732,5.596535682678223,5.023889541625977,4.223280906677246,3.306800842285156,2.8054070472717285,4.137183666229248,3.80544638633728,3.4610366821289062,-0.5702204704284668,-0.0564180053770542,0.0112279867753386,0.1356719881296157,0.0237731654196977,0.0571466237306594,0.0634762868285179,-0.0377341993153095,0.0033643445931375,-0.0126548903062939,-0.0308523457497358,-0.0439412146806716,0.003886196995154,3.2865753173828125,1.274923324584961,1.0773249864578247,1.404951095581055,1.0146403312683103,0.7348564267158508,0.8277122974395752,0.7982606887817383,0.5673407316207886,0.5190404057502747,0.6642431616783142,0.6156785488128662,0.526517927646637,0.5413835644721985,0.1593436300754547,0.0582790188491344,-0.1709511280059814,-0.1105801314115524,-0.0674595609307289,0.0682554244995117,0.0841352418065071,-0.0302964057773351,-0.014308906160295,0.0109956767410039,0.0608355440199375,0.0447873622179031,2.3512215614318848,0.8392544388771057,0.4486186504364013,0.9515156745910645,0.6210684180259705,0.5267305374145508,0.5765109658241272,0.5457530617713928,0.4342244565486908,0.3411609232425689,0.3974556922912597,0.4301055669784546,0.3703910112380981,0.0020618206136159,0.0007820067954888,0.0109139401328399,0.0039377377659597,35.130270013749936,1,Rekurrensparese,2501,i_n
-222.943603515625,117.42767333984376,-35.00177764892578,80.72160339355469,34.82936096191406,18.685279846191406,-15.680553436279297,8.770078659057617,12.89095401763916,13.16248893737793,-10.573247909545898,-9.577547073364258,-3.0398221015930176,8.4539155960083,4.7771525382995605,6.762901782989502,5.433103561401367,4.925215721130371,4.311821460723877,5.161777973175049,4.104382514953613,4.208353519439697,5.071495532989502,4.90330696105957,3.300555944442749,3.906982660293579,-0.289436936378479,0.1193207874894142,-0.1581029891967773,0.1450235843658447,-0.1244086474180221,-0.0706422477960586,-0.1340442895889282,-0.0042685708031058,0.1148491948843002,0.0595118440687656,0.0522972345352172,0.1482924520969391,0.1237105727195739,1.0829157829284668,0.8069331049919128,0.6717238426208496,1.0712953805923462,0.5484365820884705,0.6662423610687256,0.9748935699462892,0.8064562678337097,0.6543418765068054,1.0962454080581665,0.9935500025749208,0.6303977370262146,0.7695118188858032,0.0308105554431676,0.1134713515639305,0.1319716423749923,-0.0887929946184158,0.1038322448730468,-0.0212085023522377,-0.0058015435934066,-0.0890517309308052,-0.0604812428355217,-0.1563339531421661,-0.0192405730485916,0.011811314150691,0.0090904682874679,0.4916019737720489,0.4849928021430969,0.4908452033996582,0.416130930185318,0.4105370938777923,0.591992199420929,0.8038846254348755,0.717138409614563,0.5039834380149841,0.6251863837242126,0.6137813925743103,0.4257553219795227,0.5887901782989502,0.0219889498826213,0.0119891095253994,0.1177004879126321,0.05094237156385,11.001883077205056,1,Rekurrensparese,2507,i_n
-301.35107421875,155.6436309814453,11.267961502075195,64.1434326171875,55.26789093017578,26.90857696533203,-12.55381965637207,1.355892300605774,17.73090934753418,-13.208641052246094,-23.661142349243164,-5.319954872131348,-7.597103118896484,8.603873252868652,4.244921684265137,4.029059410095215,3.3603503704071045,3.388312816619873,3.3460943698883057,2.4919440746307373,3.65216326713562,3.409985303878784,4.096290588378906,3.438793659210205,3.976187705993652,3.10486364364624,0.287630170583725,-0.1327389925718307,-0.0133826974779367,-0.076543390750885,-0.0842840895056724,-0.0404930859804153,0.0478871390223503,0.0048678792081773,-0.0610390454530715,-0.0174733027815818,0.0042830202728509,0.0228204764425754,-0.0226431991904974,1.566666603088379,0.6702182292938232,0.5894025564193726,0.6822850108146667,0.5541948676109314,0.4809155166149139,0.4731403589248657,0.7287538647651672,0.5343221426010132,0.6053373217582703,0.5904054641723633,0.5123906135559082,0.5092657208442688,0.1805579215288162,0.0634690150618553,0.1223080456256866,-0.0446253642439842,-0.0994811281561851,-0.0775796696543693,0.0510422252118587,0.0581431798636913,-0.0153482276946306,-0.0207830034196376,0.0398310981690883,0.0543498843908309,0.0719857290387153,1.0269871950149536,0.5077983736991882,0.6210732460021973,0.3888446390628814,0.5213304758071899,0.4277375340461731,0.3234672546386719,0.4863840639591217,0.3802929818630218,0.384518027305603,0.4239929020404815,0.3976420760154724,0.4704892933368683,0.0025845244202943,0.0011321418214792,0.0141380659882211,0.0071365007319653,30.265867568007472,1,Rekurrensparese,2508,i_n
-348.61993408203125,91.40798950195312,-0.1274005025625229,83.26211547851562,24.058305740356445,22.63718032836914,-1.7822004556655884,-4.1109619140625,22.505447387695312,-7.834498405456543,-18.050722122192383,5.476879596710205,-6.185737609863281,20.937763214111328,8.167808532714844,8.178921699523926,8.124980926513672,6.941932201385498,4.230007648468018,4.783291816711426,5.030179500579834,3.658205270767212,4.3194098472595215,5.4476165771484375,3.6519854068756095,3.867122173309326,-0.6200251579284668,-0.0404887162148952,-0.0793187618255615,0.0153685333207249,0.1029739081859588,-0.0483129397034645,-0.0079804342240095,-0.0388883501291275,0.0490554347634315,0.0355861596763134,-0.0311028119176626,0.0360803715884685,-0.0341375693678855,3.56498384475708,1.4124886989593506,1.164668321609497,1.4135075807571411,0.6531394124031067,0.6060376167297363,0.7143265008926392,0.5787068605422974,0.4892056882381439,0.6807344555854797,0.7209001779556274,0.6240568161010742,0.593845009803772,0.7171265482902527,0.2857860028743744,0.0713527575135231,-0.2860333323478699,-0.013700389303267,-0.0452149510383605,0.0809370651841163,0.012375172227621,-0.0728740394115448,0.064380757510662,0.082434169948101,-0.0078375842422246,-0.0424131415784359,2.372178077697754,1.0757838487625122,0.6540292501449585,1.2006347179412842,0.5458446741104126,0.4799205958843231,0.5793035626411438,0.4172550439834595,0.4302582740783691,0.5048913359642029,0.5003313422203064,0.4984809458255768,0.4406093657016754,0.0038185953071331,0.0023077917486146,0.0205969493983314,0.011459802141217,28.5292880758204,1,Rekurrensparese,2512,i_n
-342.34832763671875,140.46925354003906,20.668426513671875,54.68663787841797,56.272342681884766,30.310348510742188,12.608319282531738,6.442062854766846,16.44540786743164,5.1766510009765625,-4.25443696975708,4.592075347900391,5.372332572937012,10.442846298217772,5.531102180480957,5.142583847045898,5.452682018280029,4.347346305847168,4.992955684661865,4.173539638519287,4.391315937042236,4.5893144607543945,3.695146322250366,3.873888731002808,3.4008326530456543,3.039248466491699,0.0964173600077629,-0.1283897161483764,-0.0429216772317886,-0.0648472234606742,-0.0548339709639549,0.0211188439279794,-0.032804537564516,-0.0537829212844371,-0.019414709880948,0.0182596519589424,-0.058028906583786,-0.0958859175443649,0.0316571481525898,1.555412530899048,0.7761054635047913,0.7928724884986877,0.7702289819717407,0.7897186875343323,0.6868748068809509,0.7559337615966797,0.5748124122619629,0.7975950837135315,0.4824980497360229,0.698828399181366,0.5434192419052124,0.4978905320167541,0.1089269444346427,0.0714445784687995,0.0144893378019332,-0.0174760445952415,-0.0425401329994201,-0.0607080124318599,-0.0204966310411691,0.0641663670539856,0.0282374452799558,0.0001521634985692,-0.0073675108142197,-0.0066149518825113,-0.0006363696884363,1.324621081352234,0.5817717909812927,0.4837245643138885,0.5771911144256592,0.5263274312019348,0.5384449362754822,0.532421886920929,0.50569748878479,0.5091796517372131,0.3679530620574951,0.4108888208866119,0.3709960281848907,0.4138977229595184,0.024459052908426,0.016045736218201,0.0727109096852282,0.0414920335829571,20.72417692147566,1,Rekurrensparese,2527,i_n
-290.10113525390625,104.4352035522461,-10.619972229003906,70.70460510253906,19.69673156738281,31.94062232971192,-26.4315185546875,-22.83386611938477,27.212234497070312,-10.602246284484863,-16.31187629699707,-21.961576461791992,-7.5060715675354,22.15887260437012,8.465632438659668,11.04977035522461,7.943150997161865,5.3367919921875,5.36372184753418,6.084030628204346,5.680577278137207,5.771914482116699,3.589315891265869,4.7436347007751465,5.27332067489624,2.796027421951294,-0.7754691243171692,-0.2078594416379928,-0.1512513011693954,-0.0085352873429656,0.0809294581413269,0.0516288951039314,-0.200815662741661,0.0705357268452644,0.1934307962656021,0.1368677467107772,0.1338578462600708,-0.1764310449361801,0.0996555984020233,3.45040249824524,1.6708942651748655,1.8892183303833008,1.3256210088729858,1.0353336334228516,1.0808696746826172,1.035631775856018,1.020618557929993,0.8495712876319885,0.6881351470947266,0.7289378643035889,0.8523135185241699,0.5901994705200195,1.0847985744476318,0.3888639509677887,0.1640494912862777,-0.4728886485099792,-0.0251020919531583,-0.0756402537226677,0.238320305943489,0.1793027222156524,-0.2155374437570572,0.0831987336277961,0.1166743263602256,0.1352851092815399,-0.0106950420886278,2.817061424255371,1.127174735069275,0.8618595600128174,1.1895687580108645,0.4506865739822387,0.4577091336250305,0.7220183610916138,0.6746145486831665,0.6207587718963623,0.5263491868972778,0.4855686724185943,0.4773305356502533,0.3692314922809601,0.0029506187477324,0.0015216515005599,0.013228350890697,0.0055887724285746,28.8240340482745,1,Rekurrensparese,2536,i_n
-307.8481140136719,105.08749389648438,-22.25443458557129,97.91046905517578,42.74987030029297,1.9385018348693848,-20.01230239868164,-0.9626169204711914,17.540754318237305,-20.16279029846192,-7.947058200836182,-16.090700149536133,-11.544498443603516,26.941308975219727,11.787483215332031,13.837835311889648,13.825658798217772,6.021963596343994,3.450690746307373,4.1359710693359375,4.373043537139893,3.052764654159546,3.353926658630371,3.170090436935425,3.488431692123413,2.587458848953247,-1.1790969371795654,-0.2799810171127319,0.5123881697654724,-0.6503252983093262,-0.0711264237761497,0.1234294101595878,0.133465901017189,0.127577543258667,-0.0796739682555198,0.0114959822967648,-0.0246050488203763,0.1314365565776825,-0.0359689965844154,2.0197153091430664,2.2224490642547607,1.285226583480835,1.063478946685791,0.7998431324958801,0.5342121720314026,0.7137108445167542,0.5543707609176636,0.4913378059864044,0.6560269594192505,0.4966420233249664,0.672347903251648,0.4018685221672058,0.5289123058319092,0.4683561027050018,0.2102740705013275,-0.2240547388792038,-0.0914080142974853,-0.0289876423776149,0.2108290195465088,0.0999452471733093,-0.0020451731979846,0.0884207412600517,-0.039542406797409,0.12391197681427,0.0748640298843383,1.7176918983459473,1.0653618574142456,0.6257174015045166,0.6512808203697205,0.5595489740371704,0.4044062793254852,0.5994524955749512,0.5034639239311218,0.383521169424057,0.3802962899208069,0.3436335623264313,0.3911401331424713,0.3896105587482452,0.001775891049525,0.0009875809063474,0.0143536451223961,0.008502129498696,35.02657691227737,1,Rekurrensparese,2538,i_n
-430.12200927734375,137.32321166992188,11.911914825439451,70.4030990600586,66.72706604003906,43.84280776977539,-1.9743961095809937,-18.362897872924805,18.12335777282715,10.894965171813965,-15.546924591064451,-11.006637573242188,-10.486109733581545,23.292644500732425,14.410348892211914,16.86469078063965,7.907835483551025,9.50317668914795,7.711357116699219,11.907859802246094,10.499079704284668,6.79233980178833,3.980853319168091,6.105240345001221,5.17170524597168,5.647526741027832,-0.4772860109806061,-0.1315463781356811,0.1926946491003036,0.0763810351490974,-0.0433683507144451,0.0406064353883266,0.1069927811622619,0.0062586036510765,0.0609101615846157,0.0274952873587608,0.0128171350806951,0.014187422581017,-0.0610855147242546,3.5592687129974365,1.1293702125549316,0.8821441531181335,1.4322373867034912,1.4446085691452026,1.096099019050598,0.8990938067436218,0.970832109451294,0.969629406929016,0.6865922808647156,0.7715498208999634,0.700536847114563,0.6826450228691101,0.6645821332931519,0.0189520698040723,0.0257327239960432,-0.2560426294803619,-0.2312521785497665,-0.0946433246135711,0.0309115871787071,0.0419697947800159,-0.0620021820068359,-0.0076647191308438,0.0847933739423751,0.0481973849236965,0.0014299331232905,2.5228078365325928,0.7509334087371826,0.621730387210846,1.0673818588256836,1.03732168674469,0.7025548815727234,0.5989759564399719,0.5524038672447205,0.6785435676574707,0.5127857327461243,0.5910626649856567,0.5316715240478516,0.4403367340564728,0.0114409994423073,0.0069496943540832,0.0320573224735609,0.0167178469511789,23.555724871413755,1,Rekurrensparese,2539,i_n
-326.8491516113281,136.10203552246094,-5.98452615737915,52.16558837890625,37.55281066894531,7.663797855377197,-36.54816055297852,-16.984878540039062,19.293569564819336,-22.03629875183105,-22.058502197265625,-2.9030799865722656,-14.056282043457031,28.05653190612793,11.50404453277588,6.024224758148193,5.03064489364624,5.614635944366455,8.868532180786133,4.947996139526367,6.757436275482178,5.060477256774902,4.482512950897217,5.329487323760986,3.850806951522827,3.028341770172119,-0.9100044369697572,-0.2812342941761017,0.2347844392061233,-0.1764449477195739,0.0719727948307991,-0.1801865845918655,0.0797581002116203,0.0348496474325656,-0.1541299968957901,0.043700236827135,-0.1724250316619873,-0.1158567443490028,-0.005957996007055,3.2469258308410645,2.237501382827759,0.7727757096290588,0.9898052215576172,0.6083283424377441,0.9173893332481384,0.7654318809509277,0.9448991417884828,0.5051637887954712,0.8991284966468811,0.773030698299408,0.7014532685279846,0.5550735592842102,0.6024326086044312,0.3616290092468261,0.1055001318454742,-0.0264146327972412,-0.0729891881346702,0.0065828277729451,0.1176398172974586,0.0830354169011116,0.0124748488888144,0.1185553148388862,0.1550583094358444,0.0570566356182098,0.0315632671117782,1.6488572359085083,0.9544329643249512,0.5134478807449341,0.4053326547145843,0.4496513903141022,0.4467853605747223,0.5394795536994934,0.5449821949005127,0.420507401227951,0.5392143726348877,0.6592290997505188,0.3802262842655182,0.4014172554016113,0.0015949194612942,0.0008727446966915,0.0089435016134088,0.0039002872261638,36.72703218019104,1,Rekurrensparese,2562,i_n
-427.3970947265625,119.69109344482422,16.82706642150879,76.5448226928711,32.120391845703125,11.744601249694824,-14.602792739868164,-5.237154483795166,13.52558422088623,-16.489517211914062,-18.14009666442871,-11.353203773498535,-8.962605476379395,33.73910140991211,11.52536964416504,9.671189308166504,9.832143783569336,5.844372272491455,6.660646915435791,5.99092960357666,4.3082427978515625,5.185551166534424,6.295022487640381,4.71259880065918,6.334414958953857,3.5412850379943848,-0.4776616096496582,-0.0140452058985829,-0.0043386057950556,-0.0565440654754638,-0.0075356722809374,-0.0757856518030166,-0.0421977117657661,0.0146615961566567,-0.0725166350603103,-0.0539734326303005,-0.0344296842813491,-0.092989943921566,-0.0646739453077316,4.688437461853027,2.1172215938568115,1.2703673839569092,1.7411619424819946,1.0125718116760254,1.2169915437698364,1.235627293586731,0.7576878070831299,0.838075578212738,0.8957152366638184,0.9369547367095948,0.7992129325866699,0.7227222919464111,0.8132418394088745,0.0631866529583931,0.0292600318789482,-0.3452241122722626,-0.0940994024276733,-0.0443391948938369,0.0838292092084884,0.0295336749404668,-0.1241641268134117,0.0446740761399269,0.0723250433802604,-0.002269176999107,-0.0201084837317466,3.1467936038970947,1.1956137418746948,0.8623102307319641,1.287468194961548,0.5563485622406006,0.7121162414550781,0.7488471865653992,0.5385622382164001,0.6867443323135376,0.5228092074394226,0.5615261793136597,0.4717265367507934,0.5105204582214355,0.0141747076058292,0.0058750978634663,0.0447104420411205,0.0178794556392513,25.40849897252484,1,Rekurrensparese,2563,i_n
-329.42779541015625,116.39659881591795,-11.095765113830566,89.52238464355469,36.92421722412109,21.775333404541016,-30.58243179321289,-4.947956085205078,24.134069442749023,-26.29766273498535,-9.662379264831545,-3.24988865852356,-8.569368362426758,19.12250328063965,9.91197109222412,7.002628326416016,10.500696182250977,5.503622531890869,3.7653987407684326,5.976527214050293,4.363177299499512,4.08241605758667,3.514676332473755,2.6816179752349854,3.3691985607147217,4.611072063446045,-1.255218267440796,0.2830503582954407,0.0225204452872276,-0.1607518643140792,0.1918532699346542,-0.129058375954628,-0.1569982767105102,-0.0003048965882044,-0.0070137875154614,0.0533671304583549,-0.0027186623774468,-0.1334464401006698,-0.000126199767692,4.049475193023682,1.870234727859497,1.2376359701156616,1.7727304697036743,0.7531380653381348,0.664427638053894,0.8985128998756409,0.9089894890785216,0.8049115538597107,0.731914758682251,0.4246352314949035,0.3727586567401886,0.6819243431091309,0.7912948131561279,0.3746880292892456,0.3556175827980041,-0.3756719529628753,-0.2346628159284591,-0.0626936480402946,0.2556767165660858,0.1168042346835136,-0.0532054975628852,0.0831239446997642,-0.0911520719528198,-0.0118641164153814,0.0250100884586572,1.7160215377807615,0.904943823814392,0.9869204759597778,1.0282267332077026,0.696197509765625,0.4800899624824524,1.0012428760528564,0.5665529370307922,0.7086806893348694,0.4161415100097656,0.4044058620929718,0.3406333923339844,0.4920321404933929,0.0046097682360576,0.0026140540801159,0.0301733441968568,0.0156136788084747,25.07735742601876,1,Rekurrensparese,2564,i_n
-355.0486145019531,113.977783203125,35.42044448852539,82.43402862548828,21.087810516357425,15.355530738830566,-11.293999671936035,-6.370440483093262,18.93413352966309,-5.947977542877197,-13.73264217376709,-6.115106582641602,2.418356418609619,27.837383270263672,9.026163101196287,6.200950145721436,9.354923248291016,3.74599552154541,4.369300842285156,5.704424381256104,3.441303968429565,4.410159111022949,3.4884188175201416,4.659309387207031,3.7811708450317374,3.6055712699890137,-1.280964970588684,0.1648427546024322,0.2765372991561889,0.3874326944351196,0.1062386482954025,0.0726372152566909,-0.143974632024765,0.0274692736566066,0.1689509153366089,-0.0098028182983398,-0.0370194651186466,-0.0146104823797941,0.1178063750267028,5.053186416625977,1.9057233333587649,1.0614519119262695,1.8887014389038088,0.7816835641860962,0.8341067433357239,1.0165903568267822,0.5421493053436279,0.7630120515823364,0.404459685087204,0.5475181341171265,0.616087794303894,0.6536194086074829,1.216495156288147,0.4732027947902679,0.1132195815443992,-0.3133321106433868,-0.0017871237359941,0.0227808449417352,0.1812004446983337,0.1591195613145828,-0.091186411678791,-0.0042770565487444,0.0616062954068183,0.0432894043624401,-0.069858580827713,3.4548983573913574,1.3077067136764526,0.7183842062950134,1.0949379205703735,0.5610138773918152,0.551145076751709,0.5866158604621887,0.5680258870124817,0.4054156541824341,0.3789720833301544,0.4476398825645447,0.5230397582054138,0.5088487267494202,0.0025435019897299,0.0014556284014939,0.0125926447822862,0.006841056470897,34.742686130037406,1,Rekurrensparese,2565,i_n
-289.3575134277344,116.6955795288086,-11.060873031616213,89.3774185180664,47.66652297973633,33.279483795166016,-1.704914927482605,17.449106216430664,22.451377868652344,10.10201644897461,4.780727386474609,4.760279178619385,2.5682382583618164,16.686229705810547,5.031373023986816,4.733293533325195,6.653557777404785,6.468662261962891,4.552439689636231,5.026072025299072,4.605264186859131,3.805488586425781,4.260222434997559,4.0270771980285645,4.679524898529053,3.93132758140564,0.1158357933163642,0.078621819615364,-0.1209281235933303,-0.0903820917010307,0.2021461427211761,0.0522890500724315,0.0784332826733589,-0.0613499246537685,-0.0125548178330063,0.0738189741969108,0.0291115809231996,-0.1409560143947601,0.0125518208369612,1.8557169437408447,0.880578339099884,0.7420350313186646,1.0351239442825315,1.1143537759780884,0.8720222115516663,0.7013058066368103,0.7710806131362915,0.583797812461853,0.8866226673126221,0.7348977327346802,0.5952619910240173,0.7375680804252625,0.2964324951171875,0.0882684513926506,0.0126687008887529,-0.2306005358695984,-0.1456289589405059,-0.1141840666532516,0.1456459313631057,0.0785556659102439,0.0361681059002876,-0.0914608389139175,-0.0070825763978064,0.0229073613882064,-0.0016822183970361,1.054776668548584,0.6343895196914673,0.5562219619750977,0.8641444444656372,0.7454636693000793,0.5936660766601562,0.6680975556373596,0.5620695352554321,0.5598753690719604,0.6261685490608215,0.4818921983242035,0.4240612983703613,0.5358474850654602,0.0096133924345416,0.004838131901487,0.063228531985054,0.0341266342518455,18.61161028491237,1,Rekurrensparese,2570,i_n
-350.5687866210937,89.44772338867188,-14.120767593383787,68.80752563476562,27.45380973815918,2.7601773738861084,-41.61780548095703,11.33746337890625,15.876213073730469,-20.48871612548828,-4.106445789337158,-17.74053192138672,-12.033044815063477,19.480506896972656,11.537393569946287,10.882720947265623,8.33923053741455,5.955464839935303,3.634469747543335,5.664120674133301,7.861225128173828,5.052706241607666,5.07390832901001,4.299653053283691,4.272341728210449,4.102987766265869,-0.371548593044281,-0.1022574827075004,-0.1424747556447982,-0.1642768085002899,0.0235224794596433,-0.0527932196855545,-0.0292253959923982,-0.1966186165809631,-0.0173527635633945,0.0349400676786899,-0.0600808337330818,-6.43427119939588e-05,-0.0583743229508399,3.308302640914917,1.828015685081482,1.35389506816864,1.1085926294326782,0.7212754487991333,0.5980518460273743,0.7530760169029236,0.61887127161026,0.6604872941970825,0.6710662841796875,0.7056692242622375,0.621612548828125,0.5746567249298096,0.7579960227012634,0.4015617966651916,0.2454957216978073,-0.1730189025402069,-0.0586028732359409,0.0389317981898784,0.1582933515310287,-0.038614023476839,-0.083546757698059,0.0439894273877143,-0.0256393384188413,0.0374797172844409,0.0118989618495106,2.475477457046509,1.5165367126464844,0.9339110851287842,0.7477218508720398,0.4648388028144836,0.4476580619812011,0.7405729293823242,0.4027189910411834,0.4760607481002807,0.510323166847229,0.4136942625045776,0.4531535804271698,0.3703087270259857,0.0010422875106768,0.0005738421838345,0.0074300745519214,0.0035612335927813,33.88229373169547,1,Rekurrensparese,2581,i_n
-297.8843994140625,132.24136352539062,-10.47535228729248,110.81326293945312,56.99468231201172,37.1421012878418,-28.855344772338867,-11.60789680480957,40.565765380859375,-13.549875259399414,-31.15731811523437,4.4472270011901855,-5.504165649414063,40.20922470092773,11.729532241821287,15.835153579711914,10.917424201965332,6.863291263580322,4.706132411956787,8.470916748046875,4.276538372039795,4.327400207519531,4.268566131591797,3.373052835464477,4.070740222930908,3.556978702545166,-1.2394284009933472,0.0057933200150728,0.2873686552047729,0.0972376242280006,-0.062607541680336,0.1269039660692215,0.0965033546090126,-0.0178810060024261,0.0453691445291042,0.0079468470066785,0.0130366440862417,0.0085411500185728,-0.0466597005724906,3.1908533573150635,1.4367982149124146,1.4357274770736694,2.2257094383239746,0.9890298843383788,0.7560303807258606,1.0895792245864868,0.5912945866584778,0.7502358555793762,0.6864035129547119,0.5241581797599792,0.6313027739524841,0.5488526225090027,0.2839145064353943,0.0864031761884689,0.087605744600296,-0.2913811802864074,-0.0905762240290641,-0.0365216583013534,0.1311670392751693,0.0408804565668106,-0.0543135963380336,0.0273362975567579,0.0344550646841526,0.0052060005255043,0.0132775856181979,2.2883074283599854,0.921639919281006,1.2553331851959229,1.300884485244751,0.8424822092056274,0.5570972561836243,0.830267608165741,0.4763539135456085,0.5680451989173889,0.5256361961364746,0.4722647070884704,0.5113592743873596,0.3832676112651825,0.0348123661494162,0.0208038595282605,0.1945240488685173,0.1014330061059232,10.67227434176639,1,Rekurrensparese,352,i_n
-340.2616882324219,80.61296844482422,-3.835581064224243,75.46078491210938,20.82327651977539,38.87446594238281,-31.283945083618164,-21.9323959350586,2.0670766830444336,-2.2055530548095703,-28.884464263916016,-32.748748779296875,13.54668140411377,21.441877365112305,10.178685188293455,4.785479068756104,7.257287502288818,6.008725643157959,5.441262245178223,6.068779468536377,6.342366695404053,5.560893058776856,4.895838737487793,4.230297565460205,5.000292778015137,5.08928108215332,-0.4596721231937408,-0.0759845450520515,-0.0514141879975795,0.0780583024024963,0.0104059120640158,0.0479942113161087,-0.0485306419432163,-0.0857237502932548,0.017114607617259,-0.0041114790365099,-0.031039061024785,-0.0280424151569604,0.0272000823169946,3.334399461746216,1.5176862478256226,0.7252460718154907,1.3463287353515625,1.0658124685287476,0.9655613899230956,0.9759275317192078,1.0437963008880615,0.7231546640396118,0.8119633793830872,0.776460587978363,0.7615545392036438,0.908385455608368,0.4402087032794952,0.1304079741239547,0.0643005892634391,-0.1395884454250335,-0.0169051177799701,-0.0804828852415084,0.119955338537693,0.0319923125207424,-0.0216153170913457,-0.0184428319334983,0.0560689829289913,0.0733833611011505,-0.0740969181060791,2.209137201309204,1.1102663278579712,0.617785632610321,0.832612156867981,0.5816535949707031,0.6655425429344177,0.7684820294380188,0.6923312544822693,0.4488187134265899,0.5441190004348755,0.5504448413848877,0.6238901615142822,0.5997183322906494,0.0025348621943721,0.0011909053940101,0.0143900829446672,0.0048297696922476,28.838989024391903,1,Rekurrensparese,356,i_n
-315.37713623046875,115.53501892089844,-20.79033660888672,90.4144058227539,47.42101287841797,28.676958084106445,4.134045124053955,12.17501735687256,18.023414611816406,0.2961212992668152,-1.1533972024917605,-4.02239465713501,-2.498596906661988,17.364700317382812,6.471398830413818,8.628936767578125,7.595051288604736,4.955893039703369,6.355565071105957,6.386043548583984,8.034870147705078,4.449094772338867,4.295576095581055,4.337812900543213,3.846816778182984,5.488854885101318,-0.1131928488612175,-0.040816243737936,0.0254816599190235,-0.0140158729627728,-0.0086118094623088,-0.0505048669874668,0.0394612960517406,0.0825088694691658,-0.0142553569748997,-0.0447180718183517,0.0039192629046738,0.0241860803216695,0.0009925598278641,2.620492458343506,0.906651496887207,0.9543857574462892,1.2161636352539062,0.801082193851471,0.7333322167396545,0.8680107593536377,0.9272943139076232,0.6400717496871948,0.7409456372261047,0.6599124073982239,0.6721687912940979,0.6553780436515808,0.3429354131221771,0.0970666334033012,0.1424506902694702,-0.2051300108432769,-0.1082939356565475,-0.0654182359576225,0.0589812360703945,0.0376602187752723,-0.0429419204592704,0.002921718172729,-0.0169776268303394,0.0090260440483689,0.0268854964524507,1.503749966621399,0.6778395771980286,0.8625536561012268,1.0436724424362185,0.8218179941177368,0.5773670673370361,0.6142635941505432,0.5636019110679626,0.560918390750885,0.5095937848091125,0.5285598635673523,0.5122946500778198,0.4617005288600921,0.0048063495728401,0.002588841643251,0.0236819630528499,0.0090717304455002,22.6267067908206,1,Rekurrensparese,358,i_n
-279.3914794921875,85.94403076171875,-8.675021171569824,89.0935287475586,9.624107360839844,34.500099182128906,-33.055904388427734,-22.94124794006348,-4.826179027557373,-2.0106356143951416,1.2444920539855957,-26.764429092407227,-23.72812461853028,22.376728057861328,10.835312843322754,7.638165950775146,11.389766693115234,7.566236972808838,8.755768775939941,9.06849765777588,6.091435432434082,3.904848575592041,4.899489402770996,3.892681837081909,4.530539035797119,5.090728759765625,-0.5282655358314514,0.2460269182920456,0.1258201748132705,0.0555470213294029,-0.1932050734758377,-0.1381253451108932,0.0162519924342632,-0.1150588616728782,-0.0400892309844493,0.0596577636897563,0.0486834533512592,0.0291932895779609,-0.022102179005742,3.56553053855896,1.250767469406128,1.010029435157776,1.7963947057724,0.9215754270553588,1.3080487251281738,1.3293797969818115,0.797588586807251,0.6591755747795105,0.5698980093002319,0.5490986704826355,0.832513153553009,0.7478318810462952,0.9425460696220398,0.338990569114685,0.201769545674324,-0.4486909508705139,-0.109385035932064,-0.254888504743576,0.1555260866880417,0.0707858651876449,-0.0081790862604975,-0.0249319486320018,-0.0490555725991725,0.0894419401884079,0.1435303837060928,2.8902747631073,1.2365257740020752,0.773137092590332,1.4257338047027588,0.78644198179245,0.942735493183136,0.6590990424156189,0.5058763027191162,0.4545947015285492,0.42966029047966,0.386606365442276,0.403137594461441,0.5876068472862244,0.0024446448533121,0.0013775742425916,0.0092298424603197,0.003948574164463,26.560804090277635,1,Rekurrensparese,362,i_n
-300.6194763183594,99.45785522460938,-12.237297058105469,97.48914337158205,24.385677337646484,44.79477691650391,14.634381294250488,-10.572528839111328,15.776602745056152,17.010604858398438,10.372641563415527,-10.10358428955078,-0.6189972162246704,15.402695655822754,6.003988742828369,9.036325454711914,7.350049495697021,5.391424179077148,4.82747745513916,4.943124771118164,8.83959674835205,4.0659379959106445,4.18599796295166,4.629434585571289,3.5900490283966064,3.9544289112091056,-0.1205602511763572,0.0835097655653953,0.028584886342287,0.0679177492856979,0.011254564858973,0.0701602101325988,0.0511404871940612,-0.0417588949203491,0.0329830832779407,-0.0380541421473026,0.0248073022812604,-0.0138275362551212,-0.0248599518090486,1.677869439125061,0.9568628072738647,1.2887587547302246,1.1888865232467651,0.8265480995178223,0.8555960655212402,0.7493276596069336,0.7845391035079956,0.5512955784797668,0.7589866518974304,0.7435342073440552,0.5813760161399841,0.5774343013763428,0.0787857174873352,0.0650767013430595,0.0690982341766357,-0.1388566493988037,-0.0353951193392276,-0.0575482882559299,0.0141658512875437,0.0131555898115038,-0.0066490760073065,-0.0243035536259412,-0.0216227751225233,0.0045037590898573,-0.0341905951499938,0.9275941252708436,0.6360757946968079,0.6819157600402832,0.9168737530708312,0.6690178513526917,0.5862514972686768,0.5804935693740845,0.608416736125946,0.4022516012191772,0.5232330560684204,0.5339608788490295,0.4627636671066284,0.4700505137443542,0.011336519464603,0.0063001701010686,0.095856242355525,0.0492652188573121,16.661141617819514,1,Rekurrensparese,364,i_n
-314.8609924316406,158.6232147216797,-32.32682037353516,88.77996826171875,46.73942565917969,29.28265380859375,3.4610238075256348,-10.21018409729004,4.1916093826293945,-2.664569139480591,1.0888906717300415,-11.245776176452637,-16.006763458251953,13.839113235473633,7.097221851348877,8.844182968139648,12.997455596923828,5.177676200866699,4.953956604003906,3.017352342605591,3.2674343585968018,2.522604465484619,3.667656898498535,2.80884337425232,3.378042936325073,4.3263678550720215,-0.2070081382989883,-0.0085484636947512,0.2136209607124328,-0.2614604830741882,0.0206651538610458,-0.1642846763134002,0.0333865396678447,0.0860397964715957,0.0031610697042196,0.0813562721014022,0.0223250705748796,0.0120023833587765,-0.0675430670380592,2.158964157104492,0.8692414164543152,1.4054465293884275,1.6543948650360107,0.885758638381958,0.7343146800994873,0.5395081639289856,0.6666944622993469,0.4561744928359985,0.6564368009567261,0.5340640544891357,0.5424549579620361,0.529609203338623,0.4896977543830871,-0.0659834295511245,0.3004563450813293,-0.3394087851047516,-0.1164070293307304,-0.0769871324300766,0.0274845194071531,0.1054155826568603,-0.0274034533649683,-0.0443185940384864,-0.0438324064016342,0.0752324908971786,0.0923550501465797,1.6547352075576782,0.4666911661624908,0.858584463596344,0.961788535118103,0.4474557936191559,0.4115937948226928,0.3864943981170654,0.4571642279624939,0.3328609764575958,0.316842645406723,0.3847112953662872,0.3635369539260864,0.510680079460144,0.002544760771783,0.0011572112953727,0.0125612993011065,0.0054731080427213,27.20136995902726,1,Rekurrensparese,365,i_n
-318.05029296875,71.53160858154297,-8.092171669006348,91.00257110595705,24.667638778686523,41.873809814453125,-28.063947677612305,-5.429334163665772,21.11149406433105,-11.64454460144043,-19.82270812988281,-9.955201148986816,-12.79415225982666,19.56848526000977,10.976807594299316,5.996119022369385,9.830659866333008,6.646365165710449,7.185647010803223,5.619758605957031,5.357104301452637,6.161099910736084,4.065604209899902,4.670724391937256,6.4651970863342285,4.90358829498291,-0.1499996930360794,-0.0493987314403057,-0.0021539826411753,-0.0802437737584114,0.0043236128985881,0.050422579050064,-0.0293449740856885,-0.0732711032032966,0.0097654089331626,0.0471517108380794,-0.036714106798172,-0.0295606777071952,0.0559413991868495,2.912782669067383,1.7753288745880127,0.8603886961936951,1.841924071311951,0.8138874769210815,0.9287614226341248,0.863639771938324,0.6570560336112976,0.7086114883422852,0.5864586234092712,0.7066246271133423,0.588407576084137,0.6840366721153259,0.4683207869529724,0.2197771072387695,0.1676335781812667,-0.2686291635036468,-0.0811182782053947,-0.0781861916184425,0.1352704167366027,-0.0048994403332471,-0.0592530816793441,0.014647539705038,0.0214570332318544,0.0337498523294925,0.0459823198616504,1.96114444732666,1.0095560550689695,0.8472006320953369,1.0902693271636963,0.595282793045044,0.5432089567184448,0.6503140330314636,0.4105882942676544,0.4435317814350128,0.3906135261058807,0.4534869194030761,0.4465914368629455,0.507194995880127,0.0043528129045854,0.0026059938482879,0.0153963556811612,0.0086210352914032,24.36005217096609,1,Rekurrensparese,448,i_n
-285.6805419921875,83.08483123779297,-1.0612417459487915,86.41729736328125,9.38884449005127,24.572799682617188,-25.33625030517578,23.123159408569336,11.300666809082031,2.6699163913726807,-7.390060901641846,-8.457433700561523,-2.88214111328125,18.684144973754883,8.093570709228516,6.261150360107422,6.227654933929443,4.801116943359375,6.093150615692139,5.24385929107666,4.186000823974609,5.366743087768555,3.4075067043304443,3.624878644943237,4.213438034057617,4.436153888702393,-0.1069198548793792,0.1253046244382858,0.1447599977254867,-0.2388263791799545,-0.0355576388537883,-0.1574466377496719,0.1729879975318908,-0.065884843468666,-0.0569731593132019,0.0010410727700218,-0.0138040157034993,-0.0880284532904625,0.023462101817131,1.842938542366028,1.1891508102416992,0.907180905342102,1.070878267288208,0.6366521120071411,0.5966707468032837,0.890845537185669,0.6673657298088074,0.7541626691818237,0.5250969529151917,0.5414469242095947,0.6774522066116333,0.6203359365463257,0.1688966006040573,0.1892298907041549,0.1388611942529678,-0.0995373725891113,0.0738293603062629,-0.0162309017032384,0.0846180617809295,-0.0350399501621723,0.0145167140290141,-0.0599494688212871,-0.0053456276655197,-0.006190734449774,-0.0194650869816541,1.0381044149398804,0.8103278875350952,0.5747748017311096,0.8088194131851196,0.3735042214393616,0.3943699598312378,0.5530765652656555,0.6103734970092773,0.4887914061546325,0.4298657178878784,0.4375728666782379,0.5027598142623901,0.4640178978443146,0.0056713287922567,0.0033178825775659,0.0446196437093515,0.0224105759211497,19.86774032398876,1,Rekurrensparese,450,i_n
-224.07864379882807,95.98693084716795,-44.84122848510742,88.6597671508789,9.473328590393066,44.06414413452149,-2.9138708114624023,-9.23550510406494,-0.7990043759346008,18.622812271118164,5.251473426818848,-12.443028450012209,-1.9984571933746336,27.242361068725582,5.435384273529053,6.005767822265625,6.548867702484131,4.443169593811035,7.234589099884033,7.353817462921143,6.219471454620361,4.600247383117676,4.443237781524658,4.228744983673096,5.5393147468566895,4.666540622711182,-0.8561777472496033,-0.1974449753761291,0.072250947356224,0.1081578806042671,-0.0555620118975639,0.2158646434545517,0.141613021492958,-0.1221813783049583,-0.078245922923088,0.0973253101110458,0.0077084680087864,-0.1351225227117538,-0.1814014613628387,1.1296231746673584,0.6806301474571228,0.8947294354438782,0.8204233646392822,0.7174160480499268,0.7695221304893494,0.9020763635635376,0.5824800133705139,0.8549877405166626,0.5615609884262085,0.567092776298523,0.5456600785255432,0.5702770948410034,0.1265744417905807,0.0026784946676343,0.1573777794837951,-0.1715622097253799,0.0975590646266937,-0.1305739730596542,0.0904501751065254,-0.0136479511857032,0.0674244239926338,-0.0209127757698297,0.0073783630505204,-0.0020058166701346,-0.0092697804793715,0.811681866645813,0.597099244594574,0.6351068019866943,0.8348216414451599,0.6033452153205872,0.5281767249107361,0.4592932760715484,0.4449674487113952,0.5600352883338928,0.3924440443515777,0.3749187290668487,0.3882109522819519,0.494973748922348,0.0207322576466695,0.0125487482638466,0.117359065985362,0.0624217540518038,11.348493146352368,1,Rekurrensparese,492,i_n
-363.2175598144531,145.44317626953125,55.14898300170898,72.73148345947266,7.614917755126953,27.143770217895508,-0.4902532696723938,-20.691957473754883,-9.020073890686035,24.146120071411133,-1.90503478050232,-18.47241401672364,11.118803977966309,23.130460739135746,10.703312873840332,10.50808048248291,5.260348320007324,7.673456192016602,6.114571571350098,4.634408473968506,5.391003608703613,5.466633796691895,4.310425281524658,7.60967206954956,5.907543182373047,5.51877498626709,-0.0822740122675895,-0.1684639453887939,0.146913394331932,-0.1366684138774871,-0.1803245991468429,0.1180463805794715,0.1152138635516166,0.0300117507576942,0.0180350299924612,0.020560523495078,0.057230494916439,0.0534156933426857,-0.0831919461488723,3.2777953147888184,1.8269044160842896,1.3528878688812256,0.8051273822784424,0.9865434169769288,0.9148118495941162,0.5212405323982239,0.8410765528678894,0.6406298279762268,0.7217823266983032,0.6010597348213196,0.728550374507904,0.4614255130290985,0.3780905306339264,-0.0025810725055634,-0.0433045923709869,-0.0804298445582389,0.0649238675832748,-0.0655038431286811,0.018267273902893,0.0961801633238792,0.0222998019307851,-0.0449244119226932,0.0165195055305957,0.0365972146391868,-0.055179938673973,1.5668530464172363,0.6840741038322449,0.686211109161377,0.5470798015594482,0.5213900804519653,0.5493093729019165,0.3502941131591797,0.5232827067375183,0.363174706697464,0.5208725929260254,0.4042970836162567,0.4537152349948883,0.3695931434631347,0.0108979806546968,0.0061118670317371,0.0596266174700128,0.0299651545996843,22.20485833879992,1,Rekurrensparese,565,i_n
-309.415771484375,103.6405258178711,-31.13515281677246,78.40423583984375,37.9940185546875,40.17589569091797,-46.462249755859375,-5.81500244140625,14.22926139831543,-15.207375526428224,-17.018251419067383,-7.228697776794434,-15.974495887756348,15.780594825744627,8.063024520874023,7.978738784790039,5.790924549102783,5.4066267013549805,3.508803367614746,5.3595356941223145,3.912014961242676,3.5111331939697266,3.075784921646118,2.530769824981689,2.9572434425354004,3.921999931335449,-0.3933757543563843,0.1009698882699012,0.0979022160172462,0.001090656267479,-0.0146850980818271,0.0287128444761037,-0.0669279471039772,-0.0247090905904769,0.0087034348398447,0.0157438553869724,0.0140536464750766,0.0182149559259414,0.1187253445386886,1.5646425485610962,1.2709879875183103,1.021300196647644,0.8477779030799866,0.6379383206367493,0.6024430394172668,0.7431601881980896,0.4233275353908539,0.4660433828830719,0.4094859063625335,0.4516626596450805,0.4426291882991791,0.5766978859901428,0.3025199770927429,0.2712380588054657,0.1985113471746444,-0.1533843427896499,-0.0360135175287723,-0.0549091100692749,0.1127071529626846,0.0302296727895736,0.0123230442404747,0.0093812402337789,0.055835798382759,0.0222056396305561,0.0408465005457401,1.133498191833496,1.0002418756484983,0.8138198256492615,0.7100828289985657,0.3488980829715729,0.3940838277339935,0.548190176486969,0.3122059404850006,0.2901009023189544,0.2837952375411987,0.3312772810459137,0.312389075756073,0.3705310225486755,0.0020375881083569,0.0012390701267076,0.0153425862075487,0.0087547182987815,28.58409287713098,1,Rekurrensparese,627,i_n
-288.608642578125,89.02709197998047,-10.118490219116213,112.43964385986328,17.58211898803711,66.79659271240234,-6.641366958618164,-19.24615478515625,22.507875442504883,-1.2717349529266355,-6.310553550720215,-12.362842559814451,-11.198806762695312,20.56683921813965,8.244545936584473,8.10210132598877,12.424115180969238,5.042142391204834,8.864296913146973,4.794002056121826,4.423686504364014,3.99477744102478,5.179347991943359,4.949648857116699,4.511471748352051,3.662055253982544,-0.5116974711418152,-0.1234814599156379,-0.1886289119720459,-0.0243000797927379,0.0566224865615367,0.1808461993932724,0.0564938969910144,-0.0650589615106582,0.0539501458406448,0.1411942839622497,0.063780277967453,-0.0879984647035598,-0.0592341385781765,3.5691754817962646,1.2761164903640747,0.9847336411476136,2.225353479385376,0.9432075023651124,1.577322244644165,0.902184009552002,0.8148219585418701,0.6913250088691711,0.7533631324768066,0.5620520710945129,0.5498693585395813,0.5775556564331055,0.8368539810180664,0.2583199143409729,0.2329921275377273,-0.5278480648994446,-0.1542212814092636,-0.3233816623687744,0.0569752864539623,0.0607321895658969,-0.0859723985195159,-0.1291426867246627,0.0376363322138786,0.0447209030389785,-0.0445787645876407,2.31312108039856,0.8291504979133606,0.848551332950592,1.5387024879455566,0.7079969644546509,1.0422390699386597,0.5834451913833618,0.4636860489845276,0.5291845202445984,0.5153166651725769,0.5040735602378845,0.4149367213249206,0.49593585729599,0.0046952549067461,0.0025752714826846,0.0277389721681376,0.0115186280691116,18.4747682986196,1,Rekurrensparese,629,i_n
-300.7771301269531,129.0209503173828,0.8906028866767883,91.44134521484376,44.52940368652344,35.692378997802734,-13.321258544921877,16.78400993347168,15.52802562713623,3.005659580230713,-0.974575698375702,-27.58426284790039,-10.304099082946776,24.907697677612305,5.268421173095703,12.966787338256836,7.49355936050415,4.537430763244629,7.124299049377441,3.7089858055114746,4.151430606842041,7.037662982940674,3.4980733394622803,4.758316040039063,4.105947017669678,4.204976558685303,-0.507493793964386,-0.0194091722369194,0.143764391541481,0.0402404256165027,0.0284416917711496,-0.0378762185573577,0.0253274776041507,-0.0111565850675106,0.0768322348594665,0.0335965268313884,0.0682294070720672,0.0059866486117243,-0.0466081127524375,1.126984477043152,0.8903195858001709,0.7624538540840149,0.8516345024108887,0.6165586113929749,0.7874870300292969,0.5377271175384521,0.6553987264633179,0.5630373954772949,0.4821169674396515,0.541464626789093,0.5765562057495117,0.4624610841274261,0.0234153978526592,0.0526318065822124,0.0276096723973751,-0.034107856452465,0.0181902181357145,-0.0114534432068467,0.0134936142712831,0.0010533895110711,0.0020728691015392,-0.0115248449146747,-0.003292228328064,0.0247135926038026,0.0106854932382702,0.6716831922531128,0.5192323923110962,0.5070009827613831,0.4961775541305542,0.4236795008182525,0.4189733564853668,0.3711240589618683,0.3693472445011139,0.3720267415046692,0.3527941405773163,0.3341630697250366,0.3245745599269867,0.3781928122043609,0.006649229771481,0.0037288400834743,0.0258618788784475,0.0112711067196813,26.186181322893223,1,Rekurrensparese,632,i_n
-324.8277893066406,111.4694595336914,-4.865320205688477,102.05288696289062,39.43762969970703,23.78327369689941,-44.67243194580078,23.326005935668945,18.46121597290039,-21.8229923248291,-7.413848400115967,-18.0721378326416,-7.9419846534729,28.87700843811035,12.26402473449707,15.744449615478516,11.252752304077148,8.768448829650879,12.088894844055176,10.718533515930176,9.18254280090332,6.6817307472229,9.717158317565918,5.606967926025391,5.094992160797119,5.027688980102539,-0.8763786554336548,0.0937546640634536,0.1374583840370178,-0.0082582188770174,0.1588855534791946,0.145097017288208,0.1254056692123413,0.009055633097887,0.1293336004018783,0.0733235627412796,-0.0590562745928764,0.0325641892850399,0.034618355333805,2.731894254684448,1.5558825731277466,1.3761162757873535,1.5404869318008425,0.9035955667495728,0.7242768406867981,1.2754878997802734,1.310041904449463,1.094664454460144,0.8765360116958618,0.8618058562278748,0.6792236566543579,0.6531758308410645,0.3836942911148071,0.0970103070139885,0.0483671799302101,-0.274349182844162,-0.0848338082432746,-0.0618468411266803,0.2036861330270767,-0.1230474933981895,-0.018422707915306,0.0507237873971462,0.0143843572586774,0.0458378046751022,0.0315947085618972,1.7285856008529663,0.9324941039085388,0.74007248878479,0.9630812406539916,0.5694291591644287,0.5505067706108093,0.811183750629425,0.6817113161087036,0.6593732833862305,0.4762143194675445,0.5024604797363281,0.4539738595485687,0.4329710304737091,0.0097261130653244,0.0045990614869374,0.0474943362280902,0.0179148849043188,16.870387716026308,1,Rekurrensparese,633,i_n
-308.2284240722656,114.69779205322266,-2.82708740234375,92.15999603271484,27.92856979370117,44.65669631958008,-6.362707614898682,-12.634639739990234,13.948282241821287,8.937260627746582,-2.469114303588867,-15.30014991760254,-6.462235927581787,28.5925521850586,15.187740325927734,8.804033279418945,13.439214706420898,13.655722618103027,4.519159317016602,7.541358470916748,6.520089626312256,6.529789447784424,5.79055118560791,5.301718235015869,8.673447608947754,4.857762336730957,-1.1377856731414795,0.8364660739898682,0.1557303667068481,-0.1813001334667205,0.4709906280040741,-0.145149827003479,-0.0495072193443775,-0.1043127179145813,-0.2534197270870209,0.0828289836645126,-0.140107199549675,-0.2801798582077026,0.0061501231975853,2.592981576919556,1.2220269441604614,1.082981824874878,1.8411675691604608,0.8970080018043518,0.8632234930992126,1.0723609924316406,1.1816463470458984,0.9869745373725892,1.0743587017059326,0.4971932470798492,0.7371602654457092,0.960442066192627,0.5555678009986877,0.2504238784313202,0.1739648580551147,-0.4028308689594269,-0.0435260608792305,-0.1437740325927734,0.1590545624494552,0.1135098189115524,0.1229111924767494,0.0359550714492797,-0.0254815760999918,0.0407700650393962,-0.0394617840647697,1.5516316890716553,1.2425379753112793,0.8657510280609131,1.2603174448013306,0.4827726483345032,0.6668561697006226,0.675653874874115,0.5742805600166321,0.7822074294090271,0.6834661960601807,0.3562811315059662,0.5260288715362549,0.4668279588222503,0.0052677883909565,0.0023547903688661,0.0360262572335124,0.0141409588387135,23.977959715717304,1,Rekurrensparese,670,i_n
-346.6518249511719,82.66815185546875,19.15056228637696,90.9131317138672,15.63835334777832,39.4196662902832,-9.37877082824707,-16.021873474121094,15.999524116516112,-3.128614664077759,-27.27230262756348,-21.46354866027832,-11.320070266723633,21.18288803100586,8.413198471069336,3.2764012813568115,8.905488967895508,2.988161325454712,4.736581325531006,3.7775192260742174,2.923356533050537,4.069418430328369,2.7039873600006104,4.402017116546631,3.3671863079071045,3.3890035152435303,-0.5965445637702942,-0.0796166658401489,0.0347400866448879,0.1596587300300598,0.0780220553278923,0.1470948457717895,-0.0176626145839691,-0.0107627473771572,0.0138384671881794,0.0247787255793809,-0.010759207420051,-0.0560232363641262,-0.0494027696549892,3.869561910629273,1.5940886735916138,0.5689753293991089,1.6543594598770142,0.5339996218681335,0.7029153108596802,0.6022605299949646,0.5465841293334961,0.6502699851989746,0.3944500386714935,0.6420168876647949,0.4745394289493561,0.6009349226951599,0.8559218645095825,0.3092302978038788,0.0348898284137249,-0.3144039809703827,-0.0710564404726028,-0.1091343164443969,0.1248504444956779,0.0810902565717697,-0.0965017825365066,0.0029134904034435,0.1226405203342437,0.0953169390559196,0.0277364775538444,2.758286476135254,0.9318271279335022,0.4025402963161468,1.077558517456055,0.4468825757503509,0.5396307706832886,0.5092872977256775,0.3406209349632263,0.5836086869239807,0.3314479887485504,0.5377507209777832,0.4991184175014496,0.3928104043006897,0.002270094670813,0.0013318747542216,0.0090555437103187,0.0045617212450181,32.28957448322394,1,Rekurrensparese,671,i_n
-283.8335876464844,122.2438735961914,-21.38392448425293,78.94221496582031,54.12506103515625,18.77652359008789,-32.076385498046875,9.724082946777344,12.157658576965332,-21.12858390808105,-6.148868083953857,-13.25312614440918,-21.804323196411133,15.262384414672852,4.283317565917969,6.0335845947265625,5.689254283905029,5.099942684173584,3.287605047225952,5.420736312866211,2.982670783996582,3.26383376121521,3.296147584915161,2.461611032485962,2.585235595703125,3.9282498359680176,0.0322726257145404,0.0428231321275234,-0.0863818228244781,0.0083234943449497,0.0402040146291255,0.0237163100391626,-0.0359175615012645,-0.029899526387453,0.0184166766703128,-0.0221084561198949,0.0123072955757379,-0.0131522705778479,-0.0563091300427913,2.5419161319732666,0.7392048239707947,1.012403130531311,1.0638304948806765,0.8979485630989075,0.5646771192550659,0.9724867343902588,0.3758541047573089,0.398519366979599,0.4181814193725586,0.4056995809078216,0.421965628862381,0.6354066133499146,0.488793283700943,0.1118902862071991,0.1543624699115753,-0.1803822815418243,-0.0920377075672149,-0.0389091335237026,0.1345003992319107,-0.0172960050404071,-0.0295625198632478,0.0522741004824638,0.015456941910088,0.0358128175139427,0.0280791651457548,1.9490644931793213,0.6103224158287048,0.653225839138031,0.7302571535110474,0.4679819047451019,0.3373012542724609,0.6149629354476929,0.3176296949386596,0.3417397737503052,0.3361851871013641,0.2918656170368194,0.3022919297218323,0.3539475202560425,0.0028023307121124,0.001706789687098,0.0132729809583553,0.0059434124157061,31.20745836975445,1,Rekurrensparese,712,i_n
-337.7453308105469,96.36442565917967,-8.37204647064209,98.2542724609375,24.02301597595215,37.88729476928711,-5.240403175354004,-16.20631980895996,12.54523468017578,2.8803393840789795,-19.14717483520508,-28.757980346679688,3.809460401535034,15.430194854736328,6.125057220458984,5.126076698303223,5.381353855133057,6.398921489715576,5.857312679290772,5.076777458190918,4.511712074279785,4.32591438293457,4.90086555480957,5.379517078399658,5.481102466583252,3.738972187042236,0.1353392302989959,-0.0428532622754573,0.044793676584959,-0.028488527983427,-0.0927261337637901,0.0430295690894126,0.0533515624701976,-0.0292769372463226,0.0128882071003317,0.0124428961426019,-0.0254624560475349,0.0226854551583528,-0.0044659143313765,1.4832426309585571,1.1887322664260864,0.8186048865318298,0.9184305667877196,0.7318309545516968,0.7354636192321777,0.6784819960594177,0.7041961550712585,0.6122564673423767,0.7539952397346497,0.5997651219367981,0.7036094665527344,0.65326327085495,0.07731693983078,0.1341413259506225,0.1112868189811706,-0.0344447344541549,0.028503755107522,0.0267477389425039,0.0561069175601005,0.059043813496828,0.0107788573950529,0.0111103933304548,0.0176439881324768,-0.0053421128541231,-0.0061018466949462,0.7583743333816528,0.7593857645988464,0.5902681946754456,0.5958794951438904,0.4287365078926086,0.486997902393341,0.4843066334724426,0.4653263390064239,0.4179203808307647,0.5028082132339478,0.4427144527435303,0.4055377542972564,0.4674381613731384,0.0041357849546578,0.0025310362561131,0.0249044971809939,0.0125806558681133,24.610145753994143,1,Rekurrensparese,716,i_n
-317.9668884277344,86.93705749511719,10.320921897888184,111.79409790039062,16.363901138305664,31.03242492675781,-30.830625534057617,-18.06995964050293,21.08220100402832,-11.90898609161377,-43.10517120361328,-28.590068817138672,10.73039722442627,13.22856330871582,8.363673210144043,9.491570472717283,8.652814865112305,7.372721195220947,4.784803867340088,6.434937953948975,5.326572418212891,4.590115547180176,3.6024773120880127,5.085180282592773,4.963125228881836,5.895246505737305,-0.3749432563781738,-0.1279241144657135,0.0691277831792831,0.3156955242156982,0.0115043716505169,0.1326805353164672,-0.0435481965541839,0.0621916688978672,0.115200936794281,0.0187794025987386,-0.0514723248779773,-0.0222063865512609,0.0577787831425666,2.4126362800598145,1.5260329246520996,1.0352544784545898,1.5146842002868652,0.858195960521698,0.7321600914001465,1.026291012763977,0.6702468991279602,0.5810416340827942,0.5910784602165222,0.918442726135254,0.8596515655517578,0.8876289129257202,0.4527737498283386,0.3801121115684509,0.1503533869981765,-0.2397563904523849,-0.0224928054958581,-0.0099415555596351,0.1419744342565536,0.0579150281846523,-0.0739834383130073,0.0181259419769048,0.1004060581326484,0.0736039951443672,-0.00039833507617,1.937075972557068,1.3266913890838623,0.6841201782226562,1.009451985359192,0.528998851776123,0.4856842756271362,0.6936200261116028,0.4629726707935333,0.4996004700660705,0.4881466329097748,0.6026918888092041,0.4763136506080627,0.4170143902301788,0.0035508434039578,0.0019725698685522,0.0155233936398594,0.0078108492075998,26.841808214750667,1,Rekurrensparese,725,i_n
-152.62857055664062,79.9098892211914,-34.51363754272461,113.32959747314452,2.574162244796753,53.30699920654297,-14.047587394714355,-14.344532012939451,10.013479232788086,21.736948013305664,-7.125874042510986,-25.31108856201172,14.232866287231444,21.255115509033203,4.803866386413574,5.407450675964356,5.196028232574463,4.3753509521484375,3.635346174240112,4.587258338928223,4.4169921875,6.073076248168945,4.016406536102295,4.280735492706299,3.342002391815185,4.550112247467041,-0.9093296527862548,-0.2350796610116958,-0.1927808821201324,0.0749927833676338,0.0158744659274816,-0.0891870334744453,0.010597513988614,-0.100861556828022,0.4134947061538696,0.1397937536239624,-0.072583369910717,-0.045614019036293,0.128602534532547,1.31669282913208,0.7887952923774719,0.8117342591285706,0.6048169136047363,0.5054313540458679,0.5717849135398865,0.7401267290115356,0.7323752045631409,0.6794807314872742,0.7554705142974854,0.694969117641449,0.53245609998703,0.5702080130577087,-0.0883888900279998,0.2172319889068603,0.1347325146198272,-0.004246705211699,-0.0711447671055793,-0.1084174737334251,0.0840104967355728,0.1167894452810287,0.0104892421513795,-0.0994886308908462,-0.04518548771739,0.0446669980883598,0.0002952681679744,0.8630576133728027,0.7295469045639038,0.6471196413040161,0.4945127069950104,0.6059513092041016,0.6433042287826538,0.423934668302536,0.6505610346794128,0.4197817146778106,0.5011546611785889,0.4953052103519439,0.440698891878128,0.4156001806259155,0.0154471540782996,0.0085392736811053,0.0717604648757886,0.0369963527992115,9.15091241526166,1,Rekurrensparese,726,i_n
-313.4552917480469,109.225341796875,43.70539855957031,89.3992691040039,9.023388862609863,30.291614532470703,-29.05016326904297,-20.06959342956543,13.025447845458984,-14.84116554260254,-7.947690963745117,-17.55757713317871,-22.62027359008789,22.27748680114746,13.93166446685791,10.837899208068848,11.483999252319336,6.419034957885742,4.731182098388672,7.052419185638428,5.3099751472473145,4.303887367248535,3.97965669631958,5.420305252075195,4.963793277740479,4.851991176605225,1.266440987586975,-0.555136501789093,-0.531270444393158,-0.332097589969635,-0.4029909372329712,-0.0682229548692703,0.2375215888023376,0.1917375326156616,-0.0237188525497913,-0.0077479346655309,-0.1277518421411514,0.1955405473709106,0.2871525883674621,4.496062278747559,2.185249090194702,2.6921091079711914,2.308688163757324,0.7110261917114258,0.7080553770065308,1.3287782669067385,0.9343777894973756,0.7765955328941345,0.6826362013816833,0.7168237566947937,1.0356611013412476,0.9754474759101868,0.8734515309333801,0.6866108179092407,0.0615550465881824,-0.4520691633224487,0.0470201410353183,-0.1923908591270446,0.4812217354774475,0.2212753146886825,-0.1355319172143936,-0.0182195901870727,0.1598953008651733,0.1831220984458923,0.1369753926992416,2.949361562728882,1.372575044631958,1.2069385051727295,1.2294446229934692,0.4301370978355407,0.505204439163208,0.9758046865463256,0.5949429273605347,0.5869139432907104,0.563288688659668,0.6946794986724854,0.4000841081142425,0.4542973637580871,0.0028246975529375,0.0013149462580385,0.0137489756444501,0.0040410447847404,31.813360235121973,1,Rekurrensparese,728,i_n
-322.9721374511719,91.40310668945312,-17.547622680664062,88.24227905273438,38.62881088256836,1.3858448266983032,-30.41166114807129,13.34421157836914,4.798240661621094,-20.180673599243164,-14.386738777160645,-21.24842071533203,-0.8146743178367615,24.93654441833496,8.006634712219238,7.339555263519287,12.737713813781738,6.302914619445801,3.6867730617523193,9.212933540344238,4.878181457519531,5.70886754989624,4.911978721618652,3.418676853179932,5.724374294281006,4.751655578613281,-0.8752143979072571,-0.1806970834732055,0.0608100518584251,0.1864950805902481,-0.0635739713907241,0.1424211114645004,0.0919885113835334,-0.12177624553442,0.0097206961363554,-0.0100794695317745,-0.053861528635025,0.0582836531102657,0.1773148328065872,4.239757537841797,1.3899242877960205,1.273916482925415,1.4084393978118896,0.715578019618988,0.7189332842826843,1.3448569774627686,0.6255035996437073,0.8771061301231384,0.76247239112854,0.5191386938095093,0.8428926467895508,0.636081337928772,1.0013219118118286,0.2726126313209533,0.218902051448822,-0.3476887941360473,-0.1701754480600357,-0.028342867270112,0.2293014675378799,-0.0528627671301364,-0.0283329039812088,0.0553495660424232,-0.05742909014225,0.0420915149152278,-0.0156387388706207,3.1751575469970703,0.9393161535263062,0.7301884293556213,1.158786416053772,0.8067665696144104,0.4217432737350464,0.858637273311615,0.3997430205345154,0.3475849032402038,0.4230202734470367,0.4171681702136993,0.3362691700458526,0.4171056449413299,0.0006356711138526,0.0002278696258311,0.0052061530251103,0.0014817411204098,39.4114496818223,1,Rekurrensparese,825,i_n
-283.57012939453125,91.1749267578125,-7.4531402587890625,105.3074951171875,33.23427963256836,63.99357986450195,-3.653619289398194,-3.322531223297119,19.806549072265625,11.745012283325195,7.22552490234375,-13.185928344726562,-2.6306560039520264,9.019641876220703,4.898200511932373,3.849644660949707,5.610041618347168,4.446118354797363,5.5597076416015625,4.151175498962402,6.733626842498779,4.840478420257568,4.092268466949463,4.739659786224365,5.795505523681641,5.110737323760986,-0.2316209524869918,-0.0601688399910926,-0.0013008624082431,0.0805640369653701,0.0783327892422676,0.1340799778699875,-0.0350056514143943,-0.0503337979316711,0.0435122288763523,0.0235678143799304,-0.0596051812171936,-0.0171744767576456,0.0123463328927755,1.316709280014038,0.7359068989753723,0.5528545379638672,0.8699920177459717,0.8890529870986938,0.8964295983314514,0.7328815460205078,0.8594154119491577,0.7864494323730469,0.5781184434890747,0.7305042147636414,0.8576310276985168,0.6611269116401672,0.1324757635593414,0.0491537600755691,0.0458710379898548,-0.0773240104317665,-0.0260281972587108,-0.0821790546178817,0.0232993457466363,0.0208393838256597,0.0219171158969402,0.0053329737856984,-0.0105167077854275,0.0367527864873409,0.0646729990839958,0.7615653872489929,0.5620651841163635,0.5427803993225098,0.7266539335250854,0.6519141793251038,0.7393898367881775,0.5720136165618896,0.5954786539077759,0.6582400798797607,0.4753625392913818,0.5418969392776489,0.6639199256896973,0.5691394209861755,0.0168436898248618,0.0096885597600622,0.100107983543053,0.0561190634019099,17.44541925877209,1,Rekurrensparese,849,i_n
-296.5026550292969,102.40991973876952,-8.23923110961914,80.67613983154297,30.858482360839844,18.859743118286133,-27.27678108215332,11.780566215515137,3.706427812576294,-1.478954553604126,-16.220294952392578,-9.81529140472412,-14.881720542907717,14.44118881225586,6.671167373657227,6.096493244171143,8.502083778381348,4.834973335266113,5.290402412414551,6.066508769989014,3.591334104537964,4.981601715087891,3.936290740966797,4.018929481506348,3.731186628341675,3.94528865814209,-0.7136796712875366,0.0829988270998001,0.1178769469261169,0.2690077424049377,0.0512903109192848,0.0015277360798791,0.1461932361125946,0.0530550181865692,-0.0766720548272132,0.0645105689764022,0.0083394078537821,-0.1161659285426139,-0.1795547902584076,1.9461922645568848,1.130612015724182,1.063443303108215,1.7500280141830444,0.8191043138504028,0.9000663161277771,0.8525822758674622,0.5351710319519043,0.5628693103790283,0.6508467793464661,0.6112186312675476,0.8093054890632629,0.6061064004898071,0.5885989665985107,0.2225821167230606,0.2404259145259857,-0.3065524101257324,-0.0357978343963623,-0.1385177373886108,0.2117897272109985,0.0246043857187032,0.0352238416671752,-0.0416453592479229,0.0308664683252573,0.0600304864346981,0.0808635354042053,1.7717080116271973,1.037310004234314,1.149863600730896,0.8056814670562744,0.4646538197994232,0.6491055488586426,0.7194998860359192,0.3873654901981354,0.4166836440563202,0.2794170379638672,0.31580650806427,0.5765430331230164,0.4133235812187195,0.0232261948018534,0.0135058362874667,0.0938706166418431,0.0501847998401479,15.773987927301238,1,Rekurrensparese,855,i_n
-237.05352783203125,81.44025421142578,4.122134685516357,85.24105834960938,12.72140407562256,45.40144729614258,-49.08229064941406,22.698022842407227,7.266957759857178,-22.1002140045166,-2.847731351852417,-12.588866233825684,-11.437315940856934,10.427454948425291,4.778049945831299,4.304772853851318,7.674907207489014,3.3116917610168457,4.0320353507995605,5.256771564483643,3.39693021774292,3.783154010772705,3.6242868900299072,2.950448513031006,3.417421340942383,3.414848566055298,-0.348177969455719,-0.0388288386166095,-0.0991440936923027,0.0280326232314109,0.0387639366090297,0.042850662022829,-0.0293456874787807,0.019361114129424,-0.0067001371644437,-0.0660269632935524,-0.0467328988015651,-0.0304776597768068,0.0223743822425603,1.62890887260437,0.8575668334960938,0.712834358215332,1.235632061958313,0.5148366689682007,0.5374993085861206,0.980383276939392,0.575308620929718,0.4766161739826202,0.6060505509376526,0.4132114946842193,0.5821306705474854,0.6898707151412964,0.3163421750068664,0.1225776374340057,0.0967386439442634,-0.1934150010347366,-0.0273150522261858,-0.0536812208592891,0.1718009263277053,-0.0272685475647449,0.0214774291962385,0.0218711514025926,0.0402425974607467,0.0131953563541173,0.0435547567903995,1.218682885169983,0.5183338522911072,0.4835052788257599,0.8457093834877014,0.3634518980979919,0.398039162158966,0.7066310048103333,0.3830773532390594,0.3605608344078064,0.440420538187027,0.3467535376548767,0.3355154395103454,0.4319106340408325,0.0066360306017298,0.0039195259177634,0.0314194053316311,0.0168753244320982,17.803154532463626,1,Rekurrensparese,859,i_n
-317.0014038085937,81.73722076416016,8.196385383605957,98.39854431152344,30.85038185119629,42.61874008178711,-32.17505645751953,7.282077789306641,-4.347760200500488,-11.755001068115234,-6.572568893432617,-21.059001922607425,-2.9403555393218994,7.8238525390625,7.976536750793457,4.6844024658203125,6.645112037658691,5.549972534179688,4.829493045806885,4.504358768463135,4.559596061706543,5.267593860626221,3.2137985229492188,3.3432064056396484,3.688427448272705,3.9886066913604736,0.0563152395188808,0.0118729099631309,0.0215321686118841,0.0265907347202301,-0.0138509329408407,0.0552793554961681,-0.0148538863286376,0.0236168950796127,-0.0300410240888595,-0.0041832695715129,0.0366822816431522,0.0134203014895319,0.0492392256855964,1.2116832733154297,1.486616134643555,0.8170666694641113,0.8190643787384033,0.641216516494751,0.6607187986373901,0.6568048000335693,0.5895270705223083,0.6176825761795044,0.5638481974601746,0.6312021613121033,0.6963440775871277,0.6609062552452087,0.2097080796957016,0.2022290527820587,0.0789746716618537,-0.0228429101407527,-0.001194251817651,0.0058257095515728,0.0836227238178253,0.057108249515295,-0.0047473749145865,0.004680233541876,0.005229621194303,-0.0036725697573274,0.0182682070881128,1.0739914178848269,0.8735243678092957,0.5254554748535156,0.4985954463481903,0.5152767896652222,0.5025765299797058,0.4858148396015167,0.4753810167312622,0.4765714406967163,0.3769598305225372,0.4413223266601562,0.5169059038162231,0.4535552263259887,0.0040757363679398,0.0021893767456037,0.0268255088518023,0.0119288225488728,25.76057021002337,1,Rekurrensparese,864,i_n
-283.03759765625,92.37252807617188,-9.127833366394045,87.1743392944336,43.20326232910156,12.742931365966797,-30.62752151489257,-11.114890098571776,8.979164123535156,-6.905333042144775,-24.48237609863281,-15.2416353225708,-19.68874931335449,17.236698150634766,8.9766263961792,6.855907440185547,6.004668235778809,4.776155948638916,7.044455528259277,5.871005058288574,7.047646522521973,5.575901508331299,5.648151397705078,4.082015514373779,4.687063694000244,4.029577255249023,-0.2930843234062195,-0.0444577187299728,0.105495885014534,-0.0513693243265152,0.0216618832200765,0.0244624856859445,0.098336212337017,0.0390938855707645,-0.0285637658089399,-0.0351036824285984,0.0440548807382583,0.0350992456078529,-0.0306557063013315,1.996960520744324,1.5082414150238037,0.9802904725074768,0.8779042363166809,0.8161472082138062,0.7121213674545288,0.8995736241340637,0.6781488060951233,0.6328221559524536,0.5892188549041748,0.5588586330413818,0.4995359182357788,0.6451541781425476,0.3643214106559753,0.2656169831752777,0.1362081617116928,-0.1014454811811447,-0.0709266290068626,-0.0269431173801422,0.0754147768020629,0.0468856059014797,-0.0121878320351243,0.0145789654925465,0.0367819108068943,0.012301342561841,0.0384300872683525,1.6000664234161377,1.2282005548477173,0.6917262077331543,0.6039398312568665,0.5180862545967102,0.4127501249313354,0.4602432548999786,0.4812122881412506,0.397108256816864,0.3285976052284241,0.3578957021236419,0.315511405467987,0.4447067081928253,0.0015080656459027,0.0008015414972425,0.0062128848632178,0.0025621241454645,31.56364998446145,1,Rekurrensparese,869,i_n
-342.9610900878906,110.57040405273438,-5.7783708572387695,85.8717041015625,16.442886352539062,18.085105895996094,-12.841642379760742,-6.025909900665283,15.6782808303833,-12.873720169067385,-16.2132568359375,-17.352304458618164,-7.416073322296143,8.234158515930176,7.132476329803467,6.185591697692871,5.669512271881104,4.2968831062316895,4.289259910583496,4.82277250289917,3.2370424270629883,3.855940341949463,4.940128326416016,5.162618160247803,4.269005298614502,4.041319847106934,0.0128710139542818,-0.056435003876686,-0.1176805421710014,-0.0265172813087701,-0.0092617142945528,0.0034070664551109,0.0264514777809381,0.0127344215288758,0.0273339506238698,0.0061779306270182,-0.0242695156484842,0.0074375760741531,-0.042076651006937,1.4212135076522827,1.1572097539901731,0.9575486183166504,0.8933702707290649,0.7191770076751709,0.6292209029197693,0.8891445398330688,0.5221890211105347,0.5871914625167847,0.5891152024269104,0.8254683613777161,0.6921325922012329,0.4817978739738464,0.2727241218090057,0.1839193254709243,0.1275895237922668,-0.10404534637928,-0.0089404825121164,0.0351321585476398,0.0881737098097801,0.0055908886715769,-0.0656654462218284,-0.0086670964956283,0.038052599877119,0.062316607683897,0.047850914299488,1.228327989578247,0.8713752627372742,0.6010338068008423,0.6485350131988525,0.5518220067024231,0.4375793635845184,0.6826629638671875,0.3960206508636474,0.5189261436462402,0.4820005595684051,0.5557436943054199,0.522441565990448,0.4160947799682617,0.0024084526363465,0.00138880943718,0.0150575203184444,0.0078969598695151,29.206339865410687,1,Rekurrensparese,874,i_n
-337.6302490234375,104.5696029663086,-10.246944427490234,77.12196350097656,41.18374633789063,38.00935745239258,-20.156042098999023,-21.44110107421875,27.41005516052246,-2.548438787460327,-27.360313415527344,-11.80416488647461,-6.7480974197387695,17.179794311523438,9.718647003173828,7.806438446044922,6.228743076324463,6.653246402740479,6.63688850402832,5.172732353210449,5.348835468292236,5.764459609985352,5.079693794250488,3.9590773582458496,5.103198528289795,4.443145275115967,-0.2518118917942047,0.0775519162416458,0.0587156824767589,0.024631954729557,-0.0647923797369003,0.1298466473817825,0.0322996042668819,-0.1050285995006561,-0.016137272119522,0.0389401614665985,0.0267150122672319,-0.0524858757853508,-0.0167583636939525,2.70406436920166,1.678133845329285,1.092950701713562,1.0974725484848022,0.9762569069862366,0.7150154709815979,0.6376939415931702,0.6011872887611389,0.7337324619293213,0.5788097381591797,0.6863535642623901,0.5452424883842468,0.6020839214324951,0.353151261806488,0.2359553873538971,0.1373086422681808,-0.1112431362271308,-0.0594365112483501,-0.0380465425550937,0.052921038120985,0.0494726710021495,-7.999499212019145e-05,0.0348483845591545,0.0252297557890415,0.0449791550636291,0.056956622749567,1.884206891059876,1.305327534675598,0.6454564929008484,0.734033465385437,0.7369083166122437,0.4165347516536712,0.4240726828575134,0.3737043142318725,0.5299796462059021,0.3613994717597961,0.3634724617004394,0.3666358888149261,0.4265116751194,0.0015057389277666,0.0007765679701312,0.0087044932971218,0.0038456268076697,35.19067512689516,1,Rekurrensparese,879,i_n
-273.8715515136719,122.75448608398438,-13.004443168640137,101.90017700195312,21.80780982971192,11.276226997375488,16.651765823364258,-11.299345970153809,-8.481719017028809,-0.4006935954093933,-1.7365508079528809,-15.08011245727539,-26.44662475585937,22.39444923400879,11.150060653686523,9.329936981201172,11.99475383758545,6.338793277740479,5.502614498138428,3.497026205062866,5.415101528167725,3.0894904136657715,3.4320647716522217,7.2559919357299805,4.91843318939209,6.1595234870910645,-0.3433346450328827,-0.0267047826200723,0.0336907096207141,0.1547671556472778,-0.0112469438463449,0.0862321779131889,0.0691712498664856,0.0126692717894911,0.0059691797941923,-0.0275296028703451,0.1728280484676361,0.0419815182685852,-0.1793221533298492,3.967993021011353,1.1661003828048706,1.6406714916229248,2.09627652168274,1.1108651161193848,0.9478762149810792,0.6508764624595642,0.7626769542694092,0.5834447145462036,0.5115036964416504,0.5758574604988098,0.7186324596405029,0.6907601356506348,0.8784059286117554,0.0695703625679016,0.1700424700975418,-0.539726734161377,-0.0969617292284965,-0.0610717497766017,-0.0426044017076492,0.0815359652042388,0.0398113802075386,0.020776430144906,0.0170200504362583,0.1067281737923622,0.0820269212126731,2.660290479660034,0.6467159390449524,0.9390414953231812,1.767642617225647,0.5983178615570068,0.5798531770706177,0.4682170450687408,0.4613463282585144,0.3422186076641083,0.3903943300247192,0.412363737821579,0.4999797642230987,0.4934893846511841,0.0060450713209299,0.0029645529421785,0.0664278179220779,0.0394407976025917,20.96074974536166,1,Rekurrensparese,880,i_n
-301.12713623046875,94.87933349609376,-15.886438369750977,98.1665267944336,30.46467399597168,24.18162727355957,0.9147467017173768,-19.00707054138184,4.942127704620361,-4.26974630355835,8.238771438598633,-23.526424407958984,-21.145301818847656,28.200702667236328,9.627779006958008,13.720683097839355,10.516457557678224,5.081730842590332,4.192306518554688,3.9370970726013184,4.845107078552246,4.931889533996582,8.001068115234375,5.321046352386475,6.0987467765808105,4.625014305114746,-0.6487376093864441,-0.0069720586761832,0.6535635590553284,-0.5768252611160278,-0.2200469225645065,-0.0934143140912056,0.0127919660881161,0.0505848154425621,0.0070427991449832,0.1407697200775146,-0.1547881215810775,-0.1022399365901947,0.1236284524202346,4.867094993591309,1.848042130470276,1.5990678071975708,1.837963342666626,0.9500607252120972,0.7422520518302917,0.6672799587249756,1.0307501554489136,0.7701535224914551,0.8817094564437866,0.9084591865539552,0.9700330495834352,0.7560856342315674,1.1599512100219729,0.5487136244773865,0.2627226114273071,-0.4057460427284241,-0.1776200532913208,-0.0803101360797882,0.1455997377634048,0.2189495861530304,0.0479054041206836,0.0875620394945144,-0.0155037799850106,0.071920022368431,-0.0467847473919391,2.801945447921753,1.3777343034744265,1.2640891075134275,1.2310529947280884,0.8120409846305847,0.5128782391548157,0.5788431167602539,0.6486595273017883,0.5482252836227417,0.5912582874298096,0.5659221410751343,0.4756864607334137,0.4610118567943573,0.002318451588776,0.0011397910290435,0.0108474206237573,0.0037910970462522,29.668815340120943,1,Rekurrensparese,883,i_n
-159.62489318847656,22.28368759155273,8.315325736999512,58.67171859741211,-0.6069044470787048,32.62289810180664,-34.227298736572266,-24.82709312438965,3.195404529571533,2.751862049102783,-35.932090759277344,-18.47186851501465,0.2177954614162445,20.902767181396484,19.311996459960938,7.79304313659668,6.908071041107178,8.316864013671875,7.303905963897705,6.876227378845215,5.661139965057373,5.913422107696533,4.978749752044678,4.133491516113281,4.453668594360352,5.482605457305908,0.3328432142734527,0.2740904092788696,0.5076490640640259,0.0791632980108261,-0.1122748181223869,0.0868788436055183,-0.090392529964447,-0.146164983510971,-0.2503023445606231,-0.2020786255598068,-0.175302192568779,-0.2027750462293625,-0.4412117302417755,3.995883941650391,3.09615159034729,1.5574040412902832,1.217504858970642,1.120967984199524,1.1526471376419067,1.0906065702438354,0.6503340601921082,0.6987168192863464,0.6271482706069946,0.5325067639350891,0.5859909057617188,0.7393726706504822,0.0836768075823783,0.3638045489788055,-0.1449318081140518,0.1286085844039917,0.0879129841923713,-0.0858235955238342,0.0501602441072464,0.0560956634581089,-0.0100310100242495,-0.0598653368651866,-0.0769763216376304,-0.0082283895462751,0.0305075645446777,2.34835171699524,1.892330288887024,0.9576464295387268,0.6517335772514343,0.5906767845153809,0.5635736584663391,0.6194124221801758,0.414945125579834,0.6079307794570923,0.4999538660049438,0.5988035202026367,0.5206520557403564,0.4005975723266601,0.0481179055289039,0.0252836675014167,0.1674855932960813,0.0695695149203194,2.189431603556981,1,Rekurrensparese,887,i_n
-316.8285522460937,119.53023529052734,6.394659519195557,93.12799835205078,38.61003494262695,38.39434051513672,2.9077296257019043,-7.563541412353516,17.970788955688477,13.976018905639648,-13.808534622192385,-21.60003471374512,0.2466990500688552,18.228797912597656,6.554886341094971,7.181305885314941,7.744665622711182,6.740447521209717,4.701712608337402,5.968353271484375,4.1424994468688965,3.365938425064087,3.295783519744873,4.195093631744385,4.0937676429748535,3.598424434661865,-0.4296344816684723,-0.0292533859610557,-0.0755629166960716,-0.0273628756403923,0.0718161240220069,-0.0072312946431338,0.0215830020606517,0.0039060865528881,0.0074460310861468,0.0170005932450294,-0.0023169806227087,-0.0586444847285747,-0.0149488104507327,2.25096082687378,0.8533540368080139,0.7471729516983032,1.3860913515090942,0.5841872096061707,0.7582200765609741,0.7392335534095764,0.6452791690826416,0.4843313694000244,0.482993870973587,0.7055559158325195,0.7770746350288391,0.552126407623291,0.2540434896945953,0.1277669370174408,0.0872985273599624,-0.2004668563604354,-0.0499761365354061,-0.0666067078709602,0.0711554661393165,0.0559955760836601,-0.0260581728070974,-0.0358799509704113,0.0487261414527893,0.0562742985785007,-0.0071015027351677,1.0819807052612305,0.6416915655136108,0.6081170439720154,0.8621618151664734,0.4574401080608368,0.6181280016899109,0.5731511116027832,0.5122243762016296,0.3705092072486877,0.3944002687931061,0.537000834941864,0.5448358058929443,0.4636116027832031,0.0051506080315789,0.0029489919968655,0.0280882049263328,0.0135669469780989,25.11099823093812,1,Rekurrensparese,893,i_n
-369.8580627441406,141.3882598876953,25.806241989135746,75.57793426513672,54.08202362060547,36.81068801879883,24.94595718383789,10.465057373046877,-3.570585489273072,-15.984078407287598,-0.2351963967084884,3.785918712615967,3.1659252643585205,17.586769104003906,6.2625579833984375,2.874093532562256,5.7633891105651855,4.8062286376953125,4.452446460723877,4.371717929840088,5.080904006958008,5.365931987762451,3.779875040054321,6.274219512939453,3.797306776046753,2.7834179401397705,-0.4504779875278473,-0.0937087461352348,-0.0044254311360418,0.106681153178215,0.0520616322755813,0.0697042569518089,0.0501510649919509,0.0258127227425575,0.0212791189551353,-0.0151740573346614,-0.0067057982087135,-0.0051957042887806,-0.0020082322880625,2.294740438461304,0.5187777280807495,0.3965930044651031,1.0524150133132937,0.8462204933166504,0.6641380786895752,0.6822400689125061,0.6558232307434082,0.6266987919807434,0.7424177527427673,0.6934731006622314,0.5776843428611755,0.4348180294036865,0.3629680871963501,0.0488457232713699,0.0183241348713636,-0.1728291660547256,-0.1373668760061264,-0.1080686897039413,-0.0429871417582035,0.015572709031403,0.0615702345967292,0.0768464803695678,-0.0010177469812333,0.0016378905856981,-0.0019810737576335,1.3509196043014526,0.3940255641937256,0.3004817366600036,0.7102591395378113,0.6331313252449036,0.5693393349647522,0.3819062411785126,0.4364269375801086,0.3743822574615478,0.4335243999958038,0.3976431488990783,0.3525761365890503,0.3169599771499634,0.0027880770848923,0.0013446178234453,0.0401706082479389,0.0178219110865632,24.74985931121692,1,Rekurrensparese,896,i_n
-338.4018249511719,103.18516540527344,-28.817716598510746,65.94906616210938,39.27203750610352,63.504188537597656,-3.8212344646453857,-1.1107317209243774,2.743126153945923,14.93761157989502,15.969183921813965,-4.296701908111572,6.657812118530273,9.102898597717283,6.284440517425537,4.999342918395996,5.73939323425293,4.183654308319092,5.674300193786621,4.749950408935547,4.26384162902832,4.110844612121582,3.533490896224976,3.646986722946167,3.715838432312012,3.714118242263794,0.2745438516139984,0.0490236021578311,-0.0226964484900236,-0.1689057499170303,-0.0665182247757911,-0.078520767390728,-0.0086689814925193,-0.0209167581051588,0.0183638781309127,-0.0502971112728118,-0.0369435288012027,0.060940533876419,-0.0189959462732076,1.4635907411575315,1.0068241357803345,0.8756999969482422,1.01698899269104,0.7972626090049744,1.1301876306533811,0.5582059025764465,0.5502342581748962,0.6313786506652832,0.6063540577888489,0.6012309789657593,0.5186509490013123,0.6131535768508911,0.2030520737171173,0.1632876247167587,0.1355397701263427,-0.1602536588907241,-0.0622036829590797,-0.1397371143102646,0.0461228862404823,0.0218423139303922,-0.0017131756758317,-0.0918947458267211,-0.0419084839522838,-0.0343424975872039,-0.0321093089878559,1.206276774406433,0.7193498015403748,0.6333218812942505,0.7655235528945923,0.5615963339805603,0.7535396218299866,0.5495775938034058,0.5399706959724426,0.4649504721164703,0.4975458681583404,0.4202829897403717,0.3988493978977203,0.4253490269184112,0.0117546242180059,0.0072409861782645,0.0680549803795708,0.0348080961649629,18.970808363662208,1,Rekurrensparese,897,i_n
-296.0542907714844,139.3159637451172,-12.53932762145996,83.76712036132812,23.90300750732422,59.20684051513672,-1.5407580137252808,-23.83942031860352,15.465548515319824,11.503544807434082,-7.089865207672119,-5.269366264343262,-0.9664565324783324,15.212550163269045,8.50999927520752,7.3848466873168945,6.554209232330322,3.877527475357056,4.931766510009766,4.880558490753174,3.637206554412842,4.1252217292785645,3.4979498386383057,5.160190582275391,4.105158805847168,4.085059642791748,-0.0718539804220199,0.0180465318262577,0.0482764281332492,-0.0599142983555793,0.0029822834767401,-0.03113286010921,-0.1187349483370781,-0.0067307176068425,0.025506529957056,-0.0150100961327552,-0.0078727165237069,0.001867446117103,-0.0018271612934768,1.941104888916016,1.375280737876892,0.860625147819519,1.1850298643112185,0.6454266309738159,0.8891239166259766,0.7205196619033813,0.5206132531166077,0.6035954356193542,0.5496101975440979,0.8767614960670471,0.5984597206115723,0.7287849187850952,0.005797135643661,-0.0117828352376818,0.0988434478640556,-0.0527931675314903,-0.0044949175789952,-0.0589709840714931,0.0220584738999605,0.041309043765068,-0.0154038667678833,0.0059951138682663,0.0489936433732509,0.0140579752624034,0.0083163045346736,1.4434010982513428,1.088031530380249,0.7427319884300232,0.9235959649086,0.4863665401935577,0.6993003487586975,0.6173446178436279,0.4669877588748932,0.4571307897567749,0.5042898654937744,0.7226811051368713,0.5334413647651672,0.6136822700500488,0.0063660226454602,0.0031630959448327,0.0411516993887917,0.0162080698060024,20.417032104231644,1,Rekurrensparese,908,i_n
-366.8742980957031,129.55282592773438,5.317504405975342,89.76649475097656,55.32329940795898,21.53891944885254,14.051929473876951,-11.515314102172852,-0.1442010551691055,11.704647064208984,0.6398630738258362,-20.31267547607422,-7.159453392028809,15.566451072692873,7.136898517608643,6.392601490020752,9.490077018737791,7.062146186828613,4.659021854400635,3.3222482204437256,6.44652795791626,5.171787738800049,3.206688404083252,5.920386791229248,3.4089481830596924,3.62580132484436,0.1711242198944091,-0.1013285145163536,-0.0586508326232433,-0.1996382921934127,0.0400910265743732,0.0795111805200576,-0.0443641319870948,-0.1020634621381759,-0.0473034046590328,0.0375360064208507,-0.0495523922145366,0.0106989871710538,0.0568810291588306,2.41339111328125,1.0246601104736328,0.8901363015174866,1.113458275794983,0.9612032175064088,0.6904478669166565,0.5867184996604919,0.7138514518737793,0.885865330696106,0.5806469917297363,0.6934079527854919,0.6062031984329224,0.5276676416397095,0.4640891849994659,0.1381552666425705,0.1053156480193138,-0.1737177073955536,-0.145285278558731,-0.0091432863846421,0.0117114316672086,0.0802987813949585,0.0322323776781559,0.0017420665826648,0.0545786246657371,0.0723981484770774,0.0126881385222077,1.856674075126648,0.6188578605651855,0.5659170746803284,0.8870395421981812,0.6958264112472534,0.5011269450187683,0.4107071161270141,0.5349885821342468,0.5043700337409973,0.3803915381431579,0.4376528561115265,0.4456135630607605,0.4019041955471039,0.0074742886848825,0.0046589357136886,0.0273720861378171,0.0143410422087763,30.42232330297081,1,Rekurrensparese,912,i_n
-312.6706237792969,131.8465576171875,-5.044665813446045,100.8532257080078,30.84917640686035,48.96537399291992,10.517857551574709,-16.400537490844727,24.831796646118164,16.065155029296875,7.824283599853516,-7.069958209991455,-4.02263069152832,25.861284255981445,3.932656526565552,6.142234802246094,12.554033279418944,4.629940509796143,5.966094970703125,4.586948394775391,4.356613159179688,4.071418762207031,4.148077011108398,3.76186466217041,3.4804234504699707,4.058339595794678,-0.401261031627655,0.0524961948394775,0.0797963365912437,-0.1196527257561683,-0.0050706742331385,-0.0770461186766624,0.0933483988046646,0.0367849804461002,-0.1089108362793922,0.0490114167332649,0.0108552798628807,-0.053853303194046,-0.0025483465287834,3.921255111694336,0.6692833304405212,0.9934830069541932,2.1451432704925537,0.8202807903289795,1.13111674785614,0.5830560922622681,0.7728714346885681,0.6727240085601807,0.7328226566314697,0.6687694191932678,0.5428659915924072,0.6663404107093811,0.7563139200210571,0.0127907507121562,0.1912087202072143,-0.4917200803756714,-0.1377029567956924,-0.2075769901275634,0.0596126616001129,0.1458906382322311,-0.0977760553359985,-0.0369297862052917,-0.0458072312176227,0.0580823048949241,-0.0343967340886592,2.322394609451294,0.4137231111526489,0.7330768704414368,1.539647340774536,0.6133546829223633,0.8146721720695496,0.6072689890861511,0.610027551651001,0.5613976120948792,0.3751290738582611,0.4296734631061554,0.4421172142028808,0.4770738780498504,0.0098960815356835,0.0059654451765696,0.0690469323171523,0.0390016739039981,16.74185632183861,1,Rekurrensparese,914,i_n
-309.8931884765625,96.11978149414062,-53.275203704833984,103.72015380859376,35.74917984008789,27.22824478149414,-25.736835479736328,-19.246337890625,31.1444149017334,-5.620689868927002,-26.236204147338867,-5.420070648193359,4.591549873352051,21.734230041503903,7.3216071128845215,7.956995964050293,9.452557563781738,5.342508792877197,4.514176368713379,4.567922592163086,4.642451763153076,3.630459070205689,3.096149682998657,3.15749740600586,2.6912105083465576,3.617696046829224,-0.5884289741516113,-0.0205922480672597,-0.0332147777080535,0.1174381673336029,0.0440309718251228,0.0705023407936096,-0.0398570075631141,-0.0703587532043457,0.1013368442654609,0.0486333481967449,0.0037298614624887,-0.0119922077283263,0.0661825761198997,3.3424489498138428,1.3380374908447266,1.3565036058425903,1.529228925704956,0.9284121990203856,0.7744686007499695,0.8039633631706238,0.627111554145813,0.6001201868057251,0.442135214805603,0.5939180254936218,0.4806460440158844,0.4960376620292663,0.5898374319076538,0.1513464897871017,0.2304299473762512,-0.2538288235664367,-0.0448126681149005,-0.0666439831256866,0.0882381722331047,0.054997444152832,-0.035532284528017,0.0381732583045959,0.0724522992968559,0.033732458949089,0.0182151421904563,2.306437730789185,0.989067554473877,0.9880876541137696,1.23516845703125,0.5879408717155457,0.4466028809547424,0.4430950582027435,0.3490289747714996,0.3629829585552215,0.2707315385341644,0.4076257050037384,0.2820433974266052,0.3705110251903534,0.0023966770850565,0.0010030238107221,0.0109342507020415,0.00314788155359,23.054065552945428,1,Rekurrensparese,924,i_n
-305.69171142578125,62.57745361328125,12.999221801757812,97.5074234008789,14.57556438446045,31.67082595825196,-36.07207107543945,2.894638061523437,18.33656120300293,-15.042762756347656,-23.87520217895508,2.1118533611297607,-15.00302028656006,15.82857608795166,9.059656143188477,5.08544921875,9.3893461227417,6.316164970397949,4.579296112060547,6.021949291229248,3.894423007965088,3.334106683731079,4.196412563323975,5.551407337188721,3.626340627670288,4.985466480255127,-0.0849283039569854,-0.0181983802467584,-0.0602204725146293,-0.2059654295444488,-0.0719746649265289,-0.0033463442232459,0.0209487210959196,-0.0413808599114418,0.0065291402861475,-0.0146349938586354,0.0525470525026321,0.0102500086650252,-0.0231904108077287,2.76924467086792,1.6725422143936155,0.9301291108131408,1.0952123403549194,0.7576255202293396,0.6537565588951111,0.9194963574409484,0.6353989839553833,0.6087204813957214,0.4579596817493438,0.5475617051124573,0.484109103679657,0.5208702087402344,0.5267883539199829,0.3509264886379242,0.0537996105849742,-0.2469850927591323,-0.0090758679434657,-0.010234223678708,0.1558068394660949,-0.006453514099121,-0.0548687875270843,-0.0162037778645753,0.0467088557779789,0.0042164609767496,0.0193166136741638,1.8838847875595093,1.2174382209777832,0.6899915933609009,0.9744237065315248,0.4495889842510223,0.4735380411148071,0.6077779531478882,0.4849454462528229,0.4211912155151367,0.3869743347167969,0.4199138283729553,0.3884114623069763,0.4340094327926636,0.0045480906855063,0.0026898274554779,0.0139856397913452,0.0058427258713197,23.22994469152516,1,Rekurrensparese,926,i_n
-283.0196228027344,115.31916809082033,-18.34680938720703,74.44454193115234,30.014318466186523,7.765652656555176,-45.30706024169922,13.20712661743164,-1.1114301681518557,-18.82340812683105,-1.8388993740081787,-18.63674545288086,7.725925445556641,19.009998321533203,4.853733539581299,8.942237854003906,8.576655387878418,6.10266637802124,4.072839260101318,6.48205041885376,4.458846569061279,3.752425193786621,3.932400703430176,3.469259023666382,4.207303047180176,4.545480728149414,-0.4656541347503662,-0.0031310813501477,0.1814507246017456,0.3173451721668243,0.1245872899889946,0.0256650559604167,-0.1246611699461937,-0.0233398303389549,-0.0321034453809261,-0.0104400096461176,0.0846643075346946,-0.0514310263097286,0.1760829389095306,2.6445183753967285,0.7782894372940063,1.184990406036377,1.5987025499343872,0.7559823989868164,0.7250276803970337,1.0971734523773191,0.6142940521240234,0.5050593614578247,0.6360321640968323,0.5258403420448303,0.6206159591674805,0.4982230067253113,0.7554486393928528,0.1187317445874214,0.2665189802646637,-0.343465119600296,-0.0959322080016136,-0.0454399138689041,0.2310187667608261,-0.0577848553657531,0.0434443727135658,0.0615061335265636,-0.0340013019740581,0.0599900744855403,-0.0974983721971511,2.0165956020355225,0.6920373439788818,0.8235952258110046,0.9009854793548584,0.4764054715633392,0.5352351665496826,0.7062819600105286,0.5759696960449219,0.3428755700588226,0.5152583718299866,0.4006231129169464,0.3386915624141693,0.5679345726966858,0.0066894779114162,0.0041939182801593,0.0456207254945034,0.0261940084148044,22.47001693566831,1,Rekurrensparese,928,i_n
-282.4488525390625,108.89249420166016,-8.26645278930664,87.6399154663086,36.96609878540039,10.393810272216797,-42.208534240722656,13.783580780029297,12.606411933898926,-22.26604080200196,-13.030016899108888,-18.85482215881348,1.9750328063964844,22.05486869812012,6.588048934936523,4.768555164337158,7.105240821838379,6.858280658721924,6.792322158813477,5.096304416656494,3.191004991531372,4.042386054992676,5.491002559661865,3.500203847885132,3.7528676986694336,3.597218513488769,-0.652111291885376,0.0481371358036994,-0.051147636026144,0.172023743391037,0.2155310213565826,-0.0714851915836334,-0.1737738251686096,0.0518740192055702,0.0784838870167732,-0.0890775695443153,-0.0685925334692001,-0.0174871571362018,0.065824270248413,1.6871062517166138,1.0139193534851074,0.8527392148971558,1.243727207183838,0.6757519841194153,0.6499672532081604,1.0270639657974243,0.480345755815506,0.6504708528518677,0.4528656899929046,0.6148014068603516,0.580412745475769,0.6149436831474304,0.3508739173412323,0.1582119315862655,0.1468408107757568,-0.1751821637153625,-0.0199203509837389,-0.0032851861324161,0.1241467520594596,-0.0006216745823621,-0.0588137619197368,0.0152829252183437,0.0385681726038455,0.0334369353950023,-0.0363891944289207,1.3432332277297974,0.5981917977333069,0.589103639125824,0.9026506543159484,0.4358184039592743,0.4415496587753296,0.5189239978790283,0.3389766216278076,0.4452436864376068,0.3200579285621643,0.3834868371486664,0.3799571096897125,0.3701955676078796,0.0022729547512417,0.0013263886644914,0.0126883748633144,0.0059228238532468,26.270069666268835,1,Rekurrensparese,929,i_n
