mfcc_1_mean,mfcc_2_mean,mfcc_3_mean,mfcc_4_mean,mfcc_5_mean,mfcc_6_mean,mfcc_7_mean,mfcc_8_mean,mfcc_9_mean,mfcc_10_mean,mfcc_11_mean,mfcc_12_mean,mfcc_13_mean,mfcc_1_std,mfcc_2_std,mfcc_3_std,mfcc_4_std,mfcc_5_std,mfcc_6_std,mfcc_7_std,mfcc_8_std,mfcc_9_std,mfcc_10_std,mfcc_11_std,mfcc_12_std,mfcc_13_std,d_mfcc_1_mean,d_mfcc_2_mean,d_mfcc_3_mean,d_mfcc_4_mean,d_mfcc_5_mean,d_mfcc_6_mean,d_mfcc_7_mean,d_mfcc_8_mean,d_mfcc_9_mean,d_mfcc_10_mean,d_mfcc_11_mean,d_mfcc_12_mean,d_mfcc_13_mean,d_mfcc_1_std,d_mfcc_2_std,d_mfcc_3_std,d_mfcc_4_std,d_mfcc_5_std,d_mfcc_6_std,d_mfcc_7_std,d_mfcc_8_std,d_mfcc_9_std,d_mfcc_10_std,d_mfcc_11_std,d_mfcc_12_std,d_mfcc_13_std,d2_mfcc_1_mean,d2_mfcc_2_mean,d2_mfcc_3_mean,d2_mfcc_4_mean,d2_mfcc_5_mean,d2_mfcc_6_mean,d2_mfcc_7_mean,d2_mfcc_8_mean,d2_mfcc_9_mean,d2_mfcc_10_mean,d2_mfcc_11_mean,d2_mfcc_12_mean,d2_mfcc_13_mean,d2_mfcc_1_std,d2_mfcc_2_std,d2_mfcc_3_std,d2_mfcc_4_std,d2_mfcc_5_std,d2_mfcc_6_std,d2_mfcc_7_std,d2_mfcc_8_std,d2_mfcc_9_std,d2_mfcc_10_std,d2_mfcc_11_std,d2_mfcc_12_std,d2_mfcc_13_std,jitter_local,jitter_rap,shimmer_local,shimmer_apq3,hnr,label,type,person_id,recording
-257.703857421875,193.7844390869141,-9.574795722961426,20.6623477935791,-49.142696380615234,-21.148738861083984,-1.0023739337921145,13.991079330444336,0.2748658955097198,-13.955414772033691,-9.615127563476562,4.558999061584473,-6.898933410644531,12.729039192199709,9.904059410095217,7.554958343505859,6.65327787399292,6.251015663146973,3.993520498275757,4.239005088806152,4.89117956161499,4.1062092781066895,4.857447624206543,3.999475479125977,3.1841824054718018,5.050367832183838,-0.2848184704780578,-0.2098544985055923,0.1968042403459549,0.2205371856689453,0.1034655719995498,-0.0300193279981613,-0.1006253063678741,-0.1692255586385727,0.0046417647972702,0.0816096514463424,0.064926840364933,-0.0526446849107742,-0.090790145099163,1.6219290494918823,1.4696495532989502,1.119418025016785,0.5693778395652771,0.8024373650550842,0.5107291340827942,0.7903679609298706,0.5139831304550171,0.5453420877456665,0.5028185844421387,0.5115594863891602,0.498080849647522,0.4795216023921966,0.1134601235389709,-0.0215519275516271,0.2003118842840194,-0.0803975909948349,0.1009261757135391,-0.0277911126613616,0.0312812104821205,0.0274300463497638,-0.0258154924958944,0.0248758774250745,0.0311926417052745,-0.0136086726561188,0.02177744358778,1.1336461305618286,0.7437419295310974,0.7818687558174133,0.4920152127742767,0.5544203519821167,0.3452505469322204,0.487215131521225,0.3581117689609527,0.3468481302261352,0.3692865371704101,0.41071218252182,0.3055303990840912,0.380623459815979,0.0071401362714249,0.0044873837147415,0.0224580312758052,0.0135542507285197,21.96539553644348,1,Hyperfunktionelle Dysphonie,1037,a_n
-261.0586853027344,242.3338623046875,-8.775284767150879,2.5141284465789795,-12.486421585083008,-36.0141716003418,-28.01711082458496,-1.9159979820251465,18.9174861907959,4.035363674163818,-24.7495346069336,6.265873432159424,12.202685356140137,15.954745292663574,12.226426124572754,5.24765682220459,3.5344390869140625,3.359163522720337,3.1951091289520264,3.755472421646118,3.0878798961639404,3.509514808654785,3.00254225730896,4.245729446411133,2.908735513687134,3.168339729309082,-0.1696183234453201,0.1607047915458679,-0.105313666164875,-0.0435356944799423,0.0228320863097906,0.0499299056828022,-0.0130613548681139,-0.0657725110650062,0.0261642877012491,0.0478348955512046,-0.0451480895280838,-0.0366306900978088,0.0457799211144447,2.801018238067627,2.230180025100708,0.9047600030899048,0.5504523515701294,0.5089321136474609,0.529045581817627,0.4955100417137146,0.5626257061958313,0.6183907985687256,0.412557303905487,0.7760457396507263,0.558117151260376,0.5951680541038513,0.6168481111526489,-0.472582072019577,0.1576513051986694,-0.0281104389578104,-0.0371365509927272,0.0937201231718063,0.0362476706504821,-0.019158037379384,-0.0693605244159698,-0.0259108878672122,0.1256572306156158,-0.0265315696597099,-0.0525372363626956,2.094425916671753,1.583841323852539,0.5983861088752747,0.2931995093822479,0.3554064333438873,0.4823555052280426,0.3086369931697845,0.3542520701885223,0.3443163335323334,0.3057178854942322,0.478815883398056,0.3649882972240448,0.3758580684661865,0.0018688063452675,0.0008121991285172,0.0139892833373383,0.0066976357664845,29.530490663569275,1,Hyperfunktionelle Dysphonie,1043,a_n
-271.22027587890625,161.23170471191406,18.045652389526367,36.29813766479492,-57.38312911987305,1.3781691789627075,-20.083744049072266,5.920639991760254,15.445345878601074,-25.498655319213867,-0.8520400524139404,2.207972288131714,-13.612607955932615,19.19216537475586,5.767570495605469,8.19106674194336,3.4462087154388428,5.236469745635986,3.968266248703003,3.720046758651733,4.9750847816467285,3.0828824043273926,4.655890464782715,3.741173028945923,3.17219614982605,3.798491954803467,-0.4435999393463135,-0.2715184986591339,0.2514769434928894,-0.0286976266652345,-0.0359053649008274,-0.0880902782082557,0.0481428503990173,-0.1274143606424331,0.0478036180138587,-0.0435407049953937,-0.0830123871564865,0.0332179777324199,-0.065852016210556,2.246147394180298,0.9218292236328124,0.6086217164993286,0.5908257961273193,0.8426180481910706,0.4738018810749054,0.5443040728569031,0.4966438710689544,0.3937132954597473,0.580912709236145,0.5014004707336426,0.5040706992149353,0.3346609473228454,0.3653469681739807,0.1384353935718536,0.0225698966532945,-0.0720438659191131,0.1666227877140045,0.0611188672482967,0.0223956480622291,-0.0507691800594329,-0.0460589230060577,0.0822034925222396,0.0253241304308176,0.0112776532769203,0.0500977337360382,1.276565432548523,0.6778029799461365,0.4296371638774872,0.5637770295143127,0.6685727834701538,0.4259972870349884,0.3963029384613037,0.4421334564685821,0.3536101281642914,0.4425594508647918,0.3786894679069519,0.3592748939990997,0.3067759573459625,0.0021779316942672,0.001253734163794,0.0205267349865821,0.0108469978074615,27.88069454499633,1,Hyperfunktionelle Dysphonie,1044,a_n
-313.72802734375,192.85269165039065,5.64384651184082,-15.865434646606444,-68.29667663574219,-9.771865844726562,10.196489334106444,-10.59050750732422,-10.525634765625,15.410223007202148,-8.083144187927246,-28.95657539367676,3.504168510437012,22.14226150512696,5.870542049407959,3.944684028625488,4.531455039978027,7.596442222595215,3.587723970413208,3.8090882301330566,4.495490074157715,4.27485466003418,4.171307563781738,3.1574203968048096,4.629033088684082,4.091059684753418,-0.5181277990341187,0.0452439226210117,0.0020787836983799,0.0557366870343685,-0.1031826883554458,-0.0450977943837642,-0.0339828692376613,-0.0974271968007087,-0.1260461956262588,-0.0620586052536964,-0.0208378098905086,-0.0822008252143859,-0.0251519288867712,3.9351675510406494,0.9990249276161194,0.7313865423202515,0.6264358758926392,1.3546481132507324,0.5549980401992798,0.6393951773643494,0.7376664280891418,0.6826156973838806,0.5925094485282898,0.5967900156974792,0.7510892152786255,0.6353737711906433,0.7507835626602173,-0.1577786803245544,0.079958438873291,0.0678020045161247,0.2158301174640655,-0.018274588510394,-0.0473204888403415,0.0824296921491622,0.072504773736,-0.0836918950080871,-0.0023608142510056,0.1011441200971603,-0.0529000125825405,2.6009316444396973,0.7990195751190186,0.6006568670272827,0.4719440340995788,0.8581876754760742,0.4208274781703949,0.3983740508556366,0.4779322147369385,0.4280152320861816,0.5296624898910522,0.3665183484554291,0.5139930844306946,0.4458042979240417,0.0037066041550865,0.0021045704982921,0.0370170491042517,0.0216881745688506,23.967081944058595,1,Hyperfunktionelle Dysphonie,1050,a_n
-229.69992065429688,181.2474670410156,9.808584213256836,55.80440521240234,-53.736759185791016,-5.999268054962158,-5.206786632537842,5.218310832977295,16.907880783081055,-9.581769943237305,-8.392349243164062,-1.3308621644973757,1.987565279006958,7.057841300964356,3.36519718170166,4.356813430786133,3.4744808673858643,3.989624500274658,3.9769787788391113,3.7835986614227295,3.189763069152832,3.268275499343872,2.402137041091919,3.019261598587036,3.2405099868774414,3.540151834487915,0.0195829179137945,0.1039928123354911,-0.0144383953884243,0.0875332131981849,-0.1471955478191375,-0.0364342145621776,0.0062708244659006,0.096635565161705,0.0625960677862167,-0.0133491680026054,-0.0320734605193138,0.0141888465732336,0.0070663900114595,0.9398744106292723,0.5735518336296082,0.8347586989402771,0.6299993991851807,0.4782690107822418,0.5440590381622314,0.534243106842041,0.4496544301509857,0.5280935168266296,0.3388010859489441,0.5359806418418884,0.439117282629013,0.5054318904876709,-0.0031368581112474,0.0908494219183921,0.1240705177187919,-0.013121142052114,0.0544014908373355,-0.0448254346847534,0.005240136757493,-0.0193759184330701,-0.010808253660798,0.0094770854339003,0.0128436470404267,0.0212874114513397,-0.0181605275720357,0.5246068835258484,0.4563258588314056,0.6097418069839478,0.4118416011333465,0.3758353292942047,0.4479947388172149,0.3697658479213714,0.2496758550405502,0.3747144341468811,0.3029935657978058,0.3990417420864105,0.3567962348461151,0.3423394858837127,0.002812223029261,0.0014617505075576,0.0225395118574982,0.0116192122234002,22.699800639497425,1,Hyperfunktionelle Dysphonie,1051,a_n
-285.9026184082031,227.36019897460932,24.246013641357425,30.668432235717773,-37.41305160522461,-7.903940200805664,-18.374116897583008,3.64011287689209,-2.5990726947784424,0.2278817743062973,-3.2847909927368164,-9.28899383544922,-13.673628807067873,25.590551376342773,7.674125671386719,13.296833038330078,6.478294372558594,6.527625560760498,5.9799675941467285,9.760346412658691,4.1086273193359375,3.521812677383423,4.1883697509765625,5.59962797164917,4.778960227966309,4.461164951324463,-0.7979498505592346,0.0999231711030006,0.2354553341865539,0.0451202802360057,0.0503781735897064,0.1338659077882766,0.1561688184738159,-0.0167760141193866,-0.0620136931538581,-0.1130336299538612,-0.0527218505740165,0.0233605802059173,0.0492982231080532,1.6229602098464966,1.457123041152954,0.953717052936554,0.8011566996574402,0.8654041886329651,0.7436884641647339,0.7347421050071716,0.681688129901886,0.5913666486740112,0.6613887548446655,0.7122935056686401,0.6875485777854919,0.843691885471344,0.3638263940811157,-0.2815693020820617,0.0844789817929267,-0.0563654787838459,0.1053031012415885,-0.0260640569031238,0.0523868016898632,-0.0557484291493892,0.0274876691401004,0.0132649540901184,0.0468709506094455,0.0332292020320892,-0.0216055419296026,1.4752905368804932,1.0395885705947876,0.7094976902008057,0.551450252532959,0.5505169630050659,0.5121498107910156,0.6058257222175598,0.5085484385490417,0.4429710507392883,0.4069506227970123,0.4490624070167541,0.5169781446456909,0.5455424189567566,0.0024810279137063,0.0012749202596463,0.042522849953258,0.0238637458091215,22.966122276627665,1,Hyperfunktionelle Dysphonie,106,a_n
-281.51397705078125,243.77426147460932,7.271636962890625,5.517487049102783,8.19406795501709,-24.31089210510254,-18.68321228027344,11.144271850585938,21.988874435424805,-0.262726366519928,-1.1416946649551392,-1.4416776895523071,4.430678844451904,26.33232688903809,12.165660858154297,6.052674770355225,5.996198177337647,3.3897299766540527,2.796689748764038,2.6239230632781982,2.6188111305236816,2.1718811988830566,2.6499810218811035,3.2774364948272705,2.1895411014556885,1.6979624032974243,-0.6649914979934692,0.1554562151432037,0.0296025592833757,0.0636991187930107,0.0964271798729896,-0.0166454594582319,-0.0160563290119171,-0.0198486968874931,0.0428418815135955,-0.0151835437864065,-0.0544994957745075,-0.0229100082069635,0.0145753417164087,2.534959077835083,1.9963467121124268,0.912860870361328,0.7261095643043518,0.5663947463035583,0.4471255540847778,0.4093106091022491,0.481597900390625,0.3355933725833893,0.4995724856853485,0.4028061330318451,0.3493656814098358,0.2849894165992737,0.2786927223205566,-0.2991699278354645,0.0683625787496566,-0.0027558039873838,-0.0631313994526863,0.0442361459136009,0.0349621511995792,-0.0151137383654713,-0.0286027323454618,0.0378664545714855,0.0178065951913595,0.0138110965490341,-0.0046699112281203,1.658565878868103,1.380714774131775,0.5721624493598938,0.486725240945816,0.3995958268642425,0.3651556074619293,0.3226416409015655,0.3276629447937011,0.2705879211425781,0.3205144107341766,0.2867182195186615,0.2251978814601898,0.2282693833112716,0.0029512193107828,0.0013117738249304,0.0306361656692229,0.0131267931145025,23.28053684034309,1,Hyperfunktionelle Dysphonie,1083,a_n
-268.7569580078125,223.212890625,26.37434768676757,51.21543884277344,-13.667020797729492,-44.47379302978516,-33.63203811645508,1.750927448272705,12.34199047088623,-10.553895950317385,-1.515125393867493,13.664883613586426,-12.626738548278809,11.932265281677246,7.9881486892700195,6.347923755645752,7.8727288246154785,6.842274188995361,7.602394104003906,5.393859386444092,5.834249019622803,5.872966766357422,5.549415588378906,4.463578224182129,4.485930919647217,4.242322444915772,0.1116163954138755,-0.2597258985042572,-0.0118321795016527,-0.0165666658431291,-0.0202342774718999,0.1940618157386779,0.1115252748131752,-0.0727699846029281,0.021800423040986,-0.0890249162912368,-0.0924664065241813,0.071005530655384,0.0690464600920677,1.9350908994674685,1.3734596967697144,1.0700160264968872,1.539045333862305,1.206262230873108,0.9215059280395508,1.0072431564331057,0.7805991768836975,0.8170367479324341,0.6683663129806519,0.767288088798523,0.63624507188797,0.7161189913749695,0.263437807559967,-0.1797821223735809,0.0574528947472572,-0.0540811419486999,0.0647646933794021,0.0919664949178695,0.0460317246615886,-0.0413378737866878,-0.0686729401350021,-0.0004487316473387,0.0271816868335008,0.0225640423595905,0.0387552343308925,1.568150281906128,0.8445871472358704,0.7276329398155212,0.7915639877319336,0.7103284001350403,0.6363810896873474,0.6023855209350586,0.4732184708118438,0.5669510364532471,0.4158957898616791,0.471922218799591,0.5249696969985962,0.426877498626709,0.0060853622706926,0.0032734968796575,0.0509442674137093,0.0278742482312512,20.257812616433625,1,Hyperfunktionelle Dysphonie,1085,a_n
-293.6520080566406,213.89117431640625,37.53418350219727,-0.5835820436477661,-21.43273162841797,-21.45299530029297,-24.43033218383789,-6.928672790527344,8.899701118469238,-5.84760332107544,-31.802398681640625,-18.88528633117676,12.974154472351074,28.81484031677246,18.078670501708984,8.799894332885742,7.088883399963379,5.498355865478516,5.620983600616455,5.161770343780518,4.1595892906188965,3.6425087451934814,4.473593711853027,7.960321426391602,6.111025333404541,3.575200319290161,-0.9442750215530396,0.0497704744338989,0.1657061129808426,0.0050501227378845,-0.1223043948411941,0.2379927188158035,0.1860316693782806,-0.0503666289150714,0.1109983772039413,-0.0467080809175968,-0.2304998040199279,-0.2562337219715118,-0.1095001623034477,5.617356777191162,3.291668653488159,1.2517956495285034,1.353526949882507,1.050146460533142,0.8596154451370239,0.9660112857818604,0.8861899971961975,0.7241736650466919,0.7281861305236816,1.6602182388305664,1.292109489440918,0.556320071220398,0.871576726436615,-0.6934215426445007,-0.0492129959166049,0.249844804406166,0.1152291744947433,0.1881812214851379,0.0812611579895019,0.0487733744084835,-0.0576661638915538,-0.0332573316991329,0.2709074914455414,0.1979150474071502,-0.1335968226194381,2.0997703075408936,2.301363229751587,0.727637767791748,0.9153590202331544,0.6496997475624084,0.7022182941436768,0.7249922752380371,0.5145441889762878,0.4455412328243255,0.4414831399917602,0.765074610710144,0.6385993361473083,0.4848585128784179,0.0504411147382326,0.0279422198962878,0.2035947666181093,0.0834592197419901,5.865207428402706,1,Hyperfunktionelle Dysphonie,1088,a_n
-212.52740478515625,169.4302520751953,8.643289566040039,34.76779556274414,-72.66952514648438,-15.107220649719238,-1.4082415103912354,8.758488655090332,5.752362251281738,14.03549575805664,-8.257009506225586,-16.789409637451172,3.055120944976806,23.965362548828125,8.285470008850098,6.862518787384033,8.975238800048828,8.71696949005127,4.658075332641602,4.041787624359131,4.071858406066895,3.299509763717652,3.96481204032898,4.1391119956970215,4.782278060913086,2.9082581996917725,-0.5884305238723755,-0.0194874685257673,0.0782107710838317,0.1701951622962951,-0.0288997367024421,0.0135101499035954,-0.0257563665509223,0.0448231287300586,-0.0377159193158149,0.0094342343509197,0.093195654451847,-0.0838559120893478,-0.0242826100438833,2.7018425464630127,1.639976978302002,1.1445022821426392,1.206203818321228,1.6383655071258545,0.8064271807670593,0.6567162871360779,0.6670200228691101,0.513286292552948,0.6756780743598938,0.5963638424873352,0.6437883377075195,0.5487965941429138,0.3881922364234924,-0.1009864062070846,0.0631107091903686,-0.1400320529937744,0.2479471713304519,-0.0238087121397256,-0.0377846471965312,-0.02728858217597,0.0505368821322917,-0.0479264073073864,0.0490894950926303,0.0170547701418399,-0.0208787694573402,1.513283133506775,1.1553038358688354,0.6957128643989563,0.8236873149871826,0.9560572504997252,0.5629416704177856,0.4552738964557647,0.4046224951744079,0.3358372747898102,0.4556290805339813,0.4970327913761139,0.470216304063797,0.3656173050403595,0.0066556300451039,0.0037916775699462,0.0718110058363205,0.0401932369282168,18.26915058991788,1,Hyperfunktionelle Dysphonie,1090,a_n
-183.3892974853516,159.5786895751953,-22.271615982055664,3.789709329605103,-63.16630935668945,29.931957244873047,2.842430591583252,-0.1045480668544769,25.542943954467773,-7.772185325622559,-7.75087833404541,-2.3156535625457764,-15.784177780151367,7.485883712768555,7.715638637542725,5.285789966583252,5.993643760681152,3.5980448722839355,3.2387375831604004,4.118699073791504,3.5128486156463623,3.658781051635742,3.1062045097351074,3.3854990005493164,3.539236068725586,3.397189855575561,-0.0922736674547195,-0.2472074180841446,-0.0823154747486114,0.1782814115285873,-0.0170881766825914,0.007356708869338,-0.0487508885562419,-0.0727387145161628,-0.0057789329439401,0.0233076624572277,-0.0099800797179341,-0.0323933102190494,-0.0568419471383094,1.2556965351104736,0.8922064900398254,0.8566745519638062,0.7385461330413818,0.5827845335006714,0.5503148436546326,0.5416180491447449,0.4677768647670746,0.6286839842796326,0.4653289020061493,0.5060839056968689,0.5534539818763733,0.4385475218296051,0.1455821543931961,0.1323304772377014,0.1410846263170242,-0.0167187880724668,0.0360896475613117,-0.0142221814021468,0.0222792327404022,-0.0086739333346486,0.0157965682446956,-0.0321750305593013,-0.0006522150360979,0.0087097259238362,-0.0161591935902833,0.6334013342857361,0.5671238303184509,0.6501766443252563,0.4446747004985809,0.4073334038257599,0.3585780560970306,0.3581156432628631,0.3550901412963867,0.5256608724594116,0.382976621389389,0.3847439587116241,0.4267857670783996,0.3479174375534057,0.0032624534255914,0.0017960846301561,0.0295523376951535,0.0160760728287549,19.920847497435965,1,Hyperfunktionelle Dysphonie,1113,a_n
-215.0128936767578,158.6059112548828,-15.990802764892578,10.807571411132812,-38.27199172973633,8.697218894958496,-30.69437789916992,7.343941211700439,-4.664490699768066,-18.44161033630371,-4.161616802215576,10.676247596740724,8.809818267822266,13.732909202575684,4.578028202056885,7.120026111602783,4.277961254119873,3.822775840759277,3.731208562850952,4.6770429611206055,4.194202423095703,4.40867805480957,4.177857875823975,4.876364231109619,3.2240889072418213,4.854770660400391,-0.4083370566368103,-0.0406138859689235,0.0213307309895753,0.0541805438697338,-0.0229438450187444,0.0028770272620022,0.0320073030889034,-0.0453580990433692,-0.1186101511120796,-0.0787724703550338,-0.0830909460783004,0.0263509079813957,0.0203535035252571,1.4016151428222656,0.7901929020881653,1.2829879522323608,0.5730047821998596,0.6053751707077026,0.5107342600822449,0.5771618485450745,0.6138640642166138,0.6300466060638428,0.6840576529502869,0.5167838931083679,0.4651095569133758,0.467492401599884,0.2249754965305328,0.0947357714176178,0.2453190684318542,0.026034690439701,0.1152549311518669,-0.0262527428567409,0.1069728806614875,-0.0099216876551508,0.0324479714035987,0.0587003268301487,0.0885456800460815,0.0108296619728207,0.0131387999281287,0.9186072945594788,0.5613687634468079,0.8744913935661316,0.4539801180362701,0.6188564896583557,0.4043930470943451,0.5403316617012024,0.4135216772556305,0.4176024794578552,0.5204822421073914,0.4668066203594208,0.282823234796524,0.4129135906696319,0.0041560180452412,0.0024616625922237,0.0236256289970132,0.0131205427607411,18.85758842069232,1,Hyperfunktionelle Dysphonie,1118,a_n
-234.4095458984375,200.87228393554688,-22.78774642944336,3.881040096282959,-35.647857666015625,-20.18442153930664,-23.409292221069336,9.081656455993652,17.401390075683594,-8.020492553710938,-11.304676055908203,2.105097532272339,12.09867000579834,24.51207160949707,9.277667045593262,10.006746292114258,3.911624670028688,5.913632869720459,3.032767534255981,4.748191833496094,4.361772060394287,3.520632743835449,4.09083366394043,3.572675943374634,3.06534743309021,2.653907537460327,-0.7233368158340454,-0.3046648502349853,0.3650090098381042,0.0546431131660938,0.1053089946508407,0.0669604316353797,-0.0700686424970626,-0.0541226156055927,-0.0978731364011764,-0.0705888271331787,0.0817623734474182,-0.0301742237061262,-0.0399430990219116,1.932586669921875,0.9255226254463196,0.9125460386276244,0.4562079906463623,0.8162791132926941,0.4201991558074951,0.7171763777732849,0.5297050476074219,0.5409389138221741,0.450608342885971,0.5746557116508484,0.4744798243045807,0.4347964525222778,0.2077113538980484,-0.0178126972168684,0.2219264358282089,0.0344473794102668,0.1596215218305587,0.0269113257527351,0.0621853098273277,-0.0167031176388263,-0.0165145564824342,0.0336299948394298,0.0242442674934864,0.0117690125480294,0.0017566219903528,1.17183518409729,0.7540602684020996,0.8856538534164429,0.4532106220722198,0.6357895731925964,0.3842929303646087,0.4391397535800934,0.3679207563400268,0.380671352148056,0.3382407426834106,0.3807845711708069,0.327506422996521,0.32943856716156,0.0064418394759499,0.0034957759393323,0.0718056471445489,0.0399524553817307,18.91846936988288,1,Hyperfunktionelle Dysphonie,1189,a_n
-240.74815368652344,211.092514038086,-30.390174865722656,-30.85688209533692,-31.83427047729492,-0.3626787364482879,-15.005932807922363,-7.113606452941895,6.877023696899414,-7.321204662322998,-7.340991020202637,-0.8709443211555481,-3.142088890075684,12.748163223266602,7.733793258666992,6.663463115692139,5.19605827331543,4.409544467926025,4.769996166229248,3.771535634994507,6.289730072021484,3.743631601333618,2.913731098175049,3.246586799621582,3.6565115451812735,4.0819621086120605,-0.1324902325868606,-0.3072311878204345,0.048525620251894,-0.0472965128719806,0.1435762643814087,0.0760099813342094,-0.0311356764286756,-0.2167060524225235,0.0732829645276069,0.0091434279456734,-0.0002653159608598,0.0591165348887443,-0.1540692001581192,2.1368374824523926,1.3775386810302734,1.318130373954773,0.6985486745834351,0.6011436581611633,0.5912140607833862,0.8685411214828491,0.8294513821601868,0.4799683094024658,0.4115820527076721,0.5011451244354248,0.4468397498130798,0.5375426411628723,0.4466727674007416,0.0858064144849777,0.1882809698581695,0.0364017225801944,0.0442798510193824,-0.0093777878209948,0.0681368559598922,0.0005327083636075,-0.039521500468254,0.0623137988150119,-0.0055736857466399,-0.0270863641053438,-0.0379811599850654,1.33629047870636,1.1014471054077148,0.6378369331359863,0.4437937438488006,0.4894892573356628,0.3645426332950592,0.4879193902015686,0.5097723603248596,0.3748393654823303,0.3685249388217926,0.365801453590393,0.3922784924507141,0.35781329870224,0.0028701514542246,0.0016557377231571,0.0341682227274913,0.0193796359743431,25.274321405112868,1,Hyperfunktionelle Dysphonie,1196,a_n
-268.9681091308594,190.32891845703125,-6.753495693206787,10.464144706726074,-30.646425247192383,-12.127077102661133,-19.37810707092285,11.333827018737791,5.320035934448242,-28.76376724243164,-14.385638236999512,7.037080764770508,-1.4421874284744265,10.419334411621094,5.986331462860107,5.247154235839844,3.186043500900269,3.1424877643585205,2.7670700550079346,3.514298439025879,2.514544010162353,3.596442699432373,3.836028814315796,3.764139652252197,3.666175603866577,2.296138525009156,-0.1824419200420379,-0.2649599015712738,0.0209889765828847,-0.0138624291867017,-0.0154357301071286,0.0002969340712297,0.1102300882339477,-0.0601460598409175,0.0056744525209069,0.0289487298578023,-0.0496968142688274,0.0022826150525361,-0.0112349241971969,1.26594340801239,1.0899899005889893,0.8184606432914734,0.5579273700714111,0.5173696279525757,0.4326965808868408,0.5199684500694275,0.4504845142364502,0.5375398993492126,0.5837422013282776,0.4900619685649872,0.5013397336006165,0.3907589614391327,0.2398965656757354,0.1333869695663452,0.1151038631796836,-0.0014937176601961,0.0480359382927417,0.0207103826105594,0.0286032203584909,-0.016711626201868,-0.0076309223659336,0.0354937650263309,0.0314501859247684,0.0137699153274297,0.0473393872380256,0.9677209854125975,0.7220181226730347,0.5173521637916565,0.3857653737068176,0.4069222807884216,0.3337055146694183,0.3828412592411041,0.3167425394058227,0.3639496862888336,0.3391561806201935,0.3805449604988098,0.3684929013252258,0.3525481820106506,0.0019237530385651,0.0011272667063243,0.012727035479116,0.0072324335158019,28.948562502552345,1,Hyperfunktionelle Dysphonie,1204,a_n
-211.7524871826172,172.71688842773438,-32.42193984985352,12.78838062286377,-49.54987335205078,-20.98596954345703,-33.96778869628906,-3.803194046020508,20.60730743408203,-22.050514221191406,-5.614637851715088,-1.5615874528884888,-4.065986156463623,21.19217109680176,6.537384033203125,5.453310012817383,4.93229866027832,4.347113132476807,4.010580062866211,3.519751787185669,4.366903305053711,4.244742393493652,3.8532967567443848,2.649189710617065,3.821615695953369,3.2158565521240234,-0.5138464570045471,0.0960225090384483,0.0077991588041186,0.0733799785375595,-0.1011880189180374,0.0101394047960639,-0.0146708562970161,0.0102144069969654,0.0739271864295005,-0.0489059053361415,0.0284861903637647,0.0019301099237054,0.0416709780693054,2.858836889266968,1.0727707147598269,0.9529706239700316,0.7885753512382507,0.6489040851593018,0.528260350227356,0.606117308139801,0.5536617040634155,0.5581525564193726,0.5700469017028809,0.4206078350543976,0.5374482274055481,0.4769617319107055,0.4697243869304657,-0.1319033205509185,0.1333634704351425,-0.0654594004154205,0.0719330161809921,0.0077513274736702,0.0526351518929004,-0.0107730412855744,-0.0609551817178726,0.0703533887863159,0.0203202292323112,-0.0172463450580835,0.0016140115913003,2.039835214614868,0.7651750445365906,0.673431396484375,0.4383964240550995,0.4471981823444366,0.3033555746078491,0.4089743196964264,0.3524286150932312,0.4465159475803375,0.4324066936969757,0.3336263298988342,0.3796727061271667,0.2960217893123626,0.002404764141505,0.0013791592757983,0.0164969655745748,0.009257649766563,28.543940294012337,1,Hyperfunktionelle Dysphonie,1222,a_n
-194.47080993652344,183.7415313720703,-27.09136390686035,-0.5918815732002258,-31.59596061706543,-14.781254768371582,-42.37093353271485,15.38583278656006,13.471108436584473,-28.580223083496094,6.387895584106445,-1.727586030960083,-13.18694019317627,27.98635482788086,7.622209548950195,9.52603244781494,3.573899030685425,4.425909519195557,3.486833333969116,7.047051429748535,4.480948925018311,3.403804063796997,5.003350257873535,4.549180030822754,2.0428240299224854,3.4379782676696777,-0.7246625423431396,0.0778632909059524,0.1357845067977905,0.0918159410357475,0.0100450469180941,-0.0425105541944503,0.0090213185176253,0.0436059758067131,-0.0317071303725242,-0.0317651964724063,-0.0811009034514427,-0.0037556441966444,-0.0448151156306266,3.944833755493164,1.4474542140960691,1.2735943794250488,0.5199106931686401,0.5314305424690247,0.4914930462837219,1.183820724487305,0.8063822388648987,0.7425944209098816,0.942463994026184,0.5654972791671753,0.3074142038822174,0.608038067817688,0.8813088536262512,-0.2932210862636566,0.2418217211961746,-0.0292827412486076,0.0996964126825332,-0.0121464980766177,0.2418438643217086,-0.1363406330347061,-0.0889160335063934,0.1488840878009796,-0.1268466860055923,-0.024832559749484,0.0360255949199199,2.7154366970062256,1.1569477319717407,0.7094839215278625,0.3988063931465149,0.469518780708313,0.4529112577438354,0.7594483494758606,0.55207759141922,0.3896127641201019,0.5096643567085266,0.5372360944747925,0.289382129907608,0.3068108558654785,0.0038606894788727,0.0021898047643612,0.022176458076979,0.011826178350005,25.631130478064023,1,Hyperfunktionelle Dysphonie,1266,a_n
-272.5660400390625,192.48883056640625,-24.085956573486328,22.122547149658203,-34.7346076965332,1.1314094066619873,-15.24766731262207,-1.3155553340911863,5.1979169845581055,-5.770461082458496,-2.7598624229431152,5.702883720397949,11.19841766357422,7.868186950683594,6.087209701538086,4.232883453369141,4.840274810791016,3.539375066757202,4.98836612701416,4.030171871185303,3.7751190662384033,3.352231025695801,3.459052324295044,3.1350083351135254,4.434742450714111,3.4589767456054688,0.1710908710956573,-0.236056312918663,-0.0027568426448851,0.0337546505033969,-0.1668188571929931,-0.2455810904502868,-0.0910062789916992,-0.1555458903312683,0.0637650266289711,-0.0089270891621708,-0.1248829811811447,0.395018070936203,-0.1710893809795379,1.3354055881500244,1.162764549255371,0.9338962435722352,0.7457964420318604,0.6624674797058105,1.0886211395263672,0.7966440916061401,0.6147918701171875,0.7021033763885498,0.5411372780799866,0.5123326182365417,0.556355893611908,0.4471856355667114,0.3668254613876343,0.3200719952583313,0.1019066199660301,0.0705199986696243,0.0837184265255928,-0.1052700355648994,-0.1095606163144111,-0.0603758506476879,0.0948347523808479,0.0200573969632387,0.0659803226590156,0.0131516484543681,0.0536194555461406,0.9413957595825196,0.9160366058349608,0.3552933931350708,0.5330422520637512,0.444634735584259,0.6057493686676025,0.5766646862030029,0.4404609203338623,0.2987502217292785,0.3011091947555542,0.4352396726608276,0.4359171092510223,0.3401533663272857,0.004110386804324,0.002034202219817,0.019047998424007,0.0101106728766779,23.617512125443312,1,Hyperfunktionelle Dysphonie,127,a_n
-202.0083923339844,216.14825439453125,-9.217329025268556,2.4613287448883057,-39.24308776855469,-12.13814926147461,0.2251548618078231,-21.94206047058105,15.38587474822998,13.86941909790039,-31.70678329467773,-1.0463552474975586,11.596288681030272,17.36030387878418,6.356421947479248,14.305715560913086,6.388010025024414,4.352962017059326,3.951452016830444,4.246998310089111,4.4591064453125,3.811458587646485,2.43918514251709,6.492044925689697,4.290752410888672,2.5945699214935303,-0.1246969103813171,0.1355330646038055,0.039069514721632,0.0088383089751005,-0.0764986276626586,-0.059061225503683,0.0156287997961044,-0.0318376347422599,-0.0544079691171646,-0.0011857592035084,0.0234045758843421,-0.0993753224611282,0.0098742637783288,1.640326738357544,1.2925502061843872,1.108099102973938,0.8866515755653381,0.691137433052063,0.7206981182098389,0.4636643230915069,0.5597463846206665,0.4927840828895569,0.3556821048259735,0.6256844997406006,0.4891224801540375,0.3945086002349853,0.0286842789500951,0.0339894108474254,0.0880699753761291,-0.0118427649140357,0.0184816680848598,-0.0062815458513796,0.014799122698605,0.0121732195839285,-0.0161604825407266,0.0159728657454252,0.0446995645761489,-0.0092153009027242,0.0011573162628337,1.0381569862365725,0.7745376825332642,0.6139204502105713,0.5271388292312622,0.4485871791839599,0.3810405731201172,0.3252358436584472,0.3131752014160156,0.3127775192260742,0.2232852131128311,0.3582905530929565,0.3508536517620086,0.2751102745532989,0.0043349849945294,0.0021875684729439,0.0349670402630021,0.0155402070163287,17.33114524379324,1,Hyperfunktionelle Dysphonie,1280,a_n
-231.7593688964844,262.8679504394531,9.35250186920166,2.514207601547241,-18.894392013549805,-28.21274185180664,-19.17288398742676,14.030661582946776,17.865068435668945,-0.5468529462814331,1.9655637741088867,-7.001523017883301,3.104836225509644,14.468450546264648,11.74337673187256,4.613873481750488,2.2905516624450684,2.241102695465088,2.2885146141052246,2.462583065032959,2.379861831665039,2.3032612800598145,2.1469597816467285,2.05582857131958,2.295949935913086,2.8797762393951416,-0.703857421875,0.3087028264999389,0.0184655897319316,-0.0220884066075086,-0.0690259337425232,-0.0138573162257671,-0.0147035922855138,0.0515040755271911,0.0545898601412773,-0.0269334334880113,-0.020873399451375,-0.0455443896353244,0.0027825799770653,2.26113510131836,2.177752017974853,0.8213188648223877,0.3732950687408447,0.2982341051101684,0.4071777164936065,0.322557121515274,0.3314926624298095,0.2728791534900665,0.3175588846206665,0.2990673184394836,0.4202775955200195,0.4263570010662079,0.5316153168678284,-0.4859447181224823,0.157083585858345,-0.0080116428434848,-0.0092344870790839,0.0377547703683376,0.039372269064188,-0.0387448780238628,-0.0574192106723785,0.0569119416177272,0.0182760935276746,0.0351429618895053,-0.0507309511303901,1.6667275428771973,1.4872528314590454,0.5036540627479553,0.2589994072914123,0.1688271760940551,0.2376758009195327,0.3150192499160766,0.2272278368473053,0.2665430903434753,0.2935844957828522,0.1903892308473587,0.2466036677360534,0.2987894117832184,0.0052011267781354,0.0032328693659222,0.0286471353192058,0.0166482260319706,23.647687721667204,1,Hyperfunktionelle Dysphonie,1282,a_n
-236.66455078125,197.8791046142578,-6.22512149810791,-4.29440450668335,-22.405517578125,-1.4734879732131958,-21.13172721862793,31.27396774291992,7.634345531463623,-20.33758544921875,8.022589683532715,-8.288338661193848,6.507480144500732,14.542640686035156,7.934361457824707,5.948929786682129,4.055644512176514,3.9999399185180655,4.319105625152588,6.208532333374023,4.462111949920654,3.844497680664064,4.693042755126953,4.8163042068481445,3.350737810134888,3.346979856491089,-0.2046089619398117,-0.1405122727155685,-0.0293903779238462,0.0495071448385715,0.0176404230296611,0.0142737524583935,-0.0040205251425504,0.0106927622109651,0.0060402620583772,-0.0683445185422897,0.0048783957026898,-0.0255193058401346,-0.0073345839045941,2.0392401218414307,1.2609251737594604,0.9948999285697936,0.6228976845741272,0.7188030481338501,0.7521220445632935,1.1141647100448608,0.8796046376228333,0.5718128681182861,0.6431483626365662,0.7524013519287109,0.5775166749954224,0.5727546811103821,0.0726393386721611,0.0073486627079546,0.1194636300206184,0.0461348444223403,0.0448594242334365,0.0193989891558885,0.0311050191521644,-0.034891840070486,0.0007066708058118,0.0152708124369382,-0.0219735391438007,0.0445288754999637,0.0121665336191654,0.9263121485710144,0.7061567306518555,0.6525264382362366,0.4855582118034363,0.5057528018951416,0.4935491681098938,0.5312038064002991,0.5468773245811462,0.3909520208835602,0.4523195922374725,0.4259296953678131,0.4727299511432647,0.4050066769123077,0.0088573658299787,0.0054270502203626,0.051363931431717,0.0296800535100311,17.460074542345602,1,Hyperfunktionelle Dysphonie,1284,a_n
-265.1929016113281,239.9480743408203,19.543262481689453,-7.831161499023437,-37.31446838378906,5.257999897003174,-24.04200553894043,-2.4379146099090576,5.337472915649414,-9.731773376464844,9.032732009887695,-4.10005521774292,-1.5477187633514404,23.09029960632324,12.990904808044434,6.846164226531982,6.306127071380615,5.94380521774292,6.435601234436035,5.861144065856934,5.856735229492188,4.552572727203369,3.8405067920684814,5.154773712158203,3.7572720050811768,4.718634128570557,-0.6440304517745972,0.0606537908315658,0.0112719126045703,-0.0445714928209781,0.024703498929739,0.1024059727787971,-0.1404848545789718,0.03245784714818,-0.0191929135471582,0.039357766509056,0.0793838202953338,-0.0303983390331268,-0.0253215227276086,2.266956090927124,1.9251823425292969,1.235203504562378,0.936633825302124,0.8776342272758484,1.08528470993042,1.2201257944107056,0.8254407048225403,0.8930237293243408,0.6836268305778503,0.9419915676116944,0.6609578132629395,0.9280863404273988,0.2235155701637268,-0.1885489076375961,0.0359312146902084,0.0086842384189367,0.0753970965743064,-0.1045641154050827,0.0294793527573347,0.0260474607348442,0.0300375279039144,0.0599912479519844,-0.0245183948427438,-0.0253170728683471,0.0293572023510932,1.4736785888671875,1.1575963497161863,0.8944634795188904,0.6329524517059326,0.8033769130706787,0.8670682907104492,0.7966216802597046,0.5797812938690186,0.6179595589637756,0.5447531342506409,0.7024512887001038,0.4982035458087921,0.6771481037139893,0.0228170453975898,0.0126533037699968,0.1377101673176974,0.0722751150184862,7.842986745841771,1,Hyperfunktionelle Dysphonie,1285,a_n
-218.1983642578125,177.29052734375,-25.8646240234375,2.319701910018921,-34.105472564697266,18.434059143066406,-30.73838233947754,4.415398120880127,-10.65540885925293,-7.494548797607422,15.073078155517578,-10.461421012878418,-8.991204261779785,11.075611114501951,4.933718681335449,5.766034126281738,4.435842990875244,4.4316277503967285,4.130626678466797,4.5185394287109375,4.142655849456787,4.549340724945068,2.8317689895629883,4.145931720733643,3.7611312866210938,3.439490556716919,0.0694622695446014,-0.1262485235929489,-0.0116809159517288,-0.0379621274769306,-0.0120031014084815,-0.0351462475955486,0.0230445861816406,-0.0025024267379194,0.0334789790213108,0.0182074755430221,-0.0335244536399841,0.0469943657517433,0.0009445141768082,1.897747159004212,0.8107123374938965,1.049414038658142,0.5405736565589905,0.8364500999450684,0.6843298077583313,0.8567206859588623,0.6116067171096802,0.5274511575698853,0.4628258645534515,0.5415803790092468,0.6631178855895996,0.5587846040725708,0.3238847255706787,-0.0725403726100921,0.1801860332489013,-0.0041534155607223,0.0817555263638496,-0.0878944918513298,0.1219498738646507,-0.0320942178368568,0.0443576239049434,0.0311427973210811,-0.0555509701371192,0.0369498543441295,0.0156262516975402,1.4572782516479492,0.6404748558998108,0.8479476571083069,0.4055578410625458,0.5700323581695557,0.6234853863716125,0.6252689361572266,0.4695817530155182,0.4315653145313263,0.3579442799091339,0.3988249599933624,0.4574663937091827,0.4106538295745849,0.00358610802328,0.0021061843650859,0.0275432040590209,0.0154581816253367,23.028504826158382,1,Hyperfunktionelle Dysphonie,1294,a_n
-203.4636688232422,174.5770263671875,-20.367292404174805,4.797123432159424,-50.95859909057617,11.919593811035156,-12.563020706176758,-7.868210792541504,4.95250129699707,-13.71161937713623,-4.3119330406188965,-2.070498466491699,13.09152889251709,13.110905647277832,5.199174880981445,4.783719062805176,3.72660231590271,4.958843231201172,4.573282718658447,3.2503676414489746,4.790719985961914,3.410119771957397,3.873164415359497,4.588463306427002,3.0937182903289795,3.383922815322876,-0.1214367151260376,0.0591645836830139,-0.0419647917151451,0.0140687664970755,-0.069052904844284,0.046835258603096,-0.025807024911046,-0.0887849703431129,-0.0510842204093933,-0.075077936053276,-0.0482092536985874,-0.0429443679749965,0.0236596353352069,2.519151210784912,0.957421600818634,0.826917290687561,0.6680892705917358,0.7634459733963013,0.7405322790145874,0.5286780595779419,0.4731003046035766,0.5805969834327698,0.5861368179321289,0.5048093199729919,0.5885633826255798,0.5600923299789429,0.4318938255310058,-0.1497443467378616,0.1098305359482765,-0.0596458464860916,0.1151305586099624,-0.1412705481052398,0.0548970401287078,0.0417804680764675,-0.0072623677551746,0.0281386990100145,-0.0125149684026837,0.0140425506979227,-0.0617927573621273,1.5247939825057983,0.680661141872406,0.5124489665031433,0.4822752773761749,0.5880181789398193,0.6159769296646118,0.4500188529491424,0.4067925214767456,0.4004132747650146,0.2959866523742676,0.3794847130775451,0.330376386642456,0.371760755777359,0.0043530256933335,0.0025868999260489,0.0383845112703173,0.0217983520549394,22.82809724961687,1,Hyperfunktionelle Dysphonie,1299,a_n
-264.2247009277344,264.0981750488281,31.26346015930176,18.43263816833496,-21.07822799682617,-10.084135055541992,-4.300414085388184,-7.5332536697387695,6.007099628448486,-5.51416540145874,-12.955758094787598,5.444529056549072,2.910257577896118,17.013015747070312,6.201183795928955,7.169887542724609,3.533390522003174,5.703776836395264,8.673800468444824,5.623666286468506,5.833381175994873,5.651447772979736,5.893521785736084,4.613772392272949,3.7977020740509033,4.364618301391602,-0.3126793503761291,0.0522849671542644,0.106286309659481,-0.027738394215703,-0.0789410099387168,0.0158184431493282,0.1728354096412658,0.0202332679182291,-0.129837617278099,-0.0150577640160918,0.076187677681446,-0.0609802901744842,-0.0983351692557334,0.8200609087944031,0.6627182960510254,0.5283421277999878,0.5829731822013855,0.6577615737915039,0.8548862934112549,0.5964035391807556,0.6262916326522827,0.5881437063217163,0.5567908883094788,0.5205867886543274,0.3923058807849884,0.4086366891860962,-0.0445646680891513,-0.0511896573007106,0.0569250583648681,-0.0029465013649314,0.0161350928246974,0.0425964631140232,0.0017817795742303,-0.0052766348235309,-0.0071965279057621,0.008317650295794,0.0413385666906833,-0.0322967283427715,-0.0078978026285767,0.4933176040649414,0.4048835635185241,0.4704582691192627,0.3357744812965393,0.3718922138214111,0.4174986779689789,0.3333989977836609,0.3469637036323547,0.3369764685630798,0.3237906694412231,0.3369920551776886,0.3510059118270874,0.3028947412967682,0.005978098669312,0.0032329255746451,0.0300900789460457,0.0152311112780072,24.50315697121215,1,Hyperfunktionelle Dysphonie,1310,a_n
-274.4412536621094,194.37030029296875,-4.628223896026611,8.403463363647461,-33.08072280883789,-22.50348472595215,-21.564483642578125,24.01285743713379,-0.8540728092193604,-14.964061737060549,10.737249374389648,-23.035737991333008,5.428845405578613,32.06019973754883,5.195862293243408,8.408206939697266,4.383646488189697,9.33010482788086,2.959752321243286,9.11546230316162,4.898221015930176,3.774911403656006,3.895761489868164,4.480222702026367,5.820404052734375,4.2798357009887695,-0.4340539276599884,-0.1536440402269363,0.0283902212977409,-0.0159999076277017,0.1693595051765442,0.0058828559704124,0.0869386345148086,-0.0295884814113378,0.0374092869460582,0.0128215625882148,-0.0582605935633182,0.0539575815200805,-0.0266483351588249,1.737285017967224,0.8421751856803894,0.8129113912582397,0.4578481316566467,0.6765105128288269,0.5116035342216492,0.7267780303955078,0.6759907007217407,0.4228214621543884,0.4652290940284729,0.5224257111549377,0.5277405381202698,0.5014690160751343,0.2584237456321716,0.0488219782710075,0.0991653725504875,-0.0094931321218609,0.0309280771762132,0.020560348406434,0.0427573062479496,-0.0414632596075534,-0.0138837005943059,0.0059938374906778,-0.0210809037089347,0.0583741031587123,-0.0230452064424753,1.110206961631775,0.66004878282547,0.5128096342086792,0.3783715665340423,0.4611867666244507,0.3937171399593353,0.4438907504081726,0.4091857969760895,0.3380971848964691,0.3833246231079101,0.3521556854248047,0.4311986565589905,0.3104510009288788,0.0017844550786563,0.0009915962681315,0.0218284195218116,0.0112924995163655,29.10643650626767,1,Hyperfunktionelle Dysphonie,1324,a_n
-238.1253204345703,186.55355834960932,-29.655908584594727,13.28722095489502,-38.97259521484375,-25.59532928466797,-15.30681324005127,16.753679275512695,2.055982112884521,-19.621068954467773,-14.761749267578123,4.848946571350098,9.231158256530762,17.546201705932617,5.429347991943359,7.466065406799316,5.200316905975342,5.0000834465026855,3.7288570404052734,3.3637826442718506,3.617832899093628,2.743540048599243,3.5149497985839844,3.204740524291992,3.194730520248413,2.6697800159454346,-0.2588578462600708,0.0768391489982605,-0.0698872134089469,0.0326128117740154,-0.0283859260380268,0.0390154384076595,0.0088362162932753,0.0496764965355396,0.0056945257820189,-0.0419313348829746,0.0287345852702856,-0.0619800761342048,-0.018833078444004,1.7607563734054563,1.0144028663635254,1.401439189910889,0.7740263342857361,1.0153861045837402,0.6272750496864319,0.5465598106384277,0.6658392548561096,0.456160694360733,0.4902342557907104,0.6161658763885498,0.3975374698638916,0.4604869186878204,0.2773207128047943,0.1139232665300369,0.186586782336235,-0.0385105609893798,0.0375444069504737,-0.0249134954065084,0.0398612059652805,-0.0090688029304146,0.0340967588126659,0.041407324373722,0.0539634898304939,0.0152372010052204,-0.0142132584005594,1.4012393951416016,0.82257479429245,0.7785696387290955,0.5287173986434937,0.4402240514755249,0.3890502452850342,0.4859917461872101,0.4165369272232055,0.3027476668357849,0.358213871717453,0.3731622695922851,0.3023944497108459,0.316029280424118,0.0031388290638116,0.0017214999367246,0.0212082349982204,0.0108853460737678,25.124485432537227,1,Hyperfunktionelle Dysphonie,1327,a_n
-276.4901428222656,193.92828369140625,3.798475742340088,7.290699481964111,-35.581581115722656,7.975575923919678,-22.58861351013184,-1.8353500366210933,26.217079162597656,-15.152300834655762,-4.615508079528809,1.419297218322754,1.368755340576172,17.782011032104492,5.433047294616699,5.316279411315918,3.795785665512085,5.980214595794678,4.432878017425537,4.224506855010986,5.41894006729126,4.920215129852295,4.221571922302246,4.100187301635742,3.211186408996582,3.008966445922852,-0.6018662452697754,0.2008171528577804,0.0657281354069709,0.1111751049757003,0.0605222359299659,0.1402778476476669,-0.0238899588584899,-0.043586365878582,0.0948530435562133,-0.0115579236298799,-0.0101884733885526,-0.0260864235460758,0.0213855449110269,2.259209632873535,1.0483099222183228,0.8639388084411621,0.7209369540214539,0.945254385471344,0.7420216798782349,0.8361339569091797,0.5651768445968628,0.851129949092865,0.6024662852287292,0.5467833280563354,0.6237192153930664,0.5080918073654175,0.3420777320861816,-0.0023484821431338,0.1274882853031158,0.0648475587368011,0.0918062031269073,-0.0194990150630474,0.0660627707839012,0.013738440349698,-0.0777055770158767,0.0439434684813022,0.0245574582368135,-0.0305884685367345,0.0011293803108856,1.6483705043792725,0.6413851380348206,0.7574784159660339,0.4726101458072662,0.6462069153785706,0.4475743770599365,0.5802581906318665,0.4410988390445709,0.4610911905765533,0.4909307658672333,0.3701144754886627,0.4098020493984222,0.3580451011657715,0.0062004369929146,0.0037998422957067,0.0260580704564514,0.0137677486400129,21.33265708694979,1,Hyperfunktionelle Dysphonie,1331,a_n
-238.76573181152344,217.7607269287109,3.3012287616729736,9.673126220703123,-35.53141784667969,-20.260440826416016,-3.167705774307251,1.612785577774048,8.584050178527832,-7.8126220703125,-14.819984436035156,-0.5584186315536499,-7.590009212493896,21.98030662536621,11.090875625610352,8.289056777954102,7.058681488037109,4.856862545013428,2.7181596755981445,5.112560272216797,4.220428466796875,3.68951678276062,3.098483324050904,5.343515872955322,2.3083438873291016,4.356487274169922,-0.37925985455513,-0.0503729656338691,0.1778053790330886,0.0979067161679267,0.0024415093939751,0.0180802214890718,-0.0105166779831051,-0.0745463892817497,0.0107304118573665,0.0583301000297069,0.0796197429299354,0.0125738838687539,-0.0163204949349164,2.872051954269409,1.756487488746643,1.388536810874939,0.8919204473495483,0.7822237014770508,0.570778489112854,0.6887124180793762,0.4507059156894684,0.5412796139717102,0.6465824246406555,0.4782511293888092,0.3900143504142761,0.5275327563285828,0.6215183138847351,-0.3101937472820282,0.1410167813301086,-0.0488634966313838,0.0890243574976921,0.0584622547030448,0.0097250035032629,-0.0196575094014406,-0.0480462238192558,0.0128214377909898,0.0338807888329029,-0.0110893119126558,0.024546654894948,2.153778076171875,1.1688748598098757,0.6650318503379822,0.561945915222168,0.5124563574790955,0.3734230399131775,0.4292987883090973,0.3146105408668518,0.3141418099403381,0.3459323346614837,0.3399916887283325,0.2536228597164154,0.3210792243480682,0.0039741800251295,0.0021219579152281,0.0235232621370154,0.0119845280389239,24.975186622938587,1,Hyperfunktionelle Dysphonie,1335,a_n
-184.7572784423828,152.1938018798828,-11.5302734375,31.10067367553711,-46.81526184082031,-35.18045425415039,-45.92436599731445,13.704395294189451,3.0282111167907715,15.723599433898926,-5.138288497924805,-0.6737522482872009,1.751888871192932,20.210411071777344,6.88911771774292,6.122679710388184,4.694079399108887,3.970198154449463,5.361794948577881,5.255942344665527,4.838693141937256,3.800393104553223,4.17228889465332,3.92109489440918,4.239984035491943,3.8964686393737793,-0.1342992335557937,-0.0600244514644146,0.0818278566002845,0.003993603400886,0.0271719694137573,-0.0535233579576015,-0.02854466997087,-0.0177569705992937,-0.0058396700769662,0.0049001956358551,0.0065907784737646,-0.0520308315753936,-0.0149743789806962,1.5443450212478638,1.2966749668121338,1.0467896461486816,0.6259166598320007,0.6866846084594727,0.7270593643188477,0.7975549101829529,0.7294993996620178,0.5376982092857361,0.613151490688324,0.6087814569473267,0.6497185230255127,0.5208426117897034,0.0713252797722816,0.095549501478672,0.1319487392902374,-0.0371724627912044,0.054564069956541,0.0588805526494979,0.0781711116433143,0.0085781784728169,0.0380428284406662,0.0365953780710697,0.0492030680179595,0.0044311815872788,-0.0026010626461356,0.7344188094139099,0.7725753784179688,0.7189712524414062,0.4585207104682922,0.489049881696701,0.5169207453727722,0.5702285766601562,0.5884369611740112,0.4366463720798492,0.4790069758892059,0.4766402244567871,0.3460050821304321,0.3637433350086212,0.0037825214538986,0.0020998703478106,0.0341872710829148,0.0173975956644643,21.960273964867373,1,Hyperfunktionelle Dysphonie,1379,a_n
-275.5541076660156,190.378173828125,14.962778091430664,8.551375389099121,-37.445556640625,-0.1015758663415908,-5.315795421600342,14.084832191467283,6.216118335723877,-4.412393569946289,-6.101815700531006,-13.423894882202148,3.700240612030029,33.00849151611328,14.545307159423828,8.909669876098633,8.1024169921875,7.63580846786499,8.995857238769531,7.027527809143066,4.609608173370361,3.5481178760528564,3.5044913291931152,3.405690193176269,4.953243255615234,3.0456998348236084,-0.8574486970901489,-0.1503064185380935,0.1659861654043197,0.2251497507095337,0.1195596829056739,0.1004486158490181,0.063669741153717,0.023199763149023,0.0186211690306663,-0.011746983975172,0.0258751586079597,-0.0255578234791755,-0.0152062624692916,3.600138664245605,1.4655643701553345,0.7326907515525818,0.6649747490882874,1.0483003854751587,0.7373532056808472,0.5830994844436646,0.7415469288825989,0.5585936307907104,0.6448890566825867,0.5746753811836243,0.6423817276954651,0.596870481967926,0.7111048102378845,-0.2910747826099396,0.0545197091996669,0.0219932366162538,0.1717603206634521,0.0044509577564895,-0.0042880051769316,-0.0977229550480842,-0.0371909700334072,0.0218972899019718,0.0390891060233116,0.039896409958601,-0.0509783402085304,2.431215524673462,1.1569033861160278,0.6171952486038208,0.4222695231437683,0.7281532287597656,0.448628306388855,0.4729193150997162,0.5792750716209412,0.3919572234153747,0.4519552290439605,0.4229308366775512,0.4457093477249145,0.4586979448795318,0.0030253674055673,0.0015795757078407,0.0186089744893548,0.0100045948230412,25.762581406225674,1,Hyperfunktionelle Dysphonie,1380,a_n
-254.3804168701172,197.10623168945312,7.6151251792907715,22.728221893310547,-36.65898895263672,-13.184126853942873,-21.71792221069336,-1.2453062534332275,18.64596366882324,-8.018003463745117,-12.894201278686523,4.345207214355469,3.519626379013061,19.288881301879883,5.825198173522949,6.097984790802002,3.001619338989258,3.7055394649505615,4.037642478942871,6.233526706695557,2.950685739517212,3.439792394638061,3.0676424503326416,3.28741455078125,2.7646379470825195,3.2817816734313965,0.0206235405057668,-0.23479725420475,-0.0330173969268798,-0.0240300185978412,0.0777634009718895,0.0661643147468566,0.0931385830044746,0.0028956842143088,-0.0244301427155733,0.0498515330255031,0.0257016345858573,-0.0026023681275546,0.0786813199520111,2.503437757492065,1.1378726959228516,0.778165340423584,0.4922025501728058,0.611659586429596,0.565933346748352,0.4869731664657593,0.4898103475570678,0.6278324127197266,0.4857937395572662,0.4197317957878113,0.4102005064487457,0.4913783669471741,0.4041142463684082,-0.0618388094007968,0.1128881722688674,-0.0471790581941604,0.0884348973631858,-0.0276552233844995,0.0126937152817845,-0.0006364532746374,-0.0455848537385463,-0.0029555945657193,0.0439960919320583,-0.0349434651434421,-0.0318588204681873,1.6890370845794678,0.692099392414093,0.5670216679573059,0.4035774171352386,0.4813740849494934,0.37758868932724,0.3504913449287414,0.3543646931648254,0.3886979222297668,0.3794882297515869,0.3365292847156524,0.3392578661441803,0.42654949426651,0.0027451591246401,0.0015914053846584,0.0193530893271159,0.0108840157961378,26.72718329716656,1,Hyperfunktionelle Dysphonie,1394,a_n
-179.20111083984375,203.7808837890625,-35.49268341064453,-3.034952402114868,-53.30728912353516,-3.249870777130127,-12.274730682373049,9.847859382629396,1.8402503728866573,1.2227500677108765,-18.6474609375,-2.189119338989258,18.597145080566406,17.202491760253906,5.4057698249816895,6.551782608032227,3.297271251678467,3.7911298274993896,4.04140043258667,3.828735589981079,3.667805671691896,3.801464319229126,2.656900644302368,3.273585319519043,2.503873109817505,4.1538496017456055,-0.5843162536621094,0.1609648317098617,0.0077296602539718,0.0063393954187631,-0.0321538895368576,0.0358174070715904,-0.0237977355718612,-0.009356927126646,0.0920023918151855,-0.0159546490758657,-0.0588962025940418,0.0191888883709907,0.099960096180439,1.619317889213562,0.8117173314094543,1.031378984451294,0.5861517190933228,0.7761514782905579,0.6455393433570862,0.6270164847373962,0.4737598001956939,0.581652820110321,0.4399305284023285,0.5362641215324402,0.4668071866035461,0.5165353417396545,0.2485399544239044,-0.1245418861508369,0.2042967975139618,-0.069242849946022,0.0970515012741088,-0.069204144179821,0.0485246814787387,-0.0419035255908966,0.0280866958200931,-0.0647342279553413,0.031675536185503,-0.0033531233202666,-0.0691946074366569,0.9213787913322448,0.6118928790092468,0.7272569537162781,0.3865966498851776,0.4359076023101806,0.4257742762565613,0.3593802154064178,0.3235071301460266,0.3866603076457977,0.343476802110672,0.3348466753959656,0.2907091081142425,0.3654129207134247,0.0045734603999786,0.0024878212779311,0.026534498620957,0.0132790392813093,22.44750569342316,1,Hyperfunktionelle Dysphonie,140,a_n
-264.6698303222656,203.37716674804688,-35.51387405395508,-1.1248126029968262,-31.75188636779785,-15.678380966186523,-26.123994827270508,19.93884658813477,32.714942932128906,-20.65285301208496,-10.685588836669922,6.928645133972168,-3.756927251815796,15.93247127532959,5.44520378112793,8.808709144592285,4.022022247314453,4.395808219909668,3.8795013427734375,4.456847667694092,3.721657276153565,5.412560939788818,3.4291062355041504,5.184918403625488,4.656519889831543,2.619091272354126,-0.114272192120552,-0.0724096074700355,-0.0222015175968408,-0.0011617500567808,0.0211633164435625,0.0074458522722125,0.0578803606331348,0.0130207696929574,0.0277029890567064,-0.0076965312473475,-0.0728494301438331,0.0101474793627858,0.0064877988770604,1.8861786127090447,0.6534509062767029,1.5117957592010498,0.8605253100395203,0.7639728784561157,0.6303794980049133,0.8161489367485046,0.7194592356681824,0.6044295430183411,0.6648144721984863,0.7035737633705139,0.5069994330406189,0.4159703254699707,0.2759170830249786,0.0002429891028441,0.1954078078269958,-0.0087375938892364,0.0396494790911674,-0.0056237298995256,0.0513517782092094,-0.0205953251570463,-0.0573730766773223,0.0592489205300807,0.0278865210711956,0.0024869728367775,0.0290816444903612,1.221266508102417,0.3971083760261535,0.9499233961105348,0.4949106276035309,0.4588932394981384,0.4412392377853393,0.4526818096637726,0.4273305833339691,0.4563236832618713,0.4058278799057007,0.4016357660293579,0.3446012735366821,0.3102763295173645,0.002895296903163,0.0016247860305313,0.0266059133099801,0.0146405220442653,24.636237124433904,1,Hyperfunktionelle Dysphonie,1406,a_n
-242.7634735107422,159.34332275390625,11.249759674072266,46.56060028076172,-56.975982666015625,15.766317367553713,-3.314218759536743,6.57923698425293,2.1735541820526123,-16.551895141601562,-9.520733833312988,12.519818305969238,-19.312715530395508,11.313098907470703,4.575832366943359,4.728059768676758,3.8259994983673096,6.707245349884033,3.8710391521453857,3.663232564926148,3.724618911743164,2.9917123317718506,3.687693119049072,4.725406646728516,3.53200626373291,4.183207988739014,0.0431210659444332,0.0112148327752947,-0.04877944663167,-0.0440280623733997,0.0125134959816932,0.0653449222445488,0.0324305370450019,-0.0120448041707277,-0.0294639356434345,0.0046847495250403,0.0364984199404716,-0.0256922263652086,-0.0171177983283996,1.3522578477859497,0.6563345193862915,0.8334954977035522,0.6635348796844482,1.0835644006729126,0.5610238909721375,0.5573113560676575,0.6130074858665466,0.5395734310150146,0.5548189282417297,0.6073684096336365,0.50897216796875,0.6616812944412231,0.2244804352521896,-0.0152356401085853,0.0676276013255119,-0.0940828621387481,0.1691536903381347,-0.0497275777161121,0.0276591088622808,-0.0332858227193355,0.0280991457402706,0.0106306811794638,-0.0042322338558733,-0.0074211247265338,0.0646440684795379,1.025967359542847,0.4066937267780304,0.4991708397865295,0.5343393683433533,0.8402271270751953,0.4473254382610321,0.4159349799156189,0.4346972405910492,0.3880400657653808,0.4247552156448364,0.4231847524642944,0.421403706073761,0.4740752577781677,0.0033130841913336,0.00186972385356,0.0244888056696307,0.0136168020863745,20.64214206271001,1,Hyperfunktionelle Dysphonie,1431,a_n
-233.2098388671875,190.4828643798828,-19.95182228088379,-4.736497402191162,-36.30379867553711,-28.32884788513184,-13.990427017211914,6.68997859954834,-13.437697410583496,11.125044822692873,-20.794845581054688,-20.749242782592773,25.739381790161133,12.03449535369873,8.0587739944458,6.805957794189453,6.613651752471924,4.56295919418335,4.5297017097473145,3.782195091247559,4.181671619415283,5.481806755065918,3.8507800102233887,4.506820201873779,4.869138240814209,3.5717573165893555,0.0234001986682415,-0.1345763802528381,0.0155842071399092,0.1194035336375236,-0.0267425999045372,-0.058422315865755,0.0165356583893299,0.0112930014729499,-0.0938416942954063,-0.0314928255975246,0.0240731090307235,-0.075949802994728,-0.0590219758450984,2.1694703102111816,1.148564338684082,0.8388499021530151,0.7221505641937256,0.8486295342445374,0.479800134897232,0.6833343505859375,0.628543496131897,0.6299890279769897,0.5936340689659119,0.6762029528617859,0.5406518578529358,0.6177917122840881,0.4207953214645386,0.0644209384918212,0.18504299223423,0.0719926208257675,0.06785748898983,0.0327726267278194,0.0266636498272418,-0.0301494188606739,0.0883916020393371,-0.0002781144285108,0.0891062542796135,0.0815188735723495,-0.0774294137954711,1.6239193677902222,0.7037012577056885,0.8019177913665771,0.556801974773407,0.4798374474048614,0.3993726074695587,0.5452861785888672,0.4220001101493835,0.4355141222476959,0.4083357453346252,0.5732676982879639,0.4547536969184875,0.410879373550415,0.0027309657387986,0.001473215034541,0.0150605354815764,0.0084762225416104,24.894573417596405,1,Hyperfunktionelle Dysphonie,144,a_n
-259.2549133300781,186.8559112548828,-32.71945571899414,6.423547744750977,-54.76334381103516,-20.12235641479492,-24.238998413085938,7.666341304779053,24.523500442504883,-19.485429763793945,-20.77922248840332,2.566733360290528,2.194322347640991,7.528383731842041,6.977044582366943,7.606161594390869,4.713672637939453,11.477693557739258,6.364189147949219,3.716501235961914,3.251793384552002,2.972456693649292,3.649468898773194,2.938973903656006,6.560060977935791,4.809317111968994,-0.0973970368504524,-0.1104549393057823,-0.0307582467794418,-0.0495309047400951,0.3242323696613312,-0.0659601911902427,-0.0137551892548799,0.0557173416018486,-0.0760083943605423,0.006172131281346,0.0344158932566642,0.0772608742117881,0.0270341597497463,1.009969711303711,1.2070457935333252,1.3153022527694702,0.6071105599403381,0.6209605932235718,0.4946522414684295,0.5131681561470032,0.5144765377044678,0.4055758416652679,0.4522925913333893,0.4443420767784118,0.546622097492218,0.6089168190956116,0.1564111411571502,0.1444648653268814,0.2399632483720779,0.0948520079255104,0.087400883436203,-0.0286772008985281,0.064055249094963,0.022820034995675,-0.0325557217001915,0.0171687435358762,0.001795454067178,0.000130073953187,0.0112521927803754,0.7815762758255005,0.8875051736831665,0.8891806602478027,0.4928285479545593,0.4715569615364074,0.4081726372241974,0.3956705629825592,0.3926751017570495,0.3223946392536163,0.2908331155776977,0.388243168592453,0.3269263505935669,0.3807578384876251,0.0025406327945454,0.0015043521922348,0.0224899657786291,0.0126349238583562,24.557896548212256,1,Hyperfunktionelle Dysphonie,1442,a_n
-221.8539123535156,184.4434967041016,-1.3761630058288574,16.684539794921875,-50.14881134033203,4.134194374084473,6.206729412078857,4.938183784484863,19.67283821105957,-3.177266359329224,-9.882423400878906,6.706287384033203,3.807504177093506,17.751548767089844,7.695010185241699,3.8928284645080566,4.884348392486572,8.750310897827148,5.353603363037109,5.761048793792725,4.74836540222168,3.599993228912353,3.6142640113830566,4.729822158813477,3.727251768112183,6.020902633666992,-0.0857803300023078,-0.1635407954454422,-0.0337534882128238,-0.0686873421072959,0.1085551083087921,0.0921411365270614,0.1010711193084716,0.0676533579826355,-0.0373249985277652,-0.0334947183728218,-0.0241430234163999,-0.0192871689796447,0.0538222938776016,1.853615403175354,0.9607365131378174,0.5820343494415283,0.6173998117446899,0.8480156064033508,0.5365754961967468,0.4977790713310241,0.4944236576557159,0.5759439468383789,0.5875358581542969,0.4965504705905914,0.4475912451744079,0.5435159802436829,0.2718305289745331,-0.0819284617900848,0.0744564607739448,-0.0542308427393436,0.1215355992317199,-0.041701540350914,0.0016840406460687,-0.0108895562589168,-0.0263974759727716,0.0373582951724529,0.0094369249418377,-0.0411783084273338,-0.0306290872395038,1.281453251838684,0.6552934646606445,0.4632259607315063,0.4497730731964111,0.655683696269989,0.4253787696361542,0.3830254375934601,0.3867470622062683,0.4276060760021209,0.4202463328838348,0.418145090341568,0.3684261739253998,0.4492721259593963,0.0043473787972406,0.0024702782797776,0.0266770597518223,0.0135893476950807,19.84776119471423,1,Hyperfunktionelle Dysphonie,1443,a_n
-291.1004638671875,184.885482788086,19.36438369750977,18.43017768859864,-23.72259330749512,-21.52710723876953,-16.054000854492188,15.638471603393556,17.273019790649414,-8.552480697631836,-4.723824501037598,1.514142632484436,8.895950317382812,21.198936462402344,6.387808322906494,7.040960788726807,4.111673831939697,4.8324079513549805,3.092207670211792,3.864701509475708,3.901124000549317,4.072033405303955,2.835047721862793,2.910051822662353,3.032163619995117,2.693424701690674,-0.6279773116111755,0.4952907860279083,0.0663881301879882,0.1987112760543823,-0.1529039740562439,0.0208661239594221,0.0502917990088462,0.2017700374126434,0.0669967755675315,-0.0461108162999153,0.0213537402451038,-0.0513238459825515,-0.0355652533471584,2.99135422706604,1.123736023902893,1.0849804878234863,0.7492400407791138,0.8135942816734314,0.5706840753555298,0.7238760590553284,0.7375633120536804,0.7255367040634155,0.4620919823646545,0.5264090895652771,0.3254618644714355,0.5961468815803528,0.6339958906173706,-0.0609167553484439,0.2447063624858856,0.1647704839706421,0.2409236133098602,0.0622478164732456,0.041602749377489,-0.1701098680496215,-0.1520888060331344,0.0930555611848831,0.0517366714775562,-0.0306031797081232,-0.0518088117241859,2.2114837169647217,0.742729127407074,0.599676787853241,0.6439707279205322,0.6368703246116638,0.4329334497451782,0.4711733758449554,0.5026642680168152,0.5632606744766235,0.4018051922321319,0.4043894708156585,0.2381001859903335,0.3576639890670776,0.0059882731693871,0.0034913990160061,0.0478262887002315,0.0219292176119467,20.27878320258177,1,Hyperfunktionelle Dysphonie,1459,a_n
-266.0350952148437,198.3012084960937,9.65815258026123,-16.55157470703125,-51.089454650878906,8.963475227355957,-33.487022399902344,11.015942573547363,16.88730812072754,-17.725448608398438,-27.53664970397949,-0.4391965568065643,3.2486565113067627,22.518314361572266,6.947818279266357,6.56189489364624,4.726395606994629,8.220929145812988,6.835564613342285,5.36703634262085,4.150404930114746,8.229239463806152,6.627349376678467,5.113892078399658,3.682943105697632,4.809752464294434,-0.2788296937942505,-0.0273552238941192,-0.0727306827902793,-0.0116508118808269,0.0642855018377304,0.0029127937741577,0.0290662012994289,-0.010813869535923,0.0377238802611827,-0.0610581822693347,-0.0159496124833822,0.0057646194472908,0.0189176406711339,2.598426580429077,1.0663670301437378,0.8109908699989319,0.7039343118667603,0.976248025894165,0.7871302962303162,0.9139285087585448,0.6122444272041321,0.5163372159004211,0.612625777721405,0.6659958958625793,0.5245898365974426,0.4797426760196686,0.4637041389942169,-0.1318851709365844,0.0877717211842536,0.0685529261827468,0.1117826700210571,-0.077284887433052,0.1268558353185653,-0.0571243651211261,-0.0505669601261615,0.0726703405380249,0.0573306530714035,-0.0343188866972923,-0.0110001694411039,1.999862790107727,0.7995054721832275,0.5776199102401733,0.4639188647270202,0.5602424144744873,0.5576820373535156,0.6482021808624268,0.4831735491752624,0.4081421494483948,0.5402923822402954,0.4131810963153839,0.3994408845901489,0.3352389931678772,0.0038407739524356,0.0022094166939725,0.0256372686620037,0.0151765381209607,25.83569262795764,1,Hyperfunktionelle Dysphonie,1462,a_n
-244.3692169189453,178.59515380859375,-37.97431182861328,5.051620006561279,-48.37355422973633,-27.45531272888184,-1.757436990737915,11.149392127990724,-13.60543155670166,8.782630920410156,-18.588659286499023,-4.932662010192871,9.817764282226562,12.57875919342041,11.056946754455566,9.66428279876709,7.215566158294678,8.568011283874512,11.247615814208984,7.174251079559326,3.281368970870972,4.837782382965088,4.608130931854248,4.127725601196289,3.179541110992432,3.051619291305542,-0.1879269629716873,-0.0709621831774711,0.047153178602457,0.0970354229211807,-0.1541683971881866,0.0855718180537223,-0.07402865588665,-0.0626996234059333,0.0285859201103448,-0.0353317745029926,0.0159382913261652,0.0384389013051986,0.0265258532017469,1.4988998174667358,0.920337975025177,1.0386890172958374,0.5027537941932678,0.7770308256149292,0.5908409357070923,0.5441392660140991,0.4499157965183258,0.5233514308929443,0.5176475644111633,0.5691376328468323,0.4554438292980194,0.5332467555999756,0.2724446058273315,-0.0681327059864997,0.1488823443651199,-0.0464774630963802,0.0917487442493438,0.0143505716696381,0.0140900453552603,-0.0187339764088392,0.0684803500771522,-0.0097291804850101,0.0622027069330215,0.0075476807542145,-0.0217162426561117,1.293638825416565,0.6813538670539856,0.7460007071495056,0.3704105615615845,0.6345599889755249,0.3615622222423553,0.4204416573047638,0.2923966348171234,0.4039068222045898,0.3540275692939758,0.3224841356277466,0.3330099880695343,0.3599951863288879,0.005492733303244,0.0032407077576169,0.0307444643014873,0.0175841425353592,21.78725953923273,1,Hyperfunktionelle Dysphonie,1464,a_n
-200.8098602294922,146.91177368164062,-12.083751678466797,10.75263786315918,-71.66694641113281,10.817941665649414,-33.09918975830078,17.21751594543457,6.491791248321533,-2.637967109680176,9.02901554107666,-35.192413330078125,0.0241741482168436,16.504878997802734,6.080531120300293,4.3353657722473145,5.32861328125,5.026088714599609,3.4588510990142822,5.080750942230225,5.052780151367188,6.195006370544434,3.827884435653688,5.13686990737915,4.20171594619751,4.429123401641846,-0.3571189045906067,0.1190403178334236,0.0007841880433261,0.1000899299979209,-0.0968316718935966,0.0020236333366483,-0.0306654851883649,-0.0065357601270079,0.016480702906847,0.0216942429542541,0.075626827776432,-0.0397748127579689,-0.0560272075235843,1.1706593036651611,0.9158282279968262,0.729439377784729,0.50093013048172,0.8843860626220703,0.5037150382995605,0.8088880181312561,0.5921670198440552,0.618363618850708,0.6411977410316467,0.5724704265594482,0.5212441086769104,0.5580323338508606,0.1844828724861145,0.0444002598524093,0.0680394917726516,-0.0009916299022734,0.1027932688593864,0.0064390953630208,0.0918902084231376,-0.0370825491845607,0.0132034057751297,0.0186685919761657,0.0064727109856903,0.0471523180603981,-0.012464391067624,1.2274869680404663,0.6746984124183655,0.622148871421814,0.4078480899333954,0.6812432408332825,0.4520091414451599,0.6435900926589966,0.4800174832344055,0.4139583706855774,0.4288354814052582,0.4985436797142029,0.4969521164894104,0.4282106757164001,0.0110011313000344,0.0066368826698849,0.0724209643557728,0.0421297751587181,15.024807738484494,1,Hyperfunktionelle Dysphonie,1468,a_n
-263.49151611328125,179.44325256347656,-1.2980117797851562,16.310684204101562,-43.50510787963867,-19.44069480895996,11.663762092590332,-7.976385116577148,-1.6172951459884644,2.5970327854156494,-6.196811199188232,-9.36231803894043,17.68155288696289,13.921903610229492,4.964273452758789,8.197482109069824,5.9975433349609375,4.818002223968506,5.081087589263916,3.7841315269470215,3.490234613418579,3.14681363105774,3.834161996841431,3.585771322250366,3.451926946640014,2.9134762287139893,-0.0052103484049439,-0.0548316314816474,-0.0288246683776378,-0.0221786797046661,0.0569149553775787,0.0083121536299586,-0.0771207436919212,0.0044594812206923,0.0019327567424625,-0.0602501779794693,-0.0337349511682987,0.019902316853404,-0.0089651513844728,2.539550542831421,0.901569962501526,1.0433210134506226,0.8284903168678284,0.7122669219970703,0.665533721446991,0.5858677625656128,0.5222147107124329,0.4692167639732361,0.4714938998222351,0.5050678849220276,0.5213959217071533,0.4800285100936889,0.294806033372879,-0.0418035648763179,0.1302245557308197,-0.0640439316630363,0.0381957925856113,0.0320636183023452,-0.0591691322624683,-0.0046312306076288,0.0051037073135375,0.0153469499200582,0.0192186255007982,0.0373125672340393,-0.0527558699250221,1.3085503578186035,0.6652012467384338,0.7399690747261047,0.5818120837211609,0.4386445879936218,0.4473716914653778,0.3926691114902496,0.3762216567993164,0.3156610131263733,0.3295578062534332,0.303726315498352,0.3577617704868316,0.39406418800354,0.002608146264547,0.0016213895538968,0.0262881217678149,0.0146647734716964,28.03860164436506,1,Hyperfunktionelle Dysphonie,1471,a_n
-267.24871826171875,198.5688323974609,-7.169426918029785,8.709757804870605,-14.374897956848145,-11.96151065826416,2.6135549545288086,-0.1270972490310669,4.802725315093994,3.329830884933472,-4.9450201988220215,-4.939557552337647,20.755762100219727,18.761245727539062,4.785885334014893,11.32840347290039,4.376420974731445,5.862594127655029,3.384418249130249,3.109692335128784,3.0311124324798584,2.665577411651612,3.7858827114105225,2.38484787940979,3.0218546390533447,3.038913488388061,-0.7482938170433044,0.1822247356176376,0.2286192029714584,-0.0825754925608635,-0.0599672123789787,-0.0752518847584724,-0.021052187308669,-0.0582141242921352,0.021809097379446,0.0899359658360481,0.020304312929511,-0.1019710302352905,-0.0458403266966342,1.7197390794754028,0.9272249341011048,1.273751139640808,0.6895992755889893,0.7625285983085632,0.4968453347682953,0.4641271829605102,0.4845730662345886,0.4059286117553711,0.5248538851737976,0.4119554460048675,0.5180255770683289,0.4571510851383209,0.2931710481643677,0.147227868437767,0.2176926285028457,0.0370694138109684,0.0485333316028118,-0.0091508561745285,-0.0151504594832658,0.0140653755515813,0.0041289688087999,0.015849420800805,0.0190162472426891,0.0409080497920513,-0.0477595925331115,1.289705514907837,0.5944164991378784,0.9629247188568116,0.4642132818698883,0.4505384266376495,0.3695677518844604,0.3300141096115112,0.2698127031326294,0.2391046285629272,0.345797449350357,0.2834473550319671,0.3592828214168548,0.2956589460372925,0.0020793615449506,0.0010104786699663,0.0153613296253612,0.00558242198927,30.0846163479046,1,Hyperfunktionelle Dysphonie,1476,a_n
-238.2325897216797,196.89093017578125,10.289508819580078,19.96864318847656,-39.85539245605469,10.617517471313477,-24.448001861572266,2.846647262573242,-14.615090370178224,16.96530532836914,7.502719402313232,-9.867931365966797,8.392817497253418,9.919156074523926,8.756754875183105,6.143365859985352,8.297850608825684,4.5118255615234375,4.565472602844238,4.861068248748779,3.5876224040985107,4.787219524383545,4.052728652954102,5.297423362731934,3.7368669509887695,3.128080129623413,-0.2245098054409027,0.081918865442276,-0.0588496997952461,0.0377858318388462,-0.0909126251935958,0.1614768505096435,0.0139514133334159,0.0033289054408669,-0.0083313547074794,0.0465760640799999,-0.048998799175024,-0.0555475614964962,0.0247356463223695,1.7050626277923584,1.213854432106018,0.6333835124969482,0.9442488551139832,0.8253231644630432,0.6197029948234558,0.6678001880645752,0.4648945331573486,0.6026076078414917,0.5265101194381714,0.7136907577514648,0.6458500027656555,0.4940035045146942,0.238998532295227,-0.1566237360239029,0.054986897855997,-0.0377924256026744,0.0533493980765342,-0.0564141198992729,0.0203818678855896,-0.0058617074973881,0.0552860088646411,-0.0433301031589508,-0.0245861746370792,0.0260335076600313,-0.0107954666018486,1.3049501180648804,0.95956552028656,0.4717588722705841,0.4983666539192199,0.4843168556690216,0.4738514423370361,0.405542254447937,0.4075841903686523,0.4300766885280609,0.3469408452510834,0.4165052473545074,0.3668472170829773,0.4612921178340912,0.0045979029696374,0.0025338405521984,0.0298091136399649,0.014854929730756,19.618683496934707,1,Hyperfunktionelle Dysphonie,1492,a_n
-213.98077392578125,131.6363525390625,-0.9970437288284302,-46.32505035400391,-47.2734375,13.953645706176758,-40.25767517089844,21.555164337158203,-23.978927612304688,11.623485565185549,-30.3188533782959,2.102148532867432,-5.107357501983643,32.51374053955078,10.54906940460205,7.410499572753906,6.351118087768555,6.192628383636475,10.863611221313477,9.03036880493164,5.847962379455566,5.448598384857178,4.568299293518066,4.533684253692627,4.475979804992676,4.723864555358887,-1.5880122184753418,-0.391017198562622,0.3065551519393921,0.0714674293994903,0.0179081931710243,0.3613327741622925,0.2870892286300659,0.0971078723669052,0.097841739654541,-0.0388730391860008,-0.0069063194096088,-0.0400798469781875,-0.0089747542515397,1.15578293800354,1.6075059175491333,1.0827431678771973,1.0805031061172483,1.0472474098205566,1.2819154262542725,1.1419970989227295,1.0191707611083984,0.6879584789276123,0.8626322746276855,0.9504931569099426,0.7408865690231323,0.7563620805740356,-0.1016993448138237,0.3475618064403534,0.2209161221981048,0.082477681338787,0.1605206280946731,0.1608654558658599,0.0967064499855041,0.0614587366580963,0.0447808131575584,0.0849711745977401,0.1668394804000854,0.0735852047801017,0.076258935034275,0.8221422433853149,0.910752773284912,0.8323177695274353,0.7038854360580444,0.6436701416969299,0.7764126658439636,0.6328598260879517,0.4536665380001068,0.5219628810882568,0.5215300917625427,0.6532100439071655,0.4569002389907837,0.4492082297801971,0.0152112075974232,0.0084144298733304,0.1723117445949228,0.0814440793498953,10.121412383287314,1,Hyperfunktionelle Dysphonie,1500,a_n
-238.18582153320312,213.30325317382807,-39.59056854248047,12.288529396057127,-40.50416946411133,-17.358720779418945,-0.9449582099914552,8.50704288482666,2.095966100692749,-16.74808120727539,1.257295846939087,2.473403215408325,3.610561609268189,16.943632125854492,10.069772720336914,10.450392723083496,6.330752849578857,4.526566505432129,3.768057823181152,3.8272008895874015,3.2016122341156006,3.821104049682617,4.330080986022949,3.135645627975464,2.8034937381744385,4.620171546936035,-0.402136743068695,0.1137182042002677,-0.0061284881085157,0.2800385951995849,0.1299494206905365,-0.0385089479386806,0.1123392581939697,-0.019486729055643,-0.0015688439598307,0.0002589690557215,-0.0033448364119976,0.0271169506013393,0.0876321196556091,2.337309122085572,1.4709253311157229,1.6796737909317017,0.8553557991981506,0.7502168416976929,0.5496388673782349,0.5825863480567932,0.4460050761699676,0.5729085803031921,0.5858649611473083,0.4676923751831054,0.543030321598053,0.6848894953727722,0.2813292741775512,-0.193462386727333,0.3002587556838989,-0.1179488152265548,0.1376356929540634,-0.0199194941669702,0.008207019418478,-0.0090801231563091,-0.0391005501151084,0.0612456649541854,-0.036776814609766,-0.0388653613626956,-0.0102546401321887,1.0749449729919434,1.1729960441589355,1.0954804420471191,0.5988971590995789,0.5522035956382751,0.3561841249465942,0.2944833934307098,0.3323116898536682,0.2915968000888824,0.4329153001308441,0.3771097362041473,0.4641851782798767,0.3880800604820251,0.0081699759715713,0.0043665972185148,0.1248536282206245,0.0637175065972361,11.157384751228282,1,Hyperfunktionelle Dysphonie,1562,a_n
-283.47149658203125,210.2149353027344,-8.739951133728027,-24.95741271972656,-20.08943748474121,5.154386520385742,-8.861785888671875,8.591872215270996,-10.50633144378662,3.5773510932922363,-13.001788139343262,-0.566799521446228,6.748537063598633,16.585264205932617,7.441192150115967,8.79623031616211,6.044897079467773,5.974660873413086,5.861126899719238,5.077530860900879,5.105057239532471,3.7779757976531982,3.264590263366699,3.838581085205078,2.727935791015625,3.3820786476135254,-0.3317034542560577,0.0144320549443364,0.0331310257315635,0.0388241037726402,0.059560690075159,0.0350768566131591,-0.0450043752789497,-0.0182995777577161,-0.0408858060836792,-0.0016820527380332,-0.0018284090328961,0.014598473906517,-0.0050323386676609,1.993561863899231,0.8863151669502258,1.093611240386963,0.911718487739563,0.7622638940811157,0.6438732743263245,0.9265503883361816,0.5742360949516296,0.5884058475494385,0.5234773755073547,0.5041844844818115,0.4477545917034149,0.57074373960495,0.2904098033905029,-0.095749020576477,0.1191616058349609,0.0750243738293647,0.0407125987112522,-0.0049566449597477,0.0409681163728237,-0.0071018375456333,0.0358048193156719,-0.0334980525076389,0.0375391580164432,0.0075190430507063,-0.0121507691219449,1.3250453472137451,0.6484404802322388,0.629881739616394,0.6377155184745789,0.5240635871887207,0.4831884801387787,0.5312579870223999,0.3631910681724548,0.4108983874320984,0.4597797095775604,0.4209330677986145,0.3586826622486114,0.3957942426204681,0.0038672714026962,0.002039839488028,0.027267221195119,0.0153964672419193,21.158815624169872,1,Hyperfunktionelle Dysphonie,1566,a_n
-290.3399353027344,244.6175994873047,34.371822357177734,21.69181251525879,-20.824831008911133,-11.728394508361816,-6.783299922943115,10.659631729125977,8.070615768432617,-5.535614490509033,2.4253900051116943,9.251564979553224,-8.18192195892334,37.59427261352539,13.716144561767578,15.149164199829102,8.607536315917969,6.375199794769287,6.127848148345947,7.65821361541748,6.154364585876465,4.864104270935059,4.950178623199463,4.683524131774902,3.84709095954895,3.839042186737061,-0.4596059918403625,-0.2334589958190918,0.2487278431653976,0.0985764265060424,0.0457326024770736,-0.0798508375883102,0.0884961634874343,0.0200642570853233,-0.0515357479453086,0.0607230775058269,0.0505506545305252,-0.0441332682967186,0.0190816204994916,3.451201200485229,1.9609026908874512,1.3718324899673462,1.3611592054367063,1.1092408895492554,1.1202932596206665,0.9715781211853028,1.2254483699798584,0.8999083638191223,0.8511713147163391,0.6795927286148071,0.4920362532138824,0.691342294216156,0.1972998827695846,-0.1181662231683731,-0.0547356195747852,-0.0164394900202751,0.0805574357509613,-0.0097524225711822,-0.0114896818995475,0.0153176309540867,-0.0182562246918678,-0.0185058787465095,0.0116471145302057,-0.0149306142702698,0.0024883004371076,2.030524253845215,1.2262637615203855,0.9572686553001404,0.8533888459205627,0.8134779334068298,0.712840735912323,0.60627281665802,0.8444767594337463,0.5717748999595642,0.6812142133712769,0.5021514892578125,0.4078944325447082,0.5455089211463928,0.012999790819279,0.0071616235241491,0.0718869679502808,0.0288021638339147,19.887666444227165,1,Hyperfunktionelle Dysphonie,1569,a_n
-196.85174560546875,240.06040954589844,-52.404258728027344,-15.336928367614746,-24.07636833190918,-6.34403133392334,-9.799124717712402,11.554131507873535,-0.9067030549049376,-3.390104293823242,11.851526260375977,-4.041158676147461,-2.343844413757324,12.700888633728027,11.496567726135254,15.984036445617676,7.423064708709717,6.030237674713135,4.676316738128662,3.975912570953369,3.3363683223724365,2.8065247535705566,2.8320975303649902,2.973340034484864,3.368440866470337,2.232226610183716,-0.4789761900901794,0.0563813745975494,0.0743094831705093,0.2694717049598694,0.0096306223422288,0.0561093762516975,0.001062725437805,0.0897979363799095,-0.0230317618697881,-0.0257211849093437,0.1023790389299392,-0.0084276776760816,-0.0050937104970216,1.5275877714157104,1.45907461643219,1.8523091077804563,1.1488254070281982,0.9554076790809632,0.6674135327339172,0.5347429513931274,0.5398383736610413,0.4747016131877899,0.4931724071502685,0.4953805208206177,0.5033449530601501,0.3674502372741699,0.0509163402020931,-0.1948921680450439,0.1712064445018768,-0.008730343542993,0.0411529056727886,0.037113856524229,0.0442900173366069,-0.0126914205029606,0.0182065740227699,0.0002659793826751,-0.0143796047195792,0.0399429872632026,0.0174966435879468,1.100775957107544,1.149081110954285,0.9513046741485596,0.5417652726173401,0.5995368957519531,0.5058252811431885,0.3492584526538849,0.359088271856308,0.3842664062976837,0.3782922327518463,0.3065077364444732,0.3389979898929596,0.3041434586048126,0.0498180553604459,0.0273289249653774,0.1012808974396698,0.0441423069197517,3.8510131840042887,1,Hyperfunktionelle Dysphonie,1571,a_n
-185.6038818359375,206.57302856445312,29.33138465881348,60.66840362548828,-36.14535140991211,-21.40175437927246,-26.03559684753418,15.260790824890137,1.9325233697891235,-16.75356674194336,-4.381191730499268,-24.62896156311035,0.0367838367819786,16.084543228149414,5.642128944396973,5.417873859405518,10.727765083312988,5.322151184082031,10.546345710754396,4.937334060668945,6.031637191772461,6.081108093261719,4.380378723144531,7.0583086013793945,6.260577201843262,4.736240863800049,-0.8902854919433594,0.1307912021875381,0.0956180095672607,0.1081787198781967,-0.3365087509155273,0.2999116778373718,-0.2357583940029144,0.2684902250766754,0.1306069493293762,-0.0490796007215976,0.1270613819360733,-0.309262067079544,0.0554447285830974,2.6391279697418213,1.1132068634033203,0.7055267691612244,1.7733079195022583,0.774060070514679,0.8918340802192688,0.9264430403709412,0.7540974617004395,1.060319900512695,0.6514976620674133,0.9189296960830688,0.9543323516845704,0.8301672339439392,0.3963891863822937,-0.1726153045892715,0.1680341958999633,-0.4232904314994812,0.1220352724194526,0.1399790793657302,0.1149534583091735,-0.0955558866262435,-0.1858069002628326,0.2055981606245041,0.1490098387002945,0.136403739452362,0.0056799086742103,1.6139869689941406,0.984666347503662,0.6355133056640625,1.1034364700317385,0.5083792209625244,0.6524577140808105,0.6395379900932312,0.5416162610054016,0.7498779296875,0.6845259666442871,0.6495808959007263,0.5586453080177307,0.4938679933547973,0.002852064412837,0.0010980600004641,0.0190142469875464,0.0100833647622886,23.985451516741723,1,Hyperfunktionelle Dysphonie,159,a_n
-238.6298828125,251.90740966796875,-30.442522048950195,-23.941368103027344,-32.079349517822266,-33.78321838378906,-3.2519280910491943,1.5911190509796145,-2.4662020206451416,21.0427360534668,-17.63015365600586,-4.466977119445801,13.813627243041992,22.824796676635746,6.361734390258789,16.605836868286133,6.47757625579834,5.061120510101318,4.8204345703125,4.200904846191406,2.774142980575561,2.935781955718994,4.456866264343262,5.133792400360107,5.330462455749512,2.522368907928467,-0.267976701259613,0.1168095618486404,0.1303285062313079,-0.0685228928923606,-0.1142643839120864,-0.0238367784768342,-0.0333273187279701,-0.0060491478070616,0.0789687484502792,-0.0537365861237049,0.1302679926156997,-0.0727323368191719,-0.0065448046661913,1.8345518112182613,0.6788703203201294,1.2389791011810305,0.7965580821037292,0.6210426092147827,0.5790939331054688,0.7411714792251587,0.510149359703064,0.5566391348838806,0.5409254431724548,0.4262108206748962,0.5641534924507141,0.4591506123542785,-0.0183483995497226,0.0295341871678829,0.0615003667771816,0.037327691912651,0.010858935303986,0.0204905290156602,-0.004896089900285,0.0234440397471189,0.0211323332041502,-0.0153509639203548,0.0102038783952593,0.0016128965653479,0.0213868152350187,0.874903678894043,0.4236972033977508,0.5751405358314514,0.4125150144100189,0.4435762763023376,0.3483486175537109,0.4436933994293213,0.4039724171161651,0.3386293053627014,0.3956564962863922,0.3221205174922943,0.3968857526779175,0.3126292526721954,0.0034216698435325,0.0012730406770217,0.0206481019575822,0.0102157707031018,25.582952661245603,1,Hyperfunktionelle Dysphonie,1591,a_n
-301.8915710449219,189.8935394287109,-13.275318145751951,-33.4112663269043,-34.661991119384766,-4.8044867515563965,-3.0549845695495605,0.0700251683592796,-3.5949015617370605,9.345864295959473,-24.867408752441406,-25.1950798034668,6.663571834564209,25.31573486328125,10.301742553710938,7.791405200958252,5.97550630569458,9.636856079101562,7.952568054199219,5.534695625305176,4.30587100982666,3.822544097900391,4.118293285369873,4.266303539276123,4.3147172927856445,5.664599418640137,-0.4660172164440155,-0.0590113773941993,0.1331090927124023,0.0257460828870534,0.1321599781513214,0.1236873790621757,0.0881853625178337,0.0372920855879783,-0.0355472266674041,-0.0491005927324295,-0.0142388846725225,0.0445112101733684,0.0292266849428415,2.490103006362915,1.5573962926864624,1.020884990692139,0.9420220255851746,0.9539196491241456,0.6882258057594299,0.889497697353363,0.6767523288726807,0.60065096616745,0.6840648651123047,0.7194489240646362,0.7981193661689758,0.782822847366333,0.3070090711116791,-0.0058851088397204,0.1309096217155456,0.0601224452257156,0.0691533386707305,-0.0145910922437906,-0.0039027482271194,0.0294372979551553,-0.0096172867342829,-0.0565066151320934,0.048934806138277,0.0394755527377128,-0.0637164413928985,1.477637529373169,0.846327006816864,0.7806232571601868,0.5810939073562622,0.6055905818939209,0.4676175117492676,0.5409044027328491,0.4558309912681579,0.4642896652221679,0.541405200958252,0.4808766841888428,0.465148389339447,0.5348551869392395,0.0053670486382451,0.0029282124147766,0.0319682993651074,0.017455192042396,22.26391449273166,1,Hyperfunktionelle Dysphonie,1594,a_n
-170.72743225097656,259.57440185546875,-44.16786956787109,-7.117142677307129,-12.487020492553713,-2.068488359451294,-20.85345268249512,1.3572267293930054,20.69025039672852,-13.215022087097168,-2.870067596435547,8.581294059753418,-5.406037330627441,10.8466796875,6.757424831390381,5.142805099487305,3.2419607639312744,3.073479413986206,2.6840665340423584,2.464959144592285,2.493692398071289,2.5034215450286865,2.654186248779297,2.863694667816162,2.477285385131836,2.497075080871582,0.1986644864082336,0.1459098011255264,-0.0962862446904182,0.003781507955864,-0.0234905742108821,0.020872751250863,-0.0275459010154008,-0.0753826573491096,0.0056738867424428,0.0226291809231042,-0.0782039165496826,-0.0104203950613737,-0.0047403089702129,1.6761473417282104,1.1493314504623413,0.9742103219032288,0.472373217344284,0.5314092040061951,0.3858691155910492,0.339842826128006,0.4511960446834564,0.4429754614830017,0.4878648221492767,0.5027116537094116,0.3440610766410827,0.4099308550357818,0.1423268318176269,-0.2493281215429306,0.1892746239900589,-0.0529992096126079,0.0257107112556695,-0.04019296169281,0.0546027235686779,0.0162142738699913,-0.0786474794149398,0.0700372830033302,-0.0341992154717445,-0.0427412800490856,0.0309200789779424,0.8320735096931458,0.8781440854072571,0.6538176536560059,0.3654654622077942,0.3308045566082001,0.3006029427051544,0.3579888045787811,0.337771326303482,0.3779729902744293,0.3453778922557831,0.3195299804210663,0.3263418674468994,0.355894923210144,0.0031503436508726,0.0011915694452297,0.0254731074590881,0.0098645342940224,23.152281940207384,1,Hyperfunktionelle Dysphonie,160,a_n
-232.4220428466797,199.1371612548828,8.886436462402344,43.61954498291016,-12.18289279937744,-0.0711371302604675,-22.12502670288086,11.703898429870604,21.76919746398925,-3.129390954971313,-16.103679656982422,2.4204280376434326,-2.7098476886749268,8.754202842712402,7.874044418334961,6.857982158660889,6.170798778533936,7.455769538879394,4.746558666229248,6.4972076416015625,4.116313934326172,6.272928714752197,4.505323886871338,4.805471897125244,4.935436248779297,3.643808364868164,0.0153870517387986,-0.169358029961586,-0.1796499043703079,0.0279386788606643,0.2331122010946273,0.0825305357575416,0.2164799571037292,-0.0582348071038723,-0.0742218568921089,-0.0014312880812212,0.0547199063003063,-0.0332283712923526,-0.0075351451523602,1.1530795097351074,0.7151883840560913,0.8134223222732544,0.7774272561073303,0.7198278903961182,0.652884304523468,0.7085611820220947,0.6906080842018127,0.7013224363327026,0.639768660068512,0.7877291440963745,0.771648108959198,0.4944134950637817,0.0692161992192268,-0.0670630112290382,0.0940318405628204,0.0024821886327117,0.0956584215164184,0.0011211122618988,0.0941014140844345,0.002209925558418,-0.0395178869366645,0.0068692038767039,0.0567451268434524,0.0058054071851074,0.0706155374646186,0.8326002955436707,0.6586880087852478,0.6367277503013611,0.4302580058574676,0.5563128590583801,0.4945281445980072,0.5685675740242004,0.4804825484752655,0.5530694127082825,0.5010687708854675,0.5424807667732239,0.5518026351928711,0.4604459106922149,0.0056225959936924,0.0026917908428108,0.0368727381488023,0.0203481567241012,18.415802227079187,1,Hyperfunktionelle Dysphonie,1602,a_n
-275.16265869140625,154.52236938476562,-6.618837356567383,5.257366180419922,-48.31731033325195,7.755577564239502,-39.054649353027344,6.889401435852051,15.898756980895996,-19.15028190612793,-16.49637222290039,5.799753665924072,-3.340738296508789,19.710203170776367,7.072207927703857,7.801080703735352,5.678999900817871,5.760700702667236,3.7805230617523193,5.429306507110596,4.069870471954346,3.8673465251922607,4.491207599639893,5.209780216217041,4.4013671875,6.903986930847168,-0.5505267381668091,-0.0563047602772712,0.0972960665822029,0.0731969848275184,-0.0501183755695819,0.0495367757976055,0.0286936704069376,0.0216962993144989,0.0186267141252756,0.0118328835815191,-0.0846335068345069,0.0126438084989786,0.0843789130449295,1.8718100786209104,0.6430436968803406,0.9626439809799194,0.578887939453125,0.7488895654678345,0.6003387570381165,0.6704144477844238,0.744212806224823,0.6372390985488892,0.5650701522827148,0.5282139182090759,0.6396021246910095,0.4859673678874969,0.2951746881008148,0.0027064934838563,0.1169803887605667,0.017551627010107,0.0755340307950973,-0.0680461302399635,0.0849314033985138,-0.040036030113697,-0.0402757972478866,0.0561263710260391,0.0282111577689647,-0.038165234029293,0.0262689404189586,1.2348417043685913,0.4965871274471283,0.6342847347259521,0.3925599157810211,0.541790783405304,0.4648396074771881,0.5328912138938904,0.5058519840240479,0.4170233905315399,0.4456543326377868,0.3828151226043701,0.3640101850032806,0.3671520352363586,0.0020402752863556,0.0011724513185252,0.0178448890465664,0.009327477727133,26.618050542072123,1,Hyperfunktionelle Dysphonie,1607,a_n
-245.5948486328125,201.4885711669922,-23.15114021301269,-12.015913009643556,-35.69691848754883,-40.033470153808594,-27.512752532958984,10.452058792114258,1.3878010511398315,7.98922872543335,5.144843101501465,-23.64211654663086,0.3078876435756683,19.954753875732425,12.852462768554688,8.015256881713867,4.721606731414795,5.935191631317139,4.626538276672363,3.338077545166016,4.177793025970459,3.248014211654663,6.303436279296875,3.2250993251800537,3.246220350265503,4.354523658752441,-0.5932866930961609,-0.2100582420825958,0.3080806732177734,-0.093580238521099,-0.1205647438764572,0.1106674447655677,-0.0437344424426555,-0.1008837595582008,0.062635101377964,0.015708053484559,-0.0173544399440288,-0.0325305946171283,-0.0760352164506912,1.4924641847610474,1.1592016220092771,0.983579695224762,0.6588575839996338,0.6867371797561646,0.7514114379882812,0.5971131324768066,0.6527988910675049,0.552116334438324,0.623558521270752,0.4593952000141144,0.5472174882888794,0.4912146627902984,0.2916235029697418,0.1443207859992981,0.1197245568037033,0.052664328366518,0.0160349197685718,0.0760569721460342,0.0400601513683795,-0.0268488470464944,0.0289748907089233,-0.0850537121295929,-0.0255488865077495,0.0460504069924354,-0.0669495314359664,1.4770500659942627,0.9390990734100342,0.6705752015113831,0.4416166841983795,0.4046734273433685,0.5995059013366699,0.3929182887077331,0.3729174733161926,0.294881522655487,0.4681992530822754,0.2709996104240417,0.3403260707855224,0.381459891796112,0.0037773158776312,0.0021537802699482,0.0274348013147836,0.0147845245805738,25.7407844244604,1,Hyperfunktionelle Dysphonie,1608,a_n
-236.4108123779297,217.07843017578125,27.358646392822266,23.73168563842773,4.765831470489502,-1.729109287261963,-4.19529914855957,-0.0632519200444221,-5.562370777130127,16.557037353515625,1.391706943511963,-17.33766746520996,2.174337863922119,33.42319107055664,15.563623428344728,9.07737159729004,8.437967300415039,7.704153537750244,5.722047328948975,6.484875202178955,5.510692596435547,6.054008483886719,3.769853830337525,2.9485294818878174,4.692212104797363,2.958604097366333,-0.8249993920326233,-0.0640407279133796,0.0130245434120297,0.0804746821522712,0.1392313539981842,0.093518853187561,0.048733863979578,-0.0139991221949458,0.0648896843194961,-3.674983963719569e-05,-0.0261934865266084,0.0753395855426788,0.0310815088450908,3.116531610488892,2.3757286071777344,1.4004024267196655,1.5269618034362793,1.1191297769546509,0.8048233985900879,0.9479008316993712,0.6389727592468262,0.7248489856719971,0.6015433669090271,0.4875276684761047,0.5975863337516785,0.5189211368560791,0.2061306834220886,-0.2004220485687255,0.1300818920135498,0.0234913490712642,0.000197908404516,0.0223843473941087,0.020104655995965,-0.0197792239487171,0.0454220883548259,-0.0478183217346668,-0.0012296887580305,0.0222773123532533,-0.0742594450712204,1.493980050086975,1.3295958042144775,0.7713378667831421,0.8572079539299011,0.7112020254135132,0.6655434966087341,0.6096529960632324,0.3734159767627716,0.5507894158363342,0.4920583367347717,0.3797898292541504,0.4076888263225555,0.3905704021453857,0.0103239295329765,0.005120844332443,0.0553911558866219,0.0275665454370415,19.17736726830874,1,Hyperfunktionelle Dysphonie,1637,a_n
-215.51954650878903,212.2247772216797,-12.08242416381836,28.86938095092773,-24.305543899536133,-21.55976867675781,-8.656888008117676,3.982945203781128,5.016934871673584,11.709112167358398,8.597853660583496,-5.166517734527588,-7.070083141326904,22.908632278442383,7.812159538269043,9.915316581726074,4.136485576629639,4.2558417320251465,3.801787853240967,4.941953182220459,3.276507377624512,2.6638848781585693,2.9402575492858887,2.4882662296295166,2.5449378490448,3.2837107181549072,-0.5582115054130554,0.0393457263708114,0.1068585440516471,-0.0145892007276415,0.0721481442451477,0.0533722750842571,0.070681557059288,0.0307231750339269,0.0208346545696258,0.0413427390158176,0.0225983466953039,0.023000618442893,0.0443609505891799,2.138441324234009,1.3234896659851074,1.3065060377120972,0.6415382027626038,0.6986650228500366,0.411418080329895,0.4802989363670349,0.395878255367279,0.3519701063632965,0.4804849922657013,0.4113663733005523,0.3225482702255249,0.3430205285549164,0.2632719278335571,-0.1769416034221649,0.1007522046566009,-0.0626442208886146,0.0613902099430561,0.0185469556599855,0.000171191204572,-0.0077637243084609,0.0406373813748359,-0.0147016672417521,-0.0096009317785501,0.0297466814517974,0.0252207461744546,1.362070918083191,0.8122881054878235,0.6929762363433838,0.488134503364563,0.4495955407619476,0.3680223226547241,0.2991755306720733,0.218268871307373,0.2881382703781128,0.2799645364284515,0.2975643575191498,0.2736706435680389,0.2338109612464904,0.0065575892075036,0.0037117035185725,0.0391447442842498,0.0204055795047677,20.519099952810546,1,Hyperfunktionelle Dysphonie,1643,a_n
-258.5261535644531,194.9248504638672,13.276248931884766,-9.26377010345459,-44.42892837524414,1.175997614860535,-23.1977481842041,-3.4979047775268555,21.712501525878903,-2.151249647140503,-13.218521118164062,-10.534424781799316,5.102599620819092,17.280563354492188,4.09236478805542,5.320791244506836,4.147025108337402,6.253342151641846,4.741498947143555,4.142811298370361,6.162957191467285,3.387932300567627,3.7716047763824463,4.156390190124512,3.168976306915283,3.681164264678955,-0.4820528030395508,0.0853621661663055,-0.0631632059812545,0.0203852076083421,0.1246233209967613,0.1306594759225845,-0.0230314787477254,-0.0375955365598201,-0.0143978856503963,-0.0570716224610805,0.0638461038470268,0.0240930691361427,-0.0053644017316401,2.309354066848755,0.7595255374908447,0.5664282441139221,0.568200945854187,0.6374111175537109,0.7483665347099304,0.6380530595779419,0.7398261427879333,0.4953978657722473,0.6558840870857239,0.5932067036628723,0.4832899272441864,0.5935162305831909,0.2298039942979812,0.0788000524044036,0.0707176029682159,0.0336199849843978,0.0781125724315643,-0.0351681932806968,0.0203105974942445,0.0268292967230081,-0.0161363165825605,0.0053012315183877,0.0612782202661037,0.0142334559932351,0.0226096324622631,1.0262259244918823,0.5763943791389465,0.4297522604465484,0.4594657123088836,0.595364511013031,0.4395776391029358,0.4569600522518158,0.4639481902122497,0.3526366055011749,0.4418209195137024,0.4108726382255554,0.3785038888454437,0.4365518391132355,0.0024063982114652,0.0013847918942108,0.022109164388884,0.0121755670720781,24.995308026322483,1,Hyperfunktionelle Dysphonie,1648,a_n
-224.84825134277344,226.3090362548828,19.77060508728028,17.90020179748535,-56.78852844238281,-12.2713041305542,-26.984111785888672,14.962580680847168,17.220842361450195,4.041492462158203,6.590137958526611,-9.69788932800293,5.118960857391357,22.230484008789062,8.43773365020752,6.254630088806152,6.509664535522461,5.097302436828613,3.66081976890564,3.620449542999268,3.27273941040039,2.697299003601074,3.801981210708618,2.8651742935180664,3.2230217456817627,2.874598979949951,-0.1477788537740707,-0.0048806872218847,-0.0619148686528205,-0.0295271873474121,0.0787898823618888,0.0725922062993049,-0.0560732707381248,-0.0097184535115957,0.0044133267365396,-0.0144183319061994,0.0061281989328563,-0.0303504504263401,-0.0447853133082389,1.2329483032226562,1.155159831047058,0.7913938164710999,0.653755784034729,0.7284956574440002,0.568524956703186,0.4735722839832306,0.47259721159935,0.5185375809669495,0.4806335866451263,0.4481355845928192,0.3684985935688019,0.4490464031696319,0.0395258702337741,-0.190937802195549,0.031040072441101,-0.0533546544611454,0.1065138131380081,-0.0130792157724499,0.0243625063449144,-0.0292236432433128,-0.0090684434399008,-0.0091915605589747,0.0170518960803747,0.0189599003642797,-0.0381373278796672,0.7746719121932983,0.8044789433479309,0.5548372268676758,0.4264583885669708,0.5885646343231201,0.3725948631763458,0.3322110176086426,0.4115053117275238,0.3209538757801056,0.3783462047576904,0.3595765233039856,0.3225185871124267,0.4532136917114258,0.0037595186073676,0.0018037006704641,0.0565193721601644,0.0313076948269118,18.283441211836603,1,Hyperfunktionelle Dysphonie,1653,a_n
-252.7610321044922,173.67941284179688,7.97575044631958,-10.436326026916504,-52.16290664672852,9.69184398651123,-14.456334114074709,10.698554039001465,3.751621007919312,-14.12168788909912,-1.7715858221054075,-7.2641520500183105,-12.819515228271484,31.29054069519043,5.770113945007324,4.854441642761231,9.98752498626709,5.542147159576416,4.317410469055176,6.723270893096924,4.272434234619141,3.6560041904449454,5.72865629196167,3.8128139972686768,3.7562367916107178,4.244627952575684,-0.809358537197113,-0.1174727976322174,-0.0416766963899135,0.1171245947480201,0.0636374354362487,0.0903419405221939,0.0308413077145814,-0.0268036127090454,-0.0604322850704193,-0.0768450275063514,0.074581541121006,-0.0689752772450447,0.033352255821228,2.083635807037353,0.7384963631629944,0.6775897145271301,0.771537721157074,0.9275670051574708,0.7550609111785889,1.0349842309951782,0.5835782289505005,0.5704706907272339,0.5032322406768799,0.4262301027774811,0.4921012818813324,0.6879310607910156,0.420285016298294,-0.1190150380134582,-0.0179622173309326,0.0580112747848033,0.2397150844335556,-0.0574679300189018,0.1713537871837616,-0.0001617681118659,-0.0261057708412408,0.0678724274039268,0.0199815519154071,-0.0264511741697788,0.0450337566435337,1.3868346214294434,0.5318342447280884,0.3633369505405426,0.5146493315696716,0.8596369028091431,0.4456483125686645,0.6867185831069946,0.4515418708324432,0.4635066092014313,0.407996654510498,0.3307113349437713,0.4482082426548004,0.4271216690540313,0.0107777444568093,0.0061907154705779,0.0906010700552078,0.0499088548685036,13.82207762684199,1,Hyperfunktionelle Dysphonie,1660,a_n
-270.8291015625,173.41702270507812,-8.966104507446289,-22.2535400390625,-28.29916381835937,20.86404228210449,-2.690028190612793,9.279897689819336,-0.5578427910804749,-3.400986909866333,-3.141993999481201,13.387767791748049,4.773446083068848,31.39425468444824,9.00750732421875,8.243452072143555,10.566481590270996,5.0510735511779785,4.754461288452148,8.724677085876465,5.097375869750977,5.128018379211426,5.69599723815918,4.59824800491333,5.281534194946289,6.263072967529297,-0.6777572631835938,-0.1230546757578849,0.0530200526118278,0.1921859085559845,0.0697173550724983,0.1269320547580719,0.096932403743267,-0.0601800829172134,-0.0707148015499115,-0.0822031497955322,0.0045758499763906,-0.0170712005347013,0.0647079050540924,1.7082194089889526,0.9656360149383544,0.9720263481140136,0.7434797286987305,0.7807770371437073,0.9604188203811646,0.7666113376617432,0.5593066811561584,0.5654506087303162,0.4758709967136383,0.5934553146362305,0.6570999622344971,0.6043447256088257,0.3963319659233093,-0.143130674958229,0.0802573561668396,0.1338125765323639,0.027748541906476,-0.0746815055608749,0.0721183195710182,-0.0231999903917312,0.0545611754059791,0.0084044709801673,-0.0002085859159706,-0.0226666815578937,0.0088339941576123,1.8340039253234863,1.0245307683944702,0.5181886553764343,0.8982228636741638,0.5894534587860107,0.5030542016029358,0.6360252499580383,0.4288992881774902,0.4351943135261535,0.3531128466129303,0.4215767383575439,0.411014199256897,0.3819381296634674,0.0028268296126103,0.001684027928488,0.0306237897501203,0.0171255839171414,24.143285154331785,1,Hyperfunktionelle Dysphonie,1669,a_n
-214.47023010253903,185.59356689453125,-21.986122131347656,-7.904983997344971,-43.723777770996094,6.805868148803711,-20.8835563659668,3.0435686111450195,1.8449112176895144,-14.61842918395996,-13.096693992614746,-6.724672317504883,14.721111297607422,20.34611701965332,6.183830738067627,5.687436103820801,3.01448130607605,3.559896469116211,3.580158233642578,3.1580140590667725,3.99933648109436,3.713053941726685,4.449846267700195,3.209622859954834,3.359585285186768,4.075316905975342,-0.4298807680606842,0.0046021463349461,-0.0471193976700305,0.0269220247864723,0.0252133905887603,-0.0412624403834342,-0.0246738996356725,-0.0567286349833011,-0.022745506837964,-0.0788689851760864,-0.0846590623259544,-0.0276170074939727,0.0621077828109264,1.284934401512146,0.8504831194877625,0.8461697101593018,0.5227588415145874,0.5197500586509705,0.5275298357009888,0.5270706415176392,0.4733996987342834,0.5840155482292175,0.4869779944419861,0.5333710312843323,0.6000018119812012,0.572921097278595,0.1775047332048416,0.1102389171719551,0.1368452906608581,0.0281943678855896,0.0280574839562177,-0.0143210003152489,0.0320567414164543,-0.0160266458988189,0.0332716070115566,0.0224971026182174,0.0072728497907519,0.0482024103403091,-0.0256946701556444,0.7437589168548584,0.5800944566726685,0.6061702966690063,0.3527717888355255,0.4207675457000732,0.3906325995922088,0.3698982000350952,0.3518109023571014,0.4152736663818359,0.4088225364685058,0.3872843980789184,0.433658629655838,0.4350543022155761,0.0033985291592064,0.0019870392254518,0.0180450766508479,0.0100848759389163,25.227677933302733,1,Hyperfunktionelle Dysphonie,1682,a_n
-247.19903564453125,231.5815887451172,-22.220653533935547,-35.21368789672852,-21.81729507446289,-12.81332302093506,-21.330202102661133,8.008722305297852,9.750787734985352,-12.025823593139648,-5.550347328186035,1.1511247158050537,-0.2078866809606552,40.06649017333984,20.385740280151367,8.353715896606445,7.294949054718018,7.607381820678711,4.533629894256592,6.207118988037109,3.537910461425781,2.996040344238281,3.871852159500122,2.833390474319458,2.5955939292907715,2.6846938133239746,-1.274520754814148,-0.5396031141281128,0.2345751821994781,0.2631274759769439,0.0777017399668693,0.0579065084457397,0.1632351875305175,0.0983942300081253,-0.027710722759366,-0.0673859193921089,0.016512444242835,-0.0344896726310253,-0.0490650497376918,4.030664443969727,2.75344467163086,1.335323691368103,1.1275067329406738,0.9971967339515686,0.6833163499832153,0.9375206828117372,0.5201504230499268,0.5760404467582703,0.6950072646141052,0.4848575294017792,0.4777280986309051,0.4475000202655792,0.7169037461280823,-0.3654723763465881,0.211988553404808,0.0643038004636764,-0.0237458627671003,-0.004247520584613,0.1127563714981079,-0.0099589899182319,0.003186113666743,0.0993977338075637,0.0441551618278026,-0.0152437901124358,-0.0234923902899026,2.4772844314575195,1.5327966213226318,0.7007102966308594,0.6412699222564697,0.5669636726379395,0.3848333656787872,0.4729718565940857,0.3738455772399902,0.3552293181419372,0.465228408575058,0.3949552774429321,0.2903569340705871,0.3020457625389099,0.0030926220687378,0.0016040860907332,0.034813351214383,0.0144858420364223,22.719729498038056,1,Hyperfunktionelle Dysphonie,1686,a_n
-296.9517517089844,217.4510040283203,7.386425495147705,12.655584335327148,-14.391368865966797,-37.32096099853516,-23.595916748046875,1.5949499607086182,3.6722333431243896,-13.54817008972168,-1.8325154781341555,-4.095431804656982,-5.359582901000977,25.64634895324707,8.256732940673828,8.269424438476562,6.2603936195373535,5.77828311920166,4.806323051452637,3.854247331619263,4.751679420471191,3.623394012451172,5.561790466308594,3.766818046569824,3.2421250343322754,3.0532734394073486,-0.636463463306427,0.1089571639895439,0.1604351997375488,0.0544099099934101,0.0364494659006595,0.00665810611099,0.0070927320048213,-0.0502825416624546,0.0115520572289824,0.0411009900271892,0.0369336903095245,0.0406099110841751,-0.0019811782985925,4.304713249206543,1.5482438802719116,1.4942394495010376,1.1021636724472046,0.8305437564849854,0.914192795753479,0.6337201595306396,0.728349506855011,0.4916199743747711,0.8221623301506042,0.6661353707313538,0.6138820052146912,0.5141324400901794,0.5923325419425964,-0.1896627396345138,0.1848130524158477,-0.0234502498060464,0.0371437221765518,0.1187986582517623,0.0692840069532394,-0.0303827617317438,-0.0264050420373678,0.0580020621418952,0.0041862991638481,0.0573735907673835,0.0360844619572162,2.4655511379241943,1.0850409269332886,1.1446632146835327,0.858749270439148,0.6225217580795288,0.6128875613212585,0.5237146615982056,0.4644693434238434,0.3423870503902435,0.4855909049510956,0.3749291896820068,0.422208696603775,0.3707471787929535,0.0017312843079083,0.0008210002810316,0.0248270167915499,0.013583534506413,29.9498763650396,1,Hyperfunktionelle Dysphonie,1690,a_n
-325.4105224609375,201.99819946289065,64.8507080078125,30.59907341003418,-30.76618194580078,2.433288097381592,2.1600818634033203,-8.91259765625,-6.656932353973389,15.565717697143556,14.15524959564209,-12.720376014709473,1.687374472618103,20.79825592041016,11.117207527160645,6.788092136383057,5.022657871246338,8.469914436340332,5.96760892868042,4.238851070404053,3.8982691764831534,4.504941463470459,5.104009628295898,4.015137672424316,3.872645854949951,3.8400352001190186,-0.8324341177940369,-0.1867707371711731,0.013815832324326,0.0893997028470039,0.1255657523870468,0.137493222951889,0.0418935865163803,-0.0374407097697258,-0.0321358144283294,0.0822165831923484,0.1060464158654213,0.0045260498300194,-0.0383965224027633,3.5693607330322266,2.023132085800171,1.3136433362960815,0.6463756561279297,1.4389268159866333,0.9178537130355836,0.7495085597038269,0.6599974632263184,0.8232686519622803,0.7662143707275391,0.7216482758522034,0.6666938066482544,0.6413066983222961,0.7303649187088013,-0.3558542430400848,-0.2214749455451965,-0.0242574084550142,0.2514917850494385,-0.0718267709016799,-0.062724158167839,0.0443836562335491,0.0856664851307869,-0.008119891397655,-0.074639156460762,0.0996635109186172,0.0055965296924114,2.389358758926392,1.2255967855453491,0.8645918965339661,0.441798061132431,0.8579521775245667,0.5654544830322266,0.5202876329421997,0.5031837821006775,0.530113697052002,0.4611786901950836,0.4366597831249237,0.532772421836853,0.4737326800823211,0.0041108755108036,0.0019541275174439,0.0347913210885795,0.0125781908447686,21.85811571193206,1,Hyperfunktionelle Dysphonie,1741,a_n
-224.07330322265625,177.82586669921875,-13.862735748291016,-8.568525314331055,-31.91266822814941,18.27257537841797,-34.920108795166016,9.8382568359375,19.21234893798828,-28.96491241455078,-11.361618995666504,11.841102600097656,-8.566889762878418,9.563275337219238,3.52056884765625,5.433144092559815,4.093539714813232,4.627910614013672,5.182400703430176,6.001506805419922,2.723893165588379,3.892175674438477,4.525082111358643,3.421040773391724,4.509246826171875,3.3112142086029053,0.0141441561281681,-0.0402528308331966,-0.1128351762890815,-0.0138690825551748,-0.0335473455488681,-0.0102580524981021,-0.1090999692678451,0.0361655205488204,0.0928591266274452,-0.0460021197795867,-0.056651696562767,0.0301647707819938,0.013771329075098,1.5088948011398315,0.5898195505142212,0.9405482411384584,0.7038367390632629,0.7352132797241211,0.8900364637374878,0.8437812328338623,0.4976953864097595,0.7152580618858337,0.653288722038269,0.6483683586120605,0.6445197463035583,0.5744553208351135,0.3684771060943603,0.0084640989080071,0.2083061188459396,0.0842600837349891,0.0842987596988678,-0.1071400716900825,0.2066260278224945,0.0040087858214974,-0.1094427704811096,0.0976935103535652,0.0574687272310256,-0.1060379147529602,0.065823346376419,1.3245434761047363,0.385694682598114,0.8070796728134155,0.4318522214889526,0.4811429977416992,0.4653224050998688,0.7464296817779541,0.3201587200164795,0.4927428662776947,0.5089157819747925,0.4327489137649536,0.538053035736084,0.4676879048347473,0.0050566875118932,0.0029797823300734,0.0308934966384626,0.0161220182828943,20.56188646609288,1,Hyperfunktionelle Dysphonie,1745,a_n
-259.9374389648437,191.09410095214844,-45.439334869384766,-14.756752967834473,-42.44959259033203,7.705276966094971,-1.691533446311951,5.705077171325684,3.2848658561706543,-21.32222557067871,-6.918704032897949,1.0551762580871582,-7.413479804992676,27.82327461242676,7.85978364944458,17.15496253967285,8.124037742614746,5.612551212310791,7.857616424560547,3.722514152526856,3.485877752304077,3.4140541553497314,3.393033266067505,3.1265337467193604,3.4824788570404053,3.3953819274902344,-1.2100094556808472,0.1634070128202438,0.4551301300525665,-0.3021354675292969,0.2012019455432891,0.157590165734291,-0.0721040293574333,-0.0789122730493545,0.0125724682584404,-0.020214807242155,0.0018906355835497,-0.0633579641580581,0.0933303833007812,1.3795602321624756,1.2293812036514282,1.2621854543685913,0.8687862753868103,0.7431761622428894,0.6901546120643616,0.4209227561950683,0.4584077596664428,0.5604577660560608,0.4807854890823364,0.4615921080112457,0.39484703540802,0.4762442111968994,0.1155634745955467,0.3349799513816833,0.307983785867691,0.0214955639094114,0.0627316161990165,-0.041093859821558,-0.0151111930608749,-0.0245250854641199,0.0025771907530725,0.0241136122494936,0.0261588245630264,0.0039751483127474,0.0159755572676658,0.7358704805374146,1.115206241607666,0.966292917728424,0.5395670533180237,0.527197539806366,0.552664577960968,0.3543363809585571,0.3407782912254333,0.4156952798366546,0.3793820142745971,0.3044381737709045,0.3494929671287536,0.3618267476558685,0.0041753295059762,0.0024002625679154,0.0536336908520448,0.0286358803127206,21.25844231089704,1,Hyperfunktionelle Dysphonie,1753,a_n
-278.96417236328125,194.8829345703125,9.028315544128418,9.737751960754396,-39.1253547668457,-18.49096298217773,-27.52799797058105,12.332088470458984,21.225902557373047,-8.995903968811035,-6.843260765075684,-3.209951877593994,-4.301228046417236,11.87721347808838,5.404409408569336,4.916229724884033,3.598233699798584,4.611640453338623,3.645939588546753,3.939701557159424,4.269316673278809,4.969250679016113,3.501458644866944,4.907210350036621,4.035623550415039,2.9337120056152344,0.1627625375986099,-0.1724824011325836,0.1484366953372955,0.0265601351857185,0.0562949366867542,-0.070177637040615,-0.0056018885225057,0.0020756379235535,-0.0588216558098793,-0.0139468125998973,0.0829869136214256,-0.0741051584482193,-0.0014840792864561,1.965847969055176,1.189819097518921,0.7497745156288147,0.5188726782798767,0.6973780989646912,0.6801629662513733,0.5959011912345886,0.6050688028335571,0.5317988991737366,0.5559796690940857,0.4929620325565338,0.4393089413642883,0.4693916738033294,0.2821511924266815,0.0567501559853553,0.0700316056609153,0.0058867675252258,0.0519093908369541,0.0036088407505303,0.0940362736582756,-0.0374832227826118,-0.0560198277235031,0.0536917373538017,0.0464006774127483,-0.0052024275064468,-0.0201593358069658,1.2497645616531372,0.7363156080245972,0.5047738552093506,0.4038150608539581,0.4660123288631439,0.4404208660125732,0.6071144342422485,0.450275182723999,0.433308869600296,0.4502124786376953,0.3866482675075531,0.3639681041240692,0.3884893357753753,0.0038789638638042,0.0022839906004893,0.0306005636083741,0.0173636963164387,22.346264166616955,1,Hyperfunktionelle Dysphonie,1754,a_n
-292.20379638671875,188.28591918945312,15.753045082092283,9.56338882446289,-32.4193229675293,-1.0530990362167358,-14.18210220336914,10.322124481201172,13.271478652954102,-11.688931465148926,-20.320178985595703,4.342236518859863,15.11734390258789,49.267086029052734,9.831747055053713,13.397259712219238,6.0691399574279785,12.578532218933104,6.485655784606934,4.482520580291748,3.5532264709472656,3.856752634048462,3.253790140151977,4.697964668273926,3.665826797485352,4.035460472106934,-2.382330179214477,-0.6498221755027771,0.2059006541967392,0.3365297615528106,0.6952922940254211,0.2407790571451187,0.0229380950331687,-0.011812686920166,-0.0996883884072303,-0.0356110893189907,0.0986407324671745,0.0089569501578807,-0.0867639854550361,3.0860044956207275,1.5353960990905762,1.5368160009384155,0.6693658828735352,1.0445681810379028,0.7553079128265381,0.6606665849685669,0.5620805025100708,0.652267336845398,0.4824362695217132,0.8270228505134583,0.5730773210525513,0.7217399477958679,1.0192369222640991,-0.1625624746084213,0.2627139091491699,-0.0455770567059516,0.1537396907806396,-0.1416636556386947,0.2703618705272674,-0.0699892044067382,-0.2050028145313263,0.112838976085186,0.1357791721820831,0.0083435345441102,-0.1710698753595352,2.528127670288086,0.7644749283790588,0.9626284241676332,0.6157559156417847,0.4894144535064697,0.5028682947158813,0.7212708592414856,0.4030444622039795,0.5346060395240784,0.4567904472351074,0.3969288170337677,0.2903274893760681,0.4909935295581817,0.003190538881124,0.0016120658852988,0.0272423968997377,0.0140535811677815,25.4069536647782,1,Hyperfunktionelle Dysphonie,1758,a_n
-250.4158477783203,181.69810485839844,-15.610647201538086,-4.25489616394043,-40.8652458190918,-10.72112274169922,-25.052677154541016,11.88009548187256,22.3786563873291,-15.367019653320312,-11.509814262390137,6.24030351638794,11.234180450439451,20.71419906616211,8.213793754577637,12.402005195617676,3.599745273590088,4.48310661315918,4.616439342498779,3.867671251296997,3.2231154441833496,3.519212007522583,4.623108386993408,2.9918928146362305,4.1870222091674805,3.029116153717041,-0.2831821739673614,-0.5002564787864685,0.3133565783500671,0.092210903763771,0.1293482929468155,0.1033200547099113,0.0870642885565757,-0.0636123865842819,-0.1144686713814735,-0.0751757696270942,-0.0069690002128481,0.0623525492846965,-0.0104101663455367,2.793907165527344,1.4763245582580566,1.7496658563613892,0.5562624335289001,0.6764851808547974,0.8190345764160156,0.7883977890014648,0.610900342464447,0.6601144671440125,0.6644785404205322,0.555281400680542,0.5290337800979614,0.4841616153717041,0.4422596991062164,0.0347590185701847,0.1472509652376175,0.027135157957673,0.0789593160152435,-0.020942885428667,0.1091694235801696,0.0125463511794805,-0.064796045422554,0.0985463187098503,0.0960878059267997,0.0102109406143426,0.0260802544653415,2.123241662979126,0.9118264317512512,0.8534728288650513,0.3950587213039398,0.5178831219673157,0.4264739453792572,0.5056231617927551,0.3407899141311645,0.4325952529907226,0.4138500094413757,0.4192457497119903,0.3608437478542328,0.3555275201797485,0.004552086914211,0.0026959383291379,0.0380044627278662,0.0205565074600888,21.323003712289207,1,Hyperfunktionelle Dysphonie,1777,a_n
-231.6224670410156,174.71006774902344,-17.420839309692383,15.075573921203612,-61.777130126953125,1.408948302268982,-29.21244430541992,13.766160011291504,20.608043670654297,-20.3681583404541,-9.52751636505127,4.307995319366455,-14.59890079498291,20.849061965942383,12.183085441589355,6.743289947509766,9.543455123901367,7.47688102722168,3.335245132446289,3.8016469478607178,3.261912107467652,2.7931339740753174,3.2904715538024902,3.971323728561402,2.913460254669189,3.7434685230255127,-0.3427799046039581,0.022653317078948,-0.0217289291322231,0.1305262297391891,-0.131769448518753,0.0407366789877414,-0.0902273505926132,-0.0072645423933863,0.0384215414524078,-0.0605217590928077,0.0232934486120939,-0.0186138972640037,-0.0285843200981616,1.4573932886123655,1.353758454322815,1.1493040323257446,0.6351990103721619,1.1270896196365356,0.571455717086792,0.7695319652557373,0.5366888642311096,0.4297210276126861,0.5099149942398071,0.5734068155288696,0.5031028389930725,0.5845795273780823,0.1565273553133011,0.0658518522977829,0.1427008211612701,-0.0131980124861001,0.0966669395565986,0.0125427953898906,0.0806151032447815,-0.0208688769489526,-0.0024943999014794,0.0208627171814441,0.0424460582435131,0.013756887987256,0.0259332433342933,1.0501000881195068,0.8462468981742859,0.7411746978759766,0.4736181497573852,0.5404557585716248,0.4373439848423004,0.5357756018638611,0.4001396596431732,0.2775786817073822,0.3285622298717499,0.4175998866558075,0.4001183807849884,0.3702007532119751,0.0062884401760391,0.0038082634845111,0.0387713665147611,0.0223707998281675,18.1175622568016,1,Hyperfunktionelle Dysphonie,1778,a_n
-235.98252868652344,179.6421356201172,19.90299797058105,10.487396240234377,-61.345951080322266,-6.369340419769287,-32.39872741699219,13.68210792541504,13.754401206970217,2.8708765506744385,-17.544130325317383,-2.5423038005828857,15.38161563873291,20.597064971923828,5.755997180938721,8.45946979522705,5.717679977416992,8.050122261047363,5.002231121063232,6.326962471008301,5.597740173339844,4.873927593231201,4.252597332000732,4.440994739532471,3.4542479515075684,4.552334308624268,-0.7909219861030579,-0.0205507893115282,0.1417404860258102,0.166018396615982,-0.0278456956148147,0.0114544862881302,-0.0326064564287662,-0.0193919520825147,-0.0811202973127365,0.0395799614489078,-0.0306016374379396,0.0119537422433495,0.1233588904142379,2.1753134727478027,0.8343663811683655,0.6780962944030762,0.6105501055717468,1.1746054887771606,0.5425827503204346,1.0775988101959229,0.5605922341346741,0.5713813304901123,0.5084158182144165,0.7942591905593872,0.5010508298873901,0.4579704701900482,0.4988600313663482,0.0714441537857055,0.1039033606648445,0.0068644848652184,0.1992058902978897,-0.0744372084736824,0.1739183366298675,-0.0235936287790536,-0.04482177272439,0.0077239158563315,0.1464572548866272,0.0016404412453994,-0.0220190472900867,1.6520066261291504,0.7033406496047974,0.5723549723625183,0.3519983291625976,0.8055605888366699,0.4132415354251861,0.750401496887207,0.3538970649242401,0.4225598275661468,0.4148260653018951,0.5666607618331909,0.3143306970596313,0.3480768501758575,0.004369543083899,0.0025011145100503,0.0349607541808772,0.0191855120387773,23.74445296930328,1,Hyperfunktionelle Dysphonie,1786,a_n
-188.72808837890625,213.5544586181641,-29.50098991394043,-9.99116039276123,-31.603233337402344,9.680135726928713,-7.773426532745361,2.833461046218872,12.700390815734863,-16.774425506591797,-5.136099815368652,6.68039083480835,-11.20877456665039,24.594038009643555,6.550457954406738,6.808032989501953,4.896745681762695,3.7297229766845694,3.993056058883667,3.59341049194336,4.294611930847168,4.332458972930908,4.942948818206787,2.5318856239318848,2.7630836963653564,3.2018303871154785,-0.4413130581378937,-0.053514651954174,0.0367484577000141,-0.0503154098987579,0.0469108186662197,-0.1226511597633361,-0.0584929473698139,-0.0544142462313175,-0.0479747988283634,0.0734652727842331,-0.0696455240249633,0.0265601333230733,-0.0191444288939237,2.61695408821106,0.8220717906951904,1.058627009391785,0.7802373766899109,0.6679222583770752,0.5086612701416016,0.5073124170303345,0.4772766828536987,0.5844902992248535,0.47654590010643,0.4623167514801025,0.4475584626197815,0.5331990122795105,0.1933095008134842,0.121694341301918,0.21832837164402,0.004369041416794,0.0870029628276825,-0.0438657067716121,0.0318808443844318,0.0334303602576255,0.0043252580799162,0.0224877409636974,-0.0469134487211704,0.0106246257200837,0.0558979026973247,0.8480761647224426,0.606852650642395,0.7262740731239319,0.454733282327652,0.4785370528697967,0.4010722041130066,0.2769469320774078,0.2949172556400299,0.3994503617286682,0.3783321678638458,0.3533485531806946,0.2831744253635406,0.291607528924942,0.0027990580183728,0.0016464457263829,0.022306445443462,0.0117017998124646,23.458251550925223,1,Hyperfunktionelle Dysphonie,1792,a_n
-244.6622467041016,190.96749877929688,-59.716285705566406,-29.10579490661621,-39.41157913208008,1.58354914188385,-12.970839500427246,17.62055778503418,-5.958802700042725,-18.74921989440918,2.821690797805786,-13.740894317626951,7.670422554016113,15.897842407226562,4.723888397216797,9.90770149230957,3.5046985149383545,6.970048427581787,3.8904504776000977,4.00130033493042,3.706653594970703,2.854245662689209,3.0265824794769287,2.97132420539856,4.667335510253906,3.777175188064575,-0.3063046932220459,-0.0382261238992214,0.0153926610946655,0.0392837896943092,-0.0676965340971946,-0.0110676633194088,-0.0493738651275634,0.0185357760637998,-0.0470198728144168,-0.0367383025586605,0.0370028838515281,-0.0764155983924865,0.0337249375879764,2.289851665496826,0.6711171269416809,1.3783618211746216,0.5062301754951477,0.5563555359840393,0.5876582264900208,0.5618406534194946,0.5054279565811157,0.3410021662712097,0.3957469165325165,0.4521912932395935,0.396901786327362,0.4336040914058685,0.3651277124881744,-0.0869883969426155,0.2246279716491699,0.0045766462571918,0.029449462890625,-0.0213339272886514,0.0810078307986259,-0.0370430424809455,0.0321593508124351,0.0223871283233165,-0.0252477563917636,0.0379170142114162,-0.0358955785632133,1.4546127319335938,0.5882884860038757,1.0100111961364746,0.3674317002296448,0.3078089356422424,0.396963357925415,0.4731743335723877,0.3714459538459778,0.300280213356018,0.287759393453598,0.3244354724884033,0.323583573102951,0.333612859249115,0.0040581956215261,0.0024590293099407,0.0212028846291937,0.0117853181237328,22.573161559855272,1,Hyperfunktionelle Dysphonie,1794,a_n
-282.2483215332031,200.9115295410156,-25.488529205322266,-7.993001461029053,-36.19034957885742,-6.524070262908936,-7.611119270324707,-11.324729919433594,-7.426328659057617,6.642280101776123,-11.337409973144531,-1.2582896947860718,9.41522979736328,12.068772315979004,9.318638801574709,7.227217197418213,5.771925449371338,3.3065426349639893,3.248757123947144,5.11275577545166,5.411646842956543,2.527238845825196,3.259704351425171,3.6744401454925537,4.170638084411621,3.2176530361175537,-0.3786657750606537,-0.3307442367076874,0.105271428823471,0.2189763635396957,-0.0301641542464494,0.0748012587428093,0.1588824689388275,-0.1730970740318298,0.0020718462765216,0.0261215586215257,-0.1039196476340293,0.0987573638558387,-0.0072209550999104,1.3833976984024048,1.6917526721954346,1.1125264167785645,0.5089611411094666,0.4867391884326935,0.5349087119102478,0.663597047328949,0.6864230036735535,0.4172335565090179,0.4789879024028778,0.5798383355140686,0.4390459358692169,0.5375065803527832,0.1350860297679901,0.2325440943241119,0.2032744139432907,0.0712564066052436,0.0539016053080558,0.0196670331060886,0.0638947784900665,0.0426658950746059,0.0063955849036574,0.0119208386167883,0.0387417711317539,0.0198610611259937,-0.0208732262253761,0.760118305683136,0.9952291250228882,0.7166258692741394,0.3858197927474975,0.3460419774055481,0.3008362054824829,0.4358658194541931,0.3641622066497803,0.3106283545494079,0.3661139607429504,0.3904437720775604,0.3116313219070434,0.3647195696830749,0.0030431358653749,0.0017953756653724,0.0217649689274668,0.011728849015295,26.53377591512597,1,Hyperfunktionelle Dysphonie,1800,a_n
-243.13796997070312,242.08468627929688,-19.86265563964844,-7.886770248413086,-6.437312126159668,-31.23759078979492,-18.540016174316406,30.30865478515625,2.153563499450684,-24.85589599609375,7.023636817932129,3.857242822647095,-4.234958648681641,15.338961601257324,16.30289077758789,11.079951286315918,5.949470043182373,4.257164478302002,5.788039207458496,4.105270862579346,4.338537216186523,3.875704765319824,3.997094869613648,4.778881072998047,3.618395805358887,3.4418389797210693,-0.1706538200378418,-0.0627226531505584,0.2998853921890259,0.0756232962012291,-0.0575024746358394,-0.035280954092741,0.0480457954108715,-0.068528264760971,-0.0067145270295441,0.0760291814804077,-0.0765391960740089,-0.0274641923606395,0.0384799130260944,2.8337175846099854,3.0277035236358643,1.350263595581055,0.837898313999176,0.580531656742096,0.6242550015449524,0.5617772340774536,0.6971201300621033,0.5301438570022583,0.6727652549743652,0.6337353587150574,0.4117792546749115,0.5058006644248962,0.1885443180799484,-0.1961338371038437,0.1416388750076294,0.054611574858427,-0.01451968960464,0.0389299057424068,0.0442718081176281,-0.0540386438369751,0.0565189570188522,0.0489786230027675,-0.0802840292453765,0.0003895541012752,-0.0346055999398231,1.7975772619247437,1.9855228662490845,0.942061483860016,0.5215303897857666,0.4488471150398254,0.3915322124958038,0.420871376991272,0.4476852715015411,0.4345039129257202,0.4178446233272552,0.5438892841339111,0.3010161221027374,0.3343498408794403,0.0120526023251694,0.0063161703813117,0.1262577506587562,0.067977092290524,14.554968555803113,1,Hyperfunktionelle Dysphonie,1802,a_n
-232.52696228027344,199.8668975830078,10.219040870666504,36.54546356201172,-42.969852447509766,-8.728907585144043,-29.071163177490234,15.836188316345217,25.81228828430176,14.857477188110352,-6.027839660644531,-4.822883605957031,30.28587913513184,18.16683959960937,13.609167098999023,6.803599834442139,9.07835865020752,4.364546775817871,7.2968549728393555,8.245491027832031,5.703143119812012,4.186308860778809,5.862640857696533,5.0438337326049805,4.026952266693115,7.353048324584961,-0.2859020531177521,-0.1703626066446304,0.0076263803057372,0.1855230182409286,-0.0063080792315304,0.0441339313983917,0.0461063869297504,-0.0381696633994579,-0.0526621788740158,0.07154381275177,0.0260174255818128,0.0065030357800424,0.0968982726335525,1.3421913385391235,0.8922712206840515,1.124056696891785,0.7279939651489258,0.7797867059707642,0.7319648861885071,0.733883798122406,0.5914088487625122,0.7019472122192383,0.6556708216667175,0.6863323450088501,0.699442446231842,0.7287983894348145,-0.0470397397875785,-0.0531133599579334,0.1038842946290969,0.0006968592060729,-0.0188867561519145,-0.0321503430604934,0.0343839526176452,-0.0175659228116273,0.014625983312726,-0.0083087123930454,-0.0280035268515348,0.004752897657454,-0.0232424102723598,0.9216550588607788,0.6943156719207764,0.8519476056098938,0.483983963727951,0.5641573667526245,0.5313702821731567,0.5471242666244507,0.5521949529647827,0.5656726956367493,0.4786570072174072,0.5199791789054871,0.512890636920929,0.5161125063896179,0.0257809931953608,0.0151778359553159,0.1278058615256107,0.0695384026727901,10.702410529307436,1,Hyperfunktionelle Dysphonie,1812,a_n
-298.6410827636719,198.72900390625,-0.7381483912467957,-1.936270952224732,-19.823486328125,-4.131813049316406,-14.204627990722656,2.303317785263061,20.55808448791504,-17.909183502197266,-13.235191345214844,12.574252128601074,-12.246895790100098,39.19425201416016,13.826760292053224,12.40291690826416,7.049709796905518,6.256304264068604,8.359818458557129,7.4366865158081055,6.088501453399658,5.282876968383789,5.726757526397705,5.365826606750488,6.228540420532227,3.965718746185303,-1.2012615203857422,-0.2484317570924759,0.054583691060543,0.1174979731440544,0.1355063021183014,0.0665896832942962,0.0554214790463447,0.0275867227464914,0.107982262969017,0.0158221460878849,0.0085882684215903,0.0355680175125598,-0.0679019689559936,4.5098981857299805,1.7303271293640137,1.351171851158142,0.931746780872345,0.8769909739494324,0.7943606376647949,1.0328274965286257,1.0630356073379517,0.5932335257530212,0.9398366212844848,0.7323480844497681,1.0336980819702148,0.5486465692520142,1.0244218111038208,-0.4442494511604309,0.0878962129354476,0.0987218469381332,0.1882781833410263,-0.0329357758164405,0.1256032139062881,0.0180501919239759,-0.1477401405572891,0.1313031911849975,0.0482177771627903,-0.1541365534067154,-0.0026233722455799,2.782812118530273,1.437091588973999,0.4556408226490021,0.5823799967765808,0.8360051512718201,0.4010875821113586,0.5040279030799866,0.5638997554779053,0.5622666478157043,0.5415560007095337,0.4366926550865173,0.5362847447395325,0.4270471036434173,0.0029051967203864,0.0015332296768757,0.0162450146123556,0.0078521354335687,26.961911302968343,1,Hyperfunktionelle Dysphonie,1813,a_n
-227.3516540527344,191.85726928710932,-26.378671646118164,-1.0823121070861816,-49.79524612426758,-0.2343655079603195,-13.60898780822754,6.413730621337891,13.686216354370115,-4.223639965057373,-17.00937843322754,1.2150890827178955,6.282095432281494,10.197053909301758,4.711386203765869,6.852604866027832,3.632548332214356,4.139831066131592,3.824680805206299,3.594503879547119,3.243881225585937,3.232778310775757,3.213970422744751,4.372775077819824,2.708252429962158,3.65374493598938,0.1018031388521194,-0.0381438955664634,0.0494918674230575,0.0194301810115575,-0.0156022887676954,0.0523337125778198,0.0311964210122823,-0.020830338820815,0.041343055665493,0.0148729467764496,0.0521848089993,-0.0063326251693069,-0.0195200275629758,1.5371150970458984,0.8003270626068115,1.2010563611984253,0.7308194637298584,0.6320928335189819,0.5853638052940369,0.4034488797187805,0.4306287765502929,0.5393198132514954,0.5833905339241028,0.4623700380325317,0.4181185960769653,0.4566860795021057,0.3256514370441437,-0.0169541742652654,0.2432408630847931,-0.0548311360180377,0.0795798674225807,-0.0845800414681434,0.05103250592947,-0.0061898869462311,-0.0343417003750801,-0.0300619583576917,0.0227714721113443,-0.0270185824483633,-0.0341686867177486,1.2578039169311523,0.6509535908699036,0.8941147923469543,0.3676553964614868,0.4094658493995666,0.4275030791759491,0.3515799343585968,0.3392151296138763,0.3048791587352752,0.3411489427089691,0.3414433300495147,0.2954514026641845,0.3114549517631531,0.0031811078961161,0.0018899212129578,0.0222734126115229,0.0127884504988578,25.29221659977433,1,Hyperfunktionelle Dysphonie,1816,a_n
-237.6748046875,198.5264129638672,-16.824867248535156,10.05568790435791,-30.93699073791504,-4.71750020980835,-31.743253707885746,20.93724250793457,18.563140869140625,-19.89127540588379,-6.7958149909973145,-4.832790851593018,5.9435811042785645,11.053827285766602,5.43486213684082,4.782868385314941,3.4778079986572266,5.179380416870117,3.099923849105835,4.758720397949219,3.374837875366211,4.827603816986084,3.859025716781616,3.069871664047241,3.106248140335083,2.413401365280152,0.015604443848133,-0.1891014128923416,0.0138682629913091,-0.0076922127045691,0.1071876734495163,-0.0148284276947379,-0.0306010507047176,0.0149136111140251,0.0444857440888881,-0.0634866282343864,-0.0550331883132457,0.0442231744527816,-0.0244624968618154,1.0881335735321045,0.9233108162879944,0.742754340171814,0.5094161629676819,0.5241230726242065,0.5715418457984924,0.6714900732040405,0.5473535656929016,0.5320044755935669,0.4617332816123962,0.4489431083202362,0.4137557744979858,0.3215241134166717,0.160648301243782,0.0261174514889717,0.0960979014635086,-0.0136852702125906,0.0213977936655282,0.0035939454101026,0.0752271339297294,-0.022474380210042,-0.0285029839724302,0.0301816016435623,0.0137460594996809,0.0240286644548177,-0.008961109444499,0.9338716268539428,0.5714033246040344,0.4691183865070343,0.3820679783821106,0.3149702548980713,0.4846639633178711,0.4573764503002167,0.3806987404823303,0.3625902831554413,0.2911132872104645,0.3409179449081421,0.3064377009868622,0.2522610127925873,0.0044359778508988,0.0026031318352218,0.0215194926121458,0.0120408644831899,23.62791206929357,1,Hyperfunktionelle Dysphonie,1822,a_n
-305.0583190917969,193.6090240478516,14.988724708557127,22.132862091064453,-54.09225082397461,1.2920511960983276,-18.47488784790039,2.8125364780426025,28.864307403564453,-11.450491905212402,-5.051377773284912,2.833695888519287,2.9606072902679443,53.37444686889648,14.612204551696776,22.42618179321289,8.38686466217041,10.007868766784668,5.028246402740479,5.990239143371582,6.2125444412231445,5.968914031982422,5.675890922546387,5.363837718963623,4.038193225860596,4.764769554138184,-0.8566166162490845,-0.2470347434282302,0.3328491151332855,0.1077208966016769,0.0826347321271896,0.017566654831171,-0.035420786589384,0.0008533778018318,-0.0433560833334922,0.0452368780970573,0.0641261041164398,0.0071626887656748,-0.0121795730665326,2.627028703689575,1.5232160091400146,1.2746578454971311,0.918717086315155,1.2975349426269531,0.5621442198753357,0.9005937576293945,0.74949711561203,0.7796180844306946,0.8044931292533875,0.5958411693572998,0.6585127115249634,0.57557213306427,0.2508912980556488,-0.101229503750801,0.073763333261013,-0.0539508759975433,0.0928170159459114,-0.0372433625161647,0.0341014638543129,-0.0258661974221467,-0.0383908599615097,0.0502134934067726,0.0362718775868415,0.0002743568329606,-0.0143554005771875,1.6632652282714844,0.7542465925216675,1.0940626859664917,0.553895890712738,0.6396118402481079,0.5075024962425232,0.5494927167892456,0.4204662442207336,0.5122731924057007,0.5513352751731873,0.4501232802867889,0.4185718595981598,0.3176486492156982,0.0117184208166524,0.0064727905780674,0.0611855808342616,0.0300314159951293,18.069552029836565,1,Hyperfunktionelle Dysphonie,1823,a_n
-231.80245971679688,209.9128875732422,-15.599967002868652,19.272016525268555,-8.53006362915039,-22.120880126953125,-27.63127326965332,3.4443862438201904,15.020740509033203,7.351578235626221,-25.82719993591309,-1.0731722116470337,7.318499565124512,16.10515594482422,6.3953537940979,8.214845657348633,4.102911472320557,5.3689045906066895,4.130384922027588,3.659037351608277,4.43908166885376,4.948784828186035,4.496279716491699,4.893962383270264,4.286688804626465,4.83016300201416,-0.0937810540199279,0.1122437641024589,-0.0926194265484809,-0.0666289180517196,-0.0200281143188476,0.022878548130393,0.000603403779678,-0.0140640316531062,-0.0231379847973585,-0.0255666505545377,-0.0723635703325271,0.007809002418071,0.056076779961586,1.9605307579040527,1.1971851587295532,0.9159387946128844,0.7200723886489868,0.6104864478111267,0.6682159900665283,0.6679654121398926,0.647442102432251,0.7379633188247681,0.6751644611358643,0.7405710220336914,0.6235988140106201,0.5006335973739624,0.2630741000175476,-0.1841198652982711,0.0988340973854065,-0.0269530862569808,-0.0066786431707441,0.017615832388401,0.0516804344952106,-0.0277719646692276,-0.0354945473372936,-0.0314495749771595,0.0804700627923011,0.0042815711349248,-0.0258264876902103,1.2132704257965088,0.8158739805221558,0.5703226327896118,0.5760204195976257,0.4621049165725708,0.4610559940338135,0.4697453379631042,0.3915554881095886,0.4663071930408478,0.4417265951633453,0.4581663012504577,0.3983148634433746,0.3675703704357147,0.0042445904560344,0.0023145546432165,0.0556851167862349,0.0317197072260378,21.83199528522136,1,Hyperfunktionelle Dysphonie,1861,a_n
-253.48757934570312,182.369369506836,-12.39218044281006,8.049111366271973,-4.423548698425293,-18.23906707763672,2.816338539123535,22.687164306640625,1.4973522424697876,-9.130444526672363,2.374385356903076,0.6125331521034241,-2.828697681427002,15.419232368469238,7.608129501342773,7.151290893554688,3.328436851501465,5.5128173828125,3.814130783081055,3.6910922527313232,6.151519298553467,4.153676509857178,4.212277412414551,2.8367788791656494,3.1451985836029053,3.4668726921081543,0.3045567870140075,-0.1804618388414383,0.0296537596732378,-0.0012755293864756,-0.0429095551371574,-0.0159433986991643,-0.0097738141193985,-0.0799929276108741,0.0414252243936061,0.0898179411888122,-0.0411599464714527,-0.0042959912680089,0.0527034066617488,1.8242453336715696,0.9230762124061584,1.0319950580596924,0.5575878620147705,0.7189893126487732,0.6311421394348145,0.5802718997001648,0.7161810398101807,0.5471792221069336,0.4749771654605865,0.521118700504303,0.4670961201190948,0.6107740998268127,0.1832860559225082,-0.018465070053935,0.1494642049074173,0.0590788945555686,0.0454520434141159,0.1013045161962509,0.0298371464014053,-0.0373196750879287,-0.0004428146930877,0.0349816083908081,-0.0022408105432987,-0.0239964071661233,0.0034767966717481,1.1464921236038208,0.6897621154785156,0.7921881079673767,0.496319979429245,0.4499233663082123,0.5503539443016052,0.5143306255340576,0.5582234859466553,0.4304864704608917,0.4005758166313171,0.3388691246509552,0.3880857825279236,0.3870230615139007,0.0083471380021672,0.0047981131998866,0.0603160407470512,0.0343127838650464,18.430198318311746,1,Hyperfunktionelle Dysphonie,1887,a_n
-245.195541381836,189.0334625244141,-15.575570106506348,-13.439809799194336,-39.16659927368164,2.489109516143799,9.859665870666504,-11.473396301269531,-0.2060695439577102,19.1372013092041,-10.28409194946289,-8.989518165588379,10.726103782653809,24.99060440063477,9.368839263916016,6.73793888092041,4.598408222198486,6.205494403839111,5.291789531707764,4.048828125,4.174227714538574,3.1318514347076416,4.941443920135498,3.925813674926758,4.062923431396484,3.760964870452881,-1.0683656930923462,0.1202623024582862,0.0400248058140277,-0.0597449392080307,-0.0061611281707882,0.1321631371974945,-0.0071710692718625,-0.011605080217123,-0.0396549589931964,-0.1027242615818977,-0.0724095478653907,-0.1071940660476684,0.0272769518196582,2.961416006088257,1.547852635383606,1.178966403007507,0.8013875484466553,1.0229852199554443,0.551184356212616,0.6440029144287109,0.7637133002281189,0.4938352704048157,0.7764907479286194,0.5158597230911255,0.5254488587379456,0.7066314220428467,0.5065885782241821,-0.2633481323719024,0.1909280121326446,0.0972315520048141,0.1695453375577926,-0.0286349393427371,-0.0341438651084899,0.0897762924432754,0.0382077507674694,-0.0395291335880756,0.0662962049245834,0.0618772991001606,-0.0434653237462043,1.7719268798828125,1.2020307779312134,0.692194938659668,0.651865541934967,0.6679903864860535,0.5593423843383789,0.4408755600452423,0.5165204405784607,0.3808881342411041,0.522555947303772,0.4234050512313843,0.3904092907905578,0.4227788746356964,0.0036882610003833,0.0020943188830588,0.0304700872107642,0.0163352427503472,20.405914082554343,1,Hyperfunktionelle Dysphonie,1888,a_n
-280.2393493652344,176.8880157470703,5.758599281311035,10.70152473449707,-31.12795066833496,5.718063354492188,-13.746556282043455,14.40316390991211,27.1275634765625,-8.375852584838867,3.063570499420166,-4.226598739624023,4.153032302856445,17.29121971130371,5.007194519042969,7.022917747497559,5.264422416687012,5.933217525482178,4.606037139892578,4.029801845550537,3.943464517593384,3.506652593612671,4.788761615753174,5.6756272315979,4.277045726776123,4.901683807373047,-0.5016468167304993,-0.1162490621209144,0.1007852479815483,0.0634281188249588,-0.0151693234220147,-0.0285682883113622,-0.024927781894803,-0.0055318507365882,0.0334258899092674,0.0019098363118246,-0.0187264829874038,0.0251228138804435,0.0047309235669672,1.7703285217285156,0.7032122611999512,0.852331280708313,0.5918614864349365,0.6173362135887146,0.6676949262619019,0.7481778264045715,0.491774320602417,0.5292963981628418,0.4899863600730896,0.7575061917304993,0.5940855145454407,0.6693167686462402,0.1109698787331581,0.0330865196883678,0.109965294599533,0.029767857864499,0.0775044187903404,-0.0278268195688724,0.0364162102341651,0.0193197447806596,-0.0043818606063723,0.0489374622702598,-0.0009161906782537,0.0031202910467982,-0.0447035059332847,0.7875465154647827,0.4623973071575165,0.5864863395690918,0.5141242742538452,0.4993892014026642,0.5030889511108398,0.5113736391067505,0.4185962677001953,0.4209955334663391,0.4248486757278442,0.4973301291465759,0.4068202376365661,0.411649227142334,0.004960124910697,0.0029072336865109,0.0351667661829446,0.0182290002707864,21.27726805538776,1,Hyperfunktionelle Dysphonie,1891,a_n
-220.1297912597656,142.35342407226562,-49.86000061035156,34.67328643798828,-70.13995361328125,-3.866610288619995,-2.959856033325196,11.911097526550291,16.272403717041016,-18.00210189819336,-2.9566874504089355,-3.396444320678711,3.1256024837493896,8.81666088104248,6.239004611968994,10.599797248840332,4.818680286407471,12.377887725830078,6.431144237518311,6.534407138824463,4.6441969871521,3.704342842102051,5.669576168060303,4.083779811859131,4.402138710021973,5.106043338775635,0.1408849209547042,0.1846959441900253,-0.0506622828543186,-0.0629775077104568,0.0848724618554115,0.0154065266251564,-0.1325448602437973,-0.1026878654956817,-0.065844252705574,-0.1067729666829109,-0.01811377517879,-0.0274263266474008,-0.0034209983423352,1.5150476694107056,0.8836151361465454,1.9901968240737915,0.6045040488243103,2.2518839836120605,0.7531622052192688,0.9677982330322266,0.6210076808929443,0.5185247659683228,0.704829752445221,0.806509792804718,0.982681930065155,0.5525714159011841,0.3652376532554626,-0.0304038785398006,0.4791839718818664,-0.1285904496908188,0.5005066394805908,0.0945580825209617,0.1445022970438003,0.0289575867354869,0.0794036239385604,0.1504373103380203,0.0257195401936769,0.064555324614048,0.009537904523313,1.2056422233581543,0.6523711681365967,1.3568155765533447,0.6999571323394775,1.376774787902832,0.4916268587112427,0.4868372082710266,0.4593444168567657,0.4213419556617737,0.5439114570617676,0.3536370098590851,0.3852755129337311,0.3857443034648895,0.0037175503216554,0.0020296819049897,0.0250443854062639,0.0141629485782808,13.073205547801685,1,Hyperfunktionelle Dysphonie,1895,a_n
-266.53125,205.4065704345703,1.7331621646881104,12.936775207519531,-27.39021682739257,-23.38446044921875,-12.963994026184082,30.75950050354004,1.401836633682251,-25.5410213470459,-2.1133599281311035,-18.96783447265625,8.688417434692383,7.163609027862549,4.032456398010254,4.538731575012207,3.1127068996429443,3.180439710617065,3.912693977355957,2.447004556655884,3.8663315773010254,2.999949216842652,2.734447956085205,2.416921854019165,2.604553461074829,2.170482873916626,0.0240654218941926,-0.0624601915478706,0.0245610345155,-0.0008317074389196,0.0293037444353103,0.0271408110857009,-0.0015589601825922,-0.0325948558747768,-0.0194481071084737,-0.0085063707083463,-0.0124669903889298,-0.0243240185081958,0.0017643522005528,0.8103160262107849,0.6170237064361572,0.7043058276176453,0.3985637426376343,0.4538749158382416,0.4137367904186249,0.4133300185203552,0.434529572725296,0.4900081753730774,0.3696275055408478,0.3607537150382995,0.4803945422172546,0.354994386434555,0.0585585832595825,0.0169026274234056,0.0836499631404876,0.0190993007272481,0.0160838272422552,-0.0024081980809569,0.0359134301543235,0.0043696565553545,0.018178254365921,0.0187473092228174,0.0035593172069638,0.0260346718132495,-0.0012225431855767,0.4751634895801544,0.424601286649704,0.5064317584037781,0.2868707776069641,0.3762015700340271,0.3288456499576568,0.3317239880561828,0.3313853144645691,0.358195424079895,0.3236981630325317,0.3226624727249145,0.2928126454353332,0.3012890517711639,0.0016763852023484,0.0008984999891186,0.0246337126298992,0.013636022464558,22.475236790883173,1,Hyperfunktionelle Dysphonie,1898,a_n
-277.3664855957031,160.19334411621094,15.101502418518066,0.7746009230613708,-14.843257904052734,-13.874125480651855,5.52033281326294,16.58843421936035,16.445478439331055,4.374947547912598,-14.913715362548828,-6.658712387084961,15.88686752319336,16.94304847717285,5.967763900756836,6.597082138061523,3.5626704692840576,4.984132766723633,5.306359767913818,4.837609767913818,4.257258415222168,4.049833297729492,5.428042888641357,4.728368759155273,3.8355424404144287,4.190596103668213,-0.1268469989299774,0.0335517115890979,0.0560139939188957,-0.0180099103599786,-0.0415827371180057,-0.0665986388921737,-0.0197795145213603,-0.0297213476151227,0.000974984082859,-0.0051550888456404,-0.0070996386930346,0.0301914475858211,0.0107372095808386,1.8090617656707764,0.9778857827186584,0.8913871049880981,0.6062077879905701,0.8378152251243591,0.7972886562347412,0.7154067158699036,0.7201212644577026,0.6757737398147583,0.5800154209136963,0.612082302570343,0.6522325277328491,0.7355555295944214,0.235549196600914,-0.0485980659723281,0.0311189517378807,0.0445147678256034,0.0454282909631729,0.0588825047016143,-0.0003776550292968,-0.0058259605430066,-0.0180238727480173,-0.0252328142523765,0.0196015052497386,0.0015305741690099,-0.0696101933717727,1.1877553462982178,0.5014986991882324,0.4667525291442871,0.4202335774898529,0.566270649433136,0.5131767988204956,0.4577427208423614,0.5082693099975586,0.436063289642334,0.430774837732315,0.411881536245346,0.4210643470287323,0.4763189256191253,0.0058303980786355,0.0032379268046384,0.0421993046619403,0.0159494345529735,17.47109452926268,1,Hyperfunktionelle Dysphonie,1900,a_n
-265.2792358398437,214.14962768554688,37.67143630981445,41.71892166137695,-14.933724403381348,-6.807560920715332,-21.63032531738281,-7.891908168792725,9.939661026000977,-1.2361329793930054,-15.045371055603027,-5.792740821838379,0.76932692527771,33.25899887084961,15.480746269226074,8.79949951171875,9.259647369384766,6.684690475463867,8.144387245178223,7.732418060302734,4.823103904724121,4.220765113830566,4.471737861633301,4.218394756317139,4.051832675933838,3.5789506435394287,-0.9021405577659608,-0.1170794069766998,0.1670897603034973,0.2474166303873062,0.0371547453105449,0.1320337057113647,-0.0114557538181543,-0.0660260245203971,-0.0063106515444815,-0.0812564194202423,0.040771260857582,-0.0063910773023962,0.019116872921586,3.122565507888794,2.126862049102783,1.013493299484253,0.6963648796081543,1.0083996057510376,1.184238076210022,1.173179030418396,0.8585851192474365,0.7588000893592834,0.5990908741950989,0.8552687764167786,0.5744180679321289,0.5075973868370056,0.3247526586055755,-0.2302450686693191,0.0611235909163951,-0.0407413020730018,0.0626704022288322,-0.0440543591976165,0.0498356595635414,0.0057118823751807,-0.0347306244075298,-0.0082504842430353,0.1020684465765953,0.0322207771241664,-0.005768762435764,1.5278353691101074,1.201080322265625,0.4118111133575439,0.402080774307251,0.6130667924880981,0.5808954238891602,0.5615978837013245,0.5019756555557251,0.5067203044891357,0.4968783259391784,0.5609241127967834,0.4049697518348694,0.3652696311473846,0.0049513158810126,0.002453006121718,0.0312240708984723,0.0124958048518216,25.1887041891056,1,Hyperfunktionelle Dysphonie,1903,a_n
-250.16912841796875,194.120849609375,13.054224967956545,-22.555160522460938,-36.32183837890625,6.408362865447998,-8.203254699707031,19.276092529296875,12.136778831481934,-3.428992986679077,-9.201011657714844,-8.859251976013184,-10.69825553894043,12.790432929992676,10.994237899780272,5.788269519805908,3.888506174087525,4.957300186157227,3.522623300552368,4.157578945159912,3.680713653564453,3.4952616691589355,3.904477119445801,4.3030877113342285,4.773971080780029,3.2716312408447266,-0.0215539783239364,-0.2502519786357879,-0.1052025035023689,0.0078112445771694,-0.0266002155840396,0.0889292657375335,0.0910206586122512,0.0218702647835016,0.0424584709107875,-0.1079953536391258,-0.0699129402637481,-0.0773772299289703,0.0265364907681942,1.5343847274780271,1.7617697715759275,0.9675098061561584,0.6227138638496399,0.7240492105484009,0.5763121247291565,0.768271803855896,0.5240241885185242,0.4148922562599182,0.5126214623451233,0.6159855723381042,0.5325887203216553,0.4993807077407837,0.2351559400558471,-0.0281538534909486,0.1067549362778663,0.1259927302598953,0.0819239765405654,-0.0332592315971851,0.0909712091088295,0.0125354630872607,0.0110964756458997,-0.0083797955885529,0.0019256508676335,-0.0444238074123859,-0.005930523853749,1.3048996925354004,0.8594820499420166,0.6235045194625854,0.5890238285064697,0.5373523831367493,0.4464572370052337,0.4921505451202392,0.3304812014102936,0.3094906210899353,0.4314451813697815,0.4328832328319549,0.4332797825336456,0.4193025231361389,0.0062126667647191,0.0036223344000516,0.0504563295449096,0.0292962741254198,17.75142364530816,1,Hyperfunktionelle Dysphonie,1906,a_n
-181.8870849609375,177.2779998779297,-17.303802490234375,-47.95335006713867,-56.92915344238281,28.939218521118164,-12.832727432250977,9.509718894958496,-5.46096658706665,-9.45005989074707,-6.024598121643066,-15.162107467651367,9.142841339111328,11.842775344848633,7.572066783905029,6.178534984588623,5.280193328857422,4.933741569519043,4.32888126373291,4.585325241088867,4.404608249664307,3.2081615924835205,4.259090423583984,3.718271255493164,3.732812404632568,3.005182266235352,-0.267530620098114,0.0118378987535834,-0.091323047876358,-0.0029159672558307,-0.0203153286129236,0.0167433805763721,-0.0251888893544673,-0.025095447897911,-0.045234490185976,-0.0296452455222606,-0.0641644820570945,0.0030966743361204,0.050129011273384,1.4522851705551147,1.011860966682434,1.0329550504684448,0.8202224969863892,0.6561437249183655,0.7501959800720215,0.7418404817581177,0.7645503878593445,0.5391466617584229,0.5251203179359436,0.6075690984725952,0.4333863258361816,0.512245774269104,0.1515014320611953,-0.0286745708435773,0.0067490385845303,0.0132570890709757,0.0743906125426292,-0.0517702028155326,0.1102796792984008,0.0339961946010589,0.0135864159092307,-0.0040459837764501,-0.0193814449012279,-0.0058394097723066,-0.0067283431999385,0.8218596577644348,0.819525957107544,0.5852742791175842,0.5544911026954651,0.6128143668174744,0.4788913130760193,0.5955972075462341,0.5552200078964233,0.4320148527622223,0.3757505118846893,0.4051989614963531,0.4193985760211944,0.3594549596309662,0.0128247489928781,0.0072309766084654,0.1467746824907005,0.0797159056736696,6.752730976204685,1,Hyperfunktionelle Dysphonie,1910,a_n
-245.99246215820312,170.8939208984375,-21.230262756347656,3.664055347442627,-47.88380813598633,12.66847801208496,-10.068699836730955,12.94744110107422,15.161699295043944,-33.1819953918457,5.225317001342773,22.22057342529297,-19.512714385986328,24.242530822753903,5.067707538604736,10.925354957580566,4.383752346038818,5.318516254425049,6.184269905090332,5.128778457641602,5.610970973968506,3.458197116851806,7.016688823699951,3.151634693145752,4.827283382415772,4.219562530517578,-1.3773012161254885,-0.2604704797267914,0.2410444915294647,0.2830482125282287,0.0776295214891433,0.0770858824253082,0.0594374909996986,-0.2461195588111877,-0.0211075656116008,0.1894230395555496,-0.0090242875739932,0.1119579821825027,0.0156905874609947,3.0107944011688232,0.631581723690033,1.911048412322998,0.6725574731826782,0.978589117527008,1.200858473777771,0.5614286661148071,0.6283945441246033,0.65989089012146,0.7325881719589233,0.4940583109855652,0.7148914337158203,0.6644107699394226,0.8855328559875488,-0.0335547029972076,0.5765193104743958,0.0357521586120128,0.2546265721321106,-0.2764996886253357,0.1145966649055481,-0.0836673304438591,-0.1559425145387649,0.2030503898859024,-0.1107652112841606,-0.1369183212518692,0.1695934385061264,1.9421221017837524,0.4094728827476501,1.284899353981018,0.3547707200050354,0.5775228142738342,0.7734526991844177,0.4910673201084137,0.4143869876861572,0.5029410123825073,0.7355144023895264,0.4325636029243469,0.4668914079666137,0.5302994251251221,0.0033277568246803,0.0019288790867787,0.0249586007189679,0.013676388899359,22.87903671631561,1,Hyperfunktionelle Dysphonie,1927,a_n
-233.2338104248047,203.3043212890625,-15.912479400634766,-1.80453097820282,-37.083457946777344,3.487359046936035,-15.23940372467041,-10.2084379196167,11.477568626403809,6.244303226470947,-14.976629257202148,-0.6458017826080322,2.968047618865967,12.97033405303955,6.016373634338379,8.426963806152344,2.660348415374756,4.870676040649414,2.8883986473083496,3.55335021018982,3.103493452072144,3.74506425857544,3.19889760017395,3.469362497329712,2.9096434116363525,2.576813220977783,-0.1245766654610633,-0.1178728714585304,-0.0155219119042158,0.107907049357891,0.1354493349790573,-0.0255731046199798,-0.0012332526966929,-0.0606310740113258,-0.0097125833854079,0.0716402381658554,0.0864602327346801,0.0219333451241254,-0.0148872733116149,2.170408010482788,1.0205636024475098,1.489845871925354,0.4342349469661712,0.938320815563202,0.4038911163806915,0.6379871964454651,0.5468154549598694,0.5931585431098938,0.599234402179718,0.5786052346229553,0.5450047850608826,0.4152934849262237,0.5933510661125183,-0.1526508927345276,0.3841575384140014,0.0262488517910242,0.1772436946630478,-0.1219129562377929,0.1065577790141105,0.0811948105692863,-0.095889501273632,0.0006271680467762,0.1144726127386093,-0.0375967659056186,0.0181625895202159,1.7108372449874878,0.6819663643836975,1.06377375125885,0.2803152799606323,0.566909670829773,0.4202114939689636,0.5087422132492065,0.3698128461837768,0.4231092929840088,0.3298438191413879,0.441679984331131,0.4066253900527954,0.3638184368610382,0.0060937862253911,0.0037735590355093,0.0478191817113044,0.0283871933424477,23.07877164051993,1,Hyperfunktionelle Dysphonie,1929,a_n
-265.6698913574219,220.09425354003903,34.75275039672852,21.506187438964844,-4.4760942459106445,-6.564918518066406,-32.79225158691406,10.02409839630127,4.560848712921143,-2.076124668121338,-9.553921699523926,-0.65440434217453,-12.033580780029297,19.219083786010746,9.798954010009766,7.906282901763916,7.774651527404785,6.991940021514893,7.606250762939453,6.005277633666992,5.469782829284668,4.122149467468262,4.025819778442383,4.200652599334717,5.292438507080078,3.8570773601531982,0.0021138126030564,0.1056556180119514,-0.0044994908384978,0.0530940741300582,0.0269600171595811,-0.1127100363373756,-0.0671623274683952,0.0249944385141134,-0.1021684184670448,-0.0680703893303871,-0.0950510948896408,-0.0930914208292961,-0.083083689212799,2.80786395072937,1.58076012134552,1.0445730686187744,1.12380051612854,0.8064187169075012,0.8672550916671753,1.0110247135162354,0.7785452008247375,0.5852459073066711,0.5856566429138184,0.6822370886802673,0.5925933718681335,0.6760326623916626,0.5318037867546082,-0.2359921187162399,-0.0612211897969245,-0.0383282229304313,0.0807758197188377,0.0487346015870571,0.1400264203548431,-0.0641612485051155,-0.0349558219313621,0.0356210172176361,0.0928348526358604,0.0066886926069855,0.0623044781386852,2.189172744750977,0.9904869198799132,0.6921987533569336,0.5770167708396912,0.5799532532691956,0.5387257933616638,0.6264299154281616,0.424915999174118,0.4779841601848602,0.4802047610282898,0.5102776288986206,0.4575115442276001,0.4442441761493683,0.0038936451760161,0.0020613157087504,0.0241151145166343,0.0124272971231036,24.85325629410301,1,Hyperfunktionelle Dysphonie,1934,a_n
-271.52801513671875,187.48147583007807,-20.13619804382324,-13.94255256652832,-29.30959701538086,-2.794325828552246,-24.550670623779297,10.984704971313477,-11.388032913208008,-15.680274963378906,0.6397150754928589,-12.782279014587402,0.3624606728553772,16.880229949951172,6.967185020446777,7.291491985321045,5.05695390701294,4.518747806549072,3.885095596313477,4.585203170776367,3.744770050048828,4.312091827392578,4.438778877258301,4.195911407470703,4.036275863647461,3.920185089111328,-0.456708699464798,0.2345655560493469,0.0469205193221569,0.0293804462999105,-0.048702634871006,-0.0697546154260635,-0.0378649309277534,0.0837491080164909,0.0094050373882055,-0.0831291899085044,0.0022272549103945,0.0324453487992286,0.0059645627625286,2.933393716812134,1.2018955945968628,1.187801718711853,0.8145527839660645,0.773537814617157,0.6399404406547546,0.7256450057029724,0.5472388863563538,0.5175089240074158,0.6876908540725708,0.5648958086967468,0.6022871136665344,0.5913845896720886,0.5211164355278015,-0.0821420028805732,0.1514447480440139,0.0237556509673595,0.0539368912577629,-0.0390264056622982,0.0664705261588096,-0.0327888801693916,0.0503858663141727,0.027654193341732,0.0021269442513585,0.0710257515311241,0.0013230217155069,2.114427328109741,0.974871814250946,0.7308870553970337,0.4549635946750641,0.4061721861362457,0.4055286943912506,0.4610733985900879,0.3652831017971039,0.3605682551860809,0.4030509293079376,0.4139412343502044,0.5326018929481506,0.4029766619205475,0.0038654658322956,0.002185430298409,0.0229459021551769,0.0124585743965134,23.83466412223097,1,Hyperfunktionelle Dysphonie,1944,a_n
-245.2342071533203,180.21847534179688,-11.269050598144531,16.245040893554688,-43.15912628173828,-15.223172187805176,-1.7471113204956057,2.252017021179199,18.284624099731445,17.592195510864258,-9.825840950012209,-15.925201416015623,13.518928527832031,19.0485897064209,8.446873664855957,7.869913101196289,4.807447910308838,4.834432125091553,3.3105602264404297,3.1828980445861816,2.989233493804932,2.391867160797119,2.682724714279175,2.6718175411224365,2.42043137550354,3.2095038890838623,-0.3801310956478119,-0.3165036141872406,-0.0444209687411785,0.1644070893526077,0.1846435964107513,-0.0471124313771724,-0.081841342151165,0.0233412776142358,0.0901894494891166,0.0079272342845797,-0.004686826840043,-0.0226863417774438,0.0177753530442714,1.736222267150879,0.8241370916366577,1.233690857887268,0.7155019044876099,0.5700511932373047,0.4276549816131592,0.5407954454421997,0.4412826895713806,0.3502153158187866,0.4394790828227997,0.4483711719512939,0.4452305734157562,0.5083544850349426,0.1051884517073631,0.0430347062647342,0.0632690116763114,-0.0028911265544593,0.039454024285078,-0.0112969484180212,0.0315208956599235,0.0261128339916467,-0.0341097302734851,-0.0255370773375034,0.0195946171879768,0.0302912667393684,-0.0186247210949659,0.8928371071815491,0.4394432008266449,0.3978849351406097,0.3912343084812164,0.4251299500465393,0.3159655332565307,0.3056387901306152,0.2696694135665893,0.2523799240589142,0.3325843811035156,0.3492613732814789,0.2884304523468017,0.350040465593338,0.004308768745987,0.002496021230406,0.02906230515245,0.0152368798247973,20.23661992333316,1,Hyperfunktionelle Dysphonie,1952,a_n
-232.50401306152344,203.0511779785156,-33.040775299072266,-10.19480800628662,-21.558652877807617,-20.300064086914062,-23.31521415710449,8.228499412536621,24.12239646911621,-19.57598114013672,-24.75588798522949,15.295489311218262,-0.4203876256942749,21.1770076751709,9.419511795043944,11.809398651123049,8.884549140930176,11.31044578552246,9.074349403381348,5.289084911346436,6.54012393951416,4.412934303283691,5.805633544921875,8.744362831115723,6.313724517822266,5.2691426277160645,-0.9087915420532228,0.3416611552238464,0.1838280856609344,-0.0427182242274284,0.1027464270591735,0.1029141843318939,-0.0675646290183067,-0.1484628915786743,0.0699850842356681,0.0425674840807914,-0.1096821129322052,-0.0200414527207613,0.0430870167911052,2.443101167678833,1.5236870050430298,1.615634560585022,0.8475573658943176,1.285026788711548,0.9954841136932372,0.910163640975952,0.9614555835723876,0.5801725387573242,0.7989836931228638,0.8566139340400696,0.6713315844535828,0.6007595658302307,0.4256758093833923,-0.0559815168380737,0.2297680974006652,0.0656181052327156,-0.0392065867781639,0.0397372506558895,0.1129272058606147,-0.0261402018368244,-0.0153381256386637,0.0888170450925827,0.0157966092228889,0.0013395353453233,0.0394173711538314,1.5969241857528689,1.1934165954589844,0.9223783016204834,0.508301317691803,0.6144998073577881,0.363727867603302,0.5057157874107361,0.4776014685630798,0.272710919380188,0.5474576950073242,0.3140464127063751,0.2888159453868866,0.4474299252033233,0.0024758386367849,0.0011135373070028,0.0226029988382557,0.0118062530537509,27.392175698251016,1,Hyperfunktionelle Dysphonie,1964,a_n
-225.81997680664065,137.95828247070312,-41.01315307617188,20.413890838623047,-46.71908950805664,-12.507640838623049,4.143508434295654,17.365446090698242,-17.58152961730957,-3.057269334793091,5.178991794586182,-0.4248765408992767,-11.11933708190918,14.656685829162598,7.0799407958984375,7.849935054779053,6.094797611236572,5.896417617797852,5.476271152496338,4.278337001800537,3.8163673877716064,3.9051826000213614,3.069386482238769,4.44054126739502,3.292331457138061,3.7540245056152335,-0.2487796694040298,0.0110947582870721,-0.0084757935255765,0.0541682988405227,0.0208630003035068,-0.0450482442975044,-0.0303735714405775,0.0111696384847164,0.0048497109673917,-0.0018523938488215,-0.0445964708924293,0.022857766598463,0.0330811031162738,1.0254334211349487,1.2975977659225464,1.209694743156433,0.8116804361343384,1.0396792888641355,1.009140133857727,0.526596188545227,0.5870072841644287,0.6820281744003296,0.5147190093994141,0.6024328470230103,0.4859090149402618,0.5682884454727173,0.0767677128314971,0.1508069485425949,0.1606853604316711,0.0190274585038423,0.0544993132352829,0.0160767622292041,0.024005239829421,-0.0056555154733359,0.049767505377531,-0.0022427076473832,0.0215032119303941,-0.012156318873167,-0.0177523177117109,0.7774444818496704,0.8676275014877319,0.9877057075500488,0.577811062335968,0.7710515856742859,0.7589963674545288,0.4481535255908966,0.4147453308105469,0.5242026448249817,0.4252147972583771,0.4472285211086273,0.3861882090568542,0.3987841010093689,0.0045105521172677,0.002592938856458,0.0647895405804804,0.0364889573373081,17.34422362729512,1,Hyperfunktionelle Dysphonie,1976,a_n
-235.8133544921875,182.98377990722656,22.22092056274414,34.138729095458984,-29.169113159179688,-16.5968017578125,-26.871665954589844,7.143820762634277,-2.2733426094055176,19.413070678710938,1.0580682754516602,-19.06649780273437,8.761504173278809,13.776735305786133,6.489871501922607,5.750314712524414,5.172354698181152,4.819867134094238,4.454070091247559,4.722720146179199,4.887980937957764,6.531767845153809,4.180490016937256,3.46012020111084,6.409726142883301,5.706278800964356,-0.2663951218128204,0.0490355864167213,0.0445298589766025,0.0917879343032836,-0.0428532920777797,-0.0329033210873603,-0.0243779923766851,0.0547459386289119,0.0537770092487335,0.0380575135350227,-0.0248760096728801,-0.0463244207203388,-0.0284657850861549,2.123335599899292,1.0419163703918457,0.6565633416175842,0.6312441825866699,0.8224824666976929,0.5906497240066528,0.7952575087547302,0.6444826722145081,0.5794346928596497,0.5869577527046204,0.5334314107894897,0.6824759244918823,0.5585616230964661,0.3769007623195648,-0.1339413225650787,-0.0396948792040348,-0.0823834836483001,0.0684935003519058,0.0288568250834941,0.0736938118934631,-0.0241318251937627,0.0198760777711868,-0.0529585517942905,0.0295456685125827,0.0542045198380947,-0.0243861991912126,1.7094769477844238,0.7170373201370239,0.6108956933021545,0.5421848297119141,0.5381604433059692,0.4425433576107025,0.5872929692268372,0.4928490817546844,0.4280016422271728,0.4555264413356781,0.4598931968212127,0.5564208030700684,0.5121821165084839,0.003355181683446,0.0018132343284779,0.0313579459811871,0.0154760271215149,20.630459489469647,1,Hyperfunktionelle Dysphonie,1978,a_n
-226.18359375,173.75546264648438,-19.590452194213867,17.888225555419922,-35.545448303222656,4.530335903167725,-20.204524993896484,8.36269474029541,15.511340141296388,-24.5000057220459,-13.964303970336914,1.825010061264038,-0.5677176117897034,16.523601531982422,4.058833599090576,4.578424453735352,2.8572347164154053,4.015207290649414,3.72816014289856,3.4056262969970703,3.846004962921143,3.935265302658081,3.47676968574524,3.345864534378052,3.022984743118286,3.025918483734131,-0.2526557445526123,-0.0978580489754676,0.0221348479390144,-0.0392128974199295,0.0356518290936946,-0.0048268712125718,0.0550449937582016,0.0460007973015308,0.0074505140073597,-0.0195585191249847,-0.0123317269608378,0.0947687253355979,0.0327845327556133,1.437467336654663,0.6220350861549377,0.7031517028808594,0.3554512858390808,0.5267337560653687,0.5062729120254517,0.6210429072380066,0.5806939005851746,0.560172975063324,0.4567919969558716,0.5936830043792725,0.4561654925346374,0.4041486084461212,0.2084683328866958,0.0230631250888109,0.1339799761772155,-0.0091899773105978,0.0682728588581085,-0.0520635917782783,0.0518960580229759,-0.0404875986278057,-0.0593113340437412,0.0402640514075756,0.0244880337268114,-0.0062310700304806,0.0116072930395603,0.9437257647514344,0.5072264075279236,0.6634576320648193,0.3080368041992187,0.4017551243305206,0.4275800883769989,0.3915239870548248,0.3833723068237304,0.4712112545967102,0.3728317618370056,0.3319585025310516,0.2963567972183227,0.2975303828716278,0.0019094581950421,0.0010478258123558,0.0193997147665092,0.0092777659692305,25.141720265046064,1,Hyperfunktionelle Dysphonie,1982,a_n
-236.7898406982422,197.18809509277344,-23.71695327758789,-2.9072399139404297,-26.35180282592773,-14.96369171142578,-14.59415340423584,4.211414813995361,-7.76873254776001,7.237690448760986,-18.781618118286133,8.230205535888672,22.321672439575195,22.12479591369629,11.37046718597412,8.992325782775879,6.347655773162842,4.9377546310424805,5.2586870193481445,3.775536298751831,5.168517112731934,4.012978553771973,3.1188454627990723,4.038596153259277,5.329826354980469,5.5110368728637695,-0.3636788427829742,0.5507290363311768,-0.1213599443435669,0.0464517995715141,-0.1174468249082565,-0.1488837748765945,-0.0603357627987861,-0.0586750619113445,-0.0718382075428962,0.0174832884222269,-0.1477634608745575,-0.1366387903690338,0.1922369301319122,2.1338584423065186,2.4147560596466064,1.217747449874878,0.6150497794151306,0.9137556552886964,0.5654808282852173,0.5258037447929382,0.6155633330345154,0.6542552709579468,0.5058310031890869,0.8017793893814087,0.4415787756443023,0.5666390061378479,0.4866175949573517,-0.0298576727509498,0.214562103152275,0.0442052856087684,0.0996260717511177,-0.0080516943708062,0.0295258052647113,-0.0443966463208198,0.0601531043648719,-0.0345977433025836,0.1250126510858535,-0.0048590856604278,-0.082160361111164,1.85142195224762,0.9653424620628356,0.963904857635498,0.4782468974590301,0.4506016969680786,0.4902682900428772,0.3454441130161285,0.4529286623001098,0.4209886193275451,0.3181278109550476,0.48067307472229,0.3351289629936218,0.465675801038742,0.0056707166717261,0.0033498363118829,0.0178797143720691,0.0093441246614474,25.940300190077696,1,Hyperfunktionelle Dysphonie,1983,a_n
-263.43170166015625,210.8374786376953,-11.26152515411377,-3.469477415084839,-20.256084442138672,-27.07467460632324,-14.52090072631836,24.8559513092041,3.5704238414764404,-14.026460647583008,-11.383588790893556,-4.12221097946167,3.598009824752808,28.676528930664062,10.065003395080566,15.96779727935791,5.376554489135742,3.649160146713257,7.053745746612549,4.059627056121826,7.207561492919922,4.260549068450928,3.432988166809082,3.558032512664795,3.795416593551636,3.326080322265625,-0.4762130975723266,0.056305605918169,0.0516794733703136,-0.0197031572461128,0.040804024785757,0.0593430660665035,-0.0134332040324807,-0.0042306040413677,-0.0077078132890164,-0.0104843284934759,0.0046204645186662,0.0214493013918399,0.0269836094230413,2.7063891887664795,1.6426184177398682,1.39686918258667,0.7225371599197388,0.5336819291114807,0.584185779094696,0.608792781829834,0.7125261425971985,0.4873481392860412,0.4871542751789093,0.4495311677455902,0.5631763339042664,0.5245063304901123,0.3635123670101166,-0.0887302160263061,0.1611614376306533,0.0009516032296232,0.0106169367209076,0.030362207442522,0.030312905088067,-0.0762581527233123,0.0391051918268203,0.0515220575034618,0.0037081295158714,0.0087390206754207,-0.02805757522583,1.7807906866073608,0.9763962626457214,0.836060643196106,0.4969507753849029,0.4435620009899139,0.3964515626430511,0.4679306447505951,0.4953296780586242,0.2966337203979492,0.3265802562236786,0.3493621349334717,0.3857791423797607,0.3722437620162964,0.0034481370115123,0.0019372248125585,0.0193318679267241,0.0109007368825195,23.956895430315864,1,Hyperfunktionelle Dysphonie,1988,a_n
-210.321044921875,199.7667999267578,7.15380334854126,8.573107719421387,-49.27968978881836,-15.859684944152832,-8.762211799621582,-2.897451400756836,8.988441467285156,-5.209005355834961,-5.376598358154297,-2.8711917400360107,-5.573696136474609,23.089731216430664,9.668542861938477,4.486446857452393,5.371011734008789,6.462019443511963,3.3935482501983643,3.0533242225646973,4.296567916870117,4.110910415649414,3.359214782714844,3.553538084030152,2.926940679550171,3.948237657546997,-0.7134313583374023,-0.0729037076234817,0.0018489012727513,0.1154629960656166,-0.0040029711090028,-0.0080762654542922,0.003732991637662,0.0521130263805389,0.022040581330657,-0.0135188670828938,-0.0292812790721654,0.0012754388153553,-0.005313669797033,2.442739486694336,1.3072340488433838,0.5610442757606506,0.5359152555465698,0.8866515159606934,0.5242892503738403,0.4977704286575317,0.6843593120574951,0.6694680452346802,0.4974976778030395,0.5658397078514099,0.4464472532272339,0.5899240970611572,0.1972845941781997,-0.1030732467770576,0.0568679757416248,0.0069362330250442,0.0915919169783592,0.0022700193803757,0.0159722492098808,0.0318237692117691,0.0070124915800988,0.0050116977654397,-0.0126529308035969,0.0245767328888177,0.0127477534115314,1.4338949918746948,0.9712517857551576,0.4367919862270355,0.3843966722488403,0.5545046925544739,0.3402304351329803,0.3555106818675995,0.4212213456630707,0.4440265595912933,0.2981939315795898,0.4055078327655792,0.3570268154144287,0.3704956769943237,0.0045367550119075,0.002421569078856,0.0441728506659583,0.0215607373151512,15.931782473307084,1,Hyperfunktionelle Dysphonie,1989,a_n
-308.7810363769531,182.89715576171875,6.288162708282471,-6.207590103149414,-32.227256774902344,-13.84042263031006,-18.67444610595703,12.387386322021484,6.249546051025391,-5.895280361175537,-15.980344772338867,4.643031597137451,6.757841110229492,17.039859771728516,19.68592071533203,10.806509017944336,7.871725559234619,6.560380458831787,4.1600213050842285,6.541104793548584,4.322667598724365,7.107823371887207,5.672354698181152,4.416995048522949,4.1360859870910645,4.286489009857178,-0.2972878515720367,0.2022045701742172,0.0531143210828304,-0.0424607321619987,-0.0757623389363288,-0.0285099539905786,-0.0381711386144161,-0.0665738135576248,-0.0880317538976669,-0.05458240583539,-0.050340462476015,0.0379831939935684,0.0370236113667488,3.6155660152435294,2.6556403636932373,1.1123371124267578,1.0610307455062866,1.1616904735565186,0.6645865440368652,1.05616295337677,0.7048644423484802,0.7620092630386353,0.7784225940704346,0.6943586468696594,0.6190127730369568,0.6375014185905457,0.3690019845962524,0.0386698171496391,0.1240488514304161,0.0708379223942756,0.0885111838579177,0.050657395273447,0.0706949681043624,-0.020422413945198,0.0007089429418556,0.0189227927476167,0.0331169180572032,-0.0366946160793304,-0.0300289019942283,2.406522512435913,1.7851831912994385,0.7833119630813599,0.6417366862297058,0.6898229122161865,0.5045238137245178,0.5871788263320923,0.4657589793205261,0.5176493525505066,0.511846125125885,0.5295615196228027,0.4788483083248138,0.4156848192214966,0.0064200471690356,0.003647777542504,0.07432909644607,0.0402379671885014,21.15423519580075,1,Hyperfunktionelle Dysphonie,1990,a_n
-261.9659118652344,183.0513610839844,-14.654217720031738,-1.2843354940414429,-43.38264083862305,-9.338351249694824,-18.5954704284668,0.621107280254364,12.492422103881836,-7.441545009613037,-18.12688064575196,-5.347970008850098,-9.126832962036133,19.97484016418457,6.214980602264404,7.423754692077637,4.803667068481445,6.952066421508789,4.404044151306152,5.311739921569824,6.187763214111328,4.002342224121094,4.475734233856201,4.028019905090332,4.301408767700195,5.012249946594238,-0.1497968137264251,-0.2286563664674759,0.0376285091042518,-0.0042512714862823,0.0738188251852989,-0.030396232381463,0.00906702876091,-0.0657220184803009,-0.0789496526122093,0.0009837478864938,0.0185255296528339,0.0147461099550127,-0.0747660174965858,2.170311212539673,0.9759925603866576,1.0769634246826172,0.7306569814682007,0.874952495098114,0.8236888647079468,0.7959705591201782,0.5984285473823547,0.5944554209709167,0.6592772603034973,0.6601118445396423,0.6830393075942993,0.6226064562797546,0.3573137819766998,-0.0726614743471145,0.1320914030075073,0.0080335335806012,0.1373273134231567,0.0056339418515563,0.0631536990404129,-0.0089453607797622,-0.0460958778858184,0.0380260832607746,0.0370558872818946,0.0179127994924783,0.0161529127508401,1.5493569374084473,0.6282980442047119,0.7095301747322083,0.5315167307853699,0.618732750415802,0.5451776385307312,0.5433034300804138,0.4042275249958038,0.3975538611412048,0.4161907136440277,0.4317908883094787,0.4572417736053467,0.5210445523262024,0.0044786492080538,0.0025937096574368,0.0563403494820649,0.0321200912074216,21.745059416412044,1,Hyperfunktionelle Dysphonie,1993,a_n
-249.0914001464844,212.30288696289065,3.3824079036712646,-14.168292045593262,-34.1185417175293,18.718650817871094,-21.62097930908203,4.059562206268311,29.219867706298828,3.404284715652466,-17.894508361816406,-5.776579856872559,3.603652715682984,20.86127471923828,15.056174278259276,10.2560453414917,8.583072662353516,8.273604393005371,7.821506977081299,6.14118766784668,3.61536717414856,4.907927513122559,2.203362941741944,3.217076539993286,3.1201632022857666,2.974116802215576,-0.2707889676094055,-0.7853221297264099,0.0639247223734855,0.2980877757072449,0.4301413595676422,0.0292644258588552,0.2152586579322815,0.1112782731652259,0.0369265228509902,0.0471364893019199,0.2033078521490097,-0.079413779079914,-0.0783644765615463,3.312408924102783,1.6634290218353271,1.9504156112670896,1.261525273323059,1.2123974561691284,1.682147979736328,1.247585415840149,0.634057879447937,1.0502893924713137,0.4112236797809601,0.5802279710769653,0.4506029188632965,0.4290498793125152,1.0444279909133911,-0.5497754812240601,0.099907711148262,0.2738767564296722,0.361088752746582,-0.2006461769342422,0.2722838819026947,0.0254164151847362,-0.1563140600919723,0.0381069332361221,0.152318999171257,0.0134829571470618,-0.0735556185245513,3.3766863346099854,1.6496540307998655,0.9852662682533264,0.7096681594848633,1.0197073221206665,0.4923940300941467,0.6297197937965393,0.3245349824428558,0.5991184711456299,0.3616173565387726,0.4669621884822845,0.3568201959133148,0.3089300096035003,0.0049953462278315,0.0029683852869829,0.0233828173238655,0.0111653220570876,21.285128089782308,1,Hyperfunktionelle Dysphonie,2012,a_n
-246.35629272460932,199.8193206787109,-0.4205348193645477,25.034141540527344,-27.613439559936523,-21.22111701965332,-31.947912216186523,26.82969284057617,6.050264835357666,3.9044830799102783,-20.44149208068848,4.516615867614746,12.813743591308594,15.048090934753418,4.697346210479736,6.559507846832275,3.8309290409088135,3.7651216983795166,3.722889661788941,3.737269401550293,4.75753927230835,3.1238365173339844,5.130842208862305,4.011117458343506,3.372290134429932,5.741915702819824,-0.2478019744157791,-0.1552890092134475,0.1267187297344207,-0.0413282737135887,0.0342461057007312,-0.0669312924146652,0.0953634679317474,0.0169880501925945,-0.0448770448565483,-0.0885847955942154,0.0425208993256092,0.0531438514590263,-0.1702732592821121,1.261772394180298,0.5496687889099121,0.5538342595100403,0.7225254774093628,0.6732039451599121,0.4530064761638641,0.6524338126182556,0.5768833756446838,0.4492449164390564,0.3715890944004059,0.4701323211193084,0.5138327479362488,0.4657891690731048,0.2192603498697281,-0.0520338118076324,0.0769202336668968,-0.0329930000007152,0.0671093985438346,0.0046097389422357,0.1193758472800254,-0.086341343820095,0.0012632287107408,0.016692055389285,0.0453929677605629,0.0018436395330354,-0.0325100310146808,1.1069860458374023,0.538565993309021,0.426765114068985,0.4476213455200195,0.4610393941402435,0.3782390654087066,0.5629755258560181,0.4345176815986633,0.310612291097641,0.2668922543525696,0.4508776068687439,0.4092479348182678,0.2897200584411621,0.003625569922496,0.0018258988837029,0.0557109617820627,0.0306672110674815,22.978685355632543,1,Hyperfunktionelle Dysphonie,2034,a_n
-250.5498046875,182.6653594970703,2.3247439861297607,-7.127564907073975,-55.24857711791992,4.478353023529053,-10.093400955200195,-8.584321022033691,8.076242446899414,1.5083398818969729,-13.546671867370604,-11.954771041870115,12.721830368041992,24.57059860229492,5.563785552978516,8.505366325378418,3.9432156085968018,5.167762279510498,4.903058052062988,4.956273555755615,4.683259963989258,4.833679676055908,4.781013011932373,6.018619060516357,4.449662208557129,3.73473858833313,-0.3380575776100158,-0.0347895510494709,0.0417138636112213,0.0931425988674163,-0.0113519430160522,0.0247133020311594,-0.072615660727024,-0.0933737307786941,0.0441970899701118,-0.0310321450233459,0.03646070510149,-0.0132519453763961,0.0151635576039552,2.2801756858825684,0.9546675086021424,1.1157666444778442,0.6567298769950867,0.8723822832107544,0.683925986289978,0.8617314100265503,0.5850480794906616,0.5931050181388855,0.5882349014282227,0.5299332141876221,0.5723149180412292,0.6746559739112854,0.3945933878421783,-0.0388591140508651,0.0993865579366684,0.0622668974101543,0.1548693031072616,-0.0844090059399604,0.0655982196331024,0.0536706671118736,0.004609225783497,-0.0024654015433043,0.0316183604300022,0.0269820876419544,-0.0273624453693628,1.514085292816162,0.5553545355796814,0.6336758136749268,0.5243062376976013,0.7209949493408203,0.5504039525985718,0.6533147096633911,0.4477628469467163,0.4249014258384704,0.4400284886360168,0.4500229954719543,0.3910138010978699,0.3797347843647003,0.004420117691354,0.0026440000482382,0.0305713818858362,0.0173201618518073,24.40513507787021,1,Hyperfunktionelle Dysphonie,2062,a_n
-197.3338928222656,174.4307861328125,-26.475048065185547,-7.407928466796875,-56.76300430297852,-14.960853576660156,-0.4836661517620086,4.6395440101623535,0.4426616430282593,-7.5344672203063965,-6.350965976715088,-3.405508756637573,7.701447486877441,20.110366821289062,12.794976234436035,10.83301067352295,5.478983402252197,5.137997150421143,4.6716389656066895,5.081483364105225,5.497345924377441,2.691333293914795,4.564281463623047,4.166391849517822,5.992361068725586,4.568658828735352,-0.3893847465515136,0.0588356927037239,0.2144847959280014,0.0648447051644325,-0.0415877513587474,0.036293838173151,-0.0114733995869755,-0.0850430428981781,0.0025934115983545,-0.00012770385365,-0.0779527947306633,0.0710882768034935,-0.0303264539688825,2.033029079437256,1.6072269678115845,1.1318986415863037,0.6457350850105286,0.7085314393043518,0.7025620937347412,0.6783075928688049,0.6769141554832458,0.4800151586532593,0.65184485912323,0.5967101454734802,0.5593752264976501,0.4996840357780456,0.1661563664674759,-0.0576142892241478,0.1434329748153686,-0.0278777424246072,0.0793716758489608,0.0489794947206974,0.0230152383446693,0.0123213725164532,0.0155317625030875,0.0147085841745138,0.0484872721135616,0.0637637749314308,-0.0261061564087867,0.915103793144226,0.6848161816596985,0.8390589952468872,0.4505995810031891,0.4443224370479584,0.4698128402233124,0.3808198571205139,0.3050786852836609,0.3351243138313293,0.4352679848670959,0.4403668940067291,0.4185332059860229,0.3297497630119324,0.0027102181764531,0.0013848637782792,0.0257292162492247,0.0135736348237801,24.82904507652512,1,Hyperfunktionelle Dysphonie,2067,a_n
-295.0088806152344,197.117904663086,-5.290961742401123,-18.70456314086914,-46.08218002319336,-17.846811294555664,-9.744892120361328,0.5927500128746033,5.510787010192871,-0.8218791484832764,-28.02017974853516,-2.3051071166992188,2.4304358959198,31.916704177856445,8.460859298706055,11.860955238342283,3.323113918304444,5.265340328216553,4.680575847625732,3.852712631225586,2.782812118530273,4.759965419769287,3.128070592880249,6.057212829589844,3.420814037322998,2.729606866836548,-0.9129107594490052,0.1054640412330627,0.1717831939458847,0.0145037043839693,-0.0735846683382988,-0.0627341791987419,-0.0102816214784979,0.0664005428552627,0.1161024495959281,0.012122499756515,-0.0250673256814479,-0.0135531518608331,-9.182357462123036e-05,4.006159782409668,1.1024621725082395,1.1395877599716189,0.6173615455627441,0.7169619798660278,0.6093127131462097,0.5950238108634949,0.475919634103775,0.6927485466003418,0.5421653985977173,0.6376745700836182,0.5630724430084229,0.508708655834198,0.7547759413719177,-0.2018429189920425,0.1149627417325973,-0.0003180198546033,0.1202142015099525,0.0289933197200298,-0.0128589766100049,0.0032297377474606,-0.0165168493986129,-0.0849865600466728,0.132487878203392,-0.021364364773035,-0.0323959849774837,2.3566341400146484,0.98715341091156,0.5787376165390015,0.3540607690811157,0.6858507990837097,0.4194358885288238,0.3479954302310943,0.2964536547660827,0.3692845404148102,0.4556728005409241,0.6351661682128906,0.3485752642154693,0.3210482597351074,0.0023024432697093,0.0012667628928744,0.0243328446352633,0.0138389727951722,27.31523647775311,1,Hyperfunktionelle Dysphonie,2071,a_n
-267.287353515625,209.16238403320312,-1.808282494544983,2.8333065509796143,-14.43906021118164,-17.464174270629883,-15.029266357421877,11.616084098815918,9.523371696472168,-13.214234352111816,-8.79832935333252,1.923067808151245,7.297896385192871,15.758734703063965,4.884610176086426,10.728644371032717,4.577473640441895,4.567751884460449,3.429469585418701,4.150908470153809,4.2717485427856445,4.65358304977417,3.207418918609619,4.737129211425781,2.9611144065856934,3.5109164714813232,-0.2119089215993881,0.0148615036159753,0.1471720486879348,0.0716522932052612,0.0046351910568773,-0.0249498523771762,-0.0243340097367763,-0.0367043130099773,0.0942662358283996,-0.0035144963767379,-0.0747039094567298,0.0434501133859157,0.0324380286037921,1.2199667692184448,0.8044512867927551,0.8623319268226624,0.6163716316223145,0.78049635887146,0.5288056135177612,0.5981969833374023,0.6563417911529541,0.6584011912345886,0.509867787361145,0.4291577041149139,0.4588927626609802,0.5235732793807983,0.0889191776514053,-0.0577761232852935,0.0921625941991806,0.0159721095114946,0.0043278243392705,0.0095345871523022,0.0182014182209968,-0.0162900779396295,-0.0050010541453957,0.0159268043935298,-0.0116264000535011,-0.007028441876173,-0.023241164162755,0.7001277208328247,0.606282651424408,0.5554767847061157,0.4053346216678619,0.5696441531181335,0.3223580420017242,0.3309099674224853,0.4568756520748138,0.3816223442554474,0.3236269056797027,0.310022622346878,0.3255487978458404,0.372752696275711,0.0080398294414822,0.0049803944835898,0.0229585473973936,0.0124345749351662,21.826374920190165,1,Hyperfunktionelle Dysphonie,2077,a_n
-241.6514434814453,186.4894561767578,-25.186389923095703,2.959314584732056,-19.432296752929688,-10.313106536865234,-17.62113380432129,15.92276382446289,16.022531509399414,-34.52289581298828,-15.845257759094238,9.421329498291016,-0.7839534282684326,18.5034236907959,5.191699504852295,6.280200958251953,4.554221153259277,4.868993282318115,3.3432745933532715,3.999004364013672,4.01101541519165,4.87014627456665,5.039771556854248,3.7219085693359375,2.5441558361053467,3.4760637283325195,-0.3893992602825165,0.0584149919450283,0.053475271910429,0.1159967705607414,0.0185335054993629,0.0818009153008461,0.0281226150691509,-0.0314445383846759,-0.0008905644644983,-0.0599914379417896,0.0508631728589534,0.0722231939435005,0.0005722978967241,2.3954336643218994,0.8181408047676086,0.8864483833312988,0.6576676368713379,0.522339940071106,0.3935128152370453,0.4482752978801727,0.5665708184242249,0.5430341958999634,0.6963828206062317,0.4657043814659118,0.4434087574481964,0.5073132514953613,0.4112246930599212,-0.0228869281709194,0.1769952178001403,-0.0237785838544368,0.0162125881761312,0.0054303435608744,0.027849381789565,-0.0596749447286129,-0.0126461451873183,0.0920219719409942,0.0535747818648815,-0.0091885244473814,0.0309139266610145,1.6134766340255735,0.6343945860862732,0.7477157115936279,0.3678530752658844,0.3753993511199951,0.2940453886985779,0.3196654915809631,0.4104708731174469,0.2881596684455871,0.4399205446243286,0.3465248048305511,0.246105819940567,0.3084953725337982,0.0015161176233149,0.0008553118794952,0.0111215712971196,0.0062737537847734,31.28496845305476,1,Hyperfunktionelle Dysphonie,2080,a_n
-272.6228332519531,246.8903045654297,19.151927947998047,-18.09686851501465,0.5808417201042175,-1.770783543586731,-32.91299819946289,-5.654443740844727,23.248767852783203,-2.614403486251831,-10.823479652404783,-5.394665241241455,5.672945976257324,19.967554092407227,12.50351905822754,5.537652969360352,5.387984275817871,3.3310351371765137,3.404052972793579,5.188086986541748,3.8003897666931152,4.651708126068115,4.554789543151856,2.7534422874450684,3.811800479888916,2.579595804214477,-0.2331902533769607,0.0362279415130615,0.0434486120939254,-0.0099580520763993,0.034841202199459,0.0322915092110633,-0.0304915197193622,-0.003379168221727,0.03668874502182,-0.0008031884790398,-0.0262058358639478,0.0297360066324472,0.0005910727195441,3.2256743907928467,2.296793937683105,0.6824727654457092,0.9749789834022522,0.563345193862915,0.5757251381874084,0.7960895895957947,0.4048624634742737,0.6868538856506348,0.4163536429405212,0.4991310834884643,0.5665372610092163,0.3760665953159332,0.5313631296157837,-0.3854000270366668,0.0189518276602029,0.1039480417966842,-0.0454978607594966,-0.0438111498951911,0.0938073396682739,0.0261236689984798,-0.0729734525084495,0.0151715502142906,0.0500605963170528,0.0577661022543907,-0.0144623052328825,2.1304659843444824,1.5640989542007446,0.4088910520076751,0.6096755266189575,0.3759052157402038,0.4019063115119934,0.4508584141731262,0.2914949357509613,0.448346883058548,0.2629488408565521,0.3635734617710113,0.4187388122081756,0.2326306104660034,0.0027785077809355,0.0013868534062511,0.0236426723574587,0.0113291043486558,27.17114022087623,1,Hyperfunktionelle Dysphonie,2081,a_n
-221.83282470703125,177.62559509277344,2.216549873352051,5.494595527648926,-52.32657241821289,11.774901390075684,-7.27595853805542,5.99961519241333,-2.622415542602539,1.392057180404663,-2.702193260192871,-20.757280349731445,-0.1247842833399772,26.122676849365234,8.049235343933105,13.187030792236328,4.533023357391357,9.19065284729004,5.597421646118164,4.231825351715088,6.404457092285156,4.467245101928711,4.150052547454834,4.024907112121582,4.659322261810303,3.651633739471436,-0.9948871731758118,-0.1501463651657104,0.2124593704938888,0.1232670545578002,0.0200314167886972,0.0240984950214624,-0.0328392460942268,0.0700340867042541,0.154086947441101,0.0742317140102386,0.0238150712102651,-0.0259194951504468,-0.0121408011764287,3.1389293670654297,1.111952781677246,1.022098422050476,0.5941968560218811,1.534447193145752,0.8074135184288025,0.7002548575401306,0.9612417221069336,0.658704936504364,0.6139870882034302,0.6335781812667847,0.6865794658660889,0.5764074921607971,0.6398976445198059,-0.2431664764881134,0.0778915509581565,-0.0666765868663787,0.2582648396492004,-0.0613405406475067,0.065525971353054,-0.0204617176204919,0.0717208534479141,-0.0294677708297967,-0.0032164736185222,0.1248706728219986,-0.012592302635312,1.9124842882156368,1.0516446828842163,0.5681427121162415,0.5162282586097717,0.9027231335639954,0.5492123961448669,0.5707534551620483,0.5974319577217102,0.4833641648292541,0.4633922874927521,0.4106341302394867,0.5108780860900879,0.4393235743045807,0.0061622976577996,0.0035965599602913,0.0410561832489107,0.0244750970296083,21.926979191300088,1,Hyperfunktionelle Dysphonie,2090,a_n
-377.8899536132813,164.52618408203125,58.54296112060547,33.08792495727539,-40.05500793457031,-46.81168746948242,-18.641429901123047,-3.255919933319092,5.725162029266357,1.5410068035125732,-7.34798002243042,-12.60732364654541,-6.720873832702637,18.782262802124023,4.2249016761779785,4.339972972869873,4.536619186401367,5.532668113708496,5.903460502624512,4.092561721801758,2.998345136642456,3.3315725326538086,3.4823014736175537,3.1539554595947266,3.1230547428131104,2.742795705795288,-0.313688725233078,-0.1689841151237487,0.0144008118659257,0.0173455756157636,0.0244393814355134,-0.016162633895874,-0.0370366349816322,0.0299110226333141,0.0406316258013248,-0.0438473373651504,0.0202234257012605,0.0591430105268955,0.087641529738903,3.062716484069824,0.753556489944458,0.6383221745491028,0.7040315270423889,1.105793833732605,1.0450901985168457,0.8505670428276062,0.4269350469112396,0.6199263334274292,0.5239369869232178,0.5853551030158997,0.5679921507835388,0.4616655707359314,0.7459499835968018,0.0686288848519325,-0.1213622614741325,-0.0472504347562789,0.1945956647396087,0.1461644023656845,0.012768168002367,-0.0374253615736961,-0.0828470885753631,-0.0402173362672328,0.0154944518581032,0.0390496402978897,-0.0100421365350484,2.2395942211151123,0.4670375883579254,0.6413908004760742,0.4466893970966339,0.6782397031784058,0.553733229637146,0.4690395891666412,0.3978142738342285,0.5009170174598694,0.4128882884979248,0.4875654578208923,0.32569620013237,0.3596450090408325,0.0023772121302232,0.0013483867142862,0.0178207943610451,0.0090063853890816,29.78348971297444,1,Hyperfunktionelle Dysphonie,2102,a_n
-315.29522705078125,187.7277069091797,-3.0045948028564453,-5.071737289428711,-5.969616413116455,-20.67428970336914,-10.522945404052734,26.681434631347656,10.690962791442873,-11.059866905212402,-5.944486141204834,-8.736021995544434,-7.674689292907715,25.00101852416992,8.421625137329102,6.780281066894531,7.776647567749023,6.350963115692139,5.412851333618164,5.700648784637451,5.270317077636719,5.574972152709961,3.710240840911865,5.806189060211182,3.788774013519287,4.250046253204346,-0.5639073252677917,-0.2931275963783264,0.2492380142211914,-0.0542668662965297,0.1754809767007827,0.1440752893686294,0.1511231064796447,0.1696265339851379,0.2100257277488708,0.0855514630675315,-0.1344641298055648,0.0284657906740903,0.0640591233968734,3.869322061538696,1.438140034675598,0.9851568341255188,1.1542277336120603,0.6786155104637146,0.7932458519935608,0.96415114402771,0.9581369161605836,0.8619568347930908,0.5542882084846497,0.7472449541091919,0.7011842131614685,0.597417414188385,0.9100506901741028,-0.2786300778388977,0.2094914764165878,0.3111208379268646,0.071765623986721,0.1604540348052978,0.023062277585268,-0.1532024592161178,-0.0086296796798706,0.0551003739237785,-0.0461917333304882,-0.0564514584839344,-0.0185459461063146,2.2319486141204834,0.9152413010597228,0.7943204641342163,0.8839272260665894,0.5208356976509094,0.5196301937103271,0.3819224238395691,0.4525394141674042,0.4666550159454345,0.4947105944156647,0.6266976594924927,0.5377945303916931,0.5151141285896301,0.0049165525506185,0.002507809415404,0.0360720751504372,0.0198149754631773,22.971572874759183,1,Hyperfunktionelle Dysphonie,2104,a_n
-278.02899169921875,178.98886108398438,0.5597100853919983,-4.395653247833252,-30.49706268310547,-5.612339496612549,1.487572431564331,11.52793312072754,29.488862991333008,-9.089621543884276,-9.028647422790527,-4.719681262969971,-22.78535842895508,76.74063873291016,14.06696605682373,34.340457916259766,12.653347969055176,5.903448104858398,6.126589298248291,11.084609031677246,5.731987476348877,9.996418952941896,7.053733348846436,3.5155551433563232,4.404021263122559,5.398084163665772,-1.1808702945709229,-0.0802575349807739,0.3392817080020904,0.0510795004665851,0.005565998610109,0.0590145103633403,0.025439228862524,-0.1355893164873123,-0.0478340461850166,0.0246407501399517,-0.0030398664530366,-0.0171210449188947,-0.0057190861552953,3.709038734436035,1.2775074243545532,1.723943829536438,1.2183469533920288,0.9332261681556702,0.6645894646644592,1.027854084968567,0.7440395355224609,0.8288193345069885,0.5807704925537109,0.5221455693244934,0.5210067629814148,0.6469453573226929,0.4754175543785095,-0.1915298402309417,0.1605321615934372,0.0446885749697685,0.0702555030584335,-0.0080544622614979,0.0215260330587625,0.0264348778873682,-0.0757706984877586,0.0437786504626274,0.02684186398983,-0.0042695002630352,0.0514167360961437,1.6986058950424194,1.0688254833221436,0.8530517816543579,0.7132083773612976,0.5883157849311829,0.3902187347412109,0.3684532940387726,0.3248137831687927,0.3854790031909942,0.3992214798927307,0.3384521901607513,0.339151531457901,0.3649325668811798,0.0031441077306403,0.0014953468500922,0.0192378794651217,0.0090336210922666,26.695055215770125,1,Hyperfunktionelle Dysphonie,2105,a_n
-271.0360107421875,205.7999725341797,-19.252779006958008,-25.30310821533203,-33.112571716308594,-14.631616592407228,-11.570343017578123,5.650567054748535,29.062973022460938,-17.695417404174805,-19.45364189147949,13.129680633544922,-4.162907600402832,26.181123733520508,9.456626892089844,16.345521926879883,5.643131256103516,4.604747772216797,4.28681755065918,3.343696117401123,3.2354257106781006,5.594128131866455,3.742484331130981,3.915859937667847,4.792812824249268,2.612392902374268,-1.1318141222000122,-0.6039342284202576,0.6512542366981506,0.1398763358592987,0.2060855478048324,0.0987805649638176,0.1537362039089203,-0.0443597249686718,-0.1937078833580017,0.1575799882411956,0.0687576234340667,-0.2220984846353531,-0.0131682083010673,2.37115216255188,1.9932066202163696,0.803010880947113,0.9727353453636168,0.8710852265357971,0.7190014123916626,0.5523087978363037,0.4934559762477875,0.5891577005386353,0.7204985022544861,0.6120736002922058,0.4471353590488434,0.3937202394008636,0.4006008207798004,-0.1343149542808532,0.1812597215175628,0.1668310761451721,0.1301527172327041,0.0501542948186397,0.0718173757195472,0.0293548982590436,-0.0938957259058952,0.0832704529166221,0.0844886153936386,-0.1197537779808044,0.0538610145449638,1.657428741455078,1.170811414718628,0.6625942587852478,0.9072996377944946,0.5315132737159729,0.4042595326900482,0.3330602347850799,0.3028233051300049,0.3084973096847534,0.3432163000106811,0.3794611394405365,0.4323447942733764,0.3187565207481384,0.0061978486209643,0.0033769330706411,0.0333094307242358,0.0179095103672379,18.82115465685329,1,Hyperfunktionelle Dysphonie,2107,a_n
-342.05322265625,187.7564849853516,42.28139877319336,10.721227645874023,-17.771568298339844,-23.26384353637696,-12.96535587310791,13.779932975769045,20.30937957763672,-1.302425980567932,-8.142934799194336,-6.488222599029541,-7.72809362411499,20.65308380126953,4.855932235717773,7.574270725250244,3.842292547225952,3.711707592010498,5.49536657333374,3.5538625717163086,3.7286856174468994,3.06214451789856,2.8773081302642822,3.627362966537476,2.7250895500183105,2.905640125274658,-0.3951468467712402,0.1318305134773254,0.1113722845911979,-0.0164271928369998,-0.0285720974206924,-0.0485144183039665,0.0380723439157009,0.0441166907548904,0.0564007014036178,-0.0298017598688602,-0.099771462380886,-0.0230424813926219,0.0231989473104476,2.331695079803467,0.8357310891151428,0.5600084066390991,0.6252173185348511,0.5983952283859253,0.4831288456916809,0.6112287640571594,0.582492470741272,0.4884375333786011,0.4340509176254272,0.4769743978977203,0.4265382587909698,0.5475950241088867,0.3608112037181854,0.0314905941486358,0.0702972039580345,0.027057459577918,0.0301954559981822,0.0234483256936073,0.0236299745738506,-0.031321246176958,-0.0061194146983325,0.0398195050656795,0.0269146114587783,0.0203805975615978,-0.0166405495256185,1.5536000728607178,0.5644184947013855,0.434149295091629,0.3844724595546722,0.3627010881900787,0.3431249558925628,0.3645812273025512,0.3235968351364136,0.3667671382427215,0.2987011671066284,0.3932754099369049,0.2718357443809509,0.4217239618301391,0.0020836835646605,0.001167606639733,0.0209042811029614,0.0097414580952925,29.704767802453063,1,Hyperfunktionelle Dysphonie,2114,a_n
-273.97735595703125,185.9935607910156,29.394926071166992,-4.839863300323486,-55.73044204711914,-8.588628768920898,7.904953002929687,10.57024383544922,11.040328025817873,-3.739484071731568,-17.336084365844727,2.294856309890747,-5.093094348907471,19.33760643005371,8.668383598327637,8.670615196228027,5.917402267456055,7.444968700408935,5.4491286277771,5.156396865844727,5.798590660095215,4.497964859008789,4.201640605926514,4.739855766296387,4.054665565490723,5.371505737304688,-0.7195807099342346,-0.2677174806594848,0.1483931243419647,0.0983446612954139,0.017135189846158,0.1162847429513931,0.1646214127540588,0.1045086085796356,0.0133407292887568,-0.052741952240467,0.0095750158652663,0.0254790894687175,-0.0656387507915496,2.5156564712524414,1.496626615524292,1.1108323335647583,1.0468648672103882,1.4116003513336182,0.8137031197547913,0.7459837198257446,0.7605822682380676,0.726103663444519,0.8334082961082458,0.8887101411819458,0.6345657110214233,0.5528877377510071,0.5704290270805359,-0.2282866984605789,-0.0747454240918159,0.1639615297317505,0.2686936259269714,0.0305320862680673,-0.0190476067364215,-0.0083212992176413,0.0293290503323078,-0.0074437232688069,0.0727624967694282,-0.0364650785923004,0.0075379475019872,1.8164702653884888,1.1918665170669556,0.7385834455490112,0.8626232743263245,0.985132336616516,0.6140597462654114,0.5783780217170715,0.5452865958213806,0.5406583547592163,0.518095850944519,0.5157920718193054,0.3242136836051941,0.3870889842510223,0.0088365605463169,0.005301625641266,0.0320396148686524,0.0186514702282861,23.130684239718143,1,Hyperfunktionelle Dysphonie,2121,a_n
-213.786849975586,177.99179077148438,-26.839773178100582,24.23868560791016,-49.49370956420898,-25.083627700805664,-9.68565559387207,3.0744850635528564,5.0319437980651855,-7.734033107757568,-5.7936224937438965,-8.96465015411377,12.653491020202637,21.16828346252441,13.091994285583496,8.64334487915039,7.509134292602539,7.30606746673584,3.032637596130371,6.864083290100098,3.5346930027008057,3.336922168731689,4.559318065643311,3.31500506401062,4.887701988220215,3.1733644008636475,-0.208593800663948,-0.0648846477270126,0.012938936240971,0.2086760252714157,0.0503015741705894,-0.067239724099636,-0.079223558306694,-0.0083535676822066,-0.00895481929183,-0.0561620071530342,0.0095096658915281,0.0247384030371904,-0.0643927976489067,2.7302372455596924,1.6031203269958496,1.2137792110443115,0.8467974662780762,0.9726296663284302,0.5883867740631104,0.620244026184082,0.5795161724090576,0.4945023357868194,0.5110481381416321,0.4930556714534759,0.5975771546363831,0.5339371562004089,0.4127606451511383,-0.0061859167180955,0.1998685151338577,-0.0261915456503629,0.1107771769165992,-0.005370729137212,-0.0114814424887299,0.0060579339042305,0.0085933189839124,0.0409275293350219,0.0456254407763481,0.0531422011554241,-0.0514213778078556,1.7638537883758545,0.878541886806488,0.9191551804542542,0.3886128962039947,0.6103286147117615,0.3466977775096893,0.3674672544002533,0.4107836186885834,0.3974526226520538,0.3295636475086212,0.357545405626297,0.3975162804126739,0.4241234362125397,0.0029030486095923,0.0014642143833423,0.0175404550393177,0.0081899705248323,28.9970700625564,1,Hyperfunktionelle Dysphonie,2122,a_n
-311.6981506347656,204.986328125,17.33133888244629,8.734115600585938,-23.867525100708008,-7.627215385437012,-10.380495071411133,0.4036881327629089,22.297582626342773,-15.012195587158203,-11.094667434692385,13.28010368347168,0.36603444814682,29.7946891784668,11.978880882263184,8.698166847229004,6.471539497375488,7.694707870483398,3.784614562988281,5.567091941833496,3.5212974548339844,4.61115312576294,3.757302045822144,3.682698965072632,3.0915307998657227,2.8522489070892334,-1.0583502054214478,-0.0090163117274641,0.078416422009468,0.07170020788908,0.1218994930386543,0.0765042677521705,0.0721065923571586,0.0072823539376258,-0.0001438729814253,-0.0207795053720474,-0.0010866674128919,0.0179793313145637,-0.0041783228516578,3.096552610397339,1.3250043392181396,0.7087051272392273,0.417880117893219,0.7661577463150024,0.4442418813705444,0.5530635118484497,0.5049158930778503,0.5515391826629639,0.7759761810302734,0.6314981579780579,0.510287880897522,0.3351870775222778,0.6167144179344177,-0.2553936839103699,0.0020909309387207,0.0339116789400577,0.1171390637755394,-0.007932286709547,0.0263326819986104,0.026700235903263,-0.087983526289463,0.1086116135120391,0.1176005899906158,-0.0382774733006954,-0.0093452464789152,2.1087677478790283,1.182968258857727,0.386716365814209,0.3611150681972503,0.4744273722171783,0.282286524772644,0.2665062248706817,0.3782238364219665,0.4165748059749603,0.4924019277095794,0.480860948562622,0.2878237664699554,0.2502841055393219,0.0025626087372747,0.0014017976806665,0.0170881095845878,0.0082807227629405,28.543538844758046,1,Hyperfunktionelle Dysphonie,2124,a_n
-236.62530517578125,198.8592834472656,36.60346603393555,14.345351219177246,-31.289968490600582,1.7453638315200806,-28.33187294006348,6.490425109863281,11.603260040283203,-1.2910431623458862,13.317018508911133,-18.259042739868164,2.847273349761963,6.538492679595947,4.6660637855529785,3.4246857166290283,4.915163040161133,3.4754281044006348,3.049598455429077,4.039298534393311,3.127739191055298,3.568269729614258,3.116359233856201,3.439826488494873,3.442476987838745,3.079692840576172,-0.0075402585789561,0.1169904693961143,-0.0209397040307521,-0.0653145909309387,0.0660784319043159,-0.0994186475872993,-0.0586708299815654,-0.0348368398845195,0.0763254910707473,0.0662677735090255,-0.0516365393996238,-0.0911004543304443,-0.0126312775537371,0.9493635892868042,0.6907378435134888,0.6272295117378235,0.7268146872520447,0.5946981906890869,0.3941538035869598,0.622306227684021,0.5336845517158508,0.4905443787574768,0.6220930814743042,0.5263830423355103,0.5699859857559204,0.5177736878395081,-0.0793568789958953,-0.0647119581699371,0.0113167557865381,0.0146722299978137,0.0585792288184165,0.0152119304984807,0.0974738821387291,-0.0280527211725711,-0.0356476381421089,0.037537220865488,0.0039051230996847,0.0183516573160886,-0.0029460974037647,0.5845781564712524,0.4612168371677398,0.4915364384651184,0.4310882091522217,0.4682615399360657,0.3696238994598388,0.5141120553016663,0.3599694073200226,0.3927758932113647,0.4451088309288025,0.4110559821128845,0.4631402492523193,0.3881455957889557,0.0137007040038541,0.0071191387570049,0.1048374155911167,0.0611366684976962,12.13121023684636,1,Hyperfunktionelle Dysphonie,2135,a_n
-286.6097106933594,201.66912841796875,-11.594961166381836,-2.8920960426330566,-29.773025512695312,-16.177536010742188,-26.708776473999023,19.83512306213379,21.77431297302246,-23.110769271850582,-5.997893810272217,15.12968921661377,-20.277008056640625,14.7279691696167,6.536529541015625,7.765325546264648,4.487758636474609,5.538368225097656,3.559966802597046,5.3309431076049805,2.9674646854400635,4.054196834564209,6.344993114471436,3.4314844608306885,3.8765289783477774,3.9153761863708496,0.1399897336959839,-0.151739165186882,-0.0444781966507434,0.0368515849113464,0.0741167068481445,0.0946760475635528,0.0129590416327118,-0.0157928317785263,0.0625383108854293,-0.0422524064779281,-0.0857820287346839,-0.0882448926568031,-0.0364256910979747,2.805237054824829,1.066657781600952,1.070268154144287,0.5070823431015015,1.040629506111145,0.603085458278656,0.8481026291847229,0.3514645993709564,0.4900442361831665,0.8817341923713684,0.4440956115722656,0.6248959302902222,0.6189554333686829,0.6221229434013367,-0.0487921759486198,0.3050857782363891,0.0652005597949028,0.1628530323505401,0.0444233492016792,0.172468900680542,-0.0324755795300006,-0.0546841099858284,0.1482841372489929,0.0043305768631398,-0.0690834745764732,0.1489910781383514,1.8034107685089111,0.9188726544380188,1.061939358711243,0.4552171230316162,0.6512389779090881,0.4432725310325622,0.5968610048294067,0.2742706537246704,0.3483884632587433,0.6276643872261047,0.3275831937789917,0.440834105014801,0.5441976189613342,0.005312201929736,0.0031466446679089,0.0210148674781275,0.0117034116993351,24.147425237510515,1,Hyperfunktionelle Dysphonie,2138,a_n
-290.4246520996094,181.7045440673828,12.838189125061035,13.509820938110352,-59.57193756103516,-4.1283040046691895,-17.0594482421875,2.114431858062744,25.47197532653809,-13.02175235748291,-9.133522987365724,-0.274096816778183,5.4700446128845215,47.00698471069336,10.703706741333008,13.999675750732422,7.659502506256103,10.617507934570312,4.035630702972412,5.238699436187744,5.623229026794434,4.676932334899902,6.032101154327393,4.447554111480713,3.4883482456207275,3.1477904319763184,-1.206368327140808,0.0489605814218521,0.2002370059490203,0.0278104562312364,0.0913330018520355,-0.0038923942483961,0.0594298839569091,0.0865719020366668,-0.0172519795596599,0.0127983251586556,0.0300599727779626,-0.0385633446276187,0.0029539533425122,2.3521740436553955,1.4456337690353394,1.8405921459198,0.8850078582763672,1.4170401096343994,0.670519232749939,0.7648192048072815,0.6616881489753723,0.6939789652824402,0.8980660438537598,0.6206908822059631,0.6578928232192993,0.5669794082641602,0.2214816659688949,-0.0968876034021377,0.1462335437536239,0.0852926298975944,0.2510798573493957,-0.0075980513356626,0.1277016997337341,0.0416966006159782,-0.0882893055677414,0.0916080325841903,0.0694286227226257,-0.0001449907431378,-0.0354862324893474,1.287442922592163,1.0220637321472168,0.9216414093971252,0.5925975441932678,0.9642204642295836,0.5160014629364014,0.5703465342521667,0.5098479390144348,0.544143557548523,0.5745896100997925,0.4131839573383331,0.3313790559768677,0.3354805111885071,0.008044659035122,0.0048451248199393,0.0452527469762318,0.025809781002168,21.195948636387868,1,Hyperfunktionelle Dysphonie,2139,a_n
-318.4842224121094,188.6801147460937,14.378145217895508,5.127717018127441,-32.71688461303711,-22.225181579589844,-28.012828826904297,17.43857765197754,12.496200561523438,-6.532349586486816,-3.724354267120361,-5.389149188995361,-3.8871679306030273,21.894561767578125,5.6946282386779785,11.23524570465088,6.34568977355957,6.510135173797607,7.3887763023376465,6.758309364318848,3.996635437011719,4.584191799163818,3.824273824691773,3.7990972995758057,3.5788614749908447,3.814539194107056,-0.6152129769325256,0.0531122274696826,0.1961560100317001,-0.0335552245378494,-0.0593917891383171,-0.0793551877140998,-0.0613423846662044,-0.0098250713199377,0.0027302007656544,-0.0628634914755821,-0.0311989448964595,-0.0394287928938865,-0.0686812102794647,1.6513943672180176,0.8035814166069031,1.0121307373046875,1.1283292770385742,1.0525143146514893,0.9522971510887146,0.6667976975440979,0.7381263971328735,0.4874383509159088,0.5682535171508789,0.6158405542373657,0.5805253982543945,0.5607995390892029,0.2050226777791977,0.0297924671322107,0.1265674978494644,0.0348426662385463,0.0603282526135444,-0.002222056267783,0.0582039691507816,-0.0273357965052127,-0.013340875506401,0.0108261043205857,0.0011706948280334,0.0072841178625822,0.0173776559531688,0.9627794027328492,0.5363855361938477,0.6844775080680847,0.5861543416976929,0.5491339564323425,0.4460957050323486,0.4717497527599334,0.5192087292671204,0.4125673770904541,0.4315123856067657,0.4945079982280731,0.4646609723567962,0.4143715500831604,0.003762299159262,0.0021373858928732,0.0237004727683086,0.0123393135184769,23.36021416357659,1,Hyperfunktionelle Dysphonie,2151,a_n
-257.2545166015625,184.26821899414065,0.3850512504577636,2.431483030319214,-41.0515251159668,-31.651365280151367,4.043881893157959,16.27646827697754,4.357459545135498,-7.641164302825928,-30.68941116333008,3.3268487453460693,7.490799903869629,10.211000442504885,7.9075608253479,5.427836418151856,3.809340953826904,3.901488542556762,4.350828170776367,3.2583627700805664,3.585944652557373,3.2247731685638428,3.251772880554199,4.210988998413086,3.992384910583496,4.64791202545166,-0.0559805333614349,-0.0409249514341354,0.0376929119229316,0.0107890293002128,-0.010540991090238,-0.0466002225875854,-0.0651376917958259,-0.0352496169507503,0.0058965533971786,0.0075750676915049,0.0986688807606697,-0.0866130739450454,-0.1199689283967018,1.7649885416030884,1.2559934854507446,0.9265701174736024,0.5815944075584412,0.5773584246635437,0.6076939702033997,0.4439327418804168,0.5718187689781189,0.5549278259277344,0.5401546359062195,0.5869357585906982,0.4873161315917969,0.6325106620788574,0.3742512166500091,0.0644406303763389,0.0742027088999748,0.0354122780263423,0.0859090238809585,0.051876001060009,0.0031805839389562,-0.0220666583627462,-0.0164768490940332,0.0331791974604129,0.1338225305080413,-6.112278060754761e-05,-0.0014128073817119,1.4198883771896362,0.7133480906486511,0.518399715423584,0.3697511851787567,0.4866698980331421,0.4012947082519531,0.3510454595088959,0.3504167199134826,0.3788511157035827,0.3270959556102752,0.5246531367301941,0.3615321218967438,0.4282769858837127,0.0065993419078836,0.0041802350231513,0.0331142185266602,0.018661050596477,21.580107319857955,1,Hyperfunktionelle Dysphonie,2184,a_n
-258.8245544433594,266.4698791503906,28.518754959106445,-13.564337730407717,-18.55681800842285,2.021932363510132,-40.97783279418945,-18.53756332397461,31.839174270629883,12.532896995544434,-19.127635955810547,-15.31212043762207,18.918270111083984,15.829465866088867,14.647210121154783,7.431839942932129,6.030922889709473,4.038573265075684,6.982551097869873,4.729552745819092,5.179336071014404,6.001792907714844,3.8137362003326416,3.767359972000122,3.785036087036133,3.8236024379730233,-0.3185839056968689,0.1557115018367767,0.1602101922035217,-0.0195036455988883,-0.0340522080659866,-0.0355831645429134,0.0212904326617717,0.0389503203332424,-0.0112739391624927,0.0510848239064216,-0.0081522036343812,0.0121762650087475,-0.0390581116080284,2.6740431785583496,2.332304716110229,0.792652428150177,0.9701343178749084,0.5911687016487122,1.0947202444076538,0.9612586498260498,0.7128703594207764,0.7929714918136597,0.5871208310127258,0.5492719411849976,0.6363072991371155,0.6502009630203247,0.5114136934280396,-0.4489438235759735,-0.0075269495137035,0.0743905305862426,0.0372229292988777,-0.120460145175457,0.1343474835157394,0.0768665671348571,-0.1412549316883087,-0.0045741274952888,0.0785078927874565,0.0561329312622547,-0.0641592219471931,1.9058433771133425,1.6183395385742188,0.5371612906455994,0.5073965787887573,0.3722066283226013,0.470827043056488,0.5547768473625183,0.3976737260818481,0.6302244663238525,0.3874843716621399,0.3592439889907837,0.3822363018989563,0.3346430659294128,0.0065942324538643,0.0034391375775028,0.0388030756844489,0.020839540217908,22.60204344264752,1,Hyperfunktionelle Dysphonie,2185,a_n
-235.53689575195312,214.99253845214844,2.914740562438965,18.837968826293945,-13.411137580871582,-12.11528778076172,-18.41864776611328,-1.824005365371704,23.71674346923828,-6.577439785003662,-13.890722274780272,3.7269129753112793,-2.0966155529022217,14.233694076538086,11.52442455291748,6.023453235626221,4.783418655395508,4.572664737701416,2.356440544128418,2.665879011154175,2.207242012023926,3.464974880218506,3.002034902572632,2.564103841781616,2.1279313564300537,2.6935863494873047,0.2132430672645568,-0.067118339240551,0.0369106382131576,-0.0937445685267448,0.0748200193047523,0.0469127781689167,0.0161080211400985,0.0032896678894758,-0.0464845560491085,0.0259735342115163,0.0082410667091608,-0.0087190875783562,0.0025257938541471,2.8671228885650635,2.117329359054565,0.7516995072364807,0.584771454334259,0.4257033467292785,0.4184725880622864,0.4282554984092712,0.3053900301456451,0.5388506054878235,0.3598958849906921,0.4381413161754608,0.3137469291687011,0.2979936897754669,0.6417104601860046,-0.4807286262512207,0.1150263473391532,-0.0072932168841362,0.0327332951128482,0.0076426370069384,0.0917931869626045,0.0046260659582912,-0.1279583722352981,0.0513224340975284,0.0686597898602485,-0.0415414124727249,-0.0171450916677713,1.9623231887817385,1.462017059326172,0.4002381265163421,0.3480487465858459,0.2429799437522888,0.2275885790586471,0.3527813553810119,0.166051760315895,0.4121914207935333,0.2280592918395996,0.2671449184417724,0.2072125375270843,0.18438221514225,0.0038632511110874,0.0021712326362701,0.0196064503779938,0.0104135774767722,25.210476143362506,1,Hyperfunktionelle Dysphonie,2186,a_n
-281.2513732910156,183.8587951660156,28.1622257232666,0.1369618475437164,-29.2386474609375,-7.460468769073486,1.364647388458252,-2.81868839263916,1.9585793018341064,-1.1183184385299685,-10.297907829284668,-10.734914779663086,-9.21623706817627,17.12712287902832,10.469497680664062,5.980454921722412,4.12012243270874,5.711430072784424,6.915390491485596,6.242628574371338,4.02389669418335,3.604801654815674,3.754979133605957,3.3444364070892334,3.5400357246398926,3.97945785522461,-0.3067651391029358,0.1041635125875473,0.0957763344049453,0.0173126365989446,-0.0482739470899105,0.0967858806252479,0.0684738829731941,-0.0682183727622032,-0.0848816931247711,-0.0784321576356887,-0.0389161482453346,0.0006008420605212,0.0216420777142047,2.3709161281585693,1.457963466644287,0.9044362902641296,0.6723978519439697,0.7287743091583252,0.696990430355072,0.789418637752533,0.6216163039207458,0.5232952833175659,0.5052005648612976,0.5119945406913757,0.5739143490791321,0.5369704365730286,0.2159139215946197,0.0095273703336715,0.0885332897305488,0.0629451423883438,0.0471925288438797,0.0303926952183246,-0.0148406950756907,-0.0001165345747722,0.0002486038138158,0.0046780775301158,0.0398696362972259,0.0235074777156114,0.0047606197185814,1.4354116916656494,0.8542423844337463,0.6334691643714905,0.4100373089313507,0.5025748610496521,0.4804222285747528,0.5564916729927063,0.4254696667194366,0.3682173490524292,0.4061700999736786,0.3210699558258056,0.4496996700763702,0.3574564158916473,0.0103591355550399,0.0060346637889516,0.1107895030761899,0.0607101335672985,19.465155903022545,1,Hyperfunktionelle Dysphonie,2215,a_n
-299.54638671875,205.95123291015625,4.092097759246826,-7.92121410369873,-24.60411262512207,-19.49033546447754,-24.859737396240234,11.296847343444824,4.391152381896973,-8.388614654541016,-4.190114974975586,-15.265332221984863,6.621886253356934,14.128008842468262,5.643255710601807,6.169087886810303,3.916597843170166,3.632939100265503,2.936344146728516,4.17707633972168,4.490657806396484,2.976369857788086,3.584014177322388,3.2618441581726074,3.509931802749634,4.124087333679199,0.2085820883512497,-0.2110881507396698,-0.0878947749733924,0.0150189213454723,0.0627534240484237,0.0011279506143182,-0.0407611355185508,-0.0466527640819549,-0.0117722302675247,-0.0101035088300704,-0.0235154218971729,0.0103514054790139,-0.0641799196600914,1.9961388111114504,0.8578446507453918,0.9014393091201782,0.7475919723510742,0.6183186769485474,0.5147507786750793,0.6601665616035461,0.5521738529205322,0.5065752863883972,0.553831934928894,0.5595484375953674,0.5066065788269043,0.4162564873695373,0.3727152645587921,-0.0701859369874,0.1338563114404678,0.0430793724954128,-0.001586815342307,0.0102609256282448,0.1108786165714263,-0.0458329692482948,-0.0069621191360056,0.0287536289542913,0.013844502158463,0.046515941619873,-0.0352512896060943,1.647444248199463,0.6789728403091431,0.6881390810012817,0.446243941783905,0.5044633746147156,0.3608139455318451,0.6310628056526184,0.392214298248291,0.3504056334495544,0.3688740134239197,0.3818303346633911,0.3563320636749267,0.3724023997783661,0.0026967878997342,0.0015646786910745,0.0228752113516773,0.012922787538564,25.525829737187752,1,Hyperfunktionelle Dysphonie,2221,a_n
-240.29217529296875,196.4039001464844,-41.46092987060547,-3.115668296813965,-32.7054443359375,-11.960076332092283,-22.604915618896484,-9.105951309204102,8.600878715515137,2.1458187103271484,-10.910260200500488,2.301858901977539,-6.480629920959473,5.2875823974609375,5.923913478851318,6.247185707092285,2.9716556072235107,3.184645414352417,3.999105215072632,2.3832321166992188,2.123603105545044,2.74927830696106,2.913365125656128,3.305372714996338,2.334427118301392,2.4391016960144043,-0.0865178555250167,0.0192848928272724,-0.0466040223836898,0.1092714369297027,0.0512955449521541,-0.0517551451921463,-0.0104893054813146,0.0085065523162484,-0.0360796973109245,0.0840712040662765,-0.1035719960927963,0.0078630084171891,0.0531745478510856,0.751850962638855,1.0506383180618286,1.2864646911621094,0.4408553838729858,0.4819636046886444,0.6027263402938843,0.2716968953609466,0.2730332612991333,0.5197426080703735,0.4783310890197754,0.6094573736190796,0.3884782791137695,0.5112336277961731,0.1867943555116653,0.2790722548961639,0.3071290850639343,0.022056071087718,0.0544178150594234,-0.0143591314554214,0.0260668750852346,0.023348145186901,0.0288149509578943,0.0618411153554916,0.078406237065792,0.0342481695115566,0.0510598830878734,0.6361024379730225,0.8038227558135986,0.8338451981544495,0.3455238044261932,0.3316293656826019,0.3893178403377533,0.2514781653881073,0.2271086722612381,0.3825068175792694,0.3254901468753814,0.3381689488887787,0.3397335112094879,0.2994113862514496,0.002946755190423,0.001712685631952,0.0206864527884141,0.0123593174247115,26.10286275249702,1,Hyperfunktionelle Dysphonie,2224,a_n
-263.0637512207031,208.2123413085937,1.9122238159179688,10.727827072143556,-30.758907318115234,-12.828145027160645,-19.180477142333984,6.204527854919434,20.565410614013672,-19.2513484954834,-5.243251800537109,8.506232261657715,3.9419548511505127,13.611685752868652,5.449699878692627,5.029180526733398,3.208939552307129,4.442800045013428,4.558737754821777,4.084339618682861,4.307166576385498,2.99200439453125,6.398400783538818,2.8535940647125244,3.883251428604126,2.7807233333587646,-0.3061326742172241,-0.1145658418536186,-0.0201289784163236,-0.0188210923224687,0.0612425990402698,0.0927454009652137,-0.0287787020206451,-0.067545972764492,0.0168924052268266,-0.0468687154352664,-0.0475459471344947,0.0223295409232378,0.0485225729644298,2.059929609298706,0.79129958152771,0.8301703333854675,0.4140280485153198,0.7718158960342407,0.5158107280731201,0.7000629901885986,0.5072110295295715,0.5030974745750427,0.6141064763069153,0.5094513893127441,0.5359852313995361,0.5393831133842468,0.2988931834697723,-0.0987682864069938,0.1033936291933059,-0.0294929221272468,0.03989152982831,0.0021896415855735,0.0704377219080925,-0.0324635431170463,-0.0611669458448886,0.0823255851864814,0.0464461781084537,0.011058428324759,-0.0053223194554448,1.203081488609314,0.5149723887443542,0.6303654909133911,0.3482273519039154,0.4649408757686615,0.3827144801616668,0.4907513260841369,0.3710910975933075,0.4061252474784851,0.4561082124710083,0.4148003458976745,0.318901389837265,0.2913081347942352,0.0047514338685124,0.0026336857937489,0.0241372845641868,0.0121959956564972,22.412957797745616,1,Hyperfunktionelle Dysphonie,2225,a_n
-270.6981506347656,180.5208282470703,15.190439224243164,3.921738624572754,-13.137655258178713,-20.51699447631836,-0.5894685983657837,22.877796173095703,12.629701614379885,-13.476229667663574,-18.89340209960937,-6.6726555824279785,-3.2245194911956787,20.860490798950195,14.40561580657959,7.696218013763428,6.874656677246094,5.057681083679199,5.3959550857543945,3.838832139968872,3.820454359054565,3.919963836669922,3.594513416290283,3.2314493656158447,3.9223744869232178,2.900131940841675,-0.1262747049331665,-0.1431549191474914,0.021318033337593,0.0066570928320288,0.0003357181267347,0.1128514409065246,0.0555598028004169,-0.0401440486311912,-0.0769805833697319,-0.0404166691005229,-0.0162693858146667,-0.0314104817807674,-0.0255121439695358,2.362412691116333,1.6901776790618896,1.0399597883224487,0.9146496057510376,0.7830067873001099,0.8511036038398743,0.687042772769928,0.4823420345783233,0.5887784361839294,0.5901380181312561,0.4437397420406341,0.532488226890564,0.4440168738365173,0.2119053900241851,0.0069251232780516,0.0776948705315589,0.0772978514432907,0.0588755123317241,0.0434846058487892,0.0088294818997383,-0.0324663035571575,0.0045327055267989,0.050742395222187,0.0269834753125906,-0.027817515656352,-0.0094134807586669,1.2543565034866333,0.8342174291610718,0.5773603916168213,0.5746200084686279,0.5630963444709778,0.5076143145561218,0.4018712639808655,0.4195513725280761,0.4392635226249695,0.40367192029953,0.3358890414237976,0.4031311273574829,0.2907958924770355,0.0049415162583609,0.0023626710465986,0.0300922791615794,0.0155819218281952,23.06650222026571,1,Hyperfunktionelle Dysphonie,2228,a_n
-221.3878936767578,179.83863830566406,11.57744312286377,18.627233505249023,-65.06678771972656,-9.1712646484375,-7.131904125213623,27.006526947021484,-1.5912386178970337,-6.882632255554199,-21.652437210083008,-2.229308843612671,-3.829362392425537,22.15517234802246,5.64498233795166,5.685368537902832,4.672401905059815,4.762167930603027,3.489586114883423,3.5078728199005127,4.061778545379639,3.817631244659424,3.4225733280181885,3.868809223175049,3.218066692352295,3.1308581829071045,-0.622785210609436,-0.0757858380675315,0.1009576693177223,0.0876534432172775,0.011792373843491,0.0667556151747703,0.0276227109134197,-0.0303864367306232,0.0415358729660511,0.0036025722511112,0.014019401744008,-0.0252583902329206,-0.0542122274637222,1.056343913078308,0.5409172177314758,0.553758442401886,0.5474380254745483,0.7282495498657227,0.5144237279891968,0.5927242040634155,0.5956127047538757,0.4485308229923248,0.4865842461585998,0.5242757201194763,0.4270462989807129,0.4077784121036529,0.0777363404631614,-0.0287521369755268,0.0394429825246334,-0.0891900733113288,0.1583467125892639,-0.0093633867800235,0.0223538614809513,-0.0882745087146759,0.0170809347182512,0.0341860055923461,0.0505502298474311,-0.0459593944251537,-0.0250063333660364,0.5789808034896851,0.5052245259284973,0.4019674956798553,0.4816344678401947,0.6172696352005005,0.3726705908775329,0.3560976684093475,0.4952121675014496,0.4249662458896637,0.4246214628219604,0.5044370293617249,0.3505753874778747,0.382264107465744,0.0025223293208839,0.0014423730118127,0.0342119418996626,0.0194899510732663,18.938364847175087,1,Hyperfunktionelle Dysphonie,2229,a_n
-259.9132385253906,198.83094787597656,29.440298080444336,34.74100112915039,-10.93213176727295,-12.46163558959961,0.1795681416988372,5.52606725692749,19.011642456054688,5.790395736694336,-11.531558990478516,-7.014395236968994,13.022537231445312,9.4490385055542,4.683383464813232,7.540782928466797,5.23383903503418,4.961805820465088,4.816972732543945,3.9909517765045166,4.266839504241943,4.253133773803711,3.667975187301636,4.441667079925537,3.471646547317505,2.9792282581329346,-0.1210112571716308,0.0761350020766258,0.0698214620351791,-0.0054711564444005,-0.0505910888314247,0.0750423297286033,0.0715303048491478,-0.0328200496733188,0.0530157200992107,-0.0580066367983818,-0.1161295771598815,0.0086077703163027,0.0254583619534969,1.363788604736328,0.9154996275901794,0.9804351925849916,0.8983677625656128,0.69748455286026,0.6288357377052307,0.6722151637077332,0.595211923122406,0.5991799831390381,0.4536087214946747,0.5705373287200928,0.5735450387001038,0.4821940958499908,0.1375850886106491,-0.0595425032079219,-0.03850869089365,-0.0334142819046974,-0.0279828701168298,0.0146893039345741,0.0214560851454734,0.002186182886362,0.0462844297289848,0.0413178242743015,0.0180041156709194,0.0276330523192882,-0.0517601706087589,0.991378903388977,0.5524749755859375,0.6855221390724182,0.5967755317687988,0.5039941668510437,0.5387023687362671,0.4869159758090973,0.4243564009666443,0.4895781278610229,0.4127899706363678,0.3837699294090271,0.3995499312877655,0.4632630348205566,0.0042794484181839,0.0024694219441585,0.0229332341052057,0.0113997269815961,16.387130144455934,1,Hyperfunktionelle Dysphonie,2230,a_n
-204.8343963623047,235.41360473632807,-34.964111328125,-5.479472160339356,-24.263256072998047,-9.889223098754885,-3.1473960876464844,-0.803734540939331,7.300518035888672,-7.8492841720581055,7.3303141593933105,7.764815807342529,-4.661042213439941,29.183582305908203,8.20830249786377,10.158506393432615,6.511710166931152,5.097588539123535,3.777100563049317,3.6674859523773193,3.3332622051239014,1.9885449409484863,2.074561357498169,2.5690810680389404,2.808682680130005,1.8858906030654907,-0.9419539570808412,-0.2232422977685928,0.2086892277002334,0.2851630449295044,-0.0525030344724655,0.157120794057846,0.0918180122971534,-0.0265418514609336,0.0458249226212501,-0.0111474376171827,0.0941226109862327,0.1060894653201103,-0.025198969990015,1.75267231464386,1.1548383235931396,1.2883081436157229,1.1540275812149048,0.8500388264656067,0.6715137958526611,0.261195570230484,0.4619345963001251,0.3570354282855987,0.4093464612960815,0.3651670515537262,0.2176155894994735,0.2440248727798462,0.1072278097271919,-0.2798263132572174,0.2441269755363464,0.0205736737698316,-0.012607142329216,0.0472748912870883,0.0024165424983948,0.0630629658699035,0.0091006644070148,0.0102299749851226,0.030482955276966,0.0392422415316104,-0.007038224954158,1.0283361673355105,1.0427089929580688,0.9375831484794616,0.3921340107917785,0.3485710918903351,0.4971883296966553,0.2020986825227737,0.3145166635513305,0.2058873176574707,0.2464246153831482,0.1869855374097824,0.1826710104942321,0.1726220846176147,0.0038879278047689,0.0018594766685988,0.0264578985922005,0.0102188060073601,23.26351629858276,1,Hyperfunktionelle Dysphonie,2232,a_n
-234.4231719970703,198.9940643310547,34.74220275878906,-3.3827805519104004,-19.43950843811035,15.938429832458496,-10.661102294921877,-1.4763740301132202,9.675532341003418,4.682233333587647,-3.246267318725586,-13.374313354492188,3.2253241539001465,29.85063743591309,12.37579345703125,8.77843952178955,9.011836051940918,10.284171104431152,5.1365065574646,6.197064399719238,5.0034708976745605,4.814391136169434,5.010565280914307,4.019200325012207,4.265775680541992,4.585685729980469,-0.6233510375022888,-0.0695654153823852,0.1383732259273529,0.1148699298501014,0.1304630488157272,-0.2129415273666381,0.11502156406641,-0.0076972553506493,-0.1082248911261558,0.0863723754882812,0.0055048647336661,-0.0298060066998004,-0.0235603656619787,2.5222654342651367,1.5562468767166138,1.117989420890808,0.8743784427642822,1.182531476020813,0.6863158345222473,0.989248275756836,0.7130100727081299,0.9075688719749452,0.6630828976631165,0.7266093492507935,0.7187469005584717,0.7562232613563538,0.1662564724683761,-0.1290793418884277,-0.056675661355257,0.054680448025465,0.1238178014755249,-0.0266734585165977,0.0849055796861648,0.0178604740649461,-0.0832730233669281,-0.0463717430830001,0.0296347774565219,0.0510734394192695,-0.006215720437467,0.9750896096229552,0.5711872577667236,0.6133999228477478,0.5505768060684204,0.5874061584472656,0.5288363099098206,0.6944452524185181,0.48163041472435,0.6360836029052734,0.4693830609321594,0.4666313529014587,0.3689783811569214,0.4887470602989197,0.0079240645685266,0.0045918527158335,0.0546418724962643,0.025722271009776,16.614670131364562,1,Hyperfunktionelle Dysphonie,2233,a_n
-247.2740936279297,225.4311370849609,27.09261703491211,25.921937942504883,-27.33871078491211,-12.002291679382324,-6.686219215393066,-4.052445888519287,-10.22959327697754,10.212693214416504,5.805712699890137,-19.062397003173828,3.739066362380981,21.731800079345703,11.918733596801758,9.31757640838623,8.167750358581543,5.251952171325684,4.611599445343018,4.783033847808838,5.018320560455322,5.143356800079346,4.80615758895874,3.857391119003296,5.3526153564453125,5.827831745147705,-0.7437610626220703,0.528560996055603,0.1313063502311706,0.3030688762664795,-0.0441619716584682,-0.0289104990661144,0.0096346130594611,-0.0347268730401992,-0.1428533196449279,-0.0420824140310287,-0.0141081232577562,-0.0739475935697555,0.0765426754951477,4.184537410736084,1.84278666973114,1.0937937498092651,1.368168830871582,1.125487208366394,0.8991726636886597,0.8438183665275574,0.6008212566375732,0.6934449672698975,0.7571409940719604,0.5401862859725952,0.9582010507583618,0.986005961894989,0.6883178353309631,-0.3838708698749542,-0.0777942836284637,-0.029307909309864,0.133225992321968,0.0112253483384847,0.0628542006015777,0.1144763231277465,0.0454053655266761,-0.0465937741100788,0.0285184495151042,0.175830528140068,0.0323711261153221,2.439854383468628,1.789966702461243,0.592502236366272,0.7071293592453003,0.6117618680000305,0.5212798118591309,0.5737656354904175,0.5134668946266174,0.5563943386077881,0.529873251914978,0.3777898848056793,0.6533709764480591,0.4892257750034332,0.0041311900460342,0.0016878351980518,0.0325315974600963,0.0161396348634006,21.30874462500713,1,Hyperfunktionelle Dysphonie,2239,a_n
-258.8949584960937,231.3962554931641,28.886363983154297,10.784061431884766,-20.32143783569336,-16.913061141967773,-8.248717308044434,10.428812980651855,5.856985092163086,-3.135531187057495,1.1943488121032717,-1.8224729299545288,1.1938459873199463,15.679030418395996,7.208374977111816,3.9731621742248535,3.5537352561950684,4.283318042755127,5.925104141235352,8.148652076721191,6.349612236022949,4.938434600830078,7.071138381958008,4.692197799682617,4.34861421585083,3.2769434452056885,-0.447257250547409,-0.0688688084483146,0.0619565285742282,0.0831246078014373,0.0759037658572197,-0.0012378365499898,-0.0346772298216819,0.0138207199051976,0.0050111799500882,-0.101917065680027,-0.1001407653093338,0.0294178202748298,0.0494951829314231,1.2563908100128174,1.0142333507537842,0.600127637386322,0.5149776339530945,0.7181825637817383,0.685353696346283,0.7825151681900024,0.6466023921966553,0.6707672476768494,0.7396554946899414,0.6267824769020081,0.6461736559867859,0.6600394248962402,0.2226403206586837,-0.1819965541362762,0.0764997377991676,-0.0028438526205718,0.0349537506699562,-0.0399961322546005,0.0095338840037584,-0.0017170059727504,0.0140951173380017,0.055445097386837,-0.0109010115265846,0.0081133246421813,-0.0143229411914944,0.8494275212287903,0.658595085144043,0.4721478521823883,0.3909883201122284,0.4097451269626617,0.4448441863059997,0.4040147364139557,0.3790258765220642,0.3942474126815796,0.4097414314746856,0.3864758908748626,0.35997474193573,0.4373144507408142,0.0039356827588235,0.0022207768062021,0.026861164899505,0.0128456786704095,23.06632638160728,1,Hyperfunktionelle Dysphonie,2240,a_n
-224.11813354492188,251.0555419921875,21.231914520263672,-9.53280258178711,-27.904296875,0.099891647696495,-15.98324966430664,-4.05086088180542,12.382832527160645,7.341983795166016,8.814237594604492,-13.23448085784912,-2.616894721984864,17.993894577026367,10.011513710021973,8.73607063293457,4.274637222290039,4.467872142791748,3.1242430210113525,6.982093334197998,4.14366626739502,3.1582894325256348,3.634093999862671,2.6086578369140625,2.612865924835205,2.19106125831604,-0.3475788235664367,0.2578091621398926,0.2145875990390777,0.1944111287593841,-0.051663402467966,-0.0835411474108696,0.0891842916607856,-0.1885458528995514,0.0332012325525283,0.1149364039301872,-0.0296191051602363,-0.031615175306797,-0.0402316078543663,1.766823410987854,1.9444823265075684,1.272229552268982,0.6509220600128174,0.8559934496879578,0.6269386410713196,0.8145493865013123,0.3960624933242798,0.4439700543880462,0.4801717400550842,0.3800445199012756,0.2868730127811432,0.3573037981986999,0.3947741091251373,-0.6135287284851074,0.1112456992268562,0.2040764689445495,0.1062779426574707,-0.0834437161684036,0.135611429810524,0.0405439473688602,-0.034781452268362,0.0041722594760358,-0.0506161414086818,0.1499905735254287,-0.0179104637354612,1.1501153707504272,1.3140416145324707,0.589693546295166,0.6316607594490051,0.6380701065063477,0.4140454828739166,0.5115939974784851,0.3162928223609924,0.286921888589859,0.3677508234977722,0.3767750263214111,0.4279586970806122,0.2691578269004822,0.0140837719446645,0.006111980972162,0.0416545725233545,0.0207353716202435,18.74724035588948,1,Hyperfunktionelle Dysphonie,2241,a_n
-273.3370666503906,223.3738250732422,4.032878398895264,-11.859590530395508,-21.848278045654297,1.3974604606628418,-14.528923034667969,-6.961398601531982,14.286667823791504,-3.409343719482422,-5.335472583770752,0.8852625489234924,-4.099250793457031,31.40617752075196,13.358617782592772,12.346990585327148,4.414368629455566,3.9437568187713614,4.3927106857299805,5.689835071563721,7.120651721954346,5.57070779800415,5.722871780395508,4.753784656524658,3.7387499809265137,2.5726311206817627,-1.3363633155822754,0.1180993020534515,0.3695081770420074,0.0334402844309806,-0.0789700001478195,-0.0044679092243313,0.1857182383537292,-0.0402113646268844,0.1285778433084488,0.1907633990049362,-0.1553316563367843,-0.1564515233039856,-0.0339926108717918,4.008604526519775,2.359795331954956,1.2457481622695925,0.6766744256019592,0.6338143348693848,0.6192664504051208,0.6113549470901489,0.9904686212539672,0.5677451491355896,0.6574913859367371,0.5533630847930908,0.3367088437080383,0.4978251159191131,1.0818761587142944,-0.7345969676971436,0.2847267389297485,0.0840357765555381,0.1126114502549171,-0.0721606612205505,0.1120413467288017,-0.02200922742486,-0.0794622823596,0.0792431235313415,-0.0200006905943155,-0.0150682060047984,0.033301293849945,2.241300582885742,1.7056517601013184,0.75615394115448,0.4837045669555664,0.3783275783061981,0.3818279504776001,0.4294666647911072,0.5462473630905151,0.3328044414520263,0.3606288135051727,0.3550991415977478,0.2600294053554535,0.3383941054344177,0.0046869804814356,0.0027639440747793,0.0244208302089588,0.0137101143600463,23.73913786288672,1,Hyperfunktionelle Dysphonie,2245,a_n
-223.18423461914065,223.25070190429688,25.917585372924805,20.96003532409668,-49.0460205078125,-12.585847854614258,-0.9662832021713256,-14.525015830993652,3.4285123348236084,11.236108779907228,-8.984009742736816,-13.532835960388184,7.603873252868652,29.405881881713867,8.131105422973633,21.02249526977539,6.586235523223877,4.680837154388428,6.067421913146973,5.168838024139404,4.252479076385498,3.7723639011383057,3.414320707321167,2.382624387741089,3.2762279510498047,2.6089162826538086,-0.3212546706199646,-0.0397549793124198,0.0528458058834075,0.0332965441048145,0.0233208499848842,0.0257058069109916,0.0122479386627674,-0.0094610648229718,0.0183239448815584,0.0136904204264283,-0.0165073350071907,-0.0048085818998515,-0.0209544785320758,3.895240068435669,1.0816004276275637,3.11971116065979,1.0780330896377563,0.66606205701828,0.6853208541870117,0.705609917640686,0.6893907785415649,0.6234975457191467,0.551936686038971,0.3748314380645752,0.511555552482605,0.2972075045108795,0.0164005663245916,-0.0480924136936664,0.0046129557304084,0.0255154706537723,0.0293185655027627,-0.0528307408094406,0.002242982154712,0.0544948428869247,0.012083520181477,-0.0058860639110207,0.0100991781800985,0.0142048085108399,0.0082711847499012,2.552725076675415,0.853094220161438,2.013166904449463,0.7754096984863281,0.5912376642227173,0.6514235734939575,0.5798096060752869,0.6287410855293274,0.4205670058727264,0.4933504462242126,0.2908840775489807,0.3691752254962921,0.2588262856006622,0.0293960051664428,0.0147051132507029,0.0669767312382139,0.0334819947317437,10.881025065326895,1,Hyperfunktionelle Dysphonie,2270,a_n
-227.328125,178.4652862548828,-20.439769744873047,7.1101789474487305,-45.523399353027344,-22.47078323364257,-20.49872779846192,-5.229000091552734,7.476411819458008,-14.507819175720217,-0.9571397304534912,-16.705184936523438,-0.6209046840667725,10.269824981689451,7.6872639656066895,7.006261348724365,3.55638074874878,4.646103382110596,3.66899037361145,4.11223840713501,4.059321403503418,2.915095329284668,3.05904507637024,2.4208712577819824,3.2578234672546387,2.4217565059661865,-0.2515151500701904,0.0680304169654846,-0.1211035549640655,-0.0112918820232152,-0.0555730424821376,-0.03518757969141,-0.0644307732582092,-0.0870941951870918,-0.063369907438755,-0.0794353634119033,-0.010760074481368,-0.0674209669232368,0.0037977483589202,1.8782646656036377,1.3049100637435913,1.1022077798843384,0.5552303791046143,0.8119761347770691,0.6111916303634644,0.8065400123596191,0.5907601714134216,0.4101332426071167,0.5801426768302917,0.3608317971229553,0.4137906432151794,0.394997090101242,0.3050967156887054,0.0873849317431449,0.1224955692887306,-0.0187165699899196,0.0911607220768928,0.0663563683629036,0.0847145467996597,0.0203845147043466,-0.0152608463540673,0.0549276918172836,-0.0053756874985992,0.0320593453943729,0.0218231081962585,1.346507549285889,0.8128225207328796,0.5946872234344482,0.4269631803035736,0.47003835439682,0.4398389756679535,0.5102066993713379,0.3817380964756012,0.3682669401168823,0.3504141271114349,0.2515425682067871,0.3313738703727722,0.3418479263782501,0.0049603180657145,0.0030746661618507,0.026898254883869,0.0159424373363435,24.37371664134215,1,Hyperfunktionelle Dysphonie,2272,a_n
-281.7770080566406,164.8932647705078,-8.159501075744629,19.54373359680176,-41.90617370605469,-11.110880851745604,-7.99678897857666,-5.729906558990479,21.834800720214844,2.392012119293213,-14.399090766906738,-3.313669443130493,-7.421043395996094,26.745088577270508,9.590534210205078,12.263684272766112,5.725220203399658,7.695011615753174,5.694044589996338,3.5414528846740723,3.6615548133850098,4.016438484191895,3.202709197998047,3.136338710784912,3.250126361846924,2.6014721393585205,0.3853079378604889,-0.0654652118682861,-0.157697707414627,-0.0004998345393687,0.0288664046674966,0.0101293567568063,-0.0314390696585178,0.0202198568731546,0.0708825513720512,0.0182337835431098,-0.0081053217872977,-0.0675451904535293,-0.0007970123551785,2.577734470367432,0.962629497051239,1.162434220314026,0.8275661468505859,1.0797417163848877,0.6037235856056213,0.5972135066986084,0.5439284443855286,0.6515644192695618,0.5935323238372803,0.5073128342628479,0.404377669095993,0.4371520578861236,0.3115511834621429,0.064695619046688,0.0692351460456848,0.0425183773040771,0.1014890149235725,0.0055158431641757,0.0086067635565996,0.0239771492779254,-0.0102203963324427,0.0130937937647104,0.0277085043489933,-0.017036136239767,0.0199681129306554,1.4464868307113647,0.550139307975769,0.5040571689605713,0.5361727476119995,0.7104652523994446,0.438029944896698,0.4074355363845825,0.3729285299777984,0.4304999709129333,0.410483568906784,0.3802344799041748,0.3546990156173706,0.3192326426506042,0.0035160641923513,0.0017871358741366,0.0278856300172639,0.0143746378030311,23.877153428375337,1,Hyperfunktionelle Dysphonie,2288,a_n
-281.40545654296875,187.86053466796875,-43.341094970703125,-30.19609642028809,-21.34461212158203,-21.025972366333008,-35.51933288574219,24.505395889282227,1.4089714288711548,-12.568458557128906,-18.99208641052246,-4.746009826660156,-14.38162899017334,15.280640602111816,10.31113338470459,6.94965124130249,4.112830638885498,5.375891208648682,4.989853858947754,4.939145088195801,3.750272035598755,3.152531385421753,2.9774317741394043,3.638616323471069,2.3884975910186768,4.294643402099609,-0.0781894400715828,-0.2143784761428833,-0.0052292277105152,0.0372309572994709,-0.0548646263778209,0.110751949250698,0.0614235736429691,-0.0253027230501174,0.0316203944385051,0.0552039481699466,-0.0148683749139308,-0.0341847762465477,0.1348921060562133,2.545764446258545,1.0361707210540771,1.137941837310791,0.5635402798652649,0.5355409979820251,0.5214856863021851,0.9623701572418212,0.5507724285125732,0.5017746686935425,0.4642370343208313,0.4927275776863098,0.373413622379303,0.4687572419643402,0.5189039707183838,-0.1259342581033706,0.1691437363624572,0.0623758733272552,-0.0088980542495846,-0.03345587849617,0.1343333572149276,-0.0742616057395935,0.0170379262417554,0.0251964256167411,0.0550498478114604,-0.043752372264862,0.0171033162623643,1.954216837882996,0.9368407726287842,0.6802086234092712,0.4247532784938812,0.3386223316192627,0.3619697391986847,0.5289837121963501,0.4352752864360809,0.2896343767642975,0.3528286814689636,0.3543466627597809,0.3268665075302124,0.3758317232131958,0.0040145603488642,0.0024443850567865,0.0177249285232314,0.0102845124415768,26.884593844229546,1,Hyperfunktionelle Dysphonie,2292,a_n
-252.3430633544922,193.64108276367188,0.8542711734771729,-28.6943302154541,-30.434045791625977,-13.874207496643066,-11.3473482131958,5.37885332107544,6.658473491668701,-11.5195894241333,-16.766847610473633,-7.093113422393799,13.686506271362305,11.402791023254396,6.428684234619141,6.579678058624268,5.605428218841553,4.342979431152344,3.3478264808654785,4.4991655349731445,2.955650329589844,3.22641396522522,3.40395450592041,3.3293020725250244,3.544800043106079,2.923077344894409,0.1820369809865951,-0.2282168865203857,0.0136815141886472,-0.0205073673278093,0.0305574126541614,0.0370700471103191,-0.0793146640062332,-0.0597074478864669,-0.0557605847716331,-0.0131892841309309,0.0411267578601837,-0.0534661710262298,-0.0304880701005458,2.1041693687438965,1.069711208343506,0.9227632284164428,0.9009681344032288,0.6694808006286621,0.5727353692054749,0.6808658242225647,0.5452753901481628,0.4878043532371521,0.4795202910900116,0.5499271750450134,0.5915434956550598,0.543058454990387,0.3151114284992218,0.0247874315828084,0.1121535673737526,0.1416881531476974,0.0776675567030906,0.0233599804341793,0.0583096928894519,0.0197843387722969,-0.0005073342472314,0.0200983174145221,0.0326373949646949,0.0450760945677757,-0.0132144205272197,1.6208502054214478,0.8233608603477478,0.672028660774231,0.7082500457763672,0.515326976776123,0.4048981070518493,0.4839637875556946,0.3452618420124054,0.3770080506801605,0.408226728439331,0.508922815322876,0.4352883100509643,0.3719110786914825,0.0024393105665976,0.0014171459030442,0.0211362910565037,0.0117787545796747,24.30220309107632,1,Hyperfunktionelle Dysphonie,2293,a_n
-308.2456359863281,182.79669189453125,22.465335845947266,27.678674697875977,-37.150146484375,-24.26368522644043,-7.511846542358398,3.0104808807373047,12.664117813110352,6.26298189163208,-10.329228401184082,-19.360050201416016,-8.279888153076172,15.039887428283691,12.615407943725586,9.362432479858398,7.618326663970947,6.71745491027832,4.836660385131836,6.2463860511779785,3.914794206619263,3.7804906368255615,4.1956305503845215,3.821171283721924,4.294632434844971,3.6531708240509033,0.5656939744949341,-0.2109378576278686,0.5100746750831604,0.3591644465923309,0.0285633765161037,-0.1759713888168335,-0.2268801480531692,0.0142212770879268,0.1290969252586364,-0.102454200387001,0.0402603633701801,-0.1377453058958053,-0.1358699649572372,3.152858018875122,2.363107204437256,1.2739391326904297,0.93654203414917,1.3051042556762695,1.021152138710022,0.93935889005661,0.569322407245636,0.5826190114021301,0.7186465263366699,0.6797067523002625,0.6163349747657776,0.6167281866073608,0.1254497468471527,0.3320373594760895,0.0195445884019136,-0.1913416236639022,0.2453656941652298,-0.0068243560381233,-0.0598470196127891,0.0107222972437739,-0.1038057506084442,0.0310353953391313,-0.0444361194968223,0.1826564967632293,0.0289203077554702,1.591188669204712,1.728538155555725,0.9413240551948548,0.9763473868370056,0.907960832118988,0.6424294710159302,0.6505829691886902,0.4190644323825836,0.4909787476062774,0.5693559050559998,0.450433999300003,0.547833263874054,0.3705683052539825,0.0070604768674776,0.0033852372559384,0.0526850285430568,0.0249262768280481,17.054587388811033,1,Hyperfunktionelle Dysphonie,2298,a_n
-265.3625793457031,171.51071166992188,-14.087703704833984,13.77956485748291,-21.959903717041016,-9.197216987609863,-1.4448105096817017,4.071717262268066,4.254794120788574,8.96628475189209,-11.75026035308838,-17.115497589111328,3.2284398078918457,19.715652465820312,6.4624128341674805,7.984535694122314,3.3600478172302246,7.46083927154541,7.764781475067139,3.889976501464844,4.607724189758301,4.600711345672607,3.0312418937683105,3.805205583572388,3.178954601287842,4.7794389724731445,-0.46905517578125,-0.1171590164303779,0.15340556204319,0.0384444594383239,-0.1043844223022461,-0.1648719906806945,-0.0871814414858818,-0.0689182952046394,-0.0422781817615032,0.0509039796888828,0.1007082909345626,0.0311462488025426,-0.0431210324168205,2.9993152618408203,0.9686675667762756,1.147932052612305,0.5701828002929688,1.3299165964126587,1.238885760307312,0.6296855807304382,0.6374129056930542,0.6160953044891357,0.4662080407142639,0.6082711219787598,0.4921774864196777,0.844160258769989,0.7243121862411499,-0.2524033486843109,0.2655654847621918,-0.0553754419088363,0.1401055008172989,0.0362160839140415,0.0217425357550382,-0.0210610814392566,0.1000493988394737,0.0058292560279369,0.0408728197216987,0.0125549212098121,-0.1721910685300827,1.8129087686538696,0.7949588894844055,0.7908945679664612,0.4460650682449341,0.59234619140625,0.630368173122406,0.4879997074604034,0.4233126044273376,0.5285205841064453,0.3607845306396484,0.4281684458255768,0.3345304429531097,0.6361529231071472,0.0046426584520801,0.0026043830942364,0.0292349403174931,0.0155914830656593,19.832711889396144,1,Hyperfunktionelle Dysphonie,2307,a_n
-278.71697998046875,157.033935546875,14.160120964050291,-12.024757385253906,-22.848005294799805,0.906140923500061,8.767379760742188,-7.0881028175354,3.279629707336426,1.9454349279403689,-17.976369857788086,-5.28233814239502,13.437417030334473,10.89308261871338,5.28844165802002,7.508240699768066,4.4521098136901855,4.824873924255371,3.731694221496582,4.621459007263184,5.5266642570495605,4.351819038391113,2.9378538131713867,3.672590970993042,3.0464324951171875,4.636388301849365,-0.1795173585414886,-0.0272042695432901,0.1795720309019088,-0.0745314955711364,0.136931300163269,0.0668790116906166,-0.0356488637626171,0.0224597062915563,0.0161940306425094,0.0062338183633983,-0.0224431697279214,0.0301293395459651,0.1754375249147415,1.378217697143555,0.6978754997253418,0.9202176928520204,0.9315738677978516,0.6524118185043335,0.5139521956443787,0.6215463876724243,0.7618208527565002,0.7375597357749939,0.5049212574958801,0.6309811472892761,0.5151322484016418,0.5081623196601868,0.2191422134637832,0.1355618983507156,0.1334685087203979,0.1397538632154464,0.1366471946239471,0.015837725251913,0.019186470657587,0.0693701207637786,-0.0620017349720001,-0.0343681350350379,0.0328149497509002,-0.014203424565494,-0.0639924257993698,1.0832126140594482,0.644290566444397,0.4644452333450317,0.5756919384002686,0.6099783182144165,0.4596371948719024,0.5029245018959045,0.5031500458717346,0.4895792007446289,0.3561273217201233,0.438878059387207,0.3543181121349334,0.3895384669303894,0.0061044989805099,0.0035698986028993,0.0288816401190112,0.0154981048559325,19.763168522501065,1,Hyperfunktionelle Dysphonie,2317,a_n
-232.67022705078125,195.80551147460932,-9.556562423706056,-2.4336817264556885,-49.08393096923828,7.071859359741211,-7.801366329193115,-16.239009857177734,0.9082380533218384,7.118526935577393,1.9835118055343628,-5.061141014099121,0.7337489724159241,15.435442924499512,3.906161546707153,8.304228782653809,6.090485095977783,5.688633918762207,3.829496145248413,3.732177972793579,6.071508407592773,4.662910461425781,4.400201797485352,3.946543455123901,2.663569450378418,4.20599365234375,-1.2048341035842896,0.0770353525876998,0.2627945244312286,-0.1191452294588089,0.010856119915843,0.2210554331541061,0.181101769208908,-0.2022698074579239,-0.2701818346977234,-0.1181871369481086,0.138896644115448,0.0615707449615001,-0.2287109792232513,1.577261447906494,0.8024020195007324,1.327589511871338,0.8556764125823975,1.00468111038208,0.5306105017662048,0.8269653916358948,0.7945000529289246,0.5977078080177307,0.7619985342025757,0.5874033570289612,0.5261756181716919,0.4937370121479034,0.5589172840118408,0.0743650048971176,0.4946014583110809,0.1088147908449173,0.2930286526679992,-0.1149250343441963,0.0814653113484382,0.0696597844362258,0.0296960733830928,-0.0150009077042341,-0.014256096445024,0.0243744179606437,-0.0074954931624233,1.3266624212265017,0.6096650958061218,1.1385685205459597,0.5748059749603271,0.7132005095481873,0.4088931977748871,0.3914290070533752,0.5388889312744141,0.4940049946308136,0.4187435209751129,0.5885066986083984,0.2555245161056518,0.3618409335613251,0.00502089957841,0.0028694920536724,0.0428076212066512,0.0229523053374587,21.48954490902656,1,Hyperfunktionelle Dysphonie,2331,a_n
-225.5027008056641,202.9418487548828,-34.5360221862793,-20.59104347229004,-4.99597692489624,6.232068061828613,-18.113712310791016,5.034061431884766,6.228774070739746,-12.564438819885254,-4.894671440124512,3.785223007202149,-8.59020709991455,21.824440002441406,11.155128479003906,11.977333068847656,6.375621795654297,4.848079204559326,5.166295528411865,5.459415912628174,4.084952831268311,4.425367832183838,3.704998254776001,3.569830894470215,3.604980945587158,3.7754874229431152,-1.15572988986969,-0.7251008152961731,0.1883684545755386,0.378510981798172,0.3239270150661468,0.2965919971466064,0.1783781945705413,0.1106095090508461,0.2994805574417114,-0.0009739562519825,-0.1443463712930679,0.0091155664995312,-0.1354856342077255,3.114069700241089,1.0382771492004397,1.903238296508789,0.9304572343826294,0.9538615942001344,0.664446234703064,0.7562037110328674,0.6726027727127075,0.8719830513000488,0.6281428337097168,0.7539498805999756,0.7573193907737732,0.3746156692504883,0.7938311100006104,-0.2856690585613251,0.4565059542655945,0.2095937877893448,0.09470085054636,-0.0632098019123077,0.1947083324193954,-0.1395692378282547,-0.0960439071059227,0.2221776992082595,-0.0110414447262883,-0.1430476903915405,0.0241797771304845,2.0012190341949463,0.8171408772468567,0.923154354095459,0.901400625705719,0.6220600008964539,0.4346307516098022,0.5440560579299927,0.5068873167037964,0.476802796125412,0.6201976537704468,0.4784241020679474,0.4481663405895233,0.3799468576908111,0.0067011302534454,0.0037459034964956,0.0540641031336456,0.0250965951600153,19.19133229749689,1,Hyperfunktionelle Dysphonie,2338,a_n
-307.2184753417969,184.2430725097656,4.392269611358643,0.0287778712809085,-30.85148048400879,-4.728490352630615,-28.29336166381836,10.700425148010254,6.551288604736328,-29.854204177856445,-17.098875045776367,3.532099485397339,-4.391483306884766,16.86260414123535,5.731144905090332,6.81901216506958,5.458970546722412,4.306199550628662,3.437843084335327,4.892415523529053,3.484452247619629,2.909721612930298,5.284215927124023,3.222317695617676,3.063676357269287,2.840283393859864,0.1611320376396179,-0.1393041908740997,0.0193659830838441,0.0524113923311233,-0.0208853259682655,0.018161529675126,-0.0154315773397684,-0.0253847241401672,0.0034864824265241,0.0153016913682222,0.0607539117336273,0.0341134630143642,-0.0062367594800889,2.856444358825684,0.9881535768508912,0.792233943939209,0.6490576267242432,0.6008477210998535,0.5676133632659912,0.8359697461128235,0.6042296886444092,0.4983789622783661,0.8850807547569275,0.5359273552894592,0.5076497793197632,0.434927225112915,0.5897145867347717,-0.1354863196611404,0.133168563246727,0.0505354069173336,0.0751692652702331,-0.0136151565238833,0.0886240825057029,-0.0550800822675228,-0.0549260452389717,0.1180665865540504,0.0757136866450309,-0.043642658740282,0.0318120010197162,2.176322221755981,0.6993792057037354,0.6296279430389404,0.5111848711967468,0.4665461480617523,0.4766289591789245,0.5073536038398743,0.4803339838981628,0.43108931183815,0.5475632548332214,0.4923053979873657,0.3910190761089325,0.3291804194450378,0.0018409309335555,0.001011130767945,0.0152383336517375,0.0081397522659659,29.496978584750867,1,Hyperfunktionelle Dysphonie,2363,a_n
-314.07733154296875,202.85272216796875,13.61288070678711,12.317831993103027,-17.59210968017578,-14.254183769226074,-2.183637857437134,10.551871299743652,1.6131033897399902,-1.2602460384368896,-8.631827354431152,-2.3289783000946045,14.30260181427002,19.33111953735352,8.94575309753418,8.615944862365723,5.657667636871338,4.36923885345459,5.31705379486084,5.726998805999756,5.0603461265563965,4.046705722808838,4.071123600006104,4.233062744140625,4.686388969421387,4.016785621643066,0.3532823324203491,-0.2485642880201339,0.0731297582387924,0.1039887964725494,0.0042821778915822,-0.0028566501569002,-0.0733598545193672,0.0207247212529182,0.0687140673398971,0.0764545351266861,0.004975099582225,-0.1030903086066246,-0.039763506501913,2.285886526107788,1.1168752908706665,1.7029060125350952,0.7947778105735779,0.7176814079284668,0.7484323978424072,0.9167278409004213,0.6912135481834412,0.5263891816139221,0.481168270111084,0.5702751278877258,0.4867227673530578,0.8106959462165833,0.1802667081356048,0.1406690776348114,0.1776431947946548,0.0289535243064165,0.0619696602225303,0.0387139022350311,0.0437594540417194,-0.0289867017418146,0.0289181359112262,0.050382561981678,0.0076120090670883,-0.0072398227639496,-0.0267373714596033,1.359957575798035,0.6545193195343018,0.8786657452583313,0.5322751998901367,0.5086191892623901,0.4750277101993561,0.4973683059215545,0.4337079524993896,0.3504503667354584,0.3536968827247619,0.3784509599208832,0.3633134961128235,0.47699835896492,0.0040529889328958,0.0021214033491281,0.0294248081558115,0.0152338118409088,23.554606063737165,1,Hyperfunktionelle Dysphonie,2370,a_n
-284.15631103515625,166.208984375,-7.993201732635498,22.97092056274414,-40.59106063842773,-27.01507568359375,-17.684465408325195,17.03241539001465,3.192707061767578,-8.826801300048828,1.6744540929794312,-23.51035118103028,0.4681546986103058,25.978872299194336,8.37447452545166,12.27220630645752,4.811104774475098,5.558282375335693,4.729825496673584,4.676656246185303,4.882373809814453,4.215094089508057,4.033274173736572,3.754714965820313,3.920297384262085,4.038864135742188,-0.1706351935863495,-0.0860958769917488,0.1406339704990387,0.0847415775060653,0.0318457745015621,0.0109616219997406,0.0037062771152704,0.0351448468863964,0.0897928699851036,0.0598062314093112,-0.0147434612736105,0.0727568417787551,0.0039122216403484,1.5298449993133545,0.9939430356025696,0.991342544555664,0.5914509296417236,0.7013022303581238,0.8150993585586548,0.8236902356147766,0.5005038976669312,0.5694957971572876,0.8035068511962891,0.5765597224235535,0.7676674127578735,0.5320367813110352,0.1831962317228317,0.1495451927185058,0.1306759715080261,-0.0206836257129907,0.1116441562771797,0.1443092674016952,0.0922060310840606,-0.0384687110781669,-0.0125730466097593,0.0244684256613254,0.0211520884186029,0.0962389409542083,-0.0179381351917982,0.9086001515388488,0.6376163363456726,0.6304352283477783,0.4817475378513336,0.6181401014328003,0.725755512714386,0.4849437475204468,0.4518920183181762,0.4415701925754547,0.4983058571815491,0.4581714868545532,0.557304859161377,0.3937991857528686,0.0029090282904452,0.0017066157038676,0.0199478669824241,0.0107296788473297,24.45979246529708,1,Hyperfunktionelle Dysphonie,2374,a_n
-260.1015930175781,213.00587463378903,20.19596672058105,-4.899572849273682,-23.082246780395508,-7.558054447174072,-13.100794792175291,22.03819274902344,20.17009353637696,-8.456365585327148,-8.419137001037598,-8.448341369628906,-1.3190298080444336,19.311798095703125,11.703415870666504,5.916466236114502,4.88895845413208,6.1281819343566895,5.462482452392578,6.101205348968506,3.776699304580689,3.636006593704224,3.069544792175293,4.432905197143555,3.274718761444092,3.1420974731445312,-0.5305548310279846,0.323575347661972,0.1149891018867492,-0.1189448833465576,-0.2665119767189026,-0.171963021159172,-0.3064478039741516,-0.0775355845689773,0.057074636220932,-0.056543692946434,-0.1547478437423706,-0.0292643383145332,-0.0424688011407852,3.153975009918213,2.2995615005493164,0.9099547266960144,0.979982852935791,1.342931866645813,0.8990365266799927,0.9739434123039246,0.5659407377243042,0.5099063515663147,0.5358783006668091,0.562244176864624,0.5053194165229797,0.4453495144844055,0.2930613756179809,-0.1479827016592025,0.0924832597374916,0.0398859493434429,0.0194677393883466,-0.1177459210157394,0.0271641463041305,-0.0555072948336601,-0.0661679804325103,0.0571547411382198,-0.0520118810236454,-0.0037026957143098,0.0023193832021206,1.9818155765533447,1.276086926460266,0.5557252168655396,0.7133404016494751,0.813572347164154,0.6366593837738037,0.5220158696174622,0.471502274274826,0.4823113679885864,0.4821153581142425,0.471967875957489,0.3660037815570831,0.3284367024898529,0.0309049525706735,0.0156638163951852,0.2222657393541953,0.0972452723958449,6.847885117183978,1,Hyperfunktionelle Dysphonie,2378,a_n
-282.5171203613281,183.16978454589844,18.942211151123047,4.086643695831299,-24.05421257019043,-12.08811378479004,-21.95435905456543,12.72044849395752,12.113824844360352,-25.021053314208984,-1.6402746438980105,-8.889793395996094,-4.334878921508789,31.733976364135746,6.9617109298706055,13.838313102722168,3.9494645595550537,7.085977554321289,3.11142635345459,4.29613208770752,3.0156004428863525,5.5858683586120605,7.348263740539551,3.963026285171509,3.966975688934326,4.430375099182129,-0.2801832556724548,-0.1484345495700836,0.064901053905487,0.0562312863767147,0.092007890343666,-0.0229978244751691,0.0296889208257198,-0.0288624223321676,-0.0737427324056625,0.049797236919403,0.0157245900481939,-0.0588061921298503,-0.0158299319446086,1.7871124744415283,0.7546422481536865,0.8932909369468689,0.5794315934181213,0.6543521881103516,0.5305964350700378,0.5189388990402222,0.559198796749115,0.5975016951560974,0.5492143034934998,0.5349422097206116,0.5082234740257263,0.5937924981117249,0.2792736887931824,0.0080488175153732,0.0425564423203468,0.0220586918294429,0.0450734198093414,-0.0033919110428541,0.0344652943313121,-0.0212265085428953,-0.0516446605324745,0.064448058605194,0.0169729683548212,0.0252856370061635,0.0217907633632421,1.3798927068710327,0.5851463675498962,0.5044214129447937,0.3944407105445862,0.4680189788341522,0.4109447300434112,0.380883127450943,0.367507666349411,0.423026829957962,0.4554363191127777,0.3662976026535034,0.3024101555347442,0.3792680501937866,0.0027029796718366,0.0016180263503649,0.0161746308917583,0.0081678991267903,29.20555907961743,1,Hyperfunktionelle Dysphonie,2398,a_n
-219.76280212402344,173.6738739013672,-21.09482765197754,-1.6966837644577026,-53.4869499206543,2.494382381439209,-15.024029731750488,2.922857522964477,7.580209255218506,-8.243107795715332,-24.84080696105957,0.975842833518982,-3.2025046348571777,19.79768180847168,7.644939422607422,7.006856441497803,4.4271979331970215,4.512759685516357,3.799053192138672,3.701759099960327,3.953439712524414,3.316410779953003,3.1760194301605225,3.718702554702759,2.9025559425354004,3.0921452045440674,-0.3387047350406647,-0.0505899265408515,-0.0210287012159824,0.0099240262061357,-0.0136337215080857,-0.0564076267182827,0.0339205339550972,0.0656597837805748,-0.0391960069537162,-0.0513102412223815,-0.0407902263104915,-0.0099775083363056,-0.061412937939167,1.3955156803131104,0.8661468625068665,1.1654692888259888,0.7663277387619019,0.6246415376663208,0.6797487139701843,0.6890808343887329,0.5048843622207642,0.534299373626709,0.5163661241531372,0.5645439028739929,0.5940929651260376,0.5046915411949158,0.220593050122261,0.1392656117677688,0.1498451977968216,0.0011032614856958,0.0536059886217117,-0.0580908469855785,0.0504570752382278,0.0212409794330596,-0.0065652155317366,-0.0014213204849511,0.0389694087207317,-0.0059286057949066,0.02557491697371,1.159393548965454,0.7536447048187256,0.7596380114555359,0.4814496636390686,0.4888050258159637,0.4734935164451599,0.467692881822586,0.4192487001419067,0.4375248849391937,0.3811307549476623,0.3448580205440521,0.4141803383827209,0.2938381135463714,0.0053339988575058,0.0031320911258124,0.0369107992333306,0.0205827050991853,21.901335970761806,1,Hyperfunktionelle Dysphonie,2399,a_n
-214.6925048828125,246.72071838378903,3.449870586395264,-17.082805633544922,-4.219932556152344,-5.070680141448975,-8.672159194946289,-3.0436391830444336,-9.548873901367188,-3.1638853549957275,3.192617654800415,-21.720314025878903,-5.88121509552002,23.67633056640625,11.23776149749756,9.565411567687988,4.788242816925049,2.9994044303894043,2.925034284591675,3.554638147354126,2.008213758468628,3.900576114654541,2.5972161293029785,2.955875873565674,4.178375720977783,2.1853928565979004,-0.4512288570404053,-0.0870651602745056,0.0713681355118751,0.0151084261015057,0.0134750679135322,0.0446424223482608,0.0223568640649318,-0.0413808338344097,-0.041504543274641,-0.0441852360963821,-0.050614234060049,-0.0643484815955162,-0.0348268374800682,2.3520255088806152,1.8413029909133911,0.9051109552383424,0.6967925429344177,0.3746566474437713,0.2802314460277557,0.3979527056217193,0.256857693195343,0.357253223657608,0.4054409563541412,0.3727982342243194,0.5772638916969299,0.4295480251312256,0.3881144225597381,-0.3247490227222442,0.0690478533506393,0.0815582573413848,-0.0380510352551937,-0.0215395297855138,0.0116496086120605,-0.0010554625187069,0.0182046294212341,-0.0135330436751246,-0.0264192186295986,0.048205878585577,0.0172247886657714,1.573612093925476,1.2770464420318604,0.4607277512550354,0.4272700846195221,0.252384215593338,0.2200562357902526,0.2280781418085098,0.1664050072431564,0.2150274962186813,0.230273962020874,0.2089844048023224,0.2993727624416351,0.2144578844308853,0.0025462581589554,0.0011916171694176,0.0178957039055786,0.0078992269500142,29.48891019713595,1,Hyperfunktionelle Dysphonie,2420,a_n
-287.34503173828125,238.0205078125,18.056591033935547,2.028763055801392,-31.196075439453125,-18.350404739379883,-8.431507110595703,8.395544052124023,-1.0826538801193235,6.844525337219238,-4.494396209716797,-7.588934898376465,8.660178184509277,21.406679153442383,12.226622581481934,7.752077102661133,4.833990097045898,5.311679363250732,7.8490471839904785,4.9810967445373535,5.5946946144104,6.852100849151611,4.552424907684326,5.130154132843018,4.32868766784668,3.924114942550659,-0.1272896826267242,-0.3815835416316986,0.2313392460346222,-0.0700065270066261,0.120944894850254,0.1796859353780746,0.010677377693355,-0.0198527164757251,-0.0729495286941528,-0.0273288432508707,0.0707998797297477,0.0387135446071624,-0.0878615975379943,3.0107839107513428,1.6969313621520996,1.1283396482467651,0.9262828826904296,0.7727507948875427,1.2162750959396362,0.8673462867736816,0.928182065486908,0.7152764797210693,0.863014817237854,0.7234639525413513,0.8769559860229492,0.5940092206001282,0.2390783578157425,-0.2092494070529937,-0.0486165359616279,0.0423177443444728,0.0874356850981712,0.0327723063528537,0.0436698980629444,-0.0138684138655662,0.0285878386348485,-0.0238658674061298,0.0612285137176513,0.0540739521384239,-0.0720670595765113,1.530140399932861,1.2798746824264526,0.7362714409828186,0.7010590434074402,0.5643311738967896,0.7746332883834839,0.6080445051193237,0.5091780424118042,0.490316241979599,0.5090652704238892,0.5920486450195312,0.5694409608840942,0.4264817535877228,0.024513328729594,0.0136213624515013,0.1422604484551456,0.086938060971561,14.69062062442618,1,Hyperfunktionelle Dysphonie,2425,a_n
-244.6799774169922,233.07579040527344,5.327932834625244,6.35048246383667,-17.156766891479492,-23.41908073425293,-15.820676803588867,-5.365068435668945,3.5623316764831543,0.2779562175273895,-5.684442520141602,-12.762540817260742,-5.652139663696289,31.786312103271484,11.842680931091309,6.630504608154297,4.82721471786499,4.377699851989746,2.612044334411621,3.2208926677703857,4.05405330657959,1.7048016786575315,2.692902088165283,1.936352014541626,2.5235581398010254,2.152115821838379,-1.172734022140503,-0.4007355868816376,0.0528608113527298,0.2609847784042358,0.1453383117914199,0.0531000532209873,0.0449271835386753,0.0508896522223949,0.0344040468335151,-0.0014269498642534,-0.0052909762598574,0.0080717289820313,-0.033939566463232,3.7092604637146,1.5539194345474243,0.8494640588760376,0.6597005128860474,0.5791758894920349,0.4519741237163543,0.4130023419857025,0.5130377411842346,0.316832423210144,0.4593119025230407,0.3288262784481048,0.4165234565734863,0.3689532279968261,0.9908931851387024,-0.5996769070625305,0.2980376482009887,0.0490866750478744,-0.0330230258405208,0.0716665461659431,0.0530234947800636,-0.0189672876149415,-0.00818900950253,0.0566786713898181,-0.026345120742917,0.0799624472856521,-0.0177507437765598,2.1307199001312256,1.4551795721054075,0.8532699942588806,0.3432008922100067,0.3968202769756317,0.3411118984222412,0.2988577485084533,0.2775169014930725,0.2125458121299743,0.2731260955333709,0.2286671102046966,0.2778773903846741,0.2983645796775818,0.0038955732617854,0.0017353576318183,0.0175210540132438,0.0082683061315289,25.79462750499382,1,Hyperfunktionelle Dysphonie,2438,a_n
-230.561264038086,197.1753845214844,2.228273391723633,-4.563607692718506,-51.81378555297852,-3.8136744499206543,0.4606772661209106,-3.591341018676758,1.80054771900177,13.92999267578125,-15.292325019836426,-10.90408420562744,7.859988689422607,20.8113956451416,12.189444541931152,6.451586246490479,4.4821319580078125,12.513251304626465,5.1521172523498535,3.826446294784546,4.620639324188232,3.023894786834717,3.8879294395446777,4.248157978057861,2.9700045585632324,2.9180946350097656,-0.3218901455402374,-0.7141456007957458,0.1357636302709579,0.0589193180203437,0.2476322799921035,0.1852977871894836,0.0940544456243515,0.1570053249597549,0.044537641108036,-0.0226237028837203,0.0446373932063579,0.0356370881199836,-0.1332375407218933,3.0194616317749023,1.7779895067214966,1.302198052406311,0.8810604810714722,1.7265359163284302,0.9596432447433472,0.7886361479759216,0.8879591822624207,0.4423854947090149,0.9179755449295044,0.9573152661323548,0.5181207656860352,0.5794103741645813,1.016554594039917,-0.2340578883886337,0.1939962655305862,0.1118140965700149,0.2798931300640106,-0.2553677856922149,-0.0019678575918078,0.0779312551021575,0.1065659523010253,-0.1858850419521331,0.1323255598545074,0.1228725314140319,-0.0565257892012596,2.5228917598724365,1.0907115936279297,0.7352902293205261,0.5610992312431335,0.6504374742507935,0.738451361656189,0.5229055285453796,0.4484394490718841,0.4037882089614868,0.529039740562439,0.4601595401763916,0.411960244178772,0.3107885420322418,0.0072611948963496,0.0046527176642172,0.0433344446677924,0.0262925003729269,25.63052071495601,1,Hyperfunktionelle Dysphonie,2447,a_n
-238.7860107421875,237.6244659423828,-1.1101374626159668,-15.64218521118164,-25.63620948791504,16.678020477294922,-15.476807594299316,-15.380693435668944,21.857776641845703,7.188040733337402,-17.313695907592773,-7.762629508972168,20.6589584350586,20.269004821777344,4.7656660079956055,10.79925537109375,3.149374485015869,4.680842399597168,5.678418159484863,5.614892482757568,6.328569412231445,3.3690848350524902,2.965541362762451,3.166393518447876,2.5710015296936035,4.597257137298584,-0.8759578466415405,-0.0686006620526313,0.323519766330719,0.0573317408561706,-0.1262324154376983,0.1407094150781631,0.2320862412452697,-0.1855983138084411,0.0414629019796848,0.0471803471446037,-0.0539370514452457,0.0403177514672279,-0.1136362925171852,1.3346203565597534,0.6169426441192627,1.1388258934020996,0.5769453048706055,0.5776004791259766,0.6794642210006714,0.7157803773880005,0.5926897525787354,0.4715286493301391,0.6075354218482971,0.6379870772361755,0.4786986708641052,0.6162493228912354,0.2690985202789306,-0.1211270168423652,0.1588081270456314,0.0534508451819419,0.141787588596344,-0.1461413204669952,-0.0181171875447034,0.1176332831382751,-0.0593199431896209,-0.0670112073421478,0.0315014943480491,0.0291538573801517,-0.1219502091407775,1.0125935077667236,0.4889848530292511,0.6353868842124939,0.346339076757431,0.5641217827796936,0.5516442656517029,0.379762202501297,0.4696166515350342,0.3968198895454407,0.3911586701869964,0.3274483978748321,0.3866048753261566,0.4590453505516052,0.0031405857095037,0.0016382592110863,0.0183629578776308,0.0100250079478164,25.757312836997173,1,Hyperfunktionelle Dysphonie,2449,a_n
-324.3265075683594,216.8347625732422,29.54723358154297,10.884254455566406,-30.146547317504883,-17.208515167236328,-25.583803176879883,4.726243495941162,-5.962177276611328,11.247058868408203,21.87956047058105,-42.99727249145508,5.439801692962647,21.53495216369629,8.090372085571289,10.085763931274414,5.305170059204102,5.432720184326172,9.084847450256348,7.193767070770264,4.729233741760254,4.543666362762451,3.957135677337648,4.284412860870361,7.10295295715332,4.011756420135498,-0.5413085222244263,0.2021002769470214,0.1374555379152298,-0.0335479564964771,-0.053544033318758,-0.1118323355913162,-0.0052091344259679,0.0059891683049499,0.0449162535369396,0.0668345093727111,0.088604912161827,0.0005758208571933,-0.0117340171709656,2.349186420440674,1.471312403678894,0.632071316242218,0.6406298875808716,0.8347765207290649,0.5902910828590393,0.7039393186569214,0.5260441303253174,0.7243226766586304,0.6032229661941528,0.734711766242981,0.9971803426742554,0.4954212605953216,0.3978821933269501,-0.2158637344837188,-0.0027064201422035,0.0325174778699874,0.1156716793775558,0.0219164658337831,0.0832121819257736,0.0163511540740728,0.0544414669275283,-0.0679530650377273,-0.0559216104447841,0.1839982569217682,0.0144875990226864,1.6468524932861328,0.8670539855957031,0.5248736143112183,0.4300759136676788,0.5967944860458374,0.3779357969760895,0.5813456177711487,0.3528702855110168,0.5867521166801453,0.476749986410141,0.36967733502388,0.8339856266975403,0.3329270482063293,0.005195319531262,0.0029068153303241,0.0318746692376633,0.0176876849811753,21.791365224900726,1,Hyperfunktionelle Dysphonie,2454,a_n
-248.388916015625,240.4737701416016,-0.1931829452514648,-8.315155029296875,-11.075413703918455,-22.206005096435547,-24.419681549072266,9.162521362304688,-0.1978620737791061,-24.41607666015625,12.327906608581545,2.693828582763672,-30.592361450195312,13.696492195129396,6.796680927276611,5.84761381149292,4.828049182891846,3.997933864593506,5.796443462371826,4.059310436248779,2.9942777156829834,3.3367180824279785,5.7130303382873535,5.437629222869873,4.623147010803223,6.841376781463623,-0.6037044525146484,-0.5252958536148071,-0.2610115706920624,-0.0277464389801025,0.1165123358368873,0.0857496038079261,0.18467977643013,-0.0483102016150951,0.0452365614473819,0.0952250212430954,0.2110795676708221,0.1240351349115371,-0.1295357197523117,1.973889708518982,0.8198570609092712,1.2531640529632568,0.9185510277748108,0.7028288841247559,1.099982500076294,0.4563378095626831,0.547469437122345,0.6122263669967651,0.872922956943512,0.6610628962516785,0.609000563621521,0.8669325709342957,0.293148785829544,-0.1233110874891281,0.3149340450763702,0.2495662719011306,0.0447233244776725,0.0216301772743463,0.1801900714635849,-0.0290600787848234,-0.0602283366024494,0.2378092855215072,-0.1534778028726577,-0.0859689339995384,0.2676059305667877,0.923108696937561,0.3996724486351013,0.9892218708992004,0.6171292662620544,0.4542113244533539,0.5465124845504761,0.5051590800285339,0.3437243402004242,0.3711281716823578,0.7027934789657593,0.5256307125091553,0.4173758029937744,0.7104325294494629,0.0040611533260669,0.0018956678224061,0.0208298519302864,0.0096341175410612,25.52838119147956,1,Hyperfunktionelle Dysphonie,2463,a_n
-276.7989501953125,167.21046447753906,14.589336395263672,25.865535736083984,-41.478214263916016,-9.34340000152588,-17.305622100830078,5.2617268562316895,8.067282676696777,-19.35049057006836,-10.47706127166748,-4.196704864501953,-11.937912940979004,15.98109531402588,7.460131645202637,3.960785627365112,5.0321221351623535,5.211376190185547,3.813214540481568,4.312742710113525,2.931116819381714,3.832998275756836,4.951054573059082,2.9953558444976807,3.3857738971710205,2.7828898429870605,-0.5768710374832153,-0.3051010370254516,0.0316720865666866,0.0483769662678241,0.0925323367118835,0.0825049206614494,0.0598857849836349,0.0011322527425363,0.0892757549881935,-0.0877567380666732,-0.0410103350877761,-0.0417479574680328,0.0045526092872023,1.3096294403076172,0.8836575150489807,0.5643793940544128,0.6038305163383484,0.4882065951824188,0.5604110956192017,0.5324649810791016,0.5010688304901123,0.4803134202957153,0.492693543434143,0.4329427778720855,0.4881224632263183,0.3664434254169464,0.143396258354187,0.1975550353527069,0.1306594163179397,0.0522718653082847,0.0554257333278656,0.0192750617861747,0.1230064108967781,0.0286570936441421,0.044906873255968,0.0273284073919057,-0.0109869083389639,0.0165723301470279,0.0315826013684272,0.5584277510643005,0.799392580986023,0.5566637516021729,0.4633397459983825,0.4187475740909576,0.5090823173522949,0.545425534248352,0.3549692332744598,0.4001650810241699,0.3934162855148315,0.3229265809059143,0.3578101694583893,0.3510462343692779,0.0028949083107276,0.0015786971802399,0.0199343556677077,0.0112167947443235,25.107569496610942,1,Hyperfunktionelle Dysphonie,2466,a_n
-305.4421691894531,204.1251678466797,29.89751243591309,18.643054962158203,-15.946381568908691,-28.65241432189941,-3.143107652664185,17.378280639648438,4.44118595123291,-13.651265144348145,-11.720768928527832,-3.95595383644104,4.079543590545654,11.83628749847412,9.491890907287598,8.403528213500977,7.538290977478027,6.784987926483154,4.75637149810791,5.553252696990967,3.056583881378174,2.7477962970733643,3.1088707447052,3.007052421569824,4.298452854156494,3.528716325759888,-0.1401742994785308,0.0757451876997947,0.0967566445469856,0.0268278252333402,-0.0723130255937576,-0.0817102640867233,-0.0055291573517024,-0.0261088162660598,-0.0150786191225051,-0.06663628667593,-0.0485183335840702,0.0055225202813744,0.0254360698163509,1.5097440481185913,1.2549957036972046,1.0747475624084473,0.9680737853050232,0.7088055610656738,0.9199146032333374,0.7461118698120117,0.5039278268814087,0.4991291165351867,0.4012514352798462,0.4881581366062164,0.4818831980228424,0.4824441075325012,0.1518076509237289,-0.0318688489496707,0.0246236082166433,-0.0046291942708194,0.047052152454853,0.0754926800727844,0.0200947523117065,-0.020766669884324,0.006982821971178,0.0381109714508056,0.0190807878971099,0.022394586354494,-0.0105434786528348,0.958754062652588,0.6977195739746094,0.719818115234375,0.5092464089393616,0.5149543285369873,0.5374681353569031,0.4431244134902954,0.3654386103153229,0.3784089684486389,0.3300943672657013,0.3103102147579193,0.2951785922050476,0.3873265385627746,0.0090493044926418,0.0054480570644908,0.0348340872926718,0.0194487091345609,23.9574942769148,1,Hyperfunktionelle Dysphonie,2471,a_n
-283.0926818847656,191.96017456054688,5.075819492340088,-4.718242645263672,-32.21147155761719,-19.27030563354492,-13.309358596801758,21.397506713867188,16.603723526000977,-8.906416893005371,-22.278539657592773,-1.874922156333924,18.02440071105957,27.759855270385746,5.613522052764893,6.879167556762695,5.5117716789245605,5.206456661224365,5.175050258636475,5.611769199371338,4.760699272155762,3.6954071521759033,3.741090059280396,4.442470073699951,4.731226921081543,3.4489667415618896,-0.8867777585983276,-0.0319175794720649,0.0291120056062936,0.080407403409481,0.0811915770173072,-0.0848870053887367,-0.017227753996849,0.0007811408140696,-0.036023736000061,-0.0355516709387302,0.0191700644791126,-0.0053137759678065,-0.0053184190765023,2.835374593734741,0.6904929876327515,1.0341730117797852,0.6063133478164673,0.7304818630218506,0.755381166934967,0.8246065378189087,0.7346908450126648,0.5493136644363403,0.6258706450462341,0.7086999416351318,0.6876470446586609,0.5581814646720886,0.3416734635829925,-0.0276787839829921,0.0529818274080753,0.0213970951735973,0.0463138408958911,0.0098174214363098,0.1009338125586509,-0.026239214465022,-0.0307943765074014,0.0664890930056572,0.1091754212975502,0.006734118796885,-0.0694086328148841,1.3516006469726562,0.4900787472724914,0.5091936588287354,0.4389207065105438,0.4510618150234222,0.6601784825325012,0.5636938214302063,0.4961569905281067,0.3671999871730804,0.4078925848007202,0.5487059950828552,0.4390369653701782,0.4566944539546966,0.0037306197901385,0.0020830862937671,0.0276071801212059,0.0147115064622637,21.26151950652952,1,Hyperfunktionelle Dysphonie,2479,a_n
-305.6368713378906,211.6942749023437,27.93202209472656,-2.0122504234313965,-22.52615737915039,-1.953395962715149,-9.545326232910156,4.306036949157715,12.97783660888672,2.144980192184448,-15.277320861816406,-2.938931941986084,15.993536949157717,15.534189224243164,4.960786819458008,8.991999626159668,4.54036283493042,2.9287590980529785,4.081363201141357,3.158721923828125,4.568566799163818,2.801970958709717,2.3061115741729736,2.776926040649414,2.8836045265197754,3.843370199203491,-0.0499927178025245,-0.1507483571767807,0.1047738194465637,0.0392755344510078,0.0248146820813417,-0.0867476910352706,0.0118820732459425,-0.0293370671570301,-0.04170648381114,-0.0117963794618844,0.0350104458630085,-0.0093802399933338,-0.0003799559490289,1.608691930770874,0.6398526430130005,0.6039783954620361,0.5558754801750183,0.4721599519252777,0.4487164616584778,0.4424082040786743,0.3354024589061737,0.3600966930389404,0.3660044074058532,0.4203916788101196,0.4412707984447479,0.4463110566139221,0.1500177681446075,0.0353788807988166,0.0216782409697771,0.0195672623813152,0.029326083138585,0.0018700663931667,0.0252396222203969,0.0018909577047452,0.0033525133039802,-0.0049210307188332,0.0238491296768188,0.0323677584528923,-0.0192499328404665,0.9908289909362792,0.5202018618583679,0.3276329636573791,0.3469047248363495,0.3524580895900726,0.3063758611679077,0.3124107718467712,0.2909620106220245,0.3093027472496032,0.2600332796573639,0.2794893980026245,0.3266830444335937,0.283486545085907,0.0025680977514396,0.0014936795040524,0.0159745303125424,0.0078766923412669,27.585837658356752,1,Hyperfunktionelle Dysphonie,2480,a_n
-205.38851928710932,192.83221435546875,-19.143335342407227,12.819684982299805,-53.39840316772461,2.150373935699463,-23.003597259521484,9.576169967651367,28.065406799316406,-9.312297821044922,-9.817914962768556,-3.0771636962890625,3.0231404304504395,31.02913856506348,7.708878517150879,18.69034004211425,6.663442611694336,8.323585510253906,5.414030075073242,5.491595268249512,4.432432174682617,4.939651966094971,2.8361635208129883,2.546802043914795,2.143144130706787,3.026777982711792,-2.4812302589416504,-0.2374893128871917,1.153843641281128,0.5273807644844055,0.0594563335180282,0.0656021386384964,0.0950194299221038,0.0386554114520549,0.0824616402387619,0.072435937821865,0.0751473009586334,0.0227533746510744,-0.0112622622400522,3.390096664428711,1.4662742614746094,3.3871266841888428,1.6113803386688232,1.053255915641785,0.8161585330963135,1.0343328714370728,0.6515519022941589,0.8945412039756775,0.522566556930542,0.4145447313785553,0.4189917743206024,0.4368421733379364,0.269883781671524,-0.0342399403452873,0.5125240087509155,-0.1355122476816177,0.3349820971488952,-0.1213460639119148,0.1876803338527679,-0.0130725800991058,-0.1561045199632644,0.1246945783495903,0.0412948466837406,-0.0260649546980857,-0.043344747275114,1.476625680923462,0.6902385950088501,1.519658088684082,0.8679111003875732,1.0278360843658447,0.7789756059646606,0.5693078637123108,0.4009948968887329,0.6720877289772034,0.4097605943679809,0.4005555510520935,0.3624738156795501,0.3442380130290985,0.0052706285125206,0.0025833617708063,0.0416347490831947,0.0208559244318194,21.7756526682044,1,Hyperfunktionelle Dysphonie,2482,a_n
-229.4406280517578,229.9639129638672,12.339168548583984,18.84054183959961,-29.161376953125,-3.781064987182617,-15.115755081176758,-2.0873382091522217,14.26081371307373,-9.029829978942873,-2.7804760932922363,-1.1370742321014404,-12.173724174499512,48.8260383605957,7.886283874511719,21.423070907592773,5.589288234710693,7.54869794845581,7.294661045074463,3.4492902755737305,4.068909168243408,7.066523551940918,5.664981842041016,5.407093048095703,4.2674880027771,4.669142723083496,-1.3993817567825315,-0.4211641550064087,0.5315645337104797,0.2384203672409057,0.1510505825281143,-0.1499935835599899,-0.0092086195945739,-0.0621291026473045,0.0688477009534835,0.1358454525470733,-0.0237548965960741,-0.0829843655228614,0.0078566959127783,1.856167554855347,0.8766723871231079,1.201837182044983,0.7046305537223816,0.9650561213493348,0.8059476017951965,0.5353162288665771,0.6787305474281311,0.5603523850440979,1.044800043106079,0.7193836569786072,0.5824459195137024,0.6898220777511597,0.1877016127109527,-0.0640115141868591,0.0165023151785135,0.0147597091272473,0.020416771993041,0.0188067127019166,0.0204141940921545,0.0031767601612955,-0.0177832189947366,0.0497220456600189,0.0208207573741674,0.0104141850024461,0.0305353812873363,1.2824989557266235,0.5017319321632385,0.7338830232620239,0.3834235966205597,0.542609691619873,0.5013194680213928,0.3928322494029999,0.4554687142372131,0.4410785138607025,0.5281838774681091,0.4083544313907623,0.3541299700736999,0.3688423037528991,0.0045749039354384,0.0019999483371005,0.0227322599683404,0.0101879519746903,22.48027079386462,1,Hyperfunktionelle Dysphonie,2487,a_n
-310.15142822265625,232.83258056640625,45.52661895751953,18.654130935668945,-9.179278373718262,-33.01322555541992,-7.120085716247559,18.97031211853028,18.690385818481445,-1.9240608215332031,-4.369384765625,0.8694740533828735,9.13008975982666,21.35637855529785,10.241498947143556,8.769800186157227,5.815614700317383,5.95115852355957,5.123226642608643,5.51865816116333,7.344396591186523,5.437308311462402,8.116978645324707,5.566126823425293,6.044105052947998,3.776341199874878,-0.3014843463897705,-0.0328919664025306,0.0926604643464088,0.0070466590113937,-0.0028303707949817,-0.0460740365087986,-0.012510584667325,0.0619361773133277,-0.0051573333330452,-0.1339695155620575,-0.0412041395902633,0.075697436928749,0.0357493869960308,1.892349123954773,1.0077846050262451,0.9306304454803468,0.5396009087562561,0.4953892827033996,0.9571845531463624,0.5635335445404053,1.1594637632369995,0.7777993679046631,1.3697861433029177,0.7485159039497375,0.9426318407058716,0.6939715147018433,0.0478199273347854,-0.0165407322347164,0.0292834918946027,0.0142254661768674,-0.0147899920120835,-0.0128908716142177,0.010066520422697,0.0349577367305755,-0.0203668419271707,-0.0257590636610984,-0.0049314508214592,0.0179190505295991,0.0122399358078837,0.8345274925231934,0.4412033259868622,0.4984556436538696,0.2715672552585602,0.3242244720458984,0.4593544006347656,0.3139796257019043,0.5892475843429565,0.4015727341175079,0.6536684632301331,0.4042046666145324,0.5010105967521667,0.3673155605792999,0.004057818596386,0.0022112125308668,0.0235846792426748,0.009629548573475,26.303961177520936,1,Hyperfunktionelle Dysphonie,2492,a_n
-244.49899291992188,202.061767578125,13.697771072387695,11.337834358215332,-39.35032272338867,2.376447916030884,-5.532458305358887,13.505226135253906,-2.3183720111846924,11.821212768554688,-8.794967651367188,-3.2222611904144287,3.981893539428711,12.16917610168457,10.529226303100586,7.711408615112305,5.748114585876465,7.0977630615234375,5.7957282066345215,3.788506269454956,4.088074684143066,3.595289945602417,4.562334060668945,4.398764610290527,4.933078765869141,4.894158840179443,-0.2844187617301941,-0.285048246383667,0.0495565682649612,0.0708559975028038,0.1969672590494156,0.0844775959849357,-0.0652433782815933,-0.0067909378558397,0.0348946303129196,0.0160863324999809,-0.1141667962074279,0.078127846121788,-0.0122324945405125,1.0689126253128052,0.8399661779403687,0.7543249726295471,0.7658955454826355,0.8986971378326416,0.6205527186393738,0.6814212203025818,0.5554978251457214,0.6413529515266418,0.513698935508728,0.6098090410232544,0.6178654432296753,0.5311825275421143,0.0328190438449382,0.0369280539453029,0.0735416710376739,-0.0169315617531538,-0.004779911134392,-0.0341153107583522,0.0452407300472259,0.01102857850492,0.0139416446909308,-0.023926306515932,0.0446987897157669,0.0051097497344017,-0.0161669552326202,0.6948118805885315,0.5708246827125549,0.5229930877685547,0.4977599382400512,0.5358594655990601,0.3862911462783813,0.5285539031028748,0.424991637468338,0.4082953929901123,0.3738902509212494,0.4704543650150299,0.3942661881446838,0.3469777107238769,0.008616099898746,0.004707758209129,0.0442742717061742,0.0223117349987063,18.9142995136318,1,Hyperfunktionelle Dysphonie,2517,a_n
-214.5316772460937,171.5641632080078,47.484134674072266,26.76787757873535,-40.15092468261719,14.145297050476074,-30.87925720214844,12.344575881958008,-12.876896858215332,26.2355899810791,4.900534629821777,-32.5922737121582,8.509568214416504,22.030759811401367,9.907064437866213,8.300124168395996,4.985139846801758,6.526879787445068,5.931992530822754,6.199791431427002,7.429300308227539,6.153547763824463,5.191690444946289,3.708836078643799,5.1466217041015625,4.025439262390137,-0.7137109637260437,0.0337752737104892,0.0999714806675911,-0.0080484868958592,0.1243181973695755,0.1792351305484771,-0.027340680360794,0.1335988491773605,-0.0699596032500267,0.1109090447425842,0.049324844032526,-0.0972630232572555,-0.0362874902784824,2.0313429832458496,1.4886130094528198,0.9468451738357544,0.7491810321807861,0.9385993480682372,0.8331565856933594,1.0204488039016724,0.7768974304199219,0.7340280413627625,0.9283767938613892,0.5859024524688721,0.8080660104751587,0.625114381313324,0.2428323030471801,-0.0817145630717277,0.0029807691462337,-0.0781489610671997,0.1578453183174133,-0.0642846226692199,0.097828522324562,0.0050392304547131,0.016700018197298,-0.1050213798880577,0.0483794286847114,0.1497736871242523,-0.053052220493555,1.0541512966156006,0.6609731912612915,0.6853712201118469,0.801129162311554,0.7895181775093079,0.4408381283283233,0.5534701347351074,0.4639787971973419,0.5901684165000916,0.4658775329589844,0.4743067324161529,0.643625020980835,0.4590217769145965,0.0107344925304617,0.0059458412050293,0.0773035569937439,0.0445913023669995,12.650632481989836,1,Hyperfunktionelle Dysphonie,2521,a_n
-279.9634094238281,182.73976135253903,46.50092315673828,29.667953491210938,-35.170318603515625,-5.323645114898682,-10.220766067504885,-4.052889347076416,17.971250534057617,3.11468243598938,-18.60501289367676,-4.604221820831299,0.4604277908802032,29.55796241760254,7.19711446762085,8.716229438781738,6.559903621673584,10.080820083618164,5.622627258300781,7.481680870056152,5.874368667602539,7.137490749359131,4.260527610778809,5.846104145050049,4.085309505462647,5.411535263061523,-0.381004273891449,0.0394670851528644,0.1399851888418197,0.1749951690435409,0.1239248588681221,-0.0189442671835422,-0.0035141888074576,-0.0686144903302192,-0.1028659641742706,-0.0343462601304054,-0.0128423562273383,-0.0294237099587917,0.0307743269950151,3.039708137512207,1.3764894008636477,1.1212795972824097,1.0589617490768433,1.525356650352478,0.7447726130485535,1.1698973178863523,1.0217795372009275,1.1538617610931396,0.6783904433250427,1.079104781150818,0.6388047933578491,0.8543216586112976,0.5691629648208618,-0.2195750474929809,-0.1090563237667083,0.0432897694408893,0.2812172770500183,0.0728206038475036,0.1088454648852348,0.0403260998427867,-0.0336049199104309,0.0026186679024249,0.0753092244267463,0.0187478754669427,-0.0169938467442989,1.9870339632034304,0.9274917840957642,0.7569319605827332,0.6940435171127319,1.1050851345062256,0.5491340160369873,0.7099034786224365,0.5323120951652527,0.6147571802139282,0.4964172542095184,0.4360083341598511,0.4935699999332428,0.3832134306430816,0.0099916224287001,0.0056672408457685,0.0430164898769103,0.023986302760546,22.582306821417927,1,Hyperfunktionelle Dysphonie,2523,a_n
-270.0722351074219,207.4022521972656,5.197497844696045,20.26671600341797,-16.449922561645508,-20.63500595092773,-2.493114233016968,17.543447494506836,1.55739164352417,-17.47959327697754,-10.666394233703612,-1.5128252506256104,2.538144826889038,16.101459503173828,13.271136283874512,8.235986709594727,4.225821495056152,5.932638168334961,4.236804485321045,3.609318256378174,4.496794700622559,5.683451652526856,3.694622039794922,3.38460373878479,3.3394997119903564,3.6831562519073486,-0.411964863538742,-0.1460014879703521,-0.0608828403055667,0.1414230614900589,0.2023281157016754,0.0227299984544515,-0.0356545001268386,0.0825634971261024,0.0333707779645919,-0.0314876101911067,-0.002231431659311,-0.0656672567129135,-0.0623033381998539,3.425823926925659,2.3230717182159424,1.7546645402908323,0.6248520016670227,0.9061858654022216,0.7291390895843506,0.7829861044883728,0.959358811378479,0.9242788553237916,0.6701154112815857,0.7270012497901917,0.6534252166748047,0.6885583996772766,0.0812972635030746,0.0329505838453769,0.1410745531320572,0.020571019500494,0.0553847141563892,-0.0039751194417476,0.0475174337625503,0.0213463027030229,-0.0108717558905482,0.0327555499970912,0.0368830561637878,0.0443698316812515,-0.0087692057713866,1.531562089920044,1.355782151222229,1.0143816471099854,0.3976834714412689,0.6059480905532837,0.4352865815162658,0.4601084291934967,0.5401257276535034,0.5230952501296997,0.3761956989765167,0.4557822346687317,0.3975315988063812,0.4448709785938263,0.0145448605265058,0.0058547115975622,0.0744881423286399,0.0410779167327327,18.85396314891465,1,Hyperfunktionelle Dysphonie,2526,a_n
-263.0882263183594,203.1409912109375,-21.31016540527344,-8.110909461975098,-23.35247230529785,-18.843599319458008,-1.4835814237594604,11.689518928527832,13.955727577209473,-16.4686279296875,-17.23208999633789,-8.644316673278809,-8.478580474853516,12.171723365783691,4.55610466003418,7.161052703857422,4.303391933441162,3.94467043876648,3.3022162914276123,4.227914333343506,4.366544246673584,3.813143253326416,5.05208683013916,4.508855819702148,4.029582500457764,4.28196907043457,-0.1079521775245666,-0.0393424332141876,0.0696367770433425,-0.1408849209547042,-0.0172814261168241,-0.0225085709244012,-0.0029695925768464,0.0015484477626159,0.0819983780384063,0.0462853051722049,-0.1126085519790649,-0.028683902695775,0.1359017044305801,2.226508378982544,0.6922135949134827,1.06781268119812,0.5464159250259399,0.5601908564567566,0.5541711449623108,0.5841817259788513,0.7399912476539612,0.5632787346839905,0.5188164114952087,0.5250633955001831,0.5470104813575745,0.643788754940033,0.3783087432384491,0.0813647657632827,0.1668482720851898,0.0805785879492759,0.0759204179048538,0.0233222767710685,0.0032195502426475,0.0170973986387252,-0.0146247474476695,0.0551714301109313,0.0417680963873863,0.0298967156559228,0.0573000386357307,1.3467986583709717,0.5214651823043823,0.7627361416816711,0.5140988826751709,0.5800508260726929,0.3929260671138763,0.3451206982135772,0.3699219822883606,0.4332545697689056,0.4645697474479675,0.4442354738712311,0.3713565468788147,0.401889830827713,0.005507983131103,0.0033068033867687,0.0362792679704411,0.0211831956909635,20.55838396846725,1,Hyperfunktionelle Dysphonie,2540,a_n
-282.78277587890625,189.05712890625,13.617448806762695,13.853641510009766,-12.220029830932615,14.292098999023438,-9.44896411895752,15.474059104919434,-4.451692581176758,-14.207119941711426,3.087652921676636,-11.34152603149414,14.57795524597168,34.4974479675293,7.499608039855957,10.097040176391602,5.068181037902832,9.056349754333496,9.0230073928833,5.457921028137207,5.597404479980469,6.379670143127441,5.238426208496094,4.326871395111084,5.729794502258301,5.343334197998047,-1.1262298822402954,-0.0359786972403526,0.2336986362934112,0.1681814938783645,0.0579740069806575,-0.1134954169392585,0.0294114183634519,0.1258673667907714,0.0669593811035156,0.0145364543423056,-0.0198674090206623,-0.0455186925828456,-0.0514004491269588,2.5175886154174805,1.0466346740722656,0.7733522057533264,0.7010249495506287,0.9560182094573976,0.9934819340705872,0.8044759035110474,0.6664521098136902,0.7663192749023438,0.8997691869735718,0.7104421257972717,1.1528761386871338,0.811602771282196,0.525959312915802,-0.1526492238044738,0.138149082660675,0.0752183571457862,0.1330020427703857,-0.0532681457698345,0.1155216693878173,0.0114403497427701,0.0587338507175445,0.1163773238658905,0.0489420965313911,0.1199671775102615,-0.0204425398260355,1.7828084230422974,0.6820254325866699,0.5585315227508545,0.4995294511318207,0.6228882670402527,0.5325536131858826,0.5016511678695679,0.4172491729259491,0.4740775525569916,0.6357994079589844,0.4713644981384277,0.5908402800559998,0.6553713083267212,0.0039200437980175,0.0021495612612239,0.0168482386633708,0.0094001371856689,26.12771894119032,1,Hyperfunktionelle Dysphonie,2545,a_n
-206.61338806152344,212.19911193847656,9.578700065612791,6.074930667877197,-44.78878784179688,17.982969284057617,-11.03061866760254,6.678036212921143,20.71361351013184,-19.57521247863769,-17.316375732421875,-8.325051307678223,3.437764883041382,24.52841186523437,8.486749649047852,11.345276832580566,6.911271095275879,7.341416835784912,5.234263896942139,6.953401565551758,7.216052532196045,4.083914756774902,3.616157054901123,4.012829780578613,3.866534471511841,3.014031887054444,-0.6755585670471191,0.1693682670593261,0.1339521259069442,0.0969169288873672,-0.1766791045665741,0.043035089969635,0.1280092895030975,-0.0173828955739736,0.054632544517517,-0.0850996300578117,-0.0655198171734809,0.0186084937304258,-0.0224349591881036,2.5831308364868164,1.3185064792633057,0.8581865429878235,0.7126665711402893,0.656204879283905,0.6712087392807007,0.884332001209259,0.69310063123703,0.488701581954956,0.4878624081611633,0.4783481657505035,0.503095805644989,0.5735810995101929,0.36192587018013,-0.2490838468074798,0.1766825169324875,0.0059409257955849,0.1419138014316558,-0.1154388636350631,0.1500458717346191,-0.0257981214672327,-0.047457717359066,0.1138556003570556,0.0491737946867942,-0.0075197177939116,-0.0376438573002815,1.001929521560669,1.097742199897766,0.7334775328636169,0.376228004693985,0.5246014595031738,0.538604736328125,0.6302825808525085,0.3810350298881531,0.3220739364624023,0.4654744863510132,0.3506489992141723,0.3117709755897522,0.3337640762329101,0.0046697007315743,0.0027847896102022,0.0266333562517232,0.0147513906881294,22.83436054220888,1,Hyperfunktionelle Dysphonie,2546,a_n
-256.650146484375,193.3114013671875,-20.801342010498047,13.104691505432127,-11.520550727844238,-30.63356590270996,0.7477452158927917,32.72890853881836,-3.766152620315552,0.3810596168041229,-0.4329818189144134,-9.157419204711914,13.45950698852539,39.43607711791992,12.217119216918944,16.061946868896484,4.9193949699401855,4.52730131149292,8.86352252960205,6.863406658172607,6.455406188964844,7.287210464477539,6.667913913726807,3.914406299591065,10.398003578186035,5.580107688903809,-2.627340793609619,-0.6893622279167175,1.032704472541809,0.1024061888456344,-0.0551980808377265,0.3726447522640228,0.1484545171260833,-0.2840020954608917,0.1453075855970382,-0.3065917491912842,0.082962542772293,0.3903765976428985,-0.2384221106767654,3.2906949520111084,0.92234867811203,1.4855914115905762,0.6056308150291443,0.6481029987335205,1.0631707906723022,0.6464651226997375,0.5370485186576843,0.7765616774559021,0.4226966500282287,0.5104482173919678,0.8394571542739868,0.5330455303192139,0.9271626472473145,-0.0445993393659591,0.2216375917196273,0.1052552089095115,0.1540361940860748,0.137295052409172,0.0053422944620251,-0.1567763537168502,0.2092952728271484,0.0903387665748596,-0.0693211778998375,0.0777444019913673,-0.0965863391757011,2.1946892738342285,0.4542326331138611,0.8132523894309998,0.4677630662918091,0.6793588995933533,0.5635524988174438,0.3800290822982788,0.5315390229225159,0.6862359642982483,0.4371332228183746,0.3426062762737274,0.5087773203849792,0.4383306503295898,0.0040123740579387,0.0021024273149846,0.0286111543801283,0.0153025156839119,24.713985002714605,1,Hyperfunktionelle Dysphonie,2553,a_n
-141.21737670898438,106.29602813720705,24.49539375305176,16.21773910522461,-54.8279914855957,-6.078239440917969,-14.093755722045898,16.199249267578125,-19.495885848999023,26.317113876342773,-8.510815620422363,-15.325366973876951,2.33121109008789,15.483283996582031,13.036535263061523,5.616455078125,6.612627983093262,7.852507591247559,6.954019546508789,5.866199493408203,6.391270160675049,4.638801097869873,4.920501708984375,3.1716973781585693,3.222219944000244,4.798588275909424,-0.6189889907836914,-0.3843760788440704,-0.0069581856951117,0.0336379706859588,0.0735951960086822,0.2243723720312118,0.0120356921106576,0.2900421023368835,0.0530422888696193,-0.1528957933187484,0.0982474237680435,-0.0688195303082466,0.0183881148695945,1.928789138793945,2.274852991104126,1.1474374532699585,0.9351146817207336,1.1700947284698486,0.9006694555282593,0.8073744773864746,0.7946286201477051,0.8082664012908936,0.9877281785011292,0.4452202320098877,0.5586387515068054,0.7556192278862,-0.050799585878849,0.1259557753801345,0.0171541385352611,0.0061972197145223,0.1515062302350998,0.0242145415395498,-0.0150062786415219,-0.0708898901939392,0.0547830797731876,-0.0702071264386177,0.0115329688414931,-0.0249029919505119,-0.0454332493245601,0.8465796709060669,0.6943093538284302,0.4447324872016907,0.4669146239757538,0.8121508955955505,0.5636521577835083,0.4989107251167297,0.6600711941719055,0.5984929800033569,0.4665893316268921,0.4634898900985718,0.5161075592041016,0.410305380821228,0.0195774692362255,0.0112698198280378,0.1359706452496643,0.0730933901645547,7.0778145616302,1,Hyperfunktionelle Dysphonie,2572,a_n
-239.7368621826172,189.26296997070312,-3.669514417648315,7.865583896636963,-45.8276252746582,-2.535501003265381,1.2680944204330444,1.3522661924362185,1.038265585899353,11.43226146697998,-15.149517059326172,-18.35062789916992,14.81417465209961,29.887523651123047,9.865795135498049,5.219815254211426,4.381234645843506,9.401463508605955,3.686185359954834,4.087332725524902,6.870254039764404,3.3137991428375244,4.5202412605285645,3.618605375289917,5.200644016265869,4.202979564666748,-1.2743871212005615,0.0940176099538803,-0.0392581894993782,0.0566407442092895,0.1039427816867828,0.0979733020067215,-0.1017740741372108,-0.1864639669656753,-0.1310850083827972,0.0637004375457763,0.0485695786774158,0.001116715138778,-0.0552788972854614,2.89693570137024,1.6776585578918457,0.8895440101623535,0.6389002203941345,1.315440654754639,0.5011447072029114,0.5297985076904297,0.7199410796165466,0.5140568017959595,0.6508777141571045,0.7816680669784546,0.7805917263031006,0.4619132280349731,0.4048418700695038,-0.2654942572116852,0.1632998436689376,-0.0567669607698917,0.2425789833068847,0.0559482611715793,0.0438192971050739,0.0210324842482805,0.0293099097907543,-0.0181050170212984,0.1199989020824432,0.0854463875293731,-0.0673319697380065,1.587306022644043,1.096501350402832,0.6562787890434265,0.4840076863765716,0.6384627819061279,0.32796111702919,0.3974890410900116,0.3627678453922272,0.3422157764434814,0.4543234407901764,0.5195733308792114,0.408725768327713,0.4169527292251587,0.0027411799069659,0.0012465234355554,0.0287965525625202,0.0143734290300494,20.75682992104428,1,Hyperfunktionelle Dysphonie,2577,a_n
-249.472900390625,167.9600067138672,7.197502136230469,13.088971138000488,-22.912094116210938,-5.972498893737793,-2.205035448074341,8.406595230102539,-2.2112722396850586,-13.853679656982422,-10.089035987854004,-3.83722186088562,4.047996520996094,17.0872859954834,6.998504638671875,4.461338520050049,3.9181435108184814,4.216066837310791,4.289255619049072,3.311980962753296,4.447981834411621,3.995347499847412,4.542082786560059,3.4710910320281982,3.299098014831543,3.1254239082336426,-0.5269707441329956,0.0903988778591156,0.0099308611825108,0.0605418160557746,0.0103007042780518,0.0397028252482414,0.0259887650609016,-0.033372588455677,-0.038343284279108,0.0027628384996205,-0.0536794178187847,-0.0540226474404335,-0.0041369339451193,2.074641704559326,0.9297639727592468,0.5993424654006958,0.5385425090789795,0.6561017632484436,0.7552787065505981,0.5410969257354736,0.6285936832427979,0.6499924659729004,0.5775628089904785,0.4078601598739624,0.5841565728187561,0.4305298030376434,0.2333020865917205,-0.0285619832575321,0.0884044617414474,0.0431492216885089,0.0515910349786281,0.01285011600703,0.0058487984351813,-0.0037813098169863,0.0194639340043067,0.046840701252222,0.0025473930872976,-0.0167179889976978,0.0043836184777319,1.2849305868148804,0.6511887907981873,0.5310556292533875,0.4480967819690704,0.5034418106079102,0.5212715864181519,0.363651305437088,0.4116564393043518,0.4397086799144745,0.4629335403442383,0.3829823136329651,0.4263379573822021,0.3639934360980987,0.0051963024601618,0.0030823347055849,0.0339725519549241,0.017686814572559,21.2367948564837,1,Hyperfunktionelle Dysphonie,2589,a_n
-320.1145935058594,204.5792236328125,16.915124893188477,-23.16715812683105,-48.004425048828125,25.459142684936523,5.639955043792725,-14.526372909545898,6.4394636154174805,0.7052496075630188,-3.093719005584717,-15.185786247253418,-0.9943358302116394,19.42329216003418,8.363824844360352,3.96724796295166,6.933590412139893,9.376701354980469,3.953351020812988,4.758266448974609,4.26961088180542,3.7273550033569336,4.306317329406738,2.673816204071045,3.642129898071289,3.5071592330932617,-0.2465824633836746,-0.352450281381607,-0.0509141199290752,0.019934132695198,0.0979777127504348,-0.0694997161626815,-0.0627404972910881,0.0237191878259181,0.0616405196487903,-0.055215023458004,0.0538758113980293,0.0359063409268856,-0.1431047171354293,3.0637786388397217,1.0814508199691772,0.5693490505218506,1.1722711324691772,1.2109432220458984,0.6787606477737427,0.6057167649269104,0.5609519481658936,0.3769132494926452,0.564150333404541,0.4535860419273376,0.659722626209259,0.6732069253921509,0.8528239727020264,-0.1106328889727592,0.1552798748016357,0.2585574090480804,0.3410972952842712,-0.1110511347651481,0.0867120549082756,0.203006774187088,-0.0097372699528932,-0.0359818153083324,0.0334709659218788,0.1600538492202758,0.0517240054905414,2.232872486114502,0.8382881879806519,0.6442471742630005,0.690140426158905,0.9021457433700562,0.4334293305873871,0.4988993108272552,0.6856179237365723,0.2292498797178268,0.355308473110199,0.3594012260437011,0.5729941129684448,0.3682027757167816,0.0031817655579484,0.0017535398052474,0.0257053501319694,0.0120424944690344,27.183937562980496,1,Hyperfunktionelle Dysphonie,2590,a_n
-301.1584167480469,198.29872131347656,-20.80718994140625,-20.977764129638672,-28.73753547668457,-12.377345085144045,-6.442862987518311,17.936098098754883,-4.07543420791626,-14.258455276489258,-2.5132832527160645,-19.148181915283203,4.009688377380371,19.40236473083496,5.390989303588867,8.813973426818848,3.8426589965820312,4.644495487213135,4.256588935852051,4.436916828155518,3.623608112335205,3.7498838901519775,3.7017784118652335,3.318718671798706,5.270920276641846,3.040882110595703,-0.1842562556266784,-0.0370500013232231,0.0314068421721458,0.0145357269793748,0.0693282261490821,-0.0843987464904785,-0.0877089947462081,0.0100288530811667,0.077458344399929,0.0064679752103984,-0.0540012456476688,0.0270674861967563,-0.0728425234556198,2.63429856300354,0.9928465485572816,1.4978197813034058,0.5890002250671387,0.7053404450416565,0.700122594833374,0.9063432812690736,0.4975704848766327,0.5527504682540894,0.7226392030715942,0.6056855916976929,0.7227926254272461,0.4652156233787536,0.6079233884811401,-0.1100380793213844,0.3249583840370178,0.0690938457846641,0.0789952799677848,0.0597104579210281,0.107848159968853,-0.0530641414225101,0.040528479963541,0.0778305679559707,-0.0223684906959533,0.0960348024964332,-0.0632722675800323,1.8527085781097408,0.7284396290779114,1.0261354446411133,0.3684786260128021,0.5540949702262878,0.5643717646598816,0.4926685690879822,0.3945417404174804,0.4108248949050903,0.3694111406803131,0.3714258074760437,0.435725063085556,0.3776757717132568,0.0040211723676456,0.0024005669067372,0.0190369072268738,0.0107033629508708,24.888138721906763,1,Hyperfunktionelle Dysphonie,2591,a_n
-253.6993103027344,203.40516662597656,-34.452491760253906,-9.560603141784668,-9.133453369140623,-13.54816722869873,-29.0891170501709,-1.152465581893921,5.339488983154297,-24.725948333740234,-3.275660991668701,-3.1098086833953857,-3.5315933227539062,27.99214744567871,9.637767791748049,10.795004844665527,4.908844470977783,4.881392478942871,4.657937526702881,6.403711795806885,2.284474849700928,4.80525541305542,6.145717620849609,4.525615215301514,3.41089940071106,3.501152753829956,-1.383632779121399,-0.3520943522453308,0.0679410621523857,0.2050825655460357,0.0740421935915947,-0.144835963845253,-0.0062661352567374,0.0774010941386222,-0.0653473660349845,-0.1474366188049316,-0.0584782697260379,-0.1186053603887558,0.0369814224541187,2.5085015296936035,1.6970083713531494,2.196092367172241,0.8270429968833923,0.4866667687892914,0.4620314538478851,1.0216480493545532,0.3830976486206054,0.723000168800354,0.9146095514297484,0.4900800883769989,0.4254825115203857,0.6019791960716248,0.8809094429016113,-0.5601626038551331,0.458380788564682,0.1182826682925224,-0.1159098446369171,0.0967767909169197,0.151336058974266,-0.0244028996676206,0.008527947589755,0.2133660167455673,0.0562818050384521,-0.0162547938525676,0.0342547185719013,2.5367271900177,1.490556240081787,0.9728822708129884,0.5481640100479126,0.4890254735946655,0.3912664949893951,0.4284178018569946,0.2839967608451843,0.4202719032764435,0.5828721523284912,0.3190778493881225,0.2210984081029892,0.2986848652362823,0.0027466820408059,0.0014266640690712,0.0161406109841249,0.0087425351738792,29.23339881235586,1,Hyperfunktionelle Dysphonie,2603,a_n
-288.3593139648437,188.46632385253903,31.98084259033203,-15.132208824157717,-35.30046463012695,-1.1828290224075315,-28.2633056640625,-0.6152867078781128,4.2089128494262695,-2.744837760925293,-14.232906341552734,-11.955041885375977,0.7326894402503967,18.77558708190918,3.459808349609375,4.26902437210083,6.252092361450195,4.86448335647583,4.875007152557373,5.530134201049805,3.920729398727417,4.977356910705566,5.13166618347168,4.548124313354492,4.126748085021973,3.716598272323608,-0.4679262936115265,-0.1117978766560554,-0.0968861952424049,0.0351368114352226,-0.0296801496297121,0.0630597919225692,0.0585812479257583,-0.0621703118085861,0.0453406050801277,-0.0254862047731876,-0.0585461556911468,-0.090701550245285,-0.0419119894504547,2.616448879241944,0.5423119068145752,0.685257077217102,0.9576861262321472,0.7991510629653931,0.7144567370414734,1.0908981561660769,0.7416533827781677,0.7786019444465637,0.7297207117080688,0.6841561794281006,0.5864282250404358,0.5922936201095581,0.4841333925724029,-0.0656869783997535,0.0221811663359403,0.1589292883872985,0.1446390002965927,-0.0892000645399093,0.0938300117850303,-0.0258896518498659,-0.0259442012757062,0.0323786027729511,0.0398899130523204,0.0255183205008506,-0.0867833644151687,1.4817466735839844,0.4481365978717804,0.5871418714523315,0.6849226951599121,0.6945129632949829,0.5289340019226074,0.6112590432167053,0.4928724467754364,0.4838542342185974,0.387835294008255,0.3812989592552185,0.3915271461009979,0.4979971647262573,0.0030778425767261,0.0017946861495862,0.0189471048219184,0.0101385012874743,26.23254409717165,1,Hyperfunktionelle Dysphonie,2604,a_n
-229.90122985839844,264.14825439453125,4.3570556640625,-4.385288715362549,-5.15034294128418,-11.115859031677246,-28.11217498779297,-12.024740219116213,12.852012634277344,8.841150283813477,0.7306554913520813,-9.859712600708008,-2.460987091064453,16.846406936645508,8.236581802368164,6.248785495758057,4.833364963531494,2.9697585105896,2.945272445678711,4.228017330169678,4.915634632110596,5.115226745605469,2.89231824874878,2.4505317211151123,3.1011993885040283,3.968530416488648,-0.7531970739364624,0.2069706916809082,0.2350315451622009,-0.0790449902415275,-0.0462851896882057,0.021631883457303,0.0429995879530906,-0.1310620456933975,-0.0289381090551614,0.0410225167870521,0.0310835614800453,0.0375220738351345,-0.0947496443986892,1.6409889459609983,1.3212215900421145,0.9650955200195312,0.5073948502540588,0.519250214099884,0.4888571500778198,0.6526912450790405,0.4512985944747925,0.4266052842140198,0.4159711301326751,0.3202899396419525,0.4580311477184295,0.4872434139251709,0.1468653827905655,-0.2549072802066803,0.1283408254384994,0.0240340456366539,0.0062071708962321,-0.0416378416121006,0.0639578104019165,0.0329359918832778,0.000895197095815,-0.0130155934020876,0.0141505841165781,0.0582602061331272,-0.0415658578276634,0.7221377491950989,0.9249888062477112,0.4858171343803406,0.3816831111907959,0.3046483397483825,0.3133497834205627,0.4180681109428406,0.289647102355957,0.2852507829666137,0.3046680390834808,0.2487932592630386,0.3436971306800842,0.3947180509567261,0.007364159136373,0.0040856539006943,0.0421038097435284,0.0224052259789535,19.46027797748475,1,Hyperfunktionelle Dysphonie,348,a_n
-245.803451538086,196.65106201171875,-16.823122024536133,7.476366996765137,-30.467348098754883,-16.17060661315918,1.1479778289794922,20.968381881713867,4.714484214782715,-8.564488410949707,-5.3867387771606445,-12.228595733642578,9.098318099975586,36.95549392700195,8.415852546691895,12.797052383422852,6.903430938720703,7.815502643585205,7.599639892578125,6.463108539581299,4.8608598709106445,3.5407257080078125,3.887734889984131,4.567944049835205,5.114031791687012,3.2866227626800537,-0.973471224308014,-0.1813804507255554,0.3095093071460724,0.1005788594484329,0.2090169191360473,0.0318785533308982,0.0491373278200626,-0.0212917812168598,-0.0200724378228187,0.0436785630881786,0.0492723323404789,-0.0012095816200599,-0.0266160424798727,2.3532474040985107,1.0292882919311523,1.191075086593628,0.7297602891921997,0.7589346766471863,0.7393662929534912,0.699959933757782,0.7226126194000244,0.6273263096809387,0.489139586687088,0.5421863794326782,0.5692881941795349,0.5362101197242737,0.2996816039085388,-0.1641421765089035,0.239988312125206,-0.0149218821898102,0.1082841008901596,-0.0214419644325971,0.0928248688578605,-0.0735113620758056,0.0122432000935077,0.0647218823432922,0.0344306603074073,0.0414591245353221,-0.0616788640618324,1.1320838928222656,0.8039743900299072,0.9899467825889589,0.4829719364643097,0.5595340728759766,0.5206639170646667,0.4920062124729156,0.507895827293396,0.4565191864967346,0.4980676174163818,0.4057318568229675,0.3362554013729095,0.4434300363063812,0.0036823141397378,0.0021236118710529,0.0465814933901836,0.0252134393161651,21.299108567835127,1,Hyperfunktionelle Dysphonie,355,a_n
-214.5640106201172,180.29530334472656,-19.50643920898437,9.372910499572754,-41.72134399414063,-12.295300483703612,-19.367839813232425,15.512033462524414,20.45339584350586,-21.93195915222168,-9.941202163696287,10.228931427001951,-8.78247356414795,40.65890502929688,5.644764423370361,8.104318618774414,3.2815959453582764,5.222231864929199,7.123789310455322,3.779417991638184,4.638530254364014,2.769650936126709,3.604770183563232,3.800382375717163,2.4875762462615967,2.7142903804779053,-0.5464141368865967,0.05630474537611,0.0480606295168399,0.0263897590339183,0.001665728050284,-0.0777152925729751,0.0391763523221015,-0.0540648140013217,-0.0423879958689212,0.0162241701036691,-0.0305454060435295,0.0151019841432571,-0.0164087638258934,1.946687936782837,0.784084141254425,0.9946349263191224,0.5088037252426147,0.6709678173065186,0.5998506546020508,0.6347635984420776,0.5080045461654663,0.419994592666626,0.5135107636451721,0.4977587461471557,0.3955371379852295,0.4309073984622955,0.2310579568147659,-0.0095438128337264,0.1268323957920074,-0.008712800219655,0.0685714185237884,-0.033517088741064,0.0564663484692573,-0.0530750900506973,-0.0282794926315546,0.0820553228259086,-0.0029654898680746,-0.0276997443288564,0.0244684517383575,1.1479088068008425,0.4899751842021942,0.6087705492973328,0.3250031173229217,0.4817511439323425,0.4426155984401703,0.4532553851604461,0.4251852631568908,0.320364385843277,0.4886048436164856,0.3689430952072143,0.3337776064872741,0.3181473910808563,0.00555562909329,0.0033604442132365,0.0273713541324362,0.0155151455855874,22.507714153282816,1,Hyperfunktionelle Dysphonie,363,a_n
-256.3090515136719,196.9152984619141,-29.92510986328125,28.581579208374023,-24.270055770874023,-27.79060935974121,-18.275365829467773,2.0979392528533936,36.27148818969727,-10.76597785949707,-30.335208892822266,16.431509017944336,-18.95222282409668,15.170827865600586,5.0242438316345215,10.103715896606444,5.443896293640137,4.050097465515137,5.646140098571777,3.029039144515991,3.711138486862183,3.804667234420776,3.8580241203308105,4.269067287445068,4.1193718910217285,3.4756197929382324,0.0797910243272781,0.0336929373443126,-0.1585348099470138,0.0597538538277149,0.0487108081579208,-0.0881011337041854,0.0094928350299596,0.082281045615673,-0.0189784187823534,-0.0763921737670898,-0.0355522148311138,0.0616163238883018,-0.0117751276120543,1.3719323873519895,0.571203887462616,1.3844385147094729,0.5817099809646606,0.6263279318809509,0.4690180718898773,0.4880182147026062,0.6506588459014893,0.6054948568344116,0.6475330591201782,0.6544710993766785,0.5391230583190918,0.4743920564651489,0.2785803377628326,-0.0116648115217685,0.2346594780683517,-0.033081516623497,0.0635682865977287,0.0023208449129015,-0.016505004838109,0.0410884879529476,-0.0744289010763168,0.0480720847845077,0.0728310197591781,-0.0257102437317371,0.0452451668679714,1.2355046272277832,0.3862918019294739,0.8689450621604919,0.4227666854858398,0.4481385350227356,0.3555307388305664,0.3318938910961151,0.4286647737026214,0.4074123203754425,0.3099997937679291,0.3820485174655914,0.376073956489563,0.3009605407714844,0.0022489147241381,0.0012619444154178,0.0219801664955407,0.0122956148026021,27.22172499134479,1,Hyperfunktionelle Dysphonie,499,a_n
-257.86260986328125,194.99986267089844,-25.20024299621582,-4.768796920776367,-11.342852592468262,-4.303350925445557,-5.446644306182861,12.565714836120604,-4.173053741455078,-3.78772234916687,-2.349183320999145,-11.420645713806152,8.782922744750977,16.20708465576172,6.997411251068115,7.001676559448242,4.905803680419922,3.642029047012329,4.011036396026611,5.147754669189453,3.2262508869171143,2.8468596935272217,3.474447250366211,3.367922306060791,3.6484549045562735,3.445150136947632,-0.260526567697525,-0.114111378788948,0.0827180668711662,0.0494050830602645,0.0139335813000798,0.0003888774954248,0.0179448258131742,0.052451267838478,0.0527063757181167,0.0217230170965194,0.0052777579985558,-0.036494605243206,-0.0130678201094269,2.392716646194458,0.8691245317459106,1.221095085144043,0.5650548338890076,0.56251060962677,0.6280166506767273,0.6464056372642517,0.6910985112190247,0.4833499193191528,0.5618226528167725,0.6559147834777832,0.6373870372772217,0.5305488109588623,0.4252315163612366,-0.1374202817678451,0.1968601495027542,0.0400254130363464,-0.0113747119903564,-0.0495572425425052,0.0102209877222776,-0.0261290054768323,0.0417702794075012,-0.032749343663454,-0.0466495715081691,0.0799052789807319,-0.0109423901885747,1.5205013751983645,0.6946001648902893,0.7956541180610657,0.4253014028072357,0.3815893828868866,0.4958187937736511,0.4293478429317474,0.413327157497406,0.3833008706569671,0.4098581373691559,0.4589315056800842,0.4353366196155548,0.3756235837936401,0.0031240100713305,0.001730299705773,0.0212365414855426,0.0106124910485185,24.831949300203423,1,Hyperfunktionelle Dysphonie,665,a_n
-297.1119079589844,191.1070098876953,-6.878955364227295,-2.770210266113281,-29.75787925720215,2.481964349746704,6.322473049163818,-6.095643997192383,1.586045265197754,-7.8012847900390625,-0.7243662476539612,-10.977726936340332,-6.22371244430542,14.77788257598877,7.244796752929687,5.789297580718994,3.956080436706543,3.805552959442138,3.619387626647949,3.3185911178588867,3.2828404903411865,2.995999574661255,2.5801024436950684,2.673369646072388,2.905388593673706,2.777560234069824,-0.3959719240665436,0.1138142272830009,0.0351272523403167,0.0403882600367069,-0.002333442447707,0.099388338625431,0.0719366669654846,-0.0369717590510845,-0.0003066162171307,-0.0098596438765525,0.0248221140354871,0.0053205750882625,0.0023801277857273,1.9858615398406985,1.2569762468338013,1.017028570175171,0.5236033797264099,0.6455792188644409,0.6301607489585876,0.4243848025798797,0.5166074633598328,0.5376110672950745,0.3595351874828338,0.4409026503562927,0.4488575458526611,0.4359411597251892,0.2946394979953766,-0.0818616077303886,0.1230875551700592,0.0315342582762241,0.0392192490398883,-0.0242741275578737,-0.0490155927836895,0.0024966348428279,0.0074369772337377,0.0230025704950094,-0.0286253243684768,0.0101519180461764,0.0089122680947184,1.716485857963562,0.9191977381706238,0.6202232241630554,0.2553915381431579,0.4187708497047424,0.4372612833976745,0.3768419623374939,0.3635454773902893,0.4150176644325256,0.2932115197181701,0.333753228187561,0.3201030492782593,0.3086968958377838,0.0048039036003313,0.0028962108252144,0.023566293998645,0.012768069866065,22.165890322526742,1,Hyperfunktionelle Dysphonie,669,a_n
-202.9240264892578,199.01954650878903,-14.471627235412598,51.72556686401367,-48.75983810424805,-8.14553165435791,-4.356540203094482,-2.409188747406006,6.917800426483154,-16.084835052490234,-14.288740158081056,-7.07048225402832,-2.241171836853028,7.137610912322998,4.636778354644775,5.748499870300293,4.409972190856934,4.522049427032471,4.453605175018311,2.164722919464112,2.6783571243286133,2.406645059585572,1.95690667629242,2.458099365234375,2.074017286300659,3.34602427482605,-0.2322052866220474,0.1826011389493942,-0.1564366370439529,0.0745021700859069,-0.0467721559107303,-0.1137944683432579,-0.0013336618430912,-0.0456928871572017,0.0429024659097194,0.0053154123015701,-0.0620748586952686,0.0245740842074155,-0.0903577134013176,1.447334051132202,0.5701903104782104,1.116474747657776,0.7757346034049988,0.6437776684761047,0.5139525532722473,0.3179164528846741,0.5386150479316711,0.296775072813034,0.3146066069602966,0.3552296757698059,0.3386669754981994,0.4484146237373352,0.2207396328449249,-0.0900908410549163,0.1879664659500122,-0.1344674229621887,0.1287831515073776,-0.0700977370142936,0.0285522416234016,-0.0251878350973129,-0.0270965714007616,0.0239570904523134,-0.0215472728013992,0.019478278234601,-0.0275316163897514,0.8504840135574341,0.4396186470985412,0.6355489492416382,0.593389093875885,0.6410390138626099,0.4105674624443054,0.2546064853668213,0.3156649470329284,0.278227150440216,0.2597610652446747,0.2462131828069687,0.2370711714029312,0.2981339991092682,0.0038933044525796,0.0024254453577392,0.0184758817131026,0.0110338654991669,24.17960633588471,1,Hyperfunktionelle Dysphonie,692,a_n
-196.6279296875,179.96347045898438,-53.688087463378906,7.373377323150635,-32.072898864746094,-35.87544631958008,-28.788475036621094,13.839423179626465,11.36213493347168,-3.40891432762146,-7.211541175842285,-16.78304672241211,0.1708860397338867,21.784055709838867,6.291193962097168,12.11618423461914,7.231081962585449,5.802463054656982,5.299440860748291,6.800422191619873,3.5757875442504883,3.8396518230438232,2.9705543518066406,3.588033437728882,4.408825874328613,3.137098789215088,-1.1558735370635986,-0.1691085547208786,-0.3910021185874939,0.3275278806686401,0.316474586725235,0.0744337067008018,-0.3429075181484222,-0.0840013474225997,-0.095136821269989,-0.1218857765197753,-0.0888569504022598,-0.1449854075908661,0.0865972489118576,2.012156248092652,0.7830840945243835,2.432804584503174,0.9299306273460388,0.3735465109348297,0.8934073448181152,1.030681014060974,0.5661562085151672,0.622525691986084,0.515049934387207,0.577997088432312,0.5074096322059631,0.4731840193271637,0.4365885555744171,0.0724861100316047,0.5379744172096252,-0.130343347787857,0.1164152547717094,0.0441213995218277,0.0588166862726211,0.0013672349741682,-0.0103903701528906,-0.0061266729608178,0.0178459547460079,0.024477232247591,0.0627921372652053,1.2039031982421875,0.3689002990722656,1.2526562213897705,0.6651513576507568,0.3984515964984894,0.4236032962799072,0.3852764368057251,0.3112483918666839,0.37127286195755,0.3516561090946197,0.2894686460494995,0.3258171677589416,0.3844173848628998,0.0026948055195046,0.0015042028767394,0.0381637079393453,0.0207046629430546,21.3926465391402,1,Hyperfunktionelle Dysphonie,724,a_n
-291.2697448730469,165.8638458251953,36.485260009765625,41.74837493896485,-39.44549560546875,19.470190048217773,2.5805230140686035,20.801647186279297,14.505706787109377,12.583086013793944,-17.76926040649414,3.0540366172790527,8.192703247070312,14.321206092834473,16.047754287719727,4.664827346801758,5.639466762542725,5.408668041229248,7.987212181091309,4.834822177886963,6.793834686279297,4.0494818687438965,3.4700422286987305,4.276533126831055,4.978527545928955,3.4275832176208496,-0.3442504405975342,-0.2454695254564285,-0.018927251920104,0.1079618334770202,-0.005075947381556,0.1582037210464477,0.0247546285390853,0.0781576409935951,0.0499980635941028,-0.0259495470672845,-0.0382035821676254,-0.0095563568174839,-0.0087752398103475,1.2312135696411133,0.8435713052749634,0.7897626757621765,0.50203537940979,0.8407721519470215,0.5792353749275208,0.5399346947669983,0.6065471768379211,0.560219407081604,0.5229640007019043,0.6842842102050781,0.5804557204246521,0.5242916941642761,0.0437431894242763,-0.0326090231537818,0.0338306836783885,-0.0005142138688825,0.0701553151011467,-0.0325568094849586,0.0227495897561311,0.0136256888508796,0.0303945988416671,-0.0260369889438152,0.0435547716915607,0.0010722489096224,-0.0103609003126621,0.8486568927764893,0.4843764305114746,0.5523456335067749,0.3292837142944336,0.5806513428688049,0.4296635389328003,0.4573011100292206,0.4966516494750976,0.4289042055606842,0.4223404228687286,0.4837563633918762,0.4254584014415741,0.4072818160057068,0.0075701721402859,0.0045238899228536,0.0529332229767296,0.0256715757929968,19.04407471603738,1,Hyperfunktionelle Dysphonie,819,a_n
-249.62196350097656,209.66123962402344,-11.123613357543944,-3.423691272735596,-15.745647430419922,4.18363618850708,-16.219791412353516,18.132946014404297,18.27148056030273,-25.66874313354492,-3.3502511978149414,11.208410263061523,-5.051083087921143,19.647123336791992,8.180649757385254,5.98416805267334,5.196463108062744,7.433196067810059,5.796388149261475,6.449954032897949,5.647839069366455,4.38533878326416,4.842211723327637,4.106770038604736,6.018951892852783,3.949336528778076,-0.6710056662559509,0.2177160680294037,-0.0757008641958236,0.0283332355320453,0.0844176039099693,0.0577609091997146,-0.1691357940435409,-0.0962337926030159,0.0564974062144756,-0.1586381644010543,-0.0714960992336273,0.1700373291969299,0.0295675322413444,3.139888286590576,1.4451677799224854,0.9973410367965698,0.7435185313224792,1.0461146831512451,0.96042799949646,1.116044998168945,0.7183473706245422,0.6815442442893982,0.8894596099853516,0.7034587860107422,0.6029940843582153,0.6852580904960632,0.5575353503227234,-0.2390533089637756,0.1259406208992004,0.0095363305881619,0.0746218785643577,-0.0536965653300285,0.129412904381752,0.0257811583578586,-0.0397638902068138,0.1213323250412941,0.0107980193570256,-0.0630600228905677,0.0245521571487188,2.020265579223633,0.9019333124160768,0.7767370939254761,0.4851620495319366,0.6451391577720642,0.4842030107975006,0.6663878560066223,0.5437108874320984,0.4350281953811645,0.5872102975845337,0.4489830732345581,0.4844900667667389,0.4681859016418457,0.0037566322311159,0.0020595508419739,0.0185240874298391,0.0082429821519205,21.8025135295224,1,Hyperfunktionelle Dysphonie,827,a_n
-265.8859558105469,226.840072631836,30.278240203857425,6.11222505569458,-23.84088897705078,-22.57496833801269,3.102536916732788,15.951101303100586,7.85011625289917,0.74043208360672,-5.282417297363281,-0.6638476848602295,2.4490554332733154,20.01217269897461,16.292728424072266,4.997487545013428,5.137315273284912,5.139612197875977,6.047011375427246,3.2563345432281494,4.524890899658203,3.63834810256958,4.092024803161621,3.498800277709961,2.7529571056365967,3.214345216751098,0.4387862980365753,-0.0008425804553553,-0.0259073972702026,-0.0427727326750755,0.0028223716653883,-0.0352682098746299,-0.055652480572462,-0.039237555116415,0.0810075178742408,0.0362438187003135,-0.0368362627923488,-0.0048759100027382,-0.0155680729076266,4.144418239593506,3.25501036643982,0.8618447780609131,0.7854245901107788,0.9246813058853148,1.1459767818450928,0.5387997031211853,0.7912650108337402,0.5790589451789856,0.7107803821563721,0.6761272549629211,0.3684743642807007,0.4821957945823669,0.6643717885017395,-0.4122159779071808,-0.0431122221052646,0.0221141781657934,0.0880413949489593,0.0745628029108047,-0.0298120770603418,-0.0401533171534538,-0.0190402641892433,0.0010945613030344,0.0104937395080924,0.0200435109436512,0.0082143796607851,2.5239951610565186,1.4717488288879397,0.5768851041793823,0.4246920347213745,0.4821561276912689,0.5927121043205261,0.4148275852203369,0.5334471464157104,0.3902376890182495,0.5089579820632935,0.3992939293384552,0.3712280690670013,0.3472164571285248,0.0284830222813947,0.0163635568331392,0.1344490769142192,0.0612328772757148,11.319036871633106,1,Hyperfunktionelle Dysphonie,829,a_n
-243.21517944335932,219.91766357421875,6.4997172355651855,16.10777473449707,-41.183143615722656,-3.546982526779175,-0.5582636594772339,9.762383460998535,-0.6507733464241028,12.8040132522583,0.8928257822990417,-18.553646087646484,9.122020721435549,15.062448501586914,8.159404754638672,13.428740501403809,4.236662864685059,5.288663387298584,4.671847343444824,3.4876601696014404,4.449551105499268,3.692936182022095,2.9833340644836426,3.56250262260437,4.252056121826172,2.4307188987731934,-0.1864424347877502,-0.070047840476036,0.1073509603738784,0.1202088743448257,-0.0249851588159799,0.0857126265764236,0.083377331495285,-0.0908391252160072,-0.0354950278997421,-0.0346774421632289,-0.1036503538489341,0.0162681080400943,0.0546750575304031,1.830854535102844,1.1317410469055176,1.4836819171905518,0.7675690650939941,0.7290798425674438,0.7787083387374878,0.510299563407898,0.5436198115348816,0.5863463282585144,0.3951767981052398,0.4137241542339325,0.6361360549926758,0.3436602354049682,0.183919608592987,-0.0568197555840015,0.1388401985168457,-0.0183828510344028,0.0755770206451416,-0.0607705749571323,0.0460760481655597,-0.0082890121266245,0.0513059496879577,-0.0216894820332527,0.0007323340396396,0.0443237945437431,-0.000688366650138,1.0052423477172852,0.6011360883712769,0.6851349472999573,0.5003247857093811,0.4990596771240234,0.3985132873058319,0.4454253613948822,0.3837756812572479,0.379333883523941,0.3130322694778442,0.2836621701717376,0.3720657229423523,0.2851589024066925,0.0047404732689015,0.0025885396207268,0.0269327173846107,0.0129419392595412,22.29018205269493,1,Hyperfunktionelle Dysphonie,850,a_n
-266.4134216308594,263.3409729003906,-12.083476066589355,-1.5231070518493652,8.401546478271484,-6.655893325805664,-40.11856460571289,-6.699984550476074,23.719621658325195,-13.604275703430176,-24.184720993041992,-9.741647720336914,10.501791000366213,11.68821620941162,9.7274169921875,6.272210121154785,4.7358880043029785,5.126462459564209,4.569162368774414,4.227404594421387,4.0327324867248535,2.9411137104034424,4.408225059509277,4.681101322174072,2.305833578109741,2.0435969829559326,-0.1728972047567367,0.2683251798152923,-0.0057739745825529,-0.0826868712902069,-0.0489463992416858,-0.0174743570387363,0.0005313433357514,-0.0204572770744562,0.0206080488860607,0.0052677202038466,-0.0702440217137336,-0.0195353161543607,0.0316313989460468,1.7116988897323608,1.7991421222686768,0.8019523024559021,0.431432843208313,0.6268796324729919,0.6015708446502686,0.5245915055274963,0.4953226447105407,0.4008375406265259,0.6047488451004028,0.3795419931411743,0.4015252888202667,0.2945401966571808,0.31519615650177,-0.338432103395462,0.1531454771757125,0.0302979499101638,-0.0105598168447613,0.025242906063795,0.0832947120070457,-0.0078839221969246,-0.0627907738089561,0.0627281367778778,0.0245651546865701,0.0103271603584289,0.0189339779317379,1.1827940940856934,1.2426255941390991,0.6891700029373169,0.299747109413147,0.3350471258163452,0.4094444811344147,0.4622314572334289,0.3035950660705566,0.3951373994350433,0.4234778583049774,0.2385552823543548,0.2538716495037079,0.239693745970726,0.0065656106480663,0.0036640416425248,0.0555250129312126,0.0294958217465148,18.45631742149768,1,Hyperfunktionelle Dysphonie,854,a_n
-272.1978759765625,206.76092529296875,-52.45793914794922,-26.356544494628903,-23.91786193847656,-30.86325454711914,-5.697960376739502,12.797030448913574,10.06364917755127,3.810437917709351,-21.551477432250977,-3.700089454650879,0.8471401333808899,29.244781494140625,7.083767414093018,16.758363723754883,3.668670415878296,3.0186116695404053,3.790379047393799,3.638869047164917,3.0466041564941406,5.076740741729736,2.9214096069335938,3.638381242752075,2.5563809871673584,3.2209293842315674,-0.5860344171524048,0.0139982309192419,0.1580991148948669,0.0539959445595741,-0.0203284285962581,0.0174216516315937,0.0412634946405887,-0.0051939222030341,0.0712464451789856,0.0435328930616378,-0.0115873264148831,0.0012005510507151,-0.0502856113016605,1.9041306972503664,1.0389938354492188,1.5679688453674316,0.535973310470581,0.4672790169715881,0.5768470764160156,0.5800856947898865,0.5989018082618713,0.5289537310600281,0.4398214519023895,0.5349205136299133,0.4176587462425232,0.4974464476108551,0.2668791115283966,0.0566420592367649,0.1680494248867035,0.0348701775074005,0.0118326907977461,0.0657321065664291,0.0313904657959938,4.4916003389516845e-05,0.0106169739738106,0.0073294257745146,0.0426970459520816,-0.0118613382801413,-0.008632437326014,1.5356147289276123,0.796843945980072,1.012176513671875,0.4148799777030945,0.3047312200069427,0.3694371879100799,0.3711663484573364,0.3918656408786773,0.3671829998493194,0.332651287317276,0.3167924880981445,0.3033048510551452,0.4191191792488098,0.0030577599913714,0.0018729388859775,0.0316996467932093,0.0183739844279438,24.495145908904185,1,Hyperfunktionelle Dysphonie,857,a_n
-176.83743286132812,187.6462554931641,-53.60340118408203,6.139848232269287,-56.90410614013672,-23.5784969329834,-8.65841293334961,14.782387733459473,-0.9586440920829772,-7.700774669647217,-9.10399055480957,-5.586321830749512,2.5862436294555664,15.604242324829102,11.422382354736328,19.10983085632324,8.15310001373291,7.713132381439209,6.671606063842773,4.620957851409912,4.060793399810791,3.355509042739868,3.853878736495972,4.550086975097656,5.54420280456543,4.018401145935059,-0.2809274792671203,0.2427887320518493,0.6749341487884521,0.0107988696545362,-0.1873201578855514,-0.0903248041868209,-0.0080271810293197,-0.159169390797615,-0.0333289057016372,0.0035317409783601,-0.0847735181450843,0.032910082489252,-0.1017354726791381,2.148806571960449,2.0660109519958496,2.0068042278289795,1.388232707977295,1.0981457233428955,1.0208736658096311,0.8421404957771301,0.7433207631111145,0.5464601516723633,0.4644356667995453,0.4718522429466247,0.5604579448699951,0.4226019978523254,0.1947917193174362,-0.1091543436050415,0.3206815123558044,-0.2444211691617965,0.0669560953974723,0.0553147047758102,-0.0356150865554809,-0.0365859381854534,0.0784385874867439,-0.0130903264507651,0.0158181637525558,0.0062435343861579,0.0021433872170746,1.417070984840393,1.6669255495071411,1.7130476236343384,1.3822009563446045,0.5591189861297607,0.6483936309814453,0.5764160752296448,0.4302070140838623,0.3875768184661865,0.3456266522407532,0.3601676523685455,0.3270617723464966,0.3126933872699737,0.0097489043044432,0.0056257743464952,0.0919477552387037,0.0472285112732948,14.465757743990016,1,Hyperfunktionelle Dysphonie,868,a_n
-270.8300476074219,170.3837890625,-39.98468399047852,-12.310835838317873,-15.732418060302734,-4.182053565979004,-42.062232971191406,20.24790000915528,3.633579969406128,-37.11719131469727,10.195463180541992,2.248963594436645,2.663863182067871,24.57748031616211,6.9403581619262695,11.256744384765623,8.297327995300293,3.502257823944092,4.455932140350342,5.244022846221924,4.487937927246094,4.828367233276367,5.014318466186523,3.985650539398194,3.0069591999053955,3.72503662109375,-0.6684146523475647,0.0945073440670967,0.0207858718931674,0.0768934041261673,0.0309636704623699,0.0055029243230819,-0.0155554004013538,-0.018414294347167,-0.0707531794905662,-0.0785486102104187,0.0940756276249885,0.0611880309879779,0.0289235822856426,3.405096530914306,1.1272767782211304,1.5311485528945925,0.8387306928634644,0.5389198064804077,0.6356214880943298,0.8888993859291077,0.5179587006568909,0.5159162282943726,0.9464770555496216,0.6539169549942017,0.4604045450687408,0.5620590448379517,0.4900532960891723,-0.0899437665939331,0.2313975691795349,0.0861410573124885,0.0099039729684591,-0.0895839855074882,0.1570375561714172,-0.0391242355108261,0.04999740421772,0.1457636356353759,-0.0484710223972797,0.0129887973889708,0.0107214152812957,2.0282504558563232,0.7842491269111633,1.1114376783370972,0.5067703723907471,0.3855354487895965,0.575054407119751,0.725650429725647,0.3827295005321502,0.3422528207302093,0.5732499361038208,0.4505479037761688,0.3100118935108185,0.4297441840171814,0.0021420546239096,0.0012084009414562,0.0215972857798767,0.0116769282617769,25.73632727950137,1,Hyperfunktionelle Dysphonie,881,a_n
-232.7105255126953,182.90359497070312,10.753532409667969,7.115567207336426,-51.814884185791016,7.37407922744751,-5.8854265213012695,-10.932902336120604,-17.974756240844727,19.193750381469727,-16.733652114868164,-14.38375473022461,16.825571060180664,18.71837043762207,5.977395534515381,4.488412380218506,4.408815860748291,5.411156177520752,5.737805366516113,4.211050510406494,5.165842056274414,3.682450771331787,4.214203834533691,3.613010883331299,3.5713040828704834,3.813600063323975,-0.56769198179245,0.1602723002433776,0.0468841455876827,0.033720675855875,-0.0507246330380439,0.0589108280837535,0.0285248756408691,0.0353444293141365,-0.0894740968942642,0.0364650525152683,-0.0546701438724994,-0.0626109763979911,0.0511097572743892,2.473341703414917,1.095279097557068,0.6155742406845093,0.6258589029312134,0.9683956503868104,0.8286672234535217,0.6551364064216614,0.6282330751419067,0.6134359836578369,0.5313736200332642,0.6461058855056763,0.6287708282470703,0.6165191531181335,0.3265927135944366,-0.0811785608530044,0.0258952397853136,0.0107129598036408,0.1036979854106903,-0.0836355835199356,-0.0110414708033204,0.0091277891770005,0.0176920555531978,-0.0331115759909153,0.0378891676664352,0.052592359483242,-0.0464438684284687,1.605100393295288,0.7638351321220398,0.4051330685615539,0.4583708643913269,0.7281266450881958,0.6001068353652954,0.3954218924045563,0.4732111394405365,0.4289666712284088,0.4197874665260315,0.4279543161392212,0.4342889785766601,0.4322458505630493,0.0043071360166701,0.0023611685792153,0.0249910158878758,0.0138541341234074,21.35912987504809,1,Hyperfunktionelle Dysphonie,888,a_n
-218.4105834960937,188.8815460205078,15.42068862915039,15.347782135009766,-70.0334701538086,-6.568739414215088,-3.750854730606079,9.250152587890623,8.0599365234375,8.402841567993164,-17.850908279418945,-12.60346794128418,11.019990921020508,18.66501808166504,5.466644287109375,5.769240379333496,5.167436122894287,6.121860980987549,4.501760482788086,3.367907285690308,3.1348373889923096,3.4481430053710938,3.283059597015381,4.016420841217041,7.755052089691162,3.621603012084961,-0.9301457405090332,0.0142766339704394,-0.00524896197021,0.195770263671875,-0.1099530011415481,0.0397493056952953,0.137632742524147,0.1520150750875473,-0.0345763452351093,0.0482743717730045,0.0618899352848529,-0.1756819635629654,0.0067215925082564,2.246293067932129,0.8892377018928528,1.1194696426391602,0.8150221109390259,0.8356238603591919,0.98550945520401,0.6572746634483337,0.4493974149227142,0.6405695080757141,0.5211502909660339,0.684228241443634,0.4781985878944397,0.6738406419754028,0.461775004863739,-0.0603010207414627,0.1061695888638496,-0.0826520472764968,0.1844861209392547,-0.1269434541463852,0.0403482280671596,0.0071046166121959,0.0290513057261705,-0.0253395419567823,0.1282338201999664,0.0191484689712524,-0.0272997971624135,1.487675428390503,0.4790871739387512,0.6461553573608398,0.505500078201294,0.8044004440307617,0.5252642035484314,0.4317091703414917,0.301445871591568,0.4852515459060669,0.3497760593891144,0.5209369659423828,0.3198931515216827,0.4390222430229187,0.0044171910206561,0.0024297570541683,0.0220832575834523,0.0103677971198515,21.2095000278517,1,Hyperfunktionelle Dysphonie,889,a_n
-215.18096923828125,195.74240112304688,-15.42953395843506,12.09046459197998,-42.742469787597656,1.894411325454712,-14.995665550231934,13.991403579711914,9.352059364318848,-17.077199935913086,-4.978479862213135,-11.842092514038086,8.477755546569824,46.61077499389648,5.925732135772705,17.288930892944336,5.33203649520874,6.081577301025391,4.243743896484375,7.899589538574219,6.414054870605469,2.8478949069976807,5.442469120025635,3.8654398918151855,2.7539539337158203,4.202945709228516,-1.932172536849976,0.0805517360568046,0.5210885405540466,0.1855851709842682,0.0291015319526195,0.0362747684121131,0.086936667561531,0.0562841482460498,0.0167915448546409,-0.0084626749157905,-0.0452554300427436,-0.1018076688051223,0.1711273342370987,1.946216702461243,1.1259201765060425,1.3931686878204346,0.911376178264618,0.9744758009910583,0.6417046189308167,0.957056760787964,1.0247018337249756,0.376839280128479,0.7405463457107544,0.4549030363559723,0.4421077072620392,0.6427125334739685,0.4090587496757507,-0.1038944721221923,0.307351142168045,0.0341933257877826,0.2712720036506653,-0.0412903539836406,0.137469470500946,-0.0189376529306173,0.0281519815325737,0.0534623079001903,0.001599395298399,0.0676906630396843,-0.0842721238732338,1.342251181602478,0.7919647097587585,1.0343719720840454,0.5797257423400879,0.8722290992736816,0.4164389073848724,0.581367015838623,0.4492619335651397,0.2768175899982452,0.4120686948299408,0.29815274477005,0.2972466051578522,0.480161964893341,0.002518644513158,0.0013708812778836,0.0207818588867724,0.0112076562339907,25.70572433337343,1,Hyperfunktionelle Dysphonie,890,a_n
-275.2698669433594,218.61325073242188,11.658982276916504,15.526896476745604,-16.870895385742188,4.234441757202148,-19.98094367980957,1.6498849391937256,-3.1058592796325684,-12.62048053741455,6.2520623207092285,-7.400839805603027,10.86964225769043,15.238483428955078,9.924712181091309,5.612495422363281,5.4744553565979,4.568856716156006,5.401479244232178,4.6550703048706055,5.17201042175293,5.585066795349121,5.107395648956299,3.799839973449707,4.761207103729248,3.724771499633789,-0.0797299891710281,-0.0462652370333671,-0.1113417819142341,-0.0603688657283782,0.0403556264936924,0.0689370781183242,0.0305174477398395,-0.0395254977047443,0.0324766635894775,0.0151185309514403,0.010200722143054,0.0066220588050782,0.0461255125701427,2.6799240112304688,1.6188490390777588,1.0446897745132446,0.843781590461731,0.8220143914222717,0.7932316660881042,0.7876273393630981,0.7811190485954285,0.6781247854232788,0.913027822971344,0.5897731781005859,0.8665737509727478,0.6719956994056702,0.4728404581546783,-0.2809554934501648,0.0830408036708831,0.0030266514513641,0.1149030178785324,0.0075437994673848,0.0638445764780044,-0.0685522705316543,0.0171673670411109,0.0104982247576117,-0.013030432164669,0.1063103675842285,0.0053198607638478,1.9022235870361328,1.105581521987915,0.528240442276001,0.4922918081283569,0.5597378015518188,0.5279510021209717,0.5861279368400574,0.5554913878440857,0.563902735710144,0.4367242753505707,0.4483290314674377,0.6052959561347961,0.4600138068199157,0.0030759507992306,0.0014477241759762,0.0186334859912502,0.0085118152278672,26.07683006755381,1,Hyperfunktionelle Dysphonie,894,a_n
-221.36558532714844,228.7618560791016,17.50670051574707,6.485768795013428,-59.5269889831543,-6.493250370025635,4.783955097198486,0.5479345917701721,12.396716117858888,-3.952280759811402,-1.3707427978515625,3.8481693267822266,3.82483172416687,25.4781551361084,10.621005058288574,10.45688819885254,4.764944553375244,5.095152854919434,3.5991995334625244,4.407895088195801,3.341696262359619,3.271036386489868,4.716070175170898,2.9147958755493164,4.030558109283447,3.593167781829834,-1.0096769332885742,0.2778786420822143,0.2267188429832458,0.110631912946701,-0.1353608518838882,0.0155504941940307,0.0641274601221084,0.0735685750842094,0.0703679695725441,-0.1478978991508484,-0.0282058026641607,0.0347948223352432,0.0121210720390081,2.020192623138428,1.810084342956543,0.8870107531547546,0.6548097133636475,0.8424055576324463,0.530118465423584,0.5816079378128052,0.5301403403282166,0.5855706930160522,0.4526557922363281,0.4172617793083191,0.5261196494102478,0.4475714266300201,0.1427018195390701,-0.2143339216709137,0.035648725926876,-0.0477355532348156,0.1191716641187667,-0.0479415170848369,-0.0376793444156646,0.0108853867277503,-0.0134993661195039,-0.0020011577289551,-0.0150859858840703,0.0248483922332525,0.0160477813333272,1.2640421390533447,1.1333543062210083,0.7646211385726929,0.6280815601348877,0.8062722682952881,0.4871681928634643,0.4934182465076446,0.3783440589904785,0.4270425140857696,0.3113210201263428,0.3326704800128937,0.3750535547733307,0.3238319754600525,0.0268883742704647,0.0156375362436322,0.2059560087277194,0.1352279840650136,7.907442046857488,1,Hyperfunktionelle Dysphonie,898,a_n
-271.0718078613281,180.46939086914065,22.890037536621094,2.621191024780273,-36.53036880493164,-4.96679162979126,8.138001441955566,13.93132209777832,8.368172645568848,7.044901371002197,-16.2822265625,-3.3024489879608154,11.71426773071289,45.78218078613281,11.720073699951172,16.35605812072754,6.963700771331787,8.583846092224121,4.505685329437256,6.517218589782715,5.767702102661133,6.138574123382568,6.872929096221924,4.796781063079834,3.796231031417847,4.17027759552002,-0.7264388203620911,-0.0478956922888755,0.1209978386759758,-0.0004653422511182,0.0844194218516349,0.064598836004734,0.0258283205330371,-0.0429371744394302,-0.0936807692050933,-0.0113602671772241,0.0651766285300254,0.0376398563385009,0.0003361337294336,3.7051925659179688,2.112577438354492,1.379328370094299,0.8458413481712341,1.390142798423767,0.6777790188789368,0.7276653051376343,0.7668516635894775,0.5866060853004456,0.6774827241897583,0.6919640898704529,0.6406247615814209,0.6498614549636841,0.5047768354415894,-0.057866733521223,0.1298741847276687,0.0143188806250691,0.103929154574871,-0.025935772806406,-0.0085716117173433,0.009978337213397,-0.0161388218402862,-0.0316633507609367,0.0778736397624015,0.0271033216267824,-0.0424935184419155,2.22527289390564,1.274930715560913,0.8997817039489746,0.5160505771636963,0.7781227827072144,0.4678893685340881,0.515147864818573,0.4875631630420685,0.3295750916004181,0.404721736907959,0.4851714372634887,0.4166496396064758,0.3979145586490631,0.0036465264423515,0.002212023219556,0.0142345075549843,0.0071756615766888,28.2907185612045,1,Hyperfunktionelle Dysphonie,909,a_n
-322.86431884765625,204.5412139892578,45.86844253540039,40.2224235534668,-28.089643478393555,-10.469290733337402,-19.358762741088867,3.310713768005371,3.904094696044922,13.362805366516112,0.398054301738739,2.439566135406494,9.74351978302002,23.40657615661621,10.379920959472656,8.084793090820312,5.865479469299316,9.222047805786133,7.219112873077393,6.83793306350708,6.556032657623291,4.240110397338867,3.88165545463562,3.5190863609313965,5.700493335723877,3.2974321842193604,-0.5723166465759277,0.0702875480055809,0.1307906657457351,0.0581702329218387,-0.0106401490047574,0.0213921256363391,-0.0763437375426292,-0.0582759343087673,0.028047377243638,0.0554991923272609,0.0062271277420222,0.0221698489040136,0.0453772060573101,2.320380449295044,1.2966327667236328,0.8899210691452026,0.8853214979171753,1.1064356565475464,0.7777724862098694,0.6767494082450867,0.610442578792572,0.5791171789169312,0.7532537579536438,0.6347052454948425,0.6382677555084229,0.5195893049240112,0.3348236083984375,-0.1709623634815216,-0.0459099523723125,-0.0600917041301727,0.1300444900989532,0.0229687374085187,0.0392549857497215,-0.0208595469594001,0.0075602158904075,-0.0153079302981495,0.0154504096135497,0.0359771661460399,0.0032760300673544,1.6825982332229614,1.0236215591430664,0.609305202960968,0.5565316677093506,0.7724820971488953,0.5699871182441711,0.4836260676383972,0.394767701625824,0.419615089893341,0.478071391582489,0.4443334639072418,0.4580748677253723,0.3643597960472107,0.0091739997490262,0.0053716588547745,0.0251036625652975,0.0132979332484499,18.378488263672573,1,Hyperfunktionelle Dysphonie,922,a_n
-167.36599731445312,180.5425567626953,-33.59558868408203,-5.045194625854492,-57.53815078735352,14.495722770690918,-24.56196403503418,14.769779205322266,11.273547172546388,-18.73428726196289,-13.46385669708252,3.496039390563965,12.823742866516112,14.466971397399902,13.459956169128418,10.420928001403809,5.506815910339356,5.03395938873291,5.614528179168701,3.978316307067871,3.9819817543029785,3.454275131225586,6.600273609161377,3.608048439025879,2.639185905456543,3.322993516921997,-0.2767227590084076,-0.2518818378448486,0.2558582127094269,0.0710484832525253,-0.0554991848766803,0.0403829254209995,-0.0025333622470498,0.0498074628412723,0.025360332801938,-0.0260496083647012,0.0638675764203071,-0.0332215204834938,0.0279181972146034,1.2297638654708862,1.0884579420089722,0.7386452555656433,0.4928353726863861,0.6313888430595398,0.522516667842865,0.6303801536560059,0.5032362341880798,0.4495397806167602,0.5609404444694519,0.454037606716156,0.4786882102489471,0.4951316118240356,0.1515620201826095,0.0917885974049568,0.0728336125612258,0.0145848374813795,0.0463330782949924,-0.0337357707321643,0.0283873938024044,-0.0115546863526105,-0.0256666466593742,0.0413280688226223,-0.0040017417632043,-0.0390355810523033,0.007394396699965,0.844702959060669,0.7414159774780273,0.5139431953430176,0.4479077160358429,0.50155109167099,0.3951534330844879,0.4215462505817413,0.4136655032634735,0.3683937788009643,0.4427124857902527,0.3113756775856018,0.4097416698932647,0.3460812270641327,0.0024505935427431,0.0014008150635365,0.0462214459018708,0.0271399561167905,20.799553421637867,1,Hyperfunktionelle Dysphonie,934,a_n
-247.1208648681641,221.3567657470703,21.17484474182129,-1.9732916355133057,-39.84135818481445,16.88812255859375,-21.024906158447266,-8.84005069732666,17.066707611083984,1.1129086017608645,-17.765789031982422,2.3735079765319824,14.500545501708984,25.568952560424805,13.996655464172363,4.472537040710449,4.68882417678833,7.142359733581543,6.771854877471924,4.3357930183410645,4.704758644104004,4.313776016235352,3.674923658370972,4.963365077972412,3.1410880088806152,3.890374183654785,-0.6488913297653198,0.2941674888134002,0.1631011962890625,0.1372563242912292,-0.1147970706224441,0.0828526765108108,-0.0136002767831087,-0.0472192019224166,0.0527162700891494,-0.0137153323739767,0.0279162321239709,0.0282003954052925,-0.0204630400985479,3.691586971282959,1.7756437063217163,0.6828304529190063,0.6428028345108032,0.9402557015419006,0.8612263798713684,0.7717981934547424,0.7003474831581116,0.6669923663139343,0.6258463859558105,0.8747562170028687,0.4456254243850708,0.6101527214050293,0.4603136777877807,-0.3472417294979095,0.0427641198039054,0.0304961930960416,0.100680835545063,-0.1118581071496009,0.1614705771207809,0.0962202548980712,-0.1233528330922126,-0.0067908461205661,0.1429609805345535,-0.0012770239263772,-0.0606976374983787,1.82337486743927,1.3824020624160769,0.4942013919353485,0.4415213763713836,0.5907226204872131,0.5808302760124207,0.6648054122924805,0.4933163225650787,0.5719428062438965,0.2934841215610504,0.7035009860992432,0.3922800421714782,0.5121394991874695,0.0089788727952586,0.0055381145865595,0.0827656314877006,0.0493565484680916,17.823300328718624,1,Laryngitis,1046,a_n
-287.13818359375,210.39956665039065,-34.381103515625,-10.305971145629885,-10.271780967712402,2.963002920150757,-0.1501243114471435,19.67708396911621,1.1284003257751465,-12.608866691589355,-5.359133243560791,-9.051553726196287,-10.7091703414917,15.289113998413086,9.23935604095459,5.7257914543151855,6.452072620391846,6.769391059875488,8.230195045471191,3.807809591293335,5.969354629516602,5.067618370056152,4.608036041259766,3.834834098815918,6.802602291107178,4.631727695465088,-0.2783810794353485,-0.0826624259352684,0.0032917789649218,0.0539372563362121,0.0173021908849477,0.0380455963313579,0.0594298355281353,-0.0008422711398452,-0.0526771545410156,-0.0281094852834939,0.0252673309296369,-0.026869997382164,-0.0700894445180893,1.4701042175292969,1.1411280632019043,0.9478263854980468,0.8209356665611267,0.8681476712226868,0.8140227198600769,0.6692265868186951,0.7271348834037781,0.6625871062278748,0.6577553153038025,0.5761559009552002,0.7034786939620972,0.6465096473693848,0.2259022891521453,0.0273925885558128,0.1618161648511886,-0.0053678364492952,-0.023935779929161,-0.0213777720928192,0.0075024822726845,-0.0538403764367103,0.0062691657803952,0.0224154908210039,-0.0049486174248158,0.0123042957857251,0.0023984175641089,1.1030195951461792,0.8452835083007812,0.7813637256622314,0.4378599226474762,0.4771176278591156,0.5039405822753906,0.4463091790676117,0.4431288838386535,0.3742705881595611,0.377164751291275,0.3588368594646454,0.3803450465202331,0.4026776254177093,0.0067530427295021,0.0040156576738232,0.0262042320266167,0.013204060481994,22.32796776795113,1,Laryngitis,1047,a_n
-307.83477783203125,213.1044158935547,37.49889373779297,29.03490829467773,-21.326929092407227,-23.108152389526367,-49.893856048583984,-1.763692855834961,20.67863845825196,8.15186595916748,-7.860954284667969,-12.9580717086792,14.325940132141112,36.86811828613281,11.018394470214844,15.255448341369627,9.135722160339355,6.9620866775512695,4.483982563018799,6.874755859375,5.505786895751953,5.32944917678833,4.205965995788574,4.188799381256104,5.857907772064209,5.072494029998779,-0.9401670694351196,-0.2749366462230682,0.3014893233776092,0.134024441242218,0.1267542690038681,0.1541771441698074,0.1097171083092689,-0.1069706678390502,-0.1437907963991165,-0.0959357097744941,0.0620529875159263,-0.0018729843432083,-0.0581846013665199,2.3214025497436523,0.8242536783218384,0.8603674173355103,0.7318932414054871,0.524763286113739,0.7997962236404419,0.9310367107391356,0.6328850984573364,0.6143653988838196,0.8691309690475464,0.4783782660961151,0.7439208030700684,0.5305928587913513,0.4054454565048218,-0.1588930189609527,0.0477403961122036,-0.0821527987718582,0.051627479493618,-0.0422480255365371,0.1119257360696792,-0.0184146892279386,-0.0605223327875137,0.0166073888540267,0.0550101026892662,0.0750531703233718,-0.0782607197761535,1.3809212446212769,0.5841495394706726,0.5989372134208679,0.4565092325210571,0.3822718858718872,0.4675572514533996,0.4978258609771728,0.3949359655380249,0.4861412048339844,0.411566287279129,0.4438934922218323,0.4191921055316925,0.4678740501403808,0.0025666156893751,0.0011701150948521,0.0334842227061655,0.018123995538283,24.968872977872103,1,Laryngitis,107,a_n
-255.46896362304688,142.95652770996094,-16.417831420898438,-9.095592498779297,-22.73141288757324,1.9180164337158203,-16.14250946044922,21.18012428283692,-20.941225051879883,-1.845999240875244,-3.890357255935669,-0.514339804649353,14.112523078918455,36.10923767089844,8.298066139221191,10.148332595825195,3.884634971618652,11.228291511535645,5.702703952789307,6.110069751739502,5.6086106300354,4.964315891265869,4.827297687530518,8.209463119506836,7.293929576873779,5.688974380493164,-0.7355892062187195,-0.2635726928710937,-0.0313699021935462,-0.0668388307094574,0.1873947530984878,0.178886592388153,0.0669369623064994,0.1014493256807327,-0.0689633265137672,0.084968589246273,-0.0839148834347724,-0.0715742334723472,0.1094999462366104,2.540174722671509,1.0178968906402588,1.120322585105896,0.5152557492256165,0.8246955275535583,0.6147129535675049,0.7792954444885254,0.7365034222602844,0.8303348422050476,0.6732170581817627,0.4727745950222015,0.7540661692619324,0.5917899012565613,0.3955892324447632,0.0204899013042449,0.0956706330180168,0.0317470990121364,0.1225460246205329,0.0114554362371563,0.1013690903782844,-0.0584084279835224,0.0907287076115608,-0.0039616064168512,-0.009994781576097,0.0047701019793748,-0.0310817919671535,1.3768775463104248,0.5317010879516602,0.6055321097373962,0.33326455950737,0.6532497406005859,0.3831353485584259,0.4956831336021423,0.5305429697036743,0.5602829456329346,0.4492528736591339,0.3318925201892853,0.4991436600685119,0.3477057516574859,0.0031852415475913,0.0016220674077462,0.0339298839969312,0.0175155125523454,21.84172478610311,1,Laryngitis,1119,a_n
-152.17532348632812,186.0326385498047,12.176112174987791,24.778493881225582,-33.28901672363281,-10.076139450073242,-27.56825828552246,48.44809722900391,-5.883706092834473,13.08948802947998,15.132183074951172,-15.35279369354248,2.662301540374756,9.226517677307127,4.036132335662842,4.143779277801514,4.984087467193604,3.492231845855713,4.076404094696045,3.623032093048096,3.844369173049927,3.606400728225708,4.904407024383545,5.471575736999512,4.408124923706055,4.697082996368408,-0.2731410562992096,0.0825690329074859,-0.0743342116475105,0.0208646226674318,0.0568225011229515,0.0127852680161595,-0.0939794704318046,-0.0266901552677154,-0.0072031361050903,0.0192979350686073,0.0910864025354385,-0.0518832616508007,0.0640338659286499,0.8125088810920715,0.7534571886062622,0.6588931679725647,0.7076852321624756,0.6409235000610352,0.6263015270233154,0.6895064115524292,0.6713611483573914,0.5616377592086792,0.6533589959144592,0.5816152691841125,0.710381805896759,0.6228171586990356,0.0403542034327983,-0.045910820364952,0.0105797387659549,-0.0061393319629132,0.0718258321285247,-0.0337831452488899,0.0296734385192394,-0.0770153254270553,0.0644017904996872,-0.0229107309132814,-0.0038505876436829,0.0157589204609394,0.0397778637707233,0.5782368779182434,0.509423553943634,0.4859408140182495,0.5374518632888794,0.5599001049995422,0.5142776966094971,0.4337031543254852,0.5479834079742432,0.4553386867046356,0.4543077945709228,0.3922001421451568,0.4684284031391144,0.5167248845100403,0.0033770896706671,0.0019248503764788,0.0422921825103761,0.024387751320746,14.165249235459491,1,Laryngitis,1161,a_n
-250.4515838623047,198.8456573486328,-4.105514049530029,-6.751600742340088,-33.12637710571289,-13.005023002624512,-29.83421897888184,9.41976833343506,4.486360549926758,-4.694380283355713,-11.456588745117188,-9.765719413757324,-0.6295775175094604,13.68968677520752,9.86500358581543,7.0394816398620605,5.367104530334473,7.092369556427002,5.486676216125488,5.78476095199585,6.049393653869629,7.0536088943481445,9.332023620605469,7.734172821044922,5.856317043304443,4.524977684020996,-0.4898978769779205,0.0674931034445762,0.001476913690567,0.0315899401903152,0.0555787794291973,0.0747623816132545,0.062921904027462,0.0070695192553102,-0.0519930832087993,0.0849907398223877,-0.076067991554737,-0.0219259988516569,0.0079621570184826,2.3008389472961426,1.6215447187423706,1.1792817115783691,0.8731279373168945,0.9475203156471252,0.8653640747070312,0.8572075366973877,1.053813099861145,0.9691990613937378,1.1039180755615234,0.8082833886146545,1.0548335313796997,0.7965623736381531,0.2359555512666702,-0.0655776485800743,0.0566495358943939,0.0149022666737437,0.0877740457653999,-0.0133758066222071,0.0141119631007313,-0.0756030306220054,0.0047518811188638,0.0421773344278335,-0.0010678196558728,0.0412757135927677,-0.006886760238558,1.6330037117004397,1.055474042892456,0.6901097297668457,0.6304466128349304,0.7061952948570251,0.6513075232505798,0.6985867619514465,0.7416937351226807,0.6245450973510742,0.7775579690933228,0.5302123427391052,0.6319314241409302,0.6077846884727478,0.0071795991139514,0.0031605765847314,0.047328850060636,0.0164846788349836,19.467384184988298,1,Laryngitis,1163,a_n
-231.97023010253903,178.97659301757812,8.001969337463379,10.979719161987305,-53.57501983642578,-20.54865074157715,-29.21429443359375,1.7573251724243164,3.036985397338867,-17.673315048217773,-19.96113395690918,-8.570276260375977,9.834461212158203,13.850947380065918,6.214548110961914,6.761696815490723,4.6041259765625,6.9853715896606445,6.466461181640625,4.610579490661621,4.709915637969971,4.07903528213501,3.805586814880371,4.271700859069824,2.7812652587890625,4.627219200134277,-0.4186905920505523,0.2703122496604919,-0.1111647337675094,0.179789736866951,-0.1524233371019363,0.0322528705000877,-0.0442697219550609,-0.0284871477633714,0.0370570085942745,0.0169151406735181,0.0084139611572027,-0.0721679627895355,0.0795089229941368,2.205561637878418,1.1466385126113892,1.0393013954162598,0.836054265499115,1.2311601638793943,0.8392049670219421,0.7780560851097107,0.8145895004272461,0.5869795083999634,0.6615111231803894,0.763634443283081,0.5720540881156921,0.985552191734314,0.5198668241500854,0.085474669933319,0.1482773423194885,-0.0841896682977676,0.1806140542030334,0.0472607351839542,0.0939715355634689,-0.1102994978427887,-0.1041930317878723,0.0649005770683288,0.0823712944984436,0.0117818070575594,-0.0745344161987304,1.594022512435913,0.7987511157989502,0.5975024104118347,0.5242724418640137,0.6817575097084045,0.5196031332015991,0.4663701057434082,0.5806989073753357,0.529812753200531,0.4742806553840637,0.660246729850769,0.3603396713733673,0.4127527475357055,0.0047933335370182,0.0029133567943152,0.0366572603056836,0.0219518649672631,22.137857435003124,1,Laryngitis,1188,a_n
-218.94851684570312,190.2100830078125,9.714607238769531,-7.367650985717773,-23.917430877685547,-9.01269245147705,-20.480457305908203,14.919753074645996,-23.318010330200195,-0.1121046170592308,-15.774426460266112,6.670773506164551,21.5346908569336,25.12408828735352,14.408916473388672,7.928863525390625,5.573393821716309,4.361024856567383,4.299668788909912,5.71794319152832,5.9603776931762695,4.932323932647705,3.778530359268189,3.318944931030273,5.610848903656006,5.363531112670898,-1.1263259649276731,0.2478586137294769,-0.0735970884561538,-0.0205669347196817,0.0817305669188499,-0.1094693690538406,-0.0218634493649005,-0.1129932180047035,0.0052458196878433,-0.0971698835492134,0.0734396129846572,-0.0796595588326454,0.0915054604411125,1.775649905204773,2.174008846282959,1.303539514541626,0.8317042589187622,0.7009723782539368,0.7210494875907898,0.8568455576896667,0.7049333453178406,0.9887506365776062,0.6171027421951294,0.524736225605011,0.6961781978607178,0.5242296457290649,0.2821681797504425,0.1722659319639206,0.1716080009937286,0.1428341269493103,0.0736674442887306,0.0229192189872264,0.1163464188575744,-0.1041592955589294,0.1045458316802978,-0.0140449134632945,0.0472714565694332,0.0050123305991292,-0.0313436612486839,1.2995619773864746,1.131321668624878,0.9203670620918274,0.5782974362373352,0.6015000939369202,0.4639415740966797,0.5172749161720276,0.4910110831260681,0.5583144426345825,0.3891075253486633,0.3929979205131531,0.4700188934803009,0.5173105001449585,0.0053598929737331,0.00280066722116,0.0405994581892376,0.0216900266522883,21.78563874632569,1,Laryngitis,1192,a_n
-185.2492218017578,173.5255889892578,-18.9494743347168,23.344009399414062,-54.73221969604492,11.7755765914917,-2.494363784790039,-6.572575569152832,14.172647476196287,3.887585878372192,-2.205826997756958,0.0817195624113082,-2.527262210845948,8.963290214538574,4.610607624053955,5.4752373695373535,3.452075242996216,4.154892444610596,3.688587665557861,4.667207717895508,5.465984344482422,4.258052825927734,3.4186999797821045,4.974331855773926,3.8483288288116455,3.829422950744629,-0.1630595624446869,-0.1364075541496276,-0.0078168651089072,-0.0859778597950935,-0.0577912628650665,0.0483915545046329,0.0457154624164104,-0.1882103532552719,0.0338311940431594,0.0242875777184963,-0.1943986862897873,0.09623284637928,-0.0023671113885939,1.116267442703247,0.749936580657959,1.019323468208313,0.5913874506950378,0.5360398292541504,0.5755163431167603,0.6174788475036621,0.6852313876152039,0.5303055644035339,0.4704813659191131,0.6648939847946167,0.5100445747375488,0.5526940226554871,0.0753496289253234,0.0457321517169475,0.1752339601516723,0.0499844551086425,0.0731160417199134,-0.0740346536040306,0.034098919481039,-0.0047250767238438,-0.0005881460965611,0.0026385518722236,0.0111747188493609,0.0277938954532146,0.0379789359867572,0.4321272373199463,0.5900849103927612,0.7336384057998657,0.4820557236671448,0.5320165157318115,0.4690337777137756,0.4591743946075439,0.5870359539985657,0.3499910533428192,0.4213473796844482,0.4734229147434234,0.3537289798259735,0.4227201640605926,0.0071372860134212,0.0043779091441558,0.0473784859220031,0.0260667766854885,14.579813843960032,1,Laryngitis,1221,a_n
-206.64190673828125,168.43896484375,-3.6286799907684326,27.47917938232422,-64.49091339111328,-9.88583755493164,-12.61687469482422,-6.487627983093262,2.4404921531677246,-15.362068176269531,-29.71406936645508,3.793758869171143,-10.658174514770508,35.66151428222656,12.402266502380373,13.518311500549316,8.31749439239502,10.009611129760742,10.55373191833496,5.555589199066162,9.716373443603516,4.475757122039795,12.418088912963867,11.492205619812012,5.053225040435791,4.492020606994629,-1.5672963857650757,-0.66904616355896,0.5557405948638916,-0.1246313005685806,0.23575359582901,0.3266281485557556,0.0366486124694347,-0.1492409259080886,0.182841882109642,0.2874829173088074,-0.5401538610458374,0.041180782020092,-0.0683492794632911,2.861431121826172,2.278109312057495,1.260292410850525,1.1112581491470337,1.368144392967224,1.1023880243301392,0.9621842503547668,1.2326232194900513,0.7598347663879395,1.0618199110031128,0.7760217785835266,0.85828697681427,0.816189706325531,0.3429657518863678,0.2167803943157196,0.0620261877775192,-0.0701702609658241,0.1701010018587112,0.0454716198146343,0.1335078924894333,0.09998769313097,0.0974512696266174,0.0308762658387422,0.0986953377723693,0.0249547660350799,0.0450673587620258,1.6338895559310913,1.6358846426010132,0.9875858426094056,0.6292954087257385,0.7605102062225342,0.6237589716911316,0.7577292919158936,0.77391517162323,0.55918949842453,0.4904504418373108,0.6069596409797668,0.4971517324447632,0.2667281627655029,0.0145937880451908,0.0079535338419628,0.0709549686283522,0.039908279228672,19.23620416503336,1,Laryngitis,1228,a_n
-289.19073486328125,227.4206695556641,60.43772888183594,45.22428894042969,-25.56087684631348,-23.74501037597656,-23.896934509277344,23.92194557189941,5.186758518218994,-8.333860397338867,-2.177221298217773,-6.4818115234375,8.063163757324219,13.172863960266112,4.271152019500732,8.081280708312988,6.754934310913086,6.85398530960083,5.05373477935791,4.692587375640869,3.76565146446228,8.505899429321289,4.46019983291626,7.561210632324219,4.579532146453857,6.027783393859863,-1.210283637046814,-0.3026850819587707,0.4487072825431824,0.5561150312423706,0.2418690621852874,0.1789281815290451,0.1470907926559448,-0.204668790102005,-0.1393011212348938,0.0659882053732872,0.2516891360282898,-0.1287539601325988,-0.1254873573780059,2.2896409034729004,0.5091245174407959,1.018276572227478,0.8821876645088196,1.2374025583267212,1.0714328289031982,0.7469379305839539,0.6086755990982056,0.8944761157035828,0.836086094379425,1.0754860639572144,1.0060163736343384,1.0647850036621094,-0.0680935755372047,0.0350036956369876,-0.0030727826524525,-0.1129331365227699,0.1829059720039367,-0.010770590044558,-0.0781451687216758,-0.1407750248908996,0.0522921457886695,0.2294927984476089,-0.0443195588886737,-0.1785962432622909,-0.1349772959947586,0.6358336806297302,0.3661754727363586,0.5968703031539917,0.5639145970344543,0.7252455949783325,0.4804254472255707,0.4283091425895691,0.521366536617279,0.3731821477413177,0.6162919402122498,0.5444831848144531,0.589874267578125,0.5413428544998169,0.0064500177082461,0.0018450618486127,0.0269743542708975,0.0101973373895336,20.85447476211885,1,Laryngitis,1229,a_n
-245.4532165527344,187.2819366455078,-35.803619384765625,-9.114385604858398,-25.78281784057617,-6.514675617218018,-28.39838218688965,9.271835327148438,26.87946510314941,-19.69219207763672,-20.087949752807617,5.218321800231934,-8.490194320678711,23.364479064941406,7.255523204803467,8.12205696105957,5.248127937316895,5.673849105834961,5.075314044952393,4.721999645233154,4.234501361846924,2.9202330112457275,3.3917927742004395,3.1040127277374268,2.246636152267456,3.2198193073272705,-0.4517239034175873,-0.0833251178264617,-0.0215854253619909,-0.0026370664127171,0.0113522661849856,0.1034629344940185,0.0446961149573326,-0.0236831326037645,0.0139019126072525,-0.0792146027088165,-0.0202480237931013,0.0253366697579622,-0.0145496660843491,1.6829935312271118,0.7620753645896912,1.0225820541381836,0.6007523536682129,0.6649169325828552,0.4384220540523529,0.7791264653205872,0.4165538549423218,0.4260090291500091,0.5467754006385803,0.458047091960907,0.3816370069980621,0.4875027239322662,0.2669131457805633,0.0647851750254631,0.2006143778562545,0.0492457896471023,0.0601762346923351,0.0199562218040227,0.1034926399588584,0.0049893748946487,-0.0111220302060246,0.0578483864665031,0.0581674575805664,-0.0021414612419903,0.0402992330491542,1.187525749206543,0.5453431010246277,0.9125149250030518,0.343192845582962,0.380236804485321,0.2974291741847992,0.4961500763893127,0.3214190900325775,0.3090105950832367,0.3889751434326172,0.3755854070186615,0.2725342810153961,0.2944260537624359,0.0036800846650962,0.002083054735656,0.0207747548899449,0.0116323322116599,24.621881939763515,1,Laryngitis,1233,a_n
-294.2481384277344,234.4615020751953,19.256704330444336,37.92210388183594,-18.55094337463379,-30.66533088684082,-6.332728862762451,-2.5919418334960938,-9.742006301879885,11.688422203063965,6.030048370361328,-19.99737930297852,-5.317683219909668,34.06241607666016,14.194726943969728,14.02322769165039,7.748992443084717,7.447421073913574,5.520189762115479,6.209166049957275,5.943568706512451,6.144155502319336,5.89095401763916,3.695968389511109,4.1559247970581055,4.903910160064697,-0.0917677283287048,-0.170458436012268,0.1846811175346374,0.0235096346586942,-0.1117113605141639,0.0687176808714866,0.0534293018281459,-0.0217394065111875,0.0536595359444618,0.0727267488837242,-0.0244088266044855,0.014095096848905,0.0367076396942138,4.64885139465332,2.3046138286590576,2.2739648818969727,1.2831398248672483,0.7235850095748901,1.133562445640564,1.2586270570755005,0.812936544418335,0.7559016942977905,0.7963945269584656,0.7416201829910278,0.6861176490783691,0.6837144494056702,0.0691122710704803,-0.0297365728765726,0.0622031390666961,-0.02665894664824,8.482603152515367e-05,0.034397255629301,-0.0042229508981108,0.0061457268893718,0.0434581898152828,-0.0002946019521914,0.0138097172603011,0.0353417731821537,-0.0043680993840098,2.165438652038574,1.1513186693191528,1.1402544975280762,0.7200632691383362,0.4083507061004638,0.607991099357605,0.6805999875068665,0.4887633323669433,0.4587640762329101,0.4741004109382629,0.462119460105896,0.4939574897289276,0.4285309016704559,0.0067838685403191,0.0026074454940472,0.0639181808864869,0.0230548750756738,19.677683647988854,1,Laryngitis,1235,a_n
-261.3199157714844,238.85107421875,12.147849082946776,15.00868797302246,-35.95127487182617,-12.23850154876709,-2.2091684341430664,-14.307400703430176,-7.119387149810791,11.67396354675293,-0.8697888255119324,-19.991533279418945,-1.1555311679840088,31.48572540283203,13.201292991638184,10.876405715942385,4.566003322601318,7.760730743408203,4.17068338394165,4.7423996925354,3.566318988800049,3.6342499256134033,3.246468067169189,2.305098533630371,4.0428900718688965,2.8237051963806152,-1.2042200565338137,0.2730569541454315,0.1285593658685684,-0.0983551517128944,0.0770349949598312,0.0416774936020374,0.0859086886048317,-0.0658491998910904,0.0069275475107133,0.073832668364048,-0.0309807416051626,-0.0458925813436508,0.0221674684435129,4.0450615882873535,2.670951128005981,1.7317330837249756,0.8657038807868958,1.1440752744674685,0.7943602800369263,0.5809175968170166,0.6317031383514404,0.5757530927658081,0.4983240365982055,0.3231265842914581,0.7244040369987488,0.484512597322464,0.8770206570625305,-0.6513498425483704,0.1712363362312317,-0.1066328510642051,0.27053302526474,-0.0631852522492408,-0.0836954489350318,0.0899460315704345,0.0769749656319618,-0.0135477408766746,-0.0004929360584355,0.094560906291008,0.0396258123219013,2.501550912857056,1.591519117355347,0.9057880640029908,0.7033435106277466,0.8861242532730103,0.406561017036438,0.4116491377353668,0.4171248376369476,0.3166573047637939,0.429358035326004,0.2392815500497818,0.3233426511287689,0.3122333288192749,0.0108585950928707,0.006606714361293,0.1032231155724905,0.053407422361538,17.913125792106147,1,Laryngitis,1237,a_n
-246.7442779541016,229.5500640869141,3.867446422576904,48.16872787475586,-42.29563903808594,-13.99203395843506,-8.835055351257324,-3.3230795860290527,4.681026935577393,10.897018432617188,5.21674108505249,-11.303190231323242,-4.0785064697265625,21.18911361694336,6.285648345947266,10.861334800720217,5.199706554412842,4.116250038146973,3.181396245956421,3.701855182647705,4.271677494049072,4.103719234466553,3.573169946670532,2.780480146408081,3.016801357269287,2.753578424453736,-0.5104150772094727,0.1591681689023971,0.0766929015517234,-0.0348107106983661,0.0257442202419042,0.0110087413340806,0.0323466844856739,0.0030880658887326,-0.0349600315093994,-0.0176561288535594,-0.0282416194677352,0.0206288956105709,0.0277364514768123,1.2478141784667969,1.019284725189209,0.9723339676856996,0.9081690311431884,0.6903480887413025,0.5465067028999329,0.5497708916664124,0.6871158480644226,0.5468672513961792,0.5689318180084229,0.4816864430904388,0.5033054947853088,0.4974362254142761,0.0847695916891098,-0.1672393828630447,0.1188639253377914,-0.1005211994051933,0.1080062016844749,-0.0634952783584594,0.0097536025568842,-0.003972930368036,0.0244418550282716,0.02744453959167,-0.0059279850684106,0.0401101894676685,0.0027855634689331,0.7914695143699646,0.7268422842025757,0.6956568956375122,0.6623618602752686,0.5625867247581482,0.4304712116718292,0.3960991501808166,0.3855230212211609,0.3532429039478302,0.339055985212326,0.3229636549949646,0.3668664097785949,0.3688692450523376,0.0041493100717549,0.0019887803672676,0.0359939931098833,0.0191379559353963,20.636193091953043,1,Laryngitis,1246,a_n
-158.6336669921875,183.6936492919922,6.983410835266113,3.5629050731658936,-46.291748046875,6.469076156616211,-17.328083038330078,5.893290996551514,-14.868894577026367,-2.533111095428467,-17.938722610473633,-3.010364294052124,5.94185209274292,36.21701049804688,5.789276599884033,10.363055229187012,5.113319396972656,6.483313083648682,5.431121826171875,5.079825401306152,4.29126501083374,4.986591339111328,5.324480056762695,4.89728593826294,6.305220603942871,5.224892616271973,-1.6112077236175537,-0.0699302181601524,0.3001198470592499,0.0517745167016983,0.0414504371583461,-0.0517766550183296,0.0864340960979461,0.1487484872341156,0.1191184595227241,-0.1691633611917495,-0.1818037182092666,-0.2295872569084167,0.0487800240516662,2.211179256439209,1.1204466819763184,1.3985267877578735,1.011508822441101,1.0237468481063845,0.9073256254196168,0.8515662550926208,0.6620327234268188,0.721215546131134,0.5217012166976929,0.7978000640869141,0.5937375426292419,0.5699974298477173,-0.0138773182407021,0.0603880546987056,0.0857641696929931,0.1239188835024833,0.1927696317434311,0.035907857120037,0.0337133519351482,0.0131433783099055,0.0369332619011402,0.0272859279066324,0.0427053309977054,0.025766821578145,0.0142951952293515,1.021312236785889,0.8134282231330872,0.6782840490341187,0.6844885349273682,0.814075767993927,0.4574392735958099,0.483536958694458,0.420753002166748,0.4285468161106109,0.4556788802146911,0.4370386600494385,0.3931029438972473,0.5038048028945923,0.0130892450809475,0.0078517191042757,0.1102674953078815,0.056274793638778,14.191519311443026,1,Laryngitis,1248,a_n
-236.87049865722656,201.2789459228516,3.067360639572144,45.13579559326172,-37.23735046386719,-12.942238807678224,-3.704254627227783,-4.159842491149902,27.334014892578125,-9.41016960144043,-12.290689468383787,9.349218368530272,-2.030323266983032,24.499664306640625,5.5151686668396,3.820933818817138,4.9359869956970215,5.8165283203125,5.771561145782471,2.9794936180114746,3.5667850971221924,4.646319389343262,3.065536975860596,3.6859076023101807,2.2989425659179688,2.832192659378052,-0.5636098384857178,-0.1980949640274047,0.0169638860970735,0.039102055132389,0.1172666400671005,-0.0057650986127555,-0.0548043251037597,-0.0467482767999172,0.0886741057038307,0.0461319610476493,-0.0801127925515174,0.0136489989235997,0.0246237311512231,1.7882438898086548,0.774681568145752,0.7288466691970825,0.7041552066802979,0.7493086457252502,0.6689729690551758,0.5122147798538208,0.6301754713058472,0.6490805149078369,0.583452045917511,0.5335208177566528,0.3841642141342163,0.3971835076808929,0.0322526097297668,0.0133837992325425,0.0738644525408744,-0.0015924108447507,0.0746086686849594,-0.0048038279637694,-0.0241660736501216,0.0199109874665737,0.0031265374273061,0.0183798596262931,0.0308358948677778,-0.0145985586568713,0.01645346917212,0.7822965979576111,0.3918661475181579,0.4823823869228363,0.3585467040538788,0.4753902852535248,0.4696857929229736,0.4164101183414459,0.3857690989971161,0.3925448358058929,0.3826601207256317,0.3949518203735351,0.2685707211494446,0.2762152552604675,0.0046161776170525,0.0026808184398724,0.0393449358948276,0.0180492316919531,21.304384769628943,1,Laryngitis,1257,a_n
-220.44137573242188,193.30441284179688,42.854637145996094,37.82735824584961,-58.62309646606445,-0.0349399335682392,-40.00271987915039,1.2571746110916138,-8.174505233764648,-19.112945556640625,18.33123588562012,-5.29685115814209,-21.53745651245117,11.414016723632812,6.165587425231934,3.870821237564087,5.045443058013916,5.9771342277526855,6.147922039031982,4.163852691650391,5.747453689575195,4.3131937980651855,4.40922737121582,3.9861326217651367,4.042918205261231,3.980644941329956,-0.2232075929641723,0.0869424119591713,0.0800966396927833,0.0762144699692726,-0.1962701827287674,0.0040900004096329,0.043285209685564,0.0788773074746131,-0.0035390644334256,-0.0231691747903823,0.0185363311320543,-0.011849507689476,-0.0244903713464736,1.8821773529052728,0.9838564991950988,0.5822831392288208,0.9205242991447448,0.9613994359970092,0.8678182363510132,0.7181714177131653,0.8659751415252686,0.6079937219619751,0.7779251933097839,0.6235908269882202,0.6269516944885254,0.6391381621360779,0.4049460887908935,-0.1780166625976562,-0.0393750369548797,-0.0903104767203331,0.167005181312561,-0.0404227785766124,0.0711409002542495,-0.073989138007164,0.0415129624307155,0.0689604207873344,-0.0569601282477378,-0.0011154693784192,0.0669395104050636,1.5081855058670044,0.7396754026412964,0.4749253392219543,0.5982430577278137,0.7009220123291016,0.5906832218170166,0.5540354251861572,0.5820044279098511,0.4815353751182556,0.5041656494140625,0.5368573069572449,0.499547928571701,0.4597767889499664,0.0024808708216886,0.0013645324966576,0.0339829477675081,0.0196532848638717,23.27268334558068,1,Laryngitis,1259,a_n
-239.5339813232422,200.1029815673828,-11.38669490814209,15.086363792419434,-34.230255126953125,-23.90731430053711,-33.699928283691406,9.118375778198242,21.02311134338379,-18.362754821777344,-16.620481491088867,4.689694404602051,-3.193450927734375,11.963890075683594,4.77804708480835,5.548170566558838,4.172906875610352,4.824031829833984,4.788454055786133,5.054868698120117,3.347078800201416,4.169354438781738,6.181735992431641,4.075705051422119,4.774165153503418,4.150552272796631,-0.3810599148273468,0.0271874889731407,0.0074484008364379,-0.006184640340507,-0.1971448808908462,-0.071432925760746,-0.15351003408432,-0.0104403104633092,0.0278561506420373,-0.0696263387799263,-0.1106846034526825,-0.0563221126794815,0.0575185939669609,1.962010383605957,0.794447124004364,1.0177184343338013,0.690502941608429,0.8985081911087036,0.7641057372093201,0.7461429834365845,0.5089123845100403,0.8173934817314148,0.926655411720276,0.5715270042419434,0.6076962947845459,0.4470695853233337,0.5107408165931702,-0.0416150726377964,0.1713809072971344,-0.0368714816868305,0.1174464598298072,0.0732546001672744,0.1060256958007812,-0.0544221997261047,-0.1062950491905212,0.0826764777302742,0.0672756731510162,-0.0312325116246938,0.0447850786149501,1.626366138458252,0.584204912185669,0.5969685316085815,0.4267237186431885,0.5032624006271362,0.6410596370697021,0.5102881193161011,0.3914182484149933,0.4682386815547943,0.5163705945014954,0.4527433812618255,0.3159750699996948,0.3698998987674713,0.004206040634805,0.0024449539269213,0.0216408891020056,0.0122982508266845,25.375409794087982,1,Laryngitis,1260,a_n
-178.0577392578125,221.53076171875,4.247876167297363,44.07096481323242,-6.598282814025879,-10.081786155700684,-38.86673355102539,13.526789665222168,14.997507095336914,-0.7784241437911987,2.639958620071411,-5.441946983337402,-6.802084922790527,23.66362571716309,7.243884086608887,5.34860897064209,7.520825386047363,4.468838214874268,3.989119291305542,4.347038269042969,3.647549152374268,7.097797393798828,5.579160213470459,3.342578411102295,5.172007083892822,4.412506580352783,-0.4305850863456726,0.109112374484539,0.0653143003582954,0.0749986767768859,-0.0758358910679817,-0.0295543950051069,0.0098612550646066,-0.0155947897583246,0.0690498054027557,0.0191286671906709,0.0233988016843795,0.0419110916554927,-0.1298237293958664,1.280321478843689,1.2153542041778564,0.6030487418174744,0.7452199459075928,0.6851463913917542,0.4849732518196106,0.8044655919075012,0.4748611450195312,0.5731875896453857,0.5147939324378967,0.4772109687328338,0.5056061744689941,0.511521577835083,0.1373098343610763,-0.1833418011665344,0.0716093853116035,-0.0699312686920166,0.0221264250576496,0.0201299488544464,0.0943218320608139,-0.0370408035814762,-0.020502969622612,-0.0028419981244951,0.0192667115479707,0.0219861660152673,0.0175395496189594,0.7580376267433167,0.7497212290763855,0.4018959701061249,0.4353910088539123,0.2973100841045379,0.3314976096153259,0.4750238060951233,0.3244420289993286,0.3283156156539917,0.312522828578949,0.3341805934906006,0.3003024756908417,0.3409019410610199,0.1049144213428321,0.0695198044346249,0.1952505215972928,0.1278983177621575,6.3316496826854,1,Laryngitis,1264,a_n
-227.013427734375,180.6548309326172,-34.68727493286133,-9.1066312789917,-48.04169845581055,-27.667192459106445,-14.725848197937012,6.551517963409424,11.139997482299805,-8.300565719604492,-15.31535816192627,5.371451377868652,0.6409062147140503,29.310028076171875,7.77681827545166,8.527162551879883,4.347254753112793,4.125174045562744,3.8463833332061768,2.6983115673065186,4.446737766265869,5.043931007385254,2.332194328308105,2.353134155273437,2.4794650077819824,2.5245769023895264,-1.240276336669922,0.3398689925670624,0.1071390956640243,0.1155123114585876,-0.0991898626089096,-0.0815889313817024,-0.071120411157608,0.0216562766581773,0.1972522437572479,0.0533327497541904,-0.0110568385571241,-0.0064595532603561,0.0588359199464321,3.387500524520874,1.24522602558136,1.3571979999542236,0.7799606919288635,0.6540835499763489,0.4911073744297027,0.3511804640293121,0.6143313646316528,0.583565354347229,0.4094392359256744,0.4180980920791626,0.4052520990371704,0.3949658274650574,0.6302158236503601,-0.0962320417165756,0.2176146507263183,-0.0059804492630064,0.1046668142080307,0.0376112051308155,0.0277081746608018,-0.0394927076995372,-0.0037615001201629,0.0411528348922729,0.0431885756552219,-0.0271784085780382,0.0060642203316092,2.4568796157836914,1.0553276538848877,0.7736995816230774,0.4574451446533203,0.5494188666343689,0.3526472747325897,0.2717082798480987,0.3645254075527191,0.3239528834819793,0.3087183833122253,0.2715392708778381,0.2804245054721832,0.2956763803958893,0.0023245859012441,0.0013837611690931,0.0208750922600344,0.012527477325605,28.41556167164628,1,Laryngitis,1265,a_n
-242.2306060791016,203.34765625,-25.132104873657227,27.84564208984375,-24.26693725585937,-17.345144271850586,-20.497648239135746,21.838058471679688,-17.949554443359375,3.6016600131988525,-0.1563827693462371,-33.01527404785156,4.472971439361572,10.656608581542969,6.25968074798584,5.472533226013184,4.150414943695068,3.257972240447998,4.010792255401611,3.090162515640259,3.06777024269104,3.735703945159912,4.545739650726318,4.3547892570495605,3.884207248687744,3.174080610275269,0.0452308394014835,-0.1915063858032226,0.0589190982282161,-0.0356152392923831,0.1099801436066627,0.115379586815834,0.0782801657915115,0.0057661291211843,0.0741780847311019,-0.0854311734437942,-0.0685967281460762,0.0559187829494476,-0.0024167743977159,1.5345970392227173,0.6473219990730286,0.7457470893859863,0.5766907930374146,0.4912751615047455,0.548514723777771,0.518756091594696,0.4363955855369568,0.4440441131591797,0.4048132300376892,0.5245274901390076,0.6317951083183289,0.5066803693771362,0.1878799349069595,-0.0158017072826623,0.1082295328378677,-0.0569695457816123,0.0483357571065425,0.0132212629541754,0.0277701430022716,-0.0109365452080965,0.0649223327636718,0.0019969372078776,-0.0092201000079512,0.0616599172353744,-0.0191750787198543,1.068701982498169,0.7527032494544983,0.6108289361000061,0.3965659141540527,0.3818438351154327,0.3694868981838226,0.3513245284557342,0.3989192247390747,0.3256776928901672,0.2961553335189819,0.4261680841445923,0.3770962059497833,0.3183563649654388,0.0037379970058356,0.0015649579744134,0.0363781858058819,0.0173377195129405,21.321516673707027,1,Laryngitis,1269,a_n
-184.762435913086,209.32437133789065,39.58095932006836,46.339969635009766,-31.86582374572754,-16.918193817138672,-30.999361038208008,23.02392578125,8.504982948303223,-12.696889877319336,-0.8754748702049255,-9.683635711669922,-3.4094057083129883,11.17837619781494,10.44066047668457,4.708432197570801,6.403615474700928,8.659316062927246,7.3246636390686035,6.124908447265625,6.470500469207764,8.46375846862793,3.818860530853272,3.9894511699676514,4.329690456390381,6.073187351226807,-0.3981808125972748,-0.1820022016763687,0.1601118892431259,0.3541893661022186,-0.270744115114212,0.1515479534864425,-0.0808921679854393,0.0622761324048042,-0.4076729416847229,-0.091194286942482,0.2469673752784729,-0.0348836295306682,-0.3784904479980469,1.537550926208496,1.6226954460144043,0.6044955849647522,0.8526735305786133,1.500753402709961,0.964890718460083,0.9041292071342468,1.2556229829788208,0.7474695444107056,0.5445188283920288,0.6553348898887634,0.6189011931419373,0.5680860877037048,0.5492879748344421,-0.36163330078125,-0.0668721124529838,-0.1153161376714706,0.2224498093128204,0.0843939259648323,0.2031637281179428,-0.3043872416019439,-0.07551259547472,0.0188698172569274,0.0034143102820962,0.1243075132369995,0.0022352247033268,1.3228180408477783,1.0364543199539185,0.388326495885849,0.5399001240730286,0.5963076949119568,0.478597342967987,0.5932380557060242,0.7598400115966797,0.4626376330852508,0.3458792865276336,0.4489078819751739,0.449177473783493,0.4018953442573547,0.0043129687510716,0.0020505557270039,0.0229219386655033,0.0109312953751804,20.92113914871066,1,Laryngitis,1274,a_n
-275.9265441894531,261.3512268066406,31.93085670471192,-0.5281283855438232,-39.1965217590332,-10.695596694946287,14.73773193359375,3.609351396560669,-34.160797119140625,0.7773657441139221,-3.1098313331604004,-6.886055946350098,-2.8174548149108887,11.341507911682127,6.486607074737549,6.234313011169434,4.922460556030273,5.805579662322998,3.152634859085083,5.2445244789123535,4.14689302444458,5.379941463470459,3.938876152038574,4.067368984222412,3.2484452724456787,3.1430819034576416,-0.290184885263443,0.0215323083102703,0.0373516976833343,0.0099583994597196,0.0273724161088466,-0.0318987146019935,0.0411879383027553,-0.0300940070301294,0.0033475500531494,0.0001931985170813,-0.0218636505305767,-0.0127507504075765,0.0314889140427112,1.420908808708191,1.1149389743804932,0.6995833516120911,0.5437965393066406,0.6347848773002625,0.5996588468551636,0.580475926399231,0.74393230676651,0.8889828324317932,0.5538299679756165,0.5023896098136902,0.5754864811897278,0.3794173002243042,0.1872991919517517,-0.1864680796861648,0.0347789302468299,-0.0020726528018712,0.0748382806777954,-0.0281338635832071,-0.0345329456031322,-0.0158866681158542,0.0854974165558815,-0.0268796570599079,-0.0107842851430177,0.0151585740968585,0.0089299846440553,0.8564516305923462,0.769691526889801,0.421699583530426,0.2989514768123626,0.4693088829517364,0.4002455770969391,0.4117059409618377,0.4137591421604156,0.5731800198554993,0.3529617190361023,0.3068652749061584,0.3226348161697387,0.247573435306549,0.0027954462327085,0.0012375960233224,0.0228368232917923,0.0119584577812476,27.37988816320857,1,Laryngitis,1283,a_n
-223.1475830078125,203.63772583007807,-21.57687759399414,-15.092894554138184,-34.041507720947266,2.7968642711639404,-34.31619644165039,3.741264581680298,13.765165328979492,-27.51211929321289,-0.5353449583053589,2.1375527381896973,-3.2329442501068115,33.25954818725586,11.838756561279297,8.53103256225586,6.532548427581787,7.415401935577393,6.5839715003967285,9.18023681640625,5.448838233947754,5.346731185913086,5.838825702667236,5.05797004699707,2.956590414047241,2.747610569000244,-1.733321189880371,-0.0229373779147863,0.0803105607628822,0.1339771598577499,0.0858879759907722,-0.0502068921923637,-0.1775556653738021,-0.0194884575903415,0.124386616051197,-0.0464534908533096,0.0001823793718358,0.020312936976552,0.0232888925820589,4.50946569442749,1.9362823963165283,1.3529335260391235,1.1543058156967163,1.0056397914886477,0.8544721007347107,1.5031343698501587,0.8650883436203003,0.8190670013427734,1.2938982248306274,0.6579710245132446,0.537290096282959,0.4856201708316803,1.2676684856414795,-0.6395902633666992,0.2574348151683807,0.2434798181056976,0.2330953776836395,-0.1641212254762649,0.3661615252494812,-0.0944275632500648,-0.141777217388153,0.2729586064815521,-0.0286660976707935,-0.0123467026278376,0.0112053556367754,2.8797929286956787,1.6607561111450195,0.6090986132621765,0.6880223751068115,0.7037467360496521,0.5350924134254456,0.8571526408195496,0.4757285118103027,0.4768380522727966,0.627886176109314,0.3661552667617798,0.2915670871734619,0.2727393805980682,0.0033522198870833,0.0018967297440889,0.0308947399673439,0.0165425946088005,24.817783555279952,1,Laryngitis,1295,a_n
-226.28135681152344,187.78549194335932,-16.804288864135742,10.278767585754396,-42.75327682495117,-26.87707901000977,-14.067748069763184,-7.19575309753418,-4.994189739227295,8.2383451461792,-15.350189208984377,-12.776379585266112,16.409996032714844,37.096439361572266,6.17861795425415,9.77212142944336,5.34967851638794,5.22371244430542,4.413241386413574,3.4882137775421143,7.871304988861084,4.871335506439209,3.456223249435425,3.7538461685180655,3.370243549346924,3.779036283493042,-0.9663455486297609,0.0904818549752235,0.0951467677950859,0.003792718052864,-0.0382337309420108,-0.0033526406623423,-0.0576931685209274,-0.1182852536439895,0.0288326703011989,0.0171625353395938,-0.0690740644931793,-0.0397653765976429,0.1161083057522773,3.186674833297729,1.1754755973815918,1.115964651107788,0.7940973043441772,0.7906506061553955,0.7281777262687683,0.4958251118659973,0.4778572022914886,0.6615989804267883,0.5109156370162964,0.5756595134735107,0.65288907289505,0.6129028797149658,0.488433301448822,-0.1029728651046752,0.1206483542919159,-0.0465763062238693,0.1131398528814315,0.0446960777044296,0.0113965924829244,0.0197743102908134,0.0481044463813304,-0.0063682524487376,0.0816972106695175,0.0401129238307476,-0.0465853475034236,2.0918002128601074,0.6901940703392029,0.7080386877059937,0.5310938954353333,0.5659428238868713,0.5253073573112488,0.3332452178001404,0.3778113126754761,0.4636912047863006,0.3608089089393616,0.5014237761497498,0.3953204751014709,0.4106656610965729,0.0028397665940248,0.0016063354089577,0.0253936494193716,0.0137031912528896,25.86743177770728,1,Laryngitis,1300,a_n
-279.8765563964844,265.0443725585937,16.958059310913086,-18.09608459472656,-19.66382026672364,0.1029080897569656,-27.41449737548828,-12.349796295166016,18.22396278381348,21.63284492492676,-8.476366996765137,-21.393856048583984,10.722323417663574,31.3297061920166,22.351259231567383,6.854996204376221,7.342594623565674,5.204732418060303,8.679384231567383,9.002960205078125,6.651555061340332,3.1542348861694336,2.864760637283325,4.564344882965088,3.182318925857544,4.885671615600586,-1.5334980487823486,-0.2663832902908325,0.2564955353736877,0.2492217421531677,-0.0232361126691102,0.1777093410491943,0.4403052628040313,-0.0686477199196815,0.038179125636816,-0.106138989329338,-0.0318508334457874,0.0851239040493965,-0.1753172725439071,2.534235954284668,2.966174602508545,1.491523265838623,0.9121662974357604,0.8108400702476501,1.067209243774414,0.7456648945808411,0.8228408694267273,0.4735856056213379,0.5076810717582703,0.5477356910705566,0.5024256706237793,0.4964015185832977,0.200609490275383,-0.5894123911857605,0.234785109758377,0.2904822826385498,0.0708527341485023,-0.2372719049453735,0.1003338620066642,0.0566200502216815,-0.0063798474147915,-0.0846034958958625,0.0472067184746265,0.1476102918386459,-0.1823040097951889,1.209468126296997,1.467534422874451,0.9653142690658568,0.8526735901832581,0.5138073563575745,0.8392977118492126,0.6852549910545349,0.5166351795196533,0.3503901958465576,0.3735556602478027,0.3393621444702148,0.425658643245697,0.530057430267334,0.007202327008174,0.0029265248453812,0.0675612783313267,0.0312837180728303,8.4200179974898,1,Laryngitis,1301,a_n
-215.6892547607422,165.5279998779297,18.709152221679688,38.93661117553711,-46.64464569091797,13.739245414733888,-19.540754318237305,-13.567099571228027,-0.8998311161994934,9.002663612365723,-13.65646743774414,-9.978535652160645,-6.163010597229004,20.681629180908203,5.481551170349121,6.684901714324951,5.79081916809082,8.588347434997559,5.328873157501221,5.5618414878845215,6.646796703338623,3.831640481948853,4.6617431640625,4.982377529144287,4.893808841705322,3.363487482070923,-0.7333952784538269,0.1274857074022293,0.0774295106530189,0.0419457182288169,-0.1404385715723037,0.1035141050815582,-0.0056602037511765,0.1985942423343658,0.0857323929667472,-0.0631073713302612,0.0807840526103973,-0.1142203956842422,-0.0608845651149749,2.630655288696289,0.8051501512527466,0.8097757697105408,1.0008363723754885,1.3288090229034424,0.855527400970459,0.6794239282608032,0.6249706149101257,0.5794336199760437,0.74261075258255,0.6626570224761963,0.5009503364562988,0.4384693503379822,0.7569026947021484,-0.2203870266675949,0.0113079138100147,-0.1738649606704712,0.3628182411193847,-0.0401199758052825,0.1400407999753952,0.0840702727437019,0.0067713665775954,-0.1237514838576316,0.1611218899488449,0.0546136684715747,0.0493483357131481,1.9864170551300049,0.7949730753898621,0.6067859530448914,0.6724777817726135,1.0416017770767212,0.4586701691150665,0.5492010116577148,0.5823386311531067,0.4548207223415375,0.561571478843689,0.5953672528266907,0.3667692840099334,0.4337093234062195,0.0042658057065529,0.002408523779122,0.0304971678321592,0.0164685241170167,21.331068528810302,1,Laryngitis,1307,a_n
-245.2689514160156,214.7875213623047,12.43577003479004,-0.2064511775970459,-39.89615249633789,-32.205780029296875,-27.309812545776367,3.156956672668457,12.1500244140625,-2.8144285678863525,5.0409440994262695,-25.30984878540039,-7.759653091430664,25.86281967163086,11.613903999328612,9.288278579711914,7.980351448059082,4.49459981918335,4.631280422210693,8.163379669189453,3.963390588760376,7.565805435180664,3.931988716125488,5.065747261047363,8.968607902526855,5.176993370056152,-1.253109574317932,0.0690036714076995,0.3241742849349975,0.2331894040107727,-0.0770104452967643,-0.0970285460352897,-0.0456522665917873,0.0195548217743635,0.1805179715156555,0.0228923596441745,-0.1118483394384384,-0.0119734201580286,-0.1042487919330596,3.7510132789611816,2.253381967544556,1.8231173753738403,1.0940934419631958,0.8324301838874817,0.6173468828201294,0.947615385055542,0.566474199295044,0.6438657641410828,0.7737223505973816,0.8341469168663025,1.0818066596984863,0.5757148265838623,0.7547796964645386,-0.4066866338253021,0.0700908154249191,0.0405232086777687,0.0772842019796371,-0.0144260022789239,-0.0066634439863264,-0.0435201898217201,-0.0038587404415011,0.0631472319364547,-0.0929247662425041,0.0990638881921768,0.0463904775679111,2.5827386379241943,1.4987038373947144,0.619702160358429,0.4515784978866577,0.4879698753356933,0.3766076564788818,0.4648627042770386,0.3687069714069366,0.3553691208362579,0.4211714565753937,0.5081470608711243,0.6736751198768616,0.3681420683860779,0.0065346009581606,0.0036587066245133,0.0262556029367792,0.01365037074803,23.251916393482013,1,Laryngitis,1311,a_n
-283.375244140625,204.1055603027344,48.48739242553711,33.19691467285156,-41.71720886230469,-7.403524875640869,-7.516486644744873,-4.9351019859313965,-16.958900451660156,17.5203800201416,7.48996114730835,-12.553035736083984,-9.597804069519045,16.063064575195312,6.897542953491211,6.837183952331543,5.259690761566162,6.3688740730285645,4.83793830871582,5.332204818725586,4.213747978210449,4.498749732971191,5.726375579833984,3.4491446018218994,3.873004913330078,3.987749099731445,-0.2052526026964187,-0.1224962100386619,0.1447208374738693,-0.0545216836035251,0.2132074534893036,-0.0552359819412231,-0.0732561573386192,-0.032149214297533,0.0112187955528497,0.0345594249665737,-0.044683564454317,-0.0558692067861557,-0.0097937043756246,1.7743644714355469,1.0986135005950928,0.8511488437652588,0.5460801124572754,1.0492106676101685,0.691556453704834,0.7759090065956116,0.6780073046684265,0.8227546811103821,0.7494354248046875,0.6861305832862854,0.6311973929405212,0.5833659172058105,0.2438280433416366,-0.1538767665624618,-0.1063921302556991,0.0163055825978517,0.1574791222810745,0.015551115386188,0.0358501560986042,0.0191476512700319,0.0701325982809066,-0.0559227876365184,-0.0599193274974823,0.0188508667051792,0.0198401976376771,1.0924718379974363,0.976514995098114,0.565276563167572,0.4318940341472626,0.6788182854652405,0.445921242237091,0.4344478845596313,0.5069544911384583,0.5389599800109863,0.5332251191139221,0.43002849817276,0.4350453019142151,0.3871243596076965,0.007485155858108,0.0024734353188466,0.0720903886978984,0.0331277256246324,14.323367453988132,1,Laryngitis,1315,a_n
-274.2886657714844,208.5205993652344,-2.047107696533203,7.082710266113281,-59.583099365234375,-2.408911943435669,-7.544719696044922,13.640576362609863,12.063607215881348,-2.097154378890991,7.482603073120117,-13.801179885864258,-2.5624053478240967,12.587955474853516,11.631229400634766,10.451329231262209,7.808785438537598,7.244545936584473,7.680160045623779,4.200781345367432,4.947559833526611,3.601600408554077,3.2042465209960938,2.890722274780273,3.673353433609009,3.318272352218628,-0.4290131330490112,-0.3006831705570221,0.2393842041492462,0.2694575488567352,-0.1465680003166198,0.202800303697586,-0.025694778189063,-0.0622204355895519,0.0514978915452957,-0.0945838913321495,0.0315329656004905,-0.0351349636912345,0.0554599910974502,1.7022926807403564,1.2411787509918213,1.0424525737762451,0.5184140801429749,0.9764286279678344,0.6629272103309631,0.630328893661499,0.5668023824691772,0.4893632233142853,0.6541346311569214,0.4817812144756317,0.4278596341609955,0.4907344579696655,0.453396737575531,-0.2365108132362365,0.2037323415279388,-0.0955832153558731,0.150960698723793,-0.0287103243172168,0.0047580818645656,-0.0805089399218559,0.0665221363306045,0.0141421239823102,-0.0699154287576675,0.0386456884443759,0.0012643225491046,1.4143774509429932,0.7656369209289551,0.6769855618476868,0.452144593000412,0.6522603034973145,0.3722072541713714,0.3401798009872436,0.4027729630470276,0.4152213931083679,0.3399786651134491,0.3773905336856842,0.2746276557445526,0.2824286818504333,0.0032837805030707,0.001714814829576,0.0296453935979616,0.0153853871899215,24.66559021491503,1,Laryngitis,1388,a_n
-208.2537841796875,187.34979248046875,40.27581787109375,25.71065139770508,2.946518421173096,9.531331062316896,4.753342151641846,10.408160209655762,4.028628349304199,2.7839958667755127,-0.4400782883167267,-0.9342191815376282,1.037817358970642,12.925769805908203,7.340337753295898,7.149519443511963,4.325767993927002,6.003942012786865,6.3194756507873535,4.194377422332764,5.242466926574707,3.708750009536743,3.409217596054077,3.4703214168548584,3.3489291667938232,3.0558884143829346,-0.2917041778564453,0.1052069365978241,-0.0928800702095031,-0.047853160649538,0.0790073797106742,0.0248845629394054,-0.0847485736012458,0.0073513709940016,0.0428592897951602,-0.0034817934501916,-0.0295824352651834,-0.0199827868491411,-0.0050604143179953,1.87825345993042,0.9922497868537904,0.8321167826652527,0.5249805450439453,0.9528009295463562,0.5621358156204224,0.5552801489830017,0.6932104825973511,0.619530975818634,0.4208846688270569,0.6101488471031189,0.4639574587345123,0.5060954093933105,0.2666648030281067,-0.1369124352931976,-0.0129327662289142,0.0201745461672544,0.0062554734759032,0.0200200453400611,0.0457809753715992,-0.0416575409471988,0.0042095901444554,0.0020282834302634,-0.0199380498379468,-0.0049677141942083,0.0235813520848751,1.2224361896514893,0.6859767436981201,0.480751484632492,0.352741003036499,0.4415948390960693,0.3696971833705902,0.4745215773582458,0.4411840736865997,0.3837746083736419,0.285366803407669,0.308838427066803,0.2444106042385101,0.3190008103847503,0.0353689291309859,0.0232722021673787,0.0558196031509879,0.029420107842145,25.641387499379054,1,Laryngitis,139,a_n
-212.06629943847656,199.1337127685547,-26.14022445678711,2.9324536323547363,-56.20118713378906,7.435894966125488,-4.777356624603272,-6.223575592041016,-3.26273775100708,-0.5832473039627075,-5.559933185577393,-9.723734855651855,2.452535629272461,31.921390533447266,13.91433334350586,25.06539726257324,6.727741241455078,7.595597267150879,4.395614147186279,6.450408458709717,4.068997859954834,5.607081413269043,3.2692220211029053,6.4389262199401855,4.855799674987793,2.499492883682251,-1.0164915323257446,-0.0076800659298896,0.4572260677814483,0.2333656549453735,-0.0771565064787864,0.0464161075651645,0.0402453579008579,-0.0784161388874054,0.0384384430944919,-0.0766114890575409,-0.1092281714081764,-0.0140026537701487,-0.0212766267359256,2.163032054901123,3.055873394012451,2.697916030883789,0.6952008008956909,1.1996405124664309,0.6088487505912781,0.8668071627616882,0.6813452243804932,0.6490604877471924,0.4799960255622864,0.5588399767875671,0.6262574791908264,0.3715858459472656,0.2963747978210449,-0.2626506388187408,0.1834136992692947,-0.0324310883879661,0.2608108818531036,-0.0523453913629055,0.023385165259242,0.0436788089573383,0.0803140997886657,0.0279373433440923,-0.0168565195053815,0.0679695457220077,0.0223147124052047,1.3343429565429688,1.542412281036377,1.2420411109924316,0.3914565443992615,0.9777243733406068,0.4096039533615112,0.4147663116455078,0.3891473710536957,0.3999633193016052,0.3695992529392242,0.3906436264514923,0.4133374989032745,0.2949336767196655,0.0126267580722276,0.0068304760179752,0.1091788189886255,0.0460432000154999,15.243719713713682,1,Laryngitis,1404,a_n
-250.9057464599609,232.39190673828125,11.489703178405762,-22.90557289123535,-38.52748489379883,-25.15560340881348,-4.792211055755615,15.084012985229492,-19.57542991638184,-6.462442398071289,-4.711964130401611,1.432376742362976,7.672807216644287,14.899085998535156,5.431652069091797,6.964487552642822,4.849970817565918,7.153441905975342,6.079008102416992,3.14324164390564,2.8287956714630127,4.215821743011475,4.696440696716309,4.740302085876465,3.2552058696746826,3.3953442573547363,-0.5125452876091003,0.1099333018064498,0.1155645102262497,-0.0866090133786201,-0.1419383138418197,-0.0874329060316085,0.0349769480526447,0.0320187248289585,-0.094798520207405,-0.0222138650715351,-0.0507350526750087,0.0126906521618366,-0.0259024035185575,2.465606212615967,0.8383364677429199,0.92518550157547,0.7189269065856934,0.655100405216217,0.6408056020736694,0.5483794212341309,0.5085184574127197,0.6235731840133667,0.4527943432331085,0.4523289203643799,0.3688935041427612,0.5527291893959045,0.3354246020317077,-0.0726586654782295,0.1099146157503128,0.0232374854385852,0.0875828713178634,0.0732630565762519,-0.026997122913599,-0.0464691519737243,0.0673888847231864,0.0182174853980541,0.0168839320540428,0.0082483859732747,0.0326506234705448,1.38882577419281,0.5275101661682129,0.5211869478225708,0.3974364101886749,0.6365587115287781,0.4094272553920746,0.3782794177532196,0.4269264936447143,0.4014650285243988,0.341396152973175,0.2995244562625885,0.3183101415634155,0.4018853902816772,0.0042852714793567,0.0023406265250797,0.1062790866711641,0.0630979062528265,21.254495120436868,1,Laryngitis,1405,a_n
-264.8801574707031,197.3219757080078,17.696590423583984,36.191219329833984,18.247228622436523,14.809560775756836,10.16287899017334,12.072190284729004,7.700677394866943,-3.4715006351470947,-1.93807315826416,2.941282272338867,1.4303840398788452,15.63327407836914,7.658032417297363,5.110419750213623,2.9893150329589844,6.3636651039123535,8.165982246398926,2.859896183013916,4.797525882720947,2.970306873321533,3.3964152336120605,3.10100531578064,3.710838794708252,2.3914954662323,-0.5128707885742188,0.1857845485210418,-0.0186809357255697,0.0446267016232013,0.0876752734184265,0.0895314440131187,-0.0028087794780731,-0.0384383872151374,-0.001412178389728,-0.0166558735072612,-0.0107605913653969,0.0359068065881729,0.0067296656779944,2.2916057109832764,1.4359779357910156,0.432536780834198,0.3871504664421081,0.4699701070785522,0.6072728037834167,0.4546055793762207,0.575807511806488,0.4483790397644043,0.4645331799983978,0.3549765646457672,0.3861848413944244,0.3267489671707153,0.3358558416366577,-0.2206398099660873,0.0441449247300624,-0.0409214049577713,0.0242469105869531,0.0425903052091598,0.0047968737781047,-0.0426208078861236,0.0201387535780668,0.0370156653225421,-0.0214272271841764,0.0035673631355166,0.0096166627481579,1.5904228687286377,1.0176979303359983,0.2478362917900085,0.2852173745632171,0.2517635226249695,0.3342969119548797,0.2930952906608581,0.3364554047584533,0.2706397175788879,0.3231150507926941,0.2472420930862426,0.3065717220306396,0.2092899829149246,0.00270786680665,0.0013584615746686,0.0096732050726886,0.0046602027228146,37.63696039185624,1,Laryngitis,141,a_n
-224.8216552734375,203.8399810791016,6.030282974243164,10.331518173217772,-43.33452606201172,-28.40788078308105,-24.856830596923828,14.4910249710083,-4.322582244873047,5.045442581176758,-1.748305082321167,-22.73781013488769,21.664112091064453,29.336450576782227,5.6414313316345215,4.890638828277588,4.5322675704956055,4.745985507965088,4.578761577606201,3.491673707962036,4.482035636901856,3.661895275115967,2.981331348419189,3.08096694946289,3.765753507614136,5.521879196166992,-0.4222750663757324,-0.0003182358341291,0.0451289229094982,0.0237101819366216,-0.0292891822755336,-0.0795879662036895,0.035837173461914,-0.0320889204740524,-0.0217708237469196,0.0107975825667381,0.0077905762009322,-0.0174434762448072,0.0029767884407192,1.893018126487732,0.6774263381958008,0.635326087474823,0.6617400050163269,0.6516268849372864,0.4630763828754425,0.5238821506500244,0.4481296241283417,0.5228490233421326,0.5005003809928894,0.5176172256469727,0.6447208523750305,0.5339173674583435,0.2369160801172256,-0.0705353915691375,0.0657536908984184,-0.0407955944538116,0.0551756769418716,0.016437454149127,0.0364501252770423,-0.0531870648264884,0.0206528734415769,-0.0054060551337897,-0.0106065459549427,0.0456568785011768,-0.02266551181674,1.0711517333984375,0.5467320680618286,0.487878680229187,0.4546611309051513,0.4382417500019073,0.3761039674282074,0.4130733013153076,0.408051997423172,0.3309785723686218,0.2983798384666443,0.376860648393631,0.402015209197998,0.4035616815090179,0.0022329429774497,0.0009153873986866,0.0288322241688546,0.0164571635135116,26.40183154482544,1,Laryngitis,1414,a_n
-177.07044982910156,207.16200256347656,7.529970645904541,48.37917709350586,-36.82779693603516,-5.908746719360352,-21.60968017578125,-4.0578155517578125,11.089316368103027,-6.913101196289063,-20.137428283691406,-10.79148006439209,-25.002748489379883,10.117863655090332,4.557236671447754,7.921521186828613,4.8977155685424805,4.287813663482666,3.232849597930908,4.04341983795166,2.4894661903381348,2.358194589614868,3.679527759552002,3.059821844100952,2.5347681045532227,5.504586696624756,-0.2439512312412262,-0.0947405621409416,0.0771861374378204,0.1251755207777023,0.0686500072479248,-0.047514870762825,0.1198621913790702,-0.0147233679890632,-0.0720781832933425,-0.0531776919960975,-0.0569432377815246,0.0062571535818278,-0.1312008947134018,1.3314319849014282,0.5816992521286011,1.5064480304718018,0.8767576217651367,0.7783854007720947,0.5512267351150513,0.5496194958686829,0.3806101679801941,0.4096229672431946,0.6168735027313232,0.6413682699203491,0.4076417088508606,0.420652687549591,-0.100822165608406,-0.0719683915376663,0.2514250576496124,-0.1427107453346252,0.1986580342054367,0.0253056194633245,0.0253658331930637,-0.0511487573385238,-0.0054237637668848,0.0089090075343847,0.0430681221187114,-0.0235470533370971,0.1029719933867454,0.7847384810447693,0.4547049105167389,0.7672004699707031,0.6382707953453064,0.5818822383880615,0.3640293776988983,0.4312217831611633,0.3423460721969604,0.265635222196579,0.3859284222126007,0.3217364549636841,0.3809926211833954,0.4099777638912201,0.0142263072758586,0.0078399008457053,0.062541294619168,0.0342716434540619,15.09868353801208,1,Laryngitis,1426,a_n
-205.6351318359375,186.6337432861328,21.09687805175781,37.03631591796875,-37.730228424072266,-15.276752471923828,-0.9465456008911132,-2.338220834732056,12.375492095947266,7.791346549987793,-10.271031379699709,-2.078207015991211,7.288342475891113,8.260272026062012,6.473710060119629,4.121723175048828,6.186856746673584,6.122203350067139,5.614471435546875,6.8634772300720215,4.160898685455322,5.983973503112793,4.90167760848999,4.726248264312744,3.923143148422241,3.1217994689941406,0.0710014104843139,-0.1267451345920562,0.0071928356774151,0.0215556249022483,-0.0060968082398176,-0.0760248601436615,0.0957759022712707,-0.014370234683156,-0.0919472053647041,0.0450130775570869,0.0091092400252819,-0.0018715725746005,-0.0070795295760035,1.225003004074097,0.9252190589904784,0.6637320518493652,0.7088283896446228,0.9785608649253844,0.6673018336296082,0.6006559133529663,0.591096818447113,0.600976288318634,0.6007412075996399,0.5856895446777344,0.5558735728263855,0.5342238545417786,0.0520538426935672,-0.0025530841667205,0.0038653186056762,-0.0568735636770725,0.0661994069814682,0.0402847491204738,0.0151395807042717,0.0126030230894684,0.0047341505996882,0.0045274058356881,0.0141154872253537,-0.0137691050767898,0.0116360373795032,0.877804696559906,0.5037687420845032,0.488817423582077,0.5528493523597717,0.5752701163291931,0.492601990699768,0.5066413283348083,0.4562409520149231,0.4464804530143738,0.3685109913349151,0.3676255345344543,0.3698160052299499,0.3622121214866638,0.0054644131134216,0.0024275501815084,0.040029734945818,0.0201178965116903,17.556650531403978,1,Laryngitis,1436,a_n
-294.87744140625,225.201400756836,16.026636123657227,-5.972100257873535,-27.93704414367676,-19.159645080566406,-9.35102081298828,15.893878936767578,-4.854406356811523,0.1669982373714447,-6.432709217071533,-5.164448261260986,13.50422191619873,14.234938621520996,4.51183557510376,6.296732425689697,3.9499146938323975,3.577511548995972,4.427340984344482,5.575611591339111,3.9310462474823,3.847912788391113,2.862042188644409,2.5293543338775635,3.3406057357788086,3.3697545528411865,-0.2496144920587539,-0.032326653599739,0.0360445119440555,0.0219078883528709,-0.0099100219085812,-0.0195034090429544,0.0526488088071346,0.0196205824613571,-0.0087818708270788,-0.0140167605131864,0.003229527035728,0.0053512761369347,-0.0556637346744537,1.553972601890564,0.7756595015525818,0.8533613681793213,0.6367923021316528,0.4987438023090362,0.6532720327377319,0.6805251836776733,0.6497894525527954,0.5542205572128296,0.4652631282806396,0.4290431439876556,0.5329195857048035,0.4072587192058563,0.059123333543539,0.0466590896248817,0.0935391336679458,-0.0059468098916113,0.0179184712469577,0.0113710416480898,-0.0024152372498065,-0.0056595564819872,0.0202619731426239,-0.0077018588781356,0.0132812103256583,0.027359876781702,-0.0076278303749859,0.7691141366958618,0.4924605786800384,0.5277653932571411,0.4499783217906952,0.4223453998565674,0.4381498396396637,0.4293200075626373,0.3737041354179382,0.3620849847793579,0.3386923670768738,0.2960330545902252,0.3535866141319275,0.324597030878067,0.0037229013412323,0.0020805009641171,0.0258335541470563,0.0117051947519142,26.16235917984004,1,Laryngitis,1440,a_n
-226.3629302978516,222.6927490234375,18.6038875579834,26.984708786010746,-36.40519714355469,-8.139830589294434,-19.338424682617188,26.763879776000977,12.399561882019045,-28.388084411621094,-4.362367630004883,-7.756696701049805,1.677693247795105,20.619779586791992,4.492114543914795,7.626143455505371,4.55394458770752,5.231241226196289,5.961282253265381,5.664774894714356,3.958869695663452,4.116151332855225,4.317046165466309,4.915955066680908,3.991965055465698,5.118801593780518,-0.2546785175800323,0.0046695107594132,-0.1159648597240448,-0.0287870448082685,0.04304875805974,0.0750662311911583,0.0425374284386634,-0.0360193364322185,0.0317289046943187,-0.0328454636037349,-0.0665342137217521,-0.0143257174640893,0.0547859258949756,1.7725322246551514,0.7856956124305725,1.0723141431808472,0.8361074924468994,0.7272744178771973,0.6692044138908386,0.6232084631919861,0.5007331371307373,0.5171694159507751,0.5959012508392334,0.5414372086524963,0.5426862239837646,0.6569100618362427,0.1162935569882392,-0.103518821299076,0.0382147654891014,-0.025238774716854,0.0629836097359657,-0.0002267227537231,0.0377360694110393,-0.0186591409146785,-0.003026521531865,0.0220147240906953,-0.0202186554670333,0.0183777585625648,-0.0010742150479927,0.9614784717559814,0.5469252467155457,0.4967260360717773,0.4442196190357208,0.4117185771465301,0.4194953441619873,0.3781639039516449,0.4236517250537872,0.3662278652191162,0.3575795292854309,0.3357310593128204,0.3590114712715149,0.3489942550659179,0.0058718548482944,0.0029751898294055,0.022263936324659,0.0107082934138147,21.4492523665283,1,Laryngitis,1447,a_n
-232.9761199951172,237.61642456054688,-1.4684892892837524,18.141433715820312,-27.84843635559082,-16.651073455810547,-1.3886966705322266,11.22197151184082,0.2436808198690414,7.841708660125732,6.041888236999512,-15.590758323669434,-1.0685091018676758,25.54488754272461,8.331226348876953,5.171848297119141,3.0668163299560547,6.190695762634277,2.217611074447632,2.860997438430786,3.0131161212921143,5.634533882141113,4.106157302856445,3.0644822120666504,3.274749279022217,2.657773971557617,-0.4338254332542419,0.0147950677201151,0.0001383221097057,0.0309418868273496,0.0501888953149318,0.0140635687857866,0.0351844802498817,-0.0243209116160869,0.0251073241233825,-0.0203602127730846,-0.0371256247162818,-0.0016318989219143,-0.0227526314556598,1.8560450077056885,1.5132341384887695,0.9011486172676086,0.4222316145896911,0.5570974946022034,0.3650454878807068,0.3591741621494293,0.3186259567737579,0.5823354721069336,0.4393707513809204,0.399524450302124,0.4777843654155731,0.4059117436408996,0.2762520611286163,-0.2529837489128113,0.1333432793617248,-0.0258969962596893,0.0412332378327846,-0.0110947862267494,-0.0184564758092165,-0.0163212101906538,0.0877861231565475,-0.0348478294909,-0.0215259883552789,0.0304104331880807,-0.0350139141082763,1.2300431728363037,1.0722712278366089,0.617107629776001,0.3357488512992859,0.342330127954483,0.3083339929580688,0.2752570211887359,0.2933898568153381,0.5727946758270264,0.3210324347019195,0.3641155958175659,0.2697203755378723,0.3206338286399841,0.0043792747534206,0.002527791014153,0.0244929514986481,0.0129295451475638,19.296180818599893,1,Laryngitis,1456,a_n
-287.7730407714844,226.9182891845703,38.976524353027344,53.83631896972656,-39.3405876159668,-9.765719413757324,-2.963274955749512,-20.23966789245605,6.793758392333984,18.080018997192383,12.250889778137209,2.555293560028076,-0.6121348738670349,33.2138557434082,14.626769065856934,7.741333484649658,8.974254608154297,11.846732139587402,6.722564220428467,18.908540725708008,6.158602714538574,11.713458061218262,6.446061611175537,7.383479118347168,3.244213581085205,3.222669839859009,-1.1227797269821167,0.1407305598258972,0.0670951008796691,0.0184897910803556,-0.1850456744432449,-0.0237764213234186,0.2842882573604584,0.0671210959553718,-0.076927363872528,0.0482997596263885,0.0069288886152207,-0.0503753162920475,0.005316823720932,3.3751776218414307,2.3732826709747314,1.0582016706466677,1.603263258934021,1.4493606090545654,0.9461711049079896,1.205491065979004,0.9514616131782532,1.0755534172058103,0.5924786925315857,0.7169440984725952,0.5130426287651062,0.5852537751197815,0.6882681846618652,-0.3908531665802002,0.0290578510612249,-0.2867333590984344,0.2297029644250869,-0.0131881134584546,-0.095058262348175,0.0873413011431694,-0.0397054031491279,-0.0489905476570129,0.0051861801184713,0.0029036353807896,0.0042766630649566,2.1758530139923096,1.501686692237854,0.7688064575195312,1.0639163255691528,0.913929045200348,0.6364349126815796,0.6751054525375366,0.5079226493835449,0.7390030026435852,0.4075932800769806,0.3869114518165588,0.3965890109539032,0.3448199927806854,0.0506923401794846,0.030999258837127,0.0958307053462381,0.0503789674608284,12.993551728845253,1,Laryngitis,1463,a_n
-143.19894409179688,147.2241668701172,20.055025100708008,67.768798828125,-62.024173736572266,-2.060349941253662,-29.26984596252441,7.314333915710449,-17.066959381103516,27.71384048461914,5.299592971801758,-20.1748161315918,4.2840423583984375,8.74169635772705,8.018158912658691,4.891974449157715,11.104148864746094,7.079024314880371,4.751199245452881,9.890125274658203,4.575434684753418,9.921212196350098,4.404520988464356,7.743891716003418,5.592718601226807,11.25313949584961,-0.200014054775238,-0.2087776064872741,-0.0311124380677938,0.2745046615600586,-0.1046400815248489,-0.0012072961544618,0.3244527280330658,-0.0428012534976005,-0.0932895541191101,-0.087673045694828,0.0019798018038272,-0.2292843759059906,-0.1447292119264602,1.2408558130264282,0.7290232181549072,0.846845269203186,0.6095719337463379,0.757106363773346,0.8076545000076294,0.7370595932006836,0.6726177930831909,0.8927026391029358,0.6930298805236816,0.7480688095092773,0.6321448087692261,0.8173414468765259,-0.1343779861927032,-0.0065041463822126,0.0698868706822395,0.025810919702053,0.0331534780561924,-0.116389125585556,0.0309850722551345,0.0848656445741653,-0.0190148465335369,-0.1172169297933578,-0.0121773378923535,0.0355224013328552,-0.0169541183859109,0.7838469743728638,0.4613848924636841,0.555141031742096,0.3721958696842193,0.5379530787467957,0.7401827573776245,0.5741946697235107,0.4797184765338897,0.5394859910011292,0.5950950384140015,0.5384837985038757,0.4094798564910888,0.4109226763248443,0.0115715971209327,0.0061521972368794,0.1485157636337704,0.0747656757857141,6.854393328103083,1,Laryngitis,1472,a_n
-222.2516326904297,253.59243774414065,12.031248092651367,28.28718948364257,-15.034273147583008,-20.833431243896484,-10.685735702514648,-4.858880043029785,14.351709365844728,4.480940341949463,-22.18938064575196,-11.341135025024414,8.317144393920898,35.11248779296875,9.05087947845459,16.44584083557129,4.399827480316162,4.681159973144531,8.33774471282959,4.980496406555176,5.249176025390625,5.87702751159668,8.387726783752441,4.762097835540772,3.960538387298584,6.773924827575684,-0.4918107092380523,-0.1746596843004226,0.2730006575584411,-0.0787199363112449,0.0527508631348609,0.0970741808414459,0.0946185365319252,-0.0757382065057754,0.0195166654884815,-0.1490572243928909,-0.0486674197018146,0.0171899180859327,-0.1009556204080581,2.1015899181365967,0.9656034708023072,0.7412022948265076,0.6796225309371948,0.7129873633384705,0.7238597869873047,0.6115823984146118,0.5530495643615723,0.5670642256736755,0.5338440537452698,0.6285737156867981,0.4719985425472259,0.4614715278148651,0.2091661989688873,-0.1278945803642273,0.0156374480575323,-0.0161806587129831,0.0559076964855194,0.0286209322512149,0.0128617212176322,0.0243784226477146,-0.0207594688981771,0.0042611770331859,0.0346871130168437,0.0276484731584787,0.0184644125401973,1.4567548036575315,0.8169665336608887,0.4590197503566742,0.4117700159549713,0.4273198246955871,0.3887113332748413,0.3566030859947204,0.2758993804454803,0.3612052202224731,0.2785898447036743,0.3546266853809356,0.2797192335128784,0.2879377007484436,0.0028802791245825,0.0012017274721311,0.0293737966636128,0.0117201681362771,26.63931923878768,1,Laryngitis,1554,a_n
-316.3082580566406,251.49562072753903,17.321069717407227,4.682423114776611,-31.324359893798828,-10.574338912963867,-24.435720443725582,0.5259842276573181,20.884721755981445,-21.23008346557617,-25.500118255615234,-4.105118274688721,11.680557250976562,14.308430671691896,6.61115312576294,9.557847023010254,5.692604064941406,5.916423797607422,4.49018669128418,9.084945678710938,3.3700649738311768,6.796850204467773,7.81297492980957,10.520028114318848,8.009117126464844,5.046037673950195,0.0727607980370521,-0.1612108200788498,0.042172972112894,0.1373013705015182,0.0396859981119632,-0.0018454467644914,0.1533222049474716,-0.0092191640287637,-0.1161371618509292,-0.0839980542659759,-0.0925250798463821,0.1177177354693412,-0.0701531842350959,1.68373703956604,1.1826212406158447,1.2551474571228027,0.9291014671325684,1.2090144157409668,0.9049569964408876,0.9270866513252258,0.600114107131958,1.1653506755828855,0.8564464449882507,1.2319083213806152,0.8344506621360779,0.760154664516449,-0.0126933315768837,-0.0652146711945533,0.1328492313623428,0.0487945266067981,-0.0077579994685947,-0.0266719628125429,-0.0096819996833801,0.0318785011768341,0.0399706549942493,-0.0078474255278706,0.0063991579227149,0.0099272355437278,0.0093300398439168,0.8559159636497498,0.7315213084220886,0.809889018535614,0.589234471321106,0.662257969379425,0.578262448310852,0.5624169707298279,0.3992499411106109,0.640933096408844,0.5184696912765503,0.680159330368042,0.5139603018760681,0.3964469730854034,0.0139352955796685,0.0088611772708177,0.0624198466935924,0.036758459086415,17.561307057383083,1,Laryngitis,1567,a_n
-281.544921875,152.5680694580078,26.97488021850586,36.506629943847656,-50.71401596069336,-15.243850708007812,-24.966020584106445,25.42436408996582,-9.016641616821287,5.128654479980469,15.509980201721191,-17.87325096130371,-10.830623626708984,10.175182342529297,4.638821601867676,4.456370830535889,4.237817764282227,4.457009315490723,3.1372830867767334,3.003713130950928,4.358156204223633,3.903959274291992,2.969446420669556,3.806154727935791,4.256457328796387,3.297341108322144,-0.1968482583761215,0.0887989029288292,0.0897227749228477,0.0494934991002082,-0.0922647714614868,-0.0161662604659795,-0.0450965240597724,0.0129387127235531,-0.0618503578007221,-0.0220867898315191,-0.0252350158989429,-0.0747527554631233,0.0007636759546585,1.183343768119812,0.6648949980735779,0.5792873501777649,0.6936928033828735,0.7981271147727966,0.5795397758483887,0.5485069751739502,0.6454662084579468,0.6043965816497803,0.4644501805305481,0.6048731207847595,0.6923507452011108,0.5664363503456116,0.1673103719949722,0.0478915758430957,0.0194700676947832,-0.0573462657630443,0.0406238436698913,-0.0186955351382493,0.0281533747911453,-0.0507251992821693,0.0629833713173866,-0.0081844739615917,-0.0320839509367942,0.0242023784667253,0.0366361811757087,1.01711106300354,0.4973246157169342,0.492380827665329,0.6137924790382385,0.5455852150917053,0.4110473692417145,0.4083502888679504,0.4967472851276397,0.499548077583313,0.409756988286972,0.4744109809398651,0.4310106039047241,0.4376722574234009,0.0023999290635164,0.001168698813766,0.0306424913144879,0.0141592158758172,21.83585371135191,1,Laryngitis,1578,a_n
-239.7029266357422,245.30276489257807,26.57445335388184,-0.814932644367218,-25.753129959106445,-14.638705253601074,-11.2028169631958,-1.709988355636597,-1.448622465133667,-4.246655464172363,-3.1787240505218506,-11.943750381469728,-4.583799839019775,22.978986740112305,8.566218376159668,5.129881858825684,8.646245002746582,4.800827980041504,6.990787029266357,5.461792945861816,4.845948219299316,3.0088698863983154,4.009993076324463,2.968635082244873,4.804630756378174,3.656157970428467,-0.3242169618606567,0.0309355165809392,-0.0138876596465706,-0.0378375574946403,-0.0016528447158634,0.0929053202271461,0.026484552770853,-0.0144407916814088,0.0115386331453919,-0.0298131108283996,-0.0210638772696256,-0.0562591068446636,-0.0179315134882926,1.8098241090774536,1.107778549194336,0.8929504752159119,1.0477536916732788,0.7406281232833862,0.6695835590362549,0.7352015972137451,0.713864266872406,0.5236876010894775,0.6248001456260681,0.4644924104213714,0.5486070513725281,0.5191140174865723,0.293358564376831,-0.2018602043390274,-0.0200277920812368,0.0133443176746368,0.0586055852472782,-0.0103019420057535,-0.0175447911024093,0.0213169641792774,-0.0160139482468366,-0.030464993789792,0.0412108153104782,0.0356758497655391,0.0069861863739788,1.502307415008545,1.066675305366516,0.5765541195869446,0.6338719129562378,0.5115567445755005,0.5261358618736267,0.4341342449188232,0.482156366109848,0.3692598938941955,0.4181018471717834,0.3703810572624206,0.3407139778137207,0.3163378536701202,0.0075647455185288,0.0039740247610826,0.0276751971440793,0.015050827887807,19.686110124287666,1,Laryngitis,1599,a_n
-194.52989196777344,196.140380859375,-26.47923851013184,6.250738143920898,-39.65077972412109,0.7158986926078796,-20.320770263671875,0.7454293966293335,3.8038253784179688,-22.632129669189453,9.767200469970703,-2.908313512802124,1.647383213043213,22.45244026184082,14.981268882751465,9.371325492858888,5.0491790771484375,5.125601768493652,5.0847039222717285,4.5246357917785645,6.495190620422363,3.112680435180664,4.266024589538574,2.9622695446014404,3.506823778152466,3.259514331817627,-1.071109175682068,0.4086663126945495,0.0654671564698219,0.2511902451515198,-0.0327163599431514,0.0833124443888664,-0.0439276210963726,-0.0681385472416877,0.0059055993333458,-0.1430599689483642,0.0840597301721572,0.023246556520462,0.0013755342224612,3.6219754219055176,1.6191312074661257,1.667158126831055,0.8412731885910034,0.8019298315048218,0.7001744508743286,0.9474924802780152,0.9389652013778688,0.5647259950637817,0.7604904770851135,0.5268512964248657,0.587434709072113,0.532716691493988,0.5144513249397278,-0.1838406473398208,0.2230262905359268,0.0264597628265619,0.1446454524993896,0.0302246864885091,0.0868621990084648,-0.0176698267459869,0.0154438894242048,0.0960095301270484,0.0173878073692321,0.0296030156314373,-0.0062675736844539,2.0771713256835938,1.0688039064407349,0.9766106009483336,0.3941882848739624,0.7827490568161011,0.4022051095962524,0.5453634858131409,0.4638229012489319,0.4080341458320617,0.4555487930774688,0.3701733946800232,0.2979337871074676,0.3203151524066925,0.004714675002634,0.0028283251058921,0.0251946770127254,0.0140073164857091,22.383660257040155,1,Laryngitis,1610,a_n
-250.37635803222656,229.90719604492188,6.002456188201904,47.870826721191406,-27.98153114318848,-17.504426956176758,5.634771347045898,-9.15756607055664,-12.442461967468262,11.72476577758789,17.88754653930664,-18.131526947021484,-4.642177581787109,19.320545196533203,8.63179874420166,6.059905052185059,4.918494701385498,6.566200733184815,4.429234504699707,5.090877056121826,5.946201324462891,7.531135559082031,4.791585922241211,3.500302314758301,4.268700122833252,3.960862874984741,-0.3507370948791504,0.0684932619333267,-0.1033135652542114,0.043084979057312,-0.0161908604204654,-0.0290766526013612,0.0096011646091938,0.018473545089364,0.1058139353990554,-0.0762821063399314,0.0236871931701898,0.0125058460980653,-0.0493245385587215,1.464648962020874,1.3347111940383911,0.9943535327911376,0.7937976121902466,1.162828803062439,0.7643099427223206,0.7585444450378418,0.9692639112472534,0.6759582161903381,0.5720957517623901,0.5549381375312805,0.7268043756484985,0.4716878533363342,0.1070638298988342,-0.1725408881902694,0.123210534453392,-0.0310479309409856,0.1450661867856979,-0.0340708829462528,0.0151812843978405,-0.0021501623559743,0.0169939715415239,0.0163459088653326,-0.0294341910630464,0.0764070153236389,0.0099602816626429,0.6979905962944031,0.8259430527687073,0.6582302451133728,0.5603449940681458,0.7274422645568848,0.5771026015281677,0.5624688863754272,0.6221771240234375,0.4980914294719696,0.3431358337402344,0.4644880890846252,0.458991676568985,0.3931517601013183,0.0184173711870278,0.0108507373759838,0.0625516050788495,0.0275884949987693,16.155217761395466,1,Laryngitis,1613,a_n
-233.33135986328125,204.9554901123047,0.938239336013794,24.537612915039062,-27.96883201599121,-14.051596641540527,-19.385984420776367,19.751548767089844,-18.58472442626953,18.09281349182129,5.000121116638184,-35.621299743652344,0.9678946137428284,17.9094181060791,8.0778169631958,7.3607177734375,5.021910190582275,4.673432350158691,5.065009117126465,4.748314380645752,3.893399715423584,4.227439880371094,4.255764007568359,3.992307424545288,5.178822040557861,3.139047145843506,-0.5361374020576477,0.2694934010505676,0.0415533669292926,0.0865346640348434,-0.0299772974103689,0.0508840978145599,-0.049680408090353,-0.0043466850183904,-0.0233443938195705,-0.0315393395721912,0.045071106404066,-0.1566417515277862,-0.0183186139911413,2.2372639179229736,1.5387407541275024,0.997857391834259,0.7609514594078064,0.6078214049339294,0.5601766109466553,0.6983702182769775,0.6611471176147461,0.7228158116340637,0.6354811787605286,0.5745531320571899,0.721115231513977,0.4864517152309418,0.3866933584213257,-0.2280436754226684,0.152469977736473,-0.1021344289183616,0.0423962213099002,0.0066058072261512,0.0886300653219223,-0.1045693159103393,0.1093362718820571,-0.0403436012566089,-0.0522370152175426,0.1327320486307144,-0.018499594181776,1.7134581804275513,1.0397896766662598,0.8339106440544128,0.5788712501525879,0.4187346994876861,0.4006730616092682,0.5880782008171082,0.5117655396461487,0.5015930533409119,0.3820274174213409,0.3466904461383819,0.6019733548164368,0.3438781499862671,0.0041551757638457,0.0016825213276956,0.0339914369978461,0.0165700181833465,21.21544786963325,1,Laryngitis,1614,a_n
-200.04937744140625,195.01809692382807,2.607992172241211,22.47359085083008,-58.50128555297852,21.07738494873047,-25.68673324584961,-3.565260887145996,9.172021865844728,-21.07568359375,-0.4158748686313629,8.104181289672852,-14.798885345458984,18.0257625579834,5.748473167419434,13.074462890625,4.9890007972717285,7.305452346801758,9.327936172485352,6.627607822418213,5.032859802246094,8.630802154541016,5.229494571685791,5.314273357391357,4.871062755584717,3.654993295669556,-0.3759672343730926,-0.0369420424103736,0.170120969414711,0.0795967057347297,-0.0055178883485496,0.1327069103717804,0.0448766387999057,-0.0167384091764688,-0.0866116434335708,-0.0238427724689245,-0.0799726918339729,-0.0053727310150861,0.0260587688535451,1.150426983833313,0.6515724062919617,1.0200719833374023,0.7189252376556396,1.134442687034607,0.6560407876968384,0.8701282739639282,0.6258382797241211,0.6976531147956848,0.7867159247398376,0.6504060626029968,0.6256614327430725,0.7128134369850159,0.1672953367233276,-0.0981967449188232,0.0613751336932182,-0.0519846938550472,0.0821069702506065,-0.0553088784217834,0.0550371557474136,-0.0492641068994998,-0.0260717496275901,0.0538805983960628,0.0210781581699848,-0.003538807388395,-0.0025149499997496,0.7876303195953369,0.6302293539047241,0.638654351234436,0.5232678055763245,0.5851218104362488,0.4911268353462219,0.6009652018547058,0.4350549280643463,0.4607401192188263,0.4794874191284179,0.4345397353172302,0.4402772188186645,0.4525074362754822,0.0021086644838811,0.001057068029821,0.0323230690344851,0.0180035052153983,21.367185894181645,1,Laryngitis,1617,a_n
-301.3108825683594,216.0093231201172,38.650421142578125,22.845149993896484,-24.754589080810547,-7.311557292938232,8.513012886047363,-10.903057098388672,-2.4317543506622314,14.76494026184082,-0.2484890669584274,-17.659791946411133,2.784130096435547,26.526817321777344,11.681930541992188,6.35825777053833,7.639706611633301,5.483667373657227,11.275891304016112,9.14260482788086,5.254323959350586,4.718574523925781,3.7381961345672607,4.567345142364502,4.044088840484619,4.28901481628418,-0.640048623085022,-0.1962858587503433,0.0551551952958107,0.0600138306617736,0.1013348996639251,0.1430808454751968,0.05618142709136,-0.0624240860342979,0.0176733490079641,0.0686962455511093,-0.0286726560443639,-0.0224396958947181,0.001259421580471,3.2255570888519287,1.891140937805176,1.056249737739563,1.203238844871521,1.0839478969573977,0.8435901403427124,0.8387455344200134,0.7963800430297852,0.6156888008117676,0.700203001499176,0.5201399326324463,0.7182851433753967,0.4814611971378326,0.2206340730190277,-0.1441476047039032,0.0398711115121841,-0.0312783755362033,0.050230398774147,0.0305012427270412,-0.0136579358950257,-0.0033742226660251,0.012794361449778,0.0102035775780677,0.0014925100840628,0.0436037704348564,0.0214083176106214,1.651462197303772,1.1609123945236206,0.744819164276123,0.751112163066864,0.7604512572288513,0.5782378315925598,0.5334237813949585,0.531280517578125,0.4481227993965149,0.4170225858688354,0.4280029833316803,0.3948832154273987,0.3420548737049103,0.0056709024219958,0.0031075229969129,0.1002649237553412,0.0428178249882526,19.480481245360423,1,Laryngitis,1629,a_n
-317.97882080078125,219.0544891357422,52.89916610717773,35.31122970581055,-32.36600875854492,-9.875395774841309,-4.746228218078613,-15.156970024108888,-4.046360492706299,14.073412895202637,-0.6033937931060791,-29.09205436706543,14.142991065979004,34.603885650634766,9.564814567565918,13.305123329162598,6.430351734161377,5.3244805335998535,4.601751327514648,6.351253032684326,5.240265846252441,4.048526763916016,4.936046600341797,4.421946048736572,5.139171600341797,5.032974720001221,-0.8798930644989014,0.1246575340628624,0.2250603437423706,0.1233583465218544,-0.0270319804549217,-0.0629739686846733,0.0673047974705696,0.0707396790385246,0.0177244562655687,0.0354965701699256,-0.0464171916246414,-0.0547196343541145,0.00786152202636,4.185238838195801,1.8819057941436768,1.644673228263855,0.8406520485877991,0.9854719042778016,0.5971746444702148,0.8852010369300842,0.8323354721069336,0.6751424670219421,0.8796969056129456,0.5849754810333252,1.0018031597137451,0.7867588996887207,0.3359256088733673,-0.2412119507789611,-0.0012469853973016,-0.0597781464457511,0.1125504076480865,-0.0218446496874094,-0.0013332668459042,0.0205296147614717,-0.013158431276679,-0.0427547469735145,0.0195606965571641,0.1240574494004249,-0.0389888621866703,2.030392646789551,1.1690452098846436,0.8344415426254272,0.6120880842208862,0.7249341607093811,0.4192444682121277,0.5775715112686157,0.4971503019332886,0.4851666688919067,0.4893436729907989,0.4639228284358978,0.6809789538383484,0.5657129287719727,0.005869110011921,0.0032105568698794,0.0652788296292696,0.033244010638785,18.858350916806423,1,Laryngitis,1665,a_n
-203.8606414794922,208.38116455078125,9.413164138793944,55.77239608764648,-44.44826889038086,-13.917036056518556,-17.83987808227539,5.217777729034424,13.72337532043457,-24.07505226135254,-8.825286865234375,3.216050624847412,-9.056901931762695,28.099559783935547,10.274413108825684,13.410001754760742,8.478690147399902,6.793563365936279,3.7086570262908936,4.495070934295654,3.84295654296875,4.422198295593262,6.989879608154297,3.0854921340942383,5.839867115020752,3.497183322906494,-1.7015091180801392,0.4548507630825043,0.4684712588787079,0.1087458506226539,-0.2125261127948761,-0.0900777652859687,0.0653028786182403,0.0362569279968738,-0.0027179429307579,0.0552795678377151,0.0187450498342514,0.0863730683922767,-0.168213665485382,3.603679895401001,2.005453586578369,1.2982614040374756,1.4543585777282717,1.2047241926193235,0.8245365023612976,0.6078481078147888,0.8354366421699524,0.7672678828239441,1.119289755821228,0.5867953300476074,0.6783024668693542,0.4309257566928863,0.8231165409088135,-0.4371039867401123,0.2096051573753357,-0.3823095262050628,0.3207743167877197,0.0510594025254249,0.1197591125965118,-0.137526661157608,-0.1038655117154121,0.1806331425905227,-0.0038301290478557,-0.0734895169734954,0.1300642937421798,2.1346874237060547,1.193015456199646,0.8086500763893127,1.0689234733581543,0.8985521197319031,0.4312355518341064,0.5892758965492249,0.5698233246803284,0.6213423013687134,0.597133457660675,0.2796752750873565,0.3512495160102844,0.4296737611293793,0.0033291821092548,0.0013175895078302,0.0340141303537424,0.0178325689374561,24.97156517229388,1,Laryngitis,1780,a_n
-195.2384796142578,179.8332977294922,25.006078720092773,23.81397247314453,-35.19441604614258,9.516419410705566,-34.58231735229492,8.52359390258789,28.971599578857425,5.369100093841553,-21.78917121887207,14.112037658691406,7.0022172927856445,14.225545883178713,8.984326362609863,4.210200786590576,7.114982128143311,4.700348854064941,5.319818019866943,4.381313323974609,6.789515972137451,4.94563102722168,4.340580940246582,6.704821586608887,4.760100841522217,6.949471950531006,-0.3018669784069061,0.032767865806818,0.0626165270805358,0.1591013818979263,-0.0361594669520854,0.0290429703891277,-0.0858265683054924,0.0383737459778785,0.0491429157555103,-0.0142074627801775,-0.0894934833049774,-0.0228658039122819,0.0864752158522605,1.7507548332214355,1.679541826248169,0.7536701560020447,0.5782225131988525,0.661141037940979,0.9614678621292114,0.7009823322296143,0.9461416006088256,0.6560199856758118,0.8056443929672241,1.122481107711792,0.888375461101532,0.715777575969696,0.142288327217102,-0.0796709731221199,-0.0682646483182907,-0.0520681738853454,0.0640610828995704,-0.0215923096984624,0.0782534033060073,-0.0049894265830516,-0.0691015422344207,-0.0274619795382022,0.0513199754059314,0.0135850645601749,0.0132860979065299,1.023989200592041,1.0293253660202026,0.5902995467185974,0.5247752666473389,0.5277110934257507,0.5441615581512451,0.5824121236801147,0.6229120492935181,0.5617493987083435,0.6019486784934998,0.6156744956970215,0.5342254042625427,0.546327531337738,0.0247681587329604,0.0115733398126852,0.1530883822455612,0.0777399809774842,4.985868523305491,1,Laryngitis,1783,a_n
-258.93377685546875,261.69146728515625,25.46506118774414,9.543564796447754,-17.692785263061523,-6.488629817962647,-7.345125198364258,-5.137024402618408,4.645340442657471,-7.852628707885742,2.071314811706543,2.6466622352600098,-21.22064208984375,11.586631774902344,10.90234375,5.863379955291748,5.854599475860596,3.902755498886109,3.962225914001465,3.3223769664764404,3.73908257484436,2.465116024017334,2.5882933139801025,2.387825727462769,2.6280393600463867,2.58845329284668,0.0553175061941146,0.1113997250795364,-0.0425008498132228,-0.0733309835195541,-0.0360310934484005,-0.0147277554497122,-0.0057548223994672,-0.0106671201065182,0.0158102791756391,0.0020741380285471,0.0285616423934698,0.0268922466784715,-0.0379271134734153,2.208407163619995,1.8150399923324585,1.0317875146865845,0.7366952896118164,0.6482919454574585,0.6316311359405518,0.5456619262695312,0.5896202921867371,0.3033470213413238,0.3863610327243805,0.2763799130916595,0.3725464940071106,0.438699722290039,0.2914361953735351,-0.2767336964607239,0.027083458378911,-0.0128635307773947,0.0750319585204124,-0.0054859803058207,-0.0274619702249765,0.025472505018115,0.0038846887182444,0.0310584120452404,-0.0183453820645809,-0.0268760938197374,0.0549082905054092,1.4249671697616575,1.1740936040878296,0.6231590509414673,0.3835793137550354,0.4328712821006775,0.3802964389324188,0.3355429470539093,0.3406354188919067,0.2575016617774963,0.3038390874862671,0.2276325076818466,0.2269433140754699,0.287703663110733,0.0431838396120679,0.0284622434324888,0.2528635897380596,0.1388651643175484,10.42762714493179,1,Laryngitis,1795,a_n
-168.6924285888672,182.81155395507807,-20.70100784301757,6.935446262359619,-36.45098114013672,-29.286754608154297,-44.97207260131836,16.71323585510254,3.725772857666016,-3.2726643085479736,-2.865840435028076,-12.86972713470459,10.17476749420166,17.906831741333008,13.44953727722168,16.82054328918457,6.120366096496582,10.852472305297852,4.142990112304688,6.939146041870117,4.681427001953125,4.584508419036865,5.773618698120117,4.9814887046813965,4.658973693847656,4.932017803192139,-0.9185373187065125,-0.0638780668377876,0.3146893978118896,-0.0356982760131359,-0.2903960645198822,-0.0326212756335735,-0.0609875507652759,0.087094098329544,-0.1582629680633545,-0.1744603216648101,0.0297624990344047,-0.0928571745753288,0.0617825761437416,2.9474427700042725,1.8111824989318848,2.282655477523804,0.9771533012390136,1.2674007415771484,0.7972222566604614,1.31223464012146,0.917238473892212,0.6644161343574524,0.5125449895858765,0.6090211868286133,0.7340800762176514,0.7376429438591003,0.5453824996948242,-0.356352686882019,0.2598933577537536,-0.140565276145935,0.0786413475871086,0.1598723977804184,0.3002672791481018,-0.1361314058303833,0.0843110084533691,0.0504716113209724,0.0938097238540649,0.1307737082242965,-0.0393790602684021,1.846235752105713,1.6685034036636353,0.938344955444336,0.6449594497680664,0.711204469203949,0.7697620987892151,0.854484498500824,0.6090989112854004,0.5220409631729126,0.4052208364009857,0.4062420129776001,0.5576335787773132,0.4961904883384704,0.0106279375904101,0.0057006837187303,0.0795592823017425,0.0394042004047494,14.195381268215638,1,Laryngitis,1796,a_n
-276.5826110839844,201.47146606445312,-23.97181701660156,-5.485845565795898,-33.927391052246094,-11.81456184387207,-6.718499183654785,5.205734729766846,4.821967124938965,0.1242875456809997,-15.696747779846191,-5.395294189453125,8.877408981323242,24.50138092041016,12.604334831237791,9.09359359741211,9.361833572387695,8.471458435058594,7.528116226196289,4.585838794708252,5.613032341003418,4.709951400756836,2.968648195266724,6.228182315826416,3.8995187282562256,6.301606178283691,-0.7154046893119812,-0.0371582992374897,0.1145399138331413,0.1972437053918838,0.1110164150595665,0.0625830814242363,0.1514827460050583,-0.1132914572954177,-0.0546198189258575,0.0332191661000251,-0.1692889630794525,-0.04924838244915,-0.1524508595466613,2.938629388809204,2.4231526851654053,1.555707335472107,1.0171186923980713,1.210309982299805,0.8254497647285461,0.8611217737197876,0.5487821102142334,0.715573787689209,0.4980381727218628,0.7635153532028198,0.6977928280830383,0.8185935616493225,0.6265044808387756,-0.4768358469009399,0.3670189976692199,0.0459418483078479,0.223998412489891,0.028712972998619,0.0660365149378776,0.0128309875726699,0.0803799107670784,0.0365239009261131,0.051613051444292,0.1103550344705581,-0.097385860979557,1.940860390663147,1.5668638944625854,1.1045665740966797,0.5815978050231934,0.7031764388084412,0.5296403765678406,0.4990785717964172,0.4097742140293121,0.5155839323997498,0.4278032183647156,0.53502357006073,0.5138519406318665,0.4289728701114654,0.0049056096987082,0.0023534160582195,0.0353029342941351,0.0180724795874102,22.87064941941829,1,Laryngitis,1806,a_n
-292.672119140625,262.1690368652344,14.327432632446287,-0.0052921436727046,-7.987095832824707,-9.683633804321287,-13.698010444641112,-2.0510711669921875,3.8469278812408447,18.034393310546875,3.196739673614502,-0.7564203143119812,9.037057876586914,30.80181312561035,11.734132766723633,14.392213821411133,4.27759313583374,6.818839550018311,3.777575492858887,3.928821802139282,4.371531009674072,3.775146722793579,2.6038849353790283,3.247812032699585,2.8781967163085938,2.861878156661988,-0.9717446565628052,0.0457432232797145,0.3250548839569092,0.0797310099005699,-0.0497138127684593,0.130804181098938,0.140834242105484,-0.0729943886399269,-0.0601644441485405,0.047575943171978,0.0156159931793808,0.0108527326956391,-0.0076993517577648,3.373624086380005,2.138852119445801,2.109395980834961,0.8460673093795776,1.183736801147461,0.6626071929931641,0.7669356465339661,0.541522204875946,0.7062935829162598,0.4546234607696533,0.5887779593467712,0.5046687722206116,0.4967155158519745,0.4770993292331695,-0.4516554772853851,0.0440688841044902,0.0675548166036605,0.0294536352157592,0.0182801764458417,0.0409435853362083,-0.0441051535308361,0.0422414578497409,0.020169798284769,-0.0006743996054865,0.0084657436236739,-0.0096547435969114,1.876381278038025,1.6391385793685913,1.227847695350647,0.4521880149841308,0.6313595771789551,0.3664188086986542,0.5285027027130127,0.5100684762001038,0.4020259976387024,0.3494476675987243,0.3260871469974518,0.305109441280365,0.2156479805707931,0.0035004609144188,0.0018599893502194,0.0187491402890536,0.008862293556504,24.845372897742724,1,Laryngitis,1809,a_n
-291.0624389648437,201.4096221923828,-12.436477661132812,31.036989212036133,-25.029586791992188,-13.937236785888672,-30.13829231262207,22.942428588867188,-6.546425819396973,1.5896456241607666,8.446863174438477,-33.94070053100586,2.0138747692108154,7.983606815338135,5.344188213348389,7.630025863647461,4.142356872558594,3.130002975463867,4.083561897277832,4.463844299316406,3.919541120529175,3.287205934524536,3.147115707397461,5.9933366775512695,4.031431198120117,3.3600285053253174,-0.205826461315155,0.018636891618371,-0.0057953456416726,0.0954420566558837,0.029737027361989,0.0833181664347648,-0.0131948534399271,0.1313703954219818,-0.0438724681735038,0.08156119287014,0.0011373022571206,-0.0329233258962631,0.0531985312700271,1.4699784517288208,0.8343613743782043,1.4453327655792236,0.7045435309410095,0.5759778618812561,0.7854021191596985,0.741955578327179,0.5163904428482056,0.3888538181781769,0.497014045715332,0.6698692440986633,0.6322546005249023,0.3860270082950592,0.3306148052215576,-0.1036410182714462,0.3909487426280975,-0.1887619495391845,0.0997833684086799,-0.0723457187414169,0.12085572630167,-0.0723050609230995,0.0367759838700294,0.0624385811388492,-0.0362080112099647,0.0974628925323486,-0.0320854485034942,1.0696372985839844,0.6546594500541687,0.9645518660545348,0.6039607524871826,0.4888887703418731,0.5254347324371338,0.3782564401626587,0.3972308337688446,0.2844733595848083,0.2934312522411346,0.4637053906917572,0.3705260753631592,0.3800525069236755,0.0037372794908149,0.0017434086052595,0.0381912839739174,0.0174371449740928,21.851255520083413,1,Laryngitis,1930,a_n
-236.1039276123047,193.7296905517578,-56.43659973144531,-3.262028694152832,-37.12575912475586,-17.230913162231445,-22.98354721069336,-3.096430540084839,2.562818765640259,-5.887002468109131,-26.820667266845703,-3.207801818847656,-12.05544662475586,18.513961791992188,10.441580772399902,10.275212287902832,4.1522417068481445,4.366841793060303,4.462365627288818,5.875676155090332,5.672491073608398,3.839398860931397,2.5685410499572754,3.6035003662109375,3.0483622550964355,2.790313243865967,0.398579478263855,-0.2072752267122268,0.2952181398868561,-0.0014714909484609,0.1584096103906631,-0.1636416167020797,0.3377269208431244,0.0482566691935062,-0.1201026812195777,0.0997562855482101,0.1505488455295562,0.047675184905529,0.0669303387403488,2.537815809249878,1.7518569231033323,1.882933497428894,0.5950202345848083,0.8325741291046143,0.7833587527275085,0.4079628884792328,0.7593764662742615,0.5723700523376465,0.4162309169769287,0.5362715125083923,0.5486204624176025,0.4366262555122375,0.769902229309082,0.1831422001123428,0.4498275518417358,-0.0789650678634643,0.0559174455702304,0.1398686468601226,0.0432167313992977,0.0552051551640033,0.0121873458847403,-0.0453017987310886,0.033243078738451,-0.1346674561500549,-0.0071597131900489,2.3227243423461914,1.3129416704177856,1.2215710878372192,0.4892794489860534,0.4764724373817444,0.5147643685340881,0.3472121953964233,0.4254017472267151,0.4252614080905914,0.2851777076721191,0.3611069619655609,0.3723905086517334,0.418454498052597,0.0072289484988075,0.0044182972599594,0.0597928587697779,0.0326903697859241,21.43794562660151,1,Laryngitis,1940,a_n
-230.5921936035156,255.21902465820312,-4.794140338897705,2.374081611633301,0.9709379076957704,-31.44354248046875,-39.5838623046875,-17.461584091186523,18.299659729003903,6.706681251525879,-31.237194061279297,-12.906193733215332,9.986068725585938,18.01138687133789,12.054466247558594,5.723815441131592,4.8668317794799805,2.3628761768341064,3.032019853591919,3.3891255855560303,2.3905467987060547,2.877137899398804,1.5725278854370115,3.83626127243042,2.74565052986145,3.01741623878479,-0.6205993890762329,0.1981441229581833,0.0090566240251064,-0.0888373404741287,-0.0089597292244434,-0.0887010693550109,-0.1057799756526947,0.0175803583115339,0.0535812899470329,0.0335564650595188,-0.0489377453923225,-0.0944568589329719,-0.0248587094247341,2.0495216846466064,2.251875638961792,0.9129257202148438,0.5724532604217529,0.4214559495449066,0.4072144031524658,0.6361803412437439,0.3822609484195709,0.425411969423294,0.2499372959136963,0.656809389591217,0.3771722614765167,0.4287081658840179,0.5132671594619751,-0.4839236140251159,0.15451680123806,0.0633276998996734,-0.0742158815264701,0.0599214062094688,0.0964512079954147,0.0524739325046539,-0.0891644284129142,-0.0082208905369043,0.1379246264696121,0.0219871401786804,-0.0126932999119162,1.919400334358216,1.7420564889907837,0.5097830891609192,0.3867616057395935,0.362781822681427,0.2556884288787842,0.3623675107955932,0.2794029712677002,0.3819186985492706,0.2068269699811935,0.5081337690353394,0.2138957530260086,0.2090665102005005,0.0026090608531836,0.0012796727600004,0.014418833822795,0.0075559843669,25.478824057362043,1,Laryngitis,1953,a_n
-291.3891296386719,201.16168212890625,-1.9378453493118288,22.974414825439453,-40.487335205078125,1.6448187828063965,-14.564286231994627,11.72733211517334,22.309627532958984,-19.511943817138672,-3.1233842372894287,9.844734191894531,-8.902729034423828,15.436260223388672,6.532262325286865,5.150465488433838,4.314754486083984,6.594253540039063,4.838866710662842,4.976999282836914,4.252097129821777,4.09766960144043,3.53039813041687,3.646796226501465,4.381117343902588,3.266968011856079,-0.2022022008895874,0.1661561727523803,-0.0469939671456813,0.0486165843904018,-0.0811439156532287,0.0699439421296119,-0.0002792589366436,0.0939262211322784,0.0816394761204719,-0.0760310143232345,-0.0350414738059043,0.0677841305732727,-0.0036875493824481,2.1103081703186035,1.1690415143966677,0.9167125821113586,0.9001868963241577,1.1534602642059326,0.8713616132736206,0.7301365733146667,0.830727219581604,0.588493287563324,0.6999275088310242,0.4276772439479828,0.6704517602920532,0.6286281943321228,0.2064483165740966,-0.1047523468732833,0.0806715488433837,-0.0164415501058101,0.1512176096439361,0.0242415778338909,-0.0107755772769451,-0.0212407521903514,-0.0082571506500244,0.0649425834417343,-0.0004417486488819,-0.033778253942728,0.0396658666431903,0.936854600906372,0.9195219278335572,0.6634379029273987,0.4701699614524841,0.8163974285125732,0.4851833581924438,0.4263898432254791,0.4407632052898407,0.3685270547866821,0.4723904430866241,0.2983361780643463,0.4341015815734863,0.4195605814456939,0.0050191765109211,0.0028119851530844,0.0319898237137577,0.0165776497783312,19.92446432743176,1,Laryngitis,1965,a_n
-183.0559539794922,177.6090087890625,6.00269889831543,43.24114608764648,-40.11732864379883,-1.1503816843032837,-42.66642761230469,1.6769158840179443,4.895388126373291,1.0037482976913452,-11.122172355651855,0.046060211956501,-9.661011695861816,13.580819129943848,6.067744255065918,5.781167984008789,5.820723056793213,5.050142765045166,4.768460273742676,5.536099910736084,5.021911144256592,4.796600818634033,4.54369068145752,5.9010419845581055,3.2826449871063232,3.582048177719116,0.0008881454123184,-0.0578411370515823,0.0178944505751132,0.10149397701025,0.0134369786828756,0.0518134869635105,-0.0558882392942905,0.060314517468214,0.0607030615210533,-0.0746903344988823,-0.0345510728657245,-0.0032657841220498,-0.0268541686236858,1.3128738403320312,0.9309695959091188,0.628963828086853,0.7392042875289917,0.813666582107544,0.8747605681419373,0.7434906363487244,0.664553165435791,0.5627480149269104,0.5272354483604431,0.58254075050354,0.5549338459968567,0.593701183795929,0.0661206245422363,-0.0957347974181175,0.067986860871315,-0.069057822227478,0.0687371417880058,-0.0376352779567241,0.0457654222846031,-0.0262631643563509,0.0365485288202762,-0.0275100208818912,0.011663943529129,-0.0046642594970762,0.0122135356068611,0.6711057424545288,0.8500601649284363,0.6726768016815186,0.6746964454650879,0.5768240094184875,0.5070233345031738,0.5082404017448425,0.4727678000926971,0.4125148057937622,0.4239673912525177,0.4847184717655182,0.3977239727973938,0.4996190965175628,0.0330441537810761,0.0201859977848095,0.2024215719972158,0.1219027235253419,5.067654306365213,1,Laryngitis,1973,a_n
-224.3739471435547,168.7059783935547,19.86569023132324,66.12313079833984,-47.49667739868164,-8.840234756469727,-24.47360610961914,0.3216992616653442,2.696939706802368,12.279833793640137,3.0132524967193604,-15.900734901428224,-13.469271659851074,12.878313064575195,4.8837761878967285,5.7149658203125,9.23725128173828,7.7840704917907715,5.299446105957031,7.9143524169921875,5.326041221618652,9.069154739379885,4.424093246459961,4.681365966796875,5.076733112335205,3.94219708442688,-0.2426234483718872,0.0843468606472015,-0.0488168001174926,0.0739862099289894,-0.1243532076478004,0.085962027311325,0.0656551793217659,-0.0138007095083594,0.0361412577331066,-0.0346928499639034,-0.0446699820458889,-0.0498298518359661,-0.0659352838993072,1.5293596982955933,0.8941705822944641,0.7510379552841187,0.8883677124977112,1.1220561265945437,0.6953002214431763,0.6637373566627502,0.7546604871749878,0.8725892901420593,0.601000189781189,0.5847418904304504,0.7302879691123962,0.6129571795463562,0.2794883847236633,-0.0529477410018444,-0.0117632867768406,-0.1282992213964462,0.162005141377449,-0.0070591308176517,0.0639264732599258,-0.0298558734357357,0.0456121899187564,-0.0165927503257989,0.0122411949560046,0.0657031536102294,0.0106928814202547,1.4048415422439575,0.4593234062194824,0.5274221897125244,0.8085278868675232,0.7998672723770142,0.4880423545837402,0.4937799572944641,0.5065272450447083,0.5302846431732178,0.4131672978401184,0.4366805255413055,0.5003453493118286,0.4471415281295776,0.0049308257977139,0.002789929179238,0.0529964239529555,0.0308154071220513,20.32097648407069,1,Laryngitis,1987,a_n
-230.7335968017578,181.9134979248047,9.548169136047363,10.752912521362305,-34.32648468017578,9.136877059936523,-20.961694717407227,2.0862531661987305,7.8020920753479,21.8515682220459,-10.290422439575195,-17.476564407348633,19.02570152282715,26.74366950988769,12.476262092590332,7.248619079589844,7.059223651885986,12.500426292419434,5.058278560638428,6.856106758117676,5.053579330444336,4.196038722991943,6.933046817779541,4.750448226928711,5.396772861480713,4.874406814575195,-1.1033324003219604,0.9096195697784424,0.095375083386898,-0.2493011504411697,0.6767356991767883,-0.0383083894848823,-0.7114017009735107,0.0320468135178089,0.1760801672935485,-0.3079622983932495,0.2766137719154358,0.1750155985355377,0.0005920290714129,2.129477262496948,1.123018503189087,1.1248527765274048,0.9864904284477234,1.1130284070968628,0.8772175312042236,1.2774477005004885,0.7816982269287109,0.7250378131866455,0.9103317260742188,0.7727193236351013,1.0738441944122314,0.8219641447067261,-0.173113465309143,-0.118281565606594,0.2689343690872192,0.1250090450048446,0.1233982294797897,-0.1849904060363769,0.0106647349894046,-0.0946772471070289,0.0519703179597854,-0.1159877032041549,0.2165294885635376,0.2038773000240326,-0.1407592594623565,0.6705950498580933,0.6498517394065857,0.5442174077033997,0.6479583382606506,0.930924117565155,0.648291289806366,0.7307569980621338,0.4729262590408325,0.549270749092102,0.4381995797157287,0.5552782416343689,0.6744062304496765,0.4103105664253235,0.0080732469001819,0.00394532345747,0.1348552830880627,0.0741124565856895,12.552084678855811,1,Laryngitis,2003,a_n
-205.9531707763672,183.550521850586,-61.05048370361328,1.44867742061615,-36.11528778076172,-21.039203643798828,-4.8582282066345215,16.35149383544922,-9.730199813842772,11.954789161682127,-6.147555351257324,-24.48760414123535,13.999761581420898,19.672182083129883,5.04022216796875,12.646520614624023,5.243474006652832,4.194705486297607,4.097714424133301,5.248617172241211,3.676488161087036,3.90127158164978,3.551137208938598,3.326334476470948,4.206650257110596,3.9092063903808594,-0.448305070400238,0.1271304786205291,0.0962329730391502,0.0208437461405992,0.0102383559569716,-0.025274796411395,-0.0206268653273582,0.0285318661481142,0.0159914065152406,0.0194965228438377,-0.015769125893712,-0.0117406556382775,0.0648227930068969,2.043999433517456,0.933765172958374,1.318261981010437,0.919533669948578,0.6790677309036255,0.5616817474365234,0.6106253266334534,0.5474837422370911,0.7226264476776123,0.5571185946464539,0.4928157031536102,0.5647270679473877,0.6061149835586548,0.2762980461120605,-0.0202380381524562,0.2629134953022003,-0.0163251440972089,0.0656350702047348,-0.0032498273067176,0.0214756708592176,-0.0298850703984498,0.0493571199476718,-0.0381871871650218,-0.0264021009206771,0.0407321974635124,-0.0681709796190261,1.3024747371673584,0.5214290618896484,1.1937131881713867,0.5829779505729675,0.4810901582241058,0.3407325744628906,0.4251137971878052,0.4029794931411743,0.4554521441459656,0.3965881764888763,0.3761897385120392,0.3528808057308197,0.4649029970169067,0.0067067232264911,0.003914651582881,0.0721781419770054,0.0405685173101405,17.92977920564049,1,Laryngitis,2021,a_n
-243.25205993652344,228.71832275390625,19.40104484558105,27.90534210205078,-34.78574752807617,-19.057785034179688,-28.80223846435547,-1.1709160804748535,25.221576690673828,-5.445785045623779,-22.66210174560547,-5.727527618408203,10.746434211730955,29.60257911682129,4.820319175720215,12.26333713531494,9.6526460647583,4.0233540534973145,5.5159173011779785,6.009626388549805,3.1829583644866943,2.9156200885772705,3.83150863647461,3.612726211547852,2.51595139503479,3.017925977706909,-1.218309760093689,0.090580940246582,0.2737883329391479,-0.1846669018268585,0.0021282583475112,0.1745926588773727,0.0938786938786506,-0.0196321066468954,0.0107170948758721,0.149786964058876,0.0499307103455066,-0.1038051322102546,0.0616216622292995,2.0130507946014404,1.0123803615570068,1.6898417472839355,1.539859414100647,0.7114354372024536,0.7210928797721863,0.7977818846702576,0.5870169997215271,0.4654255211353302,0.6183159351348877,0.4954939782619476,0.5230103731155396,0.5236679911613464,-0.2157043218612671,-0.116907499730587,0.1828737705945968,-0.1669955849647522,0.1047423183917999,0.0005309080006554,0.0841891095042228,0.0022067546378821,-0.0256147645413875,0.0497727617621421,0.0504481829702854,0.017026849091053,-0.0417563095688819,1.2520973682403564,0.6559786796569824,1.0556920766830444,0.8275159001350403,0.5681556463241577,0.3432170152664184,0.4204878509044647,0.3389064073562622,0.2679565846920013,0.3730841279029846,0.2744056284427643,0.3403399884700775,0.4451963901519775,0.0493496776510195,0.0335388461315813,0.1979135474854648,0.1332797646029628,0.1115948383305087,1,Laryngitis,2028,a_n
-252.12521362304688,214.5282745361328,42.50306701660156,21.79694557189941,-41.24598693847656,-25.503477096557617,1.000546097755432,-4.087165832519531,-5.467555522918701,7.820473670959473,6.133059501647949,-10.554424285888672,-7.81347131729126,13.67479133605957,8.672301292419434,6.10357141494751,6.542148590087891,5.906006336212158,4.755699157714844,4.085928440093994,3.656191110610962,6.609426021575928,5.92366886138916,7.849813461303711,5.56648588180542,5.931363105773926,-0.3070003986358642,-0.2590066790580749,-0.1242213696241378,0.3016855120658874,0.1814950853586197,-0.1026976928114891,0.0790267959237098,-0.1030681878328323,-0.1602426022291183,-0.0014459937810897,0.2913514971733093,0.1886332631111145,-0.0602848306298255,1.7149773836135864,0.8249528408050537,1.170925498008728,0.8044360876083374,0.941239595413208,0.8849528431892395,0.6904361248016357,0.5272948741912842,1.0689626932144165,0.6591147780418396,0.9926509857177734,0.8032335638999939,1.0724904537200928,-0.1612817347049713,0.0405798144638538,0.0360770300030708,0.1238477975130081,0.1111586317420005,-0.0234857369214296,-0.0700790137052536,0.1051177307963371,-0.0203032307326793,-0.0292843077331781,-0.0691240951418876,0.12453044205904,0.1699423342943191,0.7436291575431824,0.3571176826953888,0.6008908152580261,0.5607653260231018,0.419983834028244,0.4276491999626159,0.4585760831832886,0.459549218416214,0.3832908272743225,0.3034014701843261,0.4236756265163421,0.4165283739566803,0.4651243686676025,0.0055226699188652,0.0017280997754059,0.0256641214453166,0.0089704025788722,22.65654159606904,1,Laryngitis,2075,a_n
-265.6949768066406,178.3723907470703,11.796282768249512,7.067153930664063,-35.56756591796875,10.05596160888672,-8.755219459533691,15.867088317871094,19.40311050415039,-21.395883560180664,-9.982833862304688,-8.139156341552734,9.992597579956056,20.657501220703125,9.533317565917969,3.861250400543213,6.419465065002441,4.8724541664123535,8.684342384338379,8.69471263885498,3.9517922401428223,4.360029697418213,5.472987651824951,5.232133388519287,7.556779384613037,6.0730085372924805,-1.1443744897842407,-0.1060517281293869,0.0732708945870399,0.1600158363580703,0.0161075051873922,0.3337685465812683,0.120760291814804,0.1342124789953231,0.1613109409809112,-0.1343043744564056,-0.1046719700098037,-0.1786984354257583,0.0142794838175177,2.622131109237671,1.1763416528701782,0.5298181772232056,0.8112143278121948,0.808761715888977,0.6684995889663696,1.0324618816375732,0.5701401829719543,0.6614205241203308,0.7676441073417664,0.5115681290626526,0.6293294429779053,0.8374488353729248,0.5113429427146912,-0.2119522243738174,0.0210086554288864,0.0527465417981147,0.2044909745454788,-0.0131723470985889,0.1542610228061676,0.0274588614702224,-0.0834362730383873,0.081878662109375,0.0290749426931142,0.0425941832363605,-0.0107248183339834,1.816248893737793,0.8125227093696594,0.3624526858329773,0.4604391455650329,0.7090646624565125,0.4736862182617187,0.582721471786499,0.3697648644447326,0.459909439086914,0.6170571446418762,0.462075412273407,0.4849701225757599,0.4981111288070678,0.0056916449242418,0.0032441030714764,0.0343729328783774,0.0199903696736441,20.274932047432912,1,Laryngitis,2079,a_n
-278.4663391113281,198.7020263671875,18.2087516784668,1.20428466796875,-46.624000549316406,-3.5901107788085938,-8.720248222351074,16.113075256347656,10.12557888031006,8.183030128479004,-16.512779235839844,-10.731849670410156,18.31888198852539,23.652070999145508,15.618922233581545,9.4265718460083,6.364253520965576,4.443419933319092,5.292242527008057,4.109867095947266,3.063803672790528,3.323024272918701,3.151155471801758,5.317010879516602,3.991342782974243,3.4242846965789795,-0.1441506147384643,-0.2655252814292907,0.1106981113553047,-0.0492714941501617,-0.0202833581715822,0.0544338189065456,0.031111467629671,0.0708741545677185,-0.0594182983040809,-0.0161304697394371,0.0735559910535812,0.0625568106770515,-0.0094367219135165,2.4862060546875,1.8805183172225952,1.3887876272201538,0.8534417152404785,0.8693720698356628,0.8243265151977539,0.6021137237548828,0.3548179268836975,0.4079296886920929,0.5844118595123291,0.5517195463180542,0.7832725644111633,0.5468303561210632,0.0510602369904518,-0.0484264381229877,0.1651704460382461,-0.0216486174613237,0.14444200694561,-0.0055690766312181,0.0322946496307849,-0.0119468979537487,-0.00240542110987,-0.0475704222917556,0.0556329265236854,0.0334563143551349,-0.0411231033504009,1.2653967142105105,0.9372008442878724,0.9108003973960876,0.4773511290550232,0.6144981980323792,0.4806928634643554,0.3883734941482544,0.267415702342987,0.2935832738876343,0.3611501157283783,0.3639386296272278,0.4151638746261596,0.3414036929607391,0.0059525987929103,0.00134296064649,0.0468825156037076,0.0222210913363241,19.2305060414871,1,Laryngitis,2097,a_n
-256.0362548828125,201.38919067382807,7.291044235229492,8.341504096984863,-30.51696014404297,-8.015575408935547,-65.7676010131836,12.651849746704102,20.780452728271484,13.243382453918455,-0.7194553017616272,-2.27396297454834,7.898730278015137,13.88321590423584,7.665548801422119,6.063500881195068,5.110778331756592,6.042964458465576,6.118454456329346,9.335614204406738,5.943968296051025,5.12324333190918,6.34073543548584,5.129312515258789,5.40297269821167,4.1763014793396,-0.3895317316055298,-0.0140438312664628,0.1464186757802963,0.1770792454481125,-0.1334417909383773,0.1188536584377288,-0.1475558280944824,-0.1418026536703109,0.012554520741105,-0.090518333017826,-0.006901329383254,0.0133452089503407,-0.0274906698614358,1.6030837297439575,1.0688107013702393,0.8167124390602112,0.9926058053970336,0.7589447498321533,0.6738566160202026,0.8173161745071411,0.8103793859481812,0.9400615096092224,0.8348249793052673,0.6448256373405457,0.6658467054367065,0.6941741108894348,-0.0280105490237474,-0.0872155800461769,0.0612486004829406,-0.0251748133450746,0.0167793538421392,0.0033168704248964,0.0700198113918304,-0.0408713445067405,0.0148092955350875,-0.0085025476291775,0.0046329172328114,-0.0044800317846238,0.0016731697833165,0.8511847257614136,0.6646583676338196,0.5430288910865784,0.6669177412986755,0.5187390446662903,0.432900995016098,0.5233669281005859,0.6243717670440674,0.6125642657279968,0.6265228986740112,0.4515058398246765,0.4384180307388305,0.4731648862361908,0.0414887557013759,0.0266930128414306,0.1973410586260924,0.1037194220158783,2.533332828725143,1,Laryngitis,2101,a_n
-306.4307861328125,227.9478759765625,26.301834106445312,5.96507453918457,-19.44687271118164,-19.84201431274414,-14.17294216156006,3.0880215167999268,8.105560302734375,-9.976778984069824,-16.781862258911133,3.1743509769439697,14.09102725982666,22.97018241882324,10.093749046325684,10.136297225952148,8.991347312927246,6.641387462615967,7.643257617950439,7.282363414764404,6.346650123596191,12.23701286315918,4.682141304016113,5.355778217315674,5.244713306427002,5.874635696411133,-0.7332730293273926,-0.4465417861938476,-0.0254073143005371,-0.0669164210557937,0.1181082800030708,0.4214162528514862,0.2047342956066131,-0.0579099506139755,0.3073263168334961,-0.0790081992745399,-0.1660892367362976,0.2017013132572174,0.0962100997567176,2.225927829742432,1.3974601030349731,1.19292414188385,1.1779600381851196,0.9717540144920348,1.1338200569152832,0.8012367486953735,0.9534153342247008,1.115265130996704,0.8029683828353882,1.0441017150878906,0.9616472721099854,0.8627170324325562,0.1328527331352234,0.1569137126207351,0.0833649486303329,-0.0287168994545936,0.0091753592714667,0.0982283800840377,0.0323086939752101,-0.0867779031395912,-0.1380789428949356,0.0544637255370616,0.0309533961117267,-0.0232563409954309,0.0334533639252185,1.210542917251587,0.9530526399612428,0.7148222327232361,0.7375426888465881,0.5949992537498474,0.6417717337608337,0.4402025938034057,0.5945478677749634,0.7021657824516296,0.3970905542373657,0.5497710108757019,0.5423129796981812,0.4694808721542358,0.0044707691172445,0.0015224663682246,0.0216600549305137,0.0112211355596831,22.561665955660377,1,Laryngitis,2110,a_n
-301.7505187988281,249.82550048828125,66.54437255859375,5.183773040771484,-37.89603042602539,-7.649801254272461,-17.67441749572754,-0.0751213878393173,14.813026428222656,10.485488891601562,19.89470672607422,-1.2798324823379517,-10.36774730682373,35.8603515625,6.339134216308594,17.658231735229492,6.643589973449707,7.863680362701416,7.621713638305664,9.536879539489746,4.975951671600342,3.501286745071411,4.899580955505371,3.001742124557495,2.461355209350586,2.9221720695495605,-1.680161476135254,0.0737188309431076,0.7497735023498535,-0.0837205871939659,-0.1531045734882354,0.0822954997420311,0.3851794898509979,-0.1263280063867569,-0.0318708755075931,0.0843617916107177,-0.0850320383906364,0.0119243822991848,0.0297094192355871,1.7111527919769287,1.0064246654510498,1.0180155038833618,1.0018564462661743,0.7472102642059326,1.095088243484497,0.5553634762763977,0.7323674559593201,0.5544312000274658,0.6340738534927368,0.4848368465900421,0.4423232972621918,0.500019907951355,-0.1715246438980102,0.0705033093690872,0.0111351469531655,-0.0310402121394872,-0.0047704428434371,0.025541765615344,0.0169376768171787,-0.0138434786349534,0.0144682582467794,0.0366174355149269,0.0110059604048728,-0.0023703188635408,-0.0142997987568378,1.3689682483673096,0.715067982673645,0.7368188500404358,0.4880415797233581,0.4447090327739715,0.4996181726455688,0.3965728282928467,0.4546771049499511,0.3631303608417511,0.4275467097759247,0.2783937454223633,0.3423916697502136,0.3807279765605926,0.0071036929026602,0.0034965581900847,0.0694368349442422,0.0393755109516574,20.8700586210011,1,Laryngitis,2120,a_n
-341.89093017578125,189.91827392578125,69.15402221679688,28.37890815734864,-34.261016845703125,-5.656797885894775,16.526365280151367,-13.26919651031494,-1.1999338865280151,26.75118827819824,6.983376979827881,-8.072111129760742,-7.1335649490356445,26.188945770263672,12.319624900817873,6.436236381530762,6.187023639678955,9.848706245422363,7.916496276855469,6.281280994415283,6.551428318023682,6.057352066040039,4.871000289916992,3.959239482879639,4.169270515441895,4.614625453948975,-0.6919015645980835,-0.1431347727775573,0.2400967478752136,0.0529896654188632,0.0652728155255317,0.1446968615055084,0.0646919459104538,-0.0543892048299312,0.0969201251864433,0.1116472408175468,-0.1057772561907768,-0.1794709712266922,-0.1743286401033401,2.002488613128662,1.070820689201355,1.1909178495407104,1.0619890689849854,1.121248722076416,0.9773103594779968,0.6806260943412781,0.7664634585380554,0.6699989438056946,0.9492060542106628,0.8116039037704468,0.6951438188552856,0.8860783576965332,0.3265151381492615,-0.0547162108123302,-0.1536313444375991,-0.057277075946331,0.1607626080513,0.0371827073395252,-0.0737890228629112,0.0104749193415045,0.0184005517512559,-0.0520961321890354,-0.0006989868124946,0.0822252556681633,0.0396138839423656,1.320055365562439,0.6824373602867126,0.7010970711708069,0.6308670043945312,0.8233961462974548,0.6337538361549377,0.557573139667511,0.4789519608020782,0.4759237170219421,0.5573096871376038,0.4557750821113586,0.5242452025413513,0.528200089931488,0.0139389487782401,0.0078855149030888,0.0729865515219286,0.0381276331382312,16.540376021898084,1,Laryngitis,2126,a_n
-257.2519226074219,168.67799377441406,-13.775668144226074,-8.370034217834473,-30.95389938354492,8.435129165649414,-13.901565551757812,29.390167236328125,12.236018180847168,-5.614324569702148,-14.12637424468994,1.5093867778778076,8.06836223602295,34.60403060913086,9.361331939697266,13.664785385131836,6.20367956161499,9.74094295501709,6.342652797698975,3.777423143386841,6.120757102966309,5.270573139190674,5.630735397338867,4.319955348968506,5.836074352264404,3.6861305236816406,-2.2526111602783203,-0.4290561378002167,1.144397258758545,0.2956472337245941,0.0724993646144867,-0.1008095815777778,0.0161014813929796,0.2513832151889801,0.0622732378542423,-0.04677514731884,-0.2183758914470672,0.0120995352044701,-0.0179825983941555,1.7726982831954956,0.8680997490882874,2.477058172225952,0.7660878300666809,1.597414493560791,1.0908291339874268,0.6854087114334106,1.0604296922683716,0.8151592016220093,0.7712766528129578,0.9367721080780028,0.8476893901824951,0.6909326910972595,0.0840982794761657,0.2665210366249084,0.4456974565982818,0.0544586367905139,0.322659432888031,0.0813896879553794,0.0192676056176424,-0.1014256402850151,-0.0753111243247985,-0.0093906912952661,0.1510367840528488,0.0671328231692314,-0.0065051885321736,0.7629843354225159,0.9106081128120422,1.7983840703964231,0.6284871697425842,0.9830973744392396,0.7677667737007141,0.42813640832901,0.5674880743026733,0.4946224093437195,0.5002202987670898,0.60024493932724,0.4768338799476623,0.3819432854652405,0.0131515076482423,0.0080143904986717,0.0884999491479763,0.0474579310876177,14.255077896680842,1,Laryngitis,2128,a_n
-200.0780792236328,240.4934539794922,1.3160955905914309,-24.0342960357666,-39.823875427246094,-13.376213073730469,-9.27759075164795,-6.985330104827881,-7.720986366271973,22.123926162719727,-1.4135911464691162,-18.733793258666992,6.9788007736206055,11.764310836791992,6.078592300415039,5.7738142013549805,5.151548862457275,4.01251745223999,3.646643877029419,3.352409839630127,3.5809121131896973,3.2333576679229736,3.762345314025879,4.244209289550781,3.8441202640533447,2.941225528717041,-1.055974364280701,-0.3394423425197601,-0.1249969080090522,0.1526086777448654,0.1301091164350509,-0.0128668025135993,0.2379538863897323,-0.0163350198417902,0.0444707982242107,-0.1085667982697486,-0.0954819992184639,-0.1178740486502647,0.1446688771247863,2.1120541095733643,1.0250229835510254,1.342399835586548,0.8559824824333191,0.5825228691101074,0.6568262577056885,0.570219874382019,0.5764846205711365,0.6004519462585449,0.3854240477085113,0.4539994895458221,0.5735974907875061,0.4942463040351867,-0.1487288773059845,-0.1843767613172531,0.1494677662849426,0.0461890697479248,0.1269037276506424,0.0554025694727897,0.0347247645258903,0.1009418368339538,0.0672062188386917,-0.1334276795387268,-0.0162387248128652,0.0939857214689254,-0.115859143435955,1.1929895877838137,0.5717756748199463,0.5931459069252014,0.3050152659416199,0.419484794139862,0.451981782913208,0.3612608909606933,0.3312155604362488,0.3623391091823578,0.4359021782875061,0.1811650097370147,0.3611874580383301,0.3479827046394348,0.0217508459520422,0.0127135668641952,0.064032310732505,0.0345959841090373,11.363903110791629,1,Laryngitis,2156,a_n
-218.957748413086,195.9437866210937,-30.90965461730957,-32.04859924316406,-23.43267250061035,-16.639997482299805,-39.92637634277344,-14.74407196044922,15.69646167755127,0.8795359134674072,-0.4828993678092956,-22.210020065307617,0.3833863437175751,21.30739402770996,5.246927261352539,10.45480728149414,3.913401126861572,6.655147075653076,7.496616840362549,6.009910106658936,4.69183349609375,4.6549458503723145,3.728316783905029,1.682162523269653,5.0843915939331055,5.278391361236572,-1.2515592575073242,0.2048203647136688,0.1341595202684402,0.0751873031258583,-0.0833995342254638,-0.2168949395418167,-0.1013685315847396,-0.0808127522468566,0.0231310501694679,-0.174590602517128,0.034327395260334,0.0324148200452327,-0.3383521437644958,2.232362031936645,0.7565973401069641,1.7832516431808472,0.6100679039955139,1.2195569276809692,0.8104493021965027,1.1727960109710691,0.8489968180656433,0.7528577446937561,0.6148646473884583,0.2342551350593567,0.7339251041412354,0.81964111328125,0.6343117952346802,0.069181777536869,0.45777627825737,0.2141412049531936,-0.0365626066923141,-0.0103996256366372,0.2077568620443344,-0.0061733364127576,0.0171952806413173,0.1754130274057388,0.0462909080088138,0.180642232298851,0.0500416308641433,1.7200263738632202,0.5300954580307007,1.067719340324402,0.6751640439033508,0.4469567239284515,0.7255310416221619,0.6060367226600647,0.4304705560207367,0.350831925868988,0.5892781019210815,0.258793443441391,0.4442733228206634,0.4266151487827301,0.0018368465909857,0.0008147072839114,0.0303184602148636,0.0159746591100622,26.1745748484511,1,Laryngitis,2191,a_n
-286.9273986816406,241.36669921875,21.482696533203125,11.1536226272583,-12.418315887451172,-20.27976417541504,-26.543720245361328,-14.47616481781006,20.59876823425293,9.117979049682615,5.92531156539917,10.611425399780272,-10.36256217956543,13.695176124572754,7.840092182159424,5.596958160400391,4.40333366394043,4.636003494262695,3.3838582038879395,2.958346128463745,2.800586462020874,4.694324493408203,3.866698265075684,5.952033042907715,5.653751373291016,3.443471908569336,-0.1012810096144676,-0.134611576795578,0.162584900856018,0.0743495225906372,-0.0211238320916891,-0.0197890661656856,-0.0557986721396446,-0.07891646027565,-0.0433702804148197,0.0513518936932086,0.1707313507795334,0.0374758057296276,-0.1298066973686218,1.5732600688934326,0.5566247701644897,0.7278799414634705,0.4518638253211975,0.567136824131012,0.4099965393543243,0.4967315793037414,0.4114098846912384,0.5874752998352051,0.5715693235397339,0.6521806120872498,0.7123230695724487,0.7274455428123474,0.032711487263441,-0.0108134588226675,0.0425704345107078,-0.0185361951589584,0.0311028975993394,0.0393005423247814,0.0298837590962648,0.0369201079010963,-0.0208261422812938,0.0026948836166411,0.0054647456854581,0.0184704698622226,0.0188007932156324,0.6120986938476562,0.280608057975769,0.3261071443557739,0.3135792911052704,0.2907198071479797,0.3475028276443481,0.2834808528423309,0.228558212518692,0.3721409142017364,0.2966381311416626,0.3886187076568603,0.3024898469448089,0.4647853374481201,0.0026212159163857,0.0010533427021263,0.0236945796532275,0.01009689313771,27.84589607193436,1,Laryngitis,2219,a_n
-268.1119384765625,187.9997711181641,-0.1951568126678466,-18.80273628234864,-31.69894218444824,-4.445836544036865,3.28983998298645,-4.349489212036133,8.506860733032227,0.6167096495628357,-35.09733581542969,-3.2959837913513184,13.123129844665527,16.073680877685547,6.813153266906738,8.506667137145996,4.904260158538818,5.896772384643555,6.392605781555176,4.572612762451172,4.411377429962158,3.268524408340454,2.6119086742401123,3.7631006240844727,3.2224771976470947,3.881144762039185,-0.4018770158290863,-0.2225856035947799,0.124745100736618,-0.0276952870190143,-0.004066074732691,-0.1292346715927124,-0.2019121199846267,-0.0258806124329566,-0.0319476164877414,0.0182725526392459,0.0544092878699302,-0.0469565540552139,-0.0043585016392171,1.475573182106018,0.6439172029495239,1.3673447370529177,0.8516368865966797,1.029609203338623,0.9705299139022828,0.8284422159194946,0.7073320150375366,0.3971823453903198,0.4284776747226715,0.7222050428390503,0.4131621122360229,0.8437488079071045,0.4154265820980072,0.0193967204540967,0.1675939857959747,0.1121187508106231,0.0466529838740825,-0.0216511618345975,0.0332710370421409,0.0302141718566417,-0.0470435805618763,-0.0412355661392211,0.1003310233354568,-0.0398393087089061,-0.0482344031333923,1.5372964143753052,0.4767371416091919,0.6648672223091125,0.6305204033851624,0.6540892720222473,0.6198518872261047,0.367475301027298,0.4200987815856933,0.3111387491226196,0.367216944694519,0.4209175407886505,0.369597852230072,0.358383297920227,0.0038986790939481,0.0021983483606416,0.0212163722736443,0.010024936336548,24.03237031430555,1,Laryngitis,2242,a_n
-269.1951599121094,165.98960876464844,-7.027917385101318,3.3284058570861816,-28.13791847229004,-1.475016951560974,-7.770981788635254,26.23887252807617,-0.5030945539474487,9.90146541595459,-20.800683975219727,11.327492713928224,10.931658744812012,18.45505142211914,10.777644157409668,4.949306964874268,4.545820713043213,6.346259593963623,4.691349029541016,4.469213485717773,4.830090045928955,3.822396755218506,3.526021718978882,4.202164173126221,4.770962238311768,3.641932964324951,-0.1964163184165954,-0.3382427096366882,-0.079676017165184,-0.0052140527404844,0.0791782662272453,0.018364081159234,-0.0905890688300132,-0.0303953643888235,0.0531257502734661,-0.0092738112434744,-0.084101602435112,0.0878211110830307,0.0996545180678367,2.46170425415039,1.171007752418518,0.8857836127281189,0.7376965284347534,0.9423036575317384,0.8369179964065552,0.7357906103134155,0.6475006937980652,0.612636923789978,0.6163786053657532,0.6198095083236694,0.6348052620887756,0.5163237452507019,-0.0149492239579558,-0.0855210050940513,0.1060171723365783,0.0426752381026744,0.147979125380516,0.0448681712150573,0.037913367152214,0.0222969241440296,0.0815911740064621,0.0208077654242515,0.0663389414548873,0.0211904514580965,0.0315804108977317,0.9804695844650269,0.8815363049507141,0.491800844669342,0.4322458207607269,0.7075840830802917,0.5975553393363953,0.4747636020183563,0.4241629242897033,0.4586891233921051,0.5184643268585205,0.433835506439209,0.3793319463729858,0.3926299214363098,0.0104177347915721,0.0055186277173739,0.0468210246647724,0.0233804159653901,16.113493433778217,1,Laryngitis,2276,a_n
-265.3727722167969,209.0645751953125,-12.237906455993652,30.47704124450684,-19.507003784179688,-23.55251884460449,-19.36129570007324,6.787939071655273,-0.363720029592514,-3.565645456314087,4.025879859924316,-24.03657531738281,-6.1959333419799805,13.66350555419922,7.584647178649902,9.217288970947266,5.0059332847595215,6.674348831176758,4.040091037750244,3.5146634578704834,3.63507080078125,3.568295478820801,3.477324724197388,4.360275745391846,4.3036088943481445,3.146263360977173,0.0083838338032364,0.0237538255751132,-0.1378116160631179,0.0069863330572843,0.1228609532117843,0.0250914823263883,0.0663305446505546,0.0394720435142517,-0.0675701051950454,-0.0571101196110248,-0.0248049348592758,-0.0629437118768692,-0.0827622637152671,2.36875581741333,1.2262510061264038,1.0395251512527466,0.8095301389694214,0.6262932419776917,0.4948176741600036,0.6103283762931824,0.4903987050056457,0.5693519711494446,0.4557955265045166,0.5586166381835938,0.5966210961341858,0.5591135621070862,0.4397678673267364,-0.2374444305896759,0.1428713500499725,-0.1461909711360931,0.0556721203029155,0.0607327781617641,0.038611814379692,-0.0679103806614875,0.0006329509196802,0.0067524840123951,-0.0566917210817337,0.0808930099010467,-0.0083014983683824,1.6357207298278809,0.8823124170303345,0.7546548843383789,0.6252235770225525,0.4053217768669128,0.4365807771682739,0.4395301640033722,0.4217650890350342,0.3556168377399444,0.2896782159805298,0.4064675271511078,0.4123211801052093,0.3633465766906738,0.0032810922751012,0.0014184699907676,0.0314589248038336,0.0171503344892751,23.83804236670323,1,Laryngitis,2296,a_n
-267.5111999511719,257.138427734375,29.450138092041016,-15.502573013305664,-21.641019821166992,-6.844069957733154,-35.47609329223633,-3.1572482585906982,15.682771682739258,0.19498872756958,5.675302505493164,-9.350523948669434,-3.2026798725128174,24.513465881347656,12.169644355773926,5.7144694328308105,5.538476943969727,3.862892150878906,5.820852756500244,6.9530439376831055,8.194655418395996,5.289010047912598,4.894043922424316,3.626872539520264,4.076587677001953,2.2968103885650635,-0.968922197818756,0.3939969539642334,0.12709541618824,-0.0048998896963894,-0.1125457063317298,0.1030808538198471,-0.0716048404574394,-0.1715926527976989,0.0216560792177915,0.0700197964906692,-0.0123434280976653,-0.1183856055140495,-0.0412880294024944,3.029545307159424,1.939772129058838,0.8379841446876526,0.6349107623100281,0.7828066945075989,0.6017584800720215,0.8555974364280701,0.5461820960044861,0.6147361993789673,0.6202951073646545,0.5190407037734985,0.6026883721351624,0.3109245598316192,0.6492228507995605,-0.4991859197616577,-0.0113853048533201,0.1567979753017425,0.0099196601659059,-0.0783961787819862,0.1430181711912155,-0.0338617749512195,-0.041676428169012,0.0518460907042026,-0.045048676431179,0.0210045110434293,0.0287556648254394,1.881803154945373,1.7391456365585327,0.5699480175971985,0.5906795263290405,0.4174243509769439,0.4131713509559631,0.5367421507835388,0.4121346175670624,0.3685316741466522,0.3591879606246948,0.3092959225177765,0.389468252658844,0.3018408417701721,0.0027167853835636,0.0014070918053909,0.0247162993140707,0.011914993622339,25.8945453111636,1,Laryngitis,2301,a_n
-204.98422241210932,190.99668884277344,-19.785306930541992,30.61418342590332,-34.94292068481445,-17.403738021850586,-23.62942123413086,0.6767151951789856,22.59374237060547,5.821097373962402,-3.451534509658813,-11.50572109222412,8.899520874023438,9.481707572937012,6.231922626495361,8.968317985534668,6.829112529754639,4.821090221405029,5.9612135887146,6.4186224937438965,6.239758014678955,4.578639507293701,3.99818754196167,2.532675266265869,3.619377374649048,4.19786262512207,-0.1772080808877945,-0.1086426973342895,0.2377426922321319,0.1512924879789352,0.0392486378550529,-0.2531774640083313,-0.1876540333032608,-0.0992919877171516,-0.1915673911571502,-0.0144670838490128,0.0429342240095138,0.0437752641737461,0.0613825097680091,0.9021828174591064,1.0565218925476074,1.1589094400405884,0.7514381408691406,0.5530449748039246,0.6574122905731201,0.6804659366607666,0.6962835192680359,0.4078603088855743,0.5729641318321228,0.3686454892158508,0.3975895941257477,0.529170036315918,0.2373213768005371,-0.2391840070486068,0.1084732711315155,-0.1538777649402618,0.2046584486961364,-0.0663994625210762,0.0543632954359054,0.0523131638765335,0.0232317149639129,0.0236814636737108,-0.0209519527852535,0.0696476697921752,-0.0741821154952049,1.1337159872055054,0.7243728637695312,0.4592878818511963,0.5195764303207397,0.7801122069358826,0.4365480244159698,0.5405085682868958,0.4262315332889557,0.3338502943515777,0.4884498715400696,0.2928037941455841,0.3190750479698181,0.3810856640338897,0.0322337834931818,0.0210252400389498,0.1171623533894749,0.0610444752377557,6.188710158504198,1,Laryngitis,2305,a_n
-197.5557861328125,172.695556640625,-2.287492275238037,27.136117935180664,-45.77739334106445,-15.49380588531494,1.578271985054016,5.183454513549805,3.817358732223511,-23.01899147033692,-27.31768035888672,-4.745527267456055,5.613561153411865,21.3719482421875,10.995919227600098,14.249963760375977,6.194864749908447,6.657123565673828,4.976482391357422,3.651684522628784,4.531808376312256,3.2329418659210205,4.784063339233398,4.598511219024658,4.32941484451294,3.3938989639282227,-0.146671250462532,0.1140699088573455,0.0842597857117652,0.0893929004669189,-0.0947006568312645,-0.0634241625666618,0.0024575740098953,-0.0437558181583881,-0.0482270903885364,-0.0551282949745655,-0.0201120283454656,-0.0575804151594638,-0.0427272468805313,3.4611756801605225,1.8533190488815308,1.42376971244812,0.958851993083954,1.164017915725708,0.7939269542694092,0.6646220088005066,0.5725537538528442,0.4243907034397125,0.6226697564125061,0.4238210916519165,0.4379301071166992,0.4130051732063293,0.1660724580287933,0.0098036909475922,0.0173512436449527,-0.0324579030275344,0.1077074408531189,0.0214409083127975,0.0012341117253527,-0.0324731804430484,0.0051812380552291,0.0481222420930862,0.0312944203615188,0.0038023020606487,-0.010401502251625,1.68991219997406,1.0354807376861572,0.6460723876953125,0.5573593974113464,0.6832501292228699,0.409464955329895,0.4039979875087738,0.3727976679801941,0.2694067656993866,0.387459397315979,0.2981804609298706,0.2435773760080337,0.274793416261673,0.0051404883741755,0.0025561814155548,0.0463180136301931,0.0238185691456435,18.377662081377604,1,Laryngitis,2315,a_n
-254.4696350097656,209.31427001953125,50.98457717895508,9.171234130859377,-24.153514862060547,-0.6175868511199951,-0.5578296780586243,-3.0593748092651367,20.180397033691406,3.920081615447998,-13.81863021850586,0.3860656023025512,15.90114402770996,22.796531677246094,14.09047031402588,6.940733432769775,8.699108123779297,6.654133319854736,3.575386047363281,3.490428686141968,2.9700984954833984,4.163329601287842,2.999521255493164,4.635634422302246,3.692889213562012,3.069769859313965,-0.5553501844406128,-0.0248399898409843,0.1581629514694214,0.0899493545293808,0.0265067778527736,0.0464952513575553,0.0552786588668823,0.0090864682570099,0.0875738710165023,-0.0237855054438114,-0.1289969980716705,-0.0485438629984855,0.0007219333201646,1.7079248428344729,1.7260421514511108,0.9700864553451538,0.838737428188324,0.9896124005317688,0.5974870324134827,0.461897999048233,0.4544940292835235,0.5350086688995361,0.4951204359531402,0.6115999221801758,0.5994440913200378,0.5268276929855347,0.1129550263285636,-0.2522897720336914,-0.0618980005383491,0.0690670609474182,0.1233536154031753,-0.0075801145285367,-0.0144042316824197,-0.0123845059424638,-0.0566409602761268,0.0111022749915719,0.0520021617412567,0.0665294975042343,-0.0487782247364521,0.7846183180809021,0.9413065314292908,0.5930888056755066,0.4162011742591858,0.6510531306266785,0.3721616566181183,0.3386728465557098,0.361425369977951,0.3826640844345093,0.3863086700439453,0.3835212886333465,0.4422753751277923,0.3393754363059997,0.0087563309816416,0.0049106956272971,0.0441571942018027,0.0210627829798194,16.640690303424616,1,Laryngitis,2321,a_n
-258.8099975585937,246.39073181152344,17.222002029418945,-14.258204460144045,-31.72416114807129,-14.281450271606444,-10.993060111999512,0.9391603469848632,8.45253849029541,3.699498891830444,2.965360403060913,-14.193644523620604,-2.044844388961792,28.00189781188965,7.607280731201172,13.038742065429688,4.066989421844482,7.983704566955566,4.841079711914063,11.087160110473633,5.159221649169922,3.4496166706085205,4.557793140411377,3.6249029636383057,4.13618803024292,4.1033124923706055,-0.733380138874054,-0.2760531604290008,0.3902721703052521,0.0442184992134571,-0.1906800270080566,0.1120970174670219,0.3347018361091614,-0.0714700892567634,-0.0881248265504837,0.0400118492543697,-0.0224955473095178,-0.0759487301111221,-0.0450115986168384,1.6061657667160034,0.8881626129150391,1.2324544191360474,0.6161359548568726,0.9936885237693788,0.6731009483337402,1.0560593605041504,0.7131375074386597,0.5660459995269775,0.5471900701522827,0.6508379578590393,0.5956681370735168,0.636660635471344,0.1566317826509475,-0.1808047294616699,0.0339115336537361,0.0283151846379041,0.0585432387888431,-0.0357031039893627,0.0542551018297672,0.0135124577209353,0.0036777087952941,0.001857302035205,-0.0397936291992664,0.0528568960726261,0.00318577256985,0.9334494471549988,0.6867664456367493,0.9943193793296814,0.3556675910949707,0.8214937448501587,0.3521906435489654,0.7955214381217957,0.3797503113746643,0.4719444215297699,0.4799836277961731,0.516779363155365,0.3729789853096008,0.3887464106082916,0.0051003863320752,0.0027487320921313,0.0344248508351722,0.0186121611312763,20.6333335069961,1,Laryngitis,2328,a_n
-255.1633758544922,202.00363159179688,29.007295608520508,21.408123016357425,-20.50214958190918,-17.070777893066406,-22.790019989013672,4.451798915863037,11.50894546508789,14.166204452514648,3.9389302730560303,-7.993112564086914,6.890829086303711,27.562419891357425,6.186546325683594,9.102367401123049,3.838392734527588,4.527313232421875,5.538323402404785,3.359992265701294,4.094091415405273,3.199704647064209,3.2178502082824707,2.478220701217652,3.507430076599121,3.221996784210205,-1.0040618181228638,0.11204544454813,0.1823374480009079,0.0389658100903034,0.0520537085831165,-0.1044870316982269,0.0510788448154926,-0.0574135072529315,0.0206843931227922,0.0211720243096351,0.0406419374048709,-0.0480754040181636,0.07450582832098,1.2674970626831057,1.1034390926361084,0.8757862448692322,0.770241916179657,0.5932929515838623,0.6082151532173157,0.5777674317359924,0.5692175030708313,0.4679909348487854,0.5290349125862122,0.4431297481060028,0.5162407755851746,0.5252170562744141,0.0830385908484458,-0.0030408021993935,0.0549828261137008,-0.0326763242483139,0.0466156303882598,-0.0194738414138555,0.0381717048585414,-0.0234529469162225,0.0394125804305076,-0.0145912170410156,0.0375335104763507,0.0346736758947372,-0.0094527518376708,0.7451751232147217,0.6609044075012207,0.4610430300235748,0.4654536545276642,0.3874419331550598,0.4552884995937347,0.3411610722541809,0.3825417459011078,0.364757090806961,0.3659999370574951,0.2621544003486633,0.3278950750827789,0.358308732509613,0.0857011357063296,0.0560969196780674,0.1773825283954356,0.1124153991817711,7.451484923794105,1,Laryngitis,2351,a_n
-263.24920654296875,226.61166381835932,9.50261402130127,27.25106239318848,1.3963816165924072,-34.476776123046875,-49.03375625610352,1.4017813205718994,24.31830596923828,-7.897353172302246,-15.384296417236328,-21.69329833984375,4.838409900665283,30.24370002746582,10.857561111450195,6.525482177734375,8.099319458007812,4.222292900085449,5.554755687713623,6.814633369445801,5.683193683624268,3.964278221130371,8.393214225769043,7.617455959320068,9.428043365478516,4.823259353637695,-1.44683837890625,0.3444235622882843,0.1899714767932891,-0.1298398822546005,-0.1325425058603286,0.0364790521562099,-0.0042170961387455,-0.172896921634674,0.0513872057199478,0.1489934921264648,-0.111230231821537,-0.1583299189805984,0.113909363746643,3.474055290222168,2.0971810817718506,1.1556752920150757,0.7714329361915588,0.5805554389953613,0.8321475982666016,1.3096672296524048,0.5062698721885681,0.8129633069038391,0.7715821862220764,0.6009272336959839,0.8196081519126892,0.4987030029296875,0.7742866277694702,-0.3455501794815063,0.1496833264827728,-0.093749850988388,-0.0949465334415435,0.174016997218132,0.2524374425411224,-0.040907509624958,-0.1751388311386108,0.0164911840111017,0.1001647859811782,0.1334572732448578,-0.0361116342246532,2.638149738311768,1.441911220550537,0.487112283706665,0.5002551078796387,0.3802128136157989,0.606197714805603,0.7099267840385437,0.3263695836067199,0.5499142408370972,0.5077912211418152,0.4998795390129089,0.4425576031208038,0.4013757407665252,0.0022934875208206,0.0009828401517929,0.0221321051292808,0.0116589305883805,30.031621213315493,1,Laryngitis,2404,a_n
-284.1173400878906,225.21958923339844,53.388031005859375,47.34282302856445,-16.775707244873047,-37.389984130859375,-13.110416412353516,-6.483932495117188,-27.895584106445312,0.7878064513206482,7.18436336517334,10.187528610229492,-15.937092781066896,15.491650581359863,7.8149094581604,7.807417392730713,5.338256359100342,4.386211395263672,9.476845741271973,5.435679912567139,5.622878074645996,7.390403747558594,5.703593254089356,4.448257446289063,3.5453217029571533,5.903879165649414,0.4694274365901947,-0.271155834197998,-0.0034204102121293,-0.0680792778730392,-0.0166719816625118,0.2174827009439468,0.004367877729237,-0.1396193355321884,-0.0009575138101354,-0.1001496836543083,-0.0190173350274562,-0.0052002654410898,-0.0901579335331916,2.705179214477539,1.4105913639068604,1.04437518119812,0.7598288655281067,0.7167881727218628,0.880129873752594,0.7574434876441956,0.6771135926246643,0.7241562604904175,0.6206932663917542,0.7336918711662292,0.5707689523696899,0.979902446269989,0.3619996905326843,-0.1343476921319961,-0.0424203164875507,-0.1090357154607772,0.0481476783752441,0.0530442930757999,-0.0266486052423715,-0.0032445425167679,0.0503546521067619,-0.0032843211665749,-0.0361839272081851,-0.0090848673135042,0.0615425556898117,2.0773251056671143,1.1175460815429688,0.7681394219398499,0.6737695336341858,0.4827363193035126,0.6489254236221313,0.5713147521018982,0.4747247695922851,0.5191472768783569,0.5280676484107971,0.389221727848053,0.4841338098049164,0.5329769253730774,0.0025728211527677,0.0012332891982384,0.0429693216285925,0.0225060924375363,24.36620088903408,1,Laryngitis,2424,a_n
-265.5602111816406,239.0560913085937,16.64008140563965,32.62102508544922,-32.47397994995117,-17.48940086364746,-0.3047420978546142,-6.922196865081787,-14.608460426330566,-0.864706814289093,-0.187578335404396,-17.742521286010742,-6.523609161376953,9.883091926574709,5.649972915649414,4.374730587005615,3.775294542312622,3.531855821609497,2.9412691593170166,2.556150197982788,2.503579616546631,4.467318534851074,3.392996072769165,3.740895748138428,4.438677787780762,3.0511653423309326,-0.0741422772407531,-0.3156247437000274,0.0871610194444656,-0.1934178322553634,0.0757246911525726,0.0626643374562263,0.010760604403913,0.0656302571296691,0.0658782497048378,-0.158337190747261,-0.18103888630867,-0.0022021844051778,-0.0287504848092794,1.3847144842147827,0.8757303357124329,0.7346401810646057,0.4878793656826019,0.6429495215415955,0.3755563199520111,0.3142632842063904,0.4172277450561523,0.7370472550392151,0.6058170795440674,0.5326212644577026,0.7519662976264954,0.6087791323661804,0.3263843953609466,-0.1178271174430847,0.0247130654752254,-0.0263560749590396,0.0682333931326866,0.0187575295567512,-0.0256845764815807,-0.0029058523941785,0.0581056624650955,0.0420150235295295,0.0129246348515152,0.0237601418048143,0.0054513723589479,1.3329187631607056,0.7405881285667419,0.3878452479839325,0.2916822731494903,0.5570456385612488,0.2049485296010971,0.2718095481395721,0.3994601666927337,0.3603427410125732,0.3559771776199341,0.2792160511016845,0.5417359471321106,0.4055197238922119,0.0032511736227396,0.0016983821943538,0.0179230696272572,0.0084105122322149,28.095846269622847,1,Laryngitis,2435,a_n
-267.5691833496094,212.4698944091797,14.92823886871338,34.57669448852539,-22.76957321166992,-20.77734375,-36.361270904541016,9.839643478393556,11.112337112426758,-3.4241585731506348,1.7981572151184082,-14.59946060180664,-0.4148195087909698,21.5360107421875,11.38398265838623,4.455866813659668,5.593169212341309,5.707276344299316,6.2894287109375,7.436099052429199,5.11532735824585,4.054751396179199,3.874644041061402,2.6428959369659424,4.563658714294434,4.302683830261231,-0.9689317941665648,0.1142112463712692,0.1052247583866119,0.1527241170406341,-0.2448222041130066,0.0440223328769207,0.0292183179408311,0.0604139640927314,0.1773315370082855,0.1931522786617279,0.0752911493182182,0.0306336358189582,-0.0736545026302337,3.693065881729126,2.1947758197784424,0.8033267855644226,1.0740793943405151,0.7752566933631897,1.3333405256271362,1.60751473903656,1.039918065071106,0.8083096146583557,0.5457422137260437,0.3503101766109466,0.7664487957954407,0.5037767291069031,1.1129858493804932,-0.7501780986785889,0.2444412261247635,-0.1958964020013809,0.140091210603714,0.2134497761726379,0.4024262726306915,-0.1642799526453018,-0.0482837818562984,0.0878723338246345,0.0655862614512443,0.2233555316925048,-0.033834308385849,2.5056710243225098,1.597888469696045,0.7269927859306335,0.4729878008365631,0.4819369614124298,0.6571376323699951,0.91239595413208,0.5394105911254883,0.3249886929988861,0.4958750307559967,0.3919924199581146,0.6244303584098816,0.4596980810165405,0.002810853694632,0.0011360184058885,0.0182667624379093,0.0098632050316881,25.07473909051833,1,Laryngitis,2443,a_n
-236.47349548339844,209.30056762695312,-2.180743932723999,5.328840255737305,-40.58237457275391,-3.2320830821990967,-6.24006462097168,7.570477485656738,17.44826889038086,1.2622262239456177,-10.727314949035645,-12.732014656066896,6.374948501586914,14.332412719726562,8.587055206298828,6.25712251663208,5.385372638702393,5.567633628845215,7.699111461639404,5.393040657043457,3.319743394851685,2.761403083801269,2.4856200218200684,2.739310503005981,2.6936028003692627,4.064093589782715,-1.167224645614624,-0.19732166826725,0.0834430307149887,0.323442280292511,0.3696868121623993,0.5766304135322571,0.2380125373601913,0.1017666831612587,0.1724323034286499,-0.0393406376242637,-0.0358507968485355,-0.1360413283109665,-0.1080804094672203,1.744028925895691,1.3515299558639526,1.0777027606964111,0.7175466418266296,0.950484037399292,0.6677560806274414,0.6206824779510498,0.494187444448471,0.4146377742290497,0.3024623692035675,0.3418744504451751,0.5664646625518799,0.5615429878234863,0.0099805099889636,0.087699607014656,0.3023741543292999,-0.1208469718694686,0.2176218032836914,-0.0157653111964464,0.1084539070725441,0.0210415143519639,-0.0448223240673542,0.0957513898611068,-0.0470997020602226,0.0003533994313329,-0.0764161050319671,0.8160964250564575,0.7611108422279358,0.7971308827400208,0.4540561437606811,0.5074975490570068,0.3047135174274444,0.3193946480751037,0.4784342050552368,0.2698184549808502,0.299138993024826,0.3620537519454956,0.3901357352733612,0.2581331729888916,0.0092982892402139,0.0058651011734729,0.0298163148889107,0.0162814215704581,20.10188412672141,1,Laryngitis,2510,a_n
-288.71759033203125,255.45187377929688,35.7285041809082,9.025697708129885,-17.863779067993164,8.480738639831543,-21.144330978393555,-26.081283569335938,7.777414798736572,0.4153465926647186,1.645625114440918,-3.809139490127564,-12.151728630065918,22.440736770629883,7.581633567810059,11.240092277526855,3.587863206863404,5.372288227081299,7.144522666931152,6.729639053344727,6.138609886169434,5.858545780181885,3.6481292247772217,4.813082695007324,3.6092758178710938,3.438026428222656,-0.3755886554718017,-0.0706756487488746,0.0871486812829971,0.0566532388329505,0.0185196679085493,-0.0437590070068836,0.0084291771054267,0.0618401020765304,0.015119856223464,0.0047948933206498,0.0206572618335485,-0.0516804680228233,-0.0206422265619039,1.644206166267395,1.2984265089035034,1.0975090265274048,0.4791576862335205,0.7646140456199646,0.7390469312667847,0.6226971745491028,0.5494754910469055,0.5497478246688843,0.5177374482154846,0.6363409161567688,0.5535768866539001,0.5015952587127686,0.197267010807991,-0.2360065579414367,0.0556606352329254,-0.0089926859363913,0.0201748386025428,-0.0281428731977939,0.029429480433464,0.0476515181362628,-0.037883311510086,0.0148676168173551,-0.001640960923396,-0.016735365614295,0.0232262481003999,0.9569674134254456,0.9475430846214294,0.5195770263671875,0.3518337607383728,0.3823146522045135,0.3589854538440704,0.3167157471179962,0.3059302866458893,0.3227478265762329,0.2813857495784759,0.3970646858215332,0.3279288113117218,0.3650167882442474,0.0058276499480578,0.0023870922352805,0.0271531606610814,0.0141538613487083,22.934396723158304,1,Laryngitis,2511,a_n
-261.8189392089844,221.9992828369141,-9.028907775878906,2.332063913345337,-46.35514831542969,-23.01805877685547,-0.0063928877934813,-21.99523162841797,1.961884617805481,-0.9928420782089232,-26.24537467956543,-3.0606863498687744,9.659181594848633,16.044095993041992,12.487632751464844,9.411399841308594,5.874354839324951,8.9754638671875,7.1686553955078125,7.353135585784912,6.232400894165039,3.811978101730346,4.319157123565674,4.340747356414795,4.205951690673828,3.66954493522644,-0.6448776125907898,-0.9875839352607728,-0.0148668875917792,0.3464409708976745,0.3657064139842987,0.226398155093193,-0.3116146028041839,-0.0861092358827591,0.1415691822767257,0.1581845730543136,0.2642163634300232,-0.2254248708486557,-0.0877783745527267,2.669301986694336,2.292039155960083,1.593640923500061,0.8486359715461731,1.6248303651809692,1.4403177499771118,0.7778648138046265,0.9837589263916016,0.5585647225379944,0.8000614643096924,0.8097939491271973,0.7626240253448486,0.7105024456977844,0.654914915561676,-0.2812886834144592,0.4621313810348511,-0.0329587049782276,0.3003520369529724,0.1775105893611908,0.0810207799077034,0.2522426843643188,-0.0723133161664009,-0.0371124558150768,0.1154742985963821,0.0170713178813457,-0.0176686905324459,1.7971837520599363,1.006977081298828,0.9855058193206788,0.5407277941703796,0.7069794535636902,0.530173659324646,0.4176768362522125,0.830184280872345,0.4044817686080932,0.372201919555664,0.3880328238010406,0.316019058227539,0.3480156660079956,0.0046305474419942,0.0015362439593357,0.0352424294271627,0.0142812374775237,21.816845244349786,1,Laryngitis,2514,a_n
-256.4198608398437,204.8553466796875,-43.00391387939453,4.057922840118408,-13.941662788391112,-21.90492248535156,-5.242058277130127,7.061946392059326,-7.671102046966553,-9.924251556396484,6.880716323852539,-18.57758903503418,-11.272082328796388,31.864559173583984,7.590438842773437,8.920785903930664,4.61093282699585,4.058319091796875,4.657811164855957,5.050600051879883,3.635230302810669,2.990903377532959,3.557869672775269,3.796828508377075,3.002958059310913,3.57407021522522,-1.1637351512908936,0.054405640810728,0.0335627272725105,0.1643038839101791,-0.0171401593834161,-0.1013925746083259,0.1019574105739593,0.0912240371108055,0.0155001198872923,-0.0191098693758249,0.049490563571453,0.0001100106892408,0.037976000458002,1.8971028327941888,1.0902835130691528,1.4009032249450684,0.6116276383399963,0.6534262895584106,0.5978432893753052,0.6099980473518372,0.6203953623771667,0.418519377708435,0.5439579486846924,0.7123858332633972,0.4585568904876709,0.5193861722946167,0.2794698476791382,-0.1126743778586387,0.269278883934021,0.0754241272807121,0.1108787879347801,0.0906472578644752,0.035649973899126,-0.0222378950566053,0.0212134532630443,0.0396200902760028,-0.021347964182496,0.0356262847781181,0.0379549972712993,1.4402751922607422,0.7649163603782654,1.106143593788147,0.4536902606487274,0.501788318157196,0.4963761270046234,0.4942597448825836,0.4107289016246795,0.3340006172657013,0.4144386351108551,0.4093154072761535,0.4726156592369079,0.3410587310791015,0.0056814537270076,0.0035181546633711,0.0179887533052355,0.0102616583427876,20.11775436311089,1,Laryngitis,2516,a_n
-225.8255157470703,250.217041015625,22.317535400390625,21.02071189880371,-27.767269134521484,-39.40964126586914,-11.63953685760498,-9.866597175598145,-2.411442995071411,3.971015214920044,-2.415238857269287,-17.69708824157715,-10.154752731323242,21.8342342376709,16.86043930053711,8.914412498474121,5.75471305847168,3.0753166675567627,6.967471122741699,3.21050238609314,4.59588098526001,3.4308922290802,3.6115005016326895,3.502983570098877,3.584942579269409,2.7684519290924072,-0.6287869215011597,0.8311505913734436,0.1312281489372253,-0.1962387710809707,-0.0296468175947666,0.0646074935793876,-0.1345249414443969,-0.1763070821762085,0.1020895093679428,-0.0525553300976753,-0.1323735862970352,-0.0330312326550483,-0.030747165903449,3.4731264114379883,3.0577824115753174,1.5050917863845823,1.2045687437057495,0.4975704848766327,1.2680412530899048,0.6054648756980896,0.8234911561012268,0.6234970092773438,0.6578293442726135,0.4180968403816223,0.7266649007797241,0.4826034009456634,1.1307258605957031,-0.8846915364265442,0.1847299486398697,-0.2664422988891601,0.0882374048233032,0.2663991749286651,-0.0224916040897369,0.0711177960038185,-0.007336220704019,0.0287359710782766,0.0043350458145141,0.0705549567937851,0.1112414076924324,2.5128090381622314,1.9066920280456543,0.7470884323120117,0.8121481537818909,0.4063841104507446,0.8116012215614319,0.3403211832046509,0.5315690040588379,0.3790240883827209,0.5004217028617859,0.4484738111495971,0.3723317682743072,0.3903113901615143,0.0054670584870339,0.002626149900606,0.0509201731679403,0.0282402173398269,21.14795589818251,1,Laryngitis,2525,a_n
-323.4589233398437,173.9969482421875,69.64153289794922,55.59205627441406,10.452067375183104,-0.5908985733985901,-36.08955764770508,-7.3071794509887695,-3.8000667095184326,21.54878616333008,-7.741935729980469,-10.391918182373049,8.221811294555664,34.341285705566406,8.308585166931152,6.059470653533936,5.154284477233887,5.375854969024658,4.020386219024658,9.5523042678833,5.732965469360352,6.387527942657471,3.747623920440674,4.523014545440674,5.842311859130859,5.162729740142822,-1.4977436065673828,-0.2209855616092682,0.0588457025587558,0.1408811658620834,0.2031356692314148,0.0238020755350589,0.0744218602776527,-0.1249358057975769,-0.0121457772329449,0.0807868689298629,0.0799361541867256,0.0824275016784668,0.119729459285736,2.704143524169922,0.8967024087905884,1.040373682975769,0.922677218914032,0.7904987931251526,0.7675876021385193,1.244678258895874,0.8145795464515686,0.8689180612564087,0.5536866784095764,0.6641032695770264,0.7493006587028503,0.8523530960083008,0.3550355434417724,-0.0566006042063236,-0.0962042212486267,-0.1276372373104095,0.0631654113531112,0.0286572556942701,0.1459393948316574,-0.0063787461258471,-0.0454843416810035,-0.0787759274244308,0.079504445195198,0.0503833666443824,-0.0081574749201536,1.2786054611206057,0.762293815612793,0.5487672686576843,0.5226320028305054,0.6419235467910767,0.587253987789154,0.7547830939292908,0.6578182578086853,0.5699209570884705,0.4525345265865326,0.4678896069526672,0.5687784552574158,0.4129079580307007,0.007390672936267,0.0031567319324931,0.0452280086100042,0.0238953812992304,19.564181427409213,1,Laryngitis,2541,a_n
-271.63348388671875,241.92996215820312,10.544353485107422,6.798191547393799,-11.972634315490724,-30.99122428894043,-13.168417930603027,13.137856483459473,-11.473501205444336,-13.681941032409668,3.892951726913452,-2.7130231857299805,-3.2435245513916016,18.6230697631836,4.891480922698975,9.616148948669434,2.4326443672180176,3.73305082321167,5.056326389312744,2.834352970123291,4.315540790557861,3.981696128845215,2.901944637298584,4.06003475189209,1.8337671756744385,1.92270028591156,-0.6575580835342407,-0.2218191921710968,0.3697321116924286,-0.1024882942438125,-0.0900831967592239,0.2307614982128143,-0.006558327935636,-0.1751924902200698,0.1301374286413192,-0.0409987866878509,-0.1271718144416809,0.0555646978318691,0.0187947247177362,1.2596436738967896,0.4150445759296417,0.7193352580070496,0.3975845575332641,0.4456583261489868,0.5102068781852722,0.4176672697067261,0.4033361077308655,0.3091706037521362,0.4148106276988983,0.2364201843738556,0.3045940101146698,0.2335804104804992,0.2011438310146331,-0.0267124958336353,0.1088541448116302,0.012272241525352,0.0015782485716044,0.0029860048089176,0.0023491727188229,-0.0563534647226333,0.0410501062870025,0.0400688834488391,-0.0340824909508228,0.0039302743971347,0.0058476952835917,0.7229715585708618,0.3900911509990692,0.4719569385051727,0.2659627795219421,0.2850160300731659,0.3425819277763366,0.2427673935890197,0.2921501100063324,0.2523943781852722,0.2465095371007919,0.2113071382045745,0.201118603348732,0.2018759399652481,0.001695341941401,0.0008249155127736,0.0152604677433726,0.0076609216130654,31.030652635696512,1,Laryngitis,2542,a_n
-273.8395080566406,230.06137084960932,58.550724029541016,12.005624771118164,-35.08551406860352,-1.1431572437286377,-19.92131423950196,12.10353946685791,-12.703180313110352,-6.442194938659668,22.64354133605957,-13.831995964050291,-16.47972297668457,23.245594024658203,14.089505195617676,7.0572829246521,6.8578410148620605,9.026056289672852,10.580606460571287,7.28957462310791,5.802962779998779,4.951441764831543,5.81599235534668,4.747134685516357,4.7230730056762695,3.978975534439087,-0.4522739946842193,-0.3766627907752991,-0.0090018920600414,0.2560193240642547,0.2117969244718551,0.1805559247732162,-0.0648148581385612,-0.0737480372190475,-0.0875761955976486,-0.1827274113893509,-0.0599452070891857,0.1096846163272857,0.0902794525027275,2.3202133178710938,1.5840224027633667,1.1824816465377808,1.2955594062805176,1.0507203340530396,1.2986711263656616,1.011953353881836,1.1149379014968872,0.8813400864601135,0.9097911715507508,0.7553563117980957,1.0222502946853638,0.7713913917541504,0.1014706939458847,-0.2204245775938034,-0.1349280476570129,0.1122490167617797,0.1851296573877334,-0.1323421150445938,0.0314780287444591,-0.0272542610764503,0.0726113468408584,-0.0229406990110874,-0.0666703134775161,0.0547859854996204,0.0252558551728725,1.189640998840332,1.15314781665802,0.9034998416900636,0.972499430179596,0.901943564414978,0.8220861554145813,0.6413233280181885,0.5807565450668335,0.6461296081542969,0.5588082671165466,0.5629683136940002,0.4337401688098907,0.4716328084468841,0.0168287475250108,0.0088464843475847,0.0624264804970417,0.0274576413694252,8.646418355316886,1,Laryngitis,2555,a_n
-232.0776214599609,248.7438507080078,-10.151514053344728,23.430055618286133,-7.631993293762207,-17.825559616088867,-29.606245040893555,1.4681075811386108,2.0038492679595947,-8.478010177612305,10.298864364624023,-21.8532943725586,-3.915179252624512,30.11871337890625,9.408581733703612,17.547304153442383,7.039669990539551,3.9893853664398193,7.2630438804626465,6.581542015075684,3.835370779037476,4.3104424476623535,2.976407766342163,4.74351692199707,4.464208602905273,5.146249771118164,-0.544218897819519,0.2647020816802978,0.1857906430959701,-0.0416206158697605,-0.033177725970745,-0.0599671900272369,-0.074883796274662,-0.0219751317054033,0.0263256784528493,-0.0215672608464956,0.0031563034281134,0.0466176755726337,-0.1209517419338226,1.8478291034698489,1.448630928993225,0.9443478584289552,0.8125731945037842,0.5646578073501587,1.2653321027755735,0.7740740180015564,0.6861779689788818,0.7798274159431458,0.4909834861755371,0.7404835224151611,0.5894325971603394,0.4457781314849853,0.246464729309082,-0.250093400478363,0.1680850833654403,-0.0288264229893684,0.0444416739046573,-0.0235327091068029,-0.0151802888140082,-0.0087611963972449,0.0233436003327369,0.0602533333003521,-0.0444939881563186,0.032242152839899,0.0141486544162034,1.060397028923035,0.9613615870475768,0.812267541885376,0.5392470359802246,0.4679221212863922,0.6408075094223022,0.3962871134281158,0.4657917618751526,0.4211767315864563,0.3712286949157715,0.3999947905540466,0.4021701514720917,0.2944299876689911,0.0046403272269708,0.0022470030532359,0.0633502242096562,0.0367740970674847,20.33634727320129,1,Laryngitis,2556,a_n
-281.99237060546875,183.28079223632807,12.621472358703612,17.220157623291016,-46.65453338623047,-42.99559020996094,-39.10527420043945,-0.5051738619804382,-17.330297470092773,-0.5473689436912537,17.882709503173828,-27.66209983825684,-8.651982307434082,11.944469451904297,8.888204574584961,5.1111159324646,7.132343292236328,4.634732723236084,6.827545166015625,5.678499221801758,4.060510635375977,4.553133010864258,5.094555854797363,4.91827392578125,6.35115909576416,4.0375823974609375,-0.2880225777626037,-0.1126590445637703,0.0356800220906734,0.1033531576395034,-0.0876803696155548,-0.0522659607231617,-0.0365286916494369,-0.0565778650343418,-0.1715550273656845,-0.0287916380912065,-0.0182749032974243,-0.158929631114006,-0.0202856659889221,2.250476121902466,1.1956380605697632,0.7699534893035889,0.8961533308029175,0.8981874585151672,0.8598507046699524,0.7788342237472534,0.6204840540885925,0.6381187438964844,0.8087248206138611,0.5584136247634888,0.8058480620384216,0.6146790981292725,0.3816898167133331,0.055003497749567,0.0570123456418514,-0.0878116860985755,0.0570961609482765,0.06776674836874,0.0551379546523094,-0.0336442850530147,0.0460334531962871,0.0218204949051141,-0.0278669465333223,0.0921137630939483,-0.0057007889263331,1.4206644296646118,0.7076681852340698,0.4971882402896881,0.561019241809845,0.5288686752319336,0.5346096754074097,0.4738471508026123,0.379605084657669,0.4252869486808777,0.4970197677612304,0.3594811856746673,0.5913794040679932,0.4105882048606872,0.001978004919176,0.0009616983301434,0.0242304752717435,0.0124654796837303,29.95804501818067,1,Laryngitis,2567,a_n
-270.85211181640625,187.34445190429688,14.263171195983888,4.982728481292725,-33.14094161987305,-13.481708526611328,-43.996726989746094,-1.4487781524658203,-2.5634765625,16.36935043334961,5.137086868286133,-33.85185623168945,4.753773212432861,32.0330696105957,4.5278849601745605,7.77846622467041,4.768714904785156,5.330405235290527,4.396358489990234,4.345734596252441,5.1324968338012695,3.313659906387329,3.5190820693969727,4.593207836151123,4.584776401519775,5.082150936126709,-0.8077588677406311,0.0390407890081405,0.1221025809645652,0.0428794212639331,0.0674289092421531,0.0060227527283132,0.0409146510064601,0.0079420777037739,0.0093277934938669,-0.0151185356080532,-0.0357833430171012,0.0245151948183774,0.0795961245894432,1.9439605474472048,0.8039656281471252,0.6878471970558167,0.5815935134887695,0.5789777040481567,0.6201000809669495,0.556594729423523,0.6261237263679504,0.5142582654953003,0.5240835547447205,0.5961778163909912,0.7162521481513977,0.5011898875236511,0.2745015919208526,-0.0608700476586818,0.059791974723339,0.0254166014492511,0.0655452087521553,-0.0203893575817346,0.0502621717751026,-0.0083649344742298,0.0115003669634461,-0.0320434905588626,-0.0183360055088996,0.099119059741497,0.0111027527600526,1.1991181373596191,0.6524809002876282,0.501288115978241,0.3274472951889038,0.5081037878990173,0.4440896809101105,0.4538567662239074,0.3602415919303894,0.3310112953186035,0.3489998281002044,0.4055715203285217,0.4886331558227539,0.40284064412117,0.0025175466747627,0.000816720491021,0.0178645409735113,0.009928361749711,26.62390412824467,1,Laryngitis,2574,a_n
-290.18902587890625,193.6262969970703,-31.074535369873047,-3.0427496433258057,-39.54163360595703,-12.658502578735352,-21.35788917541504,1.9919891357421875,20.455421447753903,-13.70852279663086,-18.16276359558105,8.39355754852295,5.603860378265381,14.7205228805542,6.421992778778076,7.767162799835205,3.41033148765564,5.705066204071045,3.33150315284729,3.094547271728516,3.843130350112915,3.4205946922302246,3.0328474044799805,4.507617473602295,2.8792526721954346,2.261007308959961,-0.5446824431419373,-0.0332970060408115,-0.2193602472543716,0.0778555199503898,0.0710762813687324,0.0026731276884675,-0.0356463640928268,-0.0861729905009269,0.0088730752468109,-0.022007405757904,-0.0705000087618827,0.0453037656843662,0.0508318729698658,1.791593313217163,0.9459534287452698,1.1841391324996948,0.5648481249809265,0.6249017119407654,0.5151976943016052,0.5057327747344971,0.4386342465877533,0.5000331401824951,0.4854834973812103,0.4102004766464233,0.3969590365886688,0.3558750748634338,0.3164946138858795,0.0900119170546531,0.2334388047456741,0.0536826439201831,0.0709674879908561,0.0081372093409299,0.0668106526136398,0.0182168204337358,0.0180987641215324,0.0571113005280494,0.0378236323595047,0.0272667873650789,0.0049211340956389,1.217851161956787,0.7084149718284607,0.8107240200042725,0.4316282272338867,0.4384709596633911,0.3956626355648041,0.375909686088562,0.2760437130928039,0.3524582684040069,0.3493364453315735,0.2426229417324066,0.2884787917137146,0.2387454062700271,0.003070789657015,0.0018060684823818,0.0193326824977333,0.0113624382695137,30.56051278028352,1,Laryngitis,2578,a_n
-227.5106811523437,160.09616088867188,17.104167938232422,23.53231811523437,-64.60795593261719,7.066956520080566,-3.2851030826568604,-11.151703834533691,20.346284866333008,18.41280937194824,2.0568594932556152,7.49653434753418,-8.501025199890137,12.096043586730955,7.524136066436768,5.951388835906982,6.3788886070251465,5.907040596008301,5.185132026672363,3.926164388656616,6.208016395568848,5.129960060119629,6.248148918151856,3.8272650241851807,4.010576248168945,4.465165615081787,-0.6655274033546448,-0.3326210081577301,0.2033734321594238,0.3408233523368835,0.0922702625393867,0.062425784766674,-0.1307236403226852,-0.1603692770004272,-0.014810181222856,0.1584979891777038,0.069747544825077,0.1804792135953903,0.1820464879274368,1.2384510040283203,0.6808170676231384,0.8909274935722351,0.7630959749221802,0.996785044670105,0.660599946975708,0.718870997428894,0.8527227640151978,0.5973095297813416,0.8454773426055908,0.6479054093360901,0.7498221397399902,0.6947499513626099,0.0909588634967804,0.057854913175106,0.0954939201474189,0.0222432855516672,0.114136166870594,0.0233547147363424,-0.0310964174568653,-0.0021139702294021,0.0976728349924087,0.0514993071556091,0.0181364100426435,0.0187872443348169,0.0699182823300361,0.6580403447151184,0.5777849555015564,0.6007251143455505,0.5512538552284241,0.5447142124176025,0.5303542613983154,0.6299757957458496,0.5086661577224731,0.6121411919593811,0.5327314138412476,0.4720732569694519,0.5368953347206116,0.5831477046012878,0.0056033190874799,0.0027000066326582,0.0718556858185049,0.0419124283144235,14.300663270289387,1,Laryngitis,2582,a_n
-217.4091644287109,195.9339904785156,11.477621078491213,15.649554252624512,-28.849925994873047,-21.707199096679688,-13.795910835266112,8.325681686401367,24.233549118041992,2.047203540802002,-9.054842948913574,-2.9702537059783936,2.714693307876587,19.486968994140625,8.679557800292969,6.160136699676514,4.390508651733398,4.920166492462158,4.092684745788574,4.645911693572998,3.930134057998657,4.967365264892578,3.917484045028688,3.863299369812012,2.8078861236572266,2.8344202041625977,-0.6454146504402161,0.0159485023468732,0.0378231257200241,0.028789235278964,-0.0219056047499179,0.009401130490005,-0.071324698626995,-0.0867562815546989,0.0779739022254943,-0.0214705858379602,-0.0626198053359985,-0.0001637477107578,-0.0155305285006761,2.359925508499145,1.287310004234314,1.03056538105011,0.6070803999900818,0.8720793724060059,0.7123467326164246,0.6875789165496826,0.6424861550331116,0.7363168597221375,0.6309146881103516,0.7072322964668274,0.3744652569293976,0.4515381157398224,0.2352923899888992,-0.2400615364313125,0.1257061213254928,-0.0049405279569327,0.1217751801013946,0.0764816403388977,0.0528043881058692,-0.027752848342061,-0.0668993070721626,0.0467163957655429,0.0700777173042297,0.0081154014915227,-0.0658244714140892,1.1916542053222656,1.11846125125885,0.7038520574569702,0.3914563357830047,0.6416333913803101,0.4468913674354553,0.4907360076904297,0.4310698807239532,0.4804110527038574,0.4170793294906616,0.4053945541381836,0.2506722509860992,0.3672202825546264,0.0088664390229249,0.0053912937252441,0.0790182612614584,0.0481078102077799,17.853791701762812,1,Laryngitis,2585,a_n
-258.0419006347656,218.7883758544922,-7.695158004760742,-5.938747406005859,-25.776365280151367,22.44124412536621,-19.36345672607422,-0.6249613165855408,25.409818649291992,-10.738173484802246,0.4045548737049103,12.07659149169922,7.059824466705322,32.577579498291016,7.740548610687256,5.156561851501465,4.194855690002441,9.96769905090332,5.153581619262695,7.821486949920654,3.7721199989318848,3.8171706199646,4.288003444671631,3.765033721923828,2.686223268508911,4.419123649597168,-1.120421051979065,-0.2109344601631164,0.0592246949672699,0.0431693829596042,0.2809121906757355,0.1513440907001495,0.1342194080352783,0.0038212302606552,-0.0811987593770027,0.0118209617212414,-0.0215908642858266,-0.024568798020482,0.0685071647167205,0.7328147888183594,0.950603485107422,0.7207280397415161,0.7471247315406799,0.8469909429550171,0.7701269388198853,0.7267032861709595,0.5699704885482788,0.5903473496437073,0.5881835222244263,0.4156404435634613,0.4647066593170166,0.5627221465110779,0.0904952064156532,-0.1703929454088211,0.1205877885222435,0.007571741938591,0.0565446317195892,-0.129826009273529,0.1282390356063842,0.0634259656071662,-0.075394220650196,0.0920235887169838,0.0339928604662418,-0.0174489114433527,-0.0130866477265954,0.6225236058235168,0.6649593114852905,0.6091224551200867,0.6053705215454102,0.6380575895309448,0.7521981596946716,0.5566127896308899,0.5395541191101074,0.4585219025611877,0.432321548461914,0.3608593046665191,0.3835307359695434,0.4116273522377014,0.0460976355204804,0.0283136711175929,0.0997470693752747,0.0585474980905627,8.438748552850646,1,Laryngitis,2588,a_n
-273.77996826171875,227.02638244628903,16.250656127929688,43.74874496459961,-15.438294410705566,-41.38811874389648,-18.41181373596192,5.942324638366699,9.914227485656738,-4.179769039154053,-9.717511177062988,-2.264158010482788,-0.6627196669578552,22.68104362487793,13.348129272460938,5.638030529022217,8.100569725036621,5.728818893432617,6.822674751281738,3.710409164428711,3.782760381698608,3.1862521171569824,3.521334409713745,3.965513467788696,4.0425896644592285,2.2990760803222656,-1.2647385597229004,-0.0889659747481346,0.1295768469572067,0.3899833559989929,0.1863928586244583,0.143826812505722,0.0993370339274406,0.0353483743965625,-0.0566897988319397,-0.0037488667294383,0.0006159825134091,-0.1277117729187011,0.0048119770362973,3.335904836654663,1.742476463317871,0.6874715089797974,1.1082768440246582,0.8887935280799866,1.0263962745666504,0.4913285076618194,0.471815675497055,0.6514791250228882,0.5197440385818481,0.4501418173313141,0.5455338358879089,0.3656086027622223,0.5692073106765747,-0.2922520041465759,0.1422245651483535,-0.2116765230894088,0.0084861768409609,0.1820130497217178,0.0376717410981655,-0.0149669433012604,-0.0520768202841281,-0.0013942949008196,0.0914434716105461,0.0251481346786022,0.0038530956953763,1.6207603216171265,1.249029278755188,0.6270062923431396,0.7395599484443665,0.5344610810279846,0.650184690952301,0.3388212323188782,0.361306220293045,0.3775616586208343,0.4253342449665069,0.3320341110229492,0.3741053640842438,0.2801209390163421,0.0051872555997304,0.0029011757391702,0.0544491537135256,0.0292119391188375,20.66252579237324,1,Laryngitis,2600,a_n
-211.8670196533203,167.09820556640625,-10.46024227142334,42.11578750610352,-49.46714401245117,-2.61177396774292,0.3450074791908264,7.019108772277832,13.072535514831545,-1.0801618099212646,-20.49737548828125,0.5880082845687866,5.819736003875732,30.66707229614257,11.470097541809082,15.151140213012695,7.869710922241211,7.226996898651123,8.251477241516113,6.690842628479004,4.859932899475098,4.997687339782715,4.70425271987915,4.985213756561279,3.173513412475586,4.295225620269775,-1.3944742679595947,0.1062220633029937,0.2230551242828369,0.3149185180664062,-0.1270121037960052,0.0029428487177938,0.0800447911024093,-0.1613681018352508,0.0101907532662153,-0.1022185012698173,-0.0743126645684242,0.0327316373586654,-0.0002317010221304,2.567136287689209,1.281535506248474,1.3002036809921265,0.912873148918152,1.1191613674163818,0.9721023440361024,0.924705445766449,0.7710217833518982,0.733910858631134,0.6558237671852112,0.8422197103500366,0.482749342918396,0.7163722515106201,0.1631028801202774,-0.1285394728183746,0.2122184485197067,-0.0038568745367228,0.2233408838510513,-0.1143977642059326,0.0280114319175481,-0.0578610673546791,-0.0163064002990722,-0.0065127382986247,0.0500715598464012,0.0585138723254203,-0.0221104454249143,0.9628534913063048,1.0181455612182615,0.7944262623786926,0.4983960390090942,0.9151581525802612,0.6459368467330933,0.6462989449501038,0.599727213382721,0.4662742614746094,0.4360750913619995,0.3856975436210632,0.4439862668514251,0.381067544221878,0.0442986899390305,0.026952205330524,0.1445301654654754,0.0754516528790018,10.0850786373034,1,Laryngitis,2602,a_n
-252.9992828369141,179.22909545898438,42.08887481689453,32.45383071899414,-45.55651092529297,3.847275495529175,-25.30509376525879,-0.8035092949867249,-7.93429708480835,15.767179489135742,-2.685619592666626,-16.015323638916016,-10.168225288391112,24.39558792114257,10.765745162963867,9.062301635742188,12.685575485229492,6.711050033569336,5.705794334411621,10.795221328735352,5.06606388092041,7.345114231109619,5.8149518966674805,7.879317760467529,5.871240139007568,6.010784149169922,-0.6089942455291748,-0.1390872150659561,0.169777438044548,0.1612737625837326,-0.0999258905649185,0.0232334099709987,0.1309830993413925,-0.0992443114519119,-0.1191630586981773,0.0149448392912745,0.1370107233524322,-0.0869206115603447,-0.0507431998848915,1.8470418453216555,0.9078686833381652,1.2013356685638428,0.892228901386261,0.8943253755569458,0.6663408279418945,0.9968648552894592,0.9093408584594728,0.5901151895523071,0.7673258781433105,0.5559176802635193,0.7022552490234375,1.0708287954330444,0.272118479013443,-0.0569302700459957,-0.0696942135691642,-0.0676498264074325,0.1285436451435089,-0.0628708973526954,0.0722082033753395,-0.0037715435028076,0.062473677098751,-0.0441107898950576,0.0768806040287017,0.0084783397614955,-0.0228208787739276,1.1947022676467896,0.5451252460479736,0.6177260875701904,0.5239220857620239,0.5849164128303528,0.4807076454162597,0.5277993679046631,0.5306605100631714,0.4552803933620453,0.508536159992218,0.5120639801025391,0.379378467798233,0.5883588790893555,0.007807966770247,0.0037968014572364,0.0792579649073165,0.0468015392342998,17.06359953877932,1,Laryngitis,2605,a_n
-271.5068054199219,192.765365600586,-15.250337600708008,14.245792388916016,-37.41669464111328,-13.892999649047852,-9.394245147705078,16.709043502807617,5.190828323364258,-29.22890853881836,-3.2441649436950684,5.160192966461182,-6.458690643310547,17.864925384521484,6.797636032104492,9.960478782653809,4.946434020996094,6.94824743270874,5.84466028213501,5.013449192047119,3.499588966369629,5.175814151763916,5.406742095947266,3.719698429107666,3.716783761978149,5.668765068054199,-0.3507925868034363,0.1208219081163406,0.1016020849347114,0.1012083664536476,0.0179061871021986,-0.0727558583021164,0.0778430104255676,0.095265507698059,-0.1183517351746559,0.0105730202049016,-0.001014266279526,-0.1078436449170112,-0.0031324464362114,2.8129918575286865,1.2569220066070557,1.8848470449447632,0.7755448222160339,1.1935710906982422,0.6717268824577332,1.077265739440918,0.5529077649116516,0.6604683995246887,0.9253911375999452,0.5138730406761169,0.4483402669429779,0.569369375705719,0.6462677717208862,-0.2304675281047821,0.2748015224933624,0.0186835844069719,0.2009203433990478,-0.003272583708167,0.1013876795768737,-0.0609267316758632,-0.0938790366053581,0.1243603229522705,0.0175591148436069,-0.0445767454802989,0.0050062937662005,2.2413718700408936,0.9163162708282472,0.8518092036247253,0.5508065223693848,0.7685666680335999,0.3806827366352081,0.3591052889823913,0.4617835879325866,0.4447558522224426,0.5121352672576904,0.2945145666599273,0.3739537000656128,0.2793907821178436,0.00554643992776,0.0032763821554867,0.0356430635007175,0.0181905410773227,21.873325103283573,1,Laryngitis,2610,a_n
-203.88584899902344,225.79782104492188,22.814979553222656,48.5229721069336,-23.107383728027344,-13.952435493469238,-17.258886337280273,-10.819497108459473,-4.717780590057373,1.663033127784729,11.938464164733888,-18.67358589172364,-14.100695610046388,17.48434829711914,8.82003116607666,4.066145896911621,4.754884719848633,6.102455139160156,4.812458515167236,6.395069122314453,5.051272869110107,9.102840423583984,6.197259902954102,5.788393974304199,5.301095008850098,4.559047698974609,-0.4290914833545685,0.1367011815309524,0.0102371824905276,0.0602903366088867,-0.0017695390852168,-0.0965887233614921,-0.0639963150024414,0.00738409999758,0.0968614965677261,0.0670168548822403,-0.024136409163475,-0.1247551590204238,-0.120362251996994,1.8531612157821653,1.5753262042999268,0.7440398931503296,0.7484872341156006,0.8232762217521667,0.856777548789978,1.2475736141204834,0.6492694616317749,1.6219048500061035,1.0380325317382812,0.9063901901245116,1.002824783325195,0.908752977848053,0.3558790385723114,-0.3379659354686737,0.1026143729686737,-0.1109359785914421,0.1252356916666031,0.0538462698459625,0.0532873645424842,-0.0553907081484794,-0.0449062995612621,-0.017899127677083,-0.0551762729883194,0.1085895970463752,0.0723496824502945,1.3521959781646729,1.21243155002594,0.47805917263031,0.5221974849700928,0.6701971292495728,0.5342921614646912,0.6792358160018921,0.520057201385498,0.9188276529312134,0.5425831079483032,0.6234816312789917,0.5506341457366943,0.5101035237312317,0.0075783633954322,0.0046854488233335,0.039310681638811,0.0208613755703793,21.58555357089492,1,Laryngitis,493,a_n
-236.5424346923828,226.4156036376953,37.67219924926758,24.956928253173828,-56.077632904052734,-2.3594460487365723,1.261842966079712,-5.230518817901611,0.5827757120132446,4.143299102783203,3.0661349296569824,-10.976176261901855,-5.173125743865967,19.339160919189453,9.353350639343262,5.594459056854248,3.942171335220337,7.717771530151367,7.137564659118652,5.821048259735107,8.120664596557617,3.995699405670166,6.271459579467773,3.5300750732421875,3.758914232254028,3.642428159713745,-0.1387365907430648,0.0653309822082519,0.0273541249334812,0.017157394438982,0.0168003719300031,0.0086761889979243,0.0357620194554328,0.0102409068495035,-0.0162779055535793,0.0203342903405427,-0.0003678742505144,-0.0518002845346927,-0.0047438968904316,3.110450506210327,1.7556790113449097,0.5796620845794678,0.6348822116851807,1.2681574821472168,0.7610330581665039,0.6906028985977173,0.7737644910812378,0.6304255127906799,0.5842174291610718,0.5519751906394958,0.521580696105957,0.4272397756576538,0.456691563129425,-0.3222229778766632,-0.0281923003494739,-0.0546459592878818,0.2131163924932479,-0.0743237361311912,-0.0369917377829551,0.0887695625424385,0.0106263738125562,-0.0332015939056873,0.0015482865273952,0.0486617051064968,0.0135791460052132,1.831847667694092,1.3581957817077637,0.3794769942760467,0.3842480778694153,0.9747712016105652,0.5433802604675293,0.3906168639659881,0.5542551279067993,0.4210928976535797,0.4501444697380066,0.3503720760345459,0.4101989865303039,0.3232160806655884,0.0061791975921006,0.0036760774131505,0.0335211149203071,0.0180357569213018,22.81192038017782,1,Laryngitis,497,a_n
-214.9295959472656,182.19772338867188,-5.943268299102783,10.678475379943848,-14.619742393493652,4.415115833282471,-7.789083957672119,16.89459228515625,-5.23890495300293,-3.774443864822388,-1.8766268491744995,-21.018213272094727,6.974120616912842,11.976378440856934,3.784488439559937,5.391512870788574,3.82622742652893,5.0416789054870605,4.160566806793213,6.681690692901611,4.281301021575928,3.375847101211548,3.5502517223358154,4.212024211883545,3.751842975616455,3.212288856506348,-0.5940985679626465,-0.0015456686960533,-0.0488096065819263,-0.0178270488977432,0.0723983496427536,0.05294044688344,0.1503799855709076,0.0139517392963171,-0.037101712077856,0.0303864870220422,-0.0936887711286544,-0.0127832004800438,0.0282068289816379,1.832760572433472,0.7012849450111389,0.922685980796814,0.7420319318771362,0.9203362464904784,0.5906009078025818,1.09125018119812,0.7344164252281189,0.6609803438186646,0.6343695521354675,0.6573421359062195,0.610767662525177,0.5209003686904907,0.2924309372901916,-0.0722923427820205,0.1841170340776443,0.088103175163269,0.1165490373969078,0.0735353156924247,0.0544956251978874,-0.1010448336601257,0.0088754147291183,-0.0329219996929168,-0.0816551223397255,0.0836429223418235,-0.0269687920808792,1.2291687726974487,0.44881072640419,0.6741098761558533,0.5183819532394409,0.6260901093482971,0.5211745500564575,0.558742880821228,0.5312090516090393,0.4271924793720245,0.4267644584178924,0.4334092140197754,0.4723923802375793,0.3587341606616974,0.0032113279833938,0.0018026594326673,0.0267572154302907,0.0123960451978925,21.536499054711808,1,Laryngitis,498,a_n
-250.5269317626953,257.77362060546875,10.798996925354004,-8.016993522644043,-20.087146759033203,0.7890011668205261,-33.12419128417969,-16.83053207397461,18.46327781677246,15.902986526489258,-25.340341567993164,-2.489438772201538,-0.0798439905047416,23.412673950195312,18.040042877197266,7.4698309898376465,5.611102104187012,3.281779766082764,5.291128158569336,6.090794086456299,4.212876796722412,3.027749300003052,3.901057243347168,5.131356716156006,3.405802249908448,2.453073024749756,-0.6419321298599243,-0.0502060316503047,0.1161558106541633,0.1447175592184066,0.0165394451469182,-0.0120262084528803,0.0931364670395851,-0.002849175594747,-0.0186396706849336,-0.0394936017692089,-0.0029134703800082,0.0628249049186706,0.0304210167378187,3.745154857635498,3.4119794368743896,0.7840869426727295,0.6845589876174927,0.4989616572856903,0.7224254012107849,0.9516925811767578,0.5711612105369568,0.6732112765312195,0.5847294330596924,0.9236995577812196,0.639369547367096,0.391888678073883,0.9049955606460572,-0.7630565166473389,0.0248045977205038,0.0889341682195663,0.0506262592971324,-0.0832469314336776,0.2096197307109832,0.0924494266510009,-0.1013524085283279,-0.1064225360751152,0.1869914978742599,-0.0236508846282959,-0.0487831905484199,2.5750057697296143,2.0896897315979004,0.3765442669391632,0.364782840013504,0.3467101752758026,0.4629290699958801,0.6358228921890259,0.5327545404434204,0.4335197806358337,0.458509624004364,0.6511677503585815,0.2922874391078949,0.2702249586582184,0.006479780168954,0.0028343827827935,0.0225325996564074,0.0116087509087709,21.478567719032263,1,Laryngitis,563,a_n
-288.9525756835937,196.1136932373047,16.472881317138672,20.1585750579834,-30.30632972717285,-17.36786651611328,-21.62652969360352,21.507213592529297,21.618492126464844,-15.412248611450195,-4.288360595703125,-0.6180355548858643,1.8812930583953853,12.559404373168944,5.589598178863525,5.479368209838867,3.8977982997894287,4.908500671386719,4.2611403465271,3.959884643554688,3.5453543663024902,3.5948486328125,4.417052745819092,3.252507448196411,3.486658811569214,3.353535413742065,-0.1594062447547912,-0.0041139591485261,-0.0411307588219642,0.045447688549757,-8.058800449362025e-05,-0.0074922041967511,-0.0149626806378364,-0.0412359647452831,-0.014977978542447,-0.0727640762925148,-0.0047738077118992,0.0399143062531948,-0.0013695999514311,2.0834197998046875,0.8986990451812744,0.715262770652771,0.604099690914154,0.7353011965751648,0.6237479448318481,0.6530248522758484,0.6416991949081421,0.6034350991249084,0.5995857119560242,0.5113641023635864,0.5359075665473938,0.5852087736129761,0.3440722227096557,-0.1001344695687294,0.0568276718258857,-0.0449272580444812,0.0565358810126781,0.0320019535720348,0.0488702282309532,-0.0800100490450859,-0.0299601908773183,0.0624286197125911,0.0205285716801881,0.0184068232774734,-0.0120897712185978,1.4953696727752686,0.5754770636558533,0.5715026259422302,0.4399537146091461,0.5077658295631409,0.4785289764404297,0.4686831831932068,0.4539493322372436,0.3925217688083648,0.3720963299274444,0.3929846286773681,0.4032180309295654,0.3723938763141632,0.0037589606205764,0.0021375282520548,0.0423070072757935,0.0235320131464512,24.31904044024331,1,Laryngitis,568,a_n
-231.6638641357422,212.17410278320312,-32.6693000793457,-17.522748947143555,-51.55255508422852,-16.53925132751465,-23.395206451416016,18.506542205810547,13.362656593322754,-16.025543212890625,-19.834672927856445,16.542341232299805,-5.670119285583496,22.908540725708008,14.599051475524902,16.042640686035156,4.615338325500488,6.906179904937744,3.298175573348999,6.14459753036499,4.012580871582031,3.5380427837371826,4.203843116760254,3.371896266937256,3.188952207565308,3.179856538772583,0.8087652921676636,0.5032283067703247,-0.3353772163391113,-0.0694661363959312,0.0173720587044954,-0.0444275997579097,-0.1081615090370178,0.1416532099246978,0.0960291922092437,0.0618510358035564,0.0174499303102493,0.0232816245406866,0.0234539974480867,3.5016684532165527,2.187443971633911,2.8005759716033936,0.8913030028343201,1.2576673030853271,0.5107927918434143,0.890322208404541,0.6706666946411133,0.4908680319786072,0.5537207126617432,0.5285109877586365,0.6400642991065979,0.4989076852798462,0.4641785323619842,-0.3051208853721618,0.1770005077123642,0.0594060681760311,0.2957749366760254,-0.022379845380783,0.1563250422477722,-0.0517752543091774,0.0107191512361168,0.1358700096607208,0.1599326580762863,-0.0926023423671722,0.1012393832206726,3.267993211746216,1.6601462364196775,1.7210874557495115,0.6817383766174316,0.9922776222229004,0.423099935054779,0.8504807949066162,0.4115825295448303,0.263612151145935,0.545632004737854,0.5043128728866577,0.427554577589035,0.4040520489215851,0.0212043234644518,0.011665510031674,0.1272836911384589,0.0632155900746209,10.225413241430095,1,Laryngitis,715,a_n
-235.4691619873047,220.6993865966797,41.47126770019531,33.50397491455078,-55.46936798095703,4.371825695037842,-21.78913307189941,-4.739734649658203,6.685957431793213,0.6984288692474365,-2.4252822399139404,-17.192020416259766,4.055529594421387,28.69872283935547,9.213711738586426,15.189146995544434,7.865194320678711,9.046085357666016,5.54611873626709,7.403879165649414,3.2163987159729004,5.765628814697266,3.5614235401153564,5.03310489654541,5.003890037536621,4.853453159332275,-0.2667979896068573,0.0071540013886988,0.2442077249288559,0.0402557775378227,0.1100162863731384,0.0529999881982803,0.0181298442184925,0.0079469326883554,-0.1357266306877136,-0.0788181126117706,0.0398357473313808,-0.1172155439853668,-0.056002028286457,3.067033767700196,1.5103001594543457,1.6172665357589722,1.371856927871704,1.783521056175232,1.1132339239120483,0.9238594174385072,0.5424491763114929,0.7719985842704773,0.58246248960495,0.8585808277130127,0.6243022084236145,0.628359854221344,0.454037994146347,-0.3530936241149902,0.032435342669487,-0.1671893000602722,0.291987657546997,-0.1618406772613525,0.0706198960542678,0.0540537498891353,-0.0106709571555256,-0.0395141467452049,0.0329986400902271,0.059460237622261,-0.0716971457004547,1.5452568531036377,1.1741740703582764,0.9125385284423828,0.6712931990623474,0.9602391719818116,0.6258798241615295,0.4380267560482025,0.4116955697536468,0.4974290728569031,0.4360003173351288,0.5297018885612488,0.359422504901886,0.4378842115402221,0.0063322893170176,0.0030714689532961,0.0390248452219314,0.0187509450928222,20.557322818403524,1,Laryngitis,818,a_n
-282.54107666015625,250.06285095214844,26.583370208740234,1.810439944267273,-24.219945907592773,4.695352554321289,-5.552048206329346,-3.990835666656494,14.331933975219728,-1.6543800830841064,-13.357152938842772,1.7543267011642456,-2.358864545822144,27.0795841217041,7.049643516540527,17.886014938354492,7.747629165649414,4.048837661743164,6.4614362716674805,6.674225807189941,3.621755838394165,3.8687565326690674,2.7301101684570312,4.570061206817627,3.4195072650909424,2.846435308456421,-0.5704020261764526,-0.223728746175766,0.4712847173213959,0.1728909164667129,0.0260480977594852,0.1360305547714233,0.0088607585057616,-0.0792283490300178,-0.0012814091751351,-0.0343730859458446,0.0543193779885768,0.1410072892904281,-0.0098133673891425,1.883230686187744,0.85892254114151,1.144632339477539,0.9937516450881958,0.646560549736023,0.6935929656028748,0.6794694662094116,0.6049810647964478,0.558219313621521,0.4583620727062225,0.5822670459747314,0.6654918789863586,0.3831942975521087,-0.0837071388959884,0.0548031292855739,0.109107993543148,0.0342341549694538,0.047930259257555,-0.0089311152696609,0.0191147606819868,0.0158860143274068,-0.0125640425831079,-0.0113017670810222,0.0538200996816158,0.0391129627823829,0.0062711527571082,1.1776598691940308,0.5339427590370178,0.8343144059181213,0.5472027063369751,0.3956978321075439,0.313294380903244,0.3394837975502014,0.3467587232589721,0.3115022182464599,0.3622649610042572,0.3821505904197693,0.4139784872531891,0.3208219408988952,0.0052405332887118,0.0025531580158491,0.029326398593343,0.0160470614367044,20.071909620892352,1,Laryngitis,824,a_n
-249.67616271972656,221.99107360839844,9.876157760620115,-8.139945030212402,-33.917579650878906,22.981590270996094,-15.494634628295898,21.4449462890625,26.05017471313477,-4.312205314636231,-7.990381717681885,-2.312370777130127,4.01640510559082,23.116230010986328,6.734547138214111,10.001076698303224,5.565720081329346,5.232987880706787,4.34914493560791,5.331911563873291,3.646903514862061,3.2743093967437744,5.047473907470703,3.5014724731445312,5.715213298797607,3.719959974288941,-0.4640679359436035,-0.0867282226681709,0.2049138098955154,0.0998362824320793,0.0060700615867972,-5.7982237194664776e-05,0.0676705986261367,-0.0593556202948093,-0.0125184347853064,0.0076756244525313,-0.0161621514707803,0.0607154294848442,-0.0157733801752328,1.576579213142395,0.9055296182632446,0.7913259863853455,0.4474039673805237,0.6579130291938782,0.7587473392486572,0.5423368215560913,0.529301643371582,0.5591871738433838,0.5455757975578308,0.6218727231025696,0.5703277587890625,0.5520389080047607,0.2885400652885437,-0.1657901406288147,0.0754303783178329,0.0366641506552696,0.0382714197039604,-0.1138931736350059,0.0632072985172271,-0.0440770760178566,-0.0371263213455677,-0.0087679363787174,0.0269642807543277,-0.0106535302475094,-0.0262278262525796,1.2254914045333862,0.6974948048591614,0.5273206830024719,0.3219843506813049,0.3626377582550049,0.6337425112724304,0.3813834488391876,0.4207313060760498,0.4080113470554352,0.3569417595863342,0.4216020405292511,0.318706065416336,0.4294491410255432,0.0035568830456101,0.0015989852247073,0.0306152959916827,0.0165546285199573,21.87856597490697,1,Laryngitis,828,a_n
-225.85459899902344,154.69818115234375,-12.43823528289795,-10.426074028015137,-42.31239700317383,19.420351028442383,-31.2164249420166,7.350947856903076,6.76068639755249,-25.357532501220703,-4.208174228668213,15.795170783996582,-1.80204439163208,12.091263771057127,7.978066921234131,6.957571506500244,4.03788423538208,4.814296722412109,4.476212501525879,4.2335205078125,4.048309803009033,3.174765110015869,3.8698203563690186,3.72349214553833,4.966286659240723,2.92594313621521,0.3873291313648224,-0.0042601162567734,-0.0761953443288803,0.0657163932919502,-0.0778055340051651,-0.1116060465574264,-0.0076375557109713,0.0263698808848857,0.057461030781269,-0.0681211501359939,-0.1177417114377021,-0.1053354367613792,-0.1180757954716682,2.0308260917663574,1.0623794794082642,1.2521778345108032,0.6308563351631165,0.701341986656189,0.765528678894043,0.6480329036712646,0.6662231683731079,0.5442161560058594,0.6788991093635559,0.5608189702033997,0.6868558526039124,0.5115534067153931,0.1708146631717682,-0.0643984079360961,0.2373857498168945,0.0622532740235328,0.1885618269443512,-0.0531125515699386,0.1288347691297531,-0.145262524485588,-0.0348490662872791,0.0915572568774223,0.0017074024071916,-0.1002420112490654,0.0072802086360752,0.9045593738555908,1.02247154712677,0.893761932849884,0.3827724456787109,0.7017695307731628,0.5408307909965515,0.4703310430049896,0.5773642063140869,0.3465798795223236,0.5120366215705872,0.4283455908298492,0.7010195851325989,0.3585893809795379,0.0054886421158269,0.0030295744650802,0.0428052620128839,0.0201648967185854,18.622692597748905,1,Laryngitis,844,a_n
-271.0009765625,186.7078857421875,-1.6415284872055054,15.836380004882812,-41.512203216552734,-14.250236511230469,-28.28131675720215,16.46280288696289,13.349998474121094,-7.755852222442627,-12.375276565551758,-1.943620562553405,5.222005844116211,14.97063159942627,7.297211647033691,5.352397918701172,7.008408546447754,3.5143537521362305,4.891207218170166,4.699049949645996,4.281063079833984,3.877286672592163,2.7746970653533936,3.153534173965454,3.47371506690979,3.150862693786621,0.0376587770879268,-0.1823647022247314,-0.1198181807994842,0.1856926083564758,0.022366477176547,0.0167630147188901,0.0774450302124023,-0.031465046107769,0.0586379952728748,-0.0043058432638645,-0.018469737842679,0.0261397212743759,-0.0344901643693447,2.228938341140747,1.1760340929031372,1.0258079767227173,1.2245240211486816,0.6397867798805237,0.8005740642547607,0.7578992247581482,0.5183629393577576,0.670524537563324,0.4480043947696686,0.5165466666221619,0.6800073385238647,0.5513453483581543,0.1379219442605972,-0.070251390337944,0.0813795328140258,0.0013501689536496,0.0364373885095119,0.0091009568423032,0.1227044761180877,-0.0121113033965229,0.0155858574435114,0.0158315859735012,0.0095604797825217,0.0166376587003469,-0.0045500849373638,1.43114972114563,0.8790820837020874,0.5157757997512817,0.5688747763633728,0.456064760684967,0.4773693084716797,0.726931631565094,0.3970261812210083,0.4154610335826874,0.3376954793930053,0.4008168578147888,0.4248394668102264,0.3446985483169555,0.0043095519710096,0.0022319233999843,0.0199833621686983,0.0101132086351368,23.199444986532576,1,Laryngitis,871,a_n
-254.96609497070312,236.2380828857422,44.32049560546875,31.0516414642334,-22.046850204467773,5.575713157653809,-15.56924057006836,2.470512866973877,12.873564720153809,-4.782715797424316,11.389179229736328,5.302024364471436,-9.07431411743164,22.314281463623047,12.83424186706543,8.874626159667969,5.405300140380859,6.968629360198975,6.981409072875977,5.852038860321045,4.776910305023193,5.015815734863281,4.4692487716674805,4.066061496734619,3.45150089263916,4.096249580383301,-1.1099035739898682,0.1991025954484939,0.3969001471996307,0.2353209555149078,-0.0222935751080513,-0.1774608939886093,-0.0917532071471214,-0.1811553090810775,-0.034873828291893,0.0401207171380519,0.1190357729792594,-0.0118771456182003,-0.0449844412505626,2.410071849822998,2.464552164077759,1.2446532249450684,1.0623574256896973,1.4362506866455078,1.190191626548767,0.7741067409515381,0.7825838923454285,0.7221841216087341,0.6943349242210388,0.473499059677124,0.7217927575111389,0.7328499555587769,0.6614307165145874,-0.5185191631317139,-0.1693546772003173,-0.0829634964466095,0.3197146654129028,-0.1133100166916847,-0.0196218322962522,-0.0731199532747268,-0.0424709282815456,0.1816616207361221,-0.0081335371360182,-0.0497371368110179,0.0493224896490573,2.1255924701690674,1.333476424217224,1.0463500022888184,0.6242884993553162,1.0989259481430054,0.7333436012268066,0.565780520439148,0.6229317784309387,0.5547089576721191,0.6490456461906433,0.3587642610073089,0.4445911347866058,0.4170328974723816,0.009470191545865,0.0043577099758887,0.0503599744030641,0.0224449403337474,20.43923352344806,1,Laryngitis,884,a_n
-216.04788208007807,187.79049682617188,9.625246047973633,43.20663070678711,-26.614896774291992,12.793283462524414,7.299196720123291,12.410479545593262,-6.568197250366211,-9.168670654296877,7.343318939208984,5.2354888916015625,-2.2567577362060547,22.712345123291016,9.249967575073242,7.271325588226318,6.587370872497559,6.54003381729126,6.012644290924072,6.047450542449951,5.53794002532959,5.7161359786987305,5.909632682800293,4.575340270996094,4.238192558288574,4.072469711303711,-0.908099889755249,0.055248599499464,0.0272903256118297,0.0190895684063434,-0.2322818636894226,0.0032305882778018,0.1020345315337181,0.1950810104608535,-0.0077857822179794,-0.0516163296997547,-0.0039974437095224,0.0519162081182003,0.0991114750504493,3.22440242767334,1.3947172164916992,0.7056557536125183,1.406948447227478,1.071318507194519,0.7714688777923584,0.6629762053489685,0.6587509512901306,0.7879796028137207,0.859606146812439,0.7516306638717651,0.783340573310852,0.4678407311439514,0.7714512348175049,-0.4060179889202118,0.134673997759819,-0.2424128055572509,0.2609822154045105,0.0111759938299655,0.0338099598884582,-0.0532118268311023,0.0923662036657333,0.0515270940959453,-0.0592895448207855,0.0086004929617047,0.0595419555902481,1.855717897415161,1.3074674606323242,0.671197772026062,0.7306680679321289,0.7536465525627136,0.4936769008636474,0.4531428217887878,0.5358358025550842,0.4129003882408142,0.4608364701271057,0.5257796049118042,0.4809410274028778,0.4348500669002533,0.0067489136296636,0.0039160999286199,0.0327506535613817,0.0145219041514161,19.989429302117184,1,Laryngitis,886,a_n
-186.94053649902344,167.57940673828125,14.523117065429688,-7.8252458572387695,-45.76984786987305,29.60908317565918,-30.075368881225582,15.227874755859377,1.4727061986923218,-7.002859115600586,1.1355252265930176,-1.830355525016785,-13.326440811157228,16.03032875061035,6.810186386108398,6.913791656494141,5.968018054962158,5.94350528717041,5.5447611808776855,6.179575443267822,4.791382789611816,4.214395046234131,6.531867980957031,4.032406330108643,5.58198356628418,7.108125686645508,-0.4987315833568573,0.1867463886737823,0.2360081523656845,0.1925563514232635,0.1044036671519279,-0.1240190118551254,-0.0692227855324745,0.015660997480154,0.1055066883563995,-0.2978039383888244,-0.1503952145576477,-0.0550869703292846,-0.0152886603027582,1.431613802909851,1.1140724420547483,0.8572591543197632,0.7065749168395996,0.7160085439682007,0.9265259504318236,1.0624558925628662,0.697978675365448,0.7277767062187195,0.5467983484268188,0.5394954681396484,0.9612549543380736,0.9295567870140076,0.0546883605420589,-0.16194649040699,0.0742531046271324,0.0879503563046455,0.0811442658305168,-0.1195967197418212,0.0542953200638294,-0.0257183406502008,0.0737641304731369,0.0247302427887916,0.0226011220365762,-0.0174964852631092,0.0993188619613647,0.7131981253623962,0.8049952387809753,0.5189551115036011,0.6278475522994995,0.6527028679847717,0.7045738697052002,0.7052677869796753,0.6464129686355591,0.6024927496910095,0.4191931188106537,0.4566283822059631,0.6922215223312378,0.6370927095413208,0.0053691361757503,0.002673425854945,0.0901642165545118,0.0473376287773268,9.52228936025742,1,Laryngitis,902,a_n
-247.83123779296875,239.14263916015625,35.27870178222656,43.42941665649414,-16.43267822265625,-18.57819366455078,-22.35215187072754,-1.2702776193618774,13.157614707946776,-6.913912296295166,-17.30035972595215,-12.663430213928224,5.947759628295898,31.72564697265625,10.424288749694824,8.984272003173828,4.912347793579102,8.37154483795166,4.07460355758667,6.3440775871276855,7.654553890228271,6.806626796722412,4.992818832397461,10.137195587158203,5.051785945892334,6.795519828796387,-1.0774062871932983,0.3749622404575348,0.1773949861526489,0.0905880033969879,0.0733468011021614,-0.1154157072305679,-0.0216899551451206,0.0772072225809097,0.0610638633370399,-0.1165598779916763,-0.2194710522890091,-0.0901942774653434,0.0552346631884574,1.903582572937012,1.641104221343994,0.7069697380065918,0.8355245590209961,0.7879522442817688,0.6905819177627563,0.914393424987793,0.766266942024231,0.6785610318183899,0.7095277905464172,0.950292944908142,0.6886564493179321,0.6711503267288208,0.2589544951915741,-0.2022462338209152,0.0311896987259387,-0.0730008408427238,0.1059410870075225,-0.0075752451084554,0.0898427814245224,-0.0542778074741363,-0.0264862850308418,0.0699254125356674,0.0625104531645774,0.0370532013475894,-0.0238912291824817,1.4098464250564575,0.8968074321746826,0.3660488128662109,0.6221435070037842,0.5855458974838257,0.377003401517868,0.4802670776844024,0.5272303223609924,0.3635967075824737,0.488640159368515,0.511243999004364,0.387418657541275,0.3641718327999115,0.0033947179272896,0.0016030251422084,0.0307020136228195,0.0136755329510265,27.153558808938108,1,Laryngitis,904,a_n
-202.9486389160156,179.8792266845703,-7.845233917236328,30.13703155517578,-33.48113250732422,-11.69599151611328,-13.653131484985352,-0.6642093658447266,-0.9328840374946594,1.36934232711792,-16.699649810791016,-5.3830413818359375,-3.190418243408203,14.365854263305664,5.874720096588135,6.202178001403809,7.4055609703063965,4.979360580444336,6.374290943145752,5.401027202606201,4.405908107757568,4.052935123443604,4.183289051055908,4.242124557495117,4.574578285217285,4.614710330963135,-0.5417828559875488,0.1144678220152854,0.0162690076977014,0.146023228764534,-0.0585351549088954,-0.0741777122020721,-0.0033075879327952,0.0287543013691902,0.0155068002641201,0.0304441656917333,-0.012995334342122,-0.0078878318890929,-0.1163231879472732,1.9563122987747192,0.9978868961334229,1.2373353242874146,1.2033393383026123,0.8319310545921326,0.9785851836204528,0.9387146830558776,0.7201258540153503,0.6219223737716675,0.5360512733459473,0.6130831837654114,0.6563824415206909,0.7392549514770508,0.352218747138977,-0.0896497964859008,0.1057803854346275,-0.0981059744954109,0.1193384528160095,0.0621148757636547,0.0560045652091503,0.0170361492782831,-0.0264676511287689,-0.0059221386909484,0.061433482915163,0.0374912321567535,0.0561211369931697,1.4907468557357788,0.7293689846992493,0.6367622017860413,0.6971284747123718,0.8164069056510925,0.5367200970649719,0.5527124404907227,0.4981467127799988,0.4437083899974823,0.3196556568145752,0.4946191608905792,0.4045496582984924,0.4287092387676239,0.0032485863293364,0.0016363947186526,0.0266871411282177,0.0158519299028028,21.34535481511058,1,Laryngitis,910,a_n
-143.3660125732422,182.9652099609375,-34.96979522705078,-3.5718533992767334,-33.86618423461914,-32.075191497802734,-18.372556686401367,3.5049006938934326,-20.28746223449707,13.611045837402344,-17.39131736755371,-9.672635078430176,14.75420093536377,17.375215530395508,14.160858154296877,6.7427287101745605,5.715347290039063,10.602166175842283,9.56466007232666,8.67862319946289,5.324697971343994,7.625362873077393,7.213434219360352,7.723251819610596,5.076131820678711,5.299360275268555,-0.223035529255867,0.1640005856752395,-0.0542914494872093,0.0749320313334465,0.1517557650804519,0.0708914101123809,0.1181293651461601,-0.0744001865386962,-0.0818348750472068,-0.0486916676163673,-0.0124656744301319,0.0295391250401735,0.0028081159107387,2.026985645294189,1.373162031173706,1.315308690071106,1.0217639207839966,1.0158628225326538,0.9759072065353394,0.6931564211845398,0.7478686571121216,0.7454229593276978,0.8022502660751343,0.8132786154747009,0.6748332381248474,0.6878167390823364,0.1184306740760803,-0.1153479516506195,0.1239788681268692,-0.0057117459364235,0.0829526036977768,0.0651034414768219,0.0522106662392616,-0.0612505115568637,0.0228657405823469,-0.0419001020491123,0.0657965093851089,0.0433281846344471,0.0078278770670294,1.1383261680603027,0.9281435608863832,0.7134698629379272,0.6741187572479248,0.8196388483047485,0.6456477046012878,0.6119040846824646,0.5425423383712769,0.4756844043731689,0.4805374145507812,0.5475043654441833,0.4862369298934936,0.5071231722831726,0.0247397733181169,0.0135902398352387,0.1871405226879339,0.0930917411449292,3.73996185070276,1,Laryngitis,918,a_n
-211.4691772460937,195.7118530273437,-4.78413200378418,16.719614028930664,-49.061065673828125,4.497992038726807,-7.615299224853516,-9.807581901550291,9.604816436767578,3.216181516647339,-10.343354225158691,-8.414694786071777,9.44908618927002,20.921363830566406,8.77254581451416,8.835047721862793,4.148797512054443,5.604269981384277,4.073712348937988,4.128898620605469,4.134785175323486,6.199406623840332,3.6633822917938232,3.602931499481201,3.208350896835327,4.461172103881836,-0.1645162105560302,-0.3324572443962097,0.2227897495031356,-0.0237926077097654,0.0720703974366188,-0.0168885271996259,0.0390613414347171,0.0582859814167022,0.0087420437484979,-0.0132923545315861,0.074198730289936,0.0185675173997879,-0.1114740520715713,2.2033376693725586,0.9491646885871888,0.8357099890708923,0.7973455190658569,1.0178239345550537,0.5470149517059326,0.639100193977356,0.6036756634712219,0.6687193512916565,0.4863853454589844,0.6310951113700867,0.5145739316940308,0.4772382974624634,0.2739596366882324,-0.0224044527858495,0.1263466924428939,0.0200689304620027,0.122241124510765,0.0216941852122545,0.0600083731114864,0.0298550892621278,0.0034352003131061,0.0135910520330071,0.03079105168581,0.012255442328751,-0.0439788475632667,1.4482358694076538,0.6980358362197876,0.6501304507255554,0.5029051899909973,0.7527369260787964,0.3545423448085785,0.4784493446350097,0.4154263734817505,0.369758665561676,0.4000919163227081,0.4344551861286163,0.3388226926326751,0.4088284373283386,0.0059963976853828,0.0038042841774015,0.0397286395781906,0.0258599192294824,22.21393693058933,1,Laryngitis,919,a_n
-228.63331604003903,246.40579223632807,15.590599060058594,12.033683776855469,-34.59596252441406,-30.23134994506836,-19.764312744140625,-0.6295368671417236,17.640125274658203,-2.867924928665161,-8.441040992736816,-2.4865527153015137,2.112157821655273,21.87619972229004,8.055683135986328,11.705869674682615,6.128829002380371,3.01770281791687,3.2046382427215576,2.9640917778015137,3.4206509590148926,4.127487659454346,2.413135528564453,2.617631196975708,2.6055848598480225,1.6884136199951172,-0.7410845756530762,-0.1405596286058426,0.3705644905567169,0.0998739153146743,0.0947339087724685,0.0049455924890935,0.1357235014438629,0.0891467258334159,-0.148771658539772,-0.0931887626647949,0.1201696395874023,-0.0969377160072326,-0.0078883692622184,1.8402498960494995,1.2624852657318115,1.095782995223999,0.7767729163169861,0.3927949965000152,0.5778123736381531,0.3639632165431976,0.3420873880386352,0.4168985784053802,0.3635389506816864,0.2821098864078522,0.3161764144897461,0.3438730835914612,0.4660797715187073,-0.3488026261329651,0.2151751071214676,-0.0437127240002155,0.1174549013376236,0.032920878380537,-0.032838400453329,0.0230751484632492,-0.061359729617834,0.014689227566123,0.0583418607711792,0.0117193832993507,-0.0325030460953712,1.2833795547485352,0.9335830211639404,0.5544360876083374,0.3230686783790588,0.3647982180118561,0.4344318509101867,0.2845785915851593,0.2513628304004669,0.2930996716022491,0.2814471125602722,0.2439225614070892,0.216847151517868,0.2076943218708038,0.0028352774887868,0.0013802348768683,0.0172092690143549,0.0077203812846918,28.307682370086464,1,Laryngitis,930,a_n
-319.5306396484375,202.39669799804688,-9.015748977661133,1.909251689910889,-16.072967529296875,-6.916698455810547,-43.86944961547852,10.314680099487305,23.973094940185547,-21.665754318237305,-24.796693801879883,1.218509554862976,1.6072309017181396,24.30747032165528,7.199608325958252,9.619211196899414,6.556838035583496,4.390730381011963,5.49000883102417,6.828596115112305,3.2660040855407715,3.880221128463745,4.526407718658447,3.609561681747437,2.84822154045105,2.8284718990325928,-0.4639634191989898,-0.06155302003026,0.1255247443914413,0.0140302293002605,-0.0267816148698329,-0.0756205394864082,-0.0330468267202377,0.0171716231852769,-0.0152634158730506,0.0050102579407393,-0.0773613378405571,-0.0215628258883953,-0.009863132610917,2.0280354022979736,0.992341935634613,0.9826767444610596,0.8140961527824402,0.8112858533859253,0.6894339323043823,0.841266393661499,0.5212147235870361,0.5865481495857239,0.5799902677536011,0.5905318856239319,0.4288647174835205,0.4547767043113708,0.2483017891645431,0.0804009139537811,0.078567698597908,0.0080515211448073,0.035960953682661,-0.0171494074165821,0.0887933522462844,-0.0082716951146721,-0.0392420589923858,0.0383701957762241,0.0411521531641483,0.0010550072183832,-0.0002093289949698,1.288661003112793,0.7022393941879272,0.6266191601753235,0.4662036299705505,0.4927712380886078,0.3879923522472381,0.5994740724563599,0.3306338489055633,0.3964277803897857,0.4073416590690613,0.4264785647392273,0.3336597383022308,0.309000700712204,0.0047492774100927,0.0026732609687569,0.0312920412203781,0.0155977017994555,25.112883698532624,1,Laryngitis,931,a_n
-215.18408203125,171.63172912597656,37.69528579711914,46.97331237792969,-45.53165435791016,-8.47406005859375,-11.855728149414062,24.036104202270508,-14.095900535583496,-3.709184646606445,17.95631980895996,-3.3576226234436035,-32.5998649597168,26.74951362609864,18.701452255249023,8.725890159606934,6.145552635192871,7.978598594665527,9.781559944152832,4.91954231262207,5.848594665527344,7.653325080871582,5.771879196166992,5.304738521575928,5.455501556396484,5.238684177398682,-0.4596357345581054,0.2555131912231445,-0.0634038597345352,0.0155042074620723,0.1595421433448791,-0.1909064948558807,0.0957826301455497,0.0790705010294914,0.1437577307224273,0.0865735486149787,-0.0902063772082328,-0.0351577475666999,0.0071255322545766,2.4994919300079346,2.245846509933472,1.216265082359314,1.0481529235839844,1.0497196912765503,0.7008182406425476,0.8114398121833801,0.9836238622665404,0.673003613948822,0.8532038331031799,0.8668415546417236,0.9007332921028136,0.8957400918006897,0.1764535903930664,-0.0048599177971482,0.0214181710034608,-0.0767029747366905,0.185510978102684,0.0267660114914178,-0.0390092693269252,-0.0858324393630027,0.0301384665071964,-0.0158480834215879,-0.0540870949625968,0.0970179215073585,0.0920837670564651,1.9786362648010247,1.650473952293396,0.8126358389854431,0.786382794380188,0.8983340263366699,0.4717266857624054,0.4990556836128235,0.5620555877685547,0.471221923828125,0.4725673794746399,0.541445255279541,0.6970990300178528,0.4945505559444427,0.0235929599349134,0.0142008993370501,0.056391775186509,0.0249789443114095,16.053071432094914,1,Laryngitis,935,a_n
-369.88385009765625,202.75601196289065,29.016510009765625,-4.430880069732666,-22.992259979248047,-12.392691612243652,-16.830373764038086,0.4038141667842865,15.784414291381836,7.268974781036377,-7.057784557342529,-15.294121742248535,5.623169422149658,31.06216812133789,12.12726879119873,15.22874641418457,13.503458023071287,4.290620803833008,4.608179569244385,4.944471836090088,4.38674259185791,3.800645589828491,3.999800682067871,3.1946654319763184,5.359771251678467,3.4218173027038574,-0.2950000464916229,-0.210528090596199,0.1591439098119735,0.1225285530090332,-0.0251276735216379,-0.025519486516714,0.0223182793706655,0.0088614635169506,-0.0214600283652544,-0.0197142250835895,0.0101418597623705,0.0061489348299801,-0.0400050170719623,3.2566022872924805,1.375136137008667,1.567335605621338,1.5166471004486084,0.7488500475883484,0.7597159147262573,0.7525354027748108,0.6653182506561279,0.6151098012924194,0.5702497363090515,0.5411243438720703,0.7240405082702637,0.5766240358352661,0.3157246112823486,-0.0728252455592155,0.0526444539427757,0.0881516262888908,0.0463275872170925,0.0034554537851363,0.0277166254818439,-0.0185657329857349,-0.0167844220995903,-0.0068759187124669,0.0224163569509983,0.0604473128914833,-0.0113542340695858,1.599928617477417,0.7256717085838318,0.6295352578163147,0.7098472118377686,0.5236960053443909,0.457857221364975,0.5206695795059204,0.4336563348770141,0.3830429017543793,0.3879095613956451,0.4076565206050873,0.4916032552719116,0.4183995425701141,0.0046885248557826,0.0027880676219425,0.0364098015029156,0.0197410898224131,25.11657348120071,1,Rekurrensparese,1040,a_n
-264.9796447753906,226.927001953125,6.9266510009765625,10.680171966552734,-34.034454345703125,-16.80496597290039,-2.918355941772461,0.9109520316123962,6.562864303588867,1.205830693244934,-12.696772575378418,-3.5145583152771,9.197211265563965,12.684215545654297,6.277164936065674,7.244814395904541,5.767136096954346,5.669260025024414,5.150094985961914,6.294147968292236,5.402237892150879,5.131718158721924,5.711771011352539,5.386764049530029,3.992365598678589,4.348333835601807,-0.3890517055988312,0.1800679564476013,0.0619349591434001,0.1148226559162139,-0.0642756670713424,0.0564286410808563,0.0681933239102363,-0.1015802770853042,0.0264792460948228,0.039075206965208,-0.0076172738336026,-0.0432031415402889,-0.006668496876955,1.7078591585159302,1.1203932762145996,1.193050503730774,1.0721338987350464,0.7447283267974854,0.9372329711914062,1.0057498216629028,0.8597436547279358,1.0029759407043457,0.7985461354255676,1.1248213052749634,0.6241518259048462,0.6978921294212341,0.2157210558652877,-0.0806445181369781,0.1535197794437408,0.0356427021324634,0.0263372715562582,-0.0911823436617851,0.0709819570183754,0.0780409649014473,-0.028613993898034,0.0146848484873771,0.0906709730625152,0.0285933949053287,-0.0394293218851089,1.074534893035889,0.8901252746582031,0.7377322316169739,0.5600709915161133,0.4912976324558258,0.6512970924377441,0.5566787123680115,0.5716372728347778,0.5434233546257019,0.4251334071159363,0.6302074193954468,0.4133358895778656,0.3721413612365722,0.004451312126336,0.0024604858489565,0.0165812868529346,0.0065772202841879,26.248354171185497,1,Rekurrensparese,1049,a_n
-234.14503479003903,199.8607940673828,-28.518579483032227,-6.850939750671387,-42.98374938964844,-15.493650436401367,0.2664328217506408,9.137569427490234,10.549689292907717,-2.988576412200928,-15.217819213867188,-9.91517448425293,8.927101135253906,41.921993255615234,13.975464820861816,15.725061416625977,9.158549308776855,7.116294860839844,5.371198654174805,9.178457260131836,6.897263050079346,5.586918354034424,4.4351348876953125,5.1759843826293945,2.9961533546447754,4.217370986938477,-1.3765537738800049,-0.1699273884296417,0.4322067499160766,0.1841343939304351,0.0692391395568847,0.1018204018473625,0.1912526190280914,-0.0218155216425657,0.1025343388319015,-0.0484026633203029,-0.117431640625,0.0039528203196823,-0.0838685259222984,4.277225017547607,2.074030876159668,2.3807897567749023,1.1785030364990234,1.4238150119781494,1.2576862573623655,0.8377190232276917,1.0504536628723145,0.8024535775184631,0.7001312971115112,0.7600101232528687,0.5215867161750793,0.7380669713020325,0.482704222202301,0.0431289076805114,0.2081582099199295,0.015693062916398,0.1300733983516693,-0.0047215777449309,0.0217771437019109,-0.0160544756799936,-0.0085547566413879,0.0271991118788719,0.0307443626224994,0.0013731260551139,-0.1129565462470054,2.5699892044067383,1.1593066453933716,1.361641526222229,0.7426491379737854,0.8012736439704895,0.6356662511825562,0.5825583338737488,0.5159496665000916,0.5172097682952881,0.3963969051837921,0.4880582094192505,0.3842048048973083,0.4444636702537536,0.0047067478842263,0.0017626976138504,0.037159555655563,0.0158124411045541,21.05647838521805,1,Rekurrensparese,105,a_n
-256.8475036621094,179.97683715820312,6.976877212524414,3.742271661758423,-22.445629119873047,-22.466073989868164,-12.812285423278809,12.226868629455566,9.652613639831545,-6.122530937194824,-5.611566543579102,-0.4699924290180206,16.515878677368164,10.830025672912598,8.19640827178955,5.663543224334717,5.574087142944336,4.1041364669799805,4.289678573608398,2.821608781814575,3.896299123764038,2.6169469356536865,4.259834289550781,4.150453567504883,3.1343307495117188,3.803159952163696,-0.0185389686375856,-0.3169594407081604,0.1014354228973388,0.007402750197798,-0.0287978742271661,0.0466865189373493,0.0411161109805107,-0.0654662176966667,-0.0084188813343644,-0.0154844569042325,-0.1236029714345932,-0.0683972090482711,-0.0003870208456646,1.5427281856536863,1.1943202018737793,0.9145532250404358,0.7259049415588379,0.6607992649078369,0.6697558164596558,0.4703787565231323,0.5623497366905212,0.4129232466220855,0.4921292662620544,0.6044255495071411,0.6041267514228821,0.5021571516990662,0.4323064088821411,0.0460303425788879,0.1706849336624145,0.0367747657001018,0.0449294038116931,0.0527372136712074,0.0140326162800192,0.0319060198962688,-0.0426751673221588,-0.0085032964125275,0.1201093643903732,0.0536874160170555,-0.0409900583326816,1.3722211122512815,0.8392801284790039,0.6795494556427002,0.4811021983623504,0.4407401084899902,0.4092794954776764,0.2563068270683288,0.5618979334831238,0.3672908544540405,0.5171785354614258,0.503602921962738,0.3467663824558258,0.3788115680217743,0.0067413060355173,0.0041726863059829,0.0285887623078661,0.0151283918735478,20.18432362578384,1,Rekurrensparese,1054,a_n
-237.0536346435547,169.89195251464844,23.86365509033203,26.062620162963867,-52.01805877685547,-2.042621612548828,-5.930745601654053,4.8999738693237305,7.490015029907227,-12.369277954101562,-6.479672908782959,-2.262376070022583,-20.20844841003418,28.67409324645996,9.94740390777588,10.40087890625,4.194000244140625,7.552082538604736,4.683152198791504,9.401941299438477,4.103219509124756,6.013747215270996,3.642203569412232,5.46683931350708,4.016151428222656,3.819324970245361,-0.7070583701133728,-0.0617257207632064,0.3554300963878631,0.0550190284848213,-0.0771212056279182,0.0447781085968017,0.1872168183326721,0.0664939880371093,-0.1082141250371933,0.0574212074279785,-0.0261282511055469,0.0172071512788534,0.0417754836380481,2.1427221298217773,1.545143961906433,1.1058433055877686,0.6673575043678284,1.3588634729385376,0.7232520580291748,0.6819077134132385,0.620723307132721,0.5950581431388855,0.5754872560501099,0.7966446876525879,0.6968683004379272,0.6150568723678589,0.2607091665267944,0.2615450620651245,0.0699299648404121,0.0364607833325862,0.247129201889038,0.0930807068943977,0.0979114025831222,0.057017758488655,0.0221244264394044,-0.009917045943439,-0.0103790760040283,0.0200142096728086,-0.0137624973431229,1.2374093532562256,0.9888163805007936,0.6082677841186523,0.4550886154174804,0.919552743434906,0.5391944646835327,0.5213683843612671,0.4552132487297058,0.4821723103523254,0.4585719406604767,0.5424559116363525,0.4211015403270721,0.4385282099246979,0.0039008161403765,0.0020443536595098,0.0168188997502912,0.0081654782980031,25.85033241178452,1,Rekurrensparese,108,a_n
-255.3571014404297,226.59664916992188,34.43307876586914,29.97971534729004,-53.34990692138672,-17.837358474731445,-10.014182090759276,-12.54996109008789,-19.636966705322266,-1.89737069606781,15.676321029663086,-15.741929054260254,-14.5941162109375,16.903688430786133,11.652239799499512,7.547011852264404,5.884963512420654,7.8871259689331055,4.583286762237549,12.280529022216797,4.931418418884277,6.413692951202393,5.164550304412842,4.369869232177734,4.924684524536133,5.1541008949279785,-0.3545684516429901,0.6269463300704956,-0.1893877536058426,0.120162159204483,-0.1188254058361053,0.0803648978471756,0.3970513641834259,0.0325544215738773,-0.1890861988067627,0.0828571990132331,0.173515498638153,-0.1874919682741165,-0.1916263997554779,2.826777696609497,1.3128650188446045,0.95949524641037,0.9470987319946288,1.5521825551986694,0.682819128036499,0.7852464914321899,0.7243038415908813,0.8558142781257629,0.9625295400619508,0.8953332304954529,0.8861114978790283,0.8256542086601257,0.5268740653991699,-0.2596971094608307,-0.0526055097579956,-0.0661952048540115,0.2561275959014892,-0.0375362858176231,0.0313598327338695,0.0258348863571882,0.0122221354395151,-0.0262444298714399,-0.0866416320204734,0.0766176208853721,0.035926766693592,2.561102390289306,1.1804313659667969,0.8874965906143188,0.7517071962356567,0.9623530507087708,0.6100291609764099,0.5545408725738525,0.5757376551628113,0.5541266798973083,0.7040243744850159,0.4696443676948547,0.6113773584365845,0.3956178724765777,0.0216238744623138,0.0133500523622963,0.2063862531447299,0.1241865210271422,11.841488229120612,1,Rekurrensparese,1120,a_n
-223.36317443847656,169.3766326904297,-24.963342666625977,-13.13926887512207,-20.06144523620605,17.844152450561523,-21.10037612915039,43.06961441040039,23.177322387695312,-19.68732643127441,6.2198872566223145,-7.360570430755615,5.868607044219971,19.98484230041504,7.12551736831665,6.511744022369385,7.797774791717529,4.201045989990234,3.1725881099700928,7.496425151824951,5.842433929443359,5.053930759429932,4.733497619628906,5.913084030151367,5.88852596282959,4.219985961914063,-1.4120197296142578,-0.5280263423919678,-0.1162698343396186,-0.4992762506008148,0.0950265750288963,0.0214131735265254,0.6662464141845703,-0.0688830465078353,0.2802764475345611,0.0925661846995353,-0.0942447781562805,0.2911647856235504,0.0688152983784675,2.001065492630005,1.3240735530853271,1.4369875192642212,0.9659575819969176,0.789858877658844,0.484816312789917,1.3828964233398438,1.0114656686782837,0.9978682994842528,0.7027782201766968,0.9461742043495178,1.14390766620636,0.7863715291023254,0.1844177395105362,0.0860659852623939,0.3152458369731903,0.1444817334413528,-0.0162069890648126,-0.0242740511894226,0.0847552344202995,-0.0461249165236949,0.0131006967276334,0.1918137818574905,-0.0308754276484251,0.0729959681630134,0.0508649386465549,1.291545033454895,0.57988041639328,0.7667712569236755,0.5965458154678345,0.6028773784637451,0.3850720226764679,0.6628345251083374,0.3931679725646972,0.3948090374469757,0.6178629398345947,0.4739748239517212,0.6298868060112,0.4933179020881653,0.017724938505046,0.0091035313992915,0.1301294791505446,0.0700892874092873,11.315532233225602,1,Rekurrensparese,1166,a_n
-247.96202087402344,212.26889038085932,-29.80391311645508,-22.26093292236328,-5.994233131408691,-13.404658317565918,-16.03120994567871,11.769488334655762,16.5443115234375,-10.353144645690918,-18.650049209594727,5.352565288543701,1.002338409423828,20.30986213684082,7.895180225372314,8.024720191955566,6.261117458343506,4.550552845001221,4.263168811798096,4.667206764221191,5.005551815032959,4.062166213989258,3.755216836929321,6.37302303314209,5.511908054351807,3.619277000427246,-0.161917507648468,0.050384197384119,-0.0257503949105739,-0.0684422925114631,0.0017303467029705,-0.0151805384084582,-0.0256804730743169,0.0376106649637222,0.0184218287467956,0.0271655600517988,0.0539038814604282,-0.0413916371762752,-0.0104108052328228,3.1628479957580566,1.2992513179779053,1.488765001296997,0.675879955291748,0.792271614074707,0.6088374257087708,0.7543126940727234,0.6249342560768127,0.6505966186523438,0.7459797263145447,0.8198099136352539,0.5688945651054382,0.6158128976821899,0.4410514533519745,-0.2027599215507507,0.1934296786785125,0.0870638340711593,-0.0289924573153257,0.0110600432381033,0.0537798553705215,0.0102035794407129,-0.0249869618564844,0.0469566583633422,0.0710739716887474,-0.0111734503880143,0.0289375185966491,1.848206639289856,0.9822125434875488,0.9680964946746826,0.5166915655136108,0.4089621901512146,0.4516031444072723,0.5235235095024109,0.3994584381580353,0.3934215903282165,0.4629750251770019,0.51460862159729,0.395763635635376,0.3952728807926178,0.0036163173591943,0.001997467754403,0.0375105469472938,0.0213056295845294,24.934367809011103,1,Rekurrensparese,120,a_n
-169.3335723876953,180.25440979003903,18.25467872619629,-3.1798512935638428,-61.88421249389648,5.676011562347412,-14.623968124389648,3.939923524856568,-8.142271041870117,8.863409996032715,-12.532325744628906,-19.279518127441406,11.68111515045166,24.116613388061523,14.493213653564451,9.983114242553713,8.64158821105957,7.960585117340088,5.414945602416992,7.240370750427246,5.248599052429199,4.602158546447754,6.012127876281738,5.394866943359375,6.82429313659668,5.566359996795654,-0.2884042263031006,0.0397042594850063,0.0312063656747341,0.0164771638810634,-0.0053534507751464,0.0003809838963206,0.0178130753338336,-0.0177385974675416,0.1119984835386276,-0.073682390153408,-0.1024100854992866,0.0623950324952602,-0.0632270351052284,4.32473611831665,1.655116319656372,1.671270489692688,1.3905309438705444,1.5148255825042725,0.8905504941940308,1.025579810142517,0.5558868646621704,0.694402813911438,0.7833211421966553,0.9183923602104188,1.055402398109436,0.7843766808509827,0.3882495164871216,-0.1879096180200576,0.1864816546440124,0.0273971632122993,0.2470498234033584,-0.1089201346039772,0.1186465844511985,0.0297699533402919,0.0784147456288337,-0.0731657296419143,0.1130180284380912,0.0342156589031219,-0.043808028101921,2.0090324878692627,1.2666810750961304,1.2240279912948608,0.7153214812278748,0.8103294968605042,0.7043434381484985,0.726462721824646,0.5490525960922241,0.5516594052314758,0.579424262046814,0.5660877823829651,0.5100258588790894,0.5884600281715393,0.0230971793854491,0.0125134144660887,0.1443136127570919,0.0729195946354293,5.125378782744185,1,Rekurrensparese,1206,a_n
-231.1672515869141,214.1204071044922,-31.62845993041992,-0.2904672920703888,-31.272266387939453,-24.975563049316406,-27.942108154296875,6.817945957183838,14.465047836303713,-6.94050407409668,-4.134286403656006,-22.86361694335937,10.507020950317385,17.33958625793457,8.433611869812012,6.838589668273926,5.3654069900512695,6.618175029754639,5.293735504150391,4.225999355316162,3.450406074523926,4.066081523895264,3.507133722305298,2.929496049880981,3.212785005569458,2.6782984733581543,-0.3288118839263916,-0.1500538438558578,0.0070136538706719,0.1296071708202362,0.1344001740217209,-0.0294064320623874,-0.0517642125487327,-0.0021927773486822,0.0095262732356786,-0.0145047577098011,0.0132155949249863,0.0081420224159955,0.0079652620479464,1.9443683624267576,1.2249044179916382,1.3634514808654783,0.9118996858596802,0.8930372595787048,0.8068908452987671,0.7976418733596802,0.5518369078636169,0.6265720129013062,0.5840345621109009,0.4166301488876343,0.4467674493789673,0.4263151884078979,0.1075037568807601,-0.0052060247398912,0.0880371555685997,7.999384979484603e-05,0.0100240148603916,0.0273400917649269,0.0133337927982211,-0.0055277128703892,-0.0001168755625258,0.0353538356721401,0.0223434790968894,0.0245111100375652,0.0047384779900312,1.0441815853118896,0.705266535282135,0.8284090161323547,0.5660776495933533,0.5953494310379028,0.5869482755661011,0.54423588514328,0.3949490189552307,0.4720640480518341,0.4324322640895843,0.3840275406837463,0.3529560565948486,0.3173036277294159,0.0065661612469827,0.0036164499611616,0.1393421690955468,0.0815432122777801,16.229521240905054,1,Rekurrensparese,1223,a_n
-231.2968139648437,174.17794799804688,-15.978185653686523,0.2581169307231903,-29.75298500061035,10.532983779907228,-15.22398567199707,26.05176544189453,2.1381640434265137,-7.470316410064697,6.500595569610596,0.1725336164236068,14.219261169433594,9.56656551361084,7.375710487365723,13.588769912719728,3.645917177200317,8.864287376403809,4.774463176727295,4.637139797210693,4.521867752075195,4.228436470031738,4.042481422424316,4.798688411712647,3.0312774181365967,4.221255302429199,0.0323648601770401,-0.0422147065401077,0.1278280466794967,-0.0927861928939819,-0.0615198165178298,-0.0834386423230171,-0.1005709916353225,0.0225257482379674,-0.1203870996832847,-0.0255146268755197,0.0804543122649192,0.0281095840036869,-0.0531085133552551,1.7003859281539917,1.1750211715698242,1.5112206935882568,0.5725681185722351,0.9675517082214355,0.797931432723999,0.6791175603866577,0.6603341698646545,0.6785603761672974,0.7032982110977173,0.5086191296577454,0.6199847459793091,0.5410628318786621,0.1120416298508644,-0.1441940516233444,0.1468592435121536,-0.0011753023136407,0.1517389267683029,-0.0148220034316182,0.1531756222248077,-0.0489833503961563,0.1037651598453521,0.0758031904697418,-0.0428741313517093,0.0164590459316968,-0.0135492598637938,0.9594133496284484,0.901131272315979,0.911102533340454,0.4204105734825134,0.7501432299613953,0.4699989557266235,0.6080135107040405,0.3986856341361999,0.5422620177268982,0.4500584900379181,0.4462617039680481,0.3708884716033935,0.4291087090969085,0.013745273263558,0.0084957641691332,0.0957688759424996,0.0527364375272263,16.210846518158494,1,Rekurrensparese,1249,a_n
-225.6607360839844,193.72872924804688,-52.258079528808594,-4.192097187042236,-36.032596588134766,-36.638450622558594,6.10060453414917,12.507574081420898,-9.995633125305176,1.7045165300369265,-1.295006275177002,-14.786211013793944,5.067710876464844,25.29337310791016,11.242701530456545,16.371484756469727,4.588070392608643,6.096877098083496,5.44754695892334,4.215442180633545,4.313070297241211,3.738999366760254,3.957897901535034,2.6354217529296875,3.625218152999878,2.7734742164611816,-0.6588521599769592,0.4587421715259552,0.1975741237401962,0.1508327275514602,0.0539288111031055,-0.1197573095560073,0.0485742688179016,0.0404653660953044,-0.047262355685234,-0.0282297693192958,0.0337011516094207,0.0096186660230159,-0.0036922513972967,2.6986680030822754,1.7003204822540283,2.1087496280670166,0.8026053309440613,0.7460948824882507,0.7308268547058105,0.5390712022781372,0.6075049042701721,0.5988010764122009,0.5151729583740234,0.4546810984611511,0.5795246362686157,0.4882075488567352,0.3153756558895111,-0.0474104024469852,0.1800387352705001,-0.0553958788514137,-0.0086131189018487,0.0428296625614166,0.0304425284266471,-0.0388758927583694,0.0652653947472572,-0.0004857837047893,-0.0129106137901544,0.0435979515314102,0.0074437786825001,1.4335631132125854,0.9106203317642212,0.9840056300163268,0.4412799179553985,0.3909047544002533,0.3894633650779724,0.3876746594905853,0.3456349968910217,0.3262507021427154,0.2484309822320938,0.3172464072704315,0.3182168900966644,0.2836794853210449,0.0060297752855639,0.0033346896161526,0.0321245330341504,0.0171584320017242,19.44341779946979,1,Rekurrensparese,1256,a_n
-159.3147735595703,166.9968719482422,-38.57667922973633,20.936243057250977,-60.31530380249024,-3.951253652572632,-14.512945175170898,15.694952964782717,26.30593681335449,-13.247944831848145,-8.98812198638916,1.6532809734344482,2.999505519866944,12.64738655090332,4.292232036590576,7.483749866485596,4.653560161590576,5.996316909790039,4.20177698135376,4.064733028411865,3.069856882095337,3.897471904754639,4.108140468597412,3.1577587127685547,3.647871971130371,4.193733215332031,-0.4509947896003723,0.124210350215435,-0.2325309365987777,-0.0767927393317222,-0.1156699284911155,0.1488613486289978,0.0059870700351893,0.0033056538086384,0.1394323855638504,0.0877525955438613,-0.0657519474625587,0.0936940610408783,0.0580855049192905,1.3161309957504272,0.6356729865074158,1.1261348724365234,0.623687207698822,0.996842324733734,0.6344320774078369,0.6916355490684509,0.4480105936527252,0.6656004190444946,0.5983867049217224,0.4444957077503204,0.5845449566841125,0.6335332989692688,0.1656639277935028,-0.0472053438425064,0.2406358569860458,-0.002707238541916,0.1967056840658188,-0.0458027012646198,0.0335398651659488,-0.0286689810454845,-0.0706982165575027,0.0572205372154712,0.0174892358481884,-0.0379539057612419,-0.0499328486621379,0.8273781538009644,0.4839548468589782,0.9437546133995056,0.4662748575210571,0.7922414541244507,0.4023137390613556,0.4777850806713104,0.5550104379653931,0.5279873609542847,0.5239449143409729,0.4145151972770691,0.3939673006534576,0.5154575109481812,0.0068019083519852,0.0037110072275673,0.1433700604531412,0.0843283331651682,10.818855524357314,1,Rekurrensparese,1262,a_n
-227.81219482421875,166.54515075683594,-16.512882232666016,-4.602113246917725,-13.19575023651123,-2.358128547668457,-21.14463996887207,46.75666046142578,-3.9473814964294434,-9.764211654663086,1.5880101919174194,11.243231773376465,-3.876206159591675,11.99144172668457,5.696417808532715,8.027414321899414,5.858375072479248,8.327556610107422,6.01630449295044,6.911403656005859,5.053569316864014,6.190165042877197,5.142184734344482,5.1067986488342285,4.202208995819092,4.434709072113037,-0.3464589118957519,-0.1626707017421722,0.1917352527379989,0.0944549217820167,0.0942038968205452,-0.1549123674631118,-0.0307995695620775,0.0411905571818351,-0.0862206220626831,0.1008229851722717,-0.055578775703907,-0.0126229925081133,0.0014131680363789,1.2448498010635376,0.8360830545425415,0.7965048551559448,0.8724205493927002,0.8372640609741211,0.7200497388839722,0.8818222880363464,0.7989774346351624,0.7676019668579102,0.7861643433570862,0.6948574185371399,0.6502320766448975,0.6958935856819153,0.1203329116106033,-0.0219196788966655,0.1289788484573364,0.1440702378749847,0.0913483649492263,0.016579458490014,0.0848025381565094,-0.0819286182522773,0.0389325805008411,0.0266037806868553,-0.0031318052206188,-0.0518901273608207,-0.0018457457190379,0.8446320295333862,0.5186218023300171,0.6463818550109863,0.6808107495307922,0.5654491782188416,0.3938108682632446,0.5292561650276184,0.5615563988685608,0.4838687777519226,0.4900524914264679,0.4831187427043915,0.4846444725990295,0.4345181584358215,0.0079453948144566,0.0047353014806795,0.0769900249990292,0.0432305187970337,18.20837338238608,1,Rekurrensparese,1263,a_n
-220.95713806152344,226.7392425537109,-17.244728088378906,-0.1978312134742736,-24.358074188232425,-25.320350646972656,-17.856142044067383,16.861963272094727,18.04840850830078,-5.188682556152344,-4.362683773040772,5.707294464111328,0.1581100970506668,27.98834609985352,11.086331367492676,10.528261184692385,6.502898693084717,3.9951651096344,6.711732387542725,6.025754451751709,5.431100845336914,3.99649429321289,5.7795820236206055,2.932699680328369,5.835585594177246,5.772068500518799,-0.6181797981262207,0.0288701448589563,0.0903983414173126,-0.2007298320531845,0.0617664381861686,0.215849757194519,0.0268063396215438,-0.0998770147562027,0.0207332633435726,-0.0836854055523872,-0.0929990485310554,0.0773454308509826,-0.0536826327443122,2.75225830078125,1.9630205631256104,1.5237847566604614,0.6463143825531006,0.4929952621459961,0.4355855286121368,0.7088584899902344,0.625537097454071,0.6436955332756042,0.5582301616668701,0.3763100504875183,0.4697645306587219,0.4640530943870544,0.6829099059104919,-0.5097987651824951,0.2732521593570709,-0.0297160595655441,0.0532257556915283,0.0407937802374362,0.079519584774971,-0.0686439573764801,-0.08479855209589,0.0885472372174263,0.0029493449255824,-0.0332159921526908,0.0152988517656922,2.0319645404815674,1.5322304964065552,0.8067208528518677,0.4949383437633514,0.3956531882286072,0.3536083400249481,0.4239836633205414,0.4053527116775512,0.4899643063545227,0.3952273726463318,0.2833279967308044,0.3619410991668701,0.2969152629375458,0.0030648785620041,0.0012258024077481,0.0517821834286028,0.0300698653419751,22.81116516512093,1,Rekurrensparese,1270,a_n
-212.2713165283203,204.3301544189453,22.23460960388184,59.14361572265625,-47.97877502441406,-24.49887466430664,-13.272793769836426,-5.473326206207275,2.243403673171997,13.817813873291016,9.94283962249756,-10.45966625213623,-13.875650405883787,26.356884002685547,6.219635009765625,10.035117149353027,6.888261318206787,5.633805274963379,5.753836154937744,3.797500133514404,6.389848709106445,3.115039825439453,4.1660990715026855,3.750015258789064,5.208519458770752,3.792212247848511,-0.4958722591400146,0.0613517463207244,0.0838317945599556,-0.0620794966816902,-0.0402044281363487,-0.0655345916748046,0.0450024344027042,0.0638883262872695,-0.0269616823643445,-0.0178765151649713,0.0057465345598757,-0.0278785321861505,0.0009454590035602,1.491683006286621,0.8816463947296143,0.9482884407043456,0.859933614730835,1.001447081565857,0.712600588798523,0.5897163152694702,0.718671441078186,0.4985508918762207,0.5983375906944275,0.5384413003921509,0.527773916721344,0.5434738993644714,0.1808338612318039,-0.1232655942440033,0.0386746115982532,-0.1297858208417892,0.1323732435703277,0.0208257809281349,-0.0228768866509199,-0.0122852884232997,0.0380349159240722,-0.0173308867961168,-0.0187760628759861,0.0243598036468029,0.0738333761692047,0.9532721638679504,0.643451452255249,0.5112607479095459,0.6571934223175049,0.7097671627998352,0.4126676023006439,0.4429803192615509,0.4703998863697052,0.4327642619609833,0.4397205412387848,0.3697265386581421,0.3718765079975128,0.4214461147785187,0.0084303880205411,0.0047209066429384,0.0731824695558555,0.040350482143548,15.863817716647274,1,Rekurrensparese,1271,a_n
-249.05758666992188,184.12564086914065,-5.926083564758301,19.584346771240234,-38.07914733886719,-7.667080879211426,-18.926464080810547,14.547560691833496,28.930007934570312,-35.00847625732422,-9.478212356567385,21.723920822143555,-10.725210189819336,26.48262405395508,5.654187679290772,8.527975082397461,3.760297298431397,4.657839298248291,4.348577499389648,4.586716651916504,3.640069007873535,4.477012634277344,4.08004093170166,3.227532386779785,3.468700408935547,3.3288605213165283,-0.5237160921096802,0.0025599040091037,0.092716097831726,0.0493424460291862,-0.0086629800498485,-0.0112480018287897,-0.0023557806853204,0.0319913960993289,0.0620796903967857,-0.0142010850831866,-0.0124288499355316,0.0250608902424573,0.0115095246583223,1.78022038936615,0.6563798189163208,1.0394467115402222,0.61960768699646,0.9160271883010864,0.7855575084686279,0.5192760825157166,0.6206647753715515,0.7002125978469849,0.7944737076759338,0.486939936876297,0.5304126143455505,0.5390312671661377,0.2550036311149597,-0.0258146170526742,0.1400611698627472,0.0089958542957901,0.1154720783233642,-0.0173996519297361,0.0468237772583961,-0.011066373437643,-0.0634310618042945,0.0996378362178802,0.0288354866206645,-0.0371958911418914,0.0277198981493711,1.1526578664779663,0.3904405236244201,0.7564588785171509,0.4171323776245117,0.615925133228302,0.4502820074558258,0.4503693878650665,0.4852021038532257,0.518582284450531,0.5458422899246216,0.3846909999847412,0.3694493770599365,0.356999784708023,0.0040774777702175,0.0024175323483411,0.0197183840652814,0.0105873502218669,22.91339986461981,1,Rekurrensparese,1272,a_n
-210.5028839111328,241.4007568359375,-11.614585876464844,-8.47156047821045,-29.478147506713867,-20.7934513092041,-13.389497756958008,11.478781700134276,14.038418769836426,6.180819511413574,-3.3198816776275635,-2.2945897579193115,3.332090377807617,23.256742477416992,7.436661243438721,12.529069900512695,5.444242477416992,5.041497707366943,3.2889466285705566,3.957688808441162,4.076869487762451,2.900991201400757,3.609907865524292,2.2301278114318848,4.378082752227783,3.691875457763672,-0.6270872950553894,-0.1458450555801391,0.3064323365688324,-0.0188781972974538,-0.008406450971961,0.1185419410467147,0.1045556738972663,0.0228676702827215,-0.0415442511439323,0.0342576019465923,0.0057540494017302,0.1055102795362472,-0.0672399476170539,1.9184415340423584,1.3024086952209473,1.210574984550476,0.7424496412277222,0.6906924843788147,0.6468868851661682,0.4740281105041504,0.4654880464076996,0.5117125511169434,0.5057176351547241,0.3103786706924438,0.4322339594364166,0.3985625207424164,0.3470152616500854,-0.2607153356075287,0.1696508526802063,-0.0614256858825683,0.056167721748352,0.0239546447992324,0.0457069091498851,-0.0094284508377313,-0.0440063141286373,0.0006873889942653,-0.0002596967970021,-0.0222184862941503,0.0122972540557384,1.3083244562149048,0.8683891296386719,0.737251877784729,0.5269458889961243,0.4638861715793609,0.4295978844165802,0.3017774820327759,0.3013939261436462,0.4058500230312347,0.3343814611434936,0.2813581824302673,0.3286387324333191,0.292901337146759,0.0053688636878825,0.0027572099930674,0.0856790013792515,0.0485910293736442,19.201306583247128,1,Rekurrensparese,1277,a_n
-137.50608825683594,171.7440643310547,-9.66615867614746,64.45673370361328,-47.09992218017578,-15.437470436096191,-13.100929260253906,0.7672910094261169,37.56730651855469,11.083473205566406,-17.951936721801758,9.753353118896484,0.1850098222494125,11.163887977600098,5.7758660316467285,7.081235885620117,5.356088161468506,5.18235969543457,4.270532608032227,3.84494686126709,4.219124794006348,3.7754135131835938,3.4413843154907227,3.736148834228516,3.273552179336548,3.3575515747070312,-0.1260992288589477,0.0300382748246192,-0.0684800073504448,0.0559400916099548,0.0716810002923011,0.0179934911429882,0.0733404830098152,0.0459382347762584,0.0217970442026853,-0.0064690089784562,-0.0073439879342913,-0.0354839377105236,0.0029512448236346,1.1166146993637085,0.7531704902648926,0.9088353514671326,0.6355752348899841,0.7448058724403381,0.5544676184654236,0.4888775944709778,0.481001079082489,0.6259552836418152,0.5867505073547363,0.5463200211524963,0.4253473877906799,0.5388375520706177,-0.03839947655797,-0.0654156729578971,0.0494344234466552,-0.0367460288107395,0.043541420251131,0.0184640754014253,0.0526869781315326,0.0120008494704961,0.0026928551960736,-0.0046317912638187,0.0467324256896972,0.0067480788566172,-0.0108406664803624,0.6599246859550476,0.4795730710029602,0.6563853025436401,0.4522802531719208,0.4926351606845855,0.4684031009674072,0.3964152038097381,0.3773049116134643,0.3592961132526397,0.3947691023349762,0.4285646080970764,0.349537193775177,0.4405481815338135,0.0070838639003002,0.0040481265166476,0.119387866762827,0.0682942615058037,10.623366120500645,1,Rekurrensparese,128,a_n
-183.9154663085937,228.61685180664065,6.723612785339356,8.4315185546875,-41.85152053833008,-11.404126167297363,-18.7500057220459,7.654558658599853,4.980974197387695,6.651800155639648,7.170605182647705,-8.146044731140137,-4.367977142333984,13.411727905273438,10.669809341430664,7.532658576965332,7.742795467376709,5.347482681274414,3.3524248600006104,5.977512836456299,5.016805648803711,3.793173313140869,3.0864107608795166,4.313792705535889,4.03656816482544,3.7717247009277344,-0.6847289204597473,0.3711522817611694,-0.0381123982369899,-0.2067602723836898,-0.129982978105545,0.1296749711036682,0.2557403445243835,0.1829493939876556,-0.1576423197984695,-0.0637540146708488,0.1125999242067337,0.1141203716397285,-0.0540181398391723,2.135441303253174,1.9502546787261963,1.2496728897094729,0.8982558250427246,1.0283644199371338,0.6566552519798279,0.8362187743186951,0.6772481799125671,0.6151052713394165,0.6379693150520325,0.6557353138923645,0.5767874717712402,0.7831804752349854,0.6278380751609802,-0.4447366297245025,0.2022294700145721,-0.0908417925238609,0.1467871665954589,-0.0549130365252494,0.1219670251011848,-0.0186962634325027,-0.0035939852241426,-0.0149846989661455,-0.0211413353681564,0.139346033334732,0.0724347084760665,1.78192937374115,1.159050703048706,0.5719255208969116,0.7650358080863953,0.6027746200561523,0.3182061612606048,0.5688649415969849,0.3514129221439361,0.4893777966499328,0.376330703496933,0.4380246698856354,0.5191466212272644,0.5844498872756958,0.0057957519292672,0.0033081582263585,0.0820644460667011,0.049263719276351,19.71297679073636,1,Rekurrensparese,1289,a_n
-172.7469940185547,165.71278381347656,-29.20303535461425,21.527320861816406,-53.67311477661133,-7.154795169830322,-8.367325782775879,27.75445556640625,26.58028984069824,-16.08907127380371,-1.0389282703399658,-4.981466293334961,0.3507319986820221,6.854085445404053,4.990155220031738,6.474843978881836,3.596120357513428,4.5,5.234354496002197,3.8005335330963135,4.0105061531066895,4.603760242462158,4.33514404296875,3.758551359176636,4.0800461769104,4.080413818359375,0.1559954732656479,-0.1058214828372001,0.0256332978606224,0.0905859544873237,-0.0598944872617721,0.1485928744077682,0.0134225422516465,0.0912305042147636,0.0187305696308612,-0.0304992478340864,-0.0394351929426193,0.0014998901169747,0.0965064391493797,1.0552467107772827,0.6831907629966736,0.9762769341468812,0.6656692624092102,0.7205528616905212,0.6767317652702332,0.5863277316093445,0.6965926289558411,0.7862362861633301,0.7940693497657776,0.7646883726119995,0.6951667666435242,0.7483282089233398,0.1527540385723114,-0.0073451260104775,0.2260030955076217,-0.0322730503976345,0.1284363567829132,-0.0003574994916561,0.075210765004158,-0.0298425536602735,-0.0433471351861953,-0.0063857594504952,-0.0340755395591259,-0.0052474737167358,-0.0197243876755237,0.6531343460083008,0.4640717208385467,0.9526463747024536,0.4416861534118652,0.5975866317749023,0.4361432790756225,0.5087672472000122,0.4338776767253876,0.6627598404884338,0.678987443447113,0.5037872195243835,0.5488376021385193,0.4632122218608856,0.014775402388346,0.0087409423680068,0.1688218472681227,0.0910557390305643,12.032936570804068,1,Rekurrensparese,1292,a_n
-162.4876708984375,180.46096801757807,-43.93971252441406,0.4625416100025177,-29.86843490600586,13.653719902038574,-18.420242309570312,14.910120964050291,25.03351783752441,-9.43016529083252,-1.7539334297180176,17.285751342773438,-2.809776544570923,23.64344596862793,5.506986141204834,4.942172527313232,4.331042289733887,5.858951091766357,3.9517204761505127,5.99281644821167,3.9954564571380615,3.927313804626465,5.452910423278809,4.295210361480713,3.5991556644439697,3.8892569541931152,-0.8389844298362732,-0.0111134722828865,0.0221526343375444,-0.065892793238163,0.1528772562742233,-0.0840717405080795,0.127050369977951,-0.0285557191818952,0.1498318314552307,0.0493049472570419,0.0045934207737445,-0.0181319694966077,-0.1432978212833404,2.733922004699707,0.9064791202545166,0.8669776916503906,0.7064395546913147,0.5200598239898682,0.6763681769371033,0.7243075370788574,0.5707116723060608,0.651609480381012,0.9864718317985536,0.925954282283783,0.5340242981910706,0.662011444568634,-0.3957322835922241,0.0149517627432942,0.340524286031723,0.0464520156383514,0.1242208406329155,-0.1062636747956276,0.0747281312942504,-0.0379175953567028,0.0054537421092391,-0.016776755452156,-0.0566869713366031,-0.0173352099955081,0.1387586444616317,0.766717791557312,0.6251149773597717,0.8389262557029724,0.5159739851951599,0.6733237504959106,0.4462963044643402,0.6763414740562439,0.5919644236564636,0.4457606077194214,0.6390422582626343,0.5990824699401855,0.5037789940834045,0.6066615581512451,0.0328961050386685,0.0193555318083866,0.1604908921882767,0.0912263815625061,5.242500362284514,1,Rekurrensparese,1293,a_n
-232.7977600097656,173.56182861328125,2.283072233200073,-7.574679374694824,-47.02630615234375,10.212185859680176,1.96389639377594,7.113791942596436,-6.5534987449646,14.919937133789062,-13.608723640441896,-23.689979553222656,9.354825973510742,23.959585189819336,6.374019622802734,5.103532791137695,4.990448951721191,8.525267601013184,5.801255226135254,5.762424945831299,3.703026533126831,4.996022701263428,5.060680866241455,4.423744201660156,4.645745277404785,5.749003887176514,-0.7486593127250671,-0.2992801368236542,-0.0921797603368759,-0.0026813019067049,0.1848675161600113,0.0988005399703979,0.0661210939288139,-0.0318294093012809,-0.0518171302974224,-0.0580303147435188,-0.0435899160802364,0.000429241626989,-0.0886784195899963,1.75010883808136,0.7847115993499756,0.7392157912254333,0.7659820914268494,0.8618115782737732,0.8249709010124207,0.7670862674713135,0.5215156674385071,0.7566626071929932,0.7977588176727295,0.8675225377082825,0.7995677590370178,0.667904257774353,0.2672834098339081,0.0152719682082533,0.1225311160087585,0.0908029526472091,0.1648146361112594,-0.0745848715305328,-0.0062896674498915,0.0171713065356016,0.0443018786609172,-0.0603162497282028,0.0138209974393248,0.0494024716317653,-0.0370204597711563,0.993216872215271,0.4013678431510925,0.5336343050003052,0.539853036403656,0.6740373373031616,0.5902719497680664,0.4608820974826813,0.3966388404369354,0.6099879145622253,0.4979172348976135,0.5273312330245972,0.5703338384628296,0.4811884760856628,0.006865823634595,0.0039606744647894,0.0340572804610315,0.0181081143278186,17.522374568539533,1,Rekurrensparese,130,a_n
-207.2511749267578,151.20228576660156,11.832139015197754,47.43563461303711,-29.17278289794922,-3.131355762481689,3.699163198471069,8.3176851272583,-5.114336013793945,14.039680480957031,-2.056713581085205,-7.437407970428467,-21.638669967651367,10.98958969116211,12.321556091308594,5.132861137390137,6.4147138595581055,7.675298690795898,3.808621406555176,4.474007606506348,6.2427592277526855,5.170254230499268,5.560120105743408,5.659163475036621,4.541385650634766,5.194180488586426,0.56570965051651,-0.7191258072853088,0.0924011766910553,0.2357921600341797,-0.0975333228707313,0.0368923582136631,0.0618902184069156,-0.1199048236012458,-0.0402219034731388,0.0860360190272331,-0.1017982736229896,0.0461560264229774,-0.0633916705846786,1.4845715761184692,0.8015096783638,0.8791959285736084,0.9159554243087769,1.0282278060913086,0.5705515742301941,0.7232246994972229,0.9046155214309692,0.9460503458976746,0.7624998092651367,0.8947514295578003,0.6636061072349548,0.6715753674507141,0.1993270814418792,0.0716330111026763,0.0918770357966423,-0.0904343277215957,0.2886841595172882,-0.0656132847070694,-0.0146333258599042,-0.0978866592049598,-0.0048562153242528,-0.1087125763297081,0.0150467241182923,0.0501603819429874,0.177867904305458,0.9284491539001464,0.4412891268730163,0.7498319149017334,0.5235941410064697,0.9746627807617188,0.4774384796619415,0.5836929082870483,0.623981237411499,0.7631164789199829,0.7154885530471802,0.4888852536678314,0.614504337310791,0.6456044912338257,0.0135468354175748,0.0077213768963744,0.0823110844959713,0.0434297284219877,13.968210810780077,1,Rekurrensparese,1304,a_n
-218.2698516845703,167.60397338867188,0.091608390212059,28.33536529541016,-52.52671813964844,26.95602035522461,-10.62436866760254,8.093180656433105,17.90290641784668,4.661093711853027,-1.6009970903396606,13.71183967590332,12.488788604736328,23.67080307006836,12.915020942687988,8.233692169189453,7.095141887664795,7.667786598205566,5.175334453582764,6.241187572479248,4.682101726531982,4.477327346801758,7.677089214324951,4.684048652648926,5.273491382598877,6.4748215675354,-0.9469557404518129,0.1890580803155899,0.3439997136592865,0.3417935073375702,0.2997097373008728,-0.0016808663494884,-0.2101105600595474,-0.1139354556798935,0.01254019793123,-0.2277516275644302,-0.024295000359416,0.0078470157459378,0.063924491405487,2.44863510131836,2.113879442214966,1.153225064277649,1.283516526222229,1.6123024225234983,0.8813416957855225,1.0836471319198608,0.6950879693031311,0.6552562117576599,0.7622165083885193,0.7248283624649048,0.6993089318275452,1.0164788961410522,-0.0676733329892158,-0.1926642954349517,0.12394680082798,-0.0578841008245945,0.1839528232812881,-0.0207237005233764,0.1188035383820533,-0.023078279569745,0.0002565332688391,-0.0725956261157989,0.0280851051211357,-0.128186896443367,-0.0909880697727203,1.66175377368927,1.2978259325027466,0.9594982266426086,0.7011303901672363,0.8374059200286865,0.6305950284004211,0.6830176711082458,0.5153380632400513,0.4327118396759033,0.6154358983039856,0.548050045967102,0.5041874051094055,0.4539786577224731,0.0175667117571477,0.0091121282364598,0.0635056119311343,0.0272967943714389,13.950039804572732,1,Rekurrensparese,1314,a_n
-249.9667816162109,207.94940185546875,-1.100413203239441,1.7270482778549194,-21.57534408569336,11.906312942504885,-36.88662338256836,2.6227023601531982,18.15179443359375,-2.9532320499420166,-9.74976921081543,-15.448851585388184,20.762527465820312,12.089567184448242,5.164193630218506,7.380420207977295,4.363922595977783,4.502466678619385,5.117441654205322,6.030213356018066,3.867477655410767,3.978004217147827,3.505090713500977,3.026962757110596,3.2171173095703125,3.536272525787353,0.0155086815357208,-0.0185663364827632,-0.0602232851088047,0.0336910299956798,0.0131106823682785,-0.011545805260539,-0.0399587005376815,-0.0159907583147287,0.0373644046485424,-0.0033993022516369,-0.0559787563979625,-0.0093022268265485,0.0360839776694774,2.253828287124634,0.8233284950256348,1.1905313730239868,0.6082198619842529,0.7608081698417664,0.8580869436264038,0.9109269380569458,0.6583307981491089,0.5468183159828186,0.5961217284202576,0.4893569052219391,0.5795941352844238,0.5221870541572571,0.3687580227851867,-0.1047717183828353,0.0783062055706977,0.0164414681494236,0.0567029193043708,-0.0750681012868881,0.0918505191802978,-0.0080093098804354,-0.0409917347133159,-0.0027294559404253,0.0297520365566015,0.0591709166765213,-0.0579836219549179,1.7587225437164309,0.6144525408744812,0.6660767197608948,0.4568777084350586,0.5046023726463318,0.6252182722091675,0.5260856747627258,0.5570203065872192,0.4575828313827514,0.3717616498470306,0.3294134736061096,0.430627703666687,0.4292809069156647,0.0026098328274926,0.0013553832546992,0.0140734918033057,0.0065970795610742,24.913620729879565,1,Rekurrensparese,1325,a_n
-214.7932281494141,177.37132263183594,-45.61078643798828,3.7660765647888175,-10.507899284362791,0.4806912541389465,8.481401443481445,23.30674362182617,18.22006797790528,8.43615436553955,7.042710781097412,11.025921821594238,14.639498710632324,12.60581111907959,6.116410732269287,7.931741714477539,3.051811695098877,7.423274993896484,4.066574096679688,4.226827621459961,6.513864994049072,5.368388175964356,5.5523786544799805,4.543207168579102,7.192844867706299,4.505609035491943,-0.4708791375160217,-0.2442878782749176,-0.3821224868297577,-0.0577453598380088,-0.1448202282190323,-0.0799872279167175,0.2291130125522613,0.5170699954032898,0.5344391465187073,0.1316031068563461,0.2803396880626678,0.4588278234004974,0.0446595326066017,2.214696884155273,1.0171537399291992,1.6405229568481443,0.4631268680095672,1.161158323287964,0.7243627905845642,0.7375920414924622,0.8515515923500061,1.020762920379639,1.1318342685699463,0.9757925271987916,0.7621338367462158,0.5317033529281616,-0.3487937152385711,-0.1621135175228119,0.3209862411022186,0.0401279404759407,-0.1305682212114334,-0.0873285308480262,0.0057711936533451,-0.0657628253102302,-0.0587912611663341,-0.092742919921875,0.1200518831610679,0.0946658998727798,-0.0141076585277915,1.0688912868499756,1.0953972339630127,0.6636534929275513,0.3670588433742523,0.7040133476257324,0.6047187447547913,0.4501974582672119,0.4199940860271454,0.5260329842567444,0.6511204838752747,0.5438803434371948,0.5897922515869141,0.5123413801193237,0.0463494718985772,0.0256388622615291,0.1823184182177378,0.0928812493121586,3.426475634579232,1,Rekurrensparese,1330,a_n
-194.49891662597656,179.54461669921875,6.594017505645752,11.099589347839355,-49.49434661865234,0.4665482938289642,-32.51692199707031,29.32639503479004,7.636353492736816,-12.917502403259276,-14.571661949157717,2.749844074249268,7.442422866821289,42.673152923583984,20.542518615722656,13.365419387817385,7.955676078796387,8.464741706848145,4.86591100692749,11.72819709777832,4.830870628356934,5.55877685546875,5.643154144287109,6.546117305755615,3.34546160697937,3.874556303024292,-0.8193132281303406,-0.2339408546686172,-0.0258055571466684,0.0261583644896745,0.0654402673244476,-0.0067782695405185,0.0873645842075347,0.0735855251550674,0.0540714859962463,0.080657385289669,0.0408739000558853,-0.0158057771623134,0.0642376467585563,1.87324059009552,1.393041729927063,1.278593897819519,0.92974191904068,1.0137444734573364,0.6358970999717712,0.9556902050971984,0.72138911485672,0.6558964848518372,0.7275873422622681,0.7693508267402649,0.5178646445274353,0.5109277367591858,0.2032811939716339,-0.0728439390659332,0.0664328709244728,-0.0400631129741668,0.1594283431768417,0.0018236932810395,0.1159161850810051,-0.0666171163320541,-0.0033856751397252,0.0392602570354938,0.0869521051645279,-0.0506727620959281,-0.03726077824831,1.0944113731384275,0.6848033666610718,0.5803390145301819,0.6065607070922852,0.6611277461051941,0.4246711134910583,0.5588196516036987,0.4606232941150665,0.4801360964775085,0.5732595324516296,0.5251714587211609,0.4518240094184875,0.4288566410541534,0.0550648796967583,0.030857609554552,0.1856488103211762,0.0689092645446675,5.775088198935765,1,Rekurrensparese,138,a_n
-200.60549926757807,178.96554565429688,12.053956031799316,28.708770751953125,-50.795143127441406,7.647878170013428,-22.25957679748535,3.2882614135742188,9.861560821533203,-11.74817943572998,-2.0123496055603027,-7.496661186218262,4.545737266540527,20.62266731262207,34.44492721557617,14.232810974121094,14.80050563812256,9.362709045410156,15.631437301635742,6.161414623260498,5.1726508140563965,9.018735885620115,8.275633811950684,3.707155227661133,5.315906524658203,6.602236270904541,-0.2547847032546997,-0.7129387855529785,0.1186679154634475,0.2435562908649444,-0.0921518728137016,0.4082503020763397,-0.0425725691020488,-0.0707681626081466,0.1956537663936615,-0.1442938446998596,0.018079724162817,0.1261613517999649,-0.1273833960294723,2.5413100719451904,2.8671581745147705,2.000131845474243,1.5813589096069336,1.355609893798828,1.273158311843872,0.8664931058883667,0.8387988805770874,0.9301776885986328,0.6507396697998047,0.5479139089584351,0.6038953065872192,0.7561633586883545,0.0064891041256487,-0.0554713793098926,0.074944332242012,0.0073347687721252,0.0579996891319751,-0.015607351437211,0.0168851613998413,0.01473946031183,0.0363786555826664,0.0224590115249156,0.0254522170871496,0.0316385589540004,-0.0314582735300064,1.436621069908142,1.3941404819488523,1.173238754272461,0.8723591566085815,0.8621124625205994,0.651813268661499,0.4941188395023346,0.5181446075439453,0.5702340602874756,0.4660441279411316,0.4682510793209076,0.4480675458908081,0.4838365018367767,0.0208821386504991,0.0111113839171544,0.158675762502695,0.0782139566640592,8.502349544570034,1,Rekurrensparese,1382,a_n
-212.62301635742188,164.70057678222656,-33.23712539672852,-3.064732074737549,-41.30836486816406,10.563838005065918,-10.058187484741213,14.887439727783203,8.659448623657227,-5.2769551277160645,-15.91880226135254,10.976836204528809,1.2758654356002808,8.972532272338867,3.459808349609375,8.155976295471191,3.153051853179932,5.061943531036377,4.108169078826904,4.633359432220459,3.946681499481201,4.22313117980957,3.540393352508545,3.5538330078125,3.870067596435547,4.455802440643311,-0.5664319396018982,-0.0899029150605201,-0.1883181035518646,-0.0961605980992317,0.256069540977478,0.1816810071468353,-0.0418579317629337,-0.241032674908638,-0.1144590899348259,-0.0046301851980388,-0.1457229703664779,-0.1719740033149719,-0.2000789642333984,0.5108298063278198,0.3718038201332092,1.5759601593017578,0.4802268445491791,0.6580527424812317,0.7795199155807495,0.8319963216781616,0.6533093452453613,0.7821950316429138,0.628596842288971,0.6377468705177307,0.5490849018096924,0.6070087552070618,0.2061503529548645,-0.0740824192762374,0.4602742493152618,0.1391841769218444,0.1868776232004165,-0.0870401114225387,0.1903681606054306,-0.0134864998981356,0.0820972621440887,0.0527354925870895,0.1646042913198471,-0.0823264867067337,-0.0475560240447521,0.5942896008491516,0.4467361569404602,0.998746395111084,0.4331157803535461,0.5981347560882568,0.3992334306240082,0.4590880274772644,0.3163977861404419,0.4670094847679138,0.4836640357971191,0.589601993560791,0.4730229675769806,0.3706191182136535,0.0130269077700147,0.0076274640050781,0.0932421047084339,0.0497037141898552,10.549587084475222,1,Rekurrensparese,1390,a_n
-177.39761352539062,168.69703674316406,-3.774393320083618,7.773033618927002,-50.53864288330078,-4.384817600250244,-7.1466965675354,45.71360397338867,-7.538443088531494,1.8518919944763184,1.0499424934387207,-8.532042503356934,15.446434020996094,54.700138092041016,5.962579250335693,8.086247444152832,11.252102851867676,12.16004467010498,6.092992305755615,5.094066619873047,5.84089469909668,6.603594303131104,5.985823631286621,4.817584037780762,5.41916561126709,9.108208656311035,-2.422906875610352,0.2372172027826309,0.2763334512710571,-0.0826039314270019,0.5851230621337891,0.0860752463340759,0.1730945408344268,0.1705548465251922,0.2031072080135345,0.0156873501837253,0.028016909956932,0.0103887179866433,0.5177668929100037,3.663114547729492,1.160787582397461,1.5610471963882446,1.44514799118042,1.2232334613800049,1.175137639045715,0.9025827646255492,1.009831428527832,1.039709210395813,1.1134973764419556,0.8892784714698792,1.0691770315170288,1.6413030624389648,-0.2356108427047729,-0.1837711781263351,0.1870832592248916,-0.0364502035081386,0.456490010023117,0.0247680563479661,0.1880906671285629,-0.1907986849546432,0.1220482438802719,0.0546107441186904,-0.070388451218605,-0.02952092140913,-0.1903217285871505,1.033710241317749,0.626370370388031,0.8095663189888,0.8561766743659973,1.1026304960250854,0.5470730066299438,0.6260325908660889,0.773322582244873,0.7169652581214905,0.5318941473960876,0.4393907487392425,0.6857350468635559,0.5371130704879761,0.0350542270717395,0.0204429654192481,0.1207569997745657,0.0585126547296801,2.989245277441365,1,Rekurrensparese,1397,a_n
-159.4955291748047,165.24266052246094,26.9229679107666,30.060287475585938,-48.84922409057617,0.3173700869083404,-53.052433013916016,12.609712600708008,1.228643536567688,-22.66364288330078,-7.400494575500488,-3.6235485076904297,-15.637795448303224,11.29514503479004,7.650576591491699,4.1675333976745605,3.560497283935547,6.307313919067383,4.093751907348633,6.286055088043213,5.1524977684021,3.537704467773437,3.1709892749786377,3.4493002891540527,3.652368307113648,5.500554084777832,-0.3119353055953979,0.3516169786453247,0.2060557603836059,-0.0742643997073173,-0.2475224435329437,0.0039455126971006,-0.0197149086743593,0.1288024485111236,0.1205286309123039,0.0768591836094856,-0.059591419994831,-0.0550668500363826,-0.2175239324569702,2.0797595977783203,1.1908386945724487,0.7115850448608398,0.5859723687171936,0.9675414562225342,0.5504804849624634,1.1620475053787231,0.9873745441436768,0.5575894713401794,0.5007127523422241,0.4680646955966949,0.7091394066810608,0.5914697647094727,0.526867687702179,-0.0653538331389427,0.0126182017847895,-0.0917857736349105,0.3563195168972015,0.0131403878331184,0.3372275233268738,-0.164900854229927,-0.0968519374728202,0.0433850139379501,0.0972874984145164,-0.0744488611817359,0.0927450805902481,1.166311740875244,0.648931622505188,0.4196160137653351,0.5827178955078125,0.9370864629745485,0.3377768397331238,0.8762636780738831,0.6312181353569031,0.4000841081142425,0.3457964658737182,0.4180703163146972,0.3827482461929321,0.6498720049858093,0.0085802341893094,0.0031219510215215,0.056589045955711,0.0265216760679954,15.106836131869867,1,Rekurrensparese,1399,a_n
-155.84068298339844,180.3402557373047,-46.47335815429688,11.349090576171877,-49.58547592163086,-19.755098342895508,-3.4421722888946533,24.660831451416016,28.79641342163086,-13.605584144592283,-1.2486376762390137,0.8811216950416565,-5.6694416999816895,8.173728942871094,5.454607963562012,5.852679252624512,4.361062049865723,4.087411880493164,3.197981834411621,4.041405200958252,4.076785087585449,4.481525897979736,4.340548992156982,3.407994508743286,3.5339930057525635,4.903682708740234,-0.3634409308433532,-0.0316229946911335,-0.1435572504997253,0.202466532588005,0.0394922718405723,0.0281077362596988,-0.1477281153202057,-0.0160720460116863,-0.0637056306004524,-0.0949005708098411,0.0875265598297119,0.0625433921813964,-0.0390889756381511,0.8782917261123657,0.9969005584716796,0.9350354075431824,0.5154138803482056,0.6120362281799316,0.5567004084587097,0.5781529545783997,0.5856797099113464,0.695905864238739,0.5149872303009033,0.5391318202018738,0.5818832516670227,0.7448877096176147,-0.0232433415949344,-0.0926433950662612,0.1815944910049438,-0.0201345700770616,0.1310818046331405,0.0760088860988617,0.0518836267292499,-0.0006212131702341,-0.1207161769270896,-0.0407670214772224,-0.0161136779934167,-3.435540565988049e-05,-0.0117140421643853,0.6404137015342712,0.5872712135314941,0.6958556175231934,0.4176705777645111,0.5253816246986389,0.4503348767757416,0.4834947288036346,0.4742082953453064,0.4861647188663482,0.5673990249633789,0.4408013224601745,0.4273056387901306,0.3740290701389313,0.0328296465180589,0.0184048556425756,0.2131870033286468,0.1049557463913788,5.89308295916563,1,Rekurrensparese,1402,a_n
-212.7681121826172,183.4621124267578,-9.673799514770508,7.302099704742432,-36.248313903808594,8.127991676330566,-19.404460906982425,14.444341659545898,-7.676805973052978,-13.253504753112791,-16.430255889892578,16.569873809814453,8.371088981628418,16.560028076171875,15.072949409484863,6.855266571044922,3.1336042881011963,4.54783821105957,3.713078260421753,4.582552433013916,4.493760108947754,5.799047946929932,4.605724334716797,3.630198001861572,4.502217769622803,4.571544170379639,-0.4584349989891052,-1.088545560836792,0.3758150637149811,0.0421197339892387,0.1900792568922042,-0.0368749760091304,-0.1711928844451904,-0.0816032737493515,-0.1570929586887359,-0.1031134352087974,0.0413495488464832,-0.118636630475521,-0.1771774441003799,2.488886594772339,1.7723308801651,1.290700912475586,0.6533913612365723,0.7040389776229858,0.6863288283348083,0.4561840891838074,0.7375236749649048,0.8863511681556702,0.5186443328857422,0.5357555747032166,1.0128568410873413,0.7447338104248047,0.2234238684177398,-0.1139733344316482,0.1092678979039192,0.000905823719222,0.130340114235878,-0.0661257579922676,0.1853992938995361,-0.0756169706583023,0.1087968349456787,0.0144491596147418,0.0115382568910717,-0.135122537612915,-0.0339197404682636,1.979735970497132,0.7668285965919495,0.6111160516738892,0.3947374820709228,0.5228177905082703,0.4375600814819336,0.6247631311416626,0.4884982407093048,0.3873761594295501,0.3640236258506775,0.4741820096969604,0.4711394906044006,0.6489204168319702,0.0066003614325806,0.0025180888866594,0.0327776707923535,0.0179339126483132,18.72585483225968,1,Rekurrensparese,1418,a_n
-172.81797790527344,172.84347534179688,-13.932452201843262,25.728256225585938,-38.37563705444336,-21.883569717407227,-6.816532611846924,46.49462890625,14.483718872070312,-10.39860725402832,5.365384101867676,-15.448515892028809,4.631004333496094,14.26170539855957,3.9613454341888414,5.282362461090088,4.140565872192383,4.865157604217529,5.130414962768555,6.734085559844971,4.153802871704102,3.6195688247680655,4.223140716552734,3.853392839431762,3.64214301109314,4.1006293296813965,-0.6360476613044739,0.0772121772170066,-0.0254412740468978,0.1523589044809341,-0.0109865013509988,-0.1039017215371131,0.1009985357522964,0.0129360379651188,0.0056207659654319,0.0235731024295091,0.0009625700768083,-0.0342249125242233,0.0522083081305027,1.795850396156311,0.6547354459762573,0.8763999342918396,0.8435379266738892,0.6779236793518066,0.6652107834815979,0.7083484530448914,0.6395837664604187,0.573976457118988,0.7124518156051636,0.6487188935279846,0.5258405208587646,0.5791385173797607,0.2543229460716247,-0.0787639766931533,0.1186970174312591,-0.0589203909039497,0.1492440849542617,0.0275004096329212,0.0592569671571254,-0.1668070256710052,-0.0224256552755832,0.0884952992200851,-0.0194607954472303,-0.0388681143522262,-0.0828579887747764,1.028781533241272,0.5666684508323669,0.5309987664222717,0.409185528755188,0.7018612027168274,0.5996149778366089,0.5664762258529663,0.7376551032066345,0.3653348982334137,0.5273564457893372,0.3883305490016937,0.4332789778709411,0.5207573771476746,0.0067827494646462,0.0042145824725001,0.0659390135507263,0.0378059082352194,17.039250223365574,1,Rekurrensparese,142,a_n
-261.9285583496094,172.2515411376953,28.35393524169922,26.099658966064453,-28.29454803466797,20.62921142578125,-22.394166946411133,5.344586849212647,33.095802307128906,10.653925895690918,-3.0371286869049072,6.241758346557617,13.20927906036377,37.52843475341797,5.715312480926514,7.070202350616455,11.32343578338623,5.566088199615479,4.99718189239502,5.146435260772705,5.600924491882324,6.124184608459473,5.536190986633301,5.671640396118164,4.610229969024658,5.572024345397949,-0.5434125065803528,0.0631797760725021,-0.0134356906637549,-0.1309799253940582,-0.0181541666388511,0.1158029586076736,0.0130462795495986,3.1755211239214987e-05,0.0774028301239013,-0.0090220300480723,0.0356216505169868,-0.0572143495082855,-0.0168779250234365,2.028578996658325,0.9102397561073304,0.9064468145370485,0.9135675430297852,0.6840332746505737,0.8887909054756165,0.7996804118156433,0.7954461574554443,0.8154559135437012,0.699142336845398,0.7764108180999756,0.6745496392250061,0.7862711548805237,0.1428649723529815,-0.038935799151659,0.0092418137937784,-0.0151111865416169,0.0750412791967392,-0.0580588690936565,0.051650121808052,-0.0228179730474948,-0.0781629160046577,-0.0362799689173698,0.0274468008428812,-0.0073728305287659,-0.0425750985741615,0.9459636211395264,0.704279899597168,0.6436482071876526,0.6996055245399475,0.6479775309562683,0.5965325832366943,0.5931795239448547,0.6487636566162109,0.6685287952423096,0.5839283466339111,0.5538828372955322,0.6098037362098694,0.5534769892692566,0.0188895131315694,0.010104532957016,0.1297623161260147,0.0678402049768629,10.327474528180694,1,Rekurrensparese,1424,a_n
-251.0103302001953,237.4595489501953,22.932641983032227,15.631518363952637,-5.942397594451904,-3.3965954780578613,-38.723411560058594,-13.92270278930664,12.675789833068848,2.861047506332397,4.591780185699463,-3.632213830947876,-15.627262115478516,27.51473045349121,10.007655143737791,13.370830535888672,6.523777008056641,6.517617702484131,5.381621360778809,7.913581848144531,4.345511436462402,5.3350348472595215,5.073514938354492,5.313762664794922,4.635774612426758,4.488546371459961,-0.5358855724334717,0.1107599660754203,0.2134926170110702,0.0900496765971183,0.0492688938975334,0.082941748201847,-0.0837625712156295,-0.1146294251084327,0.0156076271086931,0.052536804229021,0.0731596201658248,0.0234876852482557,-0.0467449650168418,3.157899618148804,1.881160020828247,1.8245868682861328,1.2180041074752808,1.2675317525863647,1.1050366163253784,1.4380418062210083,0.818958580493927,1.00238037109375,0.8407666683197021,1.043076992034912,1.0239003896713257,0.6788788437843323,0.2858308851718902,-0.2660479247570038,0.0343242064118385,0.02561523206532,0.0370661430060863,-0.0033447574824094,0.0936384052038192,0.0164143070578575,-0.0485278367996215,-0.0204429030418396,-0.0196195002645254,-0.0002577584818936,0.0321172550320625,1.6508216857910156,1.3873419761657717,0.9740127921104432,0.7018871307373047,0.8093255162239075,0.569616973400116,0.7192170023918152,0.527516782283783,0.5324846506118774,0.5190420150756836,0.6240549087524414,0.5737602114677429,0.4801687002182007,0.014243738003948,0.0075584365742517,0.0319124632837595,0.0113891969146315,20.74348573988244,1,Rekurrensparese,1434,a_n
-251.008041381836,164.7897491455078,-9.371081352233888,-6.574817657470703,-33.02667999267578,3.348576784133911,-11.719856262207031,9.071100234985352,-6.690475463867188,1.292019009590149,-1.109394669532776,-1.240437150001526,9.860613822937012,15.466145515441896,4.419690132141113,6.857846736907959,4.899164199829102,5.2688069343566895,3.6628730297088623,4.30292558670044,4.492576122283936,4.8697381019592285,3.57374119758606,3.880295991897583,3.1197571754455566,3.6957929134368896,-0.1804996281862259,0.0015470772050321,-0.0209466386586427,-0.0028248934540897,-0.0884878113865852,-0.0059498180635273,0.0494601689279079,0.0154611710458993,-0.0201096646487712,0.0020977475214749,0.1034880653023719,0.0710676088929176,0.0641821697354316,2.6830759048461914,0.7883619666099548,1.459466814994812,0.8687415719032288,0.9989145398139954,0.5738126039505005,0.7684799432754517,0.4730567336082458,0.652187705039978,0.5441945195198059,0.4918238222599029,0.4651768803596496,0.5257097482681274,0.5928074717521667,0.0609327256679534,0.3172535300254822,0.1716677993535995,0.1951319128274917,-0.0336735323071479,0.1380437463521957,0.0030321986414492,0.0980201363563537,0.0482743382453918,0.093864694237709,0.0949965491890907,-0.0568894408643245,1.5973483324050903,0.4264842271804809,0.8886449933052063,0.5964347124099731,0.6005945801734924,0.3748604953289032,0.5249177813529968,0.4957647025585174,0.5620973706245422,0.4710313081741333,0.4573521018028259,0.4200732409954071,0.4388178288936615,0.0039885340405748,0.0023185217045866,0.024758339570015,0.0127099358410719,24.21933018295033,1,Rekurrensparese,1437,a_n
-284.486572265625,167.45687866210938,-12.97344970703125,-19.18518447875977,-54.12137222290039,3.137227296829224,-8.863256454467773,12.57126522064209,8.019951820373535,-21.898759841918945,-14.23287582397461,-9.163094520568848,1.57449471950531,20.681819915771484,7.125462055206299,5.395766258239746,5.631730079650879,4.493209838867188,3.957140684127808,3.366238594055176,4.456818580627441,4.711248874664307,3.7559192180633545,4.423776626586914,3.6289918422698975,3.904905080795288,-0.4906862676143646,0.092055357992649,0.1171479150652885,0.1121196001768112,-0.0246726311743259,0.0407357513904571,0.030702106654644,0.0325736440718174,0.0808223783969879,-0.018250660970807,0.0324291437864303,0.0380797795951366,0.0099341757595539,3.2113797664642334,1.0856419801712036,0.7541904449462891,0.7055157423019409,0.7212505340576172,0.6932670474052429,0.5420597195625305,0.5968917608261108,0.6252464056015015,0.5838533043861389,0.7177883982658386,0.5745545625686646,0.6369763016700745,0.5253612399101257,-0.0971438139677047,-0.0114238187670707,0.0084540732204914,0.1052894815802574,-0.074661761522293,0.0345459952950477,-0.0385470055043697,-0.0471139438450336,0.00857066642493,-0.0184196587651968,0.0061400081031024,-0.1034841313958168,2.2092559337615967,0.7463253140449524,0.5420981645584106,0.4439429938793182,0.699881911277771,0.5939236283302307,0.4575770199298858,0.4882297217845917,0.5109409689903259,0.3657532632350921,0.4762654304504394,0.3648203313350677,0.6125460863113403,0.002018556049826,0.0010770511740666,0.0158215268482407,0.0080324199212457,26.36462865018109,1,Rekurrensparese,1444,a_n
-264.8592529296875,195.6568603515625,50.84303283691406,58.62656021118164,-19.622194290161133,-12.857669830322266,-4.478967189788818,0.1228096410632133,-1.0947293043136597,14.160758018493652,7.325124263763428,-31.882789611816406,-29.8725643157959,8.147601127624512,4.545660018920898,5.485283851623535,6.276354789733887,5.312221050262451,4.417542934417725,4.187776565551758,3.9092068672180176,5.081588745117188,5.300529956817627,4.210023403167725,6.014112949371338,4.0559916496276855,0.0350364446640014,0.01906762085855,-0.0148454271256923,0.1158315688371658,-0.1293660551309585,-0.0778997913002967,-0.0622151307761669,-0.0441031642258167,0.0090724593028426,0.0006133085116744,-0.0059649972245097,-0.0463814623653888,-0.0156718827784061,1.2512458562850952,0.7960975766181946,0.7227510809898376,0.9256221652030944,0.8468289375305176,0.8062293529510498,0.5943038463592529,0.6052902340888977,0.7334353923797607,0.849768877029419,0.7083404064178467,1.091879963874817,0.6400951147079468,0.4128094017505646,-0.1668808758258819,-0.0434649661183357,-0.1436479836702346,0.1041566133499145,0.0583660900592803,0.05796904489398,0.0200617369264364,-0.0083156237378716,-0.1374977529048919,-0.0857935473322868,0.1347898840904235,0.1546897143125534,1.3195886611938477,0.634100615978241,0.5157783031463623,0.5709268450737,0.4359322488307953,0.4917961359024048,0.509707510471344,0.4104848802089691,0.5271421670913696,0.6376597881317139,0.6049865484237671,0.5839860439300537,0.6637029051780701,0.0022720165861346,0.001107454104365,0.0158384512696733,0.0067186325480562,24.962329921593977,1,Rekurrensparese,1466,a_n
-266.8533020019531,175.7633056640625,4.538651466369629,23.76423072814941,-40.39901351928711,-16.380908966064453,-6.407871246337891,25.806716918945312,18.66981506347656,-0.2785475552082062,-3.3325355052948,-10.388254165649414,5.9390082359313965,36.02425003051758,15.546003341674805,8.570326805114746,11.076595306396484,6.582860469818115,6.002381324768066,5.708733081817627,4.572154998779297,6.194868564605713,5.038948059082031,3.816081523895264,4.8107991218566895,4.492522239685059,-0.619422197341919,-0.1803366392850875,0.0236206967383623,-0.0107348309829831,-0.0096157621592283,0.0033144014887511,0.0225544869899749,0.0674666985869407,0.0421210154891014,0.0297352392226457,0.0223498437553644,-0.0115372892469167,-0.0339961051940918,1.7146570682525637,0.8572041988372803,0.9490194320678712,0.8965768814086914,1.1684706211090088,0.6792405247688293,0.7382965683937073,0.678031861782074,0.6567768454551697,0.6195704340934753,0.5620952844619751,0.6229450106620789,0.7503640651702881,0.0464061647653579,-0.0343436412513256,0.0359604135155677,-0.0481453612446785,0.1259166896343231,-0.0007335572154261,0.0118874227628111,-0.0410200804471969,-0.0117615442723035,0.0198782477527856,0.0205545835196971,0.0422551445662975,-0.0348136201500892,0.657784104347229,0.6122340559959412,0.625602662563324,0.4891210794448852,0.6713297367095947,0.4153109490871429,0.5122875571250916,0.5460079312324524,0.5050827860832214,0.4504939615726471,0.3730479478836059,0.5311916470527649,0.3753543198108673,0.0094278141705724,0.0055578511449953,0.052340429631625,0.0274373330236323,15.8927343712979,1,Rekurrensparese,1470,a_n
-228.36509704589844,233.94708251953125,-5.479465007781982,-25.2172908782959,-40.69117736816406,26.95418357849121,-23.48691368103028,5.957899570465088,15.22430419921875,-8.972408294677734,16.225351333618164,2.6905972957611084,-5.444881916046143,38.0355224609375,10.823543548583984,12.238977432250977,9.865153312683104,8.155841827392578,5.461278915405273,8.042349815368652,5.766336917877197,4.335638999938965,3.649765729904175,6.119100570678711,3.3446431159973145,4.492069721221924,-1.6406071186065674,-0.0056660980917513,0.4679971933364868,0.3633534610271454,0.2191842794418335,0.1372600048780441,0.0642331540584564,-0.1898577511310577,0.0750803649425506,0.0839341506361961,-0.1209608316421508,-0.0123882805928587,0.1895520985126495,2.107388019561768,1.5411425828933716,1.0822662115097046,0.939616322517395,0.902977168560028,0.937852680683136,0.8795834183692932,1.1754406690597534,0.5954517722129822,0.6165101528167725,0.7678042054176331,0.6954278349876404,0.4409241080284118,0.0051870713941752,-0.0187858864665031,0.1353880316019058,0.0599995367228984,0.056493867188692,-0.0547010265290737,0.0921014323830604,-0.1202977523207664,-0.0842162668704986,0.0646197795867919,-0.0239530876278877,-0.0645404011011123,0.0274244118481874,1.1448198556900024,0.8002854585647583,0.7986101508140564,0.5678887367248535,0.8464504480361938,0.7012341022491455,0.6503328680992126,0.5580938458442688,0.5211312770843506,0.2510745227336883,0.5073660612106323,0.4368730783462524,0.3511621654033661,0.0445867689599004,0.0242060635540578,0.1450522643200109,0.0743200399608547,5.484741784322393,1,Rekurrensparese,1478,a_n
-271.6578369140625,174.87583923339844,-7.844084739685059,27.08920288085937,-45.22416305541992,-8.464117050170898,-14.901657104492188,19.70900154113769,2.671309232711792,5.773853302001953,-14.413492202758787,-8.763920783996582,6.519423961639404,26.0606746673584,4.46380090713501,6.361893653869629,6.311816692352295,8.118409156799316,7.090921878814697,7.298515796661377,6.169769287109375,4.274510383605957,5.980938911437988,3.7736239433288574,5.293689250946045,3.601029872894287,-0.4462191164493561,-0.0397213287651538,-0.0352002903819084,-0.0188138280063867,0.0684939324855804,-0.0855502560734748,0.0487228631973266,0.0549435429275035,0.0453635305166244,0.0456252470612525,-0.0242044031620025,-0.053785104304552,-0.0141620635986328,1.2720848321914673,0.6773340106010437,0.9248452186584472,0.6831191182136536,0.8360218405723572,0.7314110398292542,0.8252029418945312,0.8226335048675537,0.7764769792556763,0.6286298036575317,0.687039315700531,0.7062287926673889,0.6158608794212341,0.1185656487941742,0.0724682807922363,0.0955394357442855,-0.0053633386269211,0.0607469268143177,-0.0128239393234252,0.0526479855179786,-0.0376979671418666,0.0161399822682142,0.0263976585119962,0.0208630971610546,-0.0112607590854167,0.0236892476677894,0.6820496320724487,0.5152159929275513,0.5875088572502136,0.3902587294578552,0.5719798803329468,0.5527676939964294,0.531326949596405,0.4856520593166351,0.5379317998886108,0.4125797152519226,0.4689784646034241,0.4385029971599579,0.4015471339225769,0.0058013449051697,0.0032563910938763,0.0279012255151295,0.0151264916959353,17.960681712669192,1,Rekurrensparese,1484,a_n
-290.0492248535156,155.85345458984375,-17.58841323852539,12.156688690185549,-39.34049224853516,-2.6344501972198486,4.965914726257324,30.7587890625,18.288021087646484,-32.90203094482422,-11.40656566619873,-2.194394826889038,-13.62425422668457,17.993759155273438,5.065144062042236,6.155272006988525,4.449509620666504,5.9050703048706055,4.1921563148498535,3.393982410430908,4.382904052734375,4.639720916748047,4.2128777503967285,3.074584722518921,3.696906089782715,3.929224729537964,0.0124487141147255,0.1157423853874206,-0.0402224622666835,0.0551324747502803,0.0021816228982061,0.0240868013352155,0.0454440638422966,0.0648827105760574,0.042093176394701,-0.083292968571186,0.0007201809203252,0.0224108509719371,-0.0269034598022699,2.1039071083068848,0.590263307094574,1.0579856634140017,0.6484912037849426,1.129582166671753,0.727314293384552,0.6703417897224426,0.7657707929611206,0.7920685410499573,0.5737249851226807,0.4322506785392761,0.6642593741416931,0.6904277801513672,0.3717004656791687,0.0184533614665269,0.1587368845939636,0.0599519610404968,0.1690116375684738,0.0612654350697994,0.0240814760327339,-0.0651219338178634,-0.0319810174405574,0.0444673895835876,-0.0148832062259316,-0.0571895837783813,-0.0080196373164653,1.4797316789627075,0.4683277308940887,0.7299869656562805,0.512010395526886,0.7367488741874695,0.4840866923332214,0.3981040120124817,0.5503859519958496,0.4514303207397461,0.4871464371681213,0.4119748771190643,0.5403686165809631,0.460378348827362,0.0046776779902539,0.0027330461734387,0.0211559846118174,0.0115611864778667,23.06821712644967,1,Rekurrensparese,1489,a_n
-191.24061584472656,194.7413330078125,-23.55584526062012,5.0651397705078125,-36.4420166015625,-20.36295318603516,-14.46526050567627,5.49732780456543,-6.177565097808838,1.0685313940048218,-15.891254425048828,-1.1268516778945925,14.101564407348633,20.03197288513184,5.050874710083008,6.760215759277344,4.929058074951172,6.25056266784668,5.9017252922058105,4.922896385192871,5.4243879318237305,3.731337785720825,4.7599263191223145,5.0753021240234375,3.6308979988098153,5.68851375579834,-1.0276750326156616,-0.1223811581730842,-0.1995983868837356,0.0308032315224409,0.1161506175994873,0.2361955195665359,0.233981117606163,0.210395336151123,0.1359613239765167,-0.0336833149194717,-0.1512462943792343,0.0829757824540138,0.1831854432821273,1.4268536567687988,0.979089617729187,1.2670282125473022,0.8613014221191406,0.7780742049217224,0.6178034543991089,0.9526270031929016,0.9059265851974488,0.390260100364685,0.8767446875572205,0.4934141039848327,0.5976955890655518,0.6282495856285095,0.3302720487117767,-0.1191937699913978,0.2425924688577652,-0.0469694584608078,0.1851022690534591,0.0597033090889453,0.100529171526432,0.079560749232769,0.1177827715873718,-0.0570598281919956,0.0569128058850765,-0.0098558887839317,-0.0761237740516662,1.1632194519042969,0.536761462688446,0.7472370862960815,0.4926260411739349,0.5477951169013977,0.506828784942627,0.4271595478057861,0.5323812961578369,0.4146685004234314,0.4002559185028076,0.388593852519989,0.3633427023887634,0.4199321866035461,0.0056184886895234,0.0031795033696389,0.0411120492562481,0.0219220845498175,18.673894694791333,1,Rekurrensparese,150,a_n
-214.5396728515625,171.9528350830078,-13.953033447265623,37.72060775756836,-65.04906463623047,-12.129212379455566,-7.489891052246094,-0.1418264508247375,14.866822242736816,7.858286380767822,-3.632444381713867,-23.12952041625977,1.095455527305603,39.34075164794922,6.1090407371521,13.368435859680176,8.303499221801758,9.523794174194336,7.0732741355896,8.315061569213867,3.278971672058105,8.07009506225586,3.381827116012573,3.659033060073853,3.80189061164856,3.961092233657837,-1.2149662971496582,-0.0753007680177688,0.2344963699579239,0.0697194039821624,0.1222304329276084,0.2257406264543533,0.0830848664045333,0.0005091509665362,0.2704067826271057,0.0777266547083854,0.0997369810938835,0.0981306284666061,-0.1072426959872245,1.733108639717102,0.8088591694831848,1.0498290061950684,0.996671736240387,0.9137948155403136,0.7929038405418396,0.8701881766319275,0.5215818285942078,0.6696360111236572,0.477224051952362,0.6521501541137695,0.6077332496643066,0.6137123107910156,0.1849654912948608,-0.0128881791606545,0.1677695363759994,-0.0588712841272354,0.1000206023454666,0.0214882120490074,0.0915108099579811,-0.0124010490253567,-0.004761098884046,-0.0130815487354993,-0.0037936724256724,0.0200528055429458,-0.0088585931807756,0.8068780303001404,0.5645288825035095,0.7966882586479187,0.5155646800994873,0.6427456140518188,0.4191969633102417,0.4594235718250274,0.3621681332588196,0.4742374718189239,0.40819051861763,0.4352060258388519,0.371612936258316,0.4001020491123199,0.0066286864664815,0.0039957691250384,0.0426525586898863,0.0244441854080191,18.8999386436009,1,Rekurrensparese,152,a_n
-239.3848419189453,178.60543823242188,-18.319948196411133,18.128358840942383,-66.61579132080078,-19.328723907470703,-5.658034324645996,12.56730842590332,23.826669692993164,-19.773738861083984,0.5302236676216125,-12.044631004333496,5.913828372955322,12.422164916992188,8.615217208862305,5.34106969833374,3.57184100151062,4.652812480926514,5.400285720825195,3.4948537349700928,4.882663726806641,4.114165782928467,3.3122150897979736,4.083279132843018,3.585111379623413,4.644392490386963,-0.3645969331264496,-0.1108686327934265,-0.0090182740241289,0.0466264486312866,0.0667275786399841,0.0712157785892486,-0.0542428717017173,-0.0994974300265312,-0.1605413407087326,-0.0182718560099601,0.0182889122515916,-0.0998775362968444,-0.09478709846735,1.156747341156006,1.3116616010665894,0.85209059715271,0.5724751949310303,0.7089405059814453,0.5856424570083618,0.6188060641288757,0.584103524684906,0.5619702935218811,0.4248461425304413,0.6039580702781677,0.651593804359436,0.5115542411804199,0.0903782770037651,0.1621280312538147,0.1726905852556228,0.0969236940145492,0.1114570721983909,0.0315607972443103,0.0068706241436302,0.0070152385160326,-0.0370229482650756,0.0620886161923408,0.0112888980656862,0.0265355762094259,-0.0127148320898413,0.864867627620697,0.8798888325691223,0.6782363057136536,0.4405677020549774,0.5308974385261536,0.4884665608406067,0.3864172697067261,0.4364158511161804,0.4304580986499786,0.4424675405025482,0.4068880677223205,0.4357185959815979,0.458334356546402,0.0088955178017255,0.0053472432146686,0.0597082462663376,0.0340550164089401,19.0727724871902,1,Rekurrensparese,1547,a_n
-289.4914245605469,213.8571319580078,62.499755859375,34.18446350097656,-13.40658187866211,-19.993188858032227,-8.921123504638672,-8.668649673461914,11.807310104370115,7.001477718353272,1.3519222736358645,5.971921443939209,0.4660722017288208,22.60856056213379,13.68816089630127,7.740228176116943,7.963265419006348,5.950126647949219,4.233018398284912,3.264471530914306,3.674918413162232,4.331837177276611,4.959639072418213,4.107851505279541,3.889566421508789,4.401924133300781,-0.2984973788261413,0.0392039641737937,0.0691783726215362,0.034203678369522,0.0095761287957429,0.0011792307486757,0.0482849963009357,0.0245488658547401,-0.0117166778072714,-0.0130457552149891,-0.0348810143768787,-0.0087254485115408,-0.0301617160439491,3.4784297943115234,1.4945545196533203,1.2178500890731812,1.2826696634292605,0.8367465734481812,0.7042311429977417,0.5707029700279236,0.669295608997345,0.6796953678131104,0.6514633297920227,0.6422147750854492,0.5406460762023926,0.6447222232818604,0.3169074356555938,-0.1370166838169098,-0.0992930456995964,-0.0551937222480773,0.0474649854004383,0.017967889085412,-0.0029476569034159,0.0265659261494874,-0.0421871617436409,-0.016026072204113,0.0160504169762134,0.0079571204259991,0.0140883363783359,1.446018934249878,0.9344372749328612,0.5727793574333191,0.5551910996437073,0.4468630850315094,0.3982386291027069,0.3799136579036712,0.3851150870323181,0.477178156375885,0.3403861820697784,0.3747517168521881,0.3540364801883697,0.3935421109199524,0.0030529264040439,0.0015592795976841,0.0346528317020524,0.0117153649502325,25.594227072573844,1,Rekurrensparese,1548,a_n
-225.4375457763672,199.61474609375,4.612629413604736,45.909645080566406,-26.58245658874512,-13.428275108337402,-22.46763801574707,8.748388290405273,16.726119995117188,2.995402336120605,2.30227279663086,-16.140214920043945,0.8578595519065857,22.05273056030273,20.247201919555664,7.594719886779785,6.399849891662598,8.309076309204102,6.03005313873291,8.973196029663086,5.508697032928467,4.761516094207764,4.711420059204102,6.157623767852783,5.026991844177246,4.115713596343994,-0.0346114411950111,0.2677663564682007,0.0202176477760076,0.0089856563135981,0.0976010039448738,-0.0368580967187881,-0.0131508754566311,-0.0226675458252429,0.016668751835823,0.0167569629848003,-0.0105202794075012,0.0260940976440906,-0.0216785185039043,2.5030338764190674,2.086613178253174,1.1589449644088743,0.9235681295394896,0.9394107460975648,0.6976531744003296,1.1523457765579224,0.7326130867004395,0.8069776296615601,0.7234607934951782,0.8350030779838562,0.6845061182975769,0.6377199292182922,0.1743159294128418,-0.1822622418403625,0.0992769971489906,-0.1350357979536056,0.0808905437588691,0.028048163279891,0.1149768754839897,0.0115664387121796,-0.0263536013662815,-0.02048185095191,-0.0467627346515655,0.0360943339765071,-0.0036539181601256,1.4190343618392944,1.2386950254440308,0.880402147769928,0.8587929606437683,0.6869577765464783,0.6205213069915771,0.7664452791213989,0.5770055651664734,0.555419921875,0.504315972328186,0.567902147769928,0.506513774394989,0.5402978658676147,0.020174337556993,0.0102159748441172,0.089682091343111,0.0390823910044838,9.283113078273855,1,Rekurrensparese,1549,a_n
-188.4632873535156,209.76461791992188,7.069892406463623,57.64799880981445,-30.067108154296875,-22.015180587768555,-18.79607009887696,3.187062740325928,-5.909502506256104,12.170045852661133,13.474285125732422,2.688488721847534,-14.907814025878906,37.00608444213867,9.905548095703123,16.49957847595215,8.309030532836914,7.55048131942749,7.745266437530518,8.367887496948242,5.466306209564209,5.823139667510986,4.9128923416137695,5.565988063812256,4.117536067962647,5.307734489440918,-1.1983789205551147,0.18841552734375,0.1477394998073578,0.1419487744569778,0.001170294592157,-0.0105576105415821,0.1460928469896316,0.0881766304373741,0.0519478395581245,-0.028306083753705,0.083461083471775,0.0564341433346271,-0.1786935329437255,2.358760118484497,1.6999415159225464,1.0655124187469482,1.3051207065582275,0.964745283126831,0.7299927473068237,0.6927058100700378,0.5866548418998718,0.6999204754829407,0.6751869916915894,0.7293497323989868,0.5985438227653503,0.5938674807548523,0.3998429179191589,-0.1875761747360229,0.0316319800913333,-0.2224348187446594,0.1221216991543769,0.0230865776538848,0.0423243418335914,-0.0042507373727858,0.0641068145632743,-0.025745328515768,-0.0316728428006172,0.0024331447202712,0.0277163404971361,1.76977801322937,1.0603352785110474,0.6770237684249878,1.1270970106124878,0.6566222906112671,0.4173760116100311,0.4528416395187378,0.4440388679504394,0.4646905958652496,0.3820724487304687,0.4736005365848541,0.4470427632331848,0.3803958594799042,0.0137654698037615,0.007950104456533,0.0872310847036024,0.0468055893659447,14.507137419587645,1,Rekurrensparese,155,a_n
-260.7822570800781,211.1934967041016,8.469318389892578,10.820364952087402,-19.44748306274414,-14.545538902282717,-16.584068298339844,0.1758162677288055,3.5016086101531982,5.203399658203125,-4.5412278175354,-8.857726097106934,22.29236602783203,14.03857707977295,6.158266544342041,8.043157577514648,4.516656875610352,3.846957683563232,3.672861099243164,3.49291729927063,3.3096461296081543,3.777607917785645,3.0117745399475098,3.3577983379364014,3.1260228157043457,3.040154218673706,-0.2563357949256897,-0.1232245340943336,0.1763005405664444,0.1016077250242233,0.0220964029431343,-0.0433485694229602,0.0217828806489706,0.0222182609140872,-0.0023277692962437,0.0082781044766306,0.0043617538176476,0.0144301680848002,0.0293538123369216,1.8924362659454343,0.925532042980194,0.9768179059028624,0.772840678691864,0.5690487623214722,0.6163972020149231,0.5097130537033081,0.5136024951934814,0.6437997817993164,0.4825147986412048,0.556664228439331,0.5003465414047241,0.3479932844638824,0.1457779705524444,0.0937456861138343,-0.0401496477425098,0.0229026265442371,0.0532377660274505,-0.0085740685462951,0.0092459172010421,0.0118496613577008,-0.0100947460159659,0.0040054069831967,0.0064750630408525,-0.0073399296961724,-0.0112422350794076,1.3361068964004517,0.79006028175354,0.8053417801856995,0.5952020287513733,0.4556257426738739,0.4475535452365875,0.4172784090042114,0.4545623064041137,0.5422230958938599,0.335763156414032,0.3908695578575134,0.3667905032634735,0.2827852070331573,0.0062039854962702,0.0038282501400362,0.0252068796191406,0.0144572764440222,21.263404469211736,1,Rekurrensparese,1553,a_n
-161.73324584960938,135.80979919433594,-21.844709396362305,19.033754348754883,-56.65165328979492,-3.7985780239105225,-28.93978309631348,13.037590026855469,11.903831481933594,12.62428855895996,9.883837699890137,-11.782234191894531,-1.82561993598938,12.653290748596191,12.870343208312988,9.016366958618164,4.756309509277344,4.746021270751953,5.603330612182617,4.6791863441467285,5.522271156311035,6.368898868560791,7.775657653808594,4.401420593261719,5.624201774597168,5.415477752685547,0.1838133186101913,-0.2139742821455001,-0.2070308178663253,-0.0152490083128213,-0.0602682791650295,0.024329425767064,-0.0206373408436775,0.0204391535371541,0.0042501427233219,0.1479201167821884,0.0664739832282066,-0.0030522760935127,0.0693936645984649,1.326264500617981,1.7242820262908936,1.0041544437408447,0.7160627245903015,0.7890387177467346,0.7193853855133057,0.7494238615036011,0.8711690306663513,0.8675373792648315,0.7080891728401184,0.7865571975708008,0.7707599401473999,0.6493179202079773,-0.0427286140620708,-0.057619072496891,-0.0290277916938066,-0.0666454434394836,0.0392802432179451,-0.0276452973484992,0.0215449091047048,-0.0591623000800609,-0.032730832695961,-0.0377424545586109,-0.0159703735262155,0.0458685308694839,0.0496587231755256,0.6586012244224548,0.8168538212776184,0.590800940990448,0.5916022062301636,0.6201586127281189,0.4900275766849518,0.5313326120376587,0.5830404758453369,0.5694947242736816,0.4791018664836883,0.5198912620544434,0.4940633773803711,0.4686667919158935,0.0311969649213394,0.018676052502835,0.2234959574258466,0.1056914738749421,0.9371684706745562,1,Rekurrensparese,1555,a_n
-250.9272918701172,184.099838256836,-10.969718933105469,17.54275131225586,-55.45381927490234,18.98219490051269,0.0229314062744379,5.3286542892456055,16.842405319213867,3.303851127624512,8.701349258422852,-2.505573272705078,15.478388786315918,48.468048095703125,9.789958000183104,17.614410400390625,8.166913986206055,8.59758186340332,7.842696189880371,3.259508848190308,4.195113658905029,4.245826244354248,5.535956859588623,4.625117301940918,5.78665018081665,5.271859169006348,-2.245542526245117,0.3729904890060425,0.5849411487579346,0.1062515452504158,-0.1241704374551773,0.2755144834518432,-0.028618985787034,0.0283924415707588,-0.1325477510690689,-0.1278537809848785,0.1936100572347641,-0.2599360644817352,0.2011025846004486,2.240588426589966,1.5564440488815308,1.8670024871826167,1.0546540021896362,1.563035011291504,0.7699857950210571,0.5851258635520935,0.6878801584243774,0.8933977484703064,0.9703023433685304,0.5908749103546143,1.0319381952285769,0.8634453415870667,-0.0283994749188423,-0.2594155669212341,0.4049860537052154,-0.0241025071591138,0.2558317482471466,-0.038272924721241,0.0431047789752483,-0.0545270927250385,-0.0839458703994751,-0.1163922995328903,-0.0367338359355926,-0.033604510128498,0.0433151125907897,1.1932729482650757,0.977236032485962,1.4761430025100708,0.7134971022605896,0.9616310000419616,0.5828137993812561,0.4053235054016113,0.4620148539543152,0.5621029138565063,0.7813639640808105,0.3684964179992676,0.6732503175735474,0.5832868218421936,0.0118550414225594,0.0065885735260522,0.0589889581462643,0.0295895495626211,12.866294197481094,1,Rekurrensparese,1564,a_n
-261.1628723144531,173.1642608642578,-35.342918395996094,-23.66400909423828,-67.60221099853516,-0.2167117744684219,-0.2175707668066024,-10.868474006652832,-6.329515933990479,-1.7589226961135864,-8.737649917602539,-12.274728775024414,9.49843692779541,26.86125373840332,5.439502716064453,7.972317695617676,4.857451915740967,8.315667152404785,4.410911560058594,4.675998687744141,3.809880256652832,3.3478407859802246,4.568181991577148,2.933579444885254,3.7762701511383057,5.372779846191406,-1.1435431241989136,0.0936072170734405,0.0881028920412063,-0.0796568095684051,0.0188577845692634,-0.0461670011281967,-0.0871660262346267,-0.1054130345582962,-0.0120325572788715,-0.0670896470546722,-0.093083381652832,-0.0905767455697059,0.0702210217714309,3.3697526454925537,0.7993144392967224,1.4410364627838137,0.8341378569602966,1.1873029470443726,0.7678848505020142,0.606860876083374,0.5892197489738464,0.5217915177345276,0.4865354001522064,0.485039472579956,0.5613660216331482,0.4494566321372986,0.8429054617881775,-0.1065367758274078,0.3274169266223907,-0.0417473353445529,0.2285985797643661,-0.1427408158779144,-0.0448627583682537,0.1053970009088516,0.0222951453179121,-0.0757356956601142,0.0099170766770839,0.0561891384422779,-0.0937353819608688,2.3875954151153564,0.7184070348739624,0.930715024471283,0.5805803537368774,0.7622435092926025,0.5368140935897827,0.4140882194042206,0.4180867075920105,0.4029476046562195,0.3881008625030517,0.380575031042099,0.3769117295742035,0.3821604549884796,0.0031330208642874,0.0018642415889583,0.0352004851593416,0.0204078728039413,25.75225856074169,1,Rekurrensparese,1570,a_n
-294.13592529296875,190.8124389648437,6.1104416847229,0.1106165274977684,-53.79677200317383,-32.28300476074219,-23.98046875,17.6976375579834,2.7031047344207764,2.2617228031158447,-20.0982666015625,-6.607278823852539,5.564911365509033,20.229625701904297,6.788405418395996,9.255470275878906,6.068787097930908,6.628340721130371,5.95177173614502,5.274240493774414,5.2308855056762695,4.965620040893555,5.383060932159424,6.127642631530762,5.75597620010376,3.981045007705689,-0.1921315342187881,0.0563598163425922,0.024323871359229,0.0234981160610914,0.0019620973616838,-0.035883255302906,0.0072938618250191,0.0598362013697624,0.0586847998201847,0.0721332803368568,-0.0715740993618965,0.0769111216068267,0.0601594597101211,1.63770592212677,0.9367288947105408,1.1513607501983645,0.83729088306427,1.1368739604949951,0.8227368593215942,0.894987940788269,0.9347463846206664,0.8696475028991699,0.8281086087226868,0.6983156204223633,0.6901484727859497,0.7262192964553833,0.2212865948677063,-0.0282009690999984,0.0371558219194412,-0.0083340182900428,0.0958960801362991,0.0233275387436151,0.0348746627569198,-0.0413843840360641,0.0167741924524307,-0.0373157076537609,0.021080682054162,0.007159860804677,-0.0216127820312976,1.163724660873413,0.4995644390583038,0.4971232414245605,0.4243814349174499,0.6861209869384766,0.4373964369297027,0.5111820101737976,0.5052057504653931,0.4525960087776184,0.4498808681964874,0.5037038922309875,0.4673910140991211,0.4555450677871704,0.0039668005952429,0.0023638181404162,0.0473953341858838,0.0279496273802298,23.84627732001724,1,Rekurrensparese,1581,a_n
-214.4072113037109,222.7736968994141,-16.986289978027344,36.19477844238281,-28.43004608154297,-26.06599235534668,-39.55780029296875,19.134017944335938,30.76714134216309,-5.462092876434326,-6.3205647468566895,7.396477699279785,-1.0180022716522217,24.439109802246094,7.278057098388672,11.536869049072266,8.185811996459961,7.04684591293335,7.209817409515381,4.998995304107666,5.146811485290527,5.064141273498535,4.158082008361816,2.564764499664306,4.0981764793396,4.609476566314697,-0.3236770331859588,-0.1129943206906318,0.1467265486717224,0.1326750963926315,0.1067441925406456,-0.153205007314682,-0.060612928122282,-0.003921381663531,0.0154760042205452,0.1087321564555168,0.0067447344772517,-0.0721214041113853,0.0973495692014694,1.7423726320266724,1.060028314590454,1.3599694967269895,0.7142366170883179,0.497221291065216,0.6215904951095581,1.141836166381836,0.6769695281982422,0.7050881385803223,0.5666615962982178,0.4710866212844848,0.4602738618850708,0.5875303745269775,0.1226485967636108,-0.153112456202507,0.1277876496315002,-0.088114395737648,0.0417094118893146,0.0111428117379546,0.1012349650263786,-0.007868411950767,-0.0349345467984676,-0.0053906319662928,0.0299511086195707,-0.0166850499808788,0.0365466028451919,1.097798228263855,0.68763267993927,0.8405057191848755,0.5169867277145386,0.3559625148773193,0.4448161423206329,0.4903494119644165,0.3434476554393768,0.3887007534503937,0.3535391986370086,0.328793466091156,0.3261236250400543,0.3937728106975555,0.0145074871071583,0.0083132025970001,0.0531003889928592,0.0268269522594356,18.615302497335765,1,Rekurrensparese,1601,a_n
-287.9378356933594,187.5748291015625,16.974416732788086,2.921576023101806,-51.222206115722656,-11.011619567871094,-11.10032844543457,6.931585311889648,-0.6114217638969421,3.238982915878296,-12.739152908325195,-20.418434143066406,0.5297008752822876,15.531332969665527,6.132782459259033,6.734471797943115,4.009912967681885,6.201135158538818,5.9838080406188965,5.1795806884765625,3.9454824924468994,3.393723249435425,4.544942378997803,4.140283107757568,4.3441481590271,6.1616716384887695,0.3521260619163513,-0.2520581483840942,-0.0892453789710998,-0.0652951598167419,-0.0485265403985977,-0.0567553825676441,-0.039360225200653,-0.082629956305027,0.0431015938520431,-0.0498896092176437,-0.0196113660931587,0.0729798376560211,-0.1004289239645004,2.213829755783081,1.2701367139816284,0.8351409435272217,0.734279215335846,0.8915965557098389,0.7483694553375244,0.7690247297286987,0.5212412476539612,0.5761107206344604,0.4605000615119934,0.6290655136108398,0.6784461140632629,0.6919047832489014,0.4613156616687774,-0.0608245246112346,0.0665441080927848,0.0560579970479011,0.1478318870067596,-0.0664369165897369,-0.0074521293863654,0.0055919392034411,0.0192160829901695,0.0004115680640097,0.0313203372061252,0.0400141701102256,-0.0783545896410942,2.15916395187378,0.6378857493400574,0.5923298597335815,0.5946158766746521,0.6905800700187683,0.4900374412536621,0.4921869933605194,0.3293546736240387,0.3725883364677429,0.3790670335292816,0.446957916021347,0.4111940264701843,0.5013068914413452,0.0031620842864384,0.0018413488565101,0.0189847766489842,0.010070311392679,24.758167320422093,1,Rekurrensparese,1604,a_n
-189.39764404296875,196.29052734375,-35.387935638427734,3.582746982574463,-55.33915710449219,5.730284214019775,-31.500349044799805,1.0799033641815186,32.15779495239258,-9.001365661621094,-6.883602142333984,-6.469827651977539,3.725239992141724,10.185359001159668,5.469505786895752,10.991803169250488,7.331965446472168,7.770944118499756,4.803783416748047,5.050020217895508,8.2400484085083,4.56620979309082,4.7317304611206055,3.499991178512573,3.948474407196045,3.084864854812622,0.2456395626068115,0.0559297017753124,-0.199037879705429,0.0028662299737334,-0.1058091670274734,0.0018104299670085,-0.1314611136913299,-0.155986875295639,0.1007535457611084,-0.0349984243512153,-0.0364539176225662,0.0946690887212753,0.0457100458443164,1.1685867309570312,0.8734672665596008,1.3696047067642212,0.7641068696975708,1.1285359859466553,0.7680536508560181,0.9618378281593324,0.5945127606391907,0.6596704125404358,0.6212172508239746,0.640056848526001,0.5772252082824707,0.4492188990116119,0.1386761665344238,0.0184087604284286,0.1899586021900177,0.0470499768853187,0.1481748819351196,-0.041763175278902,0.0835740491747856,-0.0078368308022618,-0.0129226492717862,0.0497314855456352,-0.0050037084147334,0.0254989191889762,0.0024919465649873,0.8224110007286072,0.674820601940155,0.801177442073822,0.5199228525161743,0.7322523593902588,0.5247148275375366,0.5953024625778198,0.5021394491195679,0.4984654486179352,0.4787658751010895,0.4449202716350555,0.4146687984466553,0.3722047209739685,0.0084471006024435,0.0049820443550382,0.0552922319121575,0.0321915444939755,16.213316698535074,1,Rekurrensparese,1620,a_n
-195.157943725586,174.94705200195312,-17.001201629638672,8.54662799835205,-34.21039581298828,0.2102742493152618,-24.892438888549805,22.596576690673828,13.093605995178224,-8.794341087341309,-7.167361259460449,11.382413864135742,5.141368389129639,11.57738208770752,11.97906494140625,8.669964790344238,6.2574639320373535,6.266517162322998,5.564934253692627,5.348499298095703,3.8728818893432617,3.912141084671021,3.902152299880981,3.749161958694458,3.628421068191528,3.4386420249938965,-0.2243795841932296,-0.0095521081238985,-0.012506135739386,0.0181076042354106,0.0638497695326805,-0.0799883753061294,0.0474137030541896,-0.0013387799263,0.0306952483952045,0.0332994125783443,0.0945929437875747,0.0016682968707755,-0.0094724362716078,1.1367946863174438,1.2924907207489014,0.9190338253974916,0.6364290714263916,0.8845971822738647,0.6529220938682556,0.5783205628395081,0.6134356260299683,0.5817122459411621,0.5548135042190552,0.5774778127670288,0.5397220849990845,0.5293653011322021,0.0230540428310632,0.0752255916595459,0.096476636826992,0.0260074511170387,0.0662609487771987,0.0157254319638013,0.0364051274955272,-0.0357600003480911,-0.0231043864041566,0.0194372404366731,0.0290498435497283,-0.0021747576538473,-0.0317943394184112,0.6536585688591003,0.8902332782745361,0.637559175491333,0.46600541472435,0.5802019238471985,0.4270046651363373,0.4406608641147613,0.3676212131977081,0.3723815381526947,0.4269395768642425,0.3889204561710357,0.4253687560558319,0.4374215304851532,0.0217587465393822,0.0127630222379515,0.0892428936928744,0.0513309934023841,13.625315773336142,1,Rekurrensparese,1624,a_n
-273.1816101074219,223.29556274414065,-6.1762213706970215,0.3479556143283844,-17.1943359375,-9.798810958862305,-10.711969375610352,6.897475242614746,-2.2457759380340576,3.678421258926392,-9.04903507232666,-11.746589660644531,19.19766998291016,36.17643737792969,14.88925075531006,13.797816276550291,6.475433349609375,4.392595291137695,3.0668647289276123,4.788767814636231,3.0216472148895264,3.6991589069366455,9.450481414794922,4.364062786102295,6.555992603302002,6.991338729858398,-1.1522754430770874,-0.3423745334148407,0.2562353312969208,0.3018641769886017,0.0916430801153183,0.1213496029376983,-0.0069377962499856,-0.0081023210659623,0.1356750875711441,-0.1670813560485839,-0.0631195679306984,0.0780862718820571,-0.1386326402425766,2.222064256668091,1.3344937562942505,1.2224551439285278,0.6845054030418396,0.6045622825622559,0.4057654440402984,0.6249086260795593,0.5068609118461609,0.5330394506454468,0.6306525468826294,0.4807679355144501,0.6015831232070923,0.5644124150276184,0.3989720046520233,-0.0539664961397647,0.180289477109909,0.0564275234937667,-0.0067882989533245,0.001685943105258,0.1306335926055908,0.0110703539103269,0.0473284237086772,-0.0019184978445991,0.0457257106900215,0.0335595868527889,-0.107848048210144,1.418947696685791,0.7716320753097534,0.6277046203613281,0.4607023894786834,0.5275850892066956,0.2550726532936096,0.5405315160751343,0.3892596364021301,0.3342896401882171,0.4112583100795746,0.3040315806865692,0.3954657316207886,0.3835062384605407,0.0069269210461336,0.0040382820430279,0.0399700461748538,0.0245519565550474,20.27681708140088,1,Rekurrensparese,1626,a_n
-189.0001983642578,157.34854125976562,-2.5244505405426025,20.678438186645508,-59.32237243652344,1.4758893251419067,-19.841114044189453,0.4212489724159241,-13.488944053649902,19.944021224975582,-8.028097152709961,-18.953384399414062,0.5660203099250793,15.74134349822998,4.91428804397583,5.627779483795166,6.815829277038574,4.841951370239258,6.57181453704834,5.0831475257873535,4.5963239669799805,4.74791145324707,5.011047840118408,3.939241886138916,4.142079830169678,4.308220386505127,-0.1551003754138946,-0.101376749575138,-0.0369076691567897,0.0422494262456893,-0.031684286892414,-0.172028437256813,0.0685194656252861,0.0145273534581065,-0.0233547836542129,0.0403614714741706,0.0173033140599727,-0.0039413981139659,-0.0320012718439102,1.6459646224975586,0.6091931462287903,0.7849639654159546,0.7323489189147949,0.6726177930831909,0.8119394779205322,0.8430057168006897,0.6014247536659241,0.6006941199302673,0.7050079107284546,0.5663256645202637,0.7048710584640503,0.6537229418754578,-0.1303181946277618,-0.0183391515165567,0.0207600705325603,0.0338676162064075,0.0460656508803367,0.0202645026147365,0.0434865616261959,0.0200413540005683,0.0462859757244586,0.0458583645522594,0.0264528691768646,-0.0087891351431608,-0.0104420389980077,0.762371838092804,0.4227883815765381,0.5127893686294556,0.5474371314048767,0.5044249892234802,0.565665602684021,0.590490460395813,0.4571445286273956,0.473660796880722,0.550633430480957,0.4919066429138183,0.4663194715976715,0.4500432014465332,0.0596589296042575,0.0331642780444677,0.2265249530075247,0.1094207763729397,2.847126316347331,1,Rekurrensparese,1630,a_n
-239.9600830078125,160.5660400390625,10.45024585723877,2.809810400009156,-52.52999114990234,-4.920685291290283,-31.639591217041016,5.914514541625977,-3.0647926330566406,6.6366963386535645,-12.04315948486328,-5.350082874298096,22.448808670043945,31.69384002685547,12.900142669677734,8.564335823059082,5.486118316650391,9.655556678771973,5.977351665496826,5.949119091033936,7.08503007888794,5.053186416625977,6.672895908355713,6.975293159484863,5.485278606414795,5.160651683807373,-0.947913408279419,-0.2881615161895752,-0.1762749105691909,-0.0723980292677879,-0.2892434597015381,-0.1411352753639221,-0.0937941670417785,-0.1455487757921219,0.1661640554666519,0.031809713691473,0.0297261774539947,-0.0690167918801307,-0.0655911490321159,1.6960227489471436,0.930290937423706,1.069616198539734,0.8006826639175415,0.9907015562057496,1.0491118431091309,0.8770688772201538,0.6496229767799377,0.6758770942687988,0.8363012671470642,0.8030785322189331,0.8776575922966003,0.8031339645385742,0.0936826169490814,-0.1336302161216735,0.0393436104059219,0.0235400665551424,0.1263711005449295,-0.0925349444150924,0.068108782172203,-0.0573870837688446,0.0200397130101919,-0.0785139426589012,0.0462434887886047,0.0244724433869123,-0.0117468778043985,0.7770046591758728,0.759787380695343,0.6947858929634094,0.5098063945770264,0.7202885150909424,0.626813530921936,0.661558210849762,0.5417317152023315,0.4511803984642029,0.4980242848396301,0.4649814069271087,0.5340240597724915,0.357217937707901,0.0616796131647317,0.0348782574649711,0.139623268786355,0.0743954405090438,11.50684559182766,1,Rekurrensparese,1631,a_n
-217.9839630126953,165.10348510742188,-16.160884857177734,26.493396759033203,-41.33369827270508,1.778133749961853,-21.501934051513672,32.40140914916992,11.139365196228027,13.81103515625,-4.231343746185303,6.86740255355835,14.880107879638672,23.90555000305176,19.45985412597656,11.825791358947754,9.670014381408691,7.502540111541748,7.99744176864624,5.346856594085693,4.517505168914795,4.016721725463867,4.613699436187744,3.794929265975952,4.471514701843262,3.940028190612793,-0.3262598812580108,0.0313598476350307,-0.0982304960489273,-0.0071450481191277,-0.0556688867509365,-0.0876732692122459,0.0950507521629333,0.0844282805919647,-0.0431600771844387,0.1123423352837562,-0.0405966565012931,0.1314342617988586,0.0977360755205154,2.910731554031372,2.170894145965576,1.2608519792556765,0.954026460647583,1.237263321876526,0.9157429933547974,0.9765689969062804,0.5666229724884033,0.7867668867111206,0.4923470914363861,0.7511042356491089,0.733814001083374,0.6130170822143555,-0.128553032875061,-0.0801837667822837,0.0898497626185417,-0.0864393338561058,0.2164685428142547,-0.0660268291831016,0.1046262457966804,-0.0743877589702606,0.0021757914219051,0.0745714306831359,0.0781209617853164,-0.0717575028538703,-0.0399893708527088,0.9966866970062256,0.7256075143814087,0.503255307674408,0.6882018446922302,0.7960798740386963,0.5654875636100769,0.6406969428062439,0.5681767463684082,0.5025728940963745,0.495012491941452,0.584503173828125,0.5472145080566406,0.5388084650039673,0.0336340952020999,0.0188283494518836,0.181689564900451,0.103642685660552,4.888467362921009,1,Rekurrensparese,1638,a_n
-229.9937438964844,197.0068817138672,0.0953143760561943,34.40700149536133,-41.98473739624024,0.916927456855774,-15.752997398376465,4.522282600402832,4.01652193069458,12.963839530944824,17.460744857788086,1.8278146982192995,-18.85138702392578,25.859926223754883,12.776567459106444,6.07539701461792,9.06296157836914,5.539258003234863,4.881351947784424,6.065134525299072,5.47519063949585,5.88206958770752,9.077140808105469,5.121235370635986,5.606283664703369,7.199838161468506,-0.259074330329895,0.1243049129843711,0.0238330196589231,-0.0748210325837135,0.0495698563754558,-0.0287357307970523,-0.0327294394373893,-0.0937303826212883,0.0125061739236116,-0.0754821151494979,0.0418645329773426,0.0344173908233642,-0.0897405892610549,1.3243602514266968,1.1203012466430664,0.828369677066803,0.7991336584091187,0.6642265915870667,0.8408763408660889,0.8143256902694702,0.910159945487976,0.8327516913414001,0.7507352828979492,0.7312555313110352,0.625705361366272,0.6901476383209229,-0.0402336865663528,-0.076590746641159,0.0461147390305995,-0.0378542132675647,0.0440192110836505,0.0183146372437477,0.0236360803246498,0.0122766029089689,0.0019162916578352,-0.0105183757841587,0.0100033301860094,-0.0032101671677082,0.0285818669945001,0.9420548677444458,0.7420681715011597,0.6054801344871521,0.5926879048347473,0.5452837944030762,0.6584006547927856,0.6475264430046082,0.6510423421859741,0.5823479890823364,0.5318583250045776,0.4843326210975647,0.4737421572208404,0.514737069606781,0.0159084879989426,0.0092021627955532,0.1307133198517966,0.071164895399675,11.342156555598466,1,Rekurrensparese,1641,a_n
-235.7896728515625,165.32725524902344,-6.079923629760742,3.7604575157165527,-48.69447326660156,15.87391185760498,-11.384683609008787,12.095269203186035,6.457459926605225,9.850054740905762,8.73278522491455,-9.090490341186523,-9.70108699798584,16.416284561157227,5.464986324310303,6.931360244750977,4.921720027923584,5.07470178604126,5.247074127197266,7.414668560028076,7.856552124023437,5.351537704467773,4.664094924926758,5.03125,3.942087650299072,5.074334144592285,-0.8771211504936218,0.143203780055046,0.3030773103237152,-0.0167847331613302,-0.0558781735599041,0.1899689137935638,0.1475389301776886,-0.0595146380364894,0.2297916859388351,-0.1136573404073715,-0.0366403385996818,0.0958538576960563,-0.1662154346704483,1.4312329292297363,0.9524673819541932,0.9268875122070312,0.8298178911209106,0.8106797933578491,0.8773165345191956,0.8562030792236328,1.1756815910339355,1.0136789083480835,0.5891917943954468,0.6589715480804443,0.7390686273574829,0.5430980324745178,-0.0054136049002408,-0.0788052007555961,0.0633302554488182,-0.0414761863648891,0.0994607657194137,-0.0707375928759574,0.0190766006708145,-0.0941590219736099,0.0362768545746803,-0.011862926185131,-0.0235272236168384,0.0168881360441446,0.0053748385980725,0.8350826501846313,0.7300564646720886,0.4559825956821441,0.4702206254005432,0.7356208562850952,0.6937472820281982,0.6779341697692871,0.7247557640075684,0.5008676052093506,0.3854686021804809,0.3924755752086639,0.4344539940357208,0.4089297950267792,0.0279631593479567,0.0164529909159184,0.1887456638921119,0.0986096480490701,5.847683760256807,1,Rekurrensparese,1644,a_n
-208.23208618164065,152.24066162109375,-11.932886123657228,29.37346839904785,-50.12641143798828,12.428930282592772,-30.2907657623291,21.86885452270508,19.96942901611328,-10.003846168518066,-3.672277450561523,-10.394362449645996,-1.3004249334335327,16.39097785949707,7.542058944702148,7.110404014587402,6.101109504699707,4.925588607788086,3.110996961593628,4.901315689086914,5.096168518066406,3.1815576553344727,3.467707395553589,3.518906831741333,4.456295967102051,4.157874584197998,-0.7213564515113831,-0.0972349569201469,-0.0205671209841966,-0.0046672387979924,-0.0561231933534145,0.0960641950368881,-0.0694196447730064,0.0866356715559959,0.110327310860157,0.0324106402695179,0.1330988854169845,-0.0523766055703163,0.0929372236132621,1.1321262121200562,1.130759596824646,1.014340877532959,0.8495804071426392,0.8548985719680786,0.5605571269989014,0.9079391956329346,0.6649413108825684,0.5824624300003052,0.5775694847106934,0.5972608327865601,0.6052876114845276,0.5440554022789001,0.2441868185997009,0.1964853405952453,0.2051058113574981,0.1360687762498855,0.1083065867424011,0.009829606860876,0.1543604433536529,0.0258373133838176,0.0561746470630168,-0.0030130501836538,0.0923614501953125,-0.0686142146587371,0.0146093340590596,0.9118130207061768,0.6744819283485413,0.5883773565292358,0.5549390316009521,0.5555453300476074,0.3511343598365783,0.5361690521240234,0.3937278985977173,0.3625124394893646,0.3735735714435577,0.3723347187042236,0.4184168875217438,0.4647187292575836,0.0068808733634441,0.0042257031258114,0.0663832877377088,0.0403403687815399,17.71241569177543,1,Rekurrensparese,1655,a_n
-238.0164794921875,215.93751525878903,-17.252201080322266,-5.787249565124512,-42.88956451416016,25.13893699645996,-8.464792251586914,-0.5343821048736572,7.780034065246582,-8.753271102905273,0.6038027405738831,-13.358765602111816,2.8779664039611816,13.331398010253906,6.782522201538086,5.441289901733398,3.6660194396972656,8.340950965881348,4.449476718902588,3.8445112705230713,3.728956460952759,2.958068370819092,2.747865915298462,2.704057455062866,3.788430213928223,3.5043561458587646,-0.5327009558677673,-0.3063378632068634,0.1397267580032348,-0.0040088887326419,0.3570254743099212,0.1277842074632644,0.0387698970735073,0.0668200105428695,0.1476116776466369,-0.002368273679167,-0.0548159927129745,-0.0102936085313558,-0.0823741257190704,1.2087031602859497,0.695654034614563,0.8983460664749146,0.5709628462791443,0.6455832123756409,0.8077476620674133,0.5421154499053955,0.6330756545066833,0.566487729549408,0.4176787436008453,0.38340625166893,0.5524449348449707,0.494424968957901,0.0005404904368333,-0.0032499493099749,0.1734377741813659,0.0488705672323703,0.0510471053421497,-0.0691941753029823,0.0619554072618484,0.0135591560974717,0.001371874473989,0.0075249285437166,0.0024733787868171,-0.0096290949732065,-0.0106044169515371,0.8893491625785828,0.4156189560890198,0.6568119525909424,0.4504242837429046,0.4226404130458832,0.4069527387619018,0.4276974201202392,0.3797677159309387,0.337486982345581,0.3112912178039551,0.3664964437484741,0.3709545433521271,0.3939598202705383,0.0061522805766548,0.0037705898186538,0.022248560314565,0.012596796698882,21.393035742393128,1,Rekurrensparese,1658,a_n
-216.52793884277344,210.53208923339844,-1.0522247552871704,65.30040740966797,-34.947059631347656,-15.988929748535156,-30.29168701171875,0.8235938549041748,19.819318771362305,-1.2339926958084106,-3.789886951446533,5.9439239501953125,0.4921054244041443,11.73560619354248,7.737752914428711,6.021772384643555,6.151871204376221,4.541892051696777,5.530027389526367,5.41392993927002,4.130141735076904,5.628164291381836,4.626206874847412,4.342360973358154,5.632602214813232,3.823574304580689,0.1690662801265716,0.026451351121068,0.0285972822457551,-0.0672780722379684,0.0107401274144649,-0.1048564687371254,-0.0466552600264549,0.0617819130420684,0.0522645823657512,0.010887517593801,-0.0262891966849565,-0.0845809429883956,-0.0272032786160707,1.90970516204834,1.0010253190994265,1.077881932258606,0.9794753193855286,0.7793146967887878,0.929386556148529,0.9241620302200316,0.8012429475784302,0.8023136854171753,0.8058207035064697,0.7776915431022644,0.7593460083007812,0.6357927918434143,-0.0214710123836994,-0.0003158499021083,0.0658370703458786,-0.0448295883834362,0.0215287208557128,-0.0161802042275667,0.0575679130852222,-0.0103855608031153,0.0009691818268038,0.0060907276347279,0.0298070684075355,-0.0053087365813553,-5.743410656577908e-05,0.9455336928367616,0.6052154302597046,0.7929832935333252,0.8188562989234924,0.5300975441932678,0.6379595398902893,0.6367434859275818,0.5325470566749573,0.5506700277328491,0.4826979041099548,0.4891890287399292,0.5775620341300964,0.4808833003044128,0.0090225751956571,0.0051701914583118,0.0752736811252105,0.0383279643187568,17.46043734392373,1,Rekurrensparese,1662,a_n
-270.4700927734375,209.3094940185547,-27.034353256225582,-9.917362213134766,-36.9813232421875,-13.291258811950684,-5.272107601165772,-0.0099166501313447,1.0373687744140625,0.0744513571262359,-13.033193588256836,-13.524136543273926,16.33013343811035,15.199240684509276,9.218730926513672,6.921302795410156,4.844428539276123,4.314120292663574,4.702264785766602,3.57781720161438,3.80853271484375,4.215516090393066,3.617340564727783,2.9061553478240967,3.6262152194976807,4.5711750984191895,-0.048807319253683,-0.4222229123115539,0.1614608466625213,0.0941519737243652,0.0622977949678897,0.0469845943152904,-0.0589346401393413,-0.0093316407874226,0.0488160513341426,-0.0424770079553127,0.0184608418494462,0.0079820333048701,-0.0286007784307003,2.9255239963531494,1.5494067668914795,0.9021326899528505,0.5002123713493347,0.6389164924621582,0.7903685569763184,0.5218187570571899,0.6270604729652405,0.5179632902145386,0.4452154040336609,0.4714722335338592,0.4387238323688507,0.6458086967468262,0.3274218440055847,-0.1000855639576911,0.1023616343736648,0.0093368170782923,0.0362449698150157,-0.0115537503734231,0.0346090123057365,0.0027806712314486,-0.001033246750012,0.0174760315567255,0.0156844668090343,0.0270105469971895,-0.0432762876152992,1.715156316757202,0.9094196557998656,0.5248025059700012,0.3593690395355224,0.4109572172164917,0.4276708364486694,0.3689852654933929,0.4007640182971954,0.35304856300354,0.3303629159927368,0.3148185610771179,0.2721514701843261,0.4055319130420685,0.002683430152894,0.0015376620389549,0.0190933635930943,0.0106645382413451,28.12996221893081,1,Rekurrensparese,1664,a_n
-241.9742584228516,230.46632385253903,-18.600414276123047,-1.4852237701416016,-16.31085777282715,4.915805816650391,-14.047019004821776,2.591492176055908,21.97568702697754,-2.306748628616333,0.3141842484474182,6.545893669128418,-15.753145217895508,23.08290672302246,10.744503021240234,7.935005664825439,7.527762413024902,5.691761016845703,7.830024242401123,8.454466819763184,5.50552225112915,4.757781505584717,3.753101348876953,3.8655195236206055,4.488892078399658,6.983755111694336,-0.310677707195282,0.0441380143165588,-0.1245450526475906,-0.0960372984409332,0.0359086506068706,0.0528402402997016,0.119217462837696,0.0335409492254257,0.0143118249252438,-0.021826347336173,-0.0474031120538711,0.0038178425747901,-0.0435006991028785,1.85109281539917,1.4191969633102417,1.308954119682312,0.529168426990509,0.857223391532898,0.927030622959137,0.7217000126838684,0.6896112561225891,0.6409192681312561,0.71858149766922,0.4930977523326874,0.6468369960784912,0.614932656288147,0.2571396231651306,-0.3023806810379028,0.1380214393138885,0.0056405998766422,0.0467107370495796,-0.0659670755267143,0.0699926540255546,0.0071043982170522,-0.0740407109260559,0.0496653281152248,-0.0145069677382707,-0.0554738827049732,0.0180079974234104,1.2760857343673706,1.2879273891448977,0.7317912578582764,0.3732370734214782,0.5615957975387573,0.5730177164077759,0.6000127792358398,0.4658032655715942,0.5076989531517029,0.4696799218654632,0.3384641706943512,0.4942586421966553,0.3595824837684631,0.0106174865903333,0.0064547282037685,0.1226995124916076,0.0693534769257262,12.541788820348676,1,Rekurrensparese,1671,a_n
-217.49327087402344,153.8145751953125,-16.880645751953125,26.040576934814453,-52.70017623901367,-14.800640106201172,-21.734634399414062,25.350601196289062,25.657251358032227,-6.218119621276856,-6.259977340698242,1.1627253293991089,-7.635624408721924,28.460325241088867,13.080994606018066,6.706385612487793,4.189419746398926,4.408415794372559,7.100121021270752,4.992222785949707,7.399808406829834,6.642342567443848,4.178282737731934,4.215465068817139,4.452767372131348,5.328208923339844,-0.4825547933578491,-0.057565726339817,-0.0900423377752304,-0.0497002117335796,-0.0656846314668655,-0.0636618509888649,-0.0133044114336371,0.1278539597988128,0.052113089710474,-0.0491197071969509,0.0111323669552803,-0.0249167121946811,0.0081867622211575,1.1740463972091677,0.9833872318267822,0.9516818523406982,0.589422345161438,0.9053235054016112,0.6469159722328186,0.6320119500160217,0.7256637811660767,0.6949119567871094,0.6505393385887146,0.5527926087379456,0.5668606758117676,0.6191266179084778,-0.0230837520211935,-0.03445266187191,0.0199416484683752,-0.0272176563739776,0.0496950112283229,-0.0364996381103992,0.0192245338112115,-0.0188835579901933,0.0174653083086013,0.0183958560228347,0.02355832234025,-0.0256620328873395,-0.0304202176630496,0.5997246503829956,0.6316862106323242,0.5425570607185364,0.4612691700458526,0.5274330377578735,0.5196214914321899,0.4389432966709137,0.4953353106975555,0.5335251688957214,0.5452142953872681,0.4748111665248871,0.4284310042858124,0.4601342380046844,0.0075637639461404,0.0042603107104325,0.1129625418091925,0.0590940622362047,10.344041299042184,1,Rekurrensparese,1676,a_n
-247.86358642578125,187.7436065673828,7.922811031341553,17.636367797851562,-36.53871154785156,-17.102876663208008,-19.675825119018555,-1.8763469457626345,-1.8656524419784544,13.22234344482422,-4.335412979125977,-22.68280982971192,-11.957837104797363,17.60304832458496,12.001017570495604,5.967737674713135,6.709478378295898,6.782113075256348,5.254580974578857,4.621575832366943,4.047752380371094,3.728636980056762,3.3445615768432617,4.0079874992370605,4.9916300773620605,3.371926069259644,-0.5362524390220642,0.6034325361251831,0.0034606754779815,-0.0468897856771945,-0.0383933298289775,0.0831121280789375,-0.0905696228146553,0.0864982530474662,-0.0849099829792976,0.0797530338168144,-0.0945283994078636,-0.1332490593194961,-0.0647471249103546,3.5904014110565186,2.3492884635925293,1.2132028341293335,1.188654899597168,1.4941847324371338,0.7880915999412537,0.7992324233055115,0.7141050696372986,0.5702972412109375,0.4458557665348053,0.6597746014595032,1.061980962753296,0.7286756038665771,0.7667710781097412,0.4583666622638702,0.2838530540466308,-0.1079590916633606,0.1225349903106689,0.1558236628770828,0.3108206689357757,-0.0428453274071216,-0.0042121112346649,-0.1338558197021484,0.1502870172262191,0.2658025026321411,0.1362761408090591,1.7297325134277344,0.8562799692153931,0.5943703651428223,0.6535183787345886,0.6841526627540588,0.6584988236427307,0.846735954284668,0.3817730545997619,0.5027955174446106,0.4729463458061218,0.4856694042682647,0.5717374086380005,0.4136922955513,0.0035025630127964,0.0009167979336362,0.0248921062102433,0.010624229179178,24.567878692736752,1,Rekurrensparese,1683,a_n
-243.1077117919922,193.88677978515625,14.76826000213623,-7.2797532081604,-42.210548400878906,-0.4906941056251526,-18.85924530029297,-8.60521125793457,19.569231033325195,-0.2746878862380981,-14.92967128753662,-5.641173839569092,10.527694702148438,21.728540420532227,9.279934883117676,5.238330364227295,5.695548534393311,6.376153945922852,4.593387126922607,3.697155714035034,3.906703233718872,4.396835803985596,3.165444612503052,4.869076251983643,2.8165833950042725,3.090276002883911,-0.974890112876892,0.2042306959629058,0.0689772292971611,0.1057733595371246,0.0577821917831897,-0.0103454533964395,-0.1140289455652237,-0.1173343956470489,0.1158698722720146,0.0457033067941665,-0.1261411607265472,-0.1043913066387176,0.0269433967769145,3.712693691253662,1.68930184841156,1.2064192295074463,1.1782522201538086,1.0067883729934692,0.742924690246582,0.7711548805236816,0.5384934544563293,0.9476801753044128,0.5267189741134644,0.9899733066558838,0.4665025770664215,0.5660855174064636,0.9926254153251648,-0.1995236724615097,0.2253935188055038,0.1658937036991119,0.3519109785556793,-0.1388344764709472,0.1574738174676895,0.1152793392539024,-0.2002988755702972,0.0470871366560459,0.2425755560398101,0.0568931326270103,-0.0591071099042892,2.5980794429779053,1.3728049993515017,0.6487758755683899,0.6058595776557922,0.97355455160141,0.5282908082008362,0.4367261826992035,0.4160289764404297,0.5280135273933411,0.3130386173725128,0.6919950842857361,0.3120023906230926,0.3148031234741211,0.0095717148144885,0.0059983923727883,0.0370163630426007,0.0203922075075728,24.92696203510706,1,Rekurrensparese,1691,a_n
-264.4205627441406,218.10470581054688,-20.74276161193848,-3.303090333938598,-36.992149353027344,-22.086536407470703,-1.876122236251831,-4.187579154968262,9.167698860168455,8.537914276123047,-18.092077255249023,-15.276543617248535,10.329289436340332,14.1420316696167,10.104036331176758,9.498724937438965,5.076143264770508,4.411023139953613,3.777785062789917,3.0840213298797607,3.0152666568756104,3.310421228408813,2.955042123794556,2.815612316131592,4.322978973388672,3.360023260116577,-0.1299085319042205,-0.1113053485751152,0.1743305325508117,0.0142328450456261,0.0170002114027738,0.0217519309371709,-0.0223318859934806,-0.0204272177070379,0.0205709189176559,0.0038532165344804,-0.0228023268282413,-0.0372354201972484,-0.0150784337893128,2.1153454780578613,1.5930720567703247,1.092687487602234,0.7520415782928467,0.6461971402168274,0.5413152575492859,0.4777391850948334,0.5705800652503967,0.4829453527927398,0.45132976770401,0.4417511522769928,0.5357593894004822,0.5341417193412781,0.2385847270488739,0.0316486433148384,0.1916438937187194,0.0007714129169471,0.0237362179905176,-0.0128453262150287,-0.017008589580655,0.0330445766448974,0.0101290289312601,-0.004774397239089,0.027061428874731,0.0268360078334808,-0.0451345555484294,1.175754189491272,0.8081420660018921,0.7602671384811401,0.3581475913524627,0.3565547466278076,0.3446626663208008,0.3112105131149292,0.3104944229125976,0.2959628701210022,0.263364166021347,0.3135422170162201,0.3045514822006225,0.3773041665554046,0.0061760794983441,0.0038886487665909,0.0317542484668183,0.0189256332170501,26.675196320575587,1,Rekurrensparese,1713,a_n
-235.22720336914065,153.86854553222656,14.216331481933594,10.215576171875,-34.88717269897461,36.62594985961914,-25.01509475708008,11.336509704589844,14.745781898498535,2.203653335571289,3.100040435791016,-13.072108268737791,8.663980484008789,6.658195495605469,8.843347549438477,5.451635837554932,4.017838954925537,5.293765068054199,4.59440279006958,3.9148552417755127,4.321847438812256,5.181446075439453,5.559067726135254,4.308141231536865,3.635941743850708,4.277882099151611,-0.2065203189849853,-0.1428074687719345,-0.104732722043991,0.0055943373590707,-0.0450349748134613,0.0691106244921684,-0.0699694827198982,-0.04734668135643,-0.0459067672491073,-0.1197020560503006,-0.0231644473969936,0.0410137772560119,-0.0334264263510704,1.0404338836669922,0.7906916737556458,0.6951737403869629,0.6147537231445312,0.8680613040924072,0.6372551321983337,0.7321665287017822,0.5759330987930298,0.7045465707778931,0.5754247307777405,0.6204354763031006,0.6227368712425232,0.5454957485198975,0.1364587545394897,-0.0420178808271884,0.0901597142219543,0.0756327137351036,0.0947746336460113,-0.0797457993030548,0.0567530877888202,-0.0284943897277116,-0.0482289008796215,-0.032149888575077,0.0194870624691247,0.0020413270685821,-0.0395856276154518,0.6858964562416077,0.5075446963310242,0.6034217476844788,0.4868009090423584,0.5614744424819946,0.5882329344749451,0.4748024046421051,0.4259126186370849,0.543402373790741,0.4941133558750152,0.5411376953125,0.4812494218349457,0.4040586948394775,0.0127573648023535,0.0072782442367254,0.1354766436455778,0.0587129036894439,13.43714440117971,1,Rekurrensparese,1722,a_n
-238.18359375,209.0606689453125,-44.143402099609375,0.7828211784362793,-29.704849243164062,-18.616077423095703,-6.8735222816467285,12.648791313171388,6.953701019287109,-15.12893009185791,-4.707487106323242,-17.778825759887695,0.0053748073987662,12.515724182128906,9.706700325012209,10.1016845703125,3.1363613605499268,5.070917129516602,3.6559555530548096,3.2100698947906494,4.127237796783447,3.541569471359253,3.7633113861083984,2.7526190280914307,3.1449334621429443,2.352668523788452,0.014322699047625,-0.6667919754981995,0.1534262895584106,-0.0285117477178573,0.0282695684581995,0.017943687736988,0.0741184428334236,-0.248616561293602,-0.1926209181547165,0.0550412461161613,0.0060090799815952,0.001266062259674,0.013965074904263,2.209958791732788,1.182475209236145,1.93875253200531,0.4866087734699249,0.9008000493049622,0.58256596326828,0.4453551471233368,0.4142201244831085,0.4941286742687225,0.5932658910751343,0.5369819402694702,0.4463928639888763,0.3873522281646728,0.6415444612503052,0.169622853398323,0.5817685127258301,-0.0718507021665573,0.0498143881559371,-0.0498448498547077,-0.0118293007835745,0.0151642654091119,-0.0052197729237377,0.0581857524812221,-0.0619375072419643,0.0537483729422092,0.0009752991027198,1.5260708332061768,0.9728857278823853,1.3694853782653809,0.3765845596790313,0.3671076595783233,0.4182345569133758,0.3845798671245575,0.3407310545444488,0.2625960409641266,0.3610917925834656,0.3442923426628113,0.4111163914203644,0.2903529703617096,0.0021744577103381,0.0011722751677387,0.0169055634757279,0.0091658344346941,26.89398220763872,1,Rekurrensparese,1743,a_n
-221.45448303222656,224.2741851806641,11.274599075317385,22.78595733642578,-42.95750045776367,-18.14207649230957,-34.39978790283203,-7.065940380096436,6.6119794845581055,16.171043395996094,-1.2142643928527832,-15.130605697631836,-8.589545249938965,13.63748264312744,5.399055480957031,6.541642189025879,6.2801513671875,5.421902656555176,4.909898281097412,5.198123455047607,3.668653726577759,3.881546258926392,4.445582389831543,4.005038261413574,4.435774803161621,2.922532320022583,-0.1855379194021225,-0.1491996198892593,-0.0022996114566922,0.0994138568639755,-0.0129298567771911,0.0253580622375011,0.1921510547399521,0.0539664402604103,-0.076638326048851,0.0637791976332664,0.0728650018572807,-0.1060060262680053,-0.0972002074122428,1.6307790279388428,0.9025288224220276,0.935892939567566,0.7862462401390076,1.1043834686279297,0.6622940301895142,0.6429176926612854,0.5450509190559387,0.6205930113792419,0.4876072704792022,0.7210248708724976,0.6597012877464294,0.5347922444343567,0.2225939333438873,-0.2007465362548828,0.0817405134439468,-0.0891266018152237,0.1296130120754242,-0.0121838562190532,0.1166853904724121,0.0393470153212547,0.0596736036241054,-0.0515772849321365,0.0311058983206748,0.066745214164257,0.0063753011636435,0.8327158093452454,0.7120532393455505,0.7027325630187988,0.6340832710266113,0.549359142780304,0.4730787277221679,0.4950482845306396,0.3638191819190979,0.4600289463996887,0.479600042104721,0.4190331399440765,0.4387583136558532,0.4623435735702514,0.0033119735502885,0.0013394862936838,0.0509496574659585,0.02574510192111,21.960798493875515,1,Rekurrensparese,1748,a_n
-252.7248077392578,236.1747436523437,35.425926208496094,19.912782669067383,-22.506065368652344,-13.118990898132324,10.255033493041992,2.224975824356079,4.860580921173096,-0.7908785939216614,7.132232666015625,5.197783946990967,-7.929042816162109,52.35303115844727,17.921716690063477,15.01408863067627,9.539813995361328,7.615342617034912,5.790623188018799,6.535610198974609,5.44861364364624,4.018350601196289,4.487797260284424,3.314289093017578,4.260663032531738,4.409299373626709,-3.504410982131958,-0.5220640301704407,0.9223834872245787,0.4734622836112976,0.1154075115919113,0.0083442572504282,0.2162368446588516,0.2375700771808624,-0.083358809351921,-0.0370972566306591,0.1299174129962921,-0.0187387429177761,0.1780972629785537,2.8566882610321045,2.4255220890045166,0.9572952389717102,1.0773484706878662,1.2840168476104736,0.8698437213897705,0.9253261089324952,0.8539835214614868,0.5645607113838196,0.8990657329559326,0.5253474116325378,0.7701016664505005,0.8884522914886475,0.2519204914569855,-0.3272788822650909,0.1888908147811889,0.0020423240493983,0.0596880316734313,-0.0066083623096346,-0.1042415499687194,-0.0588448643684387,0.0164348427206277,0.0964278057217598,-0.1376235485076904,-0.0102977426722645,0.0460196807980537,1.240907907485962,1.3747566938400269,0.848351240158081,0.7568573355674744,0.5603516101837158,0.5714045763015747,0.4932261407375335,0.5810930728912354,0.3438446819782257,0.5116110444068909,0.3452253937721252,0.4770033657550812,0.5254027843475342,0.0125878171806133,0.0070608960492183,0.0637091862640631,0.0285548535972948,18.116707235612484,1,Rekurrensparese,1755,a_n
-168.8053436279297,209.15966796875,-17.804733276367188,24.31179428100586,-44.21311950683594,-19.500883102416992,-15.807043075561523,19.77701759338379,-1.4101060628890991,3.491466760635376,-3.5211427211761475,-21.972143173217773,3.7731363773345934,7.556053638458252,10.179755210876465,5.838377952575684,5.249801158905029,5.489028930664063,5.25905179977417,4.19127368927002,3.4736311435699463,3.289061546325684,5.98206090927124,3.33097767829895,3.251965045928955,3.302008390426636,-0.0316100530326366,0.1618964672088623,0.0246325936168432,-0.1441866904497146,-0.0450945012271404,-0.0417164601385593,0.0144187146797776,-0.0253186244517564,-0.0433252677321434,0.0390678122639656,-0.0119451768696308,-0.0101304445415735,0.0166739150881767,1.363200068473816,1.357539415359497,0.9722463488578796,0.6642153263092041,0.9298497438430786,0.7278018593788147,0.8521750569343567,0.5662652850151062,0.4956658482551574,0.6181768178939819,0.6710971593856812,0.5597979426383972,0.4831996262073517,0.1122836321592331,-0.3621558248996734,0.2670665383338928,-0.1168962642550468,0.2100008875131607,0.0922672227025032,0.1324638277292251,-0.0821077302098274,0.0784650966525077,-0.0107464846223592,-0.0340713039040565,0.0271879602223634,-0.0108837457373738,0.8566319942474365,1.1442722082138062,0.8803995847702026,0.4411558210849762,0.6999263763427734,0.5674577355384827,0.5321323275566101,0.4536773860454559,0.5207376480102539,0.5040737390518188,0.4712325930595398,0.4301222264766693,0.3805386126041412,0.0683302515093691,0.0390563319873219,0.2234744220753231,0.0764419715797558,2.836623093788629,1,Rekurrensparese,1760,a_n
-231.54754638671875,180.00650024414062,-24.589662551879883,26.210229873657227,-34.5994758605957,-26.034217834472656,-17.376399993896484,12.22187614440918,0.4112530946731567,1.0387948751449585,-7.494071006774902,-4.226029396057129,18.77358627319336,13.264963150024414,5.577337741851807,8.148523330688477,7.891507148742676,6.180427551269531,4.578917980194092,5.665346145629883,6.636544704437256,5.176106452941895,4.779575824737549,3.932567834854126,6.550365924835205,4.075050354003906,-0.4594257175922394,0.1342502385377884,-0.0099197328090667,-0.0763485431671142,-0.0256923362612724,0.0229898747056722,-0.0023808442056179,0.1894500404596328,0.0093697197735309,-0.0781526565551757,-0.0496570765972137,0.0954871326684951,0.0654662996530532,1.5843477249145508,0.9438469409942628,1.3491618633270264,0.8996918201446533,0.8612464666366577,0.7748299837112427,0.7809911966323853,0.769929051399231,0.6285634636878967,0.5355079174041748,0.6624482870101929,0.748397707939148,0.6414836645126343,0.1688111275434494,0.0105421096086502,0.2628084719181061,-0.0051325820386409,0.1197507157921791,0.0459518358111381,0.0457538962364196,-0.0139312641695141,0.009132407605648,0.0154708940535783,0.0032479166984558,0.0207985304296016,-0.0780548900365829,0.9354270100593568,0.674579381942749,0.972618043422699,0.5291102528572083,0.6507681608200073,0.4851714074611664,0.5129843354225159,0.5002114772796631,0.6435574889183044,0.4234015941619873,0.5560373663902283,0.465605080127716,0.4708359539508819,0.0064493125602796,0.0038665819131625,0.0373307575119001,0.0203611101368267,18.480126684660647,1,Rekurrensparese,1776,a_n
-318.95733642578125,163.7061309814453,18.307260513305664,-0.8286564946174622,-51.16008377075195,-4.362639427185059,-3.47843861579895,0.1530088484287262,5.4389824867248535,-1.9254124164581297,-4.1569414138793945,-0.6139454245567322,13.782222747802734,23.221364974975582,4.519811153411865,8.069649696350098,4.492355823516846,6.453775882720947,6.549821853637695,5.039962291717529,4.159666538238525,3.798299551010132,5.9792914390563965,3.8249030113220215,3.681390285491944,3.6572630405426025,-0.5779523849487305,0.0652196481823921,0.1306886076927185,0.0138485571369528,0.0245221946388483,0.0112145766615867,-0.0438190400600433,-0.0211824420839548,-0.024892758578062,-0.0568854063749313,0.0208147075027227,0.0172284767031669,-0.007413628976792,1.91658878326416,0.6752421855926514,0.6541517376899719,0.747369110584259,1.1225461959838867,0.6608789563179016,0.5914163589477539,0.6976737380027771,0.5339542031288147,0.68246990442276,0.6010321378707886,0.6186233162879944,0.5978648066520691,0.1935177892446518,0.0175445508211851,0.1030597537755966,0.0931013524532318,0.1719221323728561,-0.0220992751419544,-0.0413083359599113,0.0261227209120988,0.0340632088482379,0.0142043996602296,0.0140618495643138,-0.0281672608107328,-0.0553284063935279,0.8650411367416382,0.4495991766452789,0.568260669708252,0.5773985981941223,0.7980019450187683,0.4942129254341125,0.3977384865283966,0.4414959847927093,0.4924815595149994,0.5505823493003845,0.4780988097190857,0.4042840600013733,0.4538956880569458,0.0053930764599087,0.0031491747060983,0.0449249441461649,0.0232380415150087,20.976126571004023,1,Rekurrensparese,1784,a_n
-232.71188354492188,154.1970977783203,5.658260345458984,23.27237129211425,-65.36954498291016,1.5120450258255005,-25.968860626220703,31.15926551818848,30.63006019592285,-25.363115310668945,-1.4022542238235474,-5.845317840576172,-0.2941222786903381,33.77235412597656,7.226035118103027,5.634491443634033,4.090430736541748,8.455997467041016,7.100532531738281,8.740760803222656,5.368476867675781,3.650899887084961,3.920709371566773,3.912476301193237,4.304727554321289,3.122922897338867,-0.3646957278251648,-0.078618437051773,0.0744669586420059,-0.0001157786246039,0.1006678789854049,-0.1493443250656128,0.0974139422178268,-0.0514639057219028,0.0105306506156921,0.0502843707799911,-0.0357721336185932,-0.1364929974079132,-0.0680906027555465,1.763691782951355,1.1266751289367676,0.8744880557060242,0.6473682522773743,0.9149566292762756,0.6636168956756592,0.8142490386962891,0.6363682150840759,0.588792085647583,0.7381917834281921,0.6021369695663452,0.6546087861061096,0.495932787656784,0.0760654956102371,0.03176199644804,0.061909981071949,-0.0004161892284173,0.1163700520992279,0.0220917928963899,0.0971827805042266,0.0098330033943057,-0.0612832196056842,0.0310391001403331,0.0014692664844915,-0.0383722111582756,-0.0103951878845691,0.9708797335624696,0.6166618466377258,0.5062199234962463,0.5186915397644043,0.6151163578033447,0.552268922328949,0.6042016744613647,0.4961339831352234,0.5196349620819092,0.4658353924751282,0.4451817572116852,0.4622464776039123,0.3412816226482391,0.0096421605734167,0.0054409705295885,0.0658040600440027,0.0356785603937584,14.000075494972505,1,Rekurrensparese,1785,a_n
-258.8458557128906,233.0249481201172,-26.29809761047364,-34.78179931640625,-24.52251243591309,-3.3348309993743896,-17.776123046875,13.875415802001951,21.66657447814941,-8.30865478515625,-21.21753120422364,8.777029037475586,-2.7726645469665527,31.08946228027344,24.06661033630371,10.557976722717283,9.133861541748049,12.088019371032717,11.256112098693848,6.795015335083008,3.653766393661499,5.648303508758545,7.660648345947266,4.904158592224121,3.882655620574951,3.417926788330078,-1.266330003738403,-0.5218788981437683,0.5014622807502747,0.2385793626308441,-0.1792099624872207,0.4675012528896332,-0.1255955994129181,-0.1947176158428192,0.1259363889694214,-0.0757054090499877,-0.2133745551109314,0.0874525681138038,0.1379547715187072,5.557032585144043,2.5639822483062744,1.468415379524231,1.435712814331055,1.3151092529296875,1.2232016324996948,0.7990352511405945,0.7624096870422363,0.7489826679229736,0.9380125403404236,0.9140713214874268,0.7792167663574219,0.3813989460468292,1.0849653482437134,-0.7454314827919006,0.445399135351181,0.316675066947937,0.1233158782124519,-0.1486923992633819,0.2743792235851288,-0.0328331515192985,-0.0565555244684219,0.0612824037671089,0.1188165321946144,-0.0689909383654594,-0.0004497684421949,2.1703755855560303,2.2189228534698486,1.246477723121643,0.6806749701499939,0.7391141057014465,0.6592963337898254,0.7255277037620544,0.4627775251865387,0.3575842082500458,0.4969365298748016,0.3830141723155975,0.3074285686016083,0.2272198051214218,0.0050456797176754,0.0019487485464595,0.024171835567638,0.0113075316740031,22.915443378971982,1,Rekurrensparese,1788,a_n
-233.7070770263672,246.73757934570312,3.184232234954834,10.949423789978027,-5.094333171844482,-14.84732723236084,-41.106101989746094,3.2709128856658936,22.45398330688477,21.653793334960938,-7.156033039093018,-7.21403169631958,16.953258514404297,25.583038330078125,13.915106773376465,13.799368858337402,3.5918428897857666,4.813712120056152,3.2009851932525635,5.9752373695373535,3.702167272567749,3.6520838737487793,3.652751207351685,4.056578636169434,3.237902402877808,4.560180187225342,-1.0728864669799805,-0.1078777015209198,0.4753407537937164,0.0444391518831253,-0.2038460522890091,0.0680881142616272,0.1326485425233841,-0.0820177644491195,-0.1427538692951202,0.0249519161880016,0.2070256620645523,0.0054781287908554,-0.1714066267013549,2.8436994552612305,2.54595685005188,0.96866774559021,0.5373952984809875,0.5616338849067688,0.4677431285381317,0.8981842994689941,0.3941567838191986,0.5615618228912354,0.6499433517456055,0.4818443953990936,0.5519038438796997,0.448147565126419,0.8900343179702759,-0.7291938066482544,0.1220770478248596,-0.096830278635025,0.0213833600282669,-0.0329512879252433,0.1914836764335632,-0.0201466381549835,-0.0506291724741458,-0.1619459986686706,0.0063890442252159,0.0743873789906501,-0.0449477061629295,2.0076775550842285,1.5898785591125488,0.8154830932617188,0.4045307338237762,0.4669231474399566,0.3537559509277344,0.5260481834411621,0.3155084550380707,0.3376343548297882,0.5443448424339294,0.3216451704502105,0.3750097453594208,0.2841739058494568,0.0083202834919135,0.0030173540436309,0.0605651904591177,0.029599260519501,16.51537976052674,1,Rekurrensparese,1789,a_n
-267.4591979980469,215.3482360839844,-20.77418327331543,-8.459611892700195,-37.98164367675781,4.01567268371582,-33.10219192504883,19.94464683532715,32.84424591064453,-32.43046188354492,-8.430744171142578,2.468082904815674,-11.741158485412598,34.45469284057617,24.46533966064453,10.539278030395508,7.171353340148926,10.122373580932615,5.942028522491455,6.646439552307129,5.428528785705566,4.859001636505127,5.466806888580322,7.347511768341064,5.783836841583252,3.5532851219177246,-0.4628802835941314,0.0753452479839325,-0.0598283484578132,0.0303641632199287,0.1494230180978775,-0.0254887212067842,-0.0732409656047821,-0.0220256876200437,-0.0355122089385986,-0.0313857980072498,0.0653468370437622,0.0376642793416976,-0.0300643481314182,5.401773929595947,4.275226593017578,1.6449707746505735,1.0475680828094482,1.016621470451355,0.8038873672485352,1.0075085163116455,0.8188390135765076,0.6476839780807495,0.967897891998291,0.9332837462425232,0.6010739207267761,0.5617098212242126,0.2368742674589157,-0.3457505404949188,0.1297968327999115,0.0079358322545886,0.0795641988515853,-0.0447817333042621,0.1147889271378517,-0.0568181797862052,-0.0691395327448844,0.1157414764165878,-0.0285031571984291,-0.0405618362128734,0.0110231125727295,2.476857185363769,2.139369249343872,0.8559107780456543,0.6179443001747131,0.7025131583213806,0.5004220604896545,0.59611576795578,0.5588679909706116,0.4232308566570282,0.6201686859130859,0.3924941718578338,0.3714344203472137,0.3548737168312073,0.0423942881576791,0.0209375203208114,0.0907763614183507,0.0458950652630337,12.922460385276572,1,Rekurrensparese,1803,a_n
-280.99151611328125,211.54461669921875,57.5383415222168,43.77607727050781,-43.39574813842773,-16.17298126220703,14.052837371826172,5.357358932495117,3.27402663230896,10.400012969970703,-0.6765112280845642,-13.500258445739746,-5.131100177764893,31.644529342651367,10.067790031433104,7.789589881896973,6.624302387237549,8.36559772491455,4.0861406326293945,8.027981758117676,5.551843643188477,6.787833213806152,6.405741214752197,4.535380840301514,6.109215259552002,3.7732458114624015,-0.7371417880058289,-0.5235961675643921,0.0515388697385787,-0.0039743999950587,0.1631771624088287,0.0581767223775386,0.0189238209277391,0.121349461376667,0.2312438338994979,-0.0083348043262958,0.0188544020056724,0.1144590675830841,-0.067084215581417,3.2139246463775635,1.0485527515411377,1.12409508228302,1.2252057790756226,1.4728621244430542,0.8624752759933472,0.8304339051246643,0.7009474635124207,0.8733511567115784,0.795249342918396,0.683868944644928,0.9136238098144532,0.5890677571296692,0.6024347543716431,-0.2809761762619018,-0.2299843281507492,-0.2218420356512069,0.3866341710090637,0.120196908712387,0.0099386787042021,0.0266387350857257,-0.0451274067163467,-0.0078535238280892,0.1030474156141281,0.1439374834299087,0.0200051888823509,2.0381312370300293,0.9189174175262452,0.9126616716384888,0.7394144535064697,1.1461842060089111,0.6212446689605713,0.4228856861591339,0.4560820758342743,0.476704329252243,0.4928615689277649,0.6281843781471252,0.4584983289241791,0.4365239441394806,0.0044259010282999,0.0020066500533555,0.0345862257003739,0.0155636393573911,24.15931895731584,1,Rekurrensparese,1818,a_n
-323.5212097167969,216.92254638671875,3.805246829986572,-0.4197983741760254,-25.75442695617676,-45.013465881347656,-17.27393913269043,11.071589469909668,0.9663560390472412,-4.650712966918945,-16.27501106262207,-10.909589767456056,5.782367706298828,12.152616500854492,6.011879920959473,8.148544311523438,3.831125974655152,2.725813865661621,4.70196008682251,3.792255401611328,5.738667964935303,3.5929086208343506,6.023804664611816,2.881657361984253,4.679628372192383,2.7207868099212646,-0.2549580931663513,0.0615645349025726,0.0826954618096351,0.0418250896036624,0.0907872468233108,0.0470828711986541,0.0285073388367891,0.1371917128562927,0.0349706299602985,-0.0896998643875122,-0.0099154813215136,0.1004144921898841,0.0437517128884792,1.9585540294647217,1.0229750871658323,1.2099946737289429,0.5702941417694092,0.436080664396286,0.8649560213088989,0.5040227174758911,0.6781951189041138,0.5446375012397766,0.4390118718147278,0.4633816480636596,0.4954425096511841,0.4054338932037353,0.1585583537817001,0.0446306504309177,0.1914130598306656,0.0478167980909347,-0.0061617526225745,0.1108352616429328,0.0542864613234996,0.0067395535297691,0.0050688525661826,0.002823140239343,0.0791436806321144,0.0637263283133506,-0.0336441695690155,1.135395646095276,0.5584843158721924,0.747693657875061,0.4185697436332702,0.3438814282417297,0.6119726896286011,0.3947612643241882,0.3960919678211212,0.3578800559043884,0.3172062635421753,0.4188375473022461,0.4884945452213287,0.3275582194328308,0.0057070941683255,0.0036959017820296,0.0409902502229301,0.0244544865963046,27.72576816218539,1,Rekurrensparese,1820,a_n
-284.1105041503906,200.0239105224609,14.358925819396973,-1.995752453804016,-41.06809997558594,-37.605010986328125,-20.42279624938965,-2.8409416675567627,16.071224212646484,16.655664443969727,-11.303064346313477,-9.547697067260742,4.6896653175354,46.72266006469727,12.862841606140137,28.79903221130371,8.969005584716797,6.907253742218018,7.3792405128479,8.284978866577148,5.314058780670166,3.5451622009277344,5.942165374755859,6.821203231811523,4.712948799133301,5.396673679351807,-2.4716014862060547,0.0126145360991358,1.022096037864685,0.3268262147903442,0.178266704082489,0.1045786961913108,-0.0432330146431922,0.0382797084748744,0.0320642702281475,0.1021187230944633,0.2354317307472229,0.1043211445212364,0.022224947810173,2.882082223892212,2.6223254203796387,2.6506149768829346,1.54408061504364,1.1495369672775269,0.9888193011283876,1.2909289598464966,0.9388518929481506,0.7303759455680847,1.1567734479904177,0.998280704021454,0.7270858287811279,0.915624737739563,0.4896335303783417,-0.4536560773849487,-0.1858527958393097,-0.0231345128268003,0.1992838084697723,0.0942225232720375,-0.0961552336812019,0.089903824031353,0.0487525276839733,-0.1774800419807434,0.2161677032709121,0.04062120616436,-0.152008980512619,1.3546370267868042,1.937220454216004,1.142293095588684,0.6505433320999146,0.6302830576896667,0.4393255710601806,0.5244694352149963,0.3847627341747284,0.4517830312252044,0.6688696146011353,0.638085663318634,0.275495171546936,0.5648733377456665,0.0113773340306169,0.0050911819204674,0.0422882262498718,0.0219029903974558,19.338396539035923,1,Rekurrensparese,1825,a_n
-270.5712890625,177.3441925048828,6.374690055847168,4.688232421875,-17.18979263305664,4.999939918518066,0.1307862997055053,23.713773727416992,30.433067321777344,4.69834566116333,6.427601337432861,-5.617883205413818,-8.967405319213867,13.98103141784668,5.7462263107299805,8.019084930419922,4.857862949371338,4.245209217071533,5.132318019866943,3.842353343963623,3.414291381835937,3.90587306022644,3.4539356231689453,4.344069004058838,4.856260776519775,5.834309101104736,-0.6910383105278015,0.1910878270864486,-0.0007457130705006,-0.1088349074125289,-0.0117353973910212,-0.0569584518671035,0.004134508781135,0.1086684241890907,0.1350482106208801,0.0001571794127812,0.0492375753819942,-0.0215574223548173,0.010682575404644,1.4935961961746216,1.095362424850464,0.855322539806366,0.7062530517578125,0.7353858351707458,0.7736842036247253,0.4855934679508209,0.5026193261146545,0.6558232307434082,0.5752387642860413,0.5268199443817139,0.6666648983955383,0.5813319087028503,0.2086641639471054,-0.0497236214578151,0.0494609400629997,0.0671198070049285,0.1054295971989631,-0.0578414537012577,0.0372059307992458,0.0121313817799091,-0.0131391901522874,0.0407693795859813,-0.0004217428213451,0.0126388622447848,0.0156335067003965,1.0343952178955078,0.5967809557914734,0.5854525566101074,0.4661502838134765,0.4482164680957794,0.4468650221824646,0.3786713182926178,0.3903741836547851,0.4715765714645386,0.4441210627555847,0.5041883587837219,0.4071448147296905,0.3650473952293396,0.0097385227290568,0.0057482664593422,0.0523839144462284,0.0243471940537491,16.572857256086138,1,Rekurrensparese,1826,a_n
-232.620361328125,179.56854248046875,-34.93488693237305,-5.835379123687744,-38.87571334838867,16.774316787719727,-13.446904182434082,6.985816955566406,15.561288833618164,-17.131553649902344,-8.779168128967285,11.168851852416992,-11.093464851379396,15.200136184692385,13.514450073242188,10.114642143249512,5.811790943145752,6.52996301651001,4.80096435546875,5.24468994140625,3.321923017501831,2.932840347290039,3.764949560165405,3.107372522354126,3.392796277999878,2.9410817623138428,-0.0140148121863603,-0.232437402009964,-0.1092041209340095,-0.0142516903579235,-0.0371255613863468,0.073923148214817,-0.1149253621697425,-0.0086857602000236,-0.0013563358224928,-0.0850164145231247,-0.0898039415478706,-0.035703606903553,-0.0168579500168561,1.824023485183716,1.5278359651565552,1.542017102241516,0.7503834962844849,0.7470099329948425,0.5818225741386414,0.6599737405776978,0.4942810535430908,0.5038581490516663,0.5764386057853699,0.5329345464706421,0.4930674731731415,0.449852705001831,0.2635930776596069,-0.0357504487037658,0.2279143035411834,0.0379658825695514,0.1034387722611427,-0.0546088963747024,0.0819663926959037,0.016387278214097,-0.0401834212243557,0.0385158322751522,0.0358667261898517,-0.0143058113753795,0.0330960787832737,1.2857985496520996,0.7873178124427795,0.9688323736190796,0.4656174480915069,0.57351154088974,0.3715290427207947,0.5053060054779053,0.3532361984252929,0.2970027327537536,0.4143193364143371,0.3224400281906128,0.3485619127750397,0.3454326391220093,0.0048743391627916,0.0029088253197785,0.0351134192759813,0.0205080801098671,20.583886510703703,1,Rekurrensparese,1829,a_n
-222.216049194336,197.52996826171875,2.406064748764038,41.76814270019531,-44.25250625610352,-28.84329414367676,-15.357924461364746,4.772125720977783,28.22126007080078,14.34783935546875,-6.694122314453125,-3.8052382469177246,8.91812515258789,29.09512710571289,10.073826789855955,8.023200988769531,6.11674690246582,9.5072603225708,3.7578799724578857,6.977078437805176,5.892735958099365,5.881259441375732,6.813974857330322,5.416416645050049,5.395624160766602,3.706257104873657,-0.7900596261024475,0.0825498402118682,0.1872501373291015,0.0973652601242065,-0.1786360144615173,0.0106756631284952,0.0875089094042778,0.0051201363094151,0.0599013082683086,0.0105166649445891,0.0602969191968441,0.0271647218614816,-0.0053631961345672,1.6415655612945557,1.187958836555481,0.7550978064537048,1.150815725326538,0.7458922266960144,0.6758756637573242,0.6300376057624817,0.7725728750228882,0.6698896288871765,0.8607059717178345,0.7863906025886536,0.643354058265686,0.5831508040428162,0.1811083853244781,-0.069484181702137,0.0679850354790687,-0.1440769284963607,0.079709880053997,0.0197782795876264,0.048678670078516,0.0368959531188011,-0.033368494361639,-0.0186310652643442,0.0331537462770938,-0.0151431104168295,-0.0032640127465128,0.8944826126098633,0.6291024684906006,0.5674527883529663,0.6977754831314087,0.4716352522373199,0.4336115419864654,0.4465339183807373,0.5148215889930725,0.3922754824161529,0.4640209972858429,0.4705480933189392,0.4000561535358429,0.3947915732860565,0.0054552566319173,0.0031759678916748,0.0757462399097107,0.0438103163319888,17.247461815544714,1,Rekurrensparese,1830,a_n
-250.019775390625,193.3510131835937,-44.245853424072266,15.835808753967283,-28.62206268310547,-37.67002487182617,-26.607223510742188,-3.19089674949646,27.956518173217773,-18.0339469909668,-21.21797561645508,10.800766944885254,-2.7998745441436768,26.96211814880371,10.25973892211914,9.853194236755373,5.709473609924316,7.962865352630615,7.726836681365967,4.931389331817627,2.9260029792785645,4.437815189361572,3.050795078277588,3.711107015609741,3.591916084289551,3.407910108566284,-0.5004311203956604,-0.0126739032566547,-0.0185409504920244,0.0642961785197258,0.0485056973993778,0.0663232579827308,0.0130377570167183,-0.0207035206258296,0.0510789193212986,-0.0277340169996023,-0.0901870429515838,-0.0184172075241804,-0.0384192205965518,2.5092127323150635,1.5143647193908691,1.5178627967834473,0.7555556893348694,0.6861850023269653,0.7290046215057373,0.5883026719093323,0.5902597904205322,0.7020049691200256,0.5410473346710205,0.605714738368988,0.5357153415679932,0.5089501738548279,0.4495040476322174,-0.1702195554971695,0.2001640647649765,-0.0515345893800258,0.0502299070358276,0.049963355064392,0.0425764210522174,-0.002969863358885,-0.127806156873703,0.0377801991999149,0.0753043293952941,-0.0373602919280529,-0.0211031753569841,1.95266592502594,1.07521390914917,0.8493216633796692,0.5645394325256348,0.4814919233322143,0.3930504918098449,0.3806100785732269,0.377260148525238,0.5920240879058838,0.3589670658111572,0.4432224035263061,0.3540919125080108,0.3542072176933288,0.0035371186628548,0.0019402263114153,0.0202318166315065,0.0114389076252201,24.80970746688692,1,Rekurrensparese,1831,a_n
-212.8152618408203,225.22540283203125,-26.926664352416992,19.790470123291016,-31.12566566467285,-11.848543167114258,-10.47258472442627,-5.741735458374023,-4.155499458312988,-16.476829528808594,9.28037166595459,-9.493952751159668,-14.459874153137209,22.00034523010254,13.132403373718262,8.566933631896973,5.2848334312438965,4.6537675857543945,6.749940872192383,6.110403060913086,5.673339366912842,2.002859115600586,5.06353235244751,4.0297160148620605,3.5546529293060303,4.215370178222656,-1.0441638231277466,0.1484928727149963,0.1020308062434196,0.1553315818309784,-0.0796611830592155,0.2017589956521988,0.298342615365982,-0.0745642334222793,-0.0218810439109802,-0.1197290122509002,-0.1683259159326553,-0.0741277411580085,-0.121031604707241,2.594367742538452,2.3734471797943115,1.204091191291809,0.8149378895759583,0.7737740278244019,0.8446542620658875,0.6691991090774536,0.5641276240348816,0.3596429526805877,0.7281784415245056,0.4597566127777099,0.7271052598953247,0.6695441007614136,0.5115725994110107,-0.5848919153213501,0.2942204475402832,-0.1134077757596969,0.0508173443377018,0.0050351717509329,-0.0108165480196475,-0.013815245591104,0.0616738721728324,0.1038295403122901,-0.0348234176635742,0.1009760648012161,0.1217053309082984,1.4894516468048096,1.7190425395965576,0.8475853204727173,0.4473470449447632,0.4463115632534027,0.370634526014328,0.4349192380905151,0.3034842908382416,0.2902790009975433,0.4129888415336609,0.3578888773918152,0.4476164579391479,0.5354275107383728,0.0040955427572001,0.0013467920522561,0.0160351656525074,0.0057752639543671,24.32599564596866,1,Rekurrensparese,1832,a_n
-235.2699737548828,160.296875,11.889301300048828,2.571253538131714,-36.1736946105957,20.13852310180664,-10.180872917175291,22.80828094482422,30.235843658447266,1.696567177772522,3.122852802276612,-3.0617430210113525,-8.072674751281738,12.479671478271484,6.814693927764893,5.464256286621094,6.237379550933838,8.58486557006836,4.438433647155762,5.300152778625488,6.616598129272461,6.465476036071777,4.400998592376709,4.655181884765625,4.829717636108398,4.161521911621094,-0.7268940210342407,0.0907554998993873,-0.1418735533952713,-0.4305388927459717,-0.4356368780136108,0.1309762597084045,-0.1075241416692733,0.2822882533073425,0.3435683846473694,0.1025432348251342,0.186942920088768,-0.2096238732337951,-0.1839091181755066,2.29122257232666,1.40598464012146,0.9977856874465942,0.9764851331710817,1.1575056314468384,0.7733009457588196,0.6577666401863098,1.1292364597320557,1.2771925926208496,0.9714627861976624,0.9366563558578492,0.533841073513031,0.6219934821128845,0.5297839641571045,-0.0625663921236991,0.2229340970516204,0.1159240528941154,0.2852100431919098,-0.1514094620943069,0.1592022627592086,0.0351280719041824,-0.0676947608590126,0.0306326858699321,0.0544021427631378,-0.0013796623097732,-0.0062211751937866,1.5114902257919312,0.9040128588676452,0.7866974472999573,0.5508326888084412,0.8622651100158691,0.5337671041488647,0.4157164990901947,0.7493458986282349,0.89554363489151,0.6480275988578796,0.6663569211959839,0.5106810927391052,0.4842520654201507,0.0096851214864578,0.0054014335134354,0.0604726801390506,0.0283930330941126,18.170175437571448,1,Rekurrensparese,1835,a_n
-159.25448608398438,145.0807647705078,-33.31977081298828,21.23857879638672,-52.49226760864258,13.264339447021484,-7.710887908935547,12.255654335021973,-8.369949340820312,0.5073428750038147,-12.636981964111328,-19.779136657714844,-0.6204403638839722,28.593061447143555,9.134352684020996,9.057230949401855,8.54666519165039,6.950199127197266,9.464054107666016,4.863922595977783,5.006187915802002,5.417478561401367,4.886975765228272,7.185238361358643,5.53505277633667,4.4634881019592285,-0.8674904108047485,0.0348814763128757,-0.1821097135543823,-0.365992933511734,0.1607581824064254,-0.1487178802490234,0.3964353501796722,-0.2528699338436126,-0.3095231652259826,-0.2605309784412384,-0.4158275425434112,0.3573134839534759,0.1123955473303794,4.33543062210083,1.7814457416534424,1.375327706336975,1.237556219100952,1.1540223360061646,1.1834709644317627,0.768846869468689,0.8358893990516663,0.5816301703453064,0.8122091293334961,0.8031954765319824,0.979419767856598,0.8601373434066772,-0.2688550353050232,0.0014098321553319,0.193589448928833,0.0532616525888443,0.0231326986104249,-0.0141091858968138,0.0661839619278907,-0.0664378702640533,0.0867100432515144,0.0011754573788493,0.0555124282836914,-0.0135478526353836,0.0062330528162419,1.0593278408050537,0.8573160767555237,0.8790076375007629,0.5114755630493164,0.4388373792171478,0.6836422085762024,0.5703135132789612,0.3352096974849701,0.4703132510185241,0.4135905802249908,0.6181784272193909,0.454903244972229,0.5070751905441284,0.0136875453863782,0.0076791011461976,0.1432102800821173,0.0707276621045331,6.393846923456513,1,Rekurrensparese,1836,a_n
-230.38555908203125,174.298583984375,-46.96337890625,18.66292953491211,-32.09772109985352,-7.360404014587402,1.5456833839416504,6.718589782714844,-6.958889484405518,-0.5340600609779358,-6.592238903045654,-18.004995346069336,4.659403324127197,23.882402420043945,6.692887306213379,7.865972995758057,4.610302448272705,6.36040735244751,6.19195032119751,6.1002583503723145,4.642525672912598,5.540044784545898,3.98430609703064,4.90377950668335,3.808425903320313,3.4066200256347656,-0.8526820540428162,-0.002214556094259,-0.1412408500909805,-0.0057195019908249,-0.0559970140457153,0.1048818454146385,0.115809790790081,-0.0634151101112365,-0.007844896055758,-0.0208186898380517,-0.0610791444778442,-0.0747260674834251,0.0043696518987417,2.226200580596924,1.0686675310134888,1.4562547206878662,0.7235162258148193,1.151647686958313,0.8549962043762207,0.6843193769454956,0.5951186418533325,0.6639313697814941,0.6124187111854553,0.7114751935005188,0.585204005241394,0.5273347496986389,0.2681312561035156,-0.0811987742781639,0.2598499059677124,-0.0249899290502071,0.1105640456080436,-0.0003922825271729,0.0622680820524692,-0.0077921925112605,0.0416452027857303,-0.007281806319952,-0.0377027988433837,0.062466062605381,-0.021978186443448,1.1992335319519043,0.8296673893928528,1.0961049795150757,0.5269877314567566,0.7500436305999756,0.6979244351387024,0.568341076374054,0.5219748616218567,0.4987216889858246,0.4951079189777374,0.4791536033153534,0.5399201512336731,0.4459322690963745,0.0062501773882004,0.0036265081116718,0.0294694894207309,0.0165079910677605,17.244065334970863,1,Rekurrensparese,1863,a_n
-282.7135314941406,207.118408203125,8.941896438598633,-5.938394069671631,-43.968379974365234,-22.099096298217773,-7.406726360321045,23.536102294921875,4.225499629974365,-6.916843414306641,9.35389518737793,-3.2312357425689697,-3.587754011154175,48.70641708374024,23.35215187072754,10.77765655517578,6.347033500671387,7.236072063446045,7.43977165222168,5.689060211181641,4.990267753601074,6.251038074493408,5.2023468017578125,4.123418807983398,3.248769998550415,3.640448808670044,-0.8402447700500488,-0.2505531013011932,0.1913487911224365,0.0769708603620529,0.065520703792572,-0.1519602984189987,-0.1531474292278289,0.0979730114340782,0.0657511427998542,-0.1261647939682006,0.1078371405601501,0.0299580600112676,0.0303835645318031,5.870137691497803,3.5230507850646973,2.071788787841797,1.1954766511917114,1.0725750923156738,1.3259369134902954,1.125985026359558,0.991665542125702,0.995418131351471,0.920476734638214,0.8111512064933777,0.583083987236023,0.5362911224365234,-0.0300011690706014,-0.1422827690839767,0.1478481441736221,0.0138902282342314,0.09800486266613,0.0414743274450302,0.0270689707249403,-0.0277554262429475,0.0942083820700645,0.0441044494509696,-0.023720946162939,0.052852813154459,0.0498753525316715,2.0790562629699707,1.947831988334656,1.455666184425354,0.747382640838623,1.0120199918746948,0.7748260498046875,0.7097305059432983,0.5178490281105042,0.6877421736717224,0.5650300979614258,0.4897318184375763,0.4252757728099823,0.4318414330482483,0.0130998441652084,0.0061315494950196,0.0659632801924702,0.0283162480387817,15.817467503288368,1,Rekurrensparese,1867,a_n
-279.8382568359375,215.0554351806641,18.48025321960449,-12.765215873718262,-33.552146911621094,-16.37968635559082,-22.003053665161133,-9.53146743774414,19.416173934936523,-0.5395810604095459,-26.02576065063477,-0.5546922087669373,10.50885772705078,36.13484954833984,19.39331817626953,20.44490432739257,12.65126132965088,7.0088396072387695,5.283596992492676,4.830206394195557,4.260347366333008,3.564397096633911,4.291396617889404,3.7155745029449454,3.084267854690552,2.9888031482696533,-1.042857050895691,-0.0057153766974806,0.5003407001495361,0.0545207858085632,-0.1154229268431663,-0.0813479721546173,-0.0179212968796491,-0.0951272696256637,0.0090587949380278,-0.0156240565702319,-0.0665705651044845,-0.0716282650828361,-0.0200559198856353,4.197908401489258,2.134389162063598,2.1238954067230225,1.0429197549819946,0.7603914737701416,0.6071310043334961,0.7899322509765625,0.61875319480896,0.5872982740402222,0.6982197761535645,0.5268149375915527,0.5494856834411621,0.5042076110839844,0.2205767184495926,-0.0165026132017374,0.1809881329536438,0.0409510433673858,-0.003797453129664,-0.0286058355122804,0.0593287646770477,0.0578252710402011,-0.027014585211873,0.0010197680676355,0.0619711652398109,-0.029949240386486,-0.065189354121685,1.4387578964233398,1.0861557722091677,1.2658087015151978,0.4728637039661407,0.4606638848781585,0.4461990594863891,0.4872974157333374,0.4627294242382049,0.2986347377300262,0.3451974391937256,0.4410398304462433,0.3238013684749603,0.3657229542732239,0.0049270226294606,0.0025007557701563,0.0378039076183213,0.0171182886063452,22.216196176145004,1,Rekurrensparese,1892,a_n
-280.258056640625,201.0470428466797,6.691064357757568,2.6378843784332275,-30.86565399169922,-6.78693962097168,-2.473438501358032,9.485126495361328,-5.024834632873535,4.032968997955322,-4.112677097320557,-15.382525444030762,-0.2917525470256805,16.298229217529297,7.333694458007812,8.079602241516113,6.79448938369751,6.052997589111328,7.490478992462158,5.234981536865234,3.6291000843048096,5.017383575439453,5.27396297454834,3.339392900466919,4.3943772315979,6.281125545501709,0.2528784871101379,-0.1744280457496643,-0.1567371189594268,0.0595148690044879,0.0025247414596378,-0.0558899417519569,0.0195737238973379,-0.0672802105545997,-0.0304519440978765,0.0083917770534753,0.0213709976524114,-0.0326853320002555,-0.0490328446030616,2.7192270755767822,1.1216580867767334,1.0579533576965332,0.91499662399292,0.9006022214889526,0.6667582392692566,0.5853174924850464,0.6949580907821655,0.6232751607894897,0.6396890878677368,0.6141018867492676,0.635662853717804,0.5350249409675598,0.4327610731124878,-0.1251333206892013,0.09358811378479,0.0626867040991783,0.1588960140943527,-0.0124966306611895,-0.0516062341630458,-0.0240371767431497,0.1003008708357811,-0.0092607177793979,-0.0564306564629077,0.04506566375494,-0.034927986562252,1.803915739059448,0.8523770570755005,0.5317420363426208,0.5700428485870361,0.7799933552742004,0.4564858675003052,0.5068713426589966,0.4073904156684875,0.5665006637573242,0.3900832831859588,0.4444021880626678,0.3668801188468933,0.3614106476306915,0.0032221002276696,0.0018703010549542,0.0196034492255332,0.0101900519225141,23.84794116435472,1,Rekurrensparese,1901,a_n
-273.5618591308594,182.691650390625,23.259746551513672,13.429316520690918,-41.806190490722656,-5.828792572021484,1.2143454551696775,11.842230796813965,26.947731018066406,0.1863973587751388,-8.23105239868164,-8.802948951721191,-1.600664138793945,41.4624137878418,9.704374313354492,14.623796463012695,6.694030284881592,7.434345722198486,5.309111595153809,6.515996932983398,3.390451669692993,5.70137882232666,4.406900882720947,3.820842742919922,5.607083797454834,5.00726842880249,-0.9836329221725464,0.206428125500679,0.2979085743427276,0.0392098911106586,0.0745209008455276,-0.0803556740283966,-0.0314657799899578,-0.0477898679673671,0.0916470438241958,0.0272758640348911,-0.0073931398801505,0.0670433789491653,-0.0702089816331863,5.5557780265808105,1.772865653038025,1.5439742803573608,1.322346329689026,1.1477173566818235,0.7789528965950012,0.8403791189193726,0.5827512741088867,0.6347354054450989,0.5585059523582458,0.5877928733825684,0.5898231863975525,0.6094607710838318,0.5111187696456909,-0.1437422186136245,-0.0009983408963307,-0.0779705345630645,0.1761181056499481,-0.0321165956556797,0.0115386750549077,-0.0172669757157564,-0.0358585193753242,0.01028897985816,-0.0044869123958051,0.0200347322970628,-0.0325684770941734,2.317635059356689,0.911769688129425,0.8288478255271912,0.7970300316810608,0.9780937433242798,0.5804857015609741,0.4730512797832489,0.4872218072414398,0.3664069175720215,0.3733832538127899,0.4311018288135528,0.4562103152275085,0.4321345686912536,0.0041692752854963,0.0022546762832175,0.041839019170825,0.0191053631578834,22.289184533719016,1,Rekurrensparese,1939,a_n
-309.29638671875,196.14816284179688,7.336040019989014,-20.791549682617188,-47.772987365722656,-31.99134063720703,1.719573974609375,-3.153772592544556,-15.99073886871338,20.749736785888672,-6.644589900970459,-20.781566619873047,-0.9074100852012634,30.93647575378418,6.13795280456543,12.533125877380373,7.091088771820068,6.438159942626953,7.642905235290527,4.40438175201416,4.434690475463867,7.012363433837891,9.48203468322754,4.609340667724609,4.101792812347412,3.3636860847473145,-1.313508152961731,-0.1521611660718917,0.3253959417343139,-0.0078206155449152,0.0954496711492538,0.0165624488145113,-0.0736324936151504,-0.0200982484966516,-0.0338957831263542,-0.1894165873527526,0.0167424958199262,-0.1212497949600219,-0.0400545671582222,2.683232307434082,1.029929757118225,1.0742472410202026,0.7715014219284058,1.0567296743392944,0.9937135577201844,0.6911046504974365,0.6956302523612976,1.0987333059310913,0.7141714096069336,0.5936536192893982,0.7055987119674683,0.4643104970455169,0.4163405299186706,0.1118069216609001,0.008110711351037,-0.0081085162237286,0.0939501821994781,0.1405549794435501,-0.0054966057650744,-0.0177942961454391,0.0944931879639625,-0.0658904165029525,0.0167050287127494,0.0762246623635292,0.0504045002162456,1.519073486328125,0.7186276912689209,0.5801766514778137,0.4456291794776916,0.5026519298553467,0.56523197889328,0.4174684882164001,0.3060038983821869,0.3945419490337372,0.5485434532165527,0.3966236710548401,0.4677658677101135,0.312392920255661,0.0020181317929355,0.0007906130290191,0.0185007028613791,0.0089938944835269,25.979854913648687,1,Rekurrensparese,1955,a_n
-197.8061065673828,184.25100708007807,-17.87677001953125,25.528823852539062,-53.1535758972168,-12.440484046936035,3.386286735534668,12.866260528564451,8.144198417663574,2.311018466949463,0.7992398738861084,-12.647079467773438,-10.75552749633789,34.322208404541016,8.083714485168457,11.816695213317873,7.483233451843262,7.064632892608643,3.977097749710083,6.668123722076416,3.2682974338531494,5.179372787475586,3.2865562438964844,3.91674280166626,5.264019012451172,5.428457736968994,-0.9714613556861876,0.0151422778144478,0.0830954164266586,0.3271103203296661,-0.0710457265377044,-0.077473372220993,0.1155003160238266,-0.0063083339482545,-0.1135140508413314,0.0841690897941589,0.0907330960035324,-0.0554238557815551,-0.0343865901231765,2.029748678207397,1.4864997863769531,1.2992730140686035,1.0338146686553955,0.9148732423782348,0.7733414173126221,0.6120997667312622,0.5094600319862366,0.7500824928283691,0.4646166563034057,0.6265288591384888,0.6381601691246033,0.6500825881958008,0.2362759858369827,-0.1441802233457565,0.188005268573761,-0.072557546198368,0.1174926161766052,-0.0044727157801389,0.0063491160981357,-0.0088961385190486,-0.0066538346000015,0.0022427861113101,0.0048896721564233,0.0337486118078231,-0.0074863526970148,1.345561146736145,0.9310553669929504,0.8053818941116333,0.567992091178894,0.5339123606681824,0.4483043551445007,0.3489589393138885,0.4304795861244201,0.4365638196468353,0.3195270895957947,0.3620961308479309,0.4098004698753357,0.3125760853290558,0.007183722880603,0.0038741005620594,0.0473141152424351,0.0245552643062821,16.38438354196552,1,Rekurrensparese,1970,a_n
-283.6866149902344,221.15380859375,15.997100830078123,10.867748260498049,-52.82473373413086,-25.35690689086914,-1.9486336708068848,-3.3482229709625244,22.6704044342041,-4.214368343353272,-23.087522506713867,-0.792690098285675,-1.312534213066101,38.05362701416016,16.60356903076172,19.153839111328125,4.655223369598389,15.09681797027588,6.48289966583252,4.445573806762695,5.264047145843506,3.747692346572876,3.900333881378174,5.311868667602539,6.337036609649658,3.835172653198242,-0.3279145956039428,0.1788921803236007,0.1300526410341262,-0.0570468641817569,0.1580923944711685,-0.0273531209677457,0.0049422709271311,-0.0097201345488429,-0.0626703947782516,0.0114447716623544,-0.0724836215376854,0.0313647761940956,-0.0205900538712739,2.961725234985352,2.254281520843506,1.417523741722107,0.7508732080459595,1.2489523887634275,0.8402628302574158,0.5591341257095337,0.8115056157112122,0.4479294121265411,0.6268269419670105,0.593899667263031,0.6455525159835815,0.5319937467575073,0.2643480002880096,-0.109216459095478,0.097532607614994,-0.1014047041535377,0.1421290785074234,0.0294985901564359,-0.01856573484838,0.0377281345427036,-0.0465970747172832,0.0254173148423433,0.0815208703279495,0.0015965540660545,-0.0215791445225477,1.376207709312439,1.167798638343811,0.7382563352584839,0.5845595598220825,0.7379734516143799,0.5782153606414795,0.4088478982448578,0.4918049573898315,0.34190434217453,0.3732517063617706,0.4867360591888428,0.3764756023883819,0.3447925746440887,0.0053667259052118,0.0027639368814522,0.0435275715427282,0.019667307919975,18.140363699295328,1,Rekurrensparese,2002,a_n
-263.78228759765625,192.20443725585932,31.22393226623535,46.15291595458984,-13.455535888671877,-56.86772918701172,-35.76384735107422,22.512985229492188,8.876113891601562,-15.962072372436523,-3.7852375507354736,3.539456367492676,8.076406478881836,24.749814987182617,5.020846366882324,5.21613359451294,7.869711875915527,10.090632438659668,8.375394821166992,4.769567012786865,8.076249122619629,5.496532440185547,5.160828590393066,4.367270469665527,2.784688234329224,5.734610557556152,-1.1241337060928345,0.1517019718885421,0.0630325227975845,0.1743318140506744,0.3710924088954925,-0.0270762052386999,-0.1709756404161453,0.3816843330860138,0.2296714782714843,-0.1697017550468444,-0.0589206665754318,-0.0484156757593154,-0.1270249336957931,3.754523992538452,0.8252199292182922,0.7300869226455688,1.5793142318725586,0.6135006546974182,1.5162222385406494,0.7205396294593811,0.9627857208251952,0.4937748312950134,0.6589818596839905,0.7197710871696472,0.5287017226219177,0.6527725458145142,1.0753889083862305,-0.1388505399227142,-0.1376906782388687,-0.3233217895030975,0.1037537306547164,0.3646632730960846,0.0847278386354446,-0.2186352312564849,-0.0134464772418141,0.0993548557162284,-0.0489100441336631,-0.0612700097262859,-0.095260165631771,2.891995906829834,0.549566388130188,0.4804007709026336,0.9406762719154358,0.6195657253265381,0.9731526970863342,0.4080803990364074,0.6096067428588867,0.3197975158691406,0.3067613542079925,0.4354351460933685,0.4124897420406341,0.4549377262592315,0.0015310948172489,0.0005492839302727,0.0100083648145048,0.0046090216073263,28.13063842636476,1,Rekurrensparese,2007,a_n
-307.3096618652344,254.146224975586,35.59577560424805,18.049007415771484,-21.0226993560791,-18.65218544006348,-27.236310958862305,-5.668521881103516,5.822940349578857,-10.740894317626951,5.253469944000244,-7.555801391601562,-27.493343353271484,12.246417045593262,8.35914421081543,9.272135734558104,3.865078926086426,5.352284908294678,5.703297138214111,3.37265419960022,4.550268173217773,4.053942680358887,3.174107551574707,3.504514694213867,4.321219444274902,7.190435886383057,0.4373377561569214,-0.1308315396308899,-0.1509361863136291,-0.0696567744016647,-0.0631796047091484,0.0980133637785911,0.0513458549976348,-0.003055389272049,-0.0181601531803607,0.0147274453192949,-0.0125409662723541,-0.1743237376213073,-0.1018797978758812,1.857952356338501,1.4081887006759644,1.165485143661499,0.5996576547622681,0.8030072450637817,0.7226542830467224,0.5778062343597412,0.7333215475082397,0.7142937779426575,0.5519730448722839,0.5625843405723572,0.5220686793327332,0.6471266150474548,0.3508327007293701,-0.279259979724884,0.038012471050024,0.0099982330575585,0.0395005121827125,-0.022340940311551,0.0268427729606628,0.0280484072864055,-0.0094610676169395,0.0390591770410537,-0.0210036393254995,0.0102440174669027,0.0498230047523975,1.4983289241790771,0.9730004072189332,0.664936363697052,0.3334302902221679,0.5241131782531738,0.4678750336170196,0.4171969592571258,0.4147752225399017,0.3553957641124725,0.4127557277679443,0.3402898609638214,0.3077498972415924,0.3527558147907257,0.0029489880229721,0.0014308221754665,0.0183880760961559,0.0097841110033524,26.64646235840571,1,Rekurrensparese,2009,a_n
-202.62667846679688,221.2772979736328,5.045806884765625,23.189563751220703,-49.12702941894531,-6.83722734451294,-14.265652656555176,10.2001953125,7.773339748382568,6.325602054595947,-10.191285133361816,-12.467166900634766,11.311338424682615,12.154000282287598,10.375733375549316,5.420469760894775,4.408199787139893,5.797816276550293,3.2183620929718018,4.095827102661133,3.905287981033325,3.881271362304688,3.2305333614349365,4.53552770614624,3.448449850082397,4.294034481048584,-0.0828137472271919,0.4112847745418548,0.0450904071331024,0.1261438727378845,-0.2437275648117065,0.0398573167622089,-0.0429728552699089,-0.1355838179588318,0.0080876983702182,0.0543756335973739,-0.0349773056805133,-0.0753763690590858,0.1554480344057083,2.0260188579559326,1.6249173879623413,0.9877195954322816,0.6726805567741394,1.195847988128662,0.436493843793869,0.6871867775917053,0.5679179430007935,0.7178911566734314,0.6127409338951111,0.7282146215438843,0.5488622188568115,0.675768256187439,0.2964825332164764,-0.1135439276695251,0.1112044528126716,0.0005946962046436,0.1395923793315887,-0.0253772567957639,0.0683085173368454,-0.0122075276449322,0.027884991839528,0.0383909307420253,0.0504215098917484,0.0294017381966114,-0.0283842198550701,1.8692628145217896,0.5761094689369202,0.5611881017684937,0.4673075377941131,0.6435636281967163,0.3270178437232971,0.6177467703819275,0.4692720174789428,0.4493981301784515,0.4985626637935638,0.4253065288066864,0.3781045973300934,0.4004357755184173,0.0082961478143142,0.0048808471810209,0.0398212499077915,0.0212396009648057,16.92917728861433,1,Rekurrensparese,2014,a_n
-290.3088684082031,212.5117950439453,18.12508010864257,11.048906326293944,-42.55546951293945,-8.237881660461426,-22.68242645263672,20.38911819458008,26.155935287475582,-25.20381736755371,-7.802931308746338,19.493059158325195,1.82207465171814,25.4434757232666,14.530359268188477,11.196402549743652,8.987282752990723,9.056406021118164,4.946869373321533,7.312045097351074,5.096433162689209,5.007841110229492,6.1502203941345215,4.243811130523682,4.838853359222412,5.589174747467041,-0.614264190196991,0.0351426787674427,0.0086257364600896,0.1474641412496566,0.1144775748252868,0.0625871792435646,0.0635023936629295,-0.0413724333047866,-0.013028547167778,-0.0439333543181419,-0.0190687607973814,0.2104124128818512,0.0866456404328346,3.82632040977478,2.275824785232544,1.425318479537964,1.665691614151001,1.0972050428390503,0.822074830532074,0.985337734222412,0.6304947137832642,0.8122404217720032,0.8798273801803589,0.7901540398597717,0.9391739964485168,0.6334946751594543,0.1453354507684707,-0.2615263164043426,-0.017241695895791,0.0107014970853924,0.1386786699295044,0.0653558149933815,0.0596618205308914,-0.0829579308629036,-0.0699514746665954,0.091897465288639,-0.0083253923803567,-0.0873674005270004,-0.0149540109559893,1.8358266353607176,1.6412532329559326,0.8229754567146301,0.9570334553718568,0.8585637807846069,0.6758266687393188,0.5761057138442993,0.6227691769599915,0.5435905456542969,0.6283194422721863,0.521377682685852,0.4760664701461792,0.4338624775409698,0.0390234089845673,0.0212991562408134,0.152964555443956,0.0707918994551798,8.353007427537788,1,Rekurrensparese,2024,a_n
-321.6307678222656,198.8072967529297,10.265299797058104,-27.199148178100582,-40.93733978271485,-5.277432441711426,-13.750834465026855,-1.6442722082138062,14.02129077911377,4.981882572174072,-9.768843650817873,-9.688104629516602,-11.87702751159668,29.131616592407227,7.488123416900635,5.999888896942139,6.001628398895264,8.43420696258545,4.176079273223877,5.715794086456299,4.739411354064941,3.804283857345581,6.353050708770752,5.157037734985352,4.105525970458984,5.356277942657471,-0.905715823173523,0.0327563509345054,0.1154841259121894,0.0039229984395205,0.0613789521157741,0.0114737628027796,-0.0886357575654983,-0.0677133351564407,-0.016761427745223,0.0600360073149204,0.0545461848378181,0.0112010594457387,0.0098128858953714,2.949054718017578,1.187394618988037,0.7996777892112732,0.9883573055267334,0.9171866178512572,0.553300678730011,0.9259757995605468,0.5485900044441223,0.563450038433075,0.6976800560951233,0.5997712016105652,0.6451907157897949,0.7974362373352051,0.4771868884563446,-0.1264393031597137,0.0585930943489074,0.0753942430019378,0.1036230474710464,-0.0544686652719974,0.0486286506056785,0.0399876162409782,-0.0307938884943723,0.0047725969925522,0.0397501736879348,0.0043301517143845,-0.0010900071356445,1.8944793939590447,0.6744195222854614,0.5315341353416443,0.604870617389679,0.6400730609893799,0.454852819442749,0.5947335958480835,0.4119893312454223,0.4895761609077453,0.5250563025474548,0.4792454838752746,0.3933301270008087,0.4158239960670471,0.0047416756015153,0.0028183460522737,0.0407613982662707,0.0198523440649451,21.531178948722044,1,Rekurrensparese,2033,a_n
-208.75819396972656,217.58045959472656,19.30917739868164,23.86477279663086,-56.558876037597656,7.324350357055664,-6.638566970825195,-12.435771942138672,4.81102466583252,11.669090270996094,7.898348331451416,-8.057170867919922,-7.848156929016113,16.893875122070312,11.721429824829102,4.39097261428833,4.218058109283447,6.417073249816895,4.535953998565674,4.907658576965332,5.693961143493652,4.667156219482422,4.159010887145996,4.554635047912598,3.801334619522095,3.4111571311950684,0.0412826538085937,0.1422356814146042,-0.0037584509700536,-0.0093569140881299,0.0100534437224268,-0.134366899728775,-0.0089993439614772,-0.0622046887874603,-0.0244095362722873,0.0533746629953384,0.056632462888956,0.0071381474845111,0.0182602275162935,2.1078524589538574,1.598288655281067,0.649465024471283,0.663383424282074,1.024435043334961,0.8726879358291626,0.7289324402809143,0.7260566353797913,0.7721835374832153,0.7080806493759155,0.7093429565429688,0.5870855450630188,0.5865763425827026,0.3361574411392212,-0.2707694172859192,0.0091761332005262,-0.070485346019268,0.229576826095581,-0.1230738386511802,0.0189866553992033,0.0504280142486095,-0.0142465252429246,-0.042763240635395,0.0275306534022092,0.040511280298233,0.0482703447341918,1.3894416093826294,1.0968070030212402,0.5566062927246094,0.5999974012374878,0.9406951069831848,0.606804370880127,0.5705732703208923,0.5497772693634033,0.490276038646698,0.4444262087345123,0.5222797989845276,0.4611536562442779,0.5134047865867615,0.0404382349237405,0.0233665099962091,0.2288544456624946,0.1088310164475945,3.782683243866569,1,Rekurrensparese,2058,a_n
-247.38287353515625,218.0147857666016,30.634973526000977,8.882808685302734,-26.124486923217773,-7.834574699401855,0.3232023417949676,5.893477439880371,3.94303560256958,8.75576114654541,4.427757263183594,-9.714996337890623,-1.5796266794204712,31.50937461853028,13.190479278564451,9.088690757751465,6.595700740814209,6.002986907958984,2.554356098175049,5.416772842407227,3.259032964706421,3.017873764038086,4.094406604766846,2.767836332321167,2.238462209701538,2.622654438018799,-0.8012149333953857,-0.3331826627254486,0.0967274457216262,0.1613772213459015,0.136335089802742,0.0120843918994069,0.1456776559352874,-0.0784149169921875,0.0772671177983284,-1.8397373423795216e-05,0.0237664189189672,0.0319369472563266,-0.0209127478301525,1.116341233253479,0.529848039150238,0.6885316371917725,0.4800993502140045,0.531750500202179,0.4137100577354431,0.3733168840408325,0.4375779032707214,0.3959773778915405,0.4300439357757568,0.388372004032135,0.4209862351417541,0.4150013923645019,0.0794319063425064,-0.011045110411942,-0.0821679532527923,-0.0095975119620561,0.0319396145641803,0.0319671370089054,-0.0004606017901096,-0.0123677356168627,0.0099604567512869,0.0199711211025714,-0.003879553405568,-0.0086395228281617,0.007635002490133,0.5055775046348572,0.331777423620224,0.4398741126060486,0.2859825193881988,0.3842875361442566,0.3255734741687774,0.2914220690727234,0.3513699173927307,0.2468633949756622,0.352870762348175,0.2461330145597458,0.2484722137451172,0.307566225528717,0.0085274656299915,0.0052624380099422,0.0604853019831686,0.0326749170441006,18.34836234235379,1,Rekurrensparese,2072,a_n
-264.16357421875,211.5010528564453,-16.28789520263672,-6.878049850463867,-21.65571403503418,-24.441770553588867,-16.54055404663086,18.57970428466797,21.650150299072266,-9.540364265441896,-13.863266944885254,-4.180121421813965,-2.114367961883545,28.414825439453125,9.135127067565918,13.329899787902832,4.101283550262451,4.984073162078857,5.484720706939697,4.1011810302734375,3.7515463829040527,3.556160926818848,4.077913284301758,3.3231875896453857,3.409879446029663,2.676992416381836,-0.7849476337432861,-0.0144989751279354,0.2104676365852356,0.0989004895091056,-0.0098746158182621,0.0826442390680313,0.0468259379267692,0.030806578695774,0.0682595819234848,-0.0559199266135692,-0.0678713470697403,-0.0116752767935395,0.0146165387704968,3.485117197036743,1.540457010269165,1.5775692462921145,0.4774552285671234,0.644134521484375,0.9558849334716796,0.6975916624069214,0.578026533126831,0.3844221234321594,0.5528543591499329,0.440363734960556,0.5270896553993225,0.4823532402515411,0.6975419521331787,-0.3200514912605285,0.1682939380407333,0.0058356514200568,0.0509933233261108,0.0840188562870025,0.0731458589434623,-0.0434521026909351,-0.0744571685791015,0.0188970454037189,0.0493600890040397,0.0286801233887672,0.0049352110363543,2.510170221328736,1.3753926753997805,0.739699125289917,0.3099595308303833,0.4074554741382599,0.3822975158691406,0.3695582747459411,0.2968469262123108,0.4025172591209411,0.3301833271980285,0.3465181887149811,0.4211997389793396,0.3014183640480041,0.0023939763398945,0.0013302416966221,0.0163737872301418,0.0086914721937464,27.58358896739223,1,Rekurrensparese,2073,a_n
-274.6546325683594,236.00132751464844,27.65744972229004,-1.2064588069915771,-34.57094192504883,-4.81524658203125,-6.326328754425049,-5.557122230529785,16.480621337890625,-0.3053946793079376,-8.276280403137207,0.1896416842937469,-13.40281867980957,13.969539642333984,8.421066284179688,4.528445720672607,3.859752893447876,4.965956687927246,3.855897903442383,5.088592529296875,4.802512645721436,4.8598222732543945,4.52032995223999,4.425063133239746,3.921052932739258,4.996411323547363,-0.4495344460010528,0.232181429862976,-0.0183679368346929,-0.0223311092704534,-0.005117128137499,0.0523686558008194,-0.0098512824624776,-0.0388909876346588,0.0077864909544587,-0.038639310747385,0.0129052391275763,0.0495594255626201,-0.068121001124382,2.600515127182007,1.6918463706970217,0.7052340507507324,0.6094427108764648,0.6149291396141052,0.5347851514816284,0.6352969408035278,0.6407420635223389,0.7264521718025208,0.5592234134674072,0.6974004507064819,0.6848210692405701,0.640064537525177,0.3360971212387085,-0.1756164580583572,-0.025597671046853,0.001175025710836,0.0424168333411216,-0.0143241006880998,0.0642280057072639,0.0676502883434295,-0.0233131479471921,-0.0207592546939849,0.0676993727684021,0.0459623299539089,0.0113852676004171,1.788701415061951,1.151806354522705,0.5731369853019714,0.392627477645874,0.4996960759162903,0.3928348124027252,0.4943638443946838,0.5230677127838135,0.5068222284317017,0.4054978489875793,0.4860426783561706,0.5039523839950562,0.4544054269790649,0.0041501497060909,0.0023533289261717,0.0353837851124589,0.0202586930414263,20.742959419051985,1,Rekurrensparese,2078,a_n
-326.3313293457031,201.7114105224609,16.211612701416016,-22.99734878540039,-27.901914596557617,-17.705135345458984,-26.779455184936523,-1.2445473670959473,13.685826301574709,-8.350693702697754,-20.286121368408203,0.6613674759864807,12.69304370880127,34.701873779296875,11.46160888671875,21.645294189453125,10.86865234375,7.279486656188965,4.818030834197998,6.867187976837158,4.742889881134033,5.285014629364014,4.81486177444458,4.887693881988525,4.096002101898193,3.9104721546173096,-0.538627564907074,0.0411037877202034,0.1559382379055023,0.127197727560997,0.0378179587423801,0.0012400412233546,-0.0950943157076835,-0.0869622230529785,0.0720765441656112,-0.0199586749076843,-0.0002269000688102,0.0211016703397035,0.0667941123247146,3.287740468978882,1.404183030128479,1.848166823387146,0.9488622546195984,1.047097086906433,0.666703462600708,1.0719835758209229,0.5850918889045715,0.7079604268074036,0.5926975011825562,0.7819746732711792,0.598666787147522,0.6736897826194763,0.4064227044582367,-0.1847284287214279,0.0796541720628738,0.1150828972458839,0.0268870163708925,-0.0108370427042245,0.0504583418369293,-0.0156537145376205,-0.017754953354597,-0.0249790512025356,0.0796239450573921,-0.0044164713472127,-0.0471025593578815,1.982750415802002,1.2076388597488403,0.7598289251327515,0.7467619776725769,0.675583004951477,0.5217317938804626,0.4853896498680115,0.4414480030536651,0.3863987028598785,0.3839109539985657,0.499811053276062,0.4115241765975952,0.3550523221492767,0.0034301217446885,0.0019197627402515,0.0324187606482944,0.0166458181086161,27.97367744275009,1,Rekurrensparese,2083,a_n
-250.81300354003903,207.00233459472656,9.526458740234377,0.2023973762989044,-30.134197235107425,-18.72413825988769,-14.580010414123535,14.007079124450684,13.440515518188477,-10.83332347869873,-7.890063762664795,-4.711764812469482,0.1811133176088333,12.232534408569336,7.354822635650635,4.172640323638916,3.7987430095672607,5.003255367279053,5.472362518310547,5.566751003265381,3.538954973220825,3.2843236923217773,4.251288414001465,2.806584596633911,3.8885786533355713,2.0729687213897705,-0.0152524774894118,0.0219038836658,0.0064809494651854,-0.0299369469285011,-0.0848616361618042,-0.0790072605013847,-0.1139926239848136,0.0310936663299798,-0.0172720551490783,-0.0896619632840156,-0.0025412102695554,-0.0330640375614166,0.0009613971342332,1.78066885471344,1.2964192628860474,0.7125863432884216,0.5904335975646973,0.6175878643989563,0.5400857329368591,0.6457116007804871,0.5711587071418762,0.4616330862045288,0.5463571548461914,0.4802951216697693,0.4148351848125458,0.3130362629890442,0.2183298766613006,-0.0725346878170967,0.0756018161773681,-0.007160868961364,0.016854615882039,0.0410900227725505,0.0308044087141752,-0.0381191186606884,-0.0337004177272319,0.0180077645927667,0.0176791194826364,0.0072760568000376,0.0025341173168271,1.3357423543930054,0.7768222689628601,0.5853897929191589,0.4030660688877105,0.31527179479599,0.3963246643543243,0.3963052034378052,0.4419232904911041,0.3549288809299469,0.313778817653656,0.3279911279678345,0.3194500803947449,0.2625281512737274,0.0102562304866689,0.0059754221826646,0.0259211868171725,0.0141255023463488,19.826009408953723,1,Rekurrensparese,2086,a_n
-361.5569152832031,169.9134521484375,79.24541473388672,43.18121719360352,3.593580722808838,-2.541654109954834,2.127840042114258,-1.4632575511932373,12.595396041870115,8.15086555480957,5.091591835021973,6.219585418701172,-0.7724859714508057,23.2702751159668,16.597169876098633,6.353214263916016,5.240915298461914,4.880813121795654,5.919988632202148,5.573912620544434,6.69544792175293,5.964488506317139,4.919598579406738,4.234753608703613,3.94039249420166,5.142111301422119,-0.4081892371177673,-0.2230527251958847,0.1228288784623146,0.1136966869235038,0.0266860630363225,0.0052520507015287,0.0622787587344646,0.0270533263683319,0.0024211648851633,-0.0246555060148239,-0.0374803878366947,-0.0201065968722105,0.0980822518467903,1.6067506074905396,1.0569442510604858,0.961950182914734,0.6804163455963135,0.6440971493721008,0.9077640175819396,0.742205798625946,0.7844140529632568,0.7085608839988708,0.6767613291740417,0.547328531742096,0.6465750932693481,0.6857026219367981,0.1324945986270904,0.0008681004401296,-0.0845997333526611,-0.0233628507703542,0.0091379238292574,0.009234114550054,0.024892758578062,0.0376228168606758,-0.0239268634468317,-0.0205739326775074,-0.0216842293739318,0.0010598802473396,0.0524914339184761,0.8315615057945251,0.540772557258606,0.5852996110916138,0.536708414554596,0.4627780020236969,0.6264476776123047,0.4443187415599823,0.4720639884471893,0.4387374222278595,0.5006917715072632,0.3844351470470428,0.4098708033561706,0.4717874825000763,0.0023668349432562,0.0010384169679105,0.0242025092630652,0.0092356090765457,27.07935549855632,1,Rekurrensparese,2088,a_n
-315.8203430175781,217.86895751953125,8.492581367492676,2.96605920791626,6.633162498474121,-12.171631813049316,-30.91007804870605,5.29973030090332,22.124303817749023,0.7872424125671387,-12.204300880432127,2.0798087120056152,9.317700386047363,14.506282806396484,6.500014781951904,6.843430042266846,4.587501525878906,5.107828617095947,4.0223894119262695,4.463954448699951,4.601622104644775,4.636515140533447,3.1942503452301025,3.960397243499756,3.5301647186279297,4.300139427185059,0.0276554059237241,0.2208833992481231,-0.164434552192688,-0.0865075886249542,0.0338404551148414,-0.0296255499124526,-0.0622361004352569,0.0116217825561761,0.0742193982005119,-0.0096530551090836,-0.0588591583073139,-0.0229871794581413,-0.0205881521105766,2.4914400577545166,1.0816270112991333,1.267115592956543,0.7091430425643921,0.8558701872825623,0.6258519887924194,0.8275845646858215,0.6975255012512207,0.8399035334587097,0.3769590258598327,0.7057982683181763,0.601330041885376,0.57054203748703,0.3188886046409607,-0.121307298541069,0.0128437438979744,0.0416898801922798,0.018520750105381,0.0214815810322761,0.0949038863182067,0.0087230568751692,0.0057290755212306,0.0103098582476377,0.0305039212107658,-0.0043631214648485,-0.035507708787918,1.2556418180465698,0.8290435075759888,0.7276525497436523,0.561090350151062,0.4986638128757477,0.4975500106811523,0.6691443920135498,0.4284741580486297,0.5156043767929077,0.3267944753170013,0.4553320109844208,0.4440605640411377,0.4278976917266845,0.00463767715443,0.0027592531506691,0.0325053890083821,0.0173515371165011,21.015203491853946,1,Rekurrensparese,2100,a_n
-263.1940612792969,179.9754638671875,1.6049262285232544,36.552242279052734,-45.95821380615234,-14.43556022644043,-9.173558235168455,-0.0464765653014183,-2.464117288589477,0.9095829129219056,1.6768914461135864,-25.30467796325684,13.985629081726074,22.068523406982425,7.879927635192871,6.372556209564209,5.689446449279785,6.912323474884033,6.273929119110107,6.235898971557617,5.979691982269287,4.842764377593994,4.555476665496826,4.969851016998291,4.684694766998291,3.9775216579437256,-0.0271615982055664,-0.1011180952191352,-0.0566186718642711,0.0651469230651855,0.1044420972466468,-0.0032511975150555,-0.0197808220982551,-0.007503162138164,-0.0580467507243156,0.0617098622024059,0.0363149456679821,0.0821050181984901,0.0289748534560203,1.6603635549545288,0.8338162899017334,0.95184725522995,0.6339024901390076,0.6675841808319092,0.7302448749542236,0.7347988486289978,0.6407643556594849,0.643237829208374,0.6388458609580994,0.5930832624435425,0.508362889289856,0.6228148937225342,0.0834089666604995,0.0005112075014039,0.0880147144198417,0.0041196420788764,0.0579694584012031,-0.0003919005393981,0.0076228403486311,0.0026077388320118,0.013303124345839,-0.0009870810899883,0.0082444343715906,0.0302633326500654,-0.0545028373599052,0.7131760716438293,0.6528772711753845,0.6201282143592834,0.4843502342700958,0.5683708786964417,0.4925348460674286,0.4584682285785675,0.549615740776062,0.4334638118743896,0.4345244169235229,0.4185615181922912,0.4181118011474609,0.4711031317710876,0.0098482519790438,0.0061511296136598,0.0276715190456818,0.0154213560436894,19.652254606623057,1,Rekurrensparese,2109,a_n
-274.8031005859375,170.95068359375,-7.330230236053467,-8.25065803527832,-48.17901611328125,-1.2123801708221436,8.18333625793457,19.267093658447266,19.650697708129883,-15.87981414794922,-19.65052032470703,9.6776704788208,10.933711051940918,14.066060066223145,4.494105339050293,5.633558750152588,4.847206115722656,6.888801097869873,3.2878527641296387,3.659161806106568,3.58930778503418,4.729673385620117,4.129593372344971,3.079086303710937,3.4000792503356934,3.32710862159729,-0.3471330404281616,-0.0648861527442932,0.1290886849164962,0.0112673258408904,-0.0471027009189128,0.090408369898796,0.0154289649799466,-0.0131804356351494,0.0346196256577968,-0.126354694366455,-0.0448366291821002,0.1386884003877639,0.0536511689424514,1.3714226484298706,0.5317869186401367,0.6486781239509583,0.7953105568885803,1.0775771141052246,0.550668478012085,0.5096379518508911,0.7244163155555725,0.6462401747703552,0.5996358394622803,0.5367418527603149,0.4329136610031128,0.6236012578010559,0.27951180934906,-0.0142899705097079,0.1907984912395477,0.0607709400355815,0.240114152431488,0.0255475249141454,0.0344452485442161,-0.0341551452875137,-0.0961532518267631,0.013456598855555,0.056139700114727,-0.0163647644221782,-0.0473593436181545,0.94536292552948,0.4530870616436004,0.7117822170257568,0.59339839220047,0.6976488828659058,0.3185336887836456,0.3218714594841003,0.3391830921173095,0.4505895376205444,0.5117324590682983,0.4104295670986175,0.3210304677486419,0.3720971643924713,0.0095197147822346,0.0053943890888564,0.1049277845974668,0.0595846120369395,12.305675673056657,1,Rekurrensparese,2115,a_n
-204.34210205078125,186.59364318847656,-20.35901260375977,23.67629814147949,-34.901309967041016,-3.981984853744507,-18.25310134887696,16.23137092590332,0.1442694962024688,2.6202099323272705,4.461841106414795,2.9273829460144043,-8.537373542785645,12.386397361755373,9.452384948730469,5.745347499847412,4.276350021362305,7.620491027832031,6.910170078277588,3.781052827835083,4.44035530090332,6.224924564361572,4.655496597290039,3.5742924213409424,3.3584985733032227,4.243549346923828,-0.3211580514907837,-0.2031804174184799,0.0269893184304237,0.0895322859287262,-0.11751239746809,0.3149506449699402,-0.0368969105184078,-0.0698217526078224,0.2154093533754348,0.1826061457395553,-0.0978635996580123,-0.043179016560316,0.0879121273756027,1.4383453130722046,0.8187688589096069,0.8303356766700745,0.5955529808998108,0.7724549770355225,1.1085100173950195,0.656004786491394,0.7325731515884399,0.8421610593795776,0.6778809428215027,0.5479575395584106,0.610373854637146,0.5132078528404236,0.0189806874841451,-0.0240993816405534,0.1820728182792663,-0.0166092608124017,0.0717397853732109,-0.0697830468416214,0.0701465085148811,-0.06570665538311,0.0453048385679721,0.0294162258505821,0.0278573352843523,-0.0246094372123479,0.0006662813248112,0.4781425595283508,0.3925365507602691,0.7302983403205872,0.4841018915176391,0.5615198016166687,0.4607239067554474,0.4667999446392059,0.4950928688049316,0.498822808265686,0.4484095871448517,0.3548147976398468,0.4043998420238495,0.370172917842865,0.0155476060039344,0.0100821456778368,0.1369504876564195,0.0857099402113403,9.220319318720833,1,Rekurrensparese,2148,a_n
-248.65660095214844,195.5087432861328,-47.9625358581543,-31.153303146362305,-36.385250091552734,-26.40520477294922,-16.869884490966797,11.49799633026123,9.23192024230957,-8.115119934082031,-13.3692626953125,-10.18620777130127,6.850652694702148,22.415172576904297,11.52952003479004,8.425154685974121,5.335153102874756,6.44482946395874,4.192901134490967,5.578022480010986,4.6883931159973145,4.200267314910889,3.9000396728515625,3.0297579765319824,3.832725763320923,3.796356678009033,-0.7662228941917419,0.1212562397122383,-0.0149461673572659,-0.079940028488636,-0.017144663259387,0.0360558405518531,-0.1527752876281738,-0.0958882495760917,-0.0235650241374969,-0.0652287751436233,-0.0786456987261772,-0.1470331251621246,-0.0410857945680618,3.6781606674194336,1.7533316612243652,1.2765713930130005,0.8945239782333374,1.2125306129455566,0.6785111427307129,1.0730390548706057,0.5237434506416321,0.709499180316925,0.668962299823761,0.5120182633399963,0.6033420562744141,0.5240688920021057,0.4782438278198242,-0.1427940875291824,0.3046586215496063,0.082454465329647,0.0377396494150161,-0.031523197889328,0.0618996322154998,0.0339834988117218,0.0503395237028598,0.037841148674488,-0.0084588285535573,0.0494182221591472,-0.038731325417757,2.251131057739258,1.8076626062393188,1.102259635925293,0.7164566516876221,0.8415828347206116,0.3902778625488281,0.6489124894142151,0.4037552177906036,0.5442428588867188,0.4350287914276123,0.2876094281673431,0.4096749126911163,0.308392196893692,0.004621974877894,0.0024820255197506,0.022978104433966,0.0129699513072021,23.79810552250489,1,Rekurrensparese,2150,a_n
-246.8537139892578,242.6161956787109,-31.685338973999023,4.668625354766846,-20.237537384033203,-15.632879257202148,-21.094316482543945,-3.439276218414306,3.079440116882324,9.323492050170898,-0.3676126599311828,-21.457820892333984,-0.1143632382154464,15.783609390258787,10.586363792419434,7.74590539932251,6.802217960357666,5.524317741394043,3.00378966331482,4.517990112304688,3.815002918243408,2.4988796710968018,3.325078248977661,3.843297719955444,3.040123462677002,2.760967493057251,0.0044756904244422,-0.0964192226529121,-0.114350289106369,-0.1965266168117523,0.0500702448189258,0.0914793461561203,0.1013356670737266,-0.0068546324037015,-0.0126498993486166,-0.0661160722374916,-0.0539687611162662,0.0448939204216003,-0.0350667871534824,2.0753982067108154,1.920945167541504,1.5351135730743408,0.4513256847858429,0.6589021682739258,0.5331793427467346,0.6514862179756165,0.544228732585907,0.4753346741199493,0.4349080622196197,0.5147339701652527,0.5099939703941345,0.3390655815601349,0.371609479188919,-0.3899887204170227,0.2581070363521576,-0.0531026870012283,-9.140588372247294e-05,0.0110895065590739,0.0574785657227039,-0.0305930916219949,0.0265396330505609,0.0018654647283256,-0.0218011736869812,0.0650613978505134,-0.0187389347702264,1.551102876663208,1.3906385898590088,0.8560938239097595,0.350344181060791,0.3750823736190796,0.304666131734848,0.400018572807312,0.3658343553543091,0.3401484489440918,0.2844796180725097,0.3159108757972717,0.3527686595916748,0.2309087067842483,0.0036908831378361,0.0018152964890848,0.0221283828981188,0.011864325628671,23.76855418854297,1,Rekurrensparese,2152,a_n
-254.7734375,182.52491760253903,7.800782203674316,-4.779504299163818,-30.44379615783692,0.1383117586374282,-26.72882652282715,16.475982666015625,18.012176513671875,-13.64894962310791,-8.475446701049805,-0.7601842284202576,2.2284717559814453,26.35042953491211,10.133471488952637,6.161524772644043,6.428661346435547,5.136795997619629,4.14075231552124,4.656200408935547,5.177426338195801,3.659614324569702,4.178106307983398,4.638336658477783,3.919183254241944,4.687611103057861,-1.3815550804138184,0.0601574294269084,0.1229304000735282,0.2964934706687927,0.1150298565626144,0.185951218008995,-0.0959198102355003,-0.0033459803089499,0.1436255127191543,-0.0942512452602386,-0.1887806802988052,0.0132872145622968,0.0317780338227748,3.484083890914917,1.4612103700637815,1.0672467947006226,0.929886519908905,0.9134090542793274,0.8333271741867065,0.8012729287147522,0.721635639667511,0.5683997273445129,0.723709225654602,0.5610776543617249,0.6001409888267517,0.7606908082962036,0.6732979416847229,-0.0005609648651443,0.2543360292911529,0.1803660690784454,0.1266065388917923,-0.0351343788206577,0.1563860028982162,-0.1413323432207107,-0.1276935487985611,0.0654914751648902,0.0539455860853195,0.0233314279466867,0.008951736614108,1.8100982904434204,1.4209693670272827,0.7739274501800537,0.6488274931907654,0.4643643796443939,0.3930786550045013,0.6332734227180481,0.7298147678375244,0.5169869661331177,0.5668796300888062,0.4499409794807434,0.3846485912799835,0.4376979768276214,0.0044212645400101,0.0024942266090383,0.0229738516255203,0.0100284355894645,23.3840521057741,1,Rekurrensparese,2153,a_n
-311.3439636230469,211.3951873779297,-12.516216278076172,-17.817472457885742,-35.18556594848633,-17.386547088623047,-15.052057266235352,-15.69236946105957,12.826123237609863,-11.640928268432615,-24.622896194458008,1.1726070642471311,3.9264869689941406,23.012889862060547,8.546335220336914,10.515034675598145,6.828389644622803,6.259807109832764,3.861781597137451,4.087363243103027,3.57509708404541,4.015017032623291,2.902128934860229,5.600571632385254,4.04868221282959,4.878297328948975,-0.6888865232467651,-0.0187538154423236,0.2351009994745254,-0.0428488031029701,0.0202871747314929,-0.0196612533181905,-0.0238550025969743,0.0347399786114692,0.0204554516822099,-0.0519939363002777,-0.096289649605751,-0.0490246377885341,-0.0520975962281227,3.5348570346832275,1.7112979888916016,1.4940162897109983,1.057153582572937,1.06935453414917,0.6347654461860657,0.5389453768730164,0.7352757453918457,0.7142419219017029,0.5998207926750183,0.6707330346107483,0.5773386359214783,0.7126671671867371,0.5090596675872803,-0.0503822527825832,0.2671150863170624,-0.0143364733085036,0.0221371427178382,-0.0589345209300518,-0.0195127055048942,0.1132502779364585,-0.0880066975951194,0.0106917163357138,0.0415845960378646,-0.0757453590631485,-0.0290465634316205,2.3488543033599854,1.0857176780700684,1.162203311920166,0.7464777827262878,0.6777998208999634,0.4920994937419891,0.3763587176799774,0.5059311389923096,0.4413253664970398,0.3562595248222351,0.3480215072631836,0.4268215894699096,0.5230790376663208,0.0028704513654085,0.001531744196133,0.0223273902185718,0.0108854625607691,28.31902587893001,1,Rekurrensparese,2155,a_n
-261.3541564941406,176.51083374023438,19.230207443237305,3.007087230682373,-37.56970977783203,-22.01779556274414,-5.60076379776001,10.795202255249023,5.944675922393799,-1.678831696510315,0.001707519753836,-8.49989128112793,3.3156514167785645,19.934633255004883,10.393548011779783,5.191370010375977,3.790874719619751,6.5685882568359375,5.0264434814453125,3.523172378540039,3.733713150024414,3.624869108200073,4.010100841522217,4.143955230712891,5.3513922691345215,2.5756869316101074,-0.380728155374527,-0.7189950942993164,-0.2716884911060333,-0.0094870459288358,0.310134619474411,0.2497932612895965,-0.0220698844641447,-0.2040208727121353,0.0014643871691077,-0.1538616865873336,-0.2030230611562729,0.0194349493831396,-0.0399265475571155,2.122964382171631,1.0810405015945437,0.912823498249054,0.4410665333271026,1.0610100030899048,0.6187424659729004,0.7018995881080627,0.5419499278068542,0.5334116220474243,0.4960639178752899,0.4900094866752624,0.6557055711746216,0.3247741162776947,0.8419583439826965,-0.0718082189559936,0.0874051451683044,0.0837507024407386,0.3067323565483093,0.1291751414537429,0.0285930801182985,-0.0261484179645776,-0.0835804417729377,0.0199932437390089,-0.0140975285321474,0.066364549100399,-0.0028963556978851,2.1529247760772705,0.8710287809371948,0.5597758293151855,0.4765308201313019,0.8441430330276489,0.5075445771217346,0.4740314483642578,0.3774483501911163,0.3967244923114776,0.4825587272644043,0.4256573021411896,0.3567788004875183,0.2547484636306762,0.0048542688645417,0.0028528574521574,0.0315382150746288,0.0158512455719063,22.490154808490065,1,Rekurrensparese,2160,a_n
-134.00888061523438,145.30422973632812,-15.479011535644531,38.33852005004883,-44.97868347167969,4.961177349090576,-9.578639030456545,16.016061782836914,17.168006896972656,21.012659072875977,-10.24176788330078,9.178672790527344,6.023524761199951,21.54088592529297,5.893451690673828,6.6783318519592285,7.067955493927002,6.132974147796631,7.158393859863281,6.435244083404541,7.374367713928223,4.688630104064941,5.312183380126953,6.384125709533691,6.005998134613037,5.064827919006348,-0.4025041162967682,0.0739715993404388,-0.2867282032966614,-0.0648918449878692,-0.0573563389480114,0.4193586707115173,0.179926335811615,0.0036253691650927,0.1681365072727203,0.0445661731064319,0.0295377597212791,0.3162927329540252,-0.0187491439282894,3.287492275238037,0.8842045068740845,1.3100870847702026,0.985083818435669,1.0592924356460571,0.9900152087211608,0.8891980051994324,1.0024054050445557,0.8571802973747253,0.7895076870918274,0.8272443413734436,0.8669281005859375,0.9890106320381165,-0.257293552160263,-0.0198719687759876,0.0621351636946201,-0.0871374160051345,0.1859950274229049,-0.1179785132408142,0.0271216630935668,-0.1270025670528412,-0.0089395334944128,-0.1252808719873428,0.0817059054970741,-0.1087412908673286,0.0833179652690887,0.5731180310249329,0.451347678899765,0.6298401355743408,0.6507292985916138,0.4095064997673034,0.4671783447265625,0.588531494140625,0.8001213073730469,0.5200677514076233,0.5461586117744446,0.5113993287086487,0.6012428402900696,0.6064406633377075,0.028087327213354,0.0146975874394981,0.1807434264496689,0.0710162564864314,1.7968107694436506,1,Rekurrensparese,2182,a_n
-314.5655517578125,183.28695678710932,29.9798641204834,-4.9381866455078125,-30.399887084960938,-15.988273620605469,-10.974910736083984,7.189228534698486,16.859331130981445,-7.505890846252441,-14.316144943237305,4.2171125411987305,9.836369514465332,38.71102523803711,15.352184295654297,10.174175262451172,10.532547950744627,5.679477691650391,6.7525482177734375,6.880148410797119,5.129896640777588,5.487364768981934,5.808699607849121,4.390874862670898,4.992530822753906,4.832493305206299,-0.8282537460327148,-0.1266164183616638,0.0468816086649894,0.1971948444843292,0.1167896017432212,-0.0836216583847999,-0.0010260024573653,-0.0675416737794876,-0.0538760609924793,-0.1621210873126983,-0.0853427723050117,0.0545145086944103,-0.0113302217796444,4.783013343811035,1.870853066444397,1.414918303489685,0.9288046956062316,0.8924646377563477,0.9876853227615356,1.304823875427246,0.9651885032653807,0.7402096390724182,0.8828728199005127,0.7399255037307739,0.5750534534454346,0.7395229339599609,0.940348207950592,-0.2450680285692215,-0.0133194690570235,0.1331097483634948,0.1046670153737068,0.0009521116153337,0.0886400938034057,0.0087727364152669,-0.0660434588789939,0.0169724151492118,0.072856530547142,-0.01473796274513,-0.0999094396829605,2.8737683296203613,1.2624973058700562,0.7332878112792969,0.683704137802124,0.7082793116569519,0.5486973524093628,0.6621813178062439,0.4751947224140167,0.4116370677947998,0.5274692177772522,0.576255738735199,0.3374305665493011,0.538146436214447,0.0072533905898005,0.0043695853447144,0.0334743571630143,0.01543198976613,25.7189196950494,1,Rekurrensparese,2190,a_n
-274.5380859375,238.08876037597656,23.281518936157227,17.80583953857422,-12.921969413757324,-28.57537841796875,-11.50734043121338,-8.213229179382324,4.779876232147217,2.984541654586792,-12.738930702209473,9.266608238220217,-4.654688835144043,26.80060768127441,13.816932678222656,11.35554027557373,3.278714656829834,2.6317646503448486,3.70335054397583,5.254814624786377,3.490363836288452,4.080193042755127,3.009276390075684,4.283006191253662,2.774935483932495,2.9951705932617188,-1.3162552118301392,0.3054779767990112,0.3100422322750091,0.0176315791904926,-0.1445540934801101,-0.0196076892316341,0.1346043944358825,-0.0140815172344446,-0.148997500538826,-0.0592279508709907,-0.0779420435428619,-0.1046900898218154,-0.1235432550311088,3.129200458526612,2.610180854797364,1.801873803138733,0.6962400674819946,0.4357120096683502,0.7205747961997986,0.3750814199447632,0.5844446420669556,0.3177521526813507,0.4696326553821563,0.8088633418083191,0.4091860353946686,0.5050768256187439,0.7737902402877808,-0.6190857291221619,0.1623347401618957,0.007306142244488,-0.0234287679195404,0.106512539088726,0.0274481028318405,0.0281797237694263,-0.0211918354034423,0.0813619345426559,0.1635898053646087,-0.0757997035980224,0.0419299528002738,2.322946310043335,1.8572577238082888,1.022403359413147,0.5142967700958252,0.2639164626598358,0.4343579113483429,0.2481503039598465,0.2545216381549835,0.3145318329334259,0.348678857088089,0.4560204744338989,0.3042093813419342,0.2819262146949768,0.0038003530925755,0.0018381701425883,0.0282361505900098,0.0118456753056798,25.95127682800201,1,Rekurrensparese,2192,a_n
-188.94004821777344,174.49099731445312,-24.76240348815918,7.856488227844238,-43.66094207763672,-4.69636869430542,-11.426755905151367,6.443058013916016,5.342341423034668,0.9749866724014282,-25.432579040527344,4.805990695953369,15.5126314163208,17.3784236907959,7.242726802825928,8.736909866333008,5.246436595916748,8.489410400390625,5.857820987701416,5.342799663543701,3.919210195541382,6.075568675994873,5.757100582122803,4.289240837097168,3.773073196411133,2.8503310680389404,-0.2522702515125274,0.1382024437189102,-0.0801342651247978,-0.0166225526481866,-0.2383547872304916,-0.125300720334053,-0.1628887355327606,-0.0396164469420909,0.1036175563931465,-0.0547173209488391,-0.0778543949127197,0.0701559856534004,-0.0066472175531089,1.3749059438705444,1.2190393209457395,1.1611409187316897,0.781160295009613,1.2221174240112305,0.7908401489257812,0.8181874752044678,0.5558737516403198,0.6545459032058716,0.650911271572113,0.7825528979301453,0.5413034558296204,0.4750345647335052,0.1389843523502349,-0.0066211912781,0.1476319581270218,0.0463631227612495,0.166669875383377,-0.0213742479681968,0.055454809218645,0.0319217555224895,0.0458437800407409,-0.0126253077760338,0.1178346425294876,0.0134714636951684,-0.0562610402703285,0.8682821989059448,0.6482740044593811,0.9446437954902648,0.5583399534225464,0.6493098139762878,0.6132915019989014,0.437286376953125,0.3844650685787201,0.4152697324752807,0.5183984041213989,0.538733184337616,0.513785719871521,0.4318204522132873,0.0033150301639522,0.0011027416904144,0.0729375231966899,0.0421467913405313,16.68238627255742,1,Rekurrensparese,2216,a_n
-280.5685119628906,192.43014526367188,12.513633728027344,-24.379802703857425,-18.632797241210938,-11.535361289978027,-32.380374908447266,14.32772731781006,21.589576721191406,-7.255987167358398,-3.6895012855529785,-6.899760723114014,1.115994930267334,21.496938705444336,11.330888748168944,6.254098892211914,5.06593656539917,4.051247596740723,3.676188707351685,6.249258518218994,4.370603561401367,3.3241829872131348,3.562346935272217,3.3421761989593506,2.558241605758667,3.4724862575531006,-0.2022579312324524,-0.3991941511631012,0.0780433341860771,0.0927851721644401,-0.0046117296442389,0.0470647178590297,0.0680591464042663,-0.0710837617516517,-0.0693757459521293,-0.0704054608941078,-0.0529729574918746,-0.0133665511384606,-0.0457817837595939,3.5415027141571045,1.41107177734375,1.3108357191085815,0.739177942276001,0.7994817495346069,0.6572551131248474,1.1602057218551636,0.6815779805183411,0.658201277256012,0.5546897053718567,0.5407093167304993,0.4601562321186065,0.6539345979690552,0.5912041068077087,-0.0965362340211868,0.0903719216585159,0.1172098740935325,-0.0257543139159679,-0.0447659380733966,0.1806378811597824,-0.0480832792818546,-0.0608125403523445,0.1002280935645103,-0.0092082470655441,-0.0036826743744313,-0.0316830612719059,2.399860382080078,0.8963608145713806,0.8648272752761841,0.5257373452186584,0.5247741341590881,0.4573920965194702,0.8148422837257385,0.4447783827781677,0.3507541120052337,0.4501770436763763,0.3384125232696533,0.3254166543483734,0.3806820213794708,0.0046832061801882,0.0019936275779285,0.041194786429378,0.0186393257539953,23.98331845669574,1,Rekurrensparese,2218,a_n
-284.5690002441406,184.5599670410156,-9.505963325500488,7.729252338409424,-11.787938117980955,-20.96084976196289,0.0245686713606119,26.61623191833496,10.2972412109375,-1.9334638118743896,-3.486558437347412,1.1638599634170532,-1.2715046405792236,28.110902786254883,15.749939918518066,4.614643096923828,5.840424537658691,4.511245250701904,3.967471837997437,5.233679294586182,4.964937210083008,5.269222259521484,3.539015054702759,4.220250129699707,3.6549572944641113,3.894094705581665,-0.9521424174308776,-0.3901161849498749,-0.0290335603058338,-0.1679246723651886,-0.0859052389860153,0.0170065611600875,0.0745118632912635,0.0840186402201652,0.1279322355985641,0.0201360136270523,0.0611861199140548,0.0520144701004028,0.0509585291147232,1.2208038568496704,1.1341482400894165,0.573403000831604,0.5475242733955383,0.6587860584259033,0.6617659330368042,0.913834810256958,0.6774142980575562,0.6684724688529968,0.582372784614563,0.5258257389068604,0.7470225095748901,0.6226102709770203,0.0067260665819048,-0.2005923092365265,0.0825814604759216,-0.0251210257411003,0.0611744783818721,0.0845094993710517,0.0561781153082847,-0.0146857602521777,0.0469062440097332,0.0197608973830938,-0.0023957658559083,-0.0064578577876091,0.0090565290302038,0.5453665256500244,0.8427757620811462,0.4700736999511719,0.4119143486022949,0.6055387258529663,0.6982715129852295,0.7264696359634399,0.5895683169364929,0.4157841801643371,0.4335386157035827,0.3598380982875824,0.4896937608718872,0.4980033934116363,0.0844021105159596,0.0437687830836107,0.2162141170339072,0.0876147354102357,2.8587168733272947,1,Rekurrensparese,2237,a_n
-264.0558166503906,250.4508514404297,10.898652076721191,-7.337615966796875,-22.70221900939941,-12.223994255065918,-22.10784149169922,1.3320674896240234,4.900733947753906,-7.306366920471191,-0.2167946398258209,-0.6839653253555298,-17.594011306762695,12.97860050201416,11.22650146484375,8.109530448913574,5.94744873046875,7.369293689727783,4.021298885345459,3.705703258514404,3.583824634552002,2.8845982551574707,2.9570820331573486,2.2382874488830566,3.384074449539185,3.436941146850586,-0.2107126712799072,0.2391283959150314,-0.113025963306427,-0.0840549767017364,0.0541312173008918,-0.0075056189671158,-0.0493767149746418,0.0072197886183857,-0.0276145320385694,-0.0227829962968826,0.0182712133973836,-0.052462063729763,-0.0243694297969341,2.335886716842652,1.852786898612976,0.669587254524231,0.5164514183998108,0.5561878085136414,0.4819692969322204,0.407701313495636,0.3436609804630279,0.4500275254249573,0.4453512728214264,0.4164594113826751,0.3685903251171112,0.6196573972702026,0.4299629330635071,-0.3417797386646271,0.0538205578923225,0.0154396491125226,0.0302575137466192,-0.0166185963898897,0.035829447209835,-0.0048290542326867,0.0131399556994438,0.0481595434248447,-0.007832852192223,-0.0053339498117566,0.081113651394844,1.7383333444595337,1.3337260484695437,0.4836820363998413,0.3742861747741699,0.3480298221111297,0.3359260261058807,0.3648675978183746,0.2795017659664154,0.3433746993541717,0.3255735635757446,0.2885229885578155,0.2758731245994568,0.4846831262111664,0.0035832632604646,0.0019397467200116,0.026743482517194,0.0151383418592088,23.382587435237536,1,Rekurrensparese,2243,a_n
-206.3170318603516,188.4582977294922,5.329802989959717,10.869095802307127,-56.87467956542969,-21.97456741333008,-2.922028064727783,16.42630958557129,2.296653985977173,-17.677221298217773,5.218424320220947,-12.910954475402832,-10.25196933746338,21.02389144897461,5.74777364730835,9.040201187133787,4.367675304412842,7.167619228363037,5.740443229675293,3.1004505157470703,3.0005910396575928,3.110403299331665,4.289144992828369,4.395612716674805,3.6532599925994873,3.3578734397888184,-1.4253973960876465,0.1882390677928924,0.2735075056552887,0.1600073426961898,0.0306311938911676,-0.1612685471773147,0.0281056929379701,0.0350684858858585,-0.0835774317383766,-0.0272192154079675,0.0324506908655166,0.0650161430239677,-0.0786337032914161,2.793846845626831,0.7890003323554993,1.179663062095642,0.6769545674324036,1.2767634391784668,0.7090714573860168,0.4977999329566955,0.5504512786865234,0.4299853146076202,0.7860555052757263,0.6868968605995178,0.6120776534080505,0.4689528048038482,0.4710096716880798,-0.1479246765375137,0.2032229155302047,-0.001899609924294,0.2693763375282287,0.0232054535299539,0.0487653315067291,-0.0203951820731163,0.0440974757075309,0.0495329536497592,-0.0575262606143951,0.0606962032616138,-0.0432120189070701,1.6100575923919678,0.7304441928863525,0.7111697793006897,0.5783651471138,0.926222801208496,0.4725672602653503,0.486460417509079,0.3835748434066772,0.3785927295684814,0.4116476774215698,0.4943757653236389,0.4803113937377929,0.3591155409812927,0.0088644721505835,0.0058692341497976,0.0485284731774417,0.0290265662785382,22.137248610562125,1,Rekurrensparese,2247,a_n
-218.02267456054688,196.0199432373047,-24.323028564453125,24.790935516357425,-2.0447821617126465,-28.202241897583008,-17.802928924560547,26.36155891418457,0.6914973855018616,-19.07620429992676,2.1106672286987305,5.606871128082275,-6.745667934417725,25.55712509155273,8.36955451965332,9.004145622253418,8.05477523803711,9.118216514587402,5.038301467895508,5.673521995544434,3.860447883605957,6.164256095886231,4.156476020812988,3.3867456912994385,3.2260677814483643,3.3958611488342285,-0.7591813206672668,-0.2954887449741363,-0.0734298899769783,0.1990536749362945,0.2026981264352798,0.0053779003210365,-0.0269716121256351,0.0728729963302612,-0.0175681710243225,-0.0804459378123283,0.0033461314160376,-0.0227345079183578,-0.0484509021043777,2.3381946086883545,1.4978958368301392,1.2810564041137695,1.2817339897155762,1.2726047039031982,0.8999517560005188,0.7382129430770874,0.7567155361175537,0.7168920636177063,0.6335371136665344,0.5122466683387756,0.5157616138458252,0.5328240990638733,0.0586657859385013,-0.0328997820615768,0.0997685343027114,0.0098922615870833,0.0522151887416839,0.0362668745219707,0.0203549526631832,-0.022535715252161,0.0428790226578712,0.0758144780993461,-0.0077236462384462,-0.0212375186383724,-0.0178046319633722,0.8994600772857666,0.8132056593894958,0.8424628376960754,0.663742184638977,0.7450026869773865,0.4599385559558868,0.3991229832172394,0.477230817079544,0.41304811835289,0.5301794409751892,0.3707985281944275,0.388958603143692,0.3812219798564911,0.0065471858318598,0.0030972117022227,0.0278300088846032,0.0149763476364037,17.783003730938518,1,Rekurrensparese,2274,a_n
-323.0692138671875,192.111068725586,16.962554931640625,-14.987112045288086,-27.74477767944336,-2.668751001358032,-23.4597225189209,12.478890419006348,19.662811279296875,-18.02017402648925,-10.282516479492188,2.032020807266236,-0.557126522064209,18.736160278320312,9.736001014709473,4.965173721313477,5.427840232849121,5.312672138214111,3.974123239517212,4.927876949310303,4.467941761016846,3.853084564208984,5.328015804290772,5.773377418518066,3.838076114654541,5.3507280349731445,0.1516625136137008,-0.3969417810440063,-0.0589865483343601,0.0768827870488166,0.1709487736225128,0.0953483209013938,0.0603590458631515,-0.0638021156191825,0.0026545203290879,0.0317012220621109,-0.0210841931402683,-0.0354167968034744,0.0200714599341154,2.5973832607269287,1.101394534111023,0.8963545560836792,1.0017833709716797,0.9789415597915648,0.6624890565872192,0.8558940887451172,0.7434090971946716,0.6433020830154419,0.9404025673866272,0.7985759377479553,0.5523674488067627,0.6204097867012024,0.4224545359611511,-0.0283916443586349,0.0577491112053394,0.1122229397296905,0.0638068169355392,-0.0413156189024448,0.1187319383025169,-0.0191263500601053,-0.047800313681364,0.0964859277009964,0.0296368729323148,-0.0034708557650446,-0.0117646781727671,1.7084581851959229,0.9077575206756592,0.5933520793914795,0.6163680553436279,0.5544679760932922,0.5175011157989502,0.6729966998100281,0.5370045304298401,0.4663281142711639,0.5996747612953186,0.5156607627868652,0.3884091079235077,0.4079293310642242,0.0046249113280732,0.0025783952062465,0.0275879145516667,0.0148680927634883,22.99677784100444,1,Rekurrensparese,2330,a_n
-286.1835327148437,249.4722442626953,10.817497253417969,0.9823344945907592,-10.358559608459473,-19.735410690307617,-20.76924705505371,-3.6440858840942383,10.961299896240234,1.0115926265716553,-10.241780281066896,0.4445608258247375,-16.183902740478516,26.99904441833496,10.512859344482422,9.272184371948242,8.085331916809082,8.79833698272705,4.902688026428223,2.975553512573242,5.510281085968018,3.3795223236083984,3.635826826095581,3.5607588291168213,3.462141275405884,3.473604917526245,-0.7658060193061829,-0.1819632798433303,0.1096600294113159,0.2009933292865753,0.125290498137474,-0.0412403307855129,-0.0468357130885124,-0.0687869414687156,0.0299529079347848,0.0178380906581878,-0.067931018769741,0.0100991521030664,-0.0398148149251937,3.6000730991363525,1.8256006240844729,1.648154377937317,1.1428285837173462,0.9677696824073792,0.8756765127182007,0.5084211230278015,0.9625324606895448,0.6709561944007874,0.6778891682624817,0.7687674164772034,0.6183397173881531,0.4998882412910461,0.3339325189590454,-0.3506824672222137,0.2344156950712204,0.0648840218782424,-0.0072943577542901,-0.0229527726769447,0.0546024329960346,0.0641384646296501,-0.0461626015603542,-0.0148861538618803,0.1259941607713699,-0.0510880909860134,0.0160659756511449,1.6096519231796265,1.1695183515548706,1.283255100250244,0.5547420382499695,0.5869125127792358,0.5426915287971497,0.3508405983448028,0.4889208078384399,0.4609415233135223,0.4062095582485199,0.5857510566711426,0.3830819427967071,0.2280622571706771,0.0045327680569263,0.0026529025892299,0.0548206928346089,0.0282821749234007,23.78873202198965,1,Rekurrensparese,2341,a_n
-248.84109497070312,207.73329162597656,27.5975341796875,4.029767990112305,-55.28700637817383,-2.91221284866333,-2.788475275039673,5.275465488433838,-4.5386223793029785,10.322481155395508,-6.365503787994385,-20.072973251342773,5.695183753967285,23.999143600463867,11.814682006835938,4.97733736038208,4.45536994934082,8.974122047424316,6.938090801239014,5.0949320793151855,5.14945125579834,7.641453742980957,5.981567859649658,4.143139839172363,7.174461841583252,3.0823585987091064,-0.9203747510910034,0.0503828488290309,0.2183203846216201,-0.0716355964541435,0.2777217030525207,0.0893425196409225,-0.094995193183422,-0.1614817976951599,-0.14980149269104,-0.0513980910181999,0.2538941502571106,0.1244509890675544,-0.1207929030060768,4.127962589263916,2.468749523162842,0.904150128364563,0.8239104151725769,1.4969865083694458,1.095672369003296,0.7778030633926392,0.7067102789878845,1.0407780408859253,1.057193398475647,1.0046762228012085,1.2081410884857178,0.4566819071769714,1.3374205827713013,-0.6678963303565979,0.0305734444409608,-0.0130533725023269,0.5364153981208801,-0.1133082136511802,0.0694133639335632,-0.045567650347948,0.165146917104721,-0.1911074966192245,-0.0035595330409705,0.2634701132774353,-0.0506318993866443,2.6168887615203857,1.343002438545227,0.4995874762535095,0.5867385864257812,1.0908174514770508,0.5079210996627808,0.5999778509140015,0.4430384635925293,0.6148763298988342,0.4433673620223999,0.6202366352081299,0.5517416000366211,0.3454285562038421,0.0042637796116365,0.0013835177221031,0.0204792846215441,0.007449898654727,22.329075798561053,1,Rekurrensparese,2342,a_n
-308.1634521484375,205.3607482910156,49.80695724487305,23.376924514770508,-17.144981384277344,9.829309463500977,7.709878921508789,2.304951429367065,12.447627067565918,9.723506927490234,14.391521453857422,6.075140476226807,-9.471041679382324,31.980113983154297,14.030444145202637,6.105251789093018,6.46440315246582,5.7122907638549805,7.114669799804688,9.461254119873049,5.000022411346436,4.926472187042236,4.577922344207764,5.468197345733643,4.760505676269531,4.963514804840088,-0.6032427549362183,-0.2441496700048446,0.0763352811336517,-0.0130759309977293,0.0507092364132404,0.1404155194759369,0.167361319065094,-0.0072304010391235,-0.0329983010888099,-0.0264352709054946,-0.0260777380317449,-0.0132211707532405,0.0068067121319472,2.6761670112609863,1.2669936418533323,0.763693630695343,1.081991195678711,0.8586698174476624,0.8202589154243469,0.8493935465812683,0.8165010213851929,0.7685914039611816,0.7443228363990784,0.7054672837257385,0.7458509802818298,0.6562081575393677,-0.0094237085431814,-0.0696209445595741,-7.009506225585938e-05,0.0558088310062885,0.0683069229125976,0.0019368088105693,-0.0205577183514833,0.0015640843193978,-0.022229766473174,0.024005152285099,0.0289504099637269,0.0062784552574157,-0.0089495405554771,1.5332293510437012,1.0057986974716189,0.7326327562332153,0.7367814779281616,0.7263265252113342,0.5968283414840698,0.6438976526260376,0.5720952749252319,0.5667074918746948,0.6277780532836914,0.5435805320739746,0.6112209558486938,0.6056399941444397,0.0937910816003483,0.0556086285428847,0.2497480195411229,0.1947895148492081,4.180940594817721,1,Rekurrensparese,2346,a_n
-288.9367370605469,169.77972412109375,21.410663604736328,61.444278717041016,-4.406051158905029,-28.019800186157227,-6.62246036529541,2.608733892440796,2.594325304031372,4.625352382659912,10.059978485107422,-21.1696720123291,-23.0389461517334,14.12280559539795,8.06263542175293,5.07810115814209,4.95771074295044,4.99036169052124,5.898943901062012,6.817173004150391,4.774393081665039,4.281912803649902,3.950514793395996,3.899527788162232,3.900480508804321,4.931283950805664,0.0915848240256309,-0.1759317070245742,-0.0506063625216484,-0.0791021436452865,0.0189250819385051,0.0642141103744506,0.024686824530363,-0.048568706959486,-0.0057302857749164,0.0195571389049291,-0.0375373400747776,-0.0017078694654628,-0.046197023242712,1.7926231622695925,0.7996184825897217,0.8463427424430847,0.9250410795211792,0.693605363368988,0.8951816558837891,0.8198220729827881,0.7641012668609619,0.6880903244018555,0.7287154197692871,0.6611889600753784,0.6159972548484802,0.713789165019989,0.1800125539302826,0.0271001756191253,0.0108729610219597,-0.0555574521422386,0.0373177118599414,0.0534322150051593,0.0003065852506551,0.0199884250760078,0.007485409732908,0.0009458123240619,0.0083005456253886,0.0275299120694398,0.0044594523496925,1.375877857208252,0.6652658581733704,0.6337867379188538,0.6925683617591858,0.6382031440734863,0.649020791053772,0.5825933814048767,0.6064727306365967,0.5047482848167419,0.5367640256881714,0.5220224857330322,0.452056348323822,0.6118285059928894,0.00457406785366,0.0022369660466983,0.0252363798045301,0.0120848616287379,22.63242762221178,1,Rekurrensparese,2393,a_n
-211.50631713867188,162.15264892578125,-38.06584548950195,-3.562123537063598,-12.962031364440918,18.162866592407227,0.238275408744812,40.3624382019043,3.3185248374938965,-10.958996772766112,1.032268524169922,12.94590950012207,-0.985826313495636,21.387784957885746,9.91216278076172,7.442972183227539,7.366102695465088,7.130231380462647,7.19959831237793,4.891472816467285,5.522480010986328,9.77927589416504,5.555095195770264,3.813623189926148,4.7949724197387695,3.920876026153565,-1.948515772819519,-0.3670607507228851,-0.3528752028942108,-0.6296020746231079,0.1145098656415939,0.2179063558578491,0.0157729592174291,-0.2335338741540908,0.4931592643260956,-0.0336934551596641,-0.2130493074655532,0.0664600878953933,0.0809142291545867,2.1746692657470703,0.8946418166160583,1.0399973392486572,0.886856734752655,1.003221035003662,0.6546611189842224,1.037885665893555,0.9636706709861756,0.6621798276901245,0.9634528756141664,0.6976248621940613,0.9086626768112184,0.8330724835395813,-0.4497543275356293,-0.062705397605896,0.1858479380607605,-0.1301746517419815,0.0359027162194252,-0.0250683575868606,0.2548766136169433,-0.1214940845966339,0.0494247712194919,0.0533674284815788,0.0341828987002372,-0.0268644727766513,0.1456275135278701,1.0942633152008057,0.4113835096359253,0.6900253891944885,0.5146861672401428,0.3796084523200989,0.4387433230876922,0.6860082149505615,0.5725746154785156,0.3871122598648071,0.4487782716751098,0.387802392244339,0.6211252212524414,0.4874438047409057,0.0499262336161854,0.0317009507115278,0.179823075709125,0.1100256520945989,2.0996510084962097,1,Rekurrensparese,2394,a_n
-261.4302978515625,240.2230224609375,45.67795181274414,-2.397907018661499,-4.39335298538208,-0.5901392102241516,2.8073673248291016,2.5125067234039307,-8.170619010925293,-18.45903968811035,16.726917266845703,30.787038803100582,1.3450946807861328,28.074451446533203,11.87154483795166,12.29730224609375,5.655924320220947,3.987317085266113,3.440695285797119,3.2341904640197754,3.1664395332336426,3.436492681503296,3.909002780914306,3.215505361557007,3.175319194793701,3.29213809967041,-0.4037854969501495,-0.1862427294254303,0.0715115070343017,0.1578486114740371,0.0965377986431121,-0.0430569052696228,-0.0382107160985469,0.0433402955532074,0.0810928419232368,0.0541216880083084,-0.0321135930716991,-0.0370959863066673,0.0228439476341009,2.358074426651001,1.6390496492385864,0.9115242958068848,0.4955655038356781,0.5536302328109741,0.4211254417896271,0.4817172288894653,0.4272480607032776,0.5052103996276855,0.5262123346328735,0.4382417798042297,0.5197958946228027,0.4670602083206177,0.2562395334243774,-0.2964716255664825,0.0800847485661506,0.0511198304593563,-0.038399588316679,-0.0061492500826716,0.0257650725543499,0.0090914610773324,-0.0154151180759072,0.0656183585524559,-0.0391574166715145,-0.0552784912288188,0.048051930963993,1.1851582527160645,1.181782603263855,0.6637653112411499,0.384149968624115,0.4423865377902984,0.2437507361173629,0.3515526354312897,0.2783097624778747,0.3050262928009033,0.3494678735733032,0.3130413889884949,0.2927349805831909,0.3071185946464538,0.0030625381522507,0.0016925786564322,0.0280368771261163,0.0138420145648214,27.03120213237575,1,Rekurrensparese,2395,a_n
-256.73614501953125,257.5185546875,12.032748222351074,-14.07342529296875,-15.657551765441896,-10.675544738769531,-26.52757453918457,3.9598073959350586,15.741609573364258,-7.053423881530762,0.7538105249404907,-3.1284546852111816,-1.34434711933136,21.270206451416016,17.93010711669922,4.767695426940918,5.252012252807617,5.314119338989258,2.921008348464966,4.783863067626953,2.5298986434936523,4.116392612457275,4.251100540161133,5.031490325927734,2.8201725482940674,2.5891544818878174,-0.8299531936645508,0.7629597783088684,-0.3185528516769409,-0.141659066081047,-0.1661024987697601,0.1272237300872802,-0.1172862127423286,0.0231747180223464,0.210228219628334,0.1107706874608993,0.0415145307779312,-0.0786719620227813,-0.0349871218204498,4.37568473815918,3.338157415390014,0.8935751914978027,0.9409492015838624,0.6605703830718994,0.592963695526123,0.879452109336853,0.3971285223960876,0.5755010843276978,0.6716657280921936,0.8605666756629944,0.5568690896034241,0.5390584468841553,1.0872842073440552,-0.89055997133255,0.0144086703658103,0.2288032621145248,0.0584800392389297,-0.0419027432799339,0.2140531986951828,-0.0017975948285311,-0.0796786993741989,0.1568120419979095,0.0239761695265769,0.0195135362446308,0.0896031931042671,3.190585136413574,2.5135772228240967,0.4498136639595032,0.5691320300102234,0.7249069809913635,0.4534803628921509,0.6866396069526672,0.3149673342704773,0.4315700829029083,0.5959610939025879,0.4272205233573913,0.3567292392253876,0.312639832496643,0.0051383049599201,0.0020610767082844,0.0309476022509254,0.0160653060667409,22.753261673644097,1,Rekurrensparese,2408,a_n
-228.70855712890625,220.6123504638672,38.27811050415039,55.57337188720703,-31.56951141357422,-20.99286651611328,-17.5655574798584,2.567295789718628,4.212168216705322,-15.48497486114502,-11.980303764343262,-14.067316055297852,-2.8032612800598145,27.94146728515625,6.58281135559082,12.069987297058104,7.149942398071289,8.379622459411621,5.810972690582275,3.951398134231568,4.163942337036133,4.741847991943359,6.917396545410156,5.657042980194092,6.120058536529541,4.833153247833252,-0.6278181672096252,0.0177833549678325,0.1712858974933624,0.1588127315044403,-0.0477335043251514,-0.0082961767911911,0.0323215015232563,-0.0097431726753711,0.041239533573389,-0.0545745231211185,0.035604041069746,-0.0504194907844066,-0.0556123927235603,1.7934268712997437,1.0857305526733398,1.346912503242493,1.50952410697937,0.990522027015686,1.1657330989837646,0.6605820655822754,0.6806299090385437,0.6253766417503357,0.8777400851249695,0.9139111042022704,0.890352725982666,0.858953058719635,0.36836838722229,-0.2800313234329223,0.1008903831243515,-0.1590746939182281,0.0935947373509407,0.0665565356612205,0.0168352592736482,-0.0924027934670448,0.0166919287294149,0.0853190720081329,0.0233356710523366,0.0298672560602426,-0.0244381595402956,1.2034562826156616,0.9805391430854796,0.7028065323829651,0.7252893447875977,0.5180047154426575,0.5242847800254822,0.4473864734172821,0.5521995425224304,0.4138230979442596,0.5823392868041992,0.5134364366531372,0.5486363172531128,0.561741828918457,0.0023981213276659,0.0008590368939283,0.036464798427348,0.0190703209781769,26.95075960318826,1,Rekurrensparese,2414,a_n
-194.87503051757807,195.62777709960932,24.48986053466797,32.80377197265625,-44.18969345092773,-3.648299217224121,-11.554845809936523,15.358905792236328,16.250736236572266,29.11880874633789,-1.3758100271224976,-11.447592735290527,16.93815040588379,9.790175437927246,6.755397796630859,5.148972034454346,3.178738832473755,7.545159339904785,2.496537208557129,3.692182302474976,4.06043004989624,3.662564992904663,3.4066684246063232,6.639454364776611,5.660271644592285,3.6357903480529785,-0.559977650642395,0.0131180798634886,0.2054294049739837,-0.105030745267868,-0.3101849257946014,0.0736451894044876,-0.0345064923167228,-0.1314391046762466,0.150040403008461,-0.0093293171375989,-0.3546372652053833,0.3585683405399322,0.2395719438791275,1.0737733840942385,0.8827332258224487,0.4101738035678863,0.5456167459487915,0.7924074530601501,0.4211451113224029,0.6282474994659424,0.6284774541854858,0.5094267129898071,0.5417394638061523,0.9045448303222656,0.71830815076828,0.844702422618866,-0.083599217236042,-0.2379339039325714,0.128147006034851,-0.0146042685955762,0.187047854065895,0.0128890667110681,0.0635262876749038,-0.1072402596473693,-0.012631413526833,-0.0003647929115686,0.132511556148529,0.0688825249671936,-0.0297745391726493,0.5995465517044067,0.7416365742683411,0.4623012542724609,0.4432079493999481,0.5061280727386475,0.2544194161891937,0.5655790567398071,0.6301713585853577,0.4103010594844818,0.4116306900978088,0.5560150146484375,0.4500607848167419,0.4834116697311401,0.0096789965662029,0.0053539365590885,0.1170042878932172,0.0691886534566236,8.589727109301371,1,Rekurrensparese,2418,a_n
-230.82481384277344,235.91207885742188,3.2775235176086426,-7.78619909286499,-20.40369033813477,-19.84038352966309,-18.017955780029297,16.08678436279297,9.662684440612791,-22.710176467895508,1.8892558813095093,-15.386885643005373,-10.4615478515625,19.682418823242188,19.217344284057617,8.623051643371582,6.708219051361084,6.241886615753174,10.37831974029541,9.04090404510498,4.788053512573242,6.421217441558838,12.665960311889648,3.853566646575928,6.366629600524902,3.989695072174072,-0.2860738039016723,-0.4912788271903991,-0.0658590495586395,0.167389914393425,0.0268339868634939,0.1473359316587448,-0.0934536531567573,-0.0252876169979572,0.0759043246507644,-0.2143205553293228,-0.0259796548634767,0.1184964701533317,0.0284852422773838,2.9312922954559326,2.39761734008789,1.3591190576553345,0.8332610130310059,0.7800325155258179,0.6702297329902649,0.7406758069992065,0.5901429057121277,0.6443581581115723,0.7323505282402039,0.4254903197288513,0.4790243208408355,0.5116782784461975,0.2684797942638397,-0.0847792848944664,0.1056643426418304,0.080645278096199,-0.005683179013431,0.0170349329710006,0.0240162499248981,-0.0232365913689136,-0.013178358785808,0.0187221784144639,-0.0388501733541488,0.0339293964207172,0.0204147510230541,1.6346826553344729,1.322498798370361,0.8444607853889465,0.4933453500270843,0.4816070795059204,0.4169288873672485,0.4327655732631683,0.3343109786510467,0.3442093133926391,0.4142215549945831,0.3049747347831726,0.2650823593139648,0.3771359622478485,0.0058993868213212,0.0024153158436061,0.0441124465559738,0.0206723301924167,17.103009463116283,1,Rekurrensparese,2430,a_n
-233.3251342773437,244.57676696777344,41.33902359008789,7.709428787231445,-24.40931510925293,-3.4274468421936035,-15.33497428894043,-2.761035203933716,22.35504531860352,8.967361450195312,-17.734840393066406,-4.536400318145752,11.316292762756348,16.18428611755371,7.969393730163574,8.023428916931152,4.805288314819336,9.283578872680664,4.519442081451416,4.369791507720947,3.5942180156707764,4.277021408081055,5.078081607818604,3.518517255783081,3.4951603412628174,3.5595743656158447,-0.2239292114973068,-0.0466635078191757,0.1169852018356323,0.0500541850924491,0.0715279430150985,-0.0433333367109298,0.0057732607237994,0.007171934004873,-0.00619956292212,-0.0725047141313552,0.0099377902224659,0.0342665240168571,-0.0577408894896507,1.4983679056167605,1.190050482749939,1.246277093887329,0.7368708252906799,1.0713534355163574,0.7895780801773071,0.6790478825569153,0.6485521793365479,0.6541593074798584,0.5536402463912964,0.6028781533241272,0.5068507194519043,0.5656017065048218,0.1613843441009521,-0.1647129952907562,-0.0185886602848768,0.0363620743155479,0.0484608672559261,-0.0279591586440801,0.0323917306959629,0.0398801378905773,-0.0343601442873477,-0.0460892356932163,0.0771461948752403,0.0109016858041286,-0.0452500954270362,1.4691741466522217,0.9867239594459534,1.027435064315796,0.5627531409263611,0.9108574390411376,0.6226063370704651,0.5138765573501587,0.4768845438957214,0.4699155390262604,0.4758210182189941,0.512867271900177,0.3791444301605224,0.4651707410812378,0.00742003091471,0.0034286124385384,0.0428509322485558,0.0202007480610637,20.689939825513715,1,Rekurrensparese,2450,a_n
-285.9425964355469,239.39649963378903,28.60430908203125,22.32303237915039,-17.83090591430664,-15.913493156433104,-11.775859832763672,9.376338958740234,22.401567459106445,-11.672188758850098,-6.764515399932861,1.1680169105529783,4.25882625579834,12.23390007019043,9.104177474975586,5.365039348602295,6.787498950958252,6.224179267883301,5.39288330078125,4.886340618133545,4.497422218322754,3.5598061084747314,5.5212178230285645,4.292263984680176,4.73699951171875,4.095009326934815,-0.3777369856834411,0.0828972086310386,0.0443227142095565,0.0424975864589214,0.0507195368409156,0.0094063058495521,-0.1263843029737472,0.0058422158472239,0.1131155416369438,-0.0184368882328271,-0.105293683707714,0.0009137302404269,0.0553572475910186,1.7167400121688845,1.421322464942932,0.871550977230072,0.989331841468811,1.0788493156433103,0.6913111209869385,0.6779592633247375,0.671415388584137,0.6308400630950928,0.7144493460655212,0.6150383353233337,0.7494488954544067,0.562087893486023,0.1237575188279151,-0.191795989871025,0.0959826782345771,-0.0615822374820709,0.0680547878146171,0.0713992118835449,-0.0003130472032353,0.0256194490939378,-0.0833469256758689,0.0414647087454795,0.0559115670621395,-0.0029032931197434,-0.0222993958741426,0.836732029914856,1.097042679786682,0.6064025163650513,0.6792053580284119,0.5896825194358826,0.5630231499671936,0.4924094080924988,0.4774261713027954,0.5175960063934326,0.5206614136695862,0.4737379252910614,0.5062748193740845,0.4902842938899994,0.0063653841862802,0.0031392916257659,0.0423097814305699,0.0191160865274899,22.35587445280577,1,Rekurrensparese,2455,a_n
-241.51727294921875,194.58859252929688,1.7275068759918213,16.206377029418945,-37.606693267822266,-22.172712326049805,-0.9560384154319764,3.3388102054595947,0.5788529515266418,2.3566951751708984,-15.33159065246582,-5.554405689239502,9.800865173339844,13.298113822937012,9.197420120239258,8.761361122131348,7.556249618530273,6.771023750305176,4.75067663192749,4.125850200653076,4.840954780578613,4.415083408355713,3.743040084838867,3.677928924560547,4.888459205627441,3.6325042247772217,-0.7764302492141724,-0.2688296735286712,0.1732327193021774,0.2784538269042969,-0.3019779324531555,-0.0334590226411819,0.1327654868364334,-0.138176143169403,0.0307237841188907,-0.0818411260843277,0.0272733103483915,-0.0341247357428073,-0.0379253923892974,1.2729313373565674,1.0043343305587769,1.1086782217025757,0.8917103409767151,1.167815089225769,0.6177346706390381,0.7543858289718628,0.8176704049110413,0.9848712086677552,0.4182745516300201,0.6589710116386414,0.7362049221992493,0.6777927875518799,0.1406179517507553,0.1497555822134018,0.4405334591865539,0.0236014518886804,0.2265068888664245,0.1900855749845504,0.0799058973789215,0.0751724392175674,0.1588956862688064,0.054259605705738,0.0461775697767734,0.0367819108068943,0.0300410743802785,0.8129214644432068,0.7978342175483704,1.1278295516967771,0.6250212788581848,0.6470469236373901,0.6731714010238647,0.4794143140316009,0.3791908919811249,0.5194025039672852,0.4124641120433807,0.418248176574707,0.3563830256462097,0.4302016794681549,0.0049368063295299,0.0029687193265314,0.0304891420295321,0.0181717023994839,24.00145862910121,1,Rekurrensparese,2460,a_n
-211.55712890625,188.3849639892578,-2.098983764648437,8.159235954284668,-21.97854423522949,1.3681761026382446,-6.050290107727051,17.059925079345703,11.278192520141602,-0.6897055506706238,-0.2256984710693359,2.8528149127960205,-14.21178913116455,20.6676082611084,13.668957710266112,9.012585639953612,6.748817443847656,7.513604164123535,6.379562377929688,5.804386615753174,4.467551708221436,5.779783248901367,6.723133087158203,5.111231327056885,7.49618673324585,4.9252753257751465,-0.5899758338928223,-0.0965096652507782,0.2222250401973724,0.0982289090752601,0.0675024315714836,0.1059268787503242,0.0497072413563728,0.0233597941696643,0.0682948753237724,-0.0060563972219824,-0.031408280134201,0.0087415613234043,-0.065247431397438,2.426628828048706,1.4576090574264526,0.986904501914978,0.9485964775085448,1.0490243434906006,0.7397865653038025,0.9005850553512573,0.785677969455719,0.7526226043701172,0.8838024139404297,0.6842182874679565,0.8431985378265381,0.7730711698532104,0.3865292072296142,-0.2263409793376922,0.1171594634652137,-0.0012575527653098,0.1147431507706642,-0.0147729003801941,0.0323444530367851,-0.0833652019500732,0.0635659024119377,0.0664818435907363,-0.0501946210861206,-0.0061170351691544,0.095913752913475,1.5261579751968384,0.9004071354866028,0.8449641466140747,0.5220931172370911,0.5847602486610413,0.426726758480072,0.4105665683746338,0.46486496925354,0.5920353531837463,0.4798025786876678,0.5636383891105652,0.5016703605651855,0.6031573414802551,0.0050099251558462,0.0026929632840205,0.0188325725545021,0.0093518637811363,18.09253074964207,1,Rekurrensparese,2464,a_n
-301.3043518066406,201.93348693847656,21.330686569213867,-2.8039357662200928,-42.79015350341797,-13.746397972106934,-3.931793212890625,-14.159533500671388,-3.689748525619507,9.750258445739746,-8.210126876831055,-8.94703483581543,-1.3233909606933594,24.16855239868164,11.463465690612791,8.294938087463379,6.113309860229492,6.039975166320801,4.073886871337891,4.566710948944092,4.419880390167236,3.1603758335113525,3.6649773120880127,3.0885586738586426,4.339849472045898,2.666041374206543,-0.4856550991535187,-0.1273402273654937,-0.1258610337972641,0.1107513532042503,0.0963281318545341,0.0113855451345443,-0.1222605258226394,-0.2029610872268676,0.0318572930991649,0.0811577811837196,-0.0143901808187365,-0.1329312324523925,-0.0921491980552673,3.6561217308044434,1.7282110452651978,1.657787561416626,1.057983636856079,1.3277952671051023,0.8628897070884705,0.8319875001907349,0.8417978286743164,0.6800193786621094,0.732316255569458,0.4258358776569366,0.7123867869377136,0.3169481754302978,1.2555562257766724,-0.4512988626956939,0.0144291818141937,0.1257977336645126,0.2820462882518768,-0.174078419804573,-0.1336047500371933,0.1867843866348266,0.1185316070914268,-0.1242866665124893,0.0740572959184646,0.0771688520908355,0.0084138307720422,3.018493413925171,1.2496601343154907,0.5990120768547058,0.464430421590805,0.6759399175643921,0.6124950647354126,0.5116294622421265,0.5203295350074768,0.349574863910675,0.4971486330032348,0.3273900747299194,0.3580427467823028,0.2614544630050659,0.0072884813059853,0.0045495634072344,0.0267193177910914,0.0143201924576648,24.513564555943933,1,Rekurrensparese,2465,a_n
-300.96240234375,178.3575439453125,-30.259876251220703,-28.654682159423828,-40.08147430419922,-20.844741821289062,-15.518231391906738,-10.079238891601562,1.1828323602676392,-3.201079130172729,-14.551371574401855,-1.960155248641968,4.163852214813232,24.70246696472168,9.20232105255127,7.492362499237059,5.827216148376465,5.52376651763916,5.170980453491211,4.486273288726807,7.731898307800293,3.538086414337158,3.005174160003662,4.406383037567139,4.36074686050415,4.445444583892822,-0.9593607187271118,0.2180998027324676,0.1573269367218017,0.0638438239693641,-0.1391468942165374,0.0232960321009159,0.0763720870018005,-0.1880331933498382,-0.0617003366351127,-0.0167978499084711,-0.1603648662567138,-0.1010628342628479,-0.0605118237435817,5.294432163238525,1.7558159828186035,1.2049487829208374,1.0497254133224487,0.8395757079124451,0.6786016821861267,0.8341769576072693,0.6985266804695129,0.6582260131835938,0.382595956325531,0.6413995027542114,0.7343561053276062,0.7480536103248596,0.951673686504364,-0.1682371944189071,0.1529715955257415,0.1479712575674057,0.112576737999916,-0.0110004870221018,0.0620778016746044,0.0316564664244651,-0.0522897392511367,0.0021113438997417,0.0181960258632898,-0.0495561324059963,-0.1105353906750679,3.1572890281677246,1.4843628406524658,0.9641205668449402,0.8981859683990479,0.6758105158805847,0.5499000549316406,0.7625325918197632,0.5387652516365051,0.4378774762153625,0.3549436330795288,0.3850537538528442,0.3993223905563354,0.5505203604698181,0.0036531862522366,0.001491205734266,0.023812040638009,0.0100614744122582,24.066232885968887,1,Rekurrensparese,2469,a_n
-273.2226867675781,203.0735015869141,-41.00715255737305,-17.99777603149414,-19.095611572265625,-36.84786987304688,-25.703826904296875,20.27654838562012,-11.066485404968262,13.68348217010498,-15.71817684173584,-25.04854965209961,8.831583976745605,16.328500747680664,9.74478816986084,8.627662658691406,6.6799726486206055,6.698453426361084,4.299777507781982,3.735862970352173,3.818791151046753,4.702837944030762,4.33876895904541,3.549468517303467,3.165562391281128,4.0983428955078125,-0.4901264905929565,-0.3847905695438385,0.2668939530849457,0.1214190796017646,0.1156722083687782,0.113259419798851,-0.0010332250967621,0.024126386269927,-0.0602229498326778,0.0009509813971817,0.0140268430113792,0.0535727255046367,0.0092275403439998,1.5504333972930908,1.890959858894348,1.3310683965682983,0.9333158135414124,0.9416773319244384,0.7456769347190857,0.5161961913108826,0.6371952295303345,0.6653400659561157,0.5886960625648499,0.6142192482948303,0.5165449976921082,0.5386343002319336,0.268966406583786,0.2286292761564254,0.2056981325149536,0.0374170765280723,0.0767523571848869,0.0348090454936027,0.099582552909851,0.014136416837573,0.0901537835597992,-0.0011264102067798,0.0329998135566711,0.0498190112411975,-0.0008771216962486,0.9803521633148192,1.13450026512146,0.7872740626335144,0.4843710362911224,0.465395450592041,0.4541444182395935,0.431857705116272,0.4183030724525451,0.49073126912117,0.3038615882396698,0.3957138061523437,0.293650209903717,0.33592689037323,0.0035148050200317,0.0018166482794287,0.0180378253070298,0.0083919089783069,26.459878545505,1,Rekurrensparese,2476,a_n
-306.99383544921875,177.51255798339844,-5.937355041503906,33.15882110595703,-27.48039054870605,2.558098793029785,7.196146011352539,9.346136093139648,9.162797927856444,-14.16585636138916,-11.90964412689209,-8.223427772521973,0.4201582372188568,26.530460357666016,14.583852767944336,7.628706932067871,9.036209106445312,6.8589277267456055,5.676892280578613,6.8968610763549805,5.124758720397949,3.072014570236206,4.974293231964111,4.222185134887695,2.707737445831299,4.361033439636231,-1.0278172492980957,-0.723571240901947,0.166079431772232,0.4049252867698669,0.1074311435222625,-0.3845402896404266,0.1504819840192794,0.2721817791461944,-0.0367408469319343,0.045847300440073,0.1731169521808624,-0.0251245964318513,-0.2732332944869995,3.4593162536621094,1.0745964050292969,1.2550137042999268,1.362566351890564,1.0355970859527588,0.8493540287017822,0.9103862047195436,0.5195705890655518,0.5114590525627136,0.9607439041137696,0.862550675868988,0.4973253607749939,0.7857015132904053,1.2429242134094238,-0.0833278968930244,0.3861343264579773,-0.31226846575737,0.3829448819160461,-0.015883021056652,-0.0028729713521897,0.0216550305485725,0.040910817682743,0.2813613414764404,0.1498285830020904,-0.0527011230587959,-0.1383412033319473,2.434387683868408,0.5362983345985413,0.8146204948425293,0.6089276671409607,0.917121648788452,0.544398844242096,0.5512742400169373,0.5341727137565613,0.4258335828781128,0.5763657093048096,0.6294183135032654,0.4427289366722107,0.4023037254810333,0.0023051072527445,0.0008196569391699,0.0094784864022946,0.0038744781882119,27.362147965893765,1,Rekurrensparese,2491,a_n
-269.0469970703125,192.15219116210932,0.570227324962616,-0.7735501527786255,-30.338787078857425,4.186792850494385,8.113548278808594,-4.482388019561768,19.2951717376709,-1.81142008304596,-18.267379760742188,-2.6407158374786377,16.74883270263672,24.64996910095215,14.422475814819336,5.112019062042236,4.639164924621582,5.09699296951294,3.76467227935791,5.239990234375,5.934360980987549,3.056684255599976,4.244716644287109,3.038571834564209,2.525364398956299,2.691258192062378,-0.2574355602264404,-0.2553565800189972,0.0075969630852341,0.1086420491337776,0.0506655946373939,-0.021023379638791,0.0637802481651306,0.0655075460672378,-0.0184874515980482,-0.0442062318325042,-0.0386675931513309,-0.0152881974354386,-0.0103563787415623,1.985601544380188,1.5328989028930664,0.793843150138855,0.4798779785633087,0.6351566314697266,0.6726852059364319,0.7107918858528137,0.701391339302063,0.5827541351318359,0.5811856985092163,0.5399138331413269,0.4635836482048034,0.4434939324855804,0.009199846535921,-0.0417473837733268,0.0550886206328868,0.0423002615571022,0.0551945306360721,0.013598215766251,0.0413513518869876,0.0570461377501487,-0.0021751632448285,0.0135734677314758,0.0449443943798542,0.0099930446594953,-0.004725388251245,0.8173422813415527,0.6371231079101562,0.5753254890441895,0.3906646966934204,0.4490912854671478,0.3787305057048797,0.4644703269004822,0.4533800780773163,0.3655571341514587,0.4379079341888428,0.3697198331356048,0.3276205360889435,0.309765875339508,0.0042062310597777,0.0018477103807968,0.0279132990638377,0.0122606246965436,19.664856846242824,1,Rekurrensparese,2493,a_n
-172.1516876220703,200.31295776367188,-8.881401062011719,10.963004112243652,-25.40146255493164,-10.367841720581056,-8.795246124267578,19.02214241027832,30.598583221435547,-9.271862030029297,-9.062455177307127,2.2754149436950684,6.659184455871582,18.274402618408203,11.737418174743652,6.724170684814453,4.879707336425781,5.901977062225342,5.737357139587402,4.061686038970947,3.665735721588135,3.772041320800781,4.586391448974609,5.216763019561768,3.113208293914795,3.917025327682495,-1.700303077697754,-0.5474641919136047,-0.215545117855072,0.1620843410491943,0.2909101247787475,0.3823025226593017,-0.1032641604542732,0.093080960214138,-0.0488023161888122,-0.2383598983287811,0.2972483932971954,-0.1249427422881126,0.1162621453404426,1.9421740770339968,1.978675365447998,1.1418735980987549,0.6604695916175842,1.0219073295593262,0.6532436609268188,0.7598604559898376,0.4060917198657989,0.6793416738510132,0.7158983945846558,0.5331545472145081,0.4321210980415344,0.55982506275177,0.904277801513672,-0.5757409334182739,0.4719846248626709,-0.2111048400402069,0.1911019831895828,-0.0456651113927364,-0.0243878234177827,0.0083054807037115,-0.0958290249109268,0.1591403484344482,0.0521533600986003,0.0828915536403656,-0.0589142628014087,1.7395188808441162,0.8641746640205383,0.8468188643455505,0.7158270478248596,0.5312833786010742,0.435073047876358,0.4145846366882324,0.46149742603302,0.5866479873657227,0.5004786252975464,0.4246467351913452,0.3665904104709625,0.4488171935081482,0.008033116818569,0.0050891913402324,0.0775958474017307,0.0397869863238555,14.840258209806532,1,Rekurrensparese,2496,a_n
-279.7373962402344,209.31918334960932,23.25302124023437,7.622538089752197,-22.230934143066406,-22.661725997924805,-11.1832275390625,-3.6753315925598153,10.623648643493652,8.110262870788574,-9.754528045654297,-9.599968910217283,-6.591078758239746,18.019948959350582,6.125760078430176,7.710352420806885,3.875522375106812,3.821460485458374,4.722058773040772,4.055834293365479,4.836071014404297,4.554326057434082,2.8785653114318848,3.4385476112365723,2.67160964012146,4.516607761383057,-0.6457861065864563,-0.0512166693806648,0.1237293258309364,0.1030249521136283,0.0402699373662471,0.0295441411435604,-0.0022222027182579,-0.0217724665999412,0.045792631804943,-0.0264921989291906,-0.0167926922440528,-0.0002883612178266,-0.0579314343631267,2.166959047317505,0.7826949954032898,1.0575755834579468,0.597206175327301,0.4880750477313995,0.5956124663352966,0.5552783012390137,0.503797709941864,0.6005104184150696,0.4519430994987488,0.5375140905380249,0.4663125872611999,0.5279623866081238,0.3537222445011139,-0.0857783704996109,0.1858103424310684,0.1184685751795768,0.1020487919449806,0.0750204920768737,0.0105598745867609,0.014586049132049,-0.0049704983830451,-0.0339109003543853,0.0366048999130725,0.0450203455984592,-0.0068038860335946,1.2913765907287598,0.6877445578575134,0.678869366645813,0.5156850814819336,0.525929868221283,0.4583551585674286,0.3563885390758514,0.2694936394691467,0.3496247231960296,0.3580873608589172,0.3511539101600647,0.3610898554325104,0.3351454138755798,0.0088217289402304,0.0055106006933164,0.0351128651110688,0.0216994975316466,24.913335177305623,1,Rekurrensparese,2501,a_n
-216.3941345214844,172.9822540283203,-25.50254440307617,17.525230407714844,-7.379415512084961,-4.828888893127441,-4.182775974273682,38.57159805297852,7.661311149597168,3.9154560565948486,-2.3165392875671387,0.5793476700782776,9.54963493347168,15.14834213256836,6.522481441497803,6.544911861419678,4.205697536468506,4.669177532196045,6.462965488433838,5.3575544357299805,5.036041259765625,6.782155990600586,4.719030857086182,6.144442558288574,4.535855293273926,4.335407257080078,0.1303204596042633,0.5501399040222168,0.1604536175727844,0.2601464092731476,-0.1048576533794403,0.013337081298232,0.0422538854181766,0.3896722793579101,0.2781595885753631,0.0315457992255687,0.2203881442546844,0.0723936930298805,0.128348022699356,2.86962366104126,1.2238112688064575,1.334210991859436,0.7747684121131897,0.6102572679519653,1.0214987993240356,1.0607705116271973,0.8276641368865967,0.5934511423110962,0.7080883979797363,1.073804497718811,0.8697563409805298,0.5045774579048157,0.1224535033106803,-0.140146404504776,0.3497777581214905,0.0022759272251278,0.1016305238008499,0.0522548221051692,0.0413773134350776,-0.1700063049793243,0.0950879678130149,-0.0144225563853979,0.0215023625642061,0.014384577050805,-0.0163206551223993,0.994493305683136,0.8892988562583923,0.7407838106155396,0.5829058289527893,0.2997656464576721,0.4656915664672851,0.7737696766853333,0.6268181800842285,0.5265970230102539,0.4848209023475647,0.6318446397781372,0.5512669682502747,0.3743908405303955,0.0278722764175879,0.0169071492905478,0.193777234092567,0.0960285803738634,7.480621168463037,1,Rekurrensparese,2507,a_n
-272.4756774902344,239.2640838623047,34.5460090637207,15.177016258239746,-22.195402145385746,-20.97891998291016,-26.840726852416992,-3.325120210647583,20.12663650512696,1.1675468683242798,-18.10722541809082,-17.53257942199707,-1.7175918817520142,30.07669258117676,6.588701725006104,5.17598295211792,3.909094095230103,4.110004425048828,3.295814752578736,3.4534387588500977,5.303282260894775,5.456993103027344,4.485983848571777,3.7582778930664062,4.266852855682373,6.454498767852783,-0.8132807016372681,0.1160159260034561,0.0553045198321342,0.0925868600606918,0.0665966868400573,0.0308007653802633,-0.0161455292254686,-0.0971748903393745,-0.0562071539461612,-0.0045500774867832,-0.0285637844353914,-0.060778297483921,-0.0583574213087558,1.950309991836548,1.192966341972351,0.5217963457107544,0.5655547976493835,0.5109832286834717,0.6213029026985168,0.7029962539672852,0.7458404302597046,0.4850481152534485,0.6238683462142944,0.6072617769241333,0.5222498774528503,0.678752064704895,0.2229177802801132,-0.1484814137220382,0.0198433976620435,-0.0270579792559146,0.0593239068984985,-0.0001455143064958,0.0411308854818344,0.0046428404748439,-0.0614867620170116,0.0291778538376092,0.0611841231584548,0.0237405039370059,-0.005010881461203,1.1706793308258057,0.8490836024284363,0.3885169625282287,0.4073885977268219,0.3923935294151306,0.3811729848384857,0.4138622879981994,0.461111307144165,0.4234121441841125,0.4420584440231323,0.3653779923915863,0.3439779579639435,0.3565655648708343,0.0047096515431316,0.002718558921983,0.0626005614818579,0.0366036711122875,21.824958158968325,1,Rekurrensparese,2508,a_n
-303.48260498046875,177.2691650390625,2.685112714767456,2.5815858840942383,-40.090553283691406,2.8860085010528564,2.333424568176269,2.6434803009033203,13.758254051208496,10.30521297454834,-10.535115242004396,-5.832690715789795,-3.981323003768921,18.836652755737305,5.473860740661621,6.051682949066162,4.4644293785095215,7.11275053024292,5.77806568145752,3.445655345916748,5.60518741607666,4.226468563079834,3.916954040527344,6.320753574371338,3.3776984214782715,4.455860137939453,-0.1046341508626937,-0.1412954032421112,-0.0300478246062994,0.0314843729138374,-0.0148863084614276,-0.1473022103309631,-0.0632330328226089,0.0036468033213168,0.0767860859632492,-0.019366392865777,-0.1192358210682869,0.0279409494251012,0.037366334348917,2.812105178833008,0.7005972862243652,1.1555087566375732,0.5755256414413452,1.4713222980499268,0.6346743702888489,0.5187233686447144,0.7528143525123596,0.6519883275032043,0.6363602876663208,0.7198344469070435,0.5631486177444458,0.5773152112960815,0.6968473196029663,-0.1569100618362426,0.1815990805625915,0.0855050534009933,0.330721914768219,-0.0192513540387153,-0.012150970287621,-0.0002733030123636,-0.0080569330602884,-0.0351700857281684,0.0467400774359703,0.0252230986952781,-0.0823164209723472,2.1171975135803223,0.5544468760490417,0.6724768877029419,0.4370636343955993,1.0808290243148804,0.4668536782264709,0.3587903380393982,0.5434801578521729,0.4163275361061096,0.3853103220462799,0.4709970355033874,0.4137771129608154,0.382257729768753,0.0058612626961695,0.0035259870369575,0.032216364456316,0.0190202073647322,21.19874128422793,1,Rekurrensparese,2512,a_n
-311.3565979003906,199.69992065429688,70.1298599243164,23.1905574798584,-13.292049407958984,-1.7964340448379517,3.224515676498413,-2.3579776287078857,9.984905242919922,10.598593711853027,14.7503662109375,13.982687950134276,-4.734644889831543,38.05021667480469,21.20253562927246,12.045252799987791,9.05207633972168,10.276817321777344,6.336421966552734,6.0816521644592285,4.848989009857178,3.813324451446533,4.697325706481934,3.2990164756774902,3.5897765159606934,4.38518762588501,-1.1081727743148804,-0.4507840871810913,0.1217625215649604,0.2291506677865982,0.2224459499120712,0.1093584150075912,0.1250064224004745,-0.0219756625592708,-0.0044984370470047,0.056450318545103,0.0722891837358474,0.0398760847747325,0.0994537025690078,3.020457029342652,2.5025784969329834,1.447842359542847,0.9197568297386168,1.1390647888183594,1.0824819803237915,0.8321845531463623,0.6762438416481018,0.6187018156051636,0.6798489689826965,0.5965823531150818,0.5413024425506592,0.6171386241912842,0.3474271595478058,-0.2206375151872635,-0.1221345365047454,0.0352346338331699,0.1070882529020309,-0.0162250641733407,-0.0388482622802257,0.0336602181196212,0.0330537967383861,0.0159176010638475,-0.0067627974785864,-0.0368349887430667,0.0424908325076103,1.6294718980789185,0.9814679622650146,0.8242518901824951,0.5021196007728577,0.5439181327819824,0.4643963873386383,0.4490752816200256,0.4253442883491516,0.3703258037567138,0.4154917299747467,0.3545792698860168,0.3685112595558166,0.4035418331623077,0.0147600622630625,0.0080419510065244,0.0674908203955562,0.0342740839206907,19.852200722308435,1,Rekurrensparese,2527,a_n
-342.2846374511719,153.79916381835938,30.96607780456543,15.884127616882324,-44.56379318237305,-12.936777114868164,-15.480342864990234,18.738466262817383,37.87808990478516,-4.773202419281006,-3.780836343765259,1.3718515634536743,-4.845013618469238,25.26488304138184,8.259967803955078,4.116720199584961,5.23988151550293,6.27260160446167,4.254199504852295,5.70794677734375,4.633146286010742,5.955787658691406,4.887730121612549,4.650947570800781,5.464829921722412,3.180605888366699,-1.431901454925537,-0.0974562391638755,0.0483518987894058,-0.124002031981945,0.0226192511618137,0.053608801215887,0.0520372167229652,0.0291056148707866,-0.0049358545802533,-0.2107974290847778,-0.2041406333446502,-0.2396774142980575,-0.0755334123969078,3.1496007442474365,1.4417730569839478,0.6313517093658447,0.6863077282905579,1.0307258367538452,0.8258820176124573,0.9006783366203308,1.0442194938659668,1.236318826675415,0.9287421703338624,0.9394760131835938,0.8305912613868713,0.692108690738678,0.8736470937728882,0.0515200681984424,0.0694602727890014,-0.100770317018032,0.2920718193054199,0.1686497628688812,0.2553499042987823,-0.0648084804415702,-0.2408613860607147,0.1301136314868927,0.0761967375874519,-0.1316315233707428,-0.0603937394917011,1.933007836341858,0.7363321185112,0.5017622113227844,0.6577558517456055,0.783274233341217,0.6010021567344666,0.7682535648345947,0.5674458742141724,0.5675333142280579,0.6011531352996826,0.5212692022323608,0.4461331069469452,0.4097991585731506,0.0078217704605423,0.004503310698356,0.0621109525749385,0.0304386702468506,16.989717842840964,1,Rekurrensparese,2536,a_n
-257.3444519042969,214.91265869140625,-13.159828186035156,-17.112695693969727,-27.96125602722168,-13.919792175292969,-10.749237060546877,7.976393222808838,8.073219299316406,-4.15109395980835,-14.519758224487305,-9.499211311340332,-8.46027946472168,30.29356575012207,12.540719985961914,12.632615089416504,7.175189971923828,7.893404483795166,4.533498764038086,4.006750106811523,3.402437448501587,5.352581024169922,3.747573375701904,4.306342124938965,3.7583940029144287,3.3443856239318848,-1.371267557144165,-0.9719582200050354,0.8257170915603638,0.4421905875205993,0.4017722308635711,0.1667612195014953,0.041126936674118,-0.0585931576788425,0.0835976749658584,0.0937656760215759,-0.137849286198616,-0.1546090990304947,0.0458345040678978,2.4052138328552246,1.4691505432128906,1.244877815246582,1.3744252920150757,1.202111005783081,0.719428300857544,0.8462644219398499,0.814060628414154,0.8106294274330139,0.7793615460395813,0.8386726975440979,0.5276719927787781,0.5403351187705994,0.6119060516357422,-0.2835896909236908,0.362391710281372,0.1961178481578827,0.1188452690839767,0.0908830612897872,0.0357484109699726,-0.0249981898814439,-0.0691570863127708,0.0803009942173957,0.1247519180178642,-0.0177146270871162,0.0317863337695598,1.9209673404693604,0.8771089315414429,1.020256280899048,0.7149888873100281,0.5801766514778137,0.4708685874938965,0.4857794046401977,0.4378964006900787,0.5284213423728943,0.5154122114181519,0.5752390623092651,0.327432781457901,0.298896461725235,0.0029019313726043,0.0017231146750274,0.0336093564287286,0.0195383751265481,26.96041471249491,1,Rekurrensparese,2538,a_n
-321.297119140625,219.6809844970703,42.741092681884766,24.55817604064941,-17.71822166442871,-5.4289751052856445,-10.637792587280272,-7.289978504180908,11.169469833374023,1.1443206071853638,-3.139068603515625,-4.384912490844727,-4.1821770668029785,44.27020263671875,22.94545555114746,12.158263206481934,9.653377532958984,7.307119846343994,7.275224208831787,14.998799324035645,8.83061695098877,6.952384948730469,4.450185775756836,7.449862957000732,3.521803855895996,4.8186750411987305,-1.746687650680542,-0.8373816609382629,0.3451208770275116,0.4278229176998138,0.1749089956283569,0.1286377161741256,0.4718544483184814,0.2240734249353408,-0.0060217911377549,-0.1300505250692367,-0.2262393832206726,0.0414517186582088,-0.0629034340381622,2.1479320526123047,1.4787791967391968,1.587454319000244,1.370406985282898,0.9682725071907043,0.7850160002708435,0.9260703921318054,1.1933757066726685,0.7189157009124756,0.6997883319854736,0.6340571045875549,0.5088680982589722,0.62675940990448,0.1494930684566497,0.0006989946123212,0.0252402946352958,-0.0853926390409469,0.0067823370918631,0.0093425111845135,0.0069371117278933,0.0104837771505117,0.0779582411050796,0.0211253315210342,-0.0251128338277339,0.01724942214787,0.001344897202216,1.2920252084732056,0.8465573191642761,0.734588086605072,0.7655561566352844,0.6761415600776672,0.5311150550842285,0.592085063457489,0.4930799901485443,0.5879421234130859,0.4265489280223846,0.5153684020042419,0.5056149363517761,0.3140813410282135,0.0118270571619135,0.0050452799502759,0.0753629270459616,0.0306404185010426,21.573033782041456,1,Rekurrensparese,2539,a_n
-282.9918518066406,200.531982421875,0.5129016041755676,-1.4510010480880735,-32.56831741333008,-25.03173065185547,0.2554064989089966,11.093306541442873,-3.398524761199951,-3.149574518203736,-20.18026351928711,5.718644142150879,6.613900184631348,27.889789581298828,9.898672103881836,11.98386287689209,7.517948627471924,8.56379508972168,8.131911277770996,5.863356113433838,4.418460845947266,6.457032680511475,3.819348573684693,5.070451259613037,4.689200401306152,4.931767463684082,-0.3310957849025726,0.0261910110712051,-0.0676233023405075,-0.2836357057094574,-0.0430801063776016,0.0883935466408729,-0.2217527776956558,-0.031411737203598,0.0563814602792263,-0.0465337820351123,-0.236147329211235,-0.135716512799263,0.1030910611152648,4.421398639678955,1.4502309560775757,1.785929799079895,0.7954588532447815,1.4936387538909912,1.334254026412964,0.7248509526252747,0.6558237671852112,0.9223180413246156,0.7242783904075623,1.056597352027893,0.5968045592308044,0.8941603899002075,1.5194875001907349,-0.3287643194198608,0.0968733876943588,0.043051429092884,0.2786349952220917,0.264885812997818,-0.0031898911111056,-0.0887961313128471,0.0826051533222198,0.1568215191364288,0.2997921109199524,-0.0982074439525604,-0.1314016729593277,3.204655885696411,1.1121689081192017,0.5404754281044006,0.4429011642932892,0.9991400837898254,0.9552775025367736,0.354090541601181,0.488747239112854,0.5459667444229126,0.5695115923881531,0.6786189079284668,0.397029161453247,0.600354790687561,0.0030496751512546,0.0016630226780475,0.0232425241765542,0.0108841218723438,27.48976282508293,1,Rekurrensparese,2562,a_n
-292.1558532714844,211.50738525390625,-1.1868537664413452,-7.580273151397705,-25.861957550048828,-4.408375263214111,-16.699338912963867,-14.39260196685791,0.967416524887085,-17.252925872802734,-15.580469131469728,3.446499347686768,7.637834072113037,20.25288963317871,11.276286125183104,9.716678619384766,6.403132915496826,6.6630401611328125,6.070607662200928,5.984368801116943,5.136292457580566,5.977872371673584,5.219883441925049,4.866898536682129,4.104015350341797,4.856023788452148,-0.6326944828033447,-0.0541291460394859,0.0800355821847915,0.0057522212155163,-0.0309429820626974,-0.0361540764570236,0.0536784715950489,-0.0412981361150741,-0.0898491144180297,-0.1029487550258636,-0.1250752061605453,-0.0544800497591495,0.1509010046720504,2.594444513320923,2.0186309814453125,1.32342267036438,0.8334338068962097,0.7553216814994812,0.8099643588066101,1.0427923202514648,1.0331238508224487,0.7553645968437195,0.6340996623039246,0.8549528121948242,0.8186987042427063,0.831985592842102,0.4630987048149109,-0.1266845315694809,0.2133210897445678,0.1458763480186462,0.1210261359810829,-0.0311243906617164,0.0933063849806785,0.0707361176609993,-0.0557224154472351,0.0342907458543777,0.0521188750863075,-0.0169214401394128,-0.0236047562211751,1.836424827575684,1.175283908843994,0.9965600967407228,0.7711408734321594,0.7125718593597412,0.4757317006587982,0.5917124152183533,0.6723502278327942,0.5641297698020935,0.4641225636005401,0.6263644695281982,0.5934689044952393,0.5456755757331848,0.0055547697128274,0.0027856518831708,0.0397913345162483,0.0216216609981802,21.982989892866147,1,Rekurrensparese,2563,a_n
-292.8429870605469,177.21795654296875,-23.215362548828125,9.120388984680176,-17.69342613220215,0.7639309763908386,3.90945029258728,12.36270809173584,14.301541328430176,-11.886253356933594,-8.172110557556152,-8.622629165649414,-3.4241888523101807,19.52511215209961,6.823559284210205,8.349639892578125,5.365482330322266,8.1334810256958,4.5938215255737305,5.138866424560547,4.062607288360596,4.516222953796387,5.066684246063232,3.450354814529419,2.9579365253448486,4.181159496307373,-0.2653743624687195,-0.0890082567930221,-0.031352013349533,-0.0535129234194755,-0.2316884249448776,-0.1634008437395095,0.0428541786968708,0.0898212641477584,0.1607109308242797,0.072097010910511,0.021665895357728,-0.0443235859274864,-0.0556480064988136,2.886962890625,1.0140641927719116,1.6508784294128418,0.8547577857971191,1.278948187828064,0.7715396285057068,0.8066487312316895,0.755138635635376,0.7088810205459595,0.7126327157020569,0.5354844927787781,0.42353555560112,0.6737251877784729,0.7158539295196533,-0.273372083902359,0.3949645459651947,0.1175413131713867,0.2905577719211578,0.1656546145677566,0.1421022266149521,0.0890000313520431,0.0345534831285476,0.062047854065895,-0.0247560329735279,0.0149510437622666,0.0010828488739207,1.831425786018372,0.938158392906189,1.083905816078186,0.7850461006164551,0.8160293102264404,0.6784895062446594,0.6632390022277832,0.4119099378585815,0.5237823724746704,0.336343914270401,0.3661821782588959,0.3704144358634949,0.4744889736175537,0.0057043104210754,0.0033404406935191,0.0375725140114485,0.0193040090080959,18.895518311813287,1,Rekurrensparese,2564,a_n
-258.5245056152344,198.0320281982422,8.486529350280762,1.5559161901474,-36.78683853149414,-5.376120090484619,-12.596765518188477,2.9409453868865967,-6.981123924255371,-0.5306353569030762,4.931321144104004,-10.326467514038086,-1.2160873413085938,25.01551818847656,11.01565647125244,5.061756610870361,4.191105365753174,6.786999702453613,5.553695201873779,7.438169479370117,4.010616302490234,4.228630065917969,4.539580821990967,3.044079065322876,3.44776463508606,3.846779584884644,-1.293537974357605,0.3695636987686157,0.0468010529875755,-0.1394515931606292,-0.1763908863067627,0.1140884310007095,0.2293039113283157,0.1266948878765106,-0.117364265024662,-0.1835970729589462,0.0081592081114649,-0.0010993689065799,0.0150841502472758,4.053293704986572,1.506912350654602,0.9200857281684875,0.7225881814956665,1.210299372673035,0.752891480922699,0.5728533267974854,0.6548120379447937,0.779208242893219,0.6485035419464111,0.5577057003974915,0.6373449563980103,0.5735828280448914,0.6984043121337891,-0.1812499165534973,0.1769687235355377,0.0468125715851783,0.2248126566410064,-0.0072587309405207,0.0768224075436592,-0.0125535819679498,0.0970083028078079,-0.0452328398823738,-0.0332920476794242,0.0800907611846923,-0.0330202840268611,2.154801845550537,1.1723679304122925,0.5559899210929871,0.4500420093536377,0.686396062374115,0.5162405371665955,0.4722979962825775,0.4818102419376373,0.4223405122756958,0.508593738079071,0.4077028930187225,0.5154222846031189,0.4727915525436401,0.0090995728846452,0.005780492814899,0.0373622124789418,0.0228655075165868,24.324329908111867,1,Rekurrensparese,2565,a_n
-247.3916473388672,181.5247344970703,27.48291206359864,28.840539932250977,-24.13401222229004,-4.500857830047607,-13.491046905517578,27.83926010131836,27.05271339416504,19.572221755981445,-3.399157762527466,-2.1381680965423584,21.58558464050293,13.466928482055664,7.576345443725586,3.994056701660156,5.120970726013184,5.903794288635254,4.725520610809326,4.792933464050293,4.744369983673096,5.846738815307617,4.616827011108398,5.808543682098389,4.530866146087647,5.555176258087158,-0.5616680979728699,0.1275391280651092,0.0411285609006881,0.0265016257762908,-0.1048986315727233,0.0652598366141319,0.0021988493390381,0.082069344818592,0.1492326706647873,-0.0087866084650158,0.04335318505764,-0.1534923017024994,-0.0388117432594299,2.175343990325928,1.2094894647598269,0.6230635643005371,0.9606062173843384,0.8505626320838928,0.5499267578125,0.8020086288452148,0.7152962684631348,0.5788084864616394,0.7401947975158691,0.8783246874809265,0.6072663068771362,1.0276368856430054,0.3316222727298736,-0.3013812601566314,-0.0548580661416053,-0.0608727969229221,0.1644665598869323,0.0315172001719474,0.0745127871632576,-0.0739370733499527,-0.0207185726612806,-0.0305763930082321,0.1155410185456276,0.0160028263926506,-0.1115274056792259,1.2401845455169678,1.038910150527954,0.4466449916362762,0.5661336183547974,0.7374009490013123,0.4848915636539459,0.5339637398719788,0.53971266746521,0.4259901046752929,0.6318399310112,0.6631872653961182,0.5144757628440857,0.7883576154708862,0.0220687936174261,0.0131730906809876,0.0684392615561988,0.0338318192014793,10.565142032936231,1,Rekurrensparese,2570,a_n
-303.6436462402344,176.47276306152344,-25.85425567626953,-1.4585260152816772,-47.67032623291016,-14.32834815979004,-10.107342720031738,8.770204544067383,4.715545654296875,-16.449291229248047,-7.086097240447998,-8.303199768066406,-4.934963703155518,19.868146896362305,6.66895055770874,10.450139045715332,8.156542778015137,8.585759162902832,3.512847661972046,4.366919994354248,4.28802490234375,5.034821033477783,6.174890041351318,4.118170261383057,3.734353542327881,5.150071144104004,-0.6673687100410461,0.2403004765510559,0.2905071973800659,0.2702381908893585,0.0833061784505844,0.0358639433979988,-0.0468020923435688,0.011149282567203,-0.0121451299637556,0.0240849535912275,-0.0690234526991844,0.107033334672451,0.0158361066132783,3.6859114170074463,1.5589699745178225,1.2668884992599487,0.6123312711715698,0.8607581853866577,0.6067611575126648,0.7599245309829712,0.6937724351882935,0.7559747099876404,0.7372550368309021,0.6045317649841309,0.6296431422233582,0.5946410894393921,0.8652747869491577,0.0866882503032684,0.3990024030208587,0.034376248717308,0.1491704285144806,0.0497934706509113,0.0636545121669769,-0.0562565140426158,-0.0335712246596813,0.0420102588832378,0.0132023934274911,0.0735547244548797,0.0358369201421737,2.813682794570923,0.8349519371986389,1.487608551979065,0.4345244765281677,0.6839277148246765,0.4712085425853729,0.4560474455356598,0.4306919872760772,0.4076562523841858,0.4449545741081238,0.4015431404113769,0.5570458769798279,0.3775368928909302,0.0021091304937604,0.0011871846109876,0.013928035346678,0.0075755145284792,28.16087260644393,1,Rekurrensparese,2581,a_n
-238.4974822998047,201.6127471923828,-9.194308280944824,29.94355201721192,-11.010862350463867,27.935657501220703,-5.06840181350708,-13.457374572753906,13.336204528808594,-24.86705017089844,-25.462875366210938,1.6390835046768188,-11.124154090881348,21.98912811279297,8.169621467590332,12.00786304473877,5.317597389221191,7.601695537567139,6.376163005828857,4.77476692199707,4.5603461265563965,4.623539924621582,5.571356296539307,3.749464750289917,4.44925594329834,3.482393980026245,-0.6455177068710327,-0.0568950027227401,0.1889267116785049,0.0918274745345115,0.2070757448673248,0.1998931169509887,0.1810499131679535,-0.1278422176837921,-0.2148952633142471,-0.047498732805252,0.0073933606036007,-0.0271600969135761,-0.0595379769802093,2.059686183929444,1.2754786014556885,1.0699756145477295,0.7977187037467957,0.8925973773002625,0.4821191132068634,0.7292922735214233,0.7712329626083374,0.7245250344276428,0.6277540326118469,0.5778618454933167,0.5725300312042236,0.5034338235855103,0.3299635052680969,-0.2790688574314117,0.1775519996881485,-0.0477009452879428,0.1302345246076584,-0.113718681037426,0.0582669973373413,0.0581685751676559,-0.0326269082725048,0.0634810104966163,0.058072131127119,-0.0681068748235702,0.0229724273085594,1.2922910451889038,0.8296213150024414,0.5843012928962708,0.4004115462303161,0.6412578225135803,0.4560010731220245,0.5517715811729431,0.4122065305709839,0.4460469186306,0.5396326780319214,0.4513456523418426,0.4117690920829773,0.417687326669693,0.0053583410741214,0.0028335840400692,0.0421911696161465,0.0206100815355907,22.83737218606961,1,Rekurrensparese,352,a_n
-307.9007263183594,173.93017578125,-1.4466203451156616,-8.16470718383789,-47.28354644775391,8.893101692199707,-24.533174514770508,0.7010276317596436,16.3035831451416,-15.5701265335083,-10.230121612548828,-4.52293062210083,-0.2165889590978622,16.443315505981445,7.667556762695312,5.9408369064331055,5.646176815032959,5.142635822296143,5.09942102432251,5.922452449798584,4.230224132537842,4.556475639343262,4.458105564117432,5.185202598571777,4.349814414978027,4.6801066398620605,-0.2025916129350662,0.1133800372481346,-0.0120099289342761,0.0175806954503059,-0.0493134409189224,-0.0013347138883545,-0.0312660299241542,-0.000363271246897,0.0202995911240577,-0.0888296514749527,-0.0147809144109487,0.0391982868313789,0.0438827387988567,2.068075895309448,1.2297805547714231,0.8977587819099426,0.8689388036727905,0.744957685470581,0.7048722505569458,0.7512686848640442,0.7029134035110474,0.7874504923820496,0.5710353851318359,0.6813738942146301,0.6250408291816711,0.7457653880119324,0.2569643855094909,0.0978394523262977,0.1010815352201461,0.0237684529274702,0.0589320845901966,-0.0397140942513942,0.0328281484544277,-0.0050435755401849,-0.0399806313216686,-0.0052731921896338,0.0029346346855163,0.0043553705327212,-0.0001059549394994,1.2666257619857788,0.8723268508911133,0.6151041984558105,0.5163809061050415,0.6004408597946167,0.5214928984642029,0.4452998340129852,0.5515586733818054,0.4722899794578552,0.3811566233634949,0.4876155853271484,0.414833515882492,0.4479072391986847,0.0023623075124507,0.0012596767938326,0.0406198228141647,0.0188464762981012,25.88372826619013,1,Rekurrensparese,356,a_n
-259.8056640625,175.64556884765625,12.034637451171877,40.28377151489258,-25.46320152282715,-10.48578643798828,-15.296553611755373,38.248233795166016,9.62343978881836,-15.122573852539062,18.91188621520996,-5.550940036773682,-2.0075254440307617,24.368942260742188,8.9597749710083,8.603494644165039,7.218494415283203,5.472240447998047,5.463773250579834,9.157361030578612,6.114481925964356,7.397930145263672,6.949918746948242,6.611698627471924,4.289906024932861,5.44846248626709,0.0835721343755722,0.0619573332369327,-0.0587632432579994,0.078664094209671,-0.0462630540132522,-0.0273889452219009,-0.0558341406285762,0.0213485602289438,0.0278987977653741,-0.0351916216313838,-0.0179340317845344,-0.0138644119724631,0.0024469180498272,2.648589372634888,1.5661330223083496,0.997345805168152,0.9616678357124328,0.933347225189209,0.7831252813339233,1.000382423400879,0.8554849624633789,0.9313085675239564,0.8205299377441406,0.8126831650733948,0.5789291858673096,0.8442647457122803,0.0790040120482444,-0.0537605136632919,0.035029798746109,-0.0692342445254325,0.0720823407173156,-0.0247683860361576,0.0229008868336677,0.0108615653589367,-0.0069032600149512,0.0504456050693988,-0.0011268419912084,-0.0167094394564628,-0.0051139206625521,1.0253729820251465,0.8490212559700012,0.7663432359695435,0.7408926486968994,0.5860389471054077,0.6426885724067688,0.5262977480888367,0.6044540405273438,0.5963301062583923,0.537031352519989,0.5346680879592896,0.4774373173713684,0.4545466899871826,0.0100116289004887,0.0056004911400814,0.0563192132926716,0.0270750341520579,14.114546897025718,1,Rekurrensparese,358,a_n
-301.9266967773437,149.63197326660156,24.81991195678711,34.78251266479492,-54.03607177734375,-1.5728808641433716,-12.47457218170166,3.895841836929321,19.257709503173828,-10.877256393432615,-10.684494972229004,-3.579860210418701,-19.26771354675293,24.69645500183105,4.041098117828369,9.151239395141602,6.432556629180908,6.787509441375732,4.267959117889404,4.634819507598877,7.235319137573242,3.770662546157837,3.795905113220215,4.192995071411133,3.7459404468536377,3.938845157623291,-0.5032461285591125,-0.0706143602728843,0.1482007056474685,0.1878349035978317,0.0332998149096965,0.0933106318116188,-0.0425306782126426,-0.1622701585292816,-0.0687168985605239,-0.0589344501495361,-0.0951214879751205,0.0230501256883144,-0.0535577945411205,2.365257740020752,0.5703232884407043,0.8153995871543884,0.7945001125335693,1.298839449882507,0.6388576626777649,0.755947470664978,0.6347606778144836,0.5697855353355408,0.6276289224624634,0.7018886804580688,0.4701686799526214,0.5853592157363892,0.5674619078636169,0.0252218786627054,0.0458382032811641,-0.0412133447825908,0.2573958933353424,-0.0343988761305809,0.0341806784272193,-0.0245113559067249,-0.0073745646513998,0.0966345518827438,0.0781394690275192,-0.0279276277869939,-0.0231973398476839,1.782036066055298,0.4434364438056946,0.3873733580112457,0.4967358112335205,0.9582086801528932,0.4123295247554779,0.5418100953102112,0.4457664489746094,0.4662286937236786,0.4602890908718109,0.5028882026672363,0.3866406679153442,0.3892430365085602,0.0027094793778181,0.0015064005314925,0.0159427987637043,0.0084566751021102,25.758423449510783,1,Rekurrensparese,362,a_n
-231.22808837890625,152.59173583984375,-7.475149631500244,57.28297424316406,-45.820926666259766,-18.19476127624512,-8.128474235534668,6.305549144744873,36.52659606933594,16.992137908935547,-4.439891815185547,8.69950008392334,1.3906679153442385,27.13412857055664,5.341030120849609,6.861813068389893,4.712145805358887,6.112103462219238,4.859882354736328,5.156371116638184,5.471953392028809,5.912137031555176,3.943374156951904,3.379099607467652,3.99074387550354,4.086961269378662,-0.6956909894943237,0.1097420081496238,0.1230858564376831,0.0285530909895896,0.0884845331311225,-0.0258481800556182,0.099767118692398,-0.0695333704352378,0.0457218661904335,0.0718396380543708,0.0159274768084287,-0.0281608868390321,-0.0067039406858384,0.9368321299552916,0.7748372554779053,0.8089978098869324,0.7013112902641296,0.748069703578949,0.6159266829490662,0.8600670695304871,0.6796883344650269,0.7211335301399231,0.5986570715904236,0.5562940835952759,0.564262866973877,0.5876058340072632,0.065245971083641,-0.0642839595675468,0.0553107038140296,-0.0986341312527656,0.0642090439796447,0.0119376350194215,0.0688230320811271,0.0164156556129455,-0.0425338931381702,-0.0271279737353324,0.0159770995378494,0.0611915215849876,0.0756377875804901,0.7196427583694458,0.5025737285614014,0.4317688345909118,0.6465926766395569,0.4891239404678345,0.4784956574440002,0.766425371170044,0.4745384156703949,0.5353699922561646,0.5181056261062622,0.4229373633861542,0.6034420132637024,0.6035684943199158,0.014125779763692,0.0076831246516363,0.1443961731613454,0.079305425098683,5.931797595172055,1,Rekurrensparese,364,a_n
-247.79812622070312,233.3316345214844,28.208829879760746,27.374345779418945,-18.624080657958984,-31.80915069580078,-27.64344596862793,-2.557091236114502,-0.6108075976371765,-3.51515793800354,9.389595985412598,-20.996257781982425,-6.197771072387695,19.77997398376465,9.530285835266112,5.01904296875,5.709408283233643,7.821428298950195,7.231920719146728,9.146615028381348,3.334566116333008,4.181515693664551,3.933129549026489,6.263765335083008,6.32490873336792,3.951658964157105,-0.3934562802314758,0.0237019695341587,0.0460659898817539,0.0152731006965041,0.0544011928141117,0.0958759859204292,0.1447042971849441,0.066339261829853,0.0106590194627642,-0.0145486341789364,-0.0676852539181709,-0.025092277675867,-0.0471104867756366,2.14886212348938,1.5443544387817385,0.553249716758728,1.1450084447860718,0.7591143250465393,0.742127001285553,0.6732106804847717,0.6019128561019897,0.5888748168945312,0.4873237907886505,0.4430974423885345,0.9190709590911864,0.4195174872875213,0.4855946898460388,-0.3155047595500946,0.0195485483855009,-0.0746073275804519,0.0660990998148918,0.111671894788742,0.0362236090004444,-0.0528559349477291,-0.0033749404828995,0.0208684876561164,0.0026559974066913,0.1314422339200973,0.0022575655020773,1.7894017696380615,1.1836628913879397,0.3235788941383362,0.5636254549026489,0.4161028265953064,0.5314248204231262,0.370732694864273,0.3955579698085785,0.3238080441951751,0.3184275925159454,0.3001626431941986,0.5772592425346375,0.2846664190292358,0.004180563538568,0.0022961579778924,0.0247084074214453,0.0137715388062789,25.09546118674293,1,Rekurrensparese,365,a_n
-261.0306091308594,158.14678955078125,1.7044388055801392,14.479891777038574,-58.06806564331055,16.831071853637695,8.324402809143066,-6.036547183990479,13.110126495361328,16.84803009033203,-15.220072746276855,-6.522510528564453,2.724995851516724,21.20581817626953,6.427300453186035,6.585337162017822,4.460657119750977,6.68232011795044,6.720767498016357,6.0321245193481445,4.500898361206055,3.865560531616211,5.567137718200684,5.9393086433410645,4.40709114074707,6.193120002746582,-0.3763743937015533,-0.0919782146811485,0.0564641468226909,0.0244241282343864,-0.0022171468008309,-0.0011764485388994,-0.0395416729152202,-0.0271250326186418,0.0033866453450173,-0.0557291470468044,-0.0024363354314118,0.0099152848124504,0.0548715889453887,0.7805166840553284,0.6824641823768616,0.6283312439918518,0.664963960647583,0.771841287612915,0.6896180510520935,0.7970616817474365,0.6725752353668213,0.566771924495697,0.7416990399360657,0.5025553703308105,0.5664300322532654,0.6491374373435974,0.0742158070206642,0.0255522783845663,0.0531715750694274,0.0154493860900402,0.0803993865847587,0.0005420930683612,0.0350581593811512,0.0343335382640361,0.0338157303631305,0.0052366312593221,0.0095718605443835,0.0279980432242155,0.0029756079893559,0.5464253425598145,0.4159483313560486,0.5001267194747925,0.4523413181304931,0.5649210214614868,0.4069253802299499,0.4938434064388275,0.493226557970047,0.4456823468208313,0.4388958513736725,0.3499625921249389,0.431207925081253,0.4536272585391998,0.0054586667932461,0.0032232708022587,0.0357298811203076,0.0196195753421114,16.966944421561504,1,Rekurrensparese,448,a_n
-177.01925659179688,167.10455322265625,-33.890968322753906,19.683757781982425,-37.45582962036133,-1.1479586362838743,1.2223080396652222,22.81014633178711,5.5913519859313965,11.259891510009766,-10.772160530090332,6.495181560516357,-4.691732406616211,20.428089141845703,6.490755558013916,6.570573329925537,3.968860387802124,5.846010684967041,3.6920669078826895,4.581262111663818,4.144033432006836,3.9179527759552,4.829328536987305,4.6879754066467285,5.383254051208496,4.38385009765625,-0.446920245885849,0.1350429356098175,-0.1109015494585037,-0.0256559774279594,0.1168271079659462,0.0185852572321891,0.0523098073899745,-0.0820665061473846,0.1645953506231308,0.0318466648459434,-0.0211260598152875,0.0591382905840873,-0.0335779786109924,0.9833354949951172,0.5501313805580139,0.9414768815040588,0.6644290685653687,0.7679422497749329,0.6097805500030518,0.5773175358772278,0.5397723913192749,0.5840824246406555,0.5470455884933472,0.7261263728141785,0.4872673749923706,0.5685147047042847,0.04962008446455,0.0116675244644284,0.1024880781769752,0.0236802883446216,0.0849965959787368,-0.0363626144826412,0.0254207160323858,-0.0406542085111141,0.0285319499671459,-0.0508285053074359,-0.0169905088841915,0.0024243150837719,0.0025025308132171,0.6284591555595398,0.3951094150543213,0.5850577354431152,0.4930215179920196,0.629371166229248,0.444155752658844,0.5011571049690247,0.3775293827056885,0.3276877701282501,0.5074818730354309,0.5288358330726624,0.3561506271362304,0.3954809904098511,0.0086176658303583,0.0051719484788144,0.0782131138948223,0.0450507279688009,13.139301396184804,1,Rekurrensparese,450,a_n
-294.25018310546875,192.9239959716797,49.73773956298828,30.61932945251465,-48.01158142089844,2.1901772022247314,16.49907875061035,12.700775146484377,-4.738344669342041,8.170148849487305,-13.034741401672363,-5.089293003082275,25.9834098815918,34.54737854003906,11.749765396118164,9.19475269317627,6.512734889984131,6.9110870361328125,5.018796920776367,5.640428066253662,4.0552191734313965,3.697059154510498,3.567711591720581,3.1451823711395264,2.8826825618743896,3.3403828144073486,-0.7352559566497803,-0.0809003189206123,0.1527153104543686,0.1277356147766113,0.0093175359070301,0.076911486685276,0.0383207201957702,0.0044413609430193,0.0364660136401653,-0.0629043877124786,0.0174730420112609,0.0366045460104942,0.0628166571259498,3.3050405979156494,1.357507586479187,1.430819392204285,0.7667691111564636,0.9166151881217957,0.7886779308319092,0.6092155575752258,0.4959107935428619,0.6023221015930176,0.5145540237426758,0.5260149836540222,0.5085680484771729,0.5387989282608032,0.0721444487571716,-0.1044534668326377,-0.0152100641280412,-0.0483008697628974,0.0649167299270629,-0.0399754643440246,-0.0094243269413709,-0.0096859214827418,0.0176084693521261,-0.0240780729800462,0.0095559647306799,0.0101829897612333,-0.0411385968327522,1.5104451179504397,0.8992676734924316,0.9057473540306092,0.4619370996952057,0.5876017212867737,0.4711971879005432,0.3188064992427826,0.3777539730072021,0.3535312712192535,0.3629157245159149,0.3305018842220306,0.346112459897995,0.3684286773204803,0.0563966744487263,0.0318137685923689,0.1925095431115389,0.0824382839838457,4.070732583256336,1,Rekurrensparese,565,a_n
-177.20663452148438,165.3640899658203,-42.94270324707031,-1.549115538597107,-54.83830261230469,1.3249945640563965,-31.98063468933105,-7.693396091461182,-9.152167320251465,-12.30385971069336,-0.2143994718790054,8.086967468261719,5.369787216186523,12.684518814086914,6.460771083831787,6.990506172180176,3.803654909133911,4.672306537628174,2.691220998764038,3.9518697261810303,3.58227014541626,2.504293203353882,3.656054973602295,2.371598958969116,3.315037250518799,2.5980377197265625,-0.2314910292625427,-0.1341616660356521,0.0366841740906238,0.1494049578905105,0.0201252866536378,0.0182262174785137,0.0085404189303517,0.002520214067772,-0.0185883417725563,0.0622132271528244,0.0853929296135902,0.0093521745875477,-0.0044562299735844,1.393147349357605,1.2207326889038086,1.2292400598526,0.5159279108047485,0.8818831443786621,0.3888008892536163,0.5835875868797302,0.4881415963172912,0.4850265681743622,0.6203856468200684,0.534612774848938,0.3971432447433471,0.3867469429969787,0.3205483257770538,0.1407566666603088,0.2604445517063141,-0.0274159908294677,0.09364914894104,-0.0536749474704265,0.0636243745684623,-0.0033099171705543,0.0100539671257138,-0.018987001851201,-0.0121740046888589,-0.0306157413870096,-0.0638302788138389,1.271543264389038,0.7399422526359558,0.8822993040084839,0.3196835815906524,0.3772201836109161,0.3124703168869018,0.3146230280399322,0.3234931230545044,0.2720149457454681,0.3230912089347839,0.2632105946540832,0.2791181206703186,0.3420543968677521,0.0042137106997729,0.0025651052531976,0.0229230700292231,0.0132887457191903,25.51884771883143,1,Rekurrensparese,627,a_n
-241.4277191162109,164.19029235839844,15.233302116394045,50.87592697143555,-56.53282928466797,-22.93995475769043,-19.35900115966797,16.87348175048828,-6.755922794342041,8.599104881286621,15.877833366394045,6.083019256591797,5.213297367095947,11.618512153625488,3.79071569442749,4.6672797203063965,7.815441131591797,5.343920230865479,3.81314754486084,3.960002183914185,5.797737121582031,3.5836286544799805,4.971587181091309,3.33738112449646,5.465331077575684,5.790006160736084,-0.1471899151802063,0.0658699199557304,0.0394980236887931,-0.0568503700196743,-0.0413871817290782,-0.0631879866123199,-0.0225961655378341,0.0791749134659767,0.0008644725312478,0.0608198083937168,-0.0064972015097737,-0.1055278703570365,0.0232420284301042,1.128662347793579,0.4825436174869537,0.6828171014785767,0.7165968418121338,0.7825103402137756,0.6743378639221191,0.6693810820579529,0.5901390910148621,0.4962957501411438,0.6050470471382141,0.432552695274353,0.5780153870582581,0.6341547966003418,0.1010312065482139,0.0228282567113637,0.0757083147764206,-0.0598502866923809,0.0898349955677986,-0.0034202917013317,0.036638256162405,-0.0455852821469306,0.0535613410174846,0.0013059019111096,-0.0344950705766677,0.0235005654394626,0.0295463129878044,0.6420939564704895,0.408840000629425,0.5761330127716064,0.5540099740028381,0.598436176776886,0.4560008943080902,0.3966678977012634,0.5960444211959839,0.5045851469039917,0.5609015226364136,0.4174184501171112,0.423187106847763,0.5129205584526062,0.006112695346437,0.0037076234157209,0.0600824097787186,0.0343434986097871,15.092282722382786,1,Rekurrensparese,629,a_n
-248.42779541015625,193.2869873046875,23.49277114868164,30.88062858581543,-42.43521499633789,-0.85013747215271,-1.4274611473083496,26.309307098388672,-2.0785892009735107,9.27506160736084,13.05634880065918,-15.175718307495115,9.64077377319336,45.33583831787109,10.357416152954102,8.476373672485352,8.666356086730957,10.049943923950195,6.004945278167725,9.560342788696287,6.2121100425720215,3.820391893386841,5.379364490509033,5.621645450592041,5.335159778594971,5.858248233795166,-1.014421463012695,-0.0345218256115913,0.0969974622130394,0.1177262216806411,0.1072316467761993,-0.0897953808307647,0.0929002240300178,-0.0438144654035568,0.0041123395785689,0.0528374761343002,0.0430348590016365,-0.0395254902541637,-0.0813656747341156,1.7148823738098145,1.0973842144012451,0.8702586889266968,0.9026831984519958,0.9425944089889526,0.5806149840354919,0.7417371273040771,0.678860068321228,0.5856671333312988,0.7656077146530151,0.5426822304725647,0.6484851837158203,0.6945984363555908,0.1054253727197647,-0.0976303070783615,0.0727032944560051,-0.0148953795433044,0.0852156206965446,-0.0191853586584329,0.012074758298695,-0.0468974262475967,0.0506223030388355,-0.004385766107589,0.008304102346301,0.0230738241225481,-0.0075286957435309,0.7033731937408447,0.6837483048439026,0.5268809199333191,0.493786096572876,0.5049930214881897,0.3412046134471893,0.4830279052257538,0.4343999326229095,0.4316207468509674,0.3567140400409698,0.3966299593448639,0.4520752131938934,0.4370266497135162,0.0084003819892265,0.0047923479003787,0.0252446593463404,0.0114701589567683,20.54380598652661,1,Rekurrensparese,632,a_n
-246.3604278564453,222.6925201416016,-32.13359069824219,8.30120849609375,-25.37433624267578,-3.299701690673828,6.059352874755859,31.28558349609375,5.920415878295898,-7.755552291870117,-0.3481504917144775,-6.825373649597168,8.955300331115723,20.45028686523437,10.730548858642578,21.55571937561035,6.4375715255737305,4.0607194900512695,5.627421379089356,4.370405197143555,4.739095687866211,5.800667762756348,5.43619966506958,5.060945510864258,5.903385639190674,3.68317461013794,-0.9394700527191162,-0.1077763736248016,0.9073851108551024,0.2477596849203109,0.0866221338510513,-0.0465387515723705,-0.1006880477070808,0.2230006605386734,0.2760977745056152,-0.2149689793586731,0.1848143488168716,0.3527115285396576,-0.1364272832870483,2.325153589248657,1.374375581741333,0.848468005657196,0.8587722778320312,0.6823017001152039,0.7054650783538818,0.6859064698219299,0.7078180313110352,0.7657742500305176,0.8049600124359131,0.7891788482666016,0.6190038323402405,0.4375718235969543,0.1522011756896972,-0.1041550263762474,0.2557413876056671,-0.0969884619116783,0.1334926486015319,-0.0163817703723907,0.0289691984653472,-0.063599944114685,0.0545103922486305,0.0713173374533653,-0.0791915953159332,0.0578563548624515,0.0308711752295494,0.7613438367843628,0.7866438031196594,0.776520848274231,0.3513404726982116,0.5769442319869995,0.3582381010055542,0.3762256801128387,0.3855717778205871,0.4513771831989288,0.2821341454982757,0.3940713107585907,0.449361503124237,0.3873865604400635,0.0070044584378201,0.0037988296613213,0.0397097000983992,0.0213737988680363,17.576936193372717,1,Rekurrensparese,633,a_n
-255.7001342773437,183.0101776123047,-0.7400116920471191,5.630781650543213,-48.86954879760742,16.470170974731445,-4.846834182739258,9.512706756591797,22.680021286010746,6.347009658813477,-11.622509002685549,3.0185704231262207,3.2637319564819336,16.708871841430664,19.20836067199707,7.746614456176758,4.042870044708252,7.066460609436035,5.816307544708252,3.664550304412842,5.204802513122559,3.620124340057373,3.3902833461761475,4.20299243927002,3.7183949947357178,4.223101615905762,-0.4119951426982879,0.7738436460494995,-0.1403950154781341,-0.2151620537042617,0.0699365437030792,-0.1261611431837082,-0.0947058871388435,-0.1235293596982956,0.1065654754638671,0.1068054512143135,-0.1319308280944824,0.0373570583760738,0.1454679816961288,1.808555603027344,1.305904984474182,1.2627184391021729,0.5888589024543762,1.0315061807632446,0.8031825423240662,0.6261004209518433,0.8559021353721619,0.6903899908065796,0.5028415322303772,0.9360424280166626,0.5977451205253601,0.5977120995521545,0.1004037484526634,-0.1279958039522171,0.0714866891503334,0.0212101973593235,0.2356927096843719,-0.0111688170582056,0.0188065897673368,0.0040197419002652,-0.0056164767593145,0.0025732044596225,0.0823152810335159,-0.0339444279670715,0.0666473880410194,0.60772305727005,0.725394606590271,0.5152125358581543,0.367538183927536,0.7652968168258667,0.5054935812950134,0.3307019770145416,0.4902775287628174,0.353818267583847,0.3283156454563141,0.47980597615242,0.4833135902881622,0.496155709028244,0.0094479695392374,0.0052413857906502,0.074452540267061,0.0378037325690374,14.118285039155229,1,Rekurrensparese,670,a_n
-293.720458984375,168.25148010253906,-1.7457419633865356,-12.4951810836792,-43.34480285644531,10.489941596984863,-2.162370204925537,9.168623924255373,18.061399459838867,-13.544849395751951,-11.096596717834473,-14.125411987304688,-5.05675745010376,21.978729248046875,5.292699813842773,6.550116062164307,4.250239372253418,4.523580551147461,4.58751916885376,3.770650148391724,3.7758734226226807,3.451476812362671,4.141326904296875,3.7091667652130127,3.3177075386047363,3.598160982131958,-0.5743582844734192,-0.1051216498017311,0.0466559641063213,-0.0242613479495048,0.0627436563372612,0.0819546580314636,-0.002144404919818,-0.0698741748929023,0.0311506576836109,0.0064758276566863,0.0725467875599861,-0.0070346733555197,-0.0283236317336559,1.3304405212402344,0.783092200756073,0.8691325783729553,0.6427305936813354,0.7016255855560303,0.6977487206459045,0.6458547115325928,0.5080679655075073,0.5468661785125732,0.7154304385185242,0.4570663869380951,0.5840882062911987,0.5443293452262878,0.1759080290794372,0.058208879083395,0.1132577359676361,0.0943814143538475,0.0885291695594787,0.0084573663771152,0.0497501753270626,0.0437701158225536,-0.0213050190359354,-0.0001598056114744,0.026190236210823,-0.0094772735610604,-0.0034747442696243,0.8683232665061951,0.4257650673389435,0.6410919427871704,0.5830383896827698,0.5713523030281067,0.4652756750583648,0.4742838144302368,0.4280984997749328,0.4410894215106964,0.4904551208019256,0.373821496963501,0.4210053384304046,0.3859157264232635,0.0034736416850015,0.0020312965757387,0.0264399941795272,0.0142766156539149,21.42446293847164,1,Rekurrensparese,671,a_n
-220.23129272460932,193.15562438964844,-20.19011306762696,12.104500770568848,-34.49397277832031,-0.8409678339958191,-25.45627212524414,23.00796127319336,19.323013305664062,-31.199392318725582,12.871637344360352,3.100699186325073,-19.816694259643555,12.771245002746582,7.67265510559082,7.293165683746338,3.0266809463500977,3.1165225505828857,4.449029922485352,3.22574234008789,3.086031198501587,2.946014642715454,2.9392807483673096,3.3237457275390625,2.5132498741149902,3.244999885559082,-0.0532481633126735,-0.1118295639753341,0.1137418001890182,-0.0239893030375242,-0.0018735091434791,0.0689693987369537,0.0576869770884513,-0.0556636452674865,-0.0246361382305622,0.0298094861209392,-0.0398979522287845,-0.0222166702151298,0.0355687104165554,1.252873778343201,0.809302031993866,0.8472535610198975,0.4623482227325439,0.4911121428012848,0.6409307718276978,0.5409887433052063,0.5313020348548889,0.4453687965869903,0.455774188041687,0.4510709643363952,0.3895092904567718,0.5190266370773315,0.1227824613451957,0.0662264004349708,0.1047044247388839,0.0273568201810121,0.0417978763580322,0.0059469607658684,0.0467398948967456,-0.0158139672130346,-0.025501849129796,0.0293080490082502,0.0086038671433925,-0.008532689884305,0.0305580832064151,0.8683838844299316,0.6433781385421753,0.5643701553344727,0.3555526733398437,0.3254739046096802,0.3190713226795196,0.3701193332672119,0.338394433259964,0.3975126445293426,0.3092801570892334,0.3158565163612366,0.2448699176311493,0.3196416199207306,0.0042514135252011,0.002536758414791,0.0355720801989002,0.0199711255541292,25.79009653229984,1,Rekurrensparese,712,a_n
-279.803466796875,183.4716339111328,21.762348175048828,30.80470848083496,-64.23451232910156,1.023861050605774,6.869580268859863,-2.825024366378784,22.93548583984375,7.594740867614746,-11.363369941711426,-25.153867721557617,6.945600509643555,15.213075637817385,6.603845119476318,6.42790412902832,4.42014741897583,5.7212114334106445,4.277981281280518,4.214226245880127,3.289537191390991,4.473639965057373,4.604678630828857,4.820389270782471,4.358718395233154,4.703875541687012,-0.173611968755722,0.1498718410730362,0.0305666346102952,0.0949165448546409,-0.1381132155656814,0.0704201161861419,0.0537268593907356,0.0148637173697352,0.0231297314167022,-0.0189493205398321,-0.0231218840926885,-0.0380573943257331,0.0619585625827312,1.9699629545211792,1.073909044265747,0.8547796010971069,0.6879978179931641,1.1118227243423462,0.636095404624939,0.5700439810752869,0.5525881052017212,0.641919732093811,0.6181882619857788,0.5593336820602417,0.720133900642395,0.7403708696365356,0.2705660760402679,-0.0402359776198864,-0.0184970274567604,-0.0399488061666488,0.1157066971063613,0.005795604083687,-0.0094786370173096,0.0333985686302185,-0.0550798363983631,-0.0565619580447673,0.0232243128120899,0.0913910716772079,0.0178948231041431,1.4611592292785645,0.7237507104873657,0.548712432384491,0.4328672289848327,0.7559799551963806,0.3991747498512268,0.3646776378154754,0.3970309793949127,0.4496309459209442,0.4402651786804199,0.3183671236038208,0.5348423719406128,0.4350714683532715,0.0042612026807741,0.0024991038461181,0.0353970945667617,0.0189954393140596,21.930368237478124,1,Rekurrensparese,716,a_n
-304.8199462890625,217.0281982421875,17.754467010498047,-13.465147018432615,-28.385643005371094,0.4105528891086578,0.0165955275297164,0.9600231647491456,14.438884735107422,11.79736042022705,-7.7396559715271,-8.302789688110352,0.7875314354896545,16.610919952392578,7.788686275482178,9.454460144042969,4.9591383934021,4.565361022949219,4.184607028961182,4.131263732910156,3.973244428634644,3.816075086593628,3.657899856567383,3.560563325881958,3.828382730484009,3.591965675354004,-0.1834252774715423,-0.0119063602760434,0.0739659145474433,0.0476087033748626,-0.0024842354469001,-0.0189260896295309,-0.0022429476957768,-5.472043267218396e-05,-0.0185765288770198,-0.0180170368403196,-0.0149939153343439,0.0063407220877707,0.0256647635251283,2.5894155502319336,1.2222537994384766,0.8926811814308167,0.634858250617981,0.8311756253242493,0.5614985823631287,0.6562231183052063,0.5997250080108643,0.5209664702415466,0.5709362626075745,0.5705726742744446,0.5957913398742676,0.6550484895706177,0.4450258612632751,-0.1991278380155563,0.0357496291399002,0.0496023297309875,0.0433229804039001,-0.0588490329682827,0.0092653157189488,0.0424815565347671,-0.0095119001343846,-0.0062504918314516,0.0311166420578956,0.0184707380831241,-0.0284811109304428,1.852588534355164,0.9681431651115416,0.4500317275524139,0.3517675697803497,0.4666247963905334,0.4847594201564789,0.3711292743682861,0.3742261230945587,0.4003317952156067,0.4458853602409363,0.3846579492092132,0.3108536005020141,0.3935601115226745,0.004763928664155,0.0028180200543751,0.025793389035527,0.0136712888580058,25.270450730759418,1,Rekurrensparese,725,a_n
-101.6762924194336,138.3668975830078,-15.499964714050291,37.52375793457031,-62.61204528808594,27.94105529785156,-15.284551620483398,20.14606285095215,18.01483917236328,10.482068061828612,-14.334233283996582,2.045152425765991,5.247026443481445,23.71850776672364,9.534266471862791,6.580816268920898,6.444072723388672,5.930734634399414,4.491312980651856,4.840296745300293,4.419365882873535,3.0133934020996094,4.092657089233398,3.5981338024139404,6.4724650382995605,4.837027072906494,-1.36356782913208,-0.6824700832366943,-0.4070554971694946,-0.0734941735863685,0.1537346690893173,0.0632931888103485,0.3830119669437408,0.162664458155632,0.0683840289711952,0.2030866593122482,-0.0793639421463012,-0.3393027782440185,0.3188636302947998,1.2404451370239258,1.1693122386932373,1.1452815532684326,1.0867725610733032,0.925212264060974,0.8050060272216797,0.7143922448158264,0.7499760985374451,0.442922294139862,0.826962411403656,0.6607945561408997,0.7198405265808105,0.6392655968666077,-0.0952908769249916,0.1015235260128974,0.1738407462835312,0.0902709513902664,0.1945709437131881,-0.0164470821619033,0.0367094986140728,-0.1612249314785003,-0.0558575503528118,-0.0795777440071106,0.0906370058655738,0.0814786553382873,0.002178750000894,0.8103623986244202,0.7477338314056396,0.7020288109779358,0.618450939655304,0.6556382775306702,0.5087092518806458,0.5787784457206726,0.4646567106246948,0.3150030374526977,0.356119304895401,0.396975427865982,0.5366190671920776,0.4890999495983124,0.0395439285114325,0.0214452769044962,0.1861691600425703,0.1126677560203812,3.178295921579797,1,Rekurrensparese,726,a_n
-276.34576416015625,171.70245361328125,23.88860511779785,34.64762496948242,-45.16101837158203,20.183216094970703,-4.951859951019287,0.8492567539215088,17.140506744384766,-11.846809387207031,-0.4352154433727264,-1.6657646894454956,-16.358922958374023,29.3957633972168,21.25837516784668,10.66215991973877,5.204299449920654,9.541474342346191,5.660004615783691,6.574464321136475,6.463620662689209,4.056509017944336,6.873953819274902,6.550521373748779,3.983137369155884,4.829537391662598,-0.302973985671997,-0.7001269459724426,-0.1554655283689499,0.1175129115581512,0.004836059641093,0.0654914006590843,-0.0497488528490066,-0.1536334455013275,-0.0894895121455192,-0.1601949781179428,-0.0325748659670352,0.0157257542014122,-0.0829395353794097,3.518401861190796,1.8126449584960933,1.1990288496017456,0.8203846216201782,1.7632496356964111,0.8683249354362488,0.9164339303970336,0.5822643637657166,0.8399026989936829,0.7043945789337158,0.8495582938194275,0.672873854637146,0.819459080696106,0.3395017087459564,-0.4311388731002807,0.0757494121789932,-0.0172304566949605,0.404866099357605,-0.1107563450932502,0.0942257940769195,0.0263785719871521,-0.0900886505842208,0.1311086416244506,0.032847736030817,0.0316848717629909,0.0600415244698524,2.3070216178894043,1.695383071899414,0.6973869204521179,0.5572509169578552,1.0697243213653564,0.6016570925712585,0.6301831007003784,0.5212914943695068,0.5850268602371216,0.5934163331985474,0.4773567914962768,0.416643887758255,0.531915009021759,0.0264568825298351,0.0105198188228534,0.0614146781625418,0.0330858187270042,14.9239552273117,1,Rekurrensparese,728,a_n
-260.6636657714844,208.4874420166016,-17.85345458984375,-22.63570022583008,-24.289783477783203,-1.363941669464111,-17.574172973632812,0.3214092850685119,4.093443393707275,4.787642478942871,-29.31583976745605,-8.196175575256348,37.50474548339844,22.65692138671875,7.741321086883545,13.137481689453123,7.014279842376709,4.225961685180664,5.208477020263672,4.155481338500977,3.5041043758392334,4.700841426849365,3.974455356597901,4.393189430236816,6.175938606262207,3.6723499298095694,-0.66583251953125,0.0436298623681068,0.0950859040021896,-0.0396811179816722,-0.0536607280373573,0.0877270251512527,-0.0509879253804683,0.0426642596721649,-0.1250706911087036,0.0213945899158716,0.0043190158903598,-0.2270445525646209,0.0768981128931045,2.774231195449829,1.1318978071212769,1.2783585786819458,0.8390607833862305,0.6247356534004211,0.5391422510147095,0.619563102722168,0.6029075384140015,0.6941763758659363,0.6886038184165955,0.8241425156593323,0.5974181294441223,0.6090354919433594,0.3966971039772033,0.0502029806375503,0.1271431595087051,-0.0032659452408552,0.0269732717424631,-0.0313822440803051,-0.0050589125603437,0.0092280581593513,0.0056539792567491,-0.0469388775527477,0.0922225192189216,0.0461405739188194,-0.0572713129222393,1.5825718641281128,0.9599946737289428,0.672340452671051,0.5027196407318115,0.3638369441032409,0.3337582647800445,0.4298407733440399,0.3085437715053558,0.4813023805618286,0.4446489810943603,0.4564757943153381,0.3503727316856384,0.4699200093746185,0.001834225086197,0.001005050658283,0.011877654005427,0.0054487006730071,31.628924237499167,1,Rekurrensparese,825,a_n
-157.67239379882812,177.88023376464844,-14.059779167175291,32.752960205078125,-46.58859252929688,12.974260330200195,-22.926687240600582,2.336735963821411,44.20867538452149,-3.133528470993042,2.8740487098693848,19.40409469604492,-1.7279106378555298,12.644662857055664,4.824162006378174,5.162201881408691,5.2832746505737305,5.722980499267578,5.177902698516846,5.910379409790039,4.054028034210205,4.185040473937988,3.7777585983276367,4.173761367797852,5.117374897003174,5.332134246826172,-0.1349620372056961,-0.067589983344078,0.0603241398930549,-0.1000099554657936,-0.0518263056874275,0.0347766242921352,0.0499594062566757,-0.0311226863414049,0.0542767643928527,0.0843939036130905,0.0363140702247619,0.0480631478130817,-0.0529748611152172,0.789100170135498,0.6939557194709778,0.7108602523803711,0.7569162249565125,0.7497018575668335,0.7031479477882385,0.7600780129432678,0.5611526966094971,0.5766966938972473,0.5391483306884766,0.6254701614379883,0.4991002976894378,0.6665703654289246,0.0086606191471219,-0.0373496562242507,0.077666163444519,-0.039410762488842,0.0635115206241607,-0.0218206793069839,0.0575541332364082,-0.0083153508603572,-0.0506614185869693,0.0040803258307278,0.0267820917069911,-0.0182707756757736,-0.0317269340157508,0.5688745975494385,0.5536162257194519,0.599955141544342,0.5247536897659302,0.5994646549224854,0.5848190784454346,0.5821657776832581,0.4850496649742126,0.503075122833252,0.4048633873462677,0.4683733582496643,0.4932252168655395,0.4791847467422485,0.0223380976824652,0.0134195074227081,0.1700384913398723,0.1015464634069312,6.046871443823718,1,Rekurrensparese,849,a_n
-177.62168884277344,186.79104614257807,-2.929136037826538,-22.69308853149414,-45.22557830810547,24.076284408569336,-22.860843658447266,16.960445404052734,18.941762924194336,-6.058671474456787,-17.385009765625,3.6520607471466064,-3.4028282165527344,23.824403762817383,5.953555583953857,6.796167373657227,6.83367395401001,6.699075698852539,8.072938919067383,7.71976375579834,5.885170936584473,5.077215671539307,4.827273845672607,6.413472652435303,5.229518890380859,6.003293514251709,-1.3295966386795044,-0.0369054302573204,0.1372536718845367,0.1941726505756378,0.1907955110073089,0.1265331804752349,0.2834713757038116,0.3921576142311096,-0.0886331349611282,-0.0469986200332641,0.2196912467479705,0.2185165882110595,0.0615637898445129,1.529708743095398,1.2871451377868652,1.0532833337783811,1.1630206108093262,1.193408489227295,1.159862995147705,1.0669351816177368,0.4860776960849762,0.9415627121925354,0.8183858394622803,1.0393455028533936,0.8239188194274902,1.2297791242599487,-0.0102833593264222,-0.1758092641830444,-0.0206424929201602,0.0108207976445555,0.0757512226700782,-0.0780823901295661,0.2237836271524429,-0.0111801922321319,-0.0940146967768669,-0.0600059032440185,0.186274379491806,-0.0290527176111936,0.0285784155130386,0.8213915228843689,0.6508293151855469,0.5009066462516785,0.5635554194450378,0.5679324865341187,0.525139570236206,0.5944122076034546,0.4193834066390991,0.4667598903179168,0.6713323593139648,0.5722796320915222,0.5860635638237,0.6393314003944397,0.0175215067661606,0.0097695647889781,0.1355644144365947,0.0704152757707778,5.975074572056553,1,Rekurrensparese,855,a_n
-241.0806121826172,159.38853454589844,12.947627067565918,-2.609393358230591,-28.421358108520508,15.69387912750244,-29.52674865722656,31.82684898376465,14.897995948791504,-17.451412200927734,-12.84789752960205,14.412376403808594,11.77737522125244,23.348766326904297,3.843940258026123,5.470595359802246,4.109638214111328,4.616713523864746,5.313947677612305,4.275877952575684,4.406274318695068,3.8504679203033447,4.876002311706543,4.6825947761535645,6.083754062652588,4.369552135467529,-0.4214658439159393,0.0357568301260471,0.0200580675154924,-0.0384514406323432,0.0319996401667594,0.0040295086801052,-0.0389546565711498,-0.0023977214004844,0.0771698728203773,-0.0339508093893528,-0.0642752200365066,0.0247950628399848,-0.0568294636905193,1.0252118110656738,0.5138847827911377,0.6655619740486145,0.6260856986045837,0.6572796106338501,0.5553538203239441,0.6966207027435303,0.6597380042076111,0.6626039147377014,0.5353723168373108,0.6158701777458191,0.7055912613868713,0.5732184052467346,0.0290226005017757,-0.0060120336711406,0.062355738133192,0.0644230395555496,0.0574342980980873,-0.023149399086833,0.0681607648730278,-0.0522057674825191,-0.0299783088266849,0.0364125967025756,0.0378905348479747,-0.011867250315845,0.0049067996442317,0.5280746817588806,0.4360349774360657,0.4276888966560364,0.4885817170143127,0.5385947823524475,0.4604732096195221,0.5066341161727905,0.4584750831127167,0.4242379367351532,0.4128410816192627,0.4967837035655975,0.4371625483036041,0.4246156215667724,0.0073230937608688,0.0043368888376718,0.0530994688049275,0.0279035196886968,13.924462842672936,1,Rekurrensparese,859,a_n
-269.3899841308594,179.9558563232422,-12.774577140808104,2.920851945877075,-39.367897033691406,-4.762471675872803,-6.314290523529053,12.377357482910156,0.9888871908187866,-1.1185981035232544,-1.1908501386642456,-5.450401306152344,-2.181335926055908,11.032934188842772,5.5388264656066895,6.576719760894775,5.544991970062256,5.452910423278809,7.881392955780029,4.700339317321777,4.722105503082275,3.810940742492676,4.144813537597656,5.088308334350586,4.118857383728027,4.292644500732422,-0.0492632128298282,0.0242985822260379,0.0036363494582474,-0.026429608464241,-0.0257137827575206,-0.0600515268743038,0.0019442584598436,0.0345286466181278,0.0197512079030275,-0.0277537610381841,-0.0690459236502647,0.0144674777984619,-0.026761807501316,1.5286624431610107,0.8350172638893127,1.1802631616592407,0.8450238704681396,1.1117817163467407,0.6851011514663696,0.7341421246528625,0.5934106111526489,0.6300863027572632,0.6237785816192627,0.6266646385192871,0.7895318865776062,0.681581437587738,0.1792211383581161,-0.0810547769069671,0.1488142311573028,0.0449653156101703,0.1295401751995086,-0.0177103038877248,0.0387761853635311,-0.0216258317232131,-0.0054246103391051,0.011253579519689,0.0119003867730498,0.0486377440392971,0.0085008908063173,0.8674198985099792,0.6070817708969116,0.685171902179718,0.513358473777771,0.7126063108444214,0.5029094815254211,0.4798104166984558,0.383493036031723,0.4279403984546661,0.5005483031272888,0.4786657989025116,0.5836246013641357,0.5137728452682495,0.0083365072922338,0.0051702177223511,0.0414497189109211,0.0214919231760481,17.861731656909054,1,Rekurrensparese,864,a_n
-217.1957092285156,176.10569763183594,-38.864139556884766,12.206450462341309,-45.23835372924805,-1.07701575756073,-10.534321784973145,13.523515701293944,5.899483680725098,-22.50758552551269,0.1836821883916854,5.673055648803711,-7.895305633544922,15.979045867919922,7.238080024719238,7.621158599853516,5.905655384063721,6.216973304748535,3.3402485847473145,3.513903856277466,4.940878868103027,4.521231651306152,5.673694133758545,3.163815498352051,5.850039005279541,2.9670684337615967,-0.3429617583751678,0.0118529768660664,0.0429190769791603,0.0509680397808551,0.0709802731871604,0.0340666361153125,-0.0317200496792793,-0.025448327884078,0.008116215467453,-0.0826149359345436,0.0253716260194778,0.0691063925623893,0.0013655888615176,1.203639030456543,0.9815362691879272,1.1526827812194824,0.6116740107536316,0.5690308213233948,0.5615236163139343,0.5016361474990845,0.527285635471344,0.4683292508125305,0.4761914014816284,0.3999544084072113,0.338785171508789,0.4276142418384552,0.1752604097127914,0.0446336157619953,0.1823867410421371,-0.0145782064646482,0.0646300762891769,-0.024686075747013,0.0714842230081558,-0.0309238489717245,0.0087226089090108,0.0436558164656162,0.0068358550779521,-0.005175847094506,0.0271882060915231,1.0666375160217283,0.659794807434082,0.7854827642440796,0.3813227713108063,0.5098405480384827,0.3780524134635925,0.3983049690723419,0.3112863898277282,0.3259091377258301,0.3500762283802032,0.2622365653514862,0.2385703921318054,0.3535738587379455,0.0065520048803347,0.0041610778039614,0.0695638731995936,0.0427484782296791,22.17782331801769,1,Rekurrensparese,869,a_n
-293.049072265625,225.97348022460932,9.230119705200195,-16.73383331298828,-35.63582992553711,-4.860197067260742,-19.224443435668945,-8.747472763061523,15.571294784545898,-2.3918423652648926,-7.707038402557373,-7.381827354431152,-4.281782150268555,33.76495361328125,11.723612785339355,10.70819854736328,5.234957695007324,5.423694133758545,4.123140811920166,4.701703071594238,5.038012027740479,4.230607509613037,3.783562660217285,3.861920118331909,5.481595516204834,4.164680004119873,-1.1147515773773191,0.2215213328599929,0.2970912754535675,0.1053157821297645,0.075759656727314,0.0275661032646894,-0.0189920403063297,0.0081295361742377,-0.0882829129695892,-0.0978188216686248,-0.0050362278707325,-0.0802962109446525,0.0720216706395149,3.009005546569824,2.208507537841797,0.9211718440055848,0.8051694631576538,0.9450305700302124,0.5396240949630737,0.666401743888855,0.72636479139328,0.6520768404006958,0.4718859493732452,0.5816580653190613,0.6769617199897766,0.4892227053642273,0.6900884509086609,-0.2308784127235412,0.2545959055423736,0.1304277181625366,0.1187023520469665,-0.0774625986814498,0.1115362420678138,0.045277189463377,-0.0914268940687179,0.062911681830883,0.0416732616722583,0.018914733082056,0.0195645801723003,2.146768093109131,0.8620588779449463,0.9009750485420228,0.4885756969451904,0.4868291020393371,0.5204325914382935,0.4433885514736175,0.2789857089519501,0.4430050551891327,0.3815139234066009,0.3477933406829834,0.4284214377403259,0.3735257089138031,0.0059288868804865,0.0036526464647339,0.0339573042384595,0.0204884579273038,24.39859297087777,1,Rekurrensparese,874,a_n
-270.109130859375,202.66114807128903,-9.820220947265623,-20.89344596862793,-37.77804946899414,9.814038276672363,-7.956042289733887,0.5620535016059875,18.904890060424805,-3.7194278240203857,-20.603235244750977,-7.88453197479248,-4.039813995361328,23.63096237182617,8.843351364135742,6.437545776367188,4.72454833984375,5.324400901794434,4.242928981781006,4.299881458282471,4.140792369842529,3.180434465408325,3.99324893951416,3.4202473163604736,3.175799369812012,3.048894166946411,-0.4896901547908783,0.0320132076740264,0.0258940644562244,0.0099465334787964,-0.0254664178937673,0.0124428151175379,0.0522949025034904,0.0029135127551853,0.023609260097146,0.0035494803451001,-0.0115427793934941,0.0186454206705093,0.0163821894675493,2.912220001220703,1.2801454067230225,0.7471006512641907,0.7314168810844421,0.9148831367492676,0.6556876301765442,0.5825812220573425,0.5793919563293457,0.6993656158447266,0.5456895232200623,0.4881759285926819,0.5377973914146423,0.5395030975341797,0.3700712919235229,-0.0771425515413284,0.1052087172865867,0.0560532435774803,0.0918488427996635,-0.0497792512178421,0.0548011362552642,0.0166485588997602,-0.0405394695699214,0.0137972114607691,0.0570230185985565,0.0025825263001024,0.0091929268091917,1.6964430809020996,0.8767514824867249,0.5801565647125244,0.496744304895401,0.601118803024292,0.4564214050769806,0.4432119131088257,0.4199890494346618,0.4097759425640106,0.4034581482410431,0.4387263655662536,0.3925272226333618,0.3822407126426697,0.0058458576697234,0.0035322821265959,0.0237475106826664,0.0131023748064622,21.50290141370179,1,Rekurrensparese,879,a_n
-175.55300903320312,194.53488159179688,-11.016817092895508,-0.1748165339231491,-49.281436920166016,15.31623363494873,-3.949475765228272,2.019123077392578,16.219480514526367,-3.4521243572235107,-4.740241527557373,3.03574538230896,-7.419876575469971,29.970848083496094,6.971771717071533,6.93109941482544,4.729776382446289,13.294459342956545,7.430409908294678,5.761496067047119,4.550536155700684,4.121947288513184,5.962031364440918,3.474769353866577,3.6839599609375,6.058572769165039,-0.5262207984924316,0.3473267257213592,-0.0510672517120838,0.0978953465819358,0.2270278185606002,-0.0810855105519294,-0.1674183011054992,-0.1056929007172584,-0.0332157202064991,-0.0735892727971077,0.1389323323965072,0.0541806071996688,-0.0961941853165626,1.665769338607788,1.2091742753982544,1.3892205953598022,0.9095646142959596,1.2502230405807495,0.9695735573768616,1.0215303897857666,0.7568878531455994,0.6270542144775391,0.6549603939056396,0.6610603928565979,0.7011638283729553,0.7061659097671509,0.1815637499094009,-0.0420391671359539,0.1251756995916366,0.0041973870247602,0.1487019956111908,-0.1461365520954132,0.1610029637813568,0.1781828254461288,0.0442311763763427,-0.0200846064835786,0.0199024528264999,-0.0469381511211395,-0.0005646246718242,0.8825075626373291,0.5534111857414246,0.6489514708518982,0.5236201286315918,0.7717556357383728,0.6362044811248779,0.6720553636550903,0.718280017375946,0.3548001945018768,0.3912746608257293,0.4737370312213897,0.4859992563724518,0.3128933906555176,0.0066141832796803,0.0036709320888024,0.073631265887028,0.0409949985769951,15.004183230545738,1,Rekurrensparese,880,a_n
-219.8663482666016,160.2725830078125,-16.793270111083984,30.09091567993164,-54.75841522216797,-3.1631381511688232,-16.36818504333496,-0.910889208316803,8.601033210754395,13.831293106079102,8.582691192626953,-18.41142463684082,-10.562691688537598,8.807828903198242,8.120556831359863,6.773841381072998,3.865932941436768,7.977676391601562,5.173959732055664,4.34977912902832,4.546017646789551,4.476826190948486,4.676280498504639,6.117037296295166,3.885916233062744,4.623836040496826,-0.4686721861362457,0.4713941216468811,-0.0336697064340114,-0.0658212751150131,-0.1862548887729644,-0.1712548583745956,-0.0101388497278094,0.0012244277168065,0.0134836686775088,0.005347381811589,-0.1047126948833465,0.0542643330991268,0.1134774088859558,1.1040560007095337,1.2932939529418943,1.294838786125183,0.5370692610740662,1.1800813674926758,0.6669802665710449,0.62630695104599,0.7574108839035034,0.9107088446617126,0.7420350313186646,0.6759240031242371,0.543579638004303,0.6978858709335327,0.0992054268717765,0.0490217469632625,0.235926941037178,-0.0435884967446327,0.2153525501489639,0.0425018742680549,0.0415017306804657,-0.0265994016081094,-0.0028606567066162,-0.0874785184860229,-0.0652719363570213,0.0604666396975517,0.048873022198677,0.7448467016220093,0.8801180720329285,0.6642087697982788,0.4830786883831024,0.7484428286552429,0.4880356192588806,0.4863290190696716,0.5509577393531799,0.5913103222846985,0.5555781722068787,0.5307072401046753,0.4608149528503418,0.4932489991188049,0.0049944000588286,0.0027266045392795,0.0442263302080324,0.0251643074331099,17.52195554604691,1,Rekurrensparese,883,a_n
-112.07522583007812,73.43118286132812,-15.682820320129396,-24.30599021911621,-59.23317337036133,2.53787899017334,5.407753467559815,-1.6342716217041016,3.7535269260406494,7.774877071380615,-13.79904079437256,1.9858968257904053,3.274653673171997,25.58583641052246,18.160430908203125,9.339029312133787,5.939572811126709,7.975061893463135,6.965015888214111,4.969047546386719,4.889719486236572,4.75766134262085,4.800383567810059,7.338057041168213,4.51698112487793,4.043094158172607,-0.1203586012125015,0.1214279755949974,0.2743713855743408,0.0409501940011978,-0.1547014564275741,-0.1208691969513893,-0.2169797718524933,0.0798120871186256,-0.0653196573257446,0.0183253902941942,-0.3512004315853119,-0.2300418764352798,0.0341001898050308,5.687231063842773,4.947889804840088,1.9486151933670044,1.0696221590042114,1.8372117280960083,1.6808841228485107,1.103870153427124,0.7698558568954468,0.8589783310890198,0.8085783123970032,1.6756428480148315,0.929298996925354,0.847151517868042,0.1155493929982185,0.3695965409278869,0.3520099520683288,0.0315328575670719,-0.1816871613264084,-0.1602392792701721,-0.1332742273807525,-0.1252138018608093,-0.0314282439649105,-0.0633033812046051,-0.0450663566589355,0.0751039162278175,0.1371655315160751,2.480944395065308,1.950357913970948,0.9968611598014832,0.712310791015625,0.9393470287322998,0.8379228711128235,0.6300411820411682,0.6561691761016846,0.4621297419071197,0.3970062732696533,0.7402747273445129,0.6973617672920227,0.6991147994995117,0.0070549004556832,0.0034475562339768,0.2009947429823102,0.0753371394769999,-0.4149187014535607,1,Rekurrensparese,887,a_n
-265.8182067871094,208.18931579589844,18.296085357666016,16.481489181518555,-23.10318374633789,2.148390054702759,14.316336631774902,9.860739707946776,15.179680824279783,-4.458553791046143,-4.671407699584961,4.402457237243652,-4.506963729858398,28.41986083984375,12.189566612243652,9.43757152557373,4.27691125869751,9.23412799835205,4.28701639175415,4.745877265930176,4.432250022888184,3.5861151218414307,3.375622034072876,5.0389018058776855,2.934322118759156,4.578953266143799,-0.5694859623908997,0.0352822244167327,0.0651663243770599,0.0602883324027061,0.0306394714862108,-0.0113208349794149,0.0712915882468223,0.0364194884896278,0.0294846594333648,0.025151552632451,0.0583630949258804,0.0407133884727954,0.0686832219362258,2.3703606128692627,1.6696689128875732,1.307271957397461,0.7721976041793823,1.1964696645736694,0.8633296489715576,0.6368211507797241,0.534803569316864,0.671700656414032,0.5649746060371399,0.5624348521232605,0.443674087524414,0.5702478289604187,0.081504076719284,-0.1276894956827163,0.0536583103239536,-0.0009487111819908,0.1116548702120781,0.0148391118273139,0.0081896856427192,-0.0239295102655887,-0.0211994163691997,0.0189742930233478,0.0010776886483654,0.0063268011435866,0.0375492274761199,1.269121170043945,0.9128020405769348,0.9917905926704408,0.5001371502876282,0.683305561542511,0.5916644930839539,0.4248533248901367,0.4451431930065155,0.4995706081390381,0.4328898191452026,0.3991366326808929,0.377354234457016,0.4446718096733093,0.0467633230698484,0.0294764173044147,0.1029193063961315,0.0583747296410515,11.86742213312832,1,Rekurrensparese,893,a_n
-262.78875732421875,237.81863403320312,33.88282012939453,15.5107421875,-27.33045196533203,-2.0533699989318848,3.288259267807007,-2.634467363357544,12.71180248260498,-6.4722185134887695,-0.1557163149118423,9.548197746276855,3.414806365966797,10.896056175231934,5.757709503173828,6.503962993621826,3.505690097808838,5.268558025360107,3.698872327804565,4.320401191711426,3.642524957656861,3.310595989227295,5.452324867248535,3.2753145694732666,7.363676071166992,4.144920825958252,-0.1800682544708252,0.1463773846626281,0.049056876450777,-0.0180861484259367,-0.0707401260733604,0.0071843252517282,0.0090874200686812,-0.0554890632629394,0.0236300788819789,0.0736667513847351,0.0212735272943973,-0.0538279637694358,-0.0413715802133083,1.5495078563690186,1.0399022102355957,0.7749667763710022,0.5899974703788757,0.6859676837921143,0.6512839794158936,0.5773823261260986,0.7311345338821411,0.547029972076416,0.508061945438385,0.5494279265403748,0.5138130784034729,0.4964868724346161,-0.0265369415283203,-0.0935873910784721,0.026482056826353,-0.0471212454140186,0.0419881083071231,-0.0125151462852954,-0.0068368599750101,0.021521933376789,-0.0046411827206611,0.0631964951753616,-0.0093150855973362,-0.0547780431807041,0.0231089536100626,0.7220447063446045,0.7075369954109192,0.4485474824905395,0.4314733445644378,0.5185730457305908,0.4369232356548309,0.3831406235694885,0.4116162955760956,0.4020149707794189,0.4627639651298523,0.328021764755249,0.4139444231986999,0.3496351242065429,0.0150288453137273,0.0093704489750938,0.0523479053509089,0.0255431552274275,19.24513045226657,1,Rekurrensparese,896,a_n
-217.72775268554688,156.20469665527344,-16.38496208190918,26.73930549621582,-28.06040382385254,27.092342376708984,-39.61150360107422,13.845100402832031,36.02818298339844,-1.0520744323730469,9.484224319458008,5.756812572479248,1.612662434577942,35.77986145019531,7.354770183563232,4.279602527618408,4.647716522216797,4.95539665222168,5.419201850891113,7.469473361968994,4.682870388031006,4.303557872772217,6.000551223754883,5.153130531311035,4.125838279724121,5.58939790725708,-1.829616904258728,0.1140002757310867,-0.1154937744140625,0.0266647189855575,-0.0809707194566726,0.2124879211187362,0.1057114005088806,0.1999454498291015,0.0240670721977949,-0.1941774040460586,-0.0943389758467674,-0.0637002363801002,0.1466895341873169,1.508478760719299,0.7986682057380676,0.731643795967102,0.7782720923423767,0.8627334833145142,0.8220217227935791,1.0913350582122805,0.6940219402313232,0.6358568072319031,0.7186877727508545,0.9659175872802734,0.6468759179115295,0.634255588054657,0.1216254159808158,-0.0838839709758758,0.0731154307723045,-0.0138062769547104,0.2114456892013549,-0.0504214651882648,0.1144473552703857,-0.1467190384864807,-0.0170746240764856,0.0398944057524204,-0.0134586775675416,0.0170764997601509,-0.0606061667203903,0.7813125848770142,0.8109769225120544,0.6185383200645447,0.6367033123970032,0.7818156480789185,0.7636810541152954,0.5733988285064697,0.5515319108963013,0.4412899911403656,0.4884454309940338,0.5362922549247742,0.4592763185501098,0.4543293416500091,0.0214619091063218,0.0121196648626653,0.0829951777199223,0.0451697004207111,10.080260103862727,1,Rekurrensparese,897,a_n
-257.3988037109375,193.065185546875,33.11098098754883,51.39098739624024,-42.35133743286133,-3.49247145652771,-20.01231002807617,0.6167980432510376,1.5047976970672607,20.221176147460938,5.254795074462891,-15.316642761230469,-2.31961989402771,18.957910537719727,7.914604187011719,5.863070964813232,5.656497478485107,5.988077163696289,6.517305374145508,7.117924213409424,4.364742279052734,3.966658353805542,6.097025394439697,3.668150663375856,3.8366410732269287,4.299929141998291,-0.4353774487972259,-0.0750066041946411,-0.0294991340488195,0.016461769118905,0.0560025312006473,0.0906050577759742,0.0917377769947052,0.0492949299514293,0.0206494200974702,-0.02434485219419,0.0076247774995863,0.0235889907926321,-0.0248606372624635,1.6266616582870483,1.282739281654358,0.8173761367797852,0.9502414464950562,1.0029239654541016,0.7206647992134094,0.926523208618164,0.781779944896698,0.698130190372467,0.6822998523712158,0.7592864632606506,0.6162194013595581,0.6234958171844482,0.2050461173057556,-0.10951529443264,0.0262531619518995,-0.1202998906373977,0.0932607874274253,-0.0114218844100832,0.0778863206505775,0.0006502973847091,0.0252594780176877,-0.0334871970117092,0.0168420784175395,0.0538490191102027,0.0095639796927571,1.27439284324646,0.8560642004013062,0.4823371767997741,0.6999623775482178,0.6860017776489258,0.5177251100540161,0.5951183438301086,0.5870432257652283,0.5129075646400452,0.5231826305389404,0.4718271791934967,0.4744635820388794,0.4171976745128631,0.0088911325118883,0.004194705589265,0.0460395095415141,0.0212705867570142,15.534401249931085,1,Rekurrensparese,908,a_n
-325.2509155273437,200.29312133789065,33.80303955078125,24.839183807373047,-17.188045501708984,-8.128838539123535,2.067579984664917,-7.034942626953125,9.033697128295898,15.223907470703123,0.0227418337017297,-13.138216018676758,-0.0228595044463872,20.63644027709961,11.23399543762207,6.328333854675293,5.120924949645996,6.58512544631958,5.845513343811035,4.066492557525635,5.345538139343262,4.60693359375,5.04202938079834,4.076530933380127,4.138669490814209,4.749299049377441,-0.1232185885310173,-0.2110099792480468,0.0199561156332492,-0.0112905679270625,0.0157081428915262,-0.0167442373931407,-0.0321723483502864,0.0063116759993135,-0.0131852710619568,0.0012269576545804,0.0580716878175735,0.0623869635164737,0.0358219109475612,3.3374717235565186,1.8463302850723269,0.8577335476875305,0.9717245101928712,1.3435192108154297,1.0753846168518066,0.7214584350585938,0.7934055924415588,0.7109447121620178,1.0669533014297483,0.7141851782798767,0.5655916929244995,0.7006663680076599,0.6422269344329834,-0.2121984213590622,-0.0442582815885543,-0.0513959489762783,0.0981431379914283,0.0627449750900268,-0.0024139315355569,0.0720882564783096,0.0028711983468383,-0.0444737263023853,0.0301273167133331,0.0644702836871147,-0.0145262265577912,2.4220316410064697,1.0145158767700195,0.8180558085441589,0.6850292682647705,0.7790517807006836,0.6365333199501038,0.5185896158218384,0.551246166229248,0.5277417302131653,0.6834589838981628,0.4798549115657806,0.4871569573879242,0.4292626678943634,0.0047695468442646,0.0026300016650735,0.0290758526701553,0.0116944128666041,24.080988474692504,1,Rekurrensparese,912,a_n
-204.05128479003903,185.35110473632807,1.4684131145477295,55.22626876831055,-35.86190414428711,-14.157774925231934,-9.209179878234863,11.611444473266602,24.49180793762207,27.624248504638672,-0.9042381048202516,8.267507553100586,0.4138576984405517,15.27506160736084,7.373603343963623,6.051809310913086,8.271801948547363,5.668586730957031,4.37852668762207,3.738845586776733,4.295669555664063,5.568180561065674,5.464919567108154,4.734962463378906,5.679467678070068,4.391956329345703,-0.8481662273406982,0.2336993962526321,-0.0063434443436563,0.2567615211009979,-0.1656210124492645,-0.0032084095291793,-0.0663890391588211,-0.1331904530525207,0.0609644129872322,0.0752705782651901,-0.05467389523983,-0.0085686165839433,-0.0419264361262321,1.5763076543807983,1.1818335056304932,0.7853704690933228,1.4915872812271118,0.5916152596473694,0.7053603529930115,0.6977722644805908,0.7822346687316895,0.6420212388038635,0.7740352749824524,0.6087254285812378,0.7519827485084534,0.581996500492096,0.056612279266119,-0.2116157561540603,0.1146405339241027,-0.2399573624134063,0.0940916091203689,0.0428796596825122,0.0540265627205371,-0.1354205757379531,-0.0217787325382232,-0.0457690507173538,0.041310328990221,0.0311912167817354,0.0099141858518123,0.8462719321250916,0.9715947508811952,0.6428951025009155,0.7557650804519653,0.635206937789917,0.5472236275672913,0.4391880631446838,0.6385172605514526,0.5371728539466858,0.4717503488063812,0.3982316255569458,0.422747790813446,0.4826052188873291,0.061394296484362,0.0310282205802648,0.1439712258338809,0.0684735049209357,5.1062445696485135,1,Rekurrensparese,914,a_n
-317.8804016113281,229.3484039306641,-3.57085394859314,3.0267233848571777,-11.49822235107422,-21.27752685546875,-13.48208236694336,18.53729057312012,14.49744987487793,-25.2406063079834,-8.12193775177002,10.382787704467772,8.84227180480957,17.351640701293945,8.570063591003418,9.75428867340088,3.107604742050171,4.740373611450195,2.962416172027588,3.7333884239196777,3.34104061126709,2.617528915405273,3.263258218765259,1.8344444036483765,2.6624882221221924,1.923539996147156,-0.1440700441598892,0.0774453058838844,-0.1210332363843917,-0.0379126109182834,-0.0034250558819621,-0.0081648910418152,-0.048791978508234,0.0005094547523185,0.0188235249370336,-0.0486504398286342,0.0099563701078295,0.0399660877883434,0.020854203030467,2.808781147003174,1.3452754020690918,1.900700926780701,0.5134487152099609,0.8393605351448059,0.5238437652587891,0.5659645199775696,0.5644317269325256,0.4700225293636322,0.6651313304901123,0.3249350786209106,0.3090598285198211,0.3335489928722381,0.5150443911552429,-0.1984208226203918,0.1768299341201782,0.008682214654982,0.016518423333764,0.0398351773619651,0.0160526763647794,-0.0502781979739666,-0.0539117082953453,0.0673010945320129,-0.0097736418247222,-0.0374214276671409,-0.0006538364104926,2.0910184383392334,1.024593472480774,0.8497288823127747,0.3737399280071258,0.5178938508033752,0.3554539978504181,0.3491978049278259,0.3697830438613891,0.3296913802623749,0.33216592669487,0.2502050101757049,0.2587449550628662,0.2491979151964187,0.0057630440045841,0.0035225628675502,0.012457807555173,0.006047095243221,25.684636295336777,1,Rekurrensparese,924,a_n
-260.4147033691406,167.55894470214844,-15.761247634887695,-6.795731067657471,-39.09611511230469,-14.747581481933594,-6.695207595825195,22.643184661865234,-3.638293027877808,-8.902420043945312,-1.3120715618133545,-1.2652902603149414,0.5939254760742188,14.933795928955078,7.114343166351318,7.277835845947266,3.794432640075684,4.974051475524902,3.456648349761963,4.591916561126709,3.8100905418396,4.793477535247803,3.4353182315826416,3.1624622344970703,3.177840232849121,3.470122575759888,-0.2989735305309295,-0.1579516530036926,0.0623774603009223,0.0140386866405606,-0.0612971372902393,-0.0108807533979415,0.0745393559336662,0.0243143159896135,0.1232484951615333,0.0086344582960009,0.0181042794138193,0.0652248188853263,-0.0084570897743105,1.589266061782837,0.964069366455078,1.1086140871047974,0.5962923169136047,0.5913714170455933,0.628982424736023,0.529732346534729,0.5388790369033813,0.5795801281929016,0.5670036673545837,0.5135533213615417,0.4746120870113373,0.513333261013031,0.0943189933896064,0.0931453257799148,0.1606263369321823,0.0339858792722225,0.0224238708615303,0.0342765972018241,0.0234920531511306,-0.0265550818294286,0.0143892653286457,0.0104857431724667,0.0187913812696933,-0.0264775436371564,0.0181261729449033,0.9037157893180848,0.6505942344665527,0.8819091320037842,0.4414367377758026,0.488553911447525,0.4943962097167969,0.4031746983528137,0.4254764318466186,0.4226143658161163,0.4433650076389313,0.3954106271266937,0.3686471879482269,0.3636667132377624,0.0031024812888293,0.0018208213450323,0.0408760650882634,0.022809750801724,23.449440069430867,1,Rekurrensparese,926,a_n
-245.5889587402344,165.46876525878906,-8.761197090148926,-6.419565677642822,-32.160179138183594,5.133110046386719,-24.61038398742676,37.77630233764648,7.811364650726318,-20.616458892822266,5.671132564544678,5.538412094116211,-7.710992813110352,10.864768981933594,5.120590686798096,6.182476043701172,5.438568592071533,4.512749671936035,3.469776630401612,4.294599533081055,4.16373872756958,3.353291749954224,3.9429407119750977,3.7993569374084473,4.098108291625977,3.414074182510376,0.0812434032559394,-0.0968850329518318,-0.1275374591350555,-0.1105946972966194,-0.0256021618843078,0.0149561166763305,0.0097541566938161,0.0411860458552837,-0.0277531221508979,-0.0397876873612403,-0.0506890676915645,-0.0463270917534828,0.0172484125941991,1.6928362846374512,0.940025508403778,1.1389498710632324,0.6948150396347046,0.7316005825996399,0.511458158493042,0.7902489900588989,0.5608274936676025,0.527312695980072,0.7053786516189575,0.4944104850292206,0.5235559940338135,0.498256117105484,0.2827306091785431,0.1063993945717811,0.1687241941690445,0.084583505988121,0.0996385291218757,-0.0146673042327165,0.118088960647583,-0.1067680120468139,-0.0223376397043466,0.0356281921267509,0.0081036929041147,-0.0499098449945449,0.0026540914550423,0.923415184020996,0.7432960867881775,0.897564709186554,0.4400684833526611,0.4795331060886383,0.4404326975345611,0.6605430245399475,0.5931587219238281,0.4452898502349853,0.5259883999824524,0.3561563789844513,0.3520444929599762,0.4743570387363434,0.00643489845912,0.0039582753513105,0.0312941124795712,0.017589036591717,21.840985698949005,1,Rekurrensparese,928,a_n
-214.8328399658203,195.00205993652344,-45.76133728027344,-1.479797601699829,-28.094167709350582,-12.702558517456056,-18.74367904663086,5.326461791992188,9.592926025390623,-14.991296768188477,-5.960594177246094,4.865507125854492,2.8600118160247803,28.96522521972656,7.4792046546936035,13.613372802734377,5.967782497406006,4.828195571899414,4.893653869628906,5.689380168914795,4.635981559753418,5.742546558380127,3.74056339263916,4.145191192626953,2.9535419940948486,4.039767742156982,-0.6596533060073853,0.0338436476886272,0.1279579699039459,-0.1178105622529983,0.0169768389314413,0.0163932871073484,0.0110245682299137,-0.0076524065807461,-0.0534956865012645,-0.0423431582748889,-0.0417641215026378,0.0055764447897672,0.0008450328605249,1.0445902347564695,1.0161383152008057,1.3326447010040283,0.7052205204963684,0.736907422542572,0.7888414263725281,0.7671185731887817,0.6250165104866028,0.6833106279373169,0.5713130831718445,0.5613300204277039,0.5435184240341187,0.7054125070571899,0.122190847992897,0.1329267770051956,0.2000528424978256,-0.0192304123193025,0.0159304197877645,-0.0020204782485961,0.0530337244272232,0.0128302825614809,-0.005233746021986,0.0469396598637104,-0.0050403755158185,0.0060028242878615,0.0196438245475292,0.7127466797828674,0.6226174235343933,0.8292654752731323,0.5046437978744507,0.3976888656616211,0.4157842397689819,0.5064862966537476,0.4664294421672821,0.4774043262004852,0.4182524979114532,0.4990945756435394,0.4067793786525726,0.5080695152282715,0.0034415131664663,0.0019971546013222,0.0530226509653218,0.0294775836924477,21.24610506614964,1,Rekurrensparese,929,a_n
