mfcc_1_mean,mfcc_2_mean,mfcc_3_mean,mfcc_4_mean,mfcc_5_mean,mfcc_6_mean,mfcc_7_mean,mfcc_8_mean,mfcc_9_mean,mfcc_10_mean,mfcc_11_mean,mfcc_12_mean,mfcc_13_mean,mfcc_1_std,mfcc_2_std,mfcc_3_std,mfcc_4_std,mfcc_5_std,mfcc_6_std,mfcc_7_std,mfcc_8_std,mfcc_9_std,mfcc_10_std,mfcc_11_std,mfcc_12_std,mfcc_13_std,d_mfcc_1_mean,d_mfcc_2_mean,d_mfcc_3_mean,d_mfcc_4_mean,d_mfcc_5_mean,d_mfcc_6_mean,d_mfcc_7_mean,d_mfcc_8_mean,d_mfcc_9_mean,d_mfcc_10_mean,d_mfcc_11_mean,d_mfcc_12_mean,d_mfcc_13_mean,d_mfcc_1_std,d_mfcc_2_std,d_mfcc_3_std,d_mfcc_4_std,d_mfcc_5_std,d_mfcc_6_std,d_mfcc_7_std,d_mfcc_8_std,d_mfcc_9_std,d_mfcc_10_std,d_mfcc_11_std,d_mfcc_12_std,d_mfcc_13_std,d2_mfcc_1_mean,d2_mfcc_2_mean,d2_mfcc_3_mean,d2_mfcc_4_mean,d2_mfcc_5_mean,d2_mfcc_6_mean,d2_mfcc_7_mean,d2_mfcc_8_mean,d2_mfcc_9_mean,d2_mfcc_10_mean,d2_mfcc_11_mean,d2_mfcc_12_mean,d2_mfcc_13_mean,d2_mfcc_1_std,d2_mfcc_2_std,d2_mfcc_3_std,d2_mfcc_4_std,d2_mfcc_5_std,d2_mfcc_6_std,d2_mfcc_7_std,d2_mfcc_8_std,d2_mfcc_9_std,d2_mfcc_10_std,d2_mfcc_11_std,d2_mfcc_12_std,d2_mfcc_13_std,jitter_local,jitter_rap,shimmer_local,shimmer_apq3,hnr,label,type,person_id,recording
-388.2864685058594,116.6484832763672,12.806400299072266,51.78805160522461,14.888198852539062,11.22740077972412,0.838192343711853,-1.2484376430511477,1.890262484550476,-1.7473288774490356,-4.257755279541016,-8.77251148223877,0.1240086406469345,103.14723205566406,56.82242965698242,34.664085388183594,24.58894157409668,28.706926345825195,17.547788619995117,15.934954643249512,14.021599769592283,10.294161796569824,9.531927108764648,12.438348770141602,13.18718433380127,8.75936508178711,0.2136929780244827,0.1449751108884811,-0.021741734817624,0.0001442453067284,0.0338368788361549,0.0117053985595703,-0.0319550745189189,-0.0421416647732257,-0.0344734713435173,-0.0369560495018959,-0.0279618464410305,-0.0313034281134605,-0.0317079201340675,14.70527172088623,8.362199783325195,5.93476676940918,3.3515141010284424,4.210423469543457,2.774778127670288,2.436218500137329,2.5878806114196777,1.8367727994918823,1.5537590980529783,2.181243896484375,2.0940065383911133,1.597934603691101,-0.3037997782230377,-0.1511612981557846,0.0242567732930183,-0.0260811764746904,0.0380027517676353,0.0542581751942634,0.055136315524578,-0.0160444676876068,0.0094187296926975,0.0108886212110519,-0.0666357725858688,0.0256227366626262,0.007671320810914,7.291261196136475,3.1387946605682373,3.307986259460449,1.878811001777649,2.0267724990844727,1.3680473566055298,1.3613089323043823,1.2970941066741943,0.9000067114830017,0.7788565158843994,1.2184555530548096,1.0624510049819946,0.8292484283447266,0.0305399544614838,0.0149310126391555,0.0686063488520531,0.0234297541049391,15.631016189968753,1,Hyperfunktionelle Dysphonie,1037,phrase
-418.1732482910156,162.67642211914062,18.261865615844727,28.87626266479492,17.428565979003906,20.3862361907959,-3.6715009212493896,-2.414239883422852,7.682037830352783,1.4880748987197876,0.494833767414093,1.7985128164291382,-2.27681303024292,80.09817504882812,59.67912673950195,32.064208984375,19.8031005859375,23.4394588470459,21.82198715209961,19.93122100830078,10.07012939453125,9.48525047302246,12.16087245941162,7.806450366973877,7.04771614074707,7.028182029724121,0.5728399753570557,0.121412381529808,-0.1665443480014801,0.1367698460817337,0.0673246681690216,0.1861128956079483,0.1315576881170272,0.0577108338475227,-0.0160418432205915,-0.0720956772565841,0.0178660806268453,-0.018898332491517,0.0049076080322265,11.81591510772705,10.798088073730469,4.644414901733398,3.125097274780273,4.286206245422363,2.843975782394409,3.007432699203491,1.9414039850234983,1.502677083015442,2.1100168228149414,1.37010395526886,1.589921236038208,1.3040217161178589,-0.167270615696907,-0.107564091682434,-0.0116781340911984,0.0276077575981616,0.0875037536025047,0.078055702149868,0.0754599794745445,0.0219499990344047,0.0368252731859684,0.0344920791685581,-0.0388285405933856,-0.0327640660107135,-0.0347983203828334,6.998560905456543,4.762202739715576,2.847187042236328,2.046020746231079,1.9206228256225584,1.3401625156402588,1.7192801237106323,1.074164867401123,0.778026819229126,1.0864789485931396,0.795168936252594,0.9444025754928588,0.7488143444061279,0.032324241751822,0.0103901953107218,0.0881964286657743,0.0294483001104019,14.141502436771072,1,Hyperfunktionelle Dysphonie,1043,phrase
-357.43438720703125,113.3320770263672,25.27441024780273,39.79357147216797,7.228905200958252,29.751708984375,-3.29590916633606,-2.9218590259552,9.85234260559082,-4.348001956939697,0.1642423123121261,-6.135289669036865,-5.877421855926514,83.2781753540039,41.49922180175781,31.81656074523925,14.56348705291748,25.045974731445312,14.924519538879396,16.843183517456055,14.046998977661133,9.872688293457031,10.867398262023926,10.224352836608888,8.084696769714355,7.596309185028076,0.1651680916547775,0.0958779230713844,0.0117461988702416,-0.0382882505655288,-0.0800589099526405,-0.0384764075279235,-0.0503885596990585,-0.0167865101248025,-0.0385339185595512,-0.0072387601248919,0.0163676589727401,-0.0068388297222554,0.0112308831885457,11.97207260131836,7.395764827728271,5.19252872467041,2.244114637374878,3.8197762966156006,2.253171920776367,2.813202142715454,2.386859178543091,1.6172096729278564,1.8157397508621216,1.789944410324097,1.5327401161193848,1.2763941287994385,-0.0098668839782476,-0.0817479789257049,-0.0569839552044868,-0.0398593991994857,-0.0508948937058448,-0.0172608997672796,-0.0403405539691448,0.0129976496100425,0.0012868732446804,0.0041987169533967,0.0234320685267448,-0.0049030501395463,0.0075232814997434,6.335251808166504,3.154322385787964,2.989664077758789,1.2436383962631226,1.7731841802597046,1.1982510089874268,1.5241817235946655,1.1855511665344238,0.7841720581054688,1.0072569847106934,0.8354188799858093,0.8135724663734436,0.6862711310386658,0.0152335439386297,0.0059251502314767,0.0561880413901139,0.0204343577518481,20.01167420792361,1,Hyperfunktionelle Dysphonie,1044,phrase
-331.2268981933594,122.81640625,0.2887556850910187,31.329954147338867,1.7420014142990112,1.8111684322357176,-4.569820880889893,-6.640920162200928,-4.338638782501221,-6.428737163543701,-10.757076263427734,-11.452879905700684,-8.602304458618164,69.97306823730469,44.61820602416992,38.47956085205078,26.33659172058105,26.2175235748291,20.993471145629883,15.525005340576172,12.784303665161133,13.751639366149902,12.545141220092772,12.123136520385742,10.999699592590332,8.965587615966797,0.3420203030109405,0.3842676877975464,0.2147100269794464,0.1254377663135528,0.041911419481039,-0.0090011889114975,0.0081981560215353,-0.0210856776684522,-0.0130192730575799,0.0266908854246139,-0.0106983697041869,-0.0478533580899238,-0.0545221343636512,12.487929344177246,8.196617126464844,6.564626216888428,3.092617988586426,4.277139663696289,3.338348627090454,2.576901912689209,2.585448980331421,2.374845027923584,2.424401998519897,2.519747972488404,2.2136876583099365,1.880798816680908,-0.1457109153270721,-0.0601035803556442,-0.0819191634654998,-0.1240902990102768,0.0449046678841114,0.0468430407345294,0.0243431460112333,0.0679969191551208,0.0764542520046234,0.0194940082728862,0.02616280131042,0.0202628709375858,-0.0152068575844168,7.3518290519714355,4.27957010269165,3.760092496871948,1.7229373455047607,2.023910522460937,1.448307752609253,1.2705572843551636,1.4204572439193726,1.260379433631897,1.1418768167495728,1.0680649280548096,1.1564106941223145,1.0908409357070925,0.0187935976107753,0.0072401697985182,0.0462772696330198,0.01537166614245,20.874388215594774,1,Hyperfunktionelle Dysphonie,1050,phrase
-339.0238037109375,123.90879821777344,21.50529861450196,44.9127311706543,2.141042947769165,21.977331161499023,4.298295021057129,-4.9712443351745605,8.203899383544922,8.195744514465332,1.3897573947906494,-6.4098968505859375,-3.904047966003418,130.13522338867188,61.36630630493164,32.04901123046875,23.26809883117676,25.539718627929688,17.15053939819336,18.69603729248047,16.90131950378418,10.681324005126951,10.781648635864258,9.806436538696287,12.377704620361328,10.99851417541504,0.3075702786445617,0.2017834335565567,0.0861887484788894,0.0624204389750957,-0.0573892891407012,0.0052470238879323,-0.0020368287805467,-0.0082127433270215,-0.013972083106637,-0.0224902406334877,0.0143335266038775,0.007897188887,0.0198832210153341,14.847335815429688,7.613448143005371,4.821006774902344,2.934532403945923,3.596585512161255,2.2502918243408203,2.525038480758667,2.732020139694214,1.759276270866394,1.5948247909545898,1.6243131160736084,1.9044500589370728,1.378458023071289,-0.0074907401576638,-0.0006085793720558,0.0039559551514685,-0.0127116227522492,0.0007376276771537,0.0160810407251119,0.0087895467877388,0.0134087018668651,0.0143864657729864,0.0108838099986314,-0.0023433063179254,0.0020420888904482,0.0114760752767324,7.7830095291137695,3.8627874851226807,2.9422881603240967,1.6714410781860352,1.7091251611709597,1.0153822898864746,1.3354300260543823,1.480951905250549,0.716239869594574,1.0186582803726196,0.8830186128616333,1.0288708209991455,0.6392552852630615,0.0196373179947912,0.0054591228793679,0.0788213119421374,0.0202954718439817,15.654963506270985,1,Hyperfunktionelle Dysphonie,1051,phrase
-354.4658508300781,154.60842895507812,27.52479362487793,40.7686767578125,24.743083953857425,21.029916763305664,-7.881922245025635,-8.965777397155762,-0.6345840096473694,-2.8559882640838623,-3.843760490417481,-12.762837409973145,-7.775847911834717,78.16459655761719,49.71392822265625,33.46181106567383,25.119779586791992,21.47396850585937,20.552461624145508,24.53045082092285,12.237321853637695,12.38381290435791,11.220447540283203,9.893658638000488,13.225647926330566,11.129417419433594,0.2896813750267029,0.292514443397522,0.1923972368240356,0.1394283771514892,0.0685514509677887,0.0628697052597999,0.0218347832560539,0.0071496646851301,-0.0231031104922294,-0.0574672855436801,-0.0429774522781372,-0.0436884835362434,-0.0074350736103951,14.521759033203123,8.396739959716797,6.359959602355957,3.426030397415161,2.996497869491577,2.228616237640381,3.166283369064331,2.49731707572937,1.878319501876831,2.289623260498047,1.665099024772644,1.9658979177474976,1.9119547605514529,-0.1451464742422104,-0.12167589366436,-0.0694190636277198,-0.049274057149887,0.0141316130757331,0.0150938984006643,0.0028151283040642,0.0057982867583632,0.033617228269577,0.0361945703625679,0.0215059779584407,0.0035923481918871,-0.0143691273406147,7.761452198028564,3.690553665161133,3.193784713745117,1.989454984664917,1.674776911735535,0.9882795810699464,1.446934461593628,1.1492767333984375,0.927359938621521,1.219839096069336,0.9902496337890624,0.968461275100708,1.0247496366500854,0.0187551604601347,0.006425231362904,0.0591251898512623,0.0201537264331078,19.620356568362,1,Hyperfunktionelle Dysphonie,106,phrase
-375.84423828125,165.66554260253906,9.234177589416504,48.38668441772461,24.58271789550781,14.642131805419922,3.870218753814697,4.262579441070557,0.2560511827468872,-2.356020927429199,5.374630451202393,-1.3338756561279297,-4.6626715660095215,91.3793716430664,64.12002563476562,32.0952033996582,24.398530960083008,25.95635986328125,17.02294921875,18.03347969055176,12.334625244140623,11.70481014251709,16.221818923950195,10.88078498840332,10.57440948486328,10.700800895690918,0.3064057826995849,0.2883686125278473,0.1104821488261222,0.083164170384407,0.0885332226753234,0.0719222277402877,0.0223857760429382,0.0215860530734062,0.0255394130945205,-0.0355762690305709,-0.0331819280982017,-0.0142475236207246,-0.0366363860666751,16.274078369140625,8.906312942504883,5.075230121612549,3.75726580619812,4.545409202575684,2.4210522174835205,3.2273547649383545,2.0086452960968018,1.8300861120224,3.272023677825928,1.5572832822799685,1.9158284664154053,1.889316201210022,-0.1709384173154831,-0.0243989676237106,-0.0151624856516718,-0.0282275471836328,0.0745648220181465,0.0225886758416891,0.0765637829899787,0.0126642324030399,0.0297352503985166,0.0582336485385894,0.0220757089555263,0.0164940096437931,0.0038068024441599,8.409876823425293,3.2982823848724365,2.624516725540161,1.874404668807984,2.2965211868286133,1.3160603046417236,1.6758310794830322,1.0916961431503296,1.055225491523743,1.711421251296997,0.9736199378967284,0.9828261137008668,0.9637504816055298,0.0216456606740621,0.0063577860055887,0.0846911102344626,0.0267327185297473,12.782609043656649,1,Hyperfunktionelle Dysphonie,1083,phrase
-334.3865661621094,124.99793243408205,20.85580062866211,53.05490493774414,20.866884231567383,14.218365669250488,1.0218878984451294,-2.818061590194702,7.1251301765441895,5.803339004516602,-1.5299257040023804,-2.469839096069336,-0.7944997549057007,96.40705871582033,55.66216659545898,35.19684219360352,26.31255531311035,21.66728973388672,21.13948440551757,18.671266555786133,12.507434844970703,11.161728858947754,11.951380729675291,11.172064781188965,11.568413734436035,10.546812057495115,0.3872425556182861,0.333064317703247,0.1191951036453247,0.091805063188076,0.0301391836255788,0.0025474310386925,-0.028062479570508,-0.061129905283451,-0.0401710905134677,-0.0179105345159769,-0.026735421270132,-0.0576403215527534,-0.0623715259134769,14.256111145019531,8.533318519592285,5.915370941162109,3.771844148635864,3.762804746627808,2.735847234725952,2.8733065128326416,2.52634072303772,2.009871244430542,2.153088092803955,1.8339864015579224,2.0548174381256104,1.8573812246322632,-0.0391784310340881,-0.0220112893730402,-0.0060993074439466,0.0001162137268693,0.0134087158367037,0.0111887352541089,0.0185880176723003,0.0121344411745667,0.002123724669218,-0.0053435955196619,0.0163494646549224,0.0175545141100883,0.0013709996128454,7.364768981933594,3.3352417945861816,3.4473085403442383,2.177881956100464,1.8360956907272337,1.139620065689087,1.645824313163757,1.3094887733459473,1.0122157335281372,1.3531385660171509,0.9186163544654846,1.0050959587097168,0.9436565041542052,0.0311777902233258,0.0166549569170978,0.0869224572547552,0.028060196016634,14.84786925122905,1,Hyperfunktionelle Dysphonie,1085,phrase
-329.3373107910156,137.0534210205078,25.163333892822266,36.99159622192383,12.302236557006836,18.48000907897949,-6.348516941070557,-10.129624366760254,1.6858965158462524,3.815558671951294,-4.690004825592041,-10.562734603881836,-4.195085048675537,74.1417007446289,45.49473571777344,33.513275146484375,22.6228256225586,25.96016502380371,19.33340072631836,16.77301025390625,12.747010231018066,12.192999839782717,12.818685531616213,11.778952598571776,11.385771751403809,11.020843505859377,1.120018720626831,0.5287588238716125,-0.1437926739454269,0.1148733422160148,-0.0699589177966117,0.0272633470594882,-0.0062827081419527,-0.1293697655200958,-0.0614156275987625,0.0023168183397501,0.019571915268898,-0.0331713743507862,-0.0487546771764755,15.63871955871582,8.273755073547363,6.454751491546631,3.613396167755127,4.143407344818115,2.8877270221710205,3.344210624694824,2.7186713218688965,2.063026189804077,2.515618324279785,2.135470151901245,2.0402474403381348,2.440091609954834,-0.0987337157130241,-0.0746986865997314,-0.0438593439757823,0.0542758926749229,0.0872074216604232,0.0490445271134376,0.168564110994339,0.0979511067271232,0.02478688955307,-0.0159126836806535,-0.1141729056835174,-0.0629536211490631,-0.0407750122249126,8.519153594970703,3.867393732070923,3.650201559066773,2.0747220516204834,1.959270596504212,1.4513015747070312,1.92025089263916,1.5401442050933838,1.075142741203308,1.3685771226882937,1.2205387353897097,1.0969979763031006,1.3180981874465942,0.0353735298428463,0.0158831455829614,0.1047970115849463,0.0408023906802735,14.467470504777,1,Hyperfunktionelle Dysphonie,1088,phrase
-279.8481750488281,123.2462387084961,6.182584285736084,51.29590225219727,-12.454147338867188,23.65701103210449,2.347813129425049,-10.000282287597656,4.829106330871582,3.826331615447998,-4.383902072906494,-9.94196319580078,-1.8971315622329712,80.8459243774414,46.783939361572266,30.88172912597656,29.259180068969727,25.5240478515625,19.56610107421875,16.108028411865234,18.459014892578125,11.296187400817873,11.894866943359377,12.045416831970217,14.415759086608888,8.866114616394043,0.6948063373565674,0.5182380676269531,0.0342733450233936,-0.0914144068956375,-0.1401816308498382,-0.0422346480190753,-0.0404892601072788,-0.0522078499197959,-0.0510361865162849,-0.0314219892024993,-0.0215850733220577,-0.0286613591015338,-0.0451785996556282,14.69473648071289,8.479799270629883,5.292562961578369,4.945323944091797,3.653087615966797,2.612478494644165,2.80793571472168,3.372184991836548,1.874598741531372,1.894963622093201,2.0165581703186035,2.5460238456726074,1.859347939491272,-0.1802049726247787,-0.1506828665733337,0.0140731083229184,0.0512835979461669,0.0676396116614341,0.0565947666764259,0.0102321440353989,0.02841910533607,0.0134018082171678,0.0205566361546516,-0.0097632491961121,-0.0502593182027339,0.0076927207410335,8.215764999389648,3.574672222137451,2.9689242839813232,2.505831003189087,1.977958083152771,1.4482629299163818,1.417202115058899,1.5554161071777344,0.965276300907135,0.9547416567802428,0.994583249092102,1.23845112323761,1.1452938318252563,0.0267342331127581,0.0118317645960934,0.0802363703428622,0.0302280085946246,13.594217409238407,1,Hyperfunktionelle Dysphonie,1090,phrase
-303.457763671875,128.705810546875,16.494298934936523,52.66846084594727,1.4810614585876465,22.90968132019043,-1.6639875173568726,-1.5808666944503784,7.562216758728027,-3.512500762939453,0.4642316699028015,-11.034138679504396,-4.95298957824707,76.12751007080078,46.168758392333984,28.508007049560547,25.9041748046875,24.66328430175781,16.83139991760254,18.687301635742188,12.603922843933104,8.632146835327148,12.483789443969728,7.624301433563232,12.350173950195312,9.642570495605469,0.3392780721187591,0.1959298253059387,-0.0230383444577455,-0.0762072280049324,-0.1813332885503769,-0.1057105809450149,-0.0669517293572425,-0.0158882141113281,-0.0118497954681515,-0.0316181294620037,-0.027522575110197,-0.1292738765478134,-0.1463624686002731,14.324776649475098,7.268256187438965,5.27253007888794,4.226121425628662,4.106566429138184,2.681365966796875,3.4098122119903564,2.4299392700195312,1.624163031578064,2.444966554641724,1.5352643728256226,2.6940534114837646,2.222052574157715,0.1204040348529815,-0.0108312973752617,-0.1409565210342407,-0.0758286565542221,0.008025063201785,0.0259261261671781,0.0121870599687099,0.0592928826808929,-0.002969100838527,-0.02361361682415,-0.0189614612609148,-0.0069113126955926,0.0304856095463037,8.371576309204102,3.2148444652557373,3.3978288173675537,2.197502374649048,1.984654188156128,1.3421107530593872,1.941764235496521,1.4849578142166138,1.0373003482818604,1.288298726081848,0.8850859999656677,1.307257890701294,1.0772899389266968,0.030495996777609,0.012370675372289,0.083066749969856,0.0296641626718401,12.679036492091594,1,Hyperfunktionelle Dysphonie,1113,phrase
-308.5525207519531,115.45661926269533,-5.05623722076416,46.58523941040039,0.1276035904884338,10.846076011657717,-15.381738662719728,7.289209365844727,9.698742866516112,-4.483418941497803,-1.0357298851013184,-1.619780659675598,-2.098541498184204,81.86788940429688,49.73992156982422,26.383169174194336,25.14365768432617,26.844274520874023,18.432598114013672,16.438663482666016,11.828883171081545,12.863964080810549,13.443220138549805,12.729499816894531,9.644922256469728,11.811278343200684,1.360559105873108,0.3479215800762176,-0.2219647020101547,0.0692673847079277,-0.2010905295610427,-0.0004055454628542,-0.1426110565662384,0.0499339960515499,-0.0930958315730094,-0.1265922784805297,-0.0122516881674528,-0.0735913142561912,-0.0136079424992203,15.864069938659668,8.225091934204102,3.5231971740722656,3.1772685050964355,4.719564437866211,2.332575798034668,2.925457000732422,2.231233835220337,1.9539495706558228,2.1968531608581543,2.069152355194092,1.6928921937942505,2.198385715484619,-0.1934353560209274,-0.0799425244331359,0.0088586537167429,0.005744638852775,0.0588090382516384,0.0411475896835327,0.0454421080648899,0.0275423042476177,0.0048311450518667,-0.0095619838684797,-0.0133127253502607,0.0212377775460481,0.0245325490832328,7.604939460754394,3.5500495433807373,2.079342603683472,1.6767958402633667,2.1288604736328125,1.313884735107422,1.5500423908233645,1.250351071357727,0.952118158340454,1.1098997592926023,1.0619680881500244,0.936625361442566,0.9414607286453248,0.0334625564922715,0.0133101009668558,0.0881551956601102,0.0314149901149047,10.6020008780611,1,Hyperfunktionelle Dysphonie,1118,phrase
-322.96337890625,141.0550537109375,19.24238586425781,46.66591644287109,4.662746906280518,20.32159805297852,-3.778532981872559,-2.57781982421875,9.29434585571289,-7.007880687713623,-1.5178955793380735,-4.416778564453125,-3.2660136222839355,72.51180267333984,54.70275115966797,26.121889114379883,23.72398376464844,26.468616485595703,19.423564910888672,15.664426803588867,10.499751091003418,9.27286434173584,9.995195388793944,9.747166633605955,10.105646133422852,8.400359153747559,0.8386695981025696,0.5084957480430603,-0.0286977216601371,0.0153348390012979,-0.0666030868887901,-0.0321710593998432,-0.1087293103337287,-0.0219253059476614,-0.0155612314119935,-0.1562813073396682,0.001039155642502,-0.0123690562322735,-0.1048146039247512,15.064823150634766,9.73511028289795,4.580286979675293,3.522000551223755,4.394227504730225,2.8909730911254883,3.105307102203369,1.973949670791626,1.9196048974990845,2.324667930603028,1.8871471881866453,1.7115614414215088,1.727677583694458,-0.1550155878067016,0.0222358256578445,-0.0269246213138103,-0.09795393794775,0.0534759908914566,-0.002713042544201,0.0504790619015693,0.0237494725733995,0.0075268913060426,-0.0041372110135853,-0.0141454814001917,-0.0369149595499038,-0.0690632387995719,8.296137809753418,4.388875484466553,3.309406518936157,1.8107699155807493,1.7153921127319336,1.253959059715271,1.7747894525527954,1.0454479455947876,1.1284301280975342,1.387361764907837,1.0878119468688965,0.8980563282966614,0.9560747742652892,0.018311256053316,0.009132625105118,0.079119368958216,0.0237529095230985,13.937018349712012,1,Hyperfunktionelle Dysphonie,1189,phrase
-343.9910583496094,113.96106719970705,20.35038375854492,25.65886306762696,1.6652079820632937,27.488115310668945,-8.182032585144043,-6.118833541870117,5.294113636016846,-4.756389141082764,1.7381442785263062,-10.037468910217283,-5.670163154602051,85.3428726196289,49.50215148925781,19.553874969482425,21.215633392333984,18.18610572814941,13.335308074951172,20.01513290405273,15.177895545959473,11.131885528564451,12.50079345703125,9.848624229431152,12.070600509643556,10.45303726196289,0.0799596011638641,0.0971303060650825,0.0076853865757584,-0.0180279221385717,0.0516066178679466,0.0234387200325727,0.0200539249926805,0.0295136775821447,-0.0677093639969825,-0.0882402211427688,-0.0421013012528419,0.0072783329524099,0.0672481581568718,12.205145835876465,6.201084613800049,3.3021020889282227,2.7495038509368896,3.1157448291778564,2.1304306983947754,3.3341310024261475,2.584315299987793,1.7048357725143433,2.003931760787964,1.539321780204773,1.7656528949737549,1.4272146224975586,-0.0647023320198059,-0.0256471782922744,0.0086958995088934,-0.0116094481199979,0.011995755136013,0.016024412587285,0.0364152230322361,0.0332054793834686,-0.0055756559595465,0.0095251454040408,0.0141255082562565,0.0116660362109541,0.0139065589755773,5.095980167388916,2.627227783203125,2.008196830749512,1.3762084245681765,1.4603705406188965,1.0030680894851685,1.455246090888977,1.1760889291763306,0.928036093711853,0.988429605960846,0.6431296467781067,0.870870053768158,0.7905336618423462,0.0130924165561825,0.006579160664922,0.0510345518235494,0.0154821877098426,23.3967720479978,1,Hyperfunktionelle Dysphonie,1196,phrase
-353.71173095703125,128.00265502929688,21.74568748474121,37.48489761352539,11.677987098693848,19.505517959594727,-11.99818229675293,-4.830271720886231,12.859115600585938,-9.232589721679688,-0.572896420955658,4.7463555335998535,-7.494457721710205,93.58643341064452,51.72824478149414,31.026168823242188,24.443145751953125,23.4627685546875,20.90311050415039,22.209779739379883,14.66830062866211,11.875834465026855,17.49802589416504,10.880536079406738,8.474514961242676,11.56723976135254,0.3359281122684479,0.1707792580127716,-0.1267486810684204,-0.1018254905939102,-0.0871929377317428,-0.0213007368147373,0.0182715095579624,0.0506230406463146,0.0783027932047844,-0.0935397893190383,-0.1521052569150924,-0.0586975179612636,-0.1013865396380424,13.298563957214355,7.876108169555664,5.255623817443848,3.407867193222046,4.376732349395752,3.18015456199646,3.622828483581543,2.4903697967529297,1.993297100067139,3.338690996170044,2.0158231258392334,1.42097270488739,2.4270565509796143,0.0746176838874816,0.0687846392393112,-0.0582163594663143,-0.1009997949004173,0.0233692396432161,0.0806688219308853,0.0048835915513336,-0.0041245049796998,0.0414033122360706,-0.0366655513644218,-0.0497935600578784,0.0060651707462966,-0.0158570893108844,7.46158504486084,3.75802493095398,3.3265798091888428,1.871377944946289,2.003992080688477,1.3507510423660278,1.922348976135254,1.2451586723327637,1.2327156066894531,1.7215704917907717,1.009690523147583,0.8471981883049011,1.1396660804748535,0.022190462363469,0.0100136357616292,0.0622005984655986,0.0231599954248656,19.22902149180144,1,Hyperfunktionelle Dysphonie,1204,phrase
-323.38690185546875,136.7827606201172,-6.576995849609375,40.26610565185547,3.925012826919556,14.507442474365234,-12.864211082458496,-10.23606300354004,5.501251220703125,-6.630343914031982,-6.855820655822754,-6.697479248046875,-2.519808769226074,83.88156127929688,51.91764450073242,31.569467544555664,24.132644653320312,26.53198432922364,20.28790855407715,17.666439056396484,16.543560028076172,11.022493362426758,11.363471031188965,10.808783531188965,9.691092491149902,8.68193531036377,0.9236318469047546,0.6191889047622681,-0.1375197321176529,0.051949419081211,0.2232307344675064,0.1142623499035835,-0.1322601437568664,-0.3035863935947418,0.0127470167353749,0.0297533627599477,-0.199882686138153,-0.0429640561342239,0.0179757997393608,16.20429801940918,9.327138900756836,4.691037654876709,3.800340414047241,4.8226237297058105,2.52056097984314,3.467482805252075,2.890643119812012,1.8042727708816528,2.4755542278289795,1.8655540943145752,1.8814486265182493,1.8825278282165527,-0.1650205999612808,-0.2030754387378692,-0.1168367639183998,-0.01586389914155,0.1470537036657333,0.1694435030221939,0.0508953779935836,0.0304221827536821,-0.0367214046418666,-0.0343208722770214,-0.0119053851813077,-0.0523344166576862,0.0423150397837162,7.679908275604248,3.784074306488037,3.3860504627227783,2.0968260765075684,2.1813302040100098,1.411195993423462,1.8089793920516968,1.5863451957702637,0.8767600655555725,1.1946457624435425,1.18732488155365,1.0044939517974854,0.9773109555244446,0.0188912150257864,0.0075567583021878,0.0592254114151402,0.0148058460130109,18.16761221253611,1,Hyperfunktionelle Dysphonie,1222,phrase
-322.6235656738281,139.06996154785156,9.656705856323242,36.18124008178711,7.226834774017334,29.416976928710938,-13.430716514587402,-9.783761024475098,10.585671424865724,-8.322983741760254,3.399312973022461,-4.514869213104248,-10.817065238952637,80.93212127685547,42.08327865600586,31.2611026763916,20.541912078857425,24.627683639526367,18.81845474243164,22.56178092956543,14.961258888244627,10.143924713134766,15.647815704345703,11.306558609008787,11.105819702148438,12.172019004821776,0.3438979983329773,0.416441261768341,0.03869254514575,-0.1856060624122619,-0.1363537013530731,0.0687708705663681,0.1123770102858543,-0.1125524342060089,-0.0008229773375205,-0.0497212260961532,0.0695051774382591,0.1361575424671173,-0.1105140224099159,14.963485717773438,7.313329696655273,5.680458545684815,3.27179217338562,4.349713325500488,2.758772850036621,4.104915618896484,2.97503662109375,1.7935611009597778,2.954579591751098,2.1083128452301025,1.9440076351165767,2.7422356605529785,-0.0668216794729232,-0.0208037700504064,-0.0385087877511978,0.0286301262676715,0.087212286889553,0.033777866512537,0.1009330153465271,0.0414492972195148,0.0349034219980239,0.0397565141320228,-0.0003850895736832,0.0133537091314792,-0.0131206540390849,9.378766059875488,3.724390983581543,3.508219718933105,1.961676001548767,2.388670921325684,1.5290669202804563,2.0362069606781006,1.480137825012207,1.024969458580017,1.4538429975509644,1.0933717489242554,0.8995218873023987,1.274826169013977,0.0245456176703927,0.0096006331180419,0.0708587062828401,0.0187390616088552,16.320094510889472,1,Hyperfunktionelle Dysphonie,1266,phrase
-333.4688415527344,132.72210693359375,16.606752395629883,47.97279739379883,14.9566650390625,21.2278995513916,-0.8854909539222717,-7.441504001617432,4.869439125061035,2.167470932006836,0.0147421192377805,-8.766140937805176,-9.167875289916992,101.50894165039062,52.12097930908203,39.948978424072266,24.028976440429688,28.049211502075195,22.2669734954834,23.09902000427246,15.793288230895996,15.137897491455078,12.242925643920898,10.47057056427002,14.217926025390623,10.192611694335938,0.1859542429447174,0.1338446885347366,-0.0146582843735814,-0.0862303897738456,-0.1196259036660194,-0.0899608358740806,-0.0812301635742187,-0.0461713410913944,-0.0226570721715688,-0.0086194947361946,0.0245681349188089,0.0274063013494014,0.0219485107809305,16.870716094970703,7.813348293304443,5.820241928100586,3.949144124984741,3.4158084392547607,2.9050421714782715,3.620046138763428,2.7620389461517334,2.078967332839966,1.9396079778671265,1.9315767288208008,2.433357000350952,1.5742545127868652,-0.0984908118844032,-0.1037045791745185,-0.069847360253334,-0.0552631728351116,-0.0347300879657268,-0.005359239410609,0.0106905000284314,-0.0044718175195157,0.0083313742652535,-0.0033246353268623,-0.0291442591696977,-0.0099454335868358,-0.0063122333958745,8.586485862731934,3.445833444595337,3.064194917678833,2.086446523666382,1.6401145458221436,1.298469066619873,1.7242863178253174,1.2762250900268557,1.141047716140747,1.150853157043457,0.9798051118850708,1.0942420959472656,0.8445971012115479,0.0233743187541856,0.0087710909855634,0.0856165216818733,0.0261624707524124,15.206579672818396,1,Hyperfunktionelle Dysphonie,127,phrase
-299.3275451660156,135.5255889892578,5.433460712432861,44.20250701904297,0.5745314955711365,13.530769348144531,-5.972902774810791,-14.342214584350586,7.352567672729492,6.75260591506958,-8.243965148925781,-11.559552192687988,-0.3746404349803924,70.45582580566406,47.0369758605957,26.05146598815918,26.960134506225582,25.64801597595215,22.8796443939209,15.09170913696289,17.191829681396484,9.255669593811035,12.815407752990724,10.625523567199709,9.322575569152832,7.174213409423828,0.847661018371582,0.2680219411849975,-0.1979137808084488,0.0994206443428993,-0.0754819139838218,0.0635545328259468,-0.050496008247137,-0.1369371861219406,-0.0513151250779628,-0.0729398503899574,-0.0323852822184562,-0.0955930948257446,0.0036056586541235,14.60628890991211,8.048434257507324,4.777428150177002,3.427276134490967,4.417773246765137,3.3681461811065674,2.84361219406128,3.6370961666107178,1.69808030128479,2.573887348175049,2.112687587738037,1.9851025342941284,1.6002496480941772,-0.0351278632879257,0.1312995851039886,0.0009576635202392,-0.0671129524707794,0.1308844983577728,0.0657477527856826,0.0040972093120217,-0.0284791458398103,0.0417854040861129,0.0331602022051811,-0.066069446504116,-0.0335931293666362,0.0009966675424948,9.092717170715332,4.2464776039123535,3.143446922302246,1.8976765871047967,1.9320262670516968,1.3511629104614258,1.6672099828720093,1.9391658306121824,1.17074716091156,1.3487486839294434,1.2342060804367063,1.0952446460723877,0.8491306304931641,0.0187590327317791,0.0092736189008079,0.0565678132490947,0.0191158426904685,17.37627876100212,1,Hyperfunktionelle Dysphonie,1280,phrase
-337.15362548828125,157.52484130859375,21.090476989746094,51.17163848876953,14.323419570922852,20.15388298034668,7.492061138153076,2.7344000339508057,7.551557540893555,5.538602352142334,2.974293708801269,1.4646811485290527,2.333507537841797,85.76215362548828,50.67502975463867,31.029199600219727,18.57969093322754,20.64517974853516,22.12299156188965,20.85465431213379,12.988179206848145,12.591981887817385,8.675832748413086,9.869812965393066,9.969881057739258,8.200772285461426,0.4827125966548919,0.2779944241046905,-0.0880353823304176,-0.0485761649906635,-0.0153746530413627,0.0225231405347585,-0.0085515724495053,0.0170291140675544,0.0141797987744212,-0.0653361082077026,-0.0459184497594833,-0.0078983604907989,0.0026038254145532,15.541949272155762,8.798635482788086,4.74414587020874,3.193519353866577,3.6744232177734375,2.9438629150390625,3.538250207901001,2.5136373043060303,2.2080190181732178,1.7762340307235718,1.907010793685913,1.9679933786392207,1.44419527053833,-0.2975457012653351,-0.1426914632320404,0.0428262315690517,0.0397046990692615,0.138954296708107,0.1190338730812072,0.110094241797924,0.1006320118904113,0.1120079234242439,0.0869528651237487,-0.0049706399440765,-0.010199406184256,-0.0073083131574094,8.456633567810059,3.659997940063477,3.075036764144897,1.81153404712677,1.869498372077942,1.379174828529358,2.0725107192993164,1.4570485353469849,1.388339877128601,1.2799432277679443,0.906087338924408,1.0254110097885132,0.841467559337616,0.0289209370193543,0.0114206015683472,0.103694562025764,0.038018602008413,13.14729787771494,1,Hyperfunktionelle Dysphonie,1282,phrase
-306.1989440917969,129.43727111816406,33.01125717163086,41.32733154296875,16.335451126098633,14.558125495910645,-4.300253868103027,6.442611217498779,7.112600803375244,-1.7901774644851685,5.045094966888428,-9.842595100402832,-3.912233829498291,63.85089492797852,52.17024230957031,21.27490425109864,27.37576484680176,28.037742614746094,15.86716365814209,14.330580711364746,10.620455741882324,9.809173583984377,15.261798858642578,10.30164909362793,11.557283401489258,10.925178527832031,0.7000219821929932,0.5491952300071716,0.0410958938300609,-0.0353261902928352,-0.0638139769434928,-0.0805425494909286,-0.1123687103390693,-0.1008036211133003,-0.0197790823876857,0.0681818947196006,0.0886473655700683,-0.0083314469084143,-0.068448968231678,11.96422290802002,8.411158561706543,3.845589399337769,3.7349507808685294,4.755894184112549,2.8103339672088623,2.9795076847076416,2.080196619033813,1.9236180782318115,2.508110523223877,1.4690757989883425,2.24179744720459,1.8553372621536253,-0.3025739789009094,-0.206166073679924,-0.0507235564291477,-0.0203203912824392,0.0948429927229881,0.0771318078041076,0.0635002478957176,0.0497094243764877,0.0437511764466762,0.0264629889279603,-0.0189017448574304,-0.0155654242262244,-0.0050249751657247,6.362733840942383,2.996825218200684,2.827592134475708,2.0962073802948,2.129652738571167,1.3421781063079834,1.9315320253372192,1.0859920978546145,1.0410834550857544,1.3890272378921509,0.7193655371665955,1.1664304733276367,0.9638990759849548,0.0276716879860067,0.01454861807476,0.0699859893863961,0.0296088587886904,15.580539715073757,1,Hyperfunktionelle Dysphonie,1284,phrase
-330.0082397460937,151.34800720214844,-2.492917537689209,39.964263916015625,23.175172805786133,20.31133079528809,-16.96055030822754,-5.4929070472717285,7.434798717498779,-0.1498977690935135,0.7314414978027344,1.1963069438934326,-6.959544658660889,108.9676284790039,71.37451934814453,27.91719436645508,23.372303009033203,27.557472229003903,19.70138931274414,19.78955841064453,12.196666717529297,11.64385223388672,17.095809936523438,12.550358772277832,7.770084857940674,12.774576187133787,0.5973078608512878,-0.1992457956075668,-0.3491879999637604,0.1056330949068069,-0.1314635425806045,0.1104262322187423,-0.0760175287723541,-0.0174920372664928,0.0213616974651813,-0.0132841393351554,0.0506812110543251,-0.0549385882914066,0.0264078862965106,12.35729694366455,9.258817672729492,4.077864170074463,3.151080369949341,4.352226257324219,2.856221914291382,3.418992757797241,1.906286239624024,1.7301104068756104,2.9975171089172363,1.6800528764724731,1.4445836544036863,2.07879638671875,-0.1448876410722732,-0.017965679988265,0.0644847601652145,-0.0754116252064704,-0.0627325773239135,-0.0197835266590118,-0.0099940644577145,-0.0148207182064652,-0.0383161939680576,-0.0648423954844474,-0.0688930377364158,-0.0352450124919414,-0.0350843034684658,6.09248161315918,3.563432216644287,2.467805862426758,1.7938562631607056,2.040008544921875,1.5096957683563232,1.7978614568710327,1.069661021232605,0.9194474816322328,1.462704062461853,0.9685312509536744,0.7855677008628845,0.9346370697021484,0.0368672022217259,0.0182884844889795,0.1153576110925922,0.0480668113787312,11.402803246806853,1,Hyperfunktionelle Dysphonie,1285,phrase
-349.3544616699219,140.04153442382812,9.000688552856445,51.50579071044922,8.006766319274902,18.22543334960937,-19.839336395263672,2.33776593208313,-3.306138753890991,-8.349286079406738,8.310395240783691,-16.552030563354492,-6.659250736236572,84.8258285522461,49.77503967285156,28.06966209411621,28.32897186279297,23.851581573486328,16.467641830444336,20.26296615600586,10.04201889038086,12.073616981506348,12.660015106201172,11.548458099365234,12.572046279907228,8.9210844039917,1.1761178970336914,0.7337823510169983,-0.1187329962849617,-0.0434319861233234,0.0225353259593248,0.0404486581683158,-0.1143013015389442,-0.0565945543348789,-0.0486246012151241,-0.1303342580795288,-0.0094575444236397,-0.0654772073030471,-0.1237731799483299,17.823959350585938,9.529448509216309,5.54564094543457,3.585322141647339,4.156419277191162,2.996426582336426,3.4684410095214844,1.9457944631576536,2.215219497680664,2.2783143520355225,1.9374070167541504,2.6125693321228027,1.590086579322815,-0.2586333751678467,-0.1727931052446365,-0.0521068088710308,0.0303579103201627,0.1938539296388626,0.1038325950503349,0.0216393880546093,0.0126549117267131,-0.0177078936249017,-0.0040301675908267,0.0330263972282409,0.0458433739840984,-0.0167636331170797,10.685199737548828,4.211520195007324,3.857924461364746,2.136068344116211,2.486011981964112,1.5316951274871826,1.7528926134109497,1.1438326835632324,1.1352570056915283,1.2695307731628418,1.0508558750152588,1.1971583366394043,0.9259881973266602,0.0196293640192245,0.0085605239016671,0.062231825659619,0.020362255044408,17.933320989455165,1,Hyperfunktionelle Dysphonie,1294,phrase
-287.27978515625,131.2154083251953,7.485517024993896,28.871789932250977,-1.4764833450317385,25.885387420654297,-2.174105167388916,-0.2864630818367004,4.003907203674316,-2.8094494342803955,-0.6221750378608704,-6.931478023529053,-6.2906107902526855,84.80579376220703,64.23826599121094,26.391090393066406,24.498231887817383,22.753551483154297,25.034343719482425,21.37057876586914,13.918190956115724,10.259387969970703,10.861709594726562,8.36075210571289,8.976978302001953,10.018458366394045,1.2736356258392334,0.4319949746131897,-0.2640875577926636,0.0229831021279096,-0.0459602549672126,0.275512546300888,0.0080079613253474,0.0204741340130567,0.090457297861576,-0.0416752994060516,-0.0072081056423485,0.0038193585351109,-0.0590140521526336,18.883405685424805,9.843100547790527,4.562882423400879,3.0646843910217285,4.191685199737549,3.5024728775024414,4.217426300048828,2.692355155944824,1.89472770690918,2.220355033874512,1.7513290643692017,1.7766543626785278,2.024609565734864,-0.8402188420295715,-0.2597631812095642,0.0768252834677696,-0.0200440995395183,0.3333460986614227,0.0085587436333298,0.1060904115438461,0.0311406180262565,-0.1055753529071807,0.0963702648878097,0.044557150453329,0.0613828748464584,0.0409579277038574,10.527338027954102,4.953086853027344,2.858215570449829,2.066100835800171,2.360957145690918,1.8546538352966309,2.1848301887512207,1.561750054359436,1.3710176944732666,1.187956929206848,1.093277931213379,1.0198723077774048,1.113521933555603,0.033947674089053,0.016193663199416,0.1130736364977041,0.0332640896729644,10.182376908074794,1,Hyperfunktionelle Dysphonie,1299,phrase
-356.9811096191406,184.38661193847656,26.462230682373047,40.15670776367188,15.410117149353027,20.785642623901367,3.193468809127808,-8.264700889587402,9.945405960083008,6.11889123916626,1.2688109874725342,-1.4126019477844238,-10.93703556060791,73.98063659667969,54.88516998291016,25.570491790771484,18.927467346191406,22.157224655151367,22.19426345825196,16.098220825195312,12.159616470336914,10.760452270507812,12.397089004516602,9.709121704101562,9.081449508666992,15.045232772827148,-0.4958123564720154,-0.4207935035228729,-0.0104598999023437,0.0202451422810554,-0.138868048787117,-0.1269524246454239,-0.0173205267637968,-0.0129136508330702,-0.0125596383586525,0.0683354213833808,0.0927354767918586,0.0624721571803092,0.0561233982443809,10.644923210144045,8.290465354919434,4.3111114501953125,2.7701804637908936,3.593156099319458,3.028045654296875,2.723144054412842,2.3091866970062256,1.7167747020721436,2.152338981628418,1.726797342300415,1.530861258506775,2.568103075027466,-0.1924816519021988,-0.101558893918991,0.018144354224205,0.0203322898596525,0.09891839325428,0.0637104958295822,0.0536737367510795,0.041607279330492,-0.0604427978396415,-0.0399475917220115,-0.012519059702754,-0.0416995175182819,-0.0249010529369115,5.096065998077393,3.249823093414306,2.4309895038604736,1.678884506225586,1.7591838836669922,1.325442910194397,1.51483154296875,1.2992018461227417,0.9950385093688964,1.200761318206787,0.8611111044883728,0.8283277750015259,1.2553573846817017,0.0319432642664397,0.0147052374973204,0.0821416162625015,0.0234824236525225,14.415179410643496,1,Hyperfunktionelle Dysphonie,1310,phrase
-377.0450439453125,134.93553161621094,12.395489692687988,40.39756774902344,13.363932609558104,13.286974906921388,-4.054081439971924,1.855776309967041,4.293692111968994,-3.4386861324310303,1.8769862651824951,-9.401082038879396,-5.158764362335205,75.40152740478516,55.30192947387695,29.22700881958008,27.42190361022949,27.175498962402344,25.61277961730957,14.423678398132324,13.9262113571167,12.648259162902832,11.389039039611816,10.853707313537598,13.700929641723633,11.538061141967772,0.4945715069770813,0.4317096173763275,-0.0434913523495197,-0.1152558475732803,0.0214599426835775,0.0348609499633312,-0.0273040775209665,-0.1174412965774536,-0.0509205907583236,-0.0239306930452585,-0.0191725268959999,0.045140340924263,0.0174816381186246,13.927597045898438,9.234079360961914,5.868498802185059,3.7801122665405273,4.317114353179932,3.380499601364136,3.1085104942321777,2.456969976425171,2.3700740337371826,2.049732446670532,2.2562382221221924,2.568110704421997,2.358508348464966,-0.2983572781085968,-0.182523176074028,0.0324721597135067,-0.0295260902494192,-0.0082305828109383,0.0640564635396003,0.073248416185379,0.0382160507142543,0.0445123650133609,0.0563185513019561,0.0094593353569507,0.0080069899559021,0.015798021107912,8.214390754699707,4.416733741760254,3.321549892425537,1.8954052925109863,1.9868860244750977,1.24292254447937,1.7404999732971191,1.2392204999923706,1.26336669921875,1.1149967908859253,1.187893629074097,1.256605863571167,1.1619541645050049,0.0181185168775266,0.0080729949914788,0.0590993947558043,0.0169990680654512,19.291742171087453,1,Hyperfunktionelle Dysphonie,1324,phrase
-401.5540771484375,118.47245025634766,23.256118774414062,35.111595153808594,1.6446797847747805,14.895709991455078,-7.668800354003906,-2.322854518890381,9.351617813110352,-5.668716907501221,-3.521688938140869,-0.6903360486030579,-0.151572972536087,101.67890167236328,54.68154525756836,22.4481258392334,28.29155158996582,26.846664428710938,18.344783782958984,16.56943702697754,12.087892532348633,11.048995971679688,13.382457733154297,13.15462589263916,9.649979591369627,8.289864540100098,0.2041801661252975,0.056421585381031,-0.0235013477504253,0.0251941829919815,-0.0117636919021606,0.0726650357246398,0.0062205782160162,-0.0314311049878597,-0.0254765395075082,-0.0536329932510852,-0.035800565034151,-0.0176478810608387,-0.0486253090202808,15.677095413208008,7.836796283721924,4.003180027008057,3.4912354946136475,3.525405168533325,2.4857265949249268,2.995396614074707,2.4050543308258057,2.1320364475250244,2.193885564804077,2.272735357284546,1.6083557605743408,1.6040118932724,-0.037590455263853,-0.0130715277045965,-0.0171310808509588,-0.0035270485095679,0.0340304486453533,0.0122121656313538,0.0340052731335163,0.0210215579718351,0.0057830074802041,-0.0208880305290222,-0.0697501003742218,-0.0187185499817132,0.0100311366841197,8.097267150878906,3.960783243179321,2.560384750366211,2.12646222114563,1.618609070777893,1.0842292308807373,1.607542872428894,1.2543998956680298,1.2087361812591553,1.1390706300735474,1.251440167427063,1.0860919952392578,0.8720976710319519,0.0166097819957606,0.0077232167964732,0.0632871707152976,0.0198302959079987,17.742340506112562,1,Hyperfunktionelle Dysphonie,1327,phrase
-315.3609313964844,142.6288604736328,8.785223007202148,38.91482925415039,14.584586143493652,22.576669692993164,-3.5654430389404297,-5.034112453460693,4.674994945526123,-0.963772475719452,0.8322052955627441,-4.62768030166626,-6.050778388977051,71.135986328125,46.11473846435547,28.5943603515625,24.34719467163086,30.736862182617188,17.71371841430664,16.311019897460938,14.645416259765623,11.052814483642578,12.106974601745604,9.97796630859375,10.257580757141112,8.671451568603516,0.5449475049972534,0.3955627381801605,2.729242442001123e-05,-0.0795579180121421,-0.1013340130448341,-0.0682587474584579,-0.0304435156285762,0.0573716014623642,0.0267321094870567,0.0027370452880859,0.0356933698058128,-0.0116681652143597,-0.0537785850465297,11.119449615478516,8.256850242614746,4.1093831062316895,3.404888153076172,4.646104335784912,2.7327704429626465,2.782988786697388,2.675935745239258,1.8989077806472776,2.15173888206482,1.9862695932388303,2.0871810913085938,1.603201389312744,-0.1511168032884597,-0.068471759557724,-0.041806261986494,-0.0383618399500846,0.1457081437110901,0.1233205869793891,0.038586352020502,0.0007442156202159,0.0188594534993171,0.0154049787670373,-0.0919512510299682,-0.0749710574746131,0.0109874755144119,6.749661445617676,3.420116186141968,2.7953033447265625,2.2233965396881104,2.0277459621429443,1.2268730401992798,1.7518835067749023,1.3319764137268066,0.9804394841194152,1.2778211832046509,1.127852439880371,1.290134310722351,0.7585942149162292,0.0215624118639142,0.0101018914946625,0.0597129291815877,0.0203217801414988,19.8959766736548,1,Hyperfunktionelle Dysphonie,1331,phrase
-358.6920166015625,146.75039672851562,6.3168625831604,50.75318908691406,16.30986785888672,7.740517616271973,-4.320273399353027,-0.5707709789276123,6.218117713928223,-0.4776776731014251,0.154610127210617,-2.6952178478240967,-3.574972629547119,91.46632385253906,57.93042755126953,29.883602142333984,24.551767349243164,26.3524169921875,20.545095443725582,14.741636276245115,10.32015609741211,8.876437187194824,11.90916919708252,11.54283046722412,9.668272972106934,9.575753211975098,0.6124574542045593,0.3307126462459564,-0.1003109738230705,0.0530787631869316,0.1434326469898224,0.0761061161756515,-0.0162638872861862,0.0220929365605115,-0.037924975156784,0.0173654705286026,0.0708711594343185,-0.0618424974381923,-0.1015208065509796,19.01434898376465,10.24852466583252,5.923774719238281,3.5433061122894287,4.354089260101318,2.5949270725250244,3.0849945545196533,2.0363218784332275,1.7098157405853271,2.517540216445923,2.0544066429138184,1.7308943271636963,1.6632057428359983,-0.1834145933389663,-0.1594172120094299,-0.0876201391220092,-0.020451433956623,0.1032316535711288,0.1117408797144889,0.0594178847968578,-0.0022766310721635,-0.0128446538001298,-0.02862742356956,-0.0076097860001027,0.0564155951142311,0.0119645241647958,9.724808692932127,4.026286602020264,3.491838455200196,2.0293526649475098,2.167632818222046,1.3414493799209597,1.4792715311050415,1.055841088294983,0.8748217225074768,1.242870211601257,1.030410647392273,0.8917884826660156,0.7887150049209595,0.0275199106291989,0.0123210418808426,0.10297222876575,0.0321821871428085,13.41558952655339,1,Hyperfunktionelle Dysphonie,1335,phrase
-381.9031066894531,116.17449188232422,5.7026214599609375,48.16155624389648,4.956128120422363,17.846351623535156,-8.031014442443848,-0.1676172167062759,3.657658100128174,5.2400383949279785,3.4640538692474365,-4.253124713897705,-0.6655334830284119,104.51847076416016,47.57952499389648,31.25062370300293,24.618894577026367,26.22987365722656,19.79408264160156,17.229976654052734,13.94419288635254,11.048725128173828,10.837485313415527,9.233505249023438,10.938003540039062,8.521903038024902,0.821971595287323,0.3822137713432312,-0.1469078958034515,-0.0342020131647586,-0.1015523299574852,-0.0775772333145141,-0.0818576365709304,-0.0646039769053459,0.0071885138750076,-0.0315582677721977,-0.0563761182129383,-0.0115729290992021,-0.0182148683816194,14.961125373840332,8.357719421386719,5.551029682159424,3.67803955078125,3.818081617355346,2.9064137935638428,2.8454976081848145,2.337654829025269,2.1660289764404297,1.949093222618103,1.7296007871627808,2.110568761825561,1.569622039794922,-0.0269911475479602,0.0673032104969024,0.0854774713516235,-0.0089271254837512,0.1204541027545929,0.1137481927871704,0.0451964698731899,0.0300540663301944,0.0391177311539649,0.0239712633192539,-0.0105914287269115,0.0173505172133445,-0.0083811497315764,8.503755569458008,4.041304588317871,3.5566680431365967,1.9479559659957888,2.122715473175049,1.4353299140930176,1.4998606443405151,1.2224665880203247,1.065482497215271,1.071503758430481,1.072432518005371,1.0964441299438477,0.8891330361366272,0.0259552847676021,0.0104234236021,0.0841741296081105,0.027886102230256,14.516904485514216,1,Hyperfunktionelle Dysphonie,1379,phrase
-383.0091552734375,138.16311645507812,23.62302589416504,46.23548126220703,12.125921249389648,12.981036186218262,-8.505778312683105,-3.182772159576416,2.5989632606506348,-3.374218225479126,-5.576415538787842,-8.901531219482422,-0.3962374031543731,68.36529541015625,48.66869735717773,28.04603576660156,22.338436126708984,25.46692657470703,20.64385032653809,14.825921058654783,10.359795570373535,10.475374221801758,10.062774658203123,10.35939884185791,13.56613540649414,9.223347663879396,0.7020275592803955,0.5474202632904053,0.0505702272057533,-0.0143277375027537,-0.0513259135186672,-0.0044653620570898,0.0095506375655531,-0.0357207991182804,-0.0217956230044364,-0.0401841774582862,0.0027714218012988,0.031912937760353,-0.0291822310537099,11.53743839263916,8.600970268249512,5.411219120025635,3.0883030891418457,4.366763591766357,3.1827099323272705,2.8495304584503174,2.005810260772705,1.7096846103668213,1.9798721075057983,1.994456768035889,2.520570755004883,1.903457522392273,-0.2734641134738922,-0.1498410850763321,-0.0670448318123817,-0.0888550952076911,0.0507718846201896,0.0235898960381746,0.0399695448577404,0.0517258495092392,0.0439422242343425,0.0406647399067878,0.0022356486879289,-0.0022997697815299,0.0420617051422596,6.325080871582031,4.359180927276611,3.40844202041626,1.9064007997512813,2.091264247894287,1.5142430067062378,1.7775667905807495,1.013712763786316,0.9206870198249816,1.138282060623169,1.1752618551254272,1.328333854675293,1.1100250482559204,0.0227934614000925,0.0087101307719129,0.0762048806739079,0.0238099260755528,17.348633787969735,1,Hyperfunktionelle Dysphonie,1380,phrase
-349.90380859375,111.13053894042967,19.961782455444336,50.80379486083984,10.561722755432127,15.35666275024414,-2.173667907714844,-4.100997924804688,11.810184478759766,-0.3601925671100616,-6.818643569946289,-2.1128499507904053,-1.5124648809432983,99.61326599121094,53.86277770996094,33.59333419799805,23.428342819213867,26.065475463867188,19.45418739318848,17.606828689575195,15.165756225585938,12.578362464904783,11.25926399230957,13.632489204406738,10.33579158782959,7.706307888031006,-0.2774012982845306,-0.3072507083415985,-0.1618168205022812,-0.073750801384449,-0.0280797127634286,-0.0065259337425231,0.0109172072261571,0.0306843873113393,0.0276563335210084,0.02532210201025,0.0344459824264049,0.0367175415158271,0.0399647317826747,15.903104782104492,8.116229057312012,5.520391464233398,3.394691705703736,4.173628807067871,2.965329170227051,3.300473928451538,2.753540515899658,1.9275721311569207,1.9020260572433472,2.4912357330322266,1.787123203277588,1.1599481105804443,0.0630875080823898,0.0365717709064483,-0.0391922071576118,-0.0640147104859352,-0.0563789419829845,-0.0330020375549793,-0.0241836663335561,-0.0303831659257411,-0.0231018234044313,-0.0116749145090579,-0.0033856353256851,0.0025227346923202,-0.001443693996407,8.566049575805664,3.6014370918273926,3.089733839035034,1.9269033670425413,2.0562448501586914,1.2588906288146973,1.464533448219299,1.4233580827713013,1.019562602043152,0.9775468111038208,1.0862293243408203,0.9549784660339355,0.6946819424629211,0.0177267489943077,0.006349068934044,0.0637897568875445,0.0191528135710059,18.398382794228613,1,Hyperfunktionelle Dysphonie,1394,phrase
-323.9679260253906,155.68617248535156,20.20565414428711,58.89800643920898,5.638864517211914,19.569812774658203,-8.117238998413086,-2.35500717163086,12.576374053955078,-7.206482887268066,-2.508788585662842,3.082200527191162,-2.74052095413208,85.11368560791016,46.544166564941406,29.915971755981445,31.17100715637207,24.18623352050781,15.613450050354004,17.526884078979492,12.506136894226074,10.018370628356934,12.543943405151367,10.397289276123049,11.458866119384766,10.780550003051758,0.8451040387153625,0.5325217843055725,-0.0531982667744159,0.076925478875637,0.1393853574991226,0.1934802532196045,0.0911875888705253,0.0305128470063209,0.1108897179365158,0.0319304279983043,-0.0390973649919033,-0.061425045132637,-0.0955433174967765,14.62932300567627,7.871193408966064,5.093103885650635,4.579919815063477,3.762794494628906,2.8223955631256104,3.200796842575073,2.16083025932312,1.8920210599899288,2.844423055648804,1.7075543403625488,1.6953662633895874,1.809737086296081,-0.4037016928195953,-0.1827115416526794,0.0019820816814899,-0.0442872270941734,0.1320260316133499,0.0612117387354373,0.0531109571456909,0.0630190148949623,0.0487518198788166,0.0312112011015415,-0.09038607776165,-0.0387500524520874,0.0084247589111328,8.57645320892334,3.070687770843506,3.1784846782684326,2.1512491703033447,1.9051457643508911,1.7082502841949463,1.981123328208924,1.224992275238037,1.0518598556518557,1.4517736434936523,1.2689692974090576,1.2007901668548584,0.962979793548584,0.0346862074099806,0.0150702186767589,0.1134902897361773,0.035257286145748,12.763963056443336,1,Hyperfunktionelle Dysphonie,140,phrase
-342.7484130859375,131.54141235351562,20.25335693359375,42.95968627929688,7.963142395019531,14.820723533630373,-9.02352523803711,-5.746375560760498,9.327215194702148,-5.335150718688965,-3.3968539237976074,1.3155839443206787,-7.233057975769043,82.8929672241211,58.67973327636719,30.35016250610352,23.36027336120605,29.32525062561035,21.00946617126465,19.541166305541992,12.720420837402344,13.475565910339355,14.68100643157959,10.485934257507324,10.351557731628418,12.456258773803713,0.7189320921897888,0.5313259363174438,-0.1284590810537338,-0.1331968158483505,0.1417207717895507,0.1535203903913498,-0.0253536514937877,-0.0721532106399536,0.0011393357999622,0.0376632995903492,0.0131454113870859,-0.0247013792395591,-0.0553391277790069,16.199176788330078,9.64900016784668,5.5077738761901855,3.270399570465088,4.621891498565674,3.09045958518982,3.944509029388428,2.640786409378052,2.201612949371338,3.008383750915528,2.1036312580108643,2.0471556186676025,2.42191743850708,0.0475210882723331,0.0914314538240432,-0.0629097744822502,-0.1001129001379013,0.0469865202903747,0.0048871426843106,-0.0043080640025436,0.0560934245586395,0.0844800695776939,-0.0053368327207863,-0.0620100609958171,-0.0340575613081455,-0.0622869171202182,10.038344383239746,4.57375431060791,3.7154505252838135,2.151475191116333,2.3958816528320312,1.3147385120391846,2.103733539581299,1.5239976644515991,1.1294904947280884,1.679105281829834,1.1360243558883667,1.039594292640686,1.4227975606918335,0.0220270681955862,0.0093101186717647,0.0838832194787821,0.0242070898160242,15.99285508235685,1,Hyperfunktionelle Dysphonie,1406,phrase
-319.2254943847656,146.25709533691406,16.078580856323242,54.03680419921875,-1.4700640439987185,29.23300552368164,-4.8558669090271,-5.494235038757324,12.50487232208252,-3.898707151412964,4.883530616760254,-4.91810417175293,-16.758337020874023,82.00413513183594,34.587066650390625,24.736366271972656,17.23155975341797,32.466392517089844,16.981380462646484,21.53064727783203,11.680204391479492,10.39245891571045,17.558237075805664,9.155301094055176,11.219941139221191,13.628911972045898,0.366594910621643,0.2489588409662246,0.0537317283451557,0.0111596975475549,-0.0560251213610172,0.0142389368265867,0.0236705653369426,0.051262330263853,0.0312755852937698,0.0207488778978586,0.0262818168848752,0.0143538815900683,0.0167477596551179,13.981002807617188,6.493566036224365,3.593914747238159,2.714669704437256,4.411445140838623,2.736658096313477,3.488058090209961,2.22922682762146,2.119279623031616,3.654996633529663,1.4102680683135986,2.0584607124328613,2.2828259468078613,-0.00755684543401,0.0661712884902954,-0.0114485956728458,-0.066276267170906,0.0432952716946601,0.0196095798164606,0.0101138623431324,0.0105191962793469,-0.0293736457824707,-0.0125320190563797,-0.0391312949359416,-0.028835367411375,-0.0229605436325073,6.841590404510498,2.889930486679077,2.469138860702514,1.6995468139648438,1.846764326095581,1.4270037412643433,1.781316876411438,1.2245171070098877,1.1555341482162476,1.835875391960144,0.8579614758491516,1.114966869354248,1.047759771347046,0.0382896476230867,0.020277764416135,0.1472917071441397,0.0685141434808473,11.036815784887349,1,Hyperfunktionelle Dysphonie,1431,phrase
-369.3611755371094,128.68666076660156,1.3839274644851685,45.295536041259766,-0.542438268661499,18.38489151000977,-5.614105701446533,-1.1070228815078735,-6.078071117401123,-1.567278265953064,0.2292018681764602,-15.310194969177246,-1.2707113027572632,67.71251678466797,50.44904708862305,22.624685287475582,27.02012634277344,23.957773208618164,21.44399070739746,12.104132652282717,14.066447257995604,14.238601684570312,9.18460178375244,11.867650032043455,11.185832977294922,11.24827766418457,0.4217205047607422,0.2829394340515136,-0.1171375960111618,0.1647595763206482,0.3727668821811676,0.16339872777462,0.0439334288239479,-0.1317886114120483,-0.0431119613349437,0.0253895279020071,-0.0795239061117172,0.0047432156279683,0.0621130019426345,12.465144157409668,8.391303062438965,3.770487546920776,3.8497374057769775,3.6211111545562735,3.2988765239715576,1.786163568496704,2.966635704040528,2.468025684356689,1.857632040977478,2.3362057209014893,2.267363786697388,1.9884135723114007,-0.5842625498771667,-0.3921940922737121,-0.036557774990797,0.0491435155272483,0.1359361559152603,-0.0101252598688006,0.0092453155666589,-0.0151009894907474,-0.0061458912678062,0.0566451177000999,-0.0488684438169002,0.0092476578429341,0.0725189447402954,8.819771766662598,3.801921844482422,2.8697338104248047,2.0175020694732666,2.1835200786590576,1.5742874145507812,1.3367029428482056,1.5609391927719116,1.2588422298431396,1.104042887687683,1.2749669551849363,1.2346305847167969,1.0719267129898071,0.0122549547646684,0.0056252436493062,0.0509819571983342,0.0132506901447521,19.032523362431835,1,Hyperfunktionelle Dysphonie,144,phrase
-400.6649169921875,127.47229766845705,14.025084495544434,39.701133728027344,0.6940068602561951,8.26463794708252,-9.919182777404783,-1.8714767694473269,8.82741641998291,-5.495975017547607,-1.6998703479766846,-4.641451835632324,-3.1025967597961426,87.37989807128906,58.01470184326172,27.67709732055664,29.926597595214844,27.473752975463867,21.85848999023437,19.227388381958008,10.75259780883789,11.052207946777344,15.940958976745604,11.811118125915527,11.288800239562988,9.301739692687988,0.7062172293663025,0.3718433678150177,0.003171065589413,0.1044051349163055,-0.0290500540286302,0.0241783391684293,0.015965761616826,0.0753351375460624,-0.0090214218944311,-0.054784495383501,0.0273661278188228,-0.033310517668724,-0.0133555931970477,12.027605056762695,9.228490829467772,4.976457595825195,3.9038379192352295,4.197483062744141,2.8444933891296387,3.387014150619507,2.12647032737732,2.0180015563964844,2.9507315158843994,2.187996387481689,2.197103500366211,1.520930290222168,0.1664020121097564,0.0656614378094673,-0.0473935082554817,0.0286847352981567,0.0767359510064125,0.0883179530501365,0.0172090418636798,0.0154914911836385,0.0491945706307888,0.0107735339552164,-0.0103530595079064,-0.0089027620851993,0.0107569862157106,6.541216373443604,4.166995048522949,2.969134569168091,2.190410852432251,2.164729595184326,1.5391581058502195,1.9072800874710083,1.2242155075073242,1.1592779159545898,1.3616167306900024,1.1628634929656982,1.1330409049987793,0.7856001853942871,0.015426709398762,0.0063078972875807,0.0666677819114689,0.0155263544729531,18.479728309348108,1,Hyperfunktionelle Dysphonie,1442,phrase
-346.8365478515625,154.2617645263672,17.55821990966797,41.24946594238281,9.596020698547363,22.246070861816406,-3.22975754737854,-3.214218139648437,7.563906192779541,2.299833536148072,-2.80635952949524,-7.460081100463867,-7.964696407318115,74.71751403808594,45.96418380737305,30.28400993347168,22.973966598510746,33.095455169677734,19.218759536743164,16.333768844604492,13.224298477172852,9.692987442016602,10.710565567016602,11.908782958984377,11.370163917541504,9.929414749145508,0.9303286671638488,0.4185650944709778,-0.2789267599582672,-0.1420897096395492,-0.1476303488016128,0.0044337981380522,0.023480225354433,-0.0341738574206829,-0.0713044553995132,0.0336561053991317,0.2025455832481384,0.0903026610612869,-0.0865347757935524,14.615368843078612,8.059788703918457,5.451879501342773,3.345250368118286,4.71355676651001,2.65903902053833,3.085489749908448,2.7660372257232666,1.7955178022384644,2.21742582321167,2.2524242401123047,2.1010429859161377,2.2308452129364014,-0.1249833703041076,-0.0442748516798019,-0.0745889917016029,-0.0463168621063232,0.0818099454045295,0.0302829351276159,0.0128346318379044,-0.0103667713701725,0.0658202245831489,0.0342301502823829,-0.0399272516369819,-0.029937095940113,0.025015864521265,8.414706230163574,3.432036161422729,3.633915424346924,1.8626937866210933,2.127659559249878,1.25373113155365,1.682777762413025,1.5363352298736572,0.9804431200027466,1.1610784530639648,1.0845967531204224,1.0423215627670288,1.2317726612091064,0.0189713878162495,0.0077831482025048,0.0676618347044468,0.0181547706161191,17.25142168121331,1,Hyperfunktionelle Dysphonie,1443,phrase
-330.2079772949219,123.13414001464844,20.057920455932617,53.550384521484375,16.507369995117188,18.32585334777832,-6.371485233306885,10.02700138092041,13.831744194030762,0.6176177859306335,6.715413570404053,-5.840237140655518,-5.835720539093018,83.71231079101562,43.37859725952149,28.150251388549805,23.77192497253418,25.939552307128903,15.763801574707031,17.403770446777344,9.069660186767578,11.88918399810791,10.094893455505373,12.454585075378418,11.15727996826172,10.39102268218994,0.3896857798099518,0.1952491998672485,-0.0717302039265632,0.0289439763873815,-0.0269054230302572,-0.0166692472994327,0.0205630734562873,0.0277831517159938,0.0505840331315994,0.0400183238089084,0.0264988671988248,-0.0355024263262748,-0.0475173592567443,13.46583366394043,6.265024185180664,4.185805320739746,3.5299015045166016,4.63001823425293,2.5059659481048584,2.7950587272644043,1.8979884386062624,1.6462163925170898,1.4993270635604858,2.0801098346710205,2.139958143234253,1.673546552658081,-0.1926611065864563,-0.0531660169363021,0.0445232316851615,-0.0484757050871849,0.0247747879475355,0.0300476774573326,0.0466088987886905,0.0396163500845432,-0.0279491823166608,-0.0120980665087699,-0.0051434515044093,0.0140601489692926,0.0154818966984748,7.569510936737059,2.4382035732269287,2.8806798458099365,1.9542304277420044,2.1769254207611084,1.2296347618103027,1.6870473623275757,1.048322319984436,0.8861222267150879,0.8435083031654358,0.85364830493927,1.0164729356765747,1.0429359674453735,0.0216077715013903,0.0107210523677398,0.0770585428329517,0.0254607733209877,15.729863528662468,1,Hyperfunktionelle Dysphonie,1459,phrase
-334.3467712402344,147.7567596435547,20.582107543945312,35.13642883300781,9.402595520019531,16.729114532470703,-13.892607688903809,-13.620553016662598,0.8648040890693665,-6.074748516082764,-4.210857391357422,-6.973494052886963,-12.086015701293944,88.82695770263672,53.34942626953125,30.01324844360352,21.97549629211425,31.61411666870117,16.749011993408203,18.48781394958496,13.69247817993164,10.605265617370604,12.135007858276367,8.961372375488281,9.142099380493164,12.904839515686035,0.3779111504554748,0.3477023839950561,0.1348252445459365,0.1011486649513244,0.0559500455856323,0.0342390276491642,0.0275103542953729,-0.0103422300890088,-0.0015871003270149,0.036271296441555,0.0451384708285331,0.0146299051120877,-0.023411214351654,16.58344078063965,9.998442649841309,5.413095951080322,2.9515905380249023,4.142859935760498,2.6522579193115234,3.483464241027832,2.4676177501678467,1.7827248573303225,2.0368385314941406,1.729495882987976,1.821305513381958,2.712566375732422,-0.1932413876056671,-0.1549870520830154,0.0093977954238653,0.0679041072726249,0.0947010293602943,0.1113259196281433,0.086570493876934,0.0267899315804243,-0.0131510812789201,-0.0427850075066089,-0.0575078874826431,-0.0209391023963689,-0.0082465196028351,8.461522102355957,4.235408306121826,3.254090070724488,1.8668612241744995,1.927373290061951,1.5000686645507812,1.633719801902771,1.2408452033996582,0.9582945704460144,1.0994428396224976,0.909724771976471,1.0111312866210938,1.4484360218048096,0.0269435885765044,0.0132319289023784,0.071372772408131,0.0276649566759105,17.54327451578259,1,Hyperfunktionelle Dysphonie,1462,phrase
-304.75146484375,145.25375366210938,18.593753814697266,54.99949264526367,1.4075227975845337,25.322696685791016,-13.630290031433104,-1.168444275856018,9.862772941589355,-3.0391526222229004,-1.584064483642578,0.2337556332349777,-7.613099575042725,88.93814086914062,47.32512664794922,27.15415382385254,30.09611892700196,25.04780387878418,17.97728729248047,19.57503890991211,13.017452239990234,11.792806625366213,12.942950248718262,10.69986629486084,10.097168922424316,14.585904121398926,0.944139003753662,0.5649828314781189,-0.0813078358769416,-0.0464301295578479,0.0072376364842057,0.0502660982310771,-0.0435084328055381,0.0883266106247901,0.1379443705081939,0.076746642589569,0.0670483037829399,-0.0814766511321067,-0.2060676962137222,14.384532928466797,8.402084350585938,4.411834716796875,4.741576194763184,4.102537155151367,3.451589822769165,3.508960723876953,2.3025290966033936,1.8274167776107788,2.528531074523926,1.873459458351136,1.9878724813461304,2.7044320106506348,-0.3867646157741546,-0.1912487298250198,-0.0961932837963104,-0.0146429240703582,0.1354667544364929,0.0543245114386081,0.0800389274954795,0.1110587120056152,0.077486328780651,0.051683273166418,0.0583974383771419,-0.0287684109061956,-7.380795432254672e-05,7.788283348083496,3.581753730773926,3.006541013717652,2.3538291454315186,2.027158498764038,1.9114716053009035,2.103235244750977,1.191262125968933,1.036213517189026,1.3000062704086304,1.1681623458862305,1.1894882917404177,1.2527574300765991,0.0449870026439511,0.0217859405394463,0.096696051829225,0.0294204565181369,11.544960905952047,1,Hyperfunktionelle Dysphonie,1464,phrase
-320.177734375,99.08777618408205,9.127224922180176,50.01399230957031,-1.6261508464813232,29.29829978942871,-15.923681259155272,10.6199369430542,3.906538724899292,-6.600957870483398,10.49517822265625,-15.58201789855957,-4.438770771026611,112.0703353881836,35.73394775390625,30.25794792175293,27.0891227722168,30.81647109985352,18.55670928955078,20.89851951599121,10.295150756835938,13.578700065612791,14.507330894470217,11.358814239501951,14.367338180541992,11.298140525817873,0.6116999983787537,0.3397376835346222,0.0924585685133934,0.1879881769418716,0.1156066283583641,0.1348405629396438,-0.0725566819310188,-0.0184375494718551,-0.0398433916270732,-0.086722232401371,0.0168113149702548,-0.113447718322277,-0.094408318400383,19.42647933959961,5.9128265380859375,5.749771595001221,3.737571954727173,4.2371134757995605,2.77943754196167,4.117873668670654,1.7146720886230469,2.6338136196136475,2.475553274154663,1.9602322578430176,2.8764052391052246,2.248913049697876,-0.1719452440738678,-0.0621408186852932,0.0160537790507078,-0.0068992502056062,0.0541278645396232,0.064267985522747,0.0610430389642715,0.0194097626954317,0.0617363266646862,0.0409594029188156,-0.0042067505419254,0.0097111817449331,-0.0226475391536951,10.798378944396973,2.912165641784668,3.3688790798187256,1.7489618062973022,2.050015926361084,1.429417371749878,1.697052240371704,1.0365978479385376,1.2395910024642944,1.1519407033920288,0.9454756379127502,1.1879762411117554,1.1193143129348757,0.0350264247935713,0.0179453028519085,0.1039680354613623,0.0343737526673333,13.584069376092668,1,Hyperfunktionelle Dysphonie,1468,phrase
-347.9138488769531,137.15573120117188,2.46777606010437,36.68205642700195,7.745138168334961,13.972472190856934,-8.202971458435059,-12.937491416931152,8.861794471740723,6.507290840148926,-6.526316642761231,-12.56080436706543,0.5086214542388916,77.09153747558594,53.40673065185547,28.792739868164062,26.67500686645508,26.75782585144043,22.90516471862793,14.090269088745115,15.55016040802002,9.428613662719728,13.45962619781494,9.92405128479004,10.450953483581545,7.719474792480469,1.11292564868927,0.6663796305656433,-0.1167124882340431,0.1324243545532226,0.1786329001188278,0.177036702632904,0.0703080147504806,-0.1065105721354484,0.0277824662625789,0.0263976659625768,-0.1645856648683548,-0.0956708341836929,0.0164637602865695,16.640869140625,8.93648910522461,5.942310810089111,3.1922404766082764,4.58900785446167,3.064646005630493,2.837637186050415,3.095137357711792,1.7178666591644287,2.7957077026367188,2.1065542697906494,2.173344850540161,1.6959762573242188,-0.1272908896207809,-0.1296170353889465,-0.0806408748030662,0.0158767011016607,0.1019152402877807,0.0493807233870029,0.0559634454548358,0.0943702012300491,0.0331215970218181,-0.0402110517024993,-0.0445158891379833,0.0117608690634369,0.0327701829373836,9.159309387207031,4.0156660079956055,3.5084352493286133,1.615333080291748,2.35443377494812,1.1617403030395508,1.367144227027893,1.599613904953003,0.8703246712684631,1.398139238357544,1.1427981853485107,1.197445273399353,0.9437284469604492,0.0227343806116831,0.0110682756089719,0.0739115499124033,0.028588308289866,17.57052635110194,1,Hyperfunktionelle Dysphonie,1471,phrase
-346.32012939453125,128.15696716308594,24.323387145996094,34.18059158325195,16.85871696472168,16.803972244262695,1.7416927814483645,-5.115695953369141,5.30988073348999,3.94015383720398,1.5598270893096924,-1.8441848754882808,-3.675302505493164,83.64679718017578,57.42220306396485,28.254545211791992,21.881166458129883,24.51506423950196,17.06189727783203,14.179826736450195,15.33322048187256,9.34387493133545,12.899176597595217,10.690165519714355,10.579781532287598,9.059351921081545,0.5242456793785095,0.411354511976242,0.1103800535202026,0.1189825683832168,0.069620668888092,0.04798099771142,0.0120869064703583,0.0252768564969301,0.0305683817714452,-0.0006259968504309,0.0576272048056125,0.0033607776276767,-0.0556563660502433,13.145655632019045,9.103736877441406,5.065296173095703,3.0505805015563965,4.411459922790527,2.270524501800537,2.468465805053711,2.821748971939087,1.6967542171478271,2.103220701217652,1.740338921546936,1.8305253982543943,1.765984296798706,-0.2203110009431839,-0.1288613677024841,0.0066212830133736,0.0288372449576854,0.1271566748619079,0.0997298061847686,0.0474995039403438,-0.0092580569908022,-0.032475221902132,-0.0019704864826053,-0.0379656702280044,-0.0028660919051617,0.0186183918267488,7.764343738555908,3.724627494812012,3.208563804626465,1.7262659072875977,2.2762973308563232,1.1705743074417114,1.5076755285263062,1.3194303512573242,0.932098150253296,1.091273069381714,0.9207124710083008,0.9593510031700134,0.9078131318092346,0.0235403022800546,0.0106547699058275,0.0860761539074375,0.0261483640914705,18.88596896659395,1,Hyperfunktionelle Dysphonie,1476,phrase
-346.3192138671875,127.8897476196289,17.49527359008789,44.18107604980469,7.597802639007568,30.63800811767578,-0.2111796140670776,-5.855576515197754,3.7772202491760254,-0.181797593832016,1.3617818355560305,-4.736721515655518,-4.053639888763428,91.4061508178711,50.86332321166992,33.875179290771484,23.403383255004883,26.36560440063477,17.498289108276367,17.10102081298828,15.169251441955566,10.61083984375,11.14340591430664,9.914864540100098,9.558237075805664,9.623334884643556,0.6132122874259949,0.3855191171169281,-0.1779595911502838,-0.2029085755348205,0.0146943852305412,0.1775412410497665,0.0838061794638633,0.0247678235173225,0.0750245451927185,0.0526169054210186,-0.1046234220266342,-0.154239997267723,0.0054098214022815,13.16214656829834,8.40905475616455,5.66619348526001,3.296348810195923,3.701426029205322,2.5751874446868896,3.053552865982056,2.75618839263916,2.0661962032318115,2.164273977279663,1.7362035512924194,1.6992735862731934,1.696780562400818,0.024022851139307,0.0489694699645042,-0.1165117919445037,-0.1196732521057128,-0.0588145554065704,-0.0777228027582168,0.0491030253469944,0.0097941681742668,0.0550626888871192,0.0578037351369857,0.0083892764523625,0.0373829379677772,-0.0226511396467685,6.687143325805664,4.198023796081543,2.8388419151306152,1.975372314453125,1.889864683151245,1.2086832523345947,1.7853703498840332,1.4104247093200684,1.1513254642486572,1.1273229122161863,1.0020097494125366,0.9956706166267396,0.8796184659004211,0.0229819105204997,0.0099403551354268,0.1031778779991532,0.0309172025166555,12.84399130643544,1,Hyperfunktionelle Dysphonie,1492,phrase
-309.8798522949219,90.73918914794922,14.895882606506348,33.91781997680664,-0.1801341623067855,26.97706794738769,-25.213829040527344,-2.1651647090911865,-7.556158542633057,-8.464539527893066,-4.975357055664063,-3.901662588119507,-6.486818313598633,114.51342010498048,43.31491088867188,22.325973510742188,31.31464958190918,23.82283973693848,16.93101692199707,29.079757690429688,13.87242603302002,14.376519203186035,12.554561614990234,12.345698356628418,11.49367618560791,11.216412544250488,0.5954471230506897,0.3509196937084198,0.002263069152832,0.0071270358748734,-0.0410096049308776,0.0645546019077301,-0.0144764184951782,-0.0508162230253219,-0.0196132939308881,-0.0219592452049255,0.028926545754075,0.0106205232441425,-0.0450790673494339,19.727123260498047,6.322486400604248,3.8238685131073,3.523768663406372,3.5442774295806885,2.082672595977783,4.716859340667725,2.262769937515259,2.178027868270874,1.9041945934295648,1.855738997459412,1.7865374088287354,1.9756485223770144,-0.0349679738283157,-0.0441208705306053,-0.0704971030354499,-0.0157687664031982,0.020318366587162,0.0074864057824015,0.0298342928290367,-0.0019317920086905,-0.0016171119641512,0.0057559418492019,0.0018065084004774,0.0114423921331763,0.0095569966360926,9.221548080444336,3.106135129928589,2.2385377883911133,1.7134617567062378,1.8390954732894893,1.106519103050232,1.9802677631378167,1.244329810142517,1.0956419706344604,0.9609920382499696,0.9474256038665771,0.8785748481750488,1.007125973701477,0.0288944817752113,0.015113389277559,0.1049009346841579,0.0493372734314073,11.473656761535583,1,Hyperfunktionelle Dysphonie,1500,phrase
-363.6009826660156,132.9807586669922,6.72819185256958,37.49599838256836,-0.8414401412010193,7.128612518310547,-5.017190456390381,-1.0479795932769775,-4.525224208831787,-5.4266357421875,-2.8099942207336426,-11.608469009399414,0.0396203063428401,106.12776947021484,65.49827575683594,27.32123756408692,27.51840782165528,24.96681785583496,21.601682662963867,18.731632232666016,14.069846153259276,10.9796142578125,11.553592681884766,9.121959686279297,13.298649787902832,9.805700302124023,0.3671793043613434,0.2131509035825729,-0.021086124703288,0.0474990345537662,0.0733778551220893,0.0510054677724838,0.0665901452302932,0.0816945359110832,-0.0359836146235466,-0.0395211391150951,-0.0665787011384964,-0.0764492526650428,0.0238734055310487,18.70314216613769,10.364991188049316,5.211249828338623,3.681389570236206,4.080998420715332,3.099447727203369,3.500343084335327,2.3740484714508057,1.908501982688904,2.0818779468536377,1.779741883277893,2.0960726737976074,1.8728725910186768,-0.3136283159255981,-0.1363777071237564,0.0188889894634485,-0.0203465428203344,0.1103724464774131,0.0778515860438346,0.0303068999201059,0.0314439833164215,0.0278017222881317,0.0217283014208078,0.0441870428621768,0.0372574105858802,0.0042134965769946,8.72957706451416,4.2885026931762695,2.7801737785339355,2.1282882690429688,1.856319546699524,1.3623305559158323,1.4852356910705566,1.1979271173477173,0.9740808010101318,1.0016735792160034,0.9551024436950684,0.9702516794204712,0.946752667427063,0.0241325035850241,0.0120665648987224,0.0950380892134443,0.0427713187491202,14.589053068439563,1,Hyperfunktionelle Dysphonie,1562,phrase
-379.3629150390625,122.1006851196289,19.048480987548828,42.091434478759766,11.49732780456543,8.281776428222656,-3.301023006439209,-0.3382336497306824,2.567229986190796,1.68543803691864,-1.827861785888672,-15.27699089050293,-2.426872491836548,104.54521942138672,61.552520751953125,32.70758819580078,30.78751945495605,23.944448471069336,17.442991256713867,16.703760147094727,13.68102741241455,12.545201301574709,11.181437492370604,13.950262069702148,14.671822547912598,7.787618160247803,0.4324672520160675,0.3741650879383087,0.1523691266775131,0.1431458294391632,0.0287638194859027,-0.0343070700764656,0.0145377591252326,0.0255136042833328,0.0300925839692354,0.0196496061980724,-0.0957603380084037,-0.1201967447996139,-0.0163539908826351,15.514668464660645,9.886065483093262,6.020900249481201,4.104803085327148,3.9626407623291016,2.481759548187256,3.126108407974243,2.151552200317383,2.3487696647644043,1.989107370376587,2.70249605178833,2.517110586166382,1.5578771829605105,-0.1623251885175705,-0.087069071829319,0.0173403527587652,0.0281804837286472,0.1059163659811019,0.0924339145421981,0.0263371188193559,-0.0166078228503465,-0.0019557883497327,0.0037729092873632,-0.0033820469398051,0.0388472937047481,0.0016809828812256,8.071296691894531,3.882589340209961,3.514345645904541,2.0480949878692627,2.196915864944458,1.383164882659912,1.5241878032684326,1.0774083137512207,1.0622515678405762,1.122748851776123,1.2450623512268066,0.9533153772354126,0.9792771339416504,0.0201177299143587,0.0091305484313893,0.0684349256230317,0.0257574183461111,17.721678052994896,1,Hyperfunktionelle Dysphonie,1566,phrase
-296.8328857421875,175.83383178710938,14.440611839294434,43.12946701049805,12.998285293579102,27.05825424194336,2.145729780197144,-2.448644161224365,0.6675965785980225,-5.219582557678223,8.144290924072266,-8.12076473236084,-10.408125877380373,79.6470947265625,50.652000427246094,27.07628059387207,16.007854461669922,22.561176300048828,22.13192176818848,18.007373809814453,11.561952590942385,10.882787704467772,17.225160598754883,9.638784408569336,14.321253776550291,10.029670715332031,1.0418928861618042,0.6306965351104736,0.0836801752448082,0.1415177881717682,0.0566437132656574,0.0917935818433761,0.0264379698783159,-0.0332672037184238,-0.030383737757802,-0.0088144438341259,-0.0765597894787788,-0.1263246089220047,-0.0268312878906726,15.991181373596191,9.310385704040527,4.926850318908691,2.885138273239136,3.7709803581237793,2.979387760162353,3.2115838527679443,2.1655993461608887,1.687664270401001,3.5257365703582764,1.4269006252288818,2.7746942043304443,1.9615548849105835,-0.156081885099411,-0.1349774450063705,-0.0153503622859716,0.0400886051356792,0.0979642122983932,0.0706589296460151,0.1476306021213531,0.0692388191819191,0.0299149733036756,0.0418760366737842,0.0028508603572845,0.0367411747574806,0.0247640721499919,8.698528289794922,4.303045272827148,3.089367628097534,1.839345932006836,2.123963117599488,1.5241342782974243,2.093141794204712,1.1298604011535645,1.0800318717956543,1.777449369430542,0.901922643184662,1.2241214513778689,1.124636173248291,0.0225974721765829,0.0083447023204517,0.0782577154600306,0.0283585405926729,15.188240026032307,1,Hyperfunktionelle Dysphonie,1569,phrase
-357.571044921875,158.30056762695312,-1.888632774353028,43.53261947631836,10.819724082946776,16.886138916015625,-20.029096603393555,-5.330457210540772,6.222350120544434,-3.669856786727905,-1.7249528169631958,-14.313377380371094,-11.240885734558104,93.39067840576172,52.96406555175781,32.61137390136719,27.534353256225582,24.022188186645508,18.508995056152344,21.79048728942871,12.500415802001951,11.941899299621582,19.61248779296875,13.470404624938965,13.321203231811523,12.402563095092772,0.9038540124893188,0.4685203731060028,-0.1025714948773384,-0.0351292602717876,-0.1010468155145645,-0.0212816465646028,-0.1542492806911468,-0.0345176942646503,0.047595240175724,0.0294808261096477,0.1074810773134231,-0.0447237640619277,-0.0902646780014038,17.63041877746582,8.28909969329834,6.236683368682861,3.489466667175293,3.908433437347412,2.6060662269592285,4.419490337371826,2.295351505279541,2.0350170135498047,3.129697799682617,2.421808242797852,2.581124782562256,2.5044620037078857,-0.3283948302268982,-0.1299073994159698,0.0316927731037139,0.0296745095402002,0.1196810007095336,0.0488434918224811,0.066777728497982,-0.0045236954465508,0.0294259935617446,-0.0014652800746262,-0.0628335401415824,0.02203737385571,0.003180987900123,8.465924263000488,3.018698215484619,3.367794752120972,1.921000599861145,1.8463386297225952,1.13782799243927,2.2469043731689453,1.298169732093811,0.97678941488266,1.4201143980026243,1.262832760810852,1.1983622312545776,1.3191914558410645,0.0473978092403251,0.0223127500152301,0.0916074814031786,0.0411511659221405,8.85398591620191,1,Hyperfunktionelle Dysphonie,1571,phrase
-377.2285461425781,140.4299774169922,23.3837890625,48.40982437133789,18.28276824951172,16.49620246887207,6.995601177215576,13.08484172821045,2.752464532852173,-8.619919776916504,-0.9244306087493896,-0.6143102049827576,-2.4332940578460693,107.2703857421875,64.88333129882812,28.996505737304688,23.81525230407715,17.74001121520996,16.000905990600586,14.881120681762695,9.33430004119873,10.215805053710938,13.988097190856934,13.929450988769531,10.344013214111328,9.867780685424805,0.6366706490516663,0.2231238633394241,-0.2621350586414337,0.1038247197866439,0.1497541069984436,0.0859994813799858,0.0915490910410881,-0.0506356507539749,-0.111398845911026,-0.0907090008258819,-0.0795963034033775,-0.0679891631007194,-0.0225328244268894,12.384883880615234,9.814597129821776,5.219109058380127,3.354639768600464,2.9367048740386963,2.8033337593078613,2.490762710571289,1.6111506223678589,1.6898187398910522,2.589765787124634,1.9205974340438845,1.6569041013717651,1.805882692337036,-0.2499524056911468,-0.1037410870194435,2.875731297535821e-05,-0.0273791719228029,0.0428695678710937,-0.023131700232625,0.0344728380441665,0.0210490897297859,-0.0284261386841535,-0.0264725964516401,-0.037773098796606,-0.0145732201635837,-0.0005327812978066,5.777548313140869,3.781408309936523,2.71852445602417,1.672677993774414,1.5455727577209473,1.4570969343185425,1.1967787742614746,1.0222800970077517,1.006287932395935,1.304665207862854,1.0145227909088137,0.8133310675621033,0.8562196493148804,0.0220602340401258,0.0067293544457967,0.1121743557487692,0.0270394553397181,14.233295759191602,1,Hyperfunktionelle Dysphonie,159,phrase
-417.0657653808594,124.5912628173828,13.96422290802002,36.84966278076172,16.08991813659668,10.032471656799316,-3.824529886245728,-2.0657241344451904,9.442086219787598,-1.8476136922836304,-3.7735073566436768,2.352278709411621,-0.8516390919685364,116.02466583251952,71.38426208496094,31.73199462890625,27.66783332824707,25.62562561035156,14.984463691711426,15.619720458984377,11.922531127929688,12.757246971130373,12.001815795898438,12.742324829101562,8.221431732177734,8.857877731323242,0.1131199672818183,0.035658735781908,-0.0468627586960792,-0.0185658149421215,-0.0262591261416673,0.0105599658563733,0.0155699299648404,0.0097578391432762,0.0303617473691701,0.0197864808142185,0.0231450572609901,0.0346793979406356,0.0036708051338791,15.634925842285156,8.986065864562988,5.071678638458252,3.2820024490356445,3.0412330627441406,2.207170486450196,2.4723923206329346,1.8774274587631223,1.65157151222229,1.777552843093872,1.6161391735076904,1.280131220817566,1.242074489593506,-0.0848829597234726,-0.0630088150501251,-0.0213647838681936,-0.0068814479745924,0.0176526792347431,0.0021807781886309,0.0051733325235545,0.0047776689752936,0.0006847082986496,-0.0029442361555993,-0.0014032787876203,0.0180900208652019,0.0006051472155377,6.239348411560059,3.2250263690948486,2.403970956802368,1.6200802326202393,1.516642451286316,1.1101454496383667,1.0796197652816772,0.9555243849754332,0.88222736120224,0.8417738080024719,0.7580958604812622,0.7287441492080688,0.5884203910827637,0.0166528970867317,0.0064040993115667,0.0519368109873889,0.0151377099971362,19.46959075070812,1,Hyperfunktionelle Dysphonie,1591,phrase
-389.5180358886719,96.74429321289062,21.935693740844727,32.93657684326172,7.67666482925415,11.23116970062256,-2.36580228805542,-11.113602638244627,-0.4530189931392669,2.542861223220825,-6.23704719543457,-4.99184513092041,-1.602184534072876,89.79795837402344,58.53280258178711,27.181583404541016,27.06593132019043,21.694522857666016,14.768394470214844,16.487354278564453,19.44397354125977,9.284497261047363,11.17035675048828,13.250442504882812,9.429887771606444,9.846036911010742,0.3680031895637512,0.2482629865407943,0.0617392659187316,0.043585505336523,-0.0623211599886417,-0.0230077132582664,-0.0054819225333631,-0.0251912828534841,-0.0512323305010795,-0.0221170950680971,0.0158968828618526,-0.0257838442921638,-0.0060397572815418,15.801152229309082,8.766485214233398,4.665290832519531,3.736032009124756,2.889930009841919,2.11397385597229,2.849613666534424,3.2074902057647705,1.5853391885757446,1.86670982837677,1.751585602760315,1.427113652229309,1.5202847719192505,-0.1639333218336105,-0.0889674946665763,0.0108139980584383,0.0293918401002883,0.0594696514308452,0.0314418338239192,0.029264273121953,0.0101152742281556,0.0191790778189897,0.0192810110747814,-0.0110938120633363,-0.0210884306579828,0.0017400066135451,7.847886085510254,3.785957336425781,2.563740968704224,1.831079125404358,1.4800164699554443,1.0441555976867676,1.332007884979248,1.4542295932769775,0.8196048736572266,1.0048534870147705,0.908720850944519,0.7523808479309082,0.73774653673172,0.0244155168941472,0.0109461609565919,0.0729716592944046,0.027847460573841,16.283516784761645,1,Hyperfunktionelle Dysphonie,1594,phrase
-385.98480224609375,141.7397918701172,-4.849378108978272,23.952953338623047,13.418220520019531,25.247217178344727,1.1154320240020752,-11.046250343322754,10.264741897583008,10.25384521484375,-8.8681640625,-4.691525459289551,3.171407461166382,122.99129486083984,70.06672668457031,32.21094512939453,22.74520492553711,25.623065948486328,16.141672134399414,16.006332397460938,16.758453369140625,10.982295989990234,11.16943359375,15.0965576171875,13.84177017211914,8.943047523498535,0.4339568614959717,0.4636170268058777,0.0847539827227592,-0.0076572652906179,0.0194956883788108,-0.0335005670785903,0.0316691026091575,-0.0193199478089809,0.0355705581605434,0.0407567210495471,-0.0536008067429065,-0.0306675694882869,-0.0360564142465591,15.671472549438477,10.280923843383787,4.947050094604492,3.066768884658813,4.392332077026367,2.2011733055114746,2.553302764892578,2.906987190246582,1.8274341821670528,1.803670644760132,2.374578952789306,2.499094009399414,1.6625993251800537,-0.0263574719429016,-0.0657375901937484,-0.0494535267353057,-0.0007837635930627,0.0465653799474239,0.0443111360073089,0.0022567010018974,0.0158504210412502,0.0011113964719697,-0.0184070505201816,-0.037956204265356,-0.045481838285923,-0.0425385199487209,7.412735939025879,4.146471977233887,2.90164566040039,1.739521026611328,1.9979920387268064,1.1796270608901978,1.4208025932312012,1.5095373392105105,1.135123610496521,1.0164079666137695,1.4174131155014038,1.1536831855773926,0.9692589044570924,0.0213616415028498,0.0074179950231035,0.0759006259707201,0.0232119289404902,13.67362678505947,1,Hyperfunktionelle Dysphonie,160,phrase
-386.9666748046875,143.101806640625,14.755094528198242,53.29204177856445,15.733381271362305,27.83171844482422,2.686828374862671,2.314507246017456,10.63814640045166,7.712345123291016,7.411384582519531,-1.0825122594833374,0.3218826055526733,71.8125228881836,45.38346099853516,31.442047119140625,16.78752326965332,22.174392700195312,20.575363159179688,17.861116409301758,16.338483810424805,10.3386869430542,8.73404598236084,12.083264350891112,8.545916557312012,7.98211145401001,0.8281123042106628,0.3227391839027405,-0.0903210416436195,0.143890768289566,0.1371874809265136,0.1534630209207534,0.1069103702902793,0.170761376619339,0.0298848245292902,0.0190432742238044,0.1112546548247337,-0.0784908905625343,-0.0555053986608982,10.167058944702148,7.051517486572266,4.665613174438477,2.895150184631348,3.851743936538696,3.384155750274658,3.312752723693848,2.939038276672364,1.9088047742843628,1.6139187812805176,2.138235092163086,1.3846619129180908,1.4136825799942017,0.0184462219476699,-0.2177343815565109,-0.257028192281723,0.0295059271156787,0.071173071861267,-0.0165358316153287,0.198658749461174,0.168210282921791,-0.0375040173530578,0.0035369046963751,0.0922578126192092,0.0344163961708545,-0.0375289171934127,5.153012752532959,3.511575937271118,2.4134106636047363,1.836326479911804,2.0534746646881104,2.0978147983551025,2.165422201156616,1.4375066757202148,1.168452262878418,0.8815786242485046,1.3589040040969849,0.947562575340271,0.9213466048240662,0.0439196106324132,0.0213831362156414,0.1308528751141848,0.0471420496468815,11.09214687454942,1,Hyperfunktionelle Dysphonie,1602,phrase
-386.1453857421875,116.4948272705078,22.891725540161133,33.38359069824219,9.43576431274414,10.245357513427734,-15.211965560913086,-2.9662907123565674,11.716764450073242,-5.694407939910889,-1.4128069877624512,1.828935146331787,-5.884549140930176,91.2850112915039,55.16913604736328,32.93452072143555,23.389488220214844,29.48116683959961,20.61352157592773,19.062885284423828,12.738877296447754,11.522555351257324,13.270986557006836,13.095647811889648,9.057788848876951,8.483531951904297,0.2106996178627014,0.2824330329895019,0.3261372745037079,0.2255464196205139,0.04745889082551,0.0979759022593498,0.0581420846283435,-0.0043149823322892,0.0640225335955619,0.0003154001606162,-0.075784794986248,-0.0781825855374336,-0.096534788608551,11.64101791381836,8.088428497314453,4.663342475891113,3.14432954788208,4.753643989562988,2.748697280883789,3.466442584991455,2.562169551849365,2.1177213191986084,2.7889299392700195,2.42013955116272,1.581093192100525,1.750592827796936,-0.1310309171676635,-0.1604536920785904,-0.0686419308185577,0.0175487324595451,0.0960016921162605,0.1330906450748443,0.041374571621418,0.015754610300064,0.031166348606348,-0.0253716092556715,-0.0265664849430322,-0.0133277289569377,0.0142502235248684,6.01691484451294,3.748735189437866,2.432640790939331,2.281741142272949,2.063434839248657,1.585124135017395,1.8648065328598025,1.324342966079712,1.1127924919128418,1.6284152269363403,1.22964346408844,1.1019526720046997,0.9524128437042236,0.0227722842582654,0.0105307183975169,0.0682727777119764,0.0254073324597971,18.05195989897253,1,Hyperfunktionelle Dysphonie,1607,phrase
-363.6855163574219,121.52992248535156,10.908987045288086,43.014766693115234,11.266093254089355,17.702804565429688,-11.768619537353516,0.6451591849327087,5.352677345275879,-2.344435930252075,2.2651467323303223,-6.321657180786133,-3.832269191741944,94.0617904663086,53.13917541503906,30.652389526367188,29.06186485290528,25.78310775756836,20.764379501342773,18.230546951293945,12.389446258544922,11.929619789123535,14.151883125305176,10.451891899108888,10.14947509765625,9.040788650512695,1.003045678138733,0.769263744354248,0.1472196727991104,0.0706526637077331,0.0705097764730453,-0.0043697953224182,-0.0311992410570383,-0.0716212540864944,-0.0309588033705949,0.0479759089648723,-0.0303531419485807,-0.0855368003249168,-0.0525712221860885,15.914063453674316,8.528485298156738,5.341139793395996,3.718069314956665,4.022449493408203,3.044064521789551,3.103599071502685,2.665083885192871,2.224928379058838,2.6598474979400635,1.7955362796783447,2.109513521194458,1.7538615465164185,0.0265412237495183,-0.0272677186876535,-0.0404441393911838,-0.0347266979515552,0.0519483983516693,0.0441213324666023,0.0507616102695465,0.0502615272998809,0.0536554343998432,-0.0326076857745647,-0.0448495708405971,0.0397369563579559,-0.0094151590019464,9.771564483642578,4.17311429977417,3.2719621658325195,1.96392822265625,2.3958187103271484,1.441245675086975,1.7193305492401123,1.408663272857666,1.2088744640350342,1.5460225343704224,1.07539701461792,1.1975167989730835,0.998750627040863,0.0246651053936333,0.010102572410469,0.073113650498317,0.0242176989151408,17.41279504394371,1,Hyperfunktionelle Dysphonie,1608,phrase
-360.3890686035156,155.97256469726562,8.835686683654785,47.32965469360352,15.0659818649292,23.10205268859864,-1.6259170770645142,-1.1907974481582642,0.0457558184862136,4.212797164916992,10.249791145324709,-3.2297255992889404,1.006564021110535,72.7009048461914,53.22144317626953,25.38060760498047,22.08702850341797,19.16327667236328,19.27641487121582,15.483006477355955,11.922647476196287,10.412870407104492,10.066551208496094,7.520371437072754,9.4219331741333,10.890707969665527,0.6222648620605469,0.4386049211025238,0.0599809773266315,-0.006770129315555,0.046712502837181,0.0386154726147651,-0.0314847007393837,0.0110494578257203,-0.0309097580611705,-0.0810208022594451,-0.0127335274592041,0.021098468452692,-0.0053366753272712,11.41455078125,8.971325874328613,3.494312763214112,3.613215684890747,3.691059827804565,2.877204656600952,2.785229682922364,1.993553042411804,1.799836039543152,1.6879911422729492,1.4206347465515137,1.3955729007720947,1.6390435695648191,-0.0293673798441886,0.0148410173133015,-0.0358090922236442,0.0219810288399457,0.0799122154712677,0.0577947534620761,0.0886527374386787,0.0351944863796234,0.0143288513645529,0.0127231683582067,-0.0024570485111325,0.0061859986744821,-0.0316857770085334,6.960700035095215,4.105387210845947,2.4249234199523926,2.1003177165985107,2.0004541873931885,1.3774583339691162,1.6368639469146729,0.983037292957306,0.8396404385566711,0.9741188287734984,0.8335586190223694,0.8475355505943298,0.9586442708969116,0.0336048215942763,0.0124219444679035,0.1032882780024312,0.0405020631465286,7.517911270341095,1,Hyperfunktionelle Dysphonie,1637,phrase
-404.3714599609375,126.64350128173828,8.971012115478516,39.11381149291992,10.121760368347168,18.3887882232666,6.427431583404541,-10.25335693359375,-1.1984869241714478,7.250023365020752,5.121978759765625,-2.388782024383545,-5.580361843109131,96.3841781616211,58.556922912597656,32.629966735839844,23.39760398864746,23.49924659729004,24.13575935363769,14.703140258789062,15.261967658996582,10.921648025512695,14.865421295166016,10.330243110656738,12.625082015991213,14.279091835021973,0.5298193693161011,0.3752125203609466,0.0379012376070022,0.0701645538210868,0.1052130460739135,0.1316404342651367,0.0352502577006816,-0.0211626123636961,0.0207978971302509,0.1004703640937805,0.0965564250946044,-0.0513423234224319,-0.0473680309951305,15.060452461242676,7.299464225769043,5.75798225402832,3.504234313964844,3.4047086238861084,3.504793405532837,2.473362922668457,2.9891457557678223,1.8576960563659668,2.488629102706909,1.8181562423706048,2.089488983154297,2.368009328842163,-0.2803051173686981,-0.2076253443956375,0.0518405139446258,0.0727144852280616,0.0900228843092918,0.084090881049633,0.0271241534501314,0.0846520364284515,0.0252283755689859,-0.0423525385558605,-0.0113543849438428,-0.0130297904834151,0.0458952821791172,6.991789817810059,3.155323505401612,3.3755340576171875,1.8543355464935305,2.0794098377227783,1.7458865642547607,1.3909295797348022,1.3880597352981567,1.087018966674805,1.282121181488037,0.9815051555633544,0.9146852493286132,1.1059210300445557,0.0188468701515302,0.0080266576383489,0.0784879670430063,0.0240551421223847,18.502604530558305,1,Hyperfunktionelle Dysphonie,1643,phrase
-345.15789794921875,120.40172576904295,22.432029724121094,36.379764556884766,5.548639297485352,20.67455291748047,-10.66600513458252,-2.0081942081451416,3.090139150619507,-4.905900001525879,-2.551443099975586,-5.062121868133545,0.1902819871902465,97.4981918334961,54.04391098022461,35.049415588378906,22.06476402282715,24.135034561157227,16.659955978393555,20.15603256225586,14.10618495941162,12.2211275100708,12.31951141357422,10.418896675109863,12.097612380981444,8.226005554199219,0.2884029746055603,0.2115784734487533,0.1617787033319473,0.0700569376349449,0.0098127853125333,0.0011231731623411,-0.0578751899302005,0.0350694805383682,-0.0117981303483247,-0.0321017131209373,-0.0050268392078578,-0.0124491332098841,-0.0377154275774955,21.08426284790039,8.938338279724121,6.386571407318115,3.9050850868225098,3.35191011428833,2.3775672912597656,3.852887153625488,2.50565767288208,1.926922917366028,2.4304463863372803,1.8061766624450684,2.193559408187866,1.5746359825134275,-0.1671200692653656,-0.0957757234573364,0.0273701082915067,0.0014272810658439,0.0064944815821945,0.0412763729691505,0.0446931533515453,0.0081392060965299,0.0124700404703617,0.0203991364687681,0.008243846707046,-0.0057032173499464,0.0041903951205313,10.53293228149414,4.2410149574279785,3.266531229019165,2.285802125930786,1.697325587272644,1.2122821807861328,1.7121076583862305,1.2653720378875732,1.0383150577545166,1.2574177980422974,0.9042485356330872,0.9260932207107544,0.8039395213127136,0.0135690074348858,0.0052067352808968,0.0622344545589224,0.0160588366588126,18.6059941489648,1,Hyperfunktionelle Dysphonie,1648,phrase
-334.3027038574219,133.09271240234375,23.76935195922852,65.96279907226562,2.0320420265197754,14.267321586608888,-9.800585746765137,9.350723266601562,9.421856880187988,-5.354791164398193,6.069549083709717,-4.370120048522949,-6.6782002449035645,74.65691375732422,60.01345443725586,33.296363830566406,25.653234481811523,24.82058334350586,24.11184501647949,17.209312438964844,11.864864349365234,12.597081184387209,10.804923057556152,13.35513973236084,10.168360710144045,9.577961921691896,0.9466094970703124,0.4576242864131927,0.0223558582365512,0.2665841579437256,0.0710237845778465,0.0587729141116142,-0.0072664064355194,0.109262116253376,-0.0055011440999805,-0.0915871635079383,0.1214183494448661,-0.0423090159893035,-0.1271395683288574,12.209811210632324,8.442086219787598,5.005207061767578,3.8939321041107178,3.6416847705841056,3.3711647987365723,2.829519271850586,2.2114064693450928,2.3048784732818604,2.2748610973358154,2.280555248260498,2.036609649658203,1.861421823501587,-0.2815254330635071,-0.1646843999624252,0.0246772523969411,-0.0013485550880432,0.0713244155049324,0.115805447101593,0.0451763868331909,-0.0167555287480354,0.0150449052453041,0.0164161473512649,0.0022611522581428,0.0237468276172876,0.0029650542419403,6.982048034667969,3.5922813415527344,3.13494873046875,2.1955761909484863,1.778071045875549,1.644052267074585,1.447468400001526,1.2154022455215454,1.1800780296325684,1.077230453491211,1.164968490600586,1.0325311422348022,1.0172417163848877,0.0134717193857594,0.0042996789913689,0.1248886141709487,0.0498023332565889,14.009821895460638,1,Hyperfunktionelle Dysphonie,1653,phrase
-336.4664611816406,124.98511505126952,19.41446113586425,37.6256217956543,-2.83590030670166,20.51402473449707,-16.378074645996094,-1.728118658065796,18.12753295898437,-8.08124828338623,-4.395087242126465,-4.185148239135742,-9.56198501586914,68.82019805908203,36.78571701049805,29.802047729492188,20.384477615356445,25.148242950439453,20.278358459472656,18.559850692749023,11.593417167663574,17.975664138793945,12.39286994934082,12.032219886779783,10.509507179260254,10.833382606506348,1.0990043878555298,0.7110274434089661,0.0397935360670089,-0.0161101687699556,-0.1049704551696777,-0.0180759243667125,-0.0724752619862556,-0.0992161035537719,-0.0455585159361362,-0.015153151936829,0.0588731281459331,-0.0124151343479752,-0.0653721839189529,13.791353225708008,6.557005882263184,5.720228672027588,2.7510480880737305,3.746504306793213,2.904094219207764,3.711458683013916,2.050724744796753,2.7252309322357178,2.1181442737579346,2.1471242904663086,2.1223387718200684,1.891763687133789,-0.1642509549856186,-0.072349801659584,0.0689968913793563,0.0266986191272735,0.1130116507411003,0.0329869799315929,0.0149758718907833,0.0297680124640464,0.0003580479242373,0.0369554385542869,-0.00230696471408,-0.0306259300559759,-0.0645840987563133,8.82610034942627,2.655866861343384,3.463992118835449,1.8462493419647217,2.0572094917297363,1.3659816980361938,1.8400633335113523,1.2606866359710691,1.2912955284118652,1.0581088066101074,1.0433765649795532,1.088576316833496,1.0854096412658691,0.018806773677711,0.0089771977985981,0.0751496060778409,0.0283188828775071,16.21531068094671,1,Hyperfunktionelle Dysphonie,1660,phrase
-315.4705505371094,128.9601287841797,4.441891193389893,47.98178482055664,-4.020858287811279,11.410263061523438,-19.08220100402832,-0.4356619715690613,13.073482513427734,-13.76622486114502,-2.600342035293579,-6.533754348754883,-1.438282132148743,79.96062469482422,54.53580093383789,30.086116790771484,25.09721565246582,31.271059036254883,16.702733993530273,18.123565673828125,13.643309593200684,11.899539947509766,16.471921920776367,8.993119239807129,8.132633209228516,8.983269691467285,1.2048900127410889,0.9556447863578796,-0.0023073959164321,0.0488615408539772,0.2146685719490051,-0.0433735437691211,-0.0869807004928588,0.026235831901431,-0.0490247905254364,-0.0386206172406673,0.0174611005932092,-0.062401358038187,-0.0024093247484415,15.440485954284668,9.666890144348145,5.570080280303955,3.680343389511109,4.854239940643311,2.3179187774658203,3.710634708404541,2.4668610095977783,1.7341465950012207,3.4734947681427,1.561780333518982,1.7870895862579346,1.9640330076217647,-0.3646740913391113,-0.2469198107719421,-0.0230695232748985,0.054939292371273,0.1283823847770691,0.0650637447834014,0.017297564074397,0.0134134674444794,0.0448541231453418,-4.81060578749748e-06,0.0269678477197885,0.0194505639374256,-0.0286906324326992,7.926092624664307,4.123766899108887,3.2610340118408203,1.931786060333252,2.086028575897217,1.031508207321167,2.180271625518799,1.2039077281951904,0.9914719462394714,1.611786127090454,0.9197379350662231,0.8956024646759033,1.1034969091415403,0.0227617688761349,0.0114559564243295,0.0588207450421331,0.0148813306220647,16.723505132035122,1,Hyperfunktionelle Dysphonie,1682,phrase
-363.4806213378906,127.81877899169922,8.113321304321289,40.3512077331543,21.493003845214844,12.076810836791992,-11.512455940246582,-6.755277633666992,3.552464485168457,-5.315287590026856,-6.151741027832031,-10.77274227142334,-9.111512184143066,85.62312316894531,48.648681640625,34.90889358520508,24.57968521118164,29.059267044067383,26.59380531311035,20.71805000305176,13.26818561553955,10.567985534667969,12.6033935546875,12.08781909942627,10.782281875610352,10.0965576171875,0.3669532835483551,0.4457778632640838,0.2631962299346924,0.1235731691122055,0.1124711632728576,0.094453677535057,-0.0037628498394042,-0.0650698766112327,-0.0182079151272773,0.0125752985477447,-0.0304587706923484,-0.0353167504072189,-0.0233368370682001,14.44173812866211,8.395604133605957,5.68281888961792,3.133963108062744,4.080801486968994,3.423109531402588,3.3081576824188232,2.109153985977173,1.4114413261413574,1.918099284172058,2.1767802238464355,2.073762893676758,1.84713351726532,-0.2439436465501785,-0.2156938761472702,-0.0449613258242607,0.0156169394031167,0.0563827976584434,0.0616131871938705,0.0394077636301517,0.0589081235229969,0.063165858387947,0.003419981803745,-0.0106581412255764,0.0171625576913356,-0.007253423333168,6.552920818328857,3.782015085220337,2.789576530456543,1.6668450832366943,1.741207242012024,1.2991883754730225,1.5071496963500977,1.016442060470581,0.8031694293022156,0.9312859177589417,1.071655035018921,1.1674166917800903,0.8941717743873596,0.018079169727174,0.0086657176295505,0.0443089482470354,0.0125202197526106,20.97832917755521,1,Hyperfunktionelle Dysphonie,1686,phrase
-355.2016906738281,148.73536682128906,11.933497428894045,44.000144958496094,18.059833526611328,19.365665435791016,-1.4021552801132202,-7.959273338317871,3.4081361293792725,-4.875699996948242,-8.59377384185791,-9.581509590148926,-15.53735065460205,77.1202392578125,55.553741455078125,30.387868881225582,22.61809730529785,30.877290725708008,21.892757415771484,12.34541130065918,14.139394760131836,10.77999496459961,10.603371620178224,11.946526527404783,13.184839248657228,10.806642532348633,0.1992805898189544,0.2510892152786255,0.2620942294597626,0.2334534972906112,0.1467468440532684,0.0819849222898483,0.0723209604620933,0.0956816673278808,0.0105246296152472,-0.022816864773631,-0.0009841095888987,-0.0107655860483646,-0.0538925155997276,13.498950004577637,8.673377990722656,5.149281978607178,3.3215267658233643,4.332613945007324,2.453700065612793,2.2785794734954834,2.57578444480896,1.7216542959213257,1.82338547706604,2.0518431663513184,2.3980064392089844,2.153545618057251,-0.2815770208835602,-0.1466159373521804,-0.0279917195439338,0.0339351892471313,0.1032537743449211,0.036315944045782,0.0140300188213586,-0.0248111095279455,0.0385660380125045,0.0175128672271966,0.0079108402132987,0.0095234531909227,0.0217043980956077,7.060145854949951,3.262170791625977,2.9728403091430664,1.997429609298706,2.111425876617432,1.2043944597244265,1.1991209983825684,1.1096206903457642,0.8673083186149597,0.9104467630386353,0.9432705640792848,1.089813470840454,0.9455170631408693,0.0131376479743852,0.0046318453763915,0.0556432238134017,0.0137512970763012,21.524469610778173,1,Hyperfunktionelle Dysphonie,1690,phrase
-361.7894592285156,127.66432189941406,30.51385307312012,50.04819488525391,20.999526977539062,26.21452140808105,8.386178016662598,-5.829085826873779,-3.733628273010254,1.1253420114517212,10.53041172027588,-8.299744606018066,-9.173720359802246,87.68893432617188,54.9651985168457,32.6938591003418,25.1977596282959,24.70370483398437,17.585851669311523,14.54716682434082,13.448777198791504,13.82850742340088,12.403475761413574,10.76439094543457,13.694398880004885,11.440093040466309,0.2394706606864929,0.2610602974891662,0.1178461909294128,0.0315960347652435,0.0093876421451568,8.903332491172478e-05,-0.0238661840558052,-0.050038143992424,-0.0511550605297088,-0.0157914981245994,0.0258785150945186,0.0283957608044147,0.0002590222284197,13.482029914855955,8.768128395080566,5.68652868270874,3.763717412948608,3.575895309448242,2.592226982116699,2.789449453353882,2.640467643737793,2.424546480178833,2.2073774337768555,1.6187479496002195,2.110168218612671,2.0706048011779785,-0.0379264242947101,-0.0520150735974311,-0.0433050468564033,-0.0162710230797529,0.0172200314700603,0.0279365610331296,0.0214600805193185,0.0100442171096801,-0.0067115291021764,-0.0092197069898247,0.0068836193531751,0.0130169624462723,0.0033796287607401,8.154135704040527,3.678020238876343,2.94313907623291,1.8837010860443115,1.7060041427612305,1.3690876960754397,1.633474588394165,1.1759095191955566,1.020160675048828,1.1879488229751587,0.8003405332565308,0.9752322435379028,0.947680115699768,0.0219287360412319,0.0089744166781364,0.0967388571811374,0.0297340783247616,16.515070184045,1,Hyperfunktionelle Dysphonie,1741,phrase
-359.6066589355469,129.9976348876953,25.81615447998047,49.367183685302734,11.461008071899414,20.84060859680176,-9.222061157226562,-4.510246276855469,11.884368896484377,-5.54523229598999,-9.505213737487791,-4.666776657104492,-2.707768201828003,85.38265991210938,53.936283111572266,24.0789737701416,24.55446434020996,22.07032585144043,16.12127113342285,19.65995216369629,11.322213172912598,10.066787719726562,11.10895538330078,12.880433082580566,7.915673732757568,10.02587890625,-0.1014107838273048,0.0085728680714964,0.0380118936300277,-0.0295176561921834,0.0688103660941124,-0.0169863253831863,-0.0330285318195819,0.0470880009233951,-0.0338512323796749,0.0145192248746752,0.0089564472436904,-0.0499170124530792,0.0180726069957017,12.234440803527832,7.287670612335205,4.083939075469971,3.618311882019043,3.1632418632507324,2.1466288566589355,2.902275323867798,1.9500575065612795,1.5293735265731812,2.028794050216675,1.852845907211304,1.5103782415390017,1.4179424047470093,-0.3118595480918884,-0.0991803333163261,0.0503104403614997,-0.0200046710669994,0.1149905547499656,0.093686930835247,0.0891942009329795,0.07029989361763,0.0470688678324222,0.0193853117525577,0.0029677478596568,0.0291798748075962,-0.0006544768693856,7.71415901184082,2.932873010635376,2.756983995437622,1.628170609474182,1.7945221662521362,1.3367942571640017,1.601947546005249,1.16224205493927,0.9405008554458618,1.0844054222106934,0.9081135988235474,0.802880048751831,0.8029915690422058,0.0306495877961533,0.0130055622410638,0.0868115609675751,0.033420847400455,13.305399227495524,1,Hyperfunktionelle Dysphonie,1745,phrase
-309.3911437988281,117.55929565429688,1.1273796558380127,35.94831466674805,8.44675064086914,11.905372619628906,-20.144763946533203,0.7049899101257324,0.8678050637245178,-7.170901298522949,0.7229244112968445,-5.665010929107666,-6.039024353027344,98.02830505371094,55.3547248840332,29.306137084960938,29.63789176940918,26.12912368774414,15.400625228881836,18.26788330078125,11.706570625305176,13.665568351745604,11.474320411682127,9.305340766906738,10.60192584991455,9.693461418151855,0.5260706543922424,0.188100203871727,-0.1024810150265693,-0.0481698028743267,-0.105229340493679,-0.0111116645857691,-0.0813135132193565,0.0072313705459237,-0.0523838996887207,-0.0613784082233905,0.0262268986552953,-0.0290637277066707,-0.0079811383038759,17.816545486450195,9.188920974731444,4.998459815979004,3.476972818374634,3.86743426322937,2.138522148132324,3.681368589401245,2.3292036056518555,2.447788715362549,2.2693142890930176,1.6926357746124268,2.017835855484009,1.599079966545105,0.0866847857832908,0.0026778185274451,0.0224974658340215,0.0433595478534698,-0.0208856966346502,0.0077942633070051,-0.0228193532675504,0.0197967980057001,0.0378622002899646,0.03372498229146,0.0187416411936283,-0.0003608420083764,-0.0064335567876696,7.908829689025879,3.888052940368652,2.7654294967651367,1.6272196769714355,1.7056394815444946,1.0267350673675537,1.620120882987976,1.250601053237915,1.309383749961853,1.068819880485535,0.965833067893982,0.9275096654891968,0.8213045001029968,0.0148930881438859,0.0056554358339488,0.0640716511466349,0.0198144029200826,18.44834621474144,1,Hyperfunktionelle Dysphonie,1753,phrase
-367.9610290527344,136.01925659179688,9.768562316894531,44.16232299804688,14.09954833984375,13.103455543518066,-8.227580070495605,1.697062373161316,6.863540649414063,-5.957886219024658,-0.4532217383384704,0.2674547433853149,-6.317756652832031,88.56787109375,53.54010772705078,32.42570877075195,26.742691040039062,28.671422958374023,18.941137313842773,20.46793556213379,12.050053596496582,14.106053352355955,11.92185878753662,10.74666976928711,7.977102756500244,10.9841947555542,0.2188253551721573,0.1980757415294647,0.1527256220579147,0.114525020122528,0.0505346283316612,0.0298209618777036,-0.0743084400892257,0.0147687960416078,0.0357214584946632,-0.1020594239234924,-0.0576730892062187,-0.0012695650802925,0.0173862073570489,16.386646270751953,8.369057655334473,6.055796146392822,4.129909038543701,3.4970223903656006,2.295844793319702,3.8592331409454346,2.2693867683410645,2.207582473754883,2.351839303970337,1.735632300376892,1.4631662368774414,1.9546037912368768,0.2146129757165908,0.1403001099824905,0.0018264078535139,0.0239686593413352,-0.0095710316672921,0.0012754086637869,0.035127654671669,-0.0091725206002593,-0.018520563840866,0.0430642999708652,0.0443918369710445,0.0044357804581522,-0.0053889979608356,9.041610717773438,4.045950412750244,3.118011951446533,2.149116277694702,1.6289682388305664,1.0731486082077026,2.063559532165528,1.2194923162460327,1.1576262712478638,1.0372858047485352,1.0637376308441162,0.9439096450805664,1.086398720741272,0.0228026220759877,0.0092690415289442,0.0712345918121249,0.0217133477983119,15.469852276172302,1,Hyperfunktionelle Dysphonie,1754,phrase
-391.7932739257813,112.73938751220705,14.17091178894043,34.313690185546875,14.988396644592283,11.849408149719238,-5.934499263763428,-1.6978520154953003,5.258971214294434,-6.803399085998535,-6.241404533386231,0.1863722503185272,0.1407741159200668,96.54412078857422,51.7624397277832,31.98765182495117,21.54178810119629,24.961456298828125,14.582756042480469,16.473100662231445,11.364175796508787,11.70317840576172,12.959585189819336,12.155901908874512,9.509980201721191,12.035167694091797,0.089028924703598,0.1003127545118331,0.0562784112989902,0.020002270117402,-0.0032295810524374,-0.0079935826361179,-0.0046809609048068,0.0014135623350739,-0.0031705426517874,-0.0127734849229455,-0.0116572119295597,-0.0037213589530438,0.0008363809320144,12.557622909545898,6.738430023193359,4.055004596710205,2.3965988159179688,2.8693323135375977,1.6340426206588743,2.1247661113739014,1.7901819944381714,1.4721126556396484,1.8562179803848269,1.5485416650772097,1.3411608934402466,1.5225294828414917,0.0369740091264247,0.0390929877758026,0.0211463402956724,0.0093548027798533,-7.101066876202822e-05,-0.0004900227650068,0.0010885818628594,0.0013119374634698,0.0011816665064543,0.0010320903966203,0.0014023509575054,0.0031507471576333,0.0012130356626585,4.813737869262695,2.849879503250122,1.8350911140441888,1.1793767213821411,1.2098760604858398,0.8189907670021057,0.902174472808838,0.9785962104797364,0.7855434417724609,0.7423787117004395,0.6865851879119873,0.7211174964904785,0.7124807834625244,0.012212058972153,0.0052444125426583,0.0441579254745451,0.013070763550661,22.91716019202239,1,Hyperfunktionelle Dysphonie,1758,phrase
-368.6909790039063,144.7489776611328,14.17668628692627,36.5097770690918,5.040294647216797,28.495058059692383,2.617482185363769,-11.199560165405272,9.167237281799316,1.9166916608810425,-2.268808126449585,-6.72105884552002,-11.57446575164795,78.05689239501953,64.25919342041016,36.12825393676758,24.56293296813965,25.63787269592285,21.00995445251465,14.188353538513184,13.988581657409668,9.18706226348877,8.540067672729492,9.819089889526367,10.739994049072266,11.367663383483888,-0.3605066537857055,0.1061500236392021,0.3508894145488739,0.0726908892393112,0.0540315620601177,-0.2121424823999405,-0.1758108288049698,-0.0246217604726552,0.0209154244512319,0.0281681641936302,-0.0410232953727245,0.0174363739788532,-0.051186379045248,13.932901382446287,9.980852127075195,6.086183547973633,3.806362867355346,3.51726508140564,3.2113497257232666,2.710252523422241,2.4994258880615234,1.3562126159667969,1.662602186203003,1.2897160053253174,1.685883641242981,1.9141370058059688,0.1846859157085418,0.0956990867853164,-0.0051577892154455,0.0500028394162654,0.0298266354948282,-0.0177402589470148,-0.0495359562337398,-0.0003234773466829,0.0056302570737898,-0.0119666988030076,0.0045484425500035,-0.0242494922131299,-0.0324560925364494,6.8010783195495605,3.931596755981445,3.143441915512085,1.9406232833862305,1.7717539072036743,1.352197766304016,1.2817432880401611,1.200749397277832,0.8966928720474243,0.8134965896606445,0.7702763080596924,0.9422262907028198,0.9348444938659668,0.0238422220185692,0.0114519454603357,0.0827802838205856,0.0346990019995988,15.174370878253075,1,Hyperfunktionelle Dysphonie,1777,phrase
-354.5578308105469,122.80633544921876,13.00487232208252,46.10479736328125,1.8096764087677,13.028286933898926,-16.490995407104492,-9.199230194091797,9.935498237609863,1.6646907329559326,-2.592978000640869,-3.6674187183380127,-4.064287662506104,108.33221435546876,58.75034332275391,34.61301040649414,23.42772674560547,25.32748985290528,22.8145809173584,19.971742630004883,19.506505966186523,11.044548034667969,12.12409782409668,11.65261173248291,10.33128833770752,9.926587104797363,0.2323157042264938,0.2084776759147644,0.0887505784630775,-1.468957998440601e-05,-0.0735401734709739,-0.0309442598372697,-0.032232504338026,-0.028908260166645,-0.0178464092314243,-0.0117355464026331,0.0056537128984928,-0.0135229555889964,-0.0068019200116395,16.434877395629883,9.024192810058594,5.714008808135986,3.5012693405151367,3.7696127891540527,3.1381144523620605,3.606758832931519,3.2751283645629883,2.0494580268859863,1.9715571403503416,2.063562393188477,1.9159787893295288,1.776344895362854,-0.1059229522943496,0.0157667882740497,0.0338445864617824,-0.0114864725619554,0.0820568054914474,0.084041379392147,0.0576718412339687,-0.0016632035840302,0.0437016822397708,0.0310779735445976,0.0005591152585111,0.0356220975518226,0.0044508366845548,8.756009101867676,3.912414073944092,3.217944622039795,1.9429702758789065,1.8252322673797607,1.3231903314590454,1.8062784671783447,1.385798454284668,1.0430024862289429,1.0914618968963623,1.0373884439468384,1.083898425102234,1.032155156135559,0.0298542770814757,0.0144820644316345,0.0814295527350242,0.032477604837149,14.1611925449268,1,Hyperfunktionelle Dysphonie,1778,phrase
-387.21392822265625,132.070556640625,19.6043701171875,35.23527908325195,2.293200731277466,15.844806671142578,-9.635785102844238,-1.426453709602356,7.446139335632324,2.399832963943481,-2.021549224853516,-9.342729568481444,3.4857802391052246,98.72007751464844,53.67867660522461,33.333866119384766,25.006187438964844,27.50392723083496,16.04839515686035,19.3694076538086,13.719277381896973,10.808022499084473,12.180840492248535,9.25766372680664,13.81904411315918,8.530585289001465,0.5322198867797852,0.3862873911857605,-0.0906656756997108,-0.1224093586206436,0.0058624274097383,0.0152723733335733,-0.0492815487086772,-0.0525565296411514,-0.0097683137282729,-0.0020094909705221,-0.046963270753622,-0.009078711271286,0.030187327414751,16.67169761657715,8.336495399475098,5.85537052154541,3.759094715118408,3.4620296955108643,2.614999294281006,2.879671335220337,2.601691246032715,1.6849979162216189,2.277834177017212,1.9010679721832275,2.3948099613189697,1.462387204170227,-0.2027652114629745,-0.1266794204711914,-0.0081906607374548,-0.0062444200739264,0.0455160662531852,0.0580265223979949,0.040745060890913,0.0038677244447171,0.0363760590553283,0.0309346113353967,-0.0211765132844448,-0.0329181067645549,-0.0406056195497512,8.76369571685791,3.514765977859497,3.399565935134888,1.893523931503296,1.521069884300232,1.4247967004776,1.438352108001709,1.066616415977478,0.8422479033470154,1.2545135021209717,0.9217858910560608,1.0621099472045898,0.8414966464042664,0.0185330833661801,0.0078040713370863,0.0637324851913077,0.0218561182681084,19.24328257912221,1,Hyperfunktionelle Dysphonie,1786,phrase
-374.0217590332031,147.01087951660156,24.572528839111328,41.94939804077149,10.174168586730955,16.09894371032715,-4.810956001281738,0.5350456237792969,9.801915168762209,-1.420242190361023,2.1078131198883057,-5.476973533630371,-4.369875907897949,81.34881591796875,47.65476989746094,34.13294982910156,29.839994430541992,25.59124755859375,23.822343826293945,17.721269607543945,13.919929504394531,11.696181297302246,12.237540245056152,9.764212608337402,11.112722396850586,8.134690284729004,0.6704414486885071,0.3091778755187988,-0.0833310261368751,0.1308587491512298,0.0865587666630745,0.0894571021199226,0.0441976822912693,0.0268930122256279,-0.0380975976586341,-0.0607584230601787,0.0718604624271392,0.0546978376805782,-0.0440850853919982,13.07945156097412,7.487803936004639,5.467718124389648,3.388263702392578,4.567610740661621,3.5878982543945312,2.8901596069335938,2.228912830352783,1.7802025079727173,2.414397716522217,1.8920353651046755,2.268256664276123,1.8158154487609863,-0.0952960923314094,-0.0572144277393817,-0.02175366692245,0.0228620618581771,0.108099490404129,0.0392940565943717,0.0428123585879802,0.0601955205202102,0.0013699870323762,-0.0140761090442538,-0.0488371104001998,-0.011217095889151,0.0157842673361301,7.351710796356201,3.2686996459960938,3.0521240234375,1.893476963043213,2.290642023086548,1.3346465826034546,1.7642333507537842,1.4499706029891968,1.0070706605911257,1.420832872390747,0.9905482530593872,1.1621439456939695,0.8293794989585876,0.0254623681046204,0.0093127536291271,0.0749826226376545,0.0238716336266352,17.06603255027354,1,Hyperfunktionelle Dysphonie,1792,phrase
-361.1792602539063,131.2701873779297,5.67967414855957,35.74947738647461,5.533949851989746,4.876823425292969,-12.810836791992188,4.162381649017334,-7.994860649108887,-7.866884708404541,10.675987243652344,-10.3236722946167,-1.782007932662964,97.12814331054688,52.17905807495117,31.97554397583008,33.32428359985352,26.45786666870117,16.22922706604004,19.32182502746582,10.986444473266602,16.791122436523438,16.0621395111084,11.811162948608398,12.69697093963623,10.1513671875,0.38141730427742,0.2461981177330017,-0.0138671034947037,0.1008713915944099,0.0266156457364559,-0.0462021045386791,0.0756353661417961,-0.0320180542767047,-0.1989403069019317,-0.0215934142470359,0.0518195405602455,-0.1485665291547775,-0.0994154810905456,17.001493453979492,9.753883361816406,5.743122100830078,4.128189563751221,4.618222236633301,2.460594415664673,4.146748065948486,1.7746338844299316,2.2144784927368164,3.478358507156372,1.8261797428131104,2.583479166030884,2.0872349739074707,0.0649089440703392,-0.0065846126526594,-0.1028960347175598,-0.0774626731872558,0.0325454175472259,0.0778864622116088,0.0375236719846725,0.0892955511808395,0.090335875749588,-0.010720650665462,-0.0303783938288688,-0.0298466719686985,-0.0264052562415599,9.13198947906494,4.374152183532715,3.265881299972534,1.907361507415772,2.229423999786377,1.2061548233032229,2.09727430343628,1.3256293535232544,1.314162254333496,1.7069472074508667,1.1164538860321045,1.5195058584213257,1.412463903427124,0.0237438257241583,0.0117246731124669,0.080561055787967,0.0258609430684415,14.82281260455841,1,Hyperfunktionelle Dysphonie,1794,phrase
-357.3726806640625,141.34303283691406,10.65674114227295,37.706539154052734,9.913177490234377,14.208478927612305,-8.631420135498047,-7.866968154907227,6.370792388916016,-1.5270192623138428,-4.401401519775391,-8.400267601013184,-4.253644943237305,93.49970245361328,58.30892562866211,29.970458984375,27.060836791992188,22.8920955657959,20.925067901611328,13.920464515686035,12.678182601928713,9.18519687652588,11.001424789428713,10.516688346862791,8.760956764221191,9.153875350952148,0.5490872859954834,0.4150481522083282,-0.0313449092209339,-0.0237109810113906,0.0990969762206077,0.1355909556150436,0.0749713703989982,-0.0064506754279136,-0.0169928986579179,-0.0392976887524127,-0.0301897376775741,-0.0121766924858093,-0.0581207387149333,16.47830581665039,10.095206260681152,4.971649169921875,3.0807197093963623,3.681119918823242,2.5074574947357178,2.5661752223968506,2.5488121509552,1.5243650674819946,2.3100478649139404,1.7953275442123413,1.6682716608047483,1.9523541927337649,-0.16182442009449,-0.1850755959749221,-0.1261066198348999,-0.025191206485033,0.0896803066134452,0.1084586903452873,0.0748271569609642,0.0424474030733108,0.0487597659230232,0.0151732424274086,-0.0254793856292963,-0.0075048119761049,-0.0304528344422578,8.802422523498535,4.526022911071777,3.1745855808258057,1.5710768699645996,2.0127360820770264,1.3416166305541992,1.4581986665725708,1.328745722770691,0.9534924626350404,1.15834641456604,0.9299258589744568,0.8280907273292542,1.0763607025146484,0.0179586148556798,0.0074746868900235,0.0716317867671137,0.0200968075541139,19.073558405102148,1,Hyperfunktionelle Dysphonie,1800,phrase
-373.192138671875,138.98951721191406,18.11322593688965,44.76180267333984,19.53377342224121,8.368856430053711,-2.846302032470703,4.822319030761719,7.252906799316406,-1.3066900968551636,6.591587543487549,-1.1638147830963137,-6.774370193481445,103.35090637207033,62.80225372314453,31.065513610839844,26.154184341430664,23.444854736328125,20.90140151977539,19.11499214172364,14.853497505187988,10.05486297607422,16.709531784057617,9.710326194763184,10.918787002563477,13.39809513092041,0.3362762033939361,0.2938133478164673,0.0078906519338488,-0.0322388783097267,0.047647088766098,0.026170764118433,-0.0377854518592357,-0.0590042509138584,-0.0662387236952781,-0.0480573363602161,0.0180334951728582,0.0130132101476192,-0.0168290194123983,17.43097496032715,8.967418670654297,5.816507816314697,4.087049961090088,3.7442495822906494,2.577855110168457,3.322428941726685,2.1179444789886475,1.8291873931884768,3.042734146118164,1.6059907674789429,1.8397729396820068,2.4155776500701904,0.0975318774580955,0.0308172777295112,-0.109803520143032,-0.0237793736159801,0.0666831359267234,0.0382190011441707,0.0479800030589103,0.0164558440446853,-0.0105952508747577,-0.0547085888683795,-0.0545947700738906,0.0190277993679046,-0.0276278387755155,9.107393264770508,3.72735595703125,3.3764326572418213,2.218129873275757,1.9413299560546875,1.0719751119613647,1.5363909006118774,0.9948931336402892,1.1339982748031616,1.4706242084503174,0.801193118095398,0.9964466691017152,1.13286554813385,0.0447783251378553,0.0228088086893969,0.1417806365310505,0.0591430260474472,13.219721780540455,1,Hyperfunktionelle Dysphonie,1802,phrase
-360.6892395019531,149.8900146484375,26.313594818115234,52.34832000732422,8.04227352142334,32.30655670166016,1.1154165267944336,-5.260121822357178,5.638865947723389,9.433808326721191,-2.1396138668060303,-14.231624603271484,8.31842041015625,78.54547119140625,46.56952667236328,28.213607788085938,18.168901443481445,22.7281494140625,28.50082969665528,24.82743263244629,14.91589069366455,11.73874282836914,14.017581939697266,10.392401695251465,13.515823364257812,11.50282859802246,0.3166075348854065,0.3205859959125519,0.0519374050199985,0.0197078082710504,0.1632161885499954,0.0993733331561088,-0.0424154959619045,-0.1051959842443466,-0.0840828865766525,-0.0272121392190456,-0.0868269875645637,-0.1317084431648254,0.0224323868751525,14.863969802856444,8.028582572937012,5.528358459472656,3.2784979343414307,3.485687732696533,3.152940034866333,4.324245452880859,2.6048150062561035,1.8810113668441768,2.415090560913086,1.8129498958587649,2.724414825439453,2.0292234420776367,-0.0540575794875621,-0.0276178047060966,-0.0567445792257785,-0.0769712850451469,0.045225977897644,0.0364037863910198,-0.0169210527092218,0.0334999337792396,0.0171095039695501,-0.0019027066882699,0.0329185090959072,0.0060717249289155,0.0084343673661351,8.406954765319824,3.1855008602142334,3.393961191177368,1.8776648044586184,2.021329402923584,1.4110970497131348,2.053629159927368,1.3602207899093628,0.9657037258148192,1.1127431392669678,0.960947334766388,1.4536635875701904,1.056100368499756,0.0570625892730718,0.0336097171994274,0.1348240891840056,0.0693365240404902,6.6535630453152015,1,Hyperfunktionelle Dysphonie,1812,phrase
-393.1525573730469,123.24504089355467,17.638795852661133,43.453887939453125,6.07324743270874,15.50677490234375,-11.6815185546875,-6.1755547523498535,6.085692405700684,-2.716496706008911,-6.059858798980713,-5.360441207885742,-5.8167724609375,93.27049255371094,56.18864059448242,32.494380950927734,27.40742874145508,23.985584259033203,16.82524299621582,17.618520736694336,14.992132186889648,11.72121238708496,13.391650199890137,14.009517669677734,8.978304862976074,8.879158020019531,0.7572157382965088,0.3347051441669464,-0.0757120326161384,0.0885902196168899,-0.065275065600872,0.0253314897418022,-0.0472093857824802,-0.0339975394308567,0.0216259025037288,-0.030866727232933,0.0989939868450164,0.0502634197473526,-0.0853648781776428,15.415128707885742,8.774850845336914,5.801267623901367,3.569290399551392,3.5061147212982178,2.598458766937256,3.3870861530303955,2.853904485702514,1.4875445365905762,1.817419171333313,2.408726692199707,1.672091007232666,1.4985424280166626,-0.162710502743721,-0.1313502788543701,0.0162717103958129,0.0511435754597187,0.0158972572535276,0.0589388124644756,0.0451587960124015,-0.0375076793134212,0.0009597496245987,0.0014863084070384,-0.0228577125817537,-0.0094478065147995,0.0177044291049242,7.405958652496338,2.9718830585479736,3.088064670562744,1.7954578399658203,1.5932940244674685,1.2276257276535034,1.725297451019287,1.2359579801559448,0.8397539854049683,0.9648232460021972,1.108265995979309,0.9942850470542908,0.8464711904525757,0.0214508441933442,0.0096934492907407,0.0809409438790342,0.0300943233862412,18.18771012654635,1,Hyperfunktionelle Dysphonie,1813,phrase
-331.5873107910156,132.66925048828125,4.179999351501465,39.53359222412109,-5.127572059631348,11.39615535736084,-17.416278839111328,-7.109503269195557,5.568085670471191,-8.501412391662598,-1.791972279548645,-5.089938163757324,1.813936948776245,84.3459243774414,51.27366638183594,33.09609603881836,28.52836799621582,29.883996963500977,18.25551986694336,13.99276638031006,14.591611862182615,10.1336030960083,14.362853050231934,10.848103523254396,7.839969635009766,8.214580535888672,0.7402325868606567,0.5915038585662842,0.0145904785022139,0.0336240604519844,0.1556703150272369,-0.0220360234379768,-0.1616828739643097,-0.1038333475589752,-0.0516553223133087,0.0482173971831798,0.0548897013068199,-0.0696934387087822,-0.0536372885107994,13.381717681884766,9.399215698242188,5.327640533447266,3.559232234954834,4.39208984375,2.3934576511383057,2.84163498878479,2.74960994720459,2.015492677688598,2.7512528896331787,1.914406657218933,1.6483629941940308,1.5188153982162476,-0.2487765848636627,-0.1445958614349365,-0.0105418330058455,-0.0046596056781709,0.0532120168209075,0.0444562062621116,0.0984555184841156,0.0447984859347343,-0.0109936706721782,-0.0288556460291147,-0.0434746295213699,0.0132280495017766,-0.0321997702121734,7.370565891265869,4.304516792297363,3.1383485794067383,1.866913795471192,2.0856964588165283,1.2530510425567627,1.4906951189041138,1.4640098810195925,1.071772813796997,1.4153517484664917,0.9869747757911682,0.9157214760780334,0.8867527842521667,0.0195976219385526,0.0083958311239068,0.0498542639896127,0.014279914684236,17.866703229516855,1,Hyperfunktionelle Dysphonie,1816,phrase
-330.2147521972656,154.5844268798828,19.89010429382324,44.136531829833984,12.913179397583008,13.41836643218994,-23.85535430908203,-7.340275764465332,9.781210899353027,-4.954491138458252,1.6753051280975342,-6.518362998962402,-5.105583190917969,69.14888000488281,55.271366119384766,28.66084671020508,29.1320915222168,26.02552032470703,20.99351501464844,17.422773361206055,13.678518295288086,10.214021682739258,14.620396614074709,8.293819427490234,9.86888313293457,10.165045738220217,0.983780324459076,0.933562695980072,0.1582507342100143,-0.0020126597955822,0.0972965657711029,-0.0872814431786537,-0.1839317828416824,-0.1577315777540207,-0.1219802126288414,-0.0927528664469719,-0.0826570391654968,-0.05849239975214,-0.1280515640974044,12.3433256149292,8.711545944213867,5.277114868164063,3.796383857727051,4.554497241973877,2.914133787155152,3.405191421508789,2.6748745441436768,1.7726995944976809,3.370416641235352,1.6363624334335327,1.6847784519195557,2.165642738342285,-0.3835150599479675,-0.1508261263370514,0.065867893397808,0.0362678617238998,0.1718731373548507,0.1199144124984741,0.1498741507530212,0.0525581687688827,-0.0143014006316661,0.0489437729120254,-0.055113848298788,-0.0296452585607767,0.0004710610664915,6.912341117858887,3.6006782054901123,3.010052442550659,1.99889612197876,2.517906904220581,1.2642902135849,1.782603144645691,1.7002148628234863,1.0268564224243164,1.669559359550476,1.04584538936615,1.0120646953582764,1.0472146272659302,0.0180369118580053,0.0075539114796844,0.0720436931325834,0.0204350056243783,18.055924092444,1,Hyperfunktionelle Dysphonie,1822,phrase
-378.5200805664063,122.81487274169922,11.971346855163574,48.98683166503906,1.272377371788025,17.664655685424805,-11.875666618347168,-1.0377663373947144,12.071369171142578,-7.679730892181396,-6.570774078369141,-5.201072216033936,-4.222391605377197,113.3306884765625,57.88784790039063,34.861663818359375,29.404277801513672,27.0584716796875,17.959192276000977,18.6473388671875,12.401556968688965,13.408222198486328,11.800402641296388,12.341191291809082,9.126836776733398,9.570698738098145,0.2962724566459656,0.2918298840522766,0.1153329834342002,0.0679899975657463,0.0602801404893398,0.0249158646911382,0.0056010182015597,0.0171727892011404,0.0084898266941308,0.0054447320289909,-0.0072465999983251,-0.0325786992907524,-0.0328549183905124,17.485437393188477,8.43028736114502,4.966263771057129,3.984872341156006,3.79489016532898,2.2261533737182617,2.9805705547332764,2.112435340881348,2.1269545555114746,1.7408896684646606,2.075716733932495,1.7069646120071411,1.3297299146652222,-0.0911345705389976,-0.089618869125843,-0.0615445598959922,-0.0062307897023856,0.032116275280714,0.0132895400747656,0.009428197517991,-0.0288035031408071,-0.0136057958006858,-0.0239245425909757,-0.0405246913433074,0.0018578373128548,-0.0015875649405643,7.480835437774658,3.3640682697296143,2.117873191833496,1.8916828632354736,1.6693649291992188,1.2705212831497192,1.3675224781036377,1.0460002422332764,1.044318437576294,0.9838142395019532,1.0133792161941528,0.8978739976882935,0.6882681846618652,0.0282360070321702,0.0126054842018987,0.0801563976629984,0.0282820199289666,15.230432771270308,1,Hyperfunktionelle Dysphonie,1823,phrase
-351.5694580078125,137.6563720703125,16.27543830871582,22.816858291625977,11.92216968536377,20.92466354370117,0.8257673978805542,1.6678321361541748,5.758559703826904,-6.118715763092041,0.7096174955368042,2.2941999435424805,-3.6088204383850098,95.9557113647461,57.854522705078125,32.22726058959961,28.948436737060547,27.15277671813965,23.450658798217773,25.83083152770996,11.562232971191406,13.031415939331056,12.633520126342772,9.641610145568848,9.392322540283203,12.907549858093262,0.6521088480949402,0.5552670955657959,0.0950743332505226,0.0279842820018529,0.0928531289100647,0.1181024312973022,0.0383536033332347,-0.0185085069388151,-0.0308180041611194,-0.0402856133878231,-0.0076243574731051,-0.0134062943980097,-0.0399412475526332,16.991901397705078,9.127031326293944,6.106767177581787,3.5657854080200195,4.326989650726318,2.837982654571533,4.369383335113525,2.411147356033325,1.876053094863892,2.5480942726135254,1.596609115600586,1.834760665893555,2.3342323303222656,-0.1748862862586975,-0.174039214849472,-0.1250616461038589,-0.0118629643693566,0.0916275605559349,0.022126642987132,0.0359879694879055,0.0425340831279754,0.0540862530469894,0.0681528076529502,-0.0176308024674654,-0.0391830243170261,-0.0095981834456324,9.33531379699707,3.759189128875733,3.427182912826538,1.8579461574554443,2.240952491760254,1.277899980545044,2.168145179748535,1.3685866594314575,1.001780390739441,1.4656691551208496,0.9651890397071838,1.014596939086914,1.0883982181549072,0.0201164103381658,0.0074494125076198,0.0869019539806774,0.0254658109943073,14.584543920114292,1,Hyperfunktionelle Dysphonie,1861,phrase
-410.789794921875,122.61555480957033,20.874073028564453,40.08562850952149,5.491329669952393,13.402691841125488,-5.954653263092041,-2.739318609237671,2.5767765045166016,-0.9676567912101746,5.76202917098999,-2.632974863052368,-3.416213035583496,91.05382537841795,53.7809944152832,26.157262802124023,24.39567756652832,22.83002281188965,18.91137313842773,18.9326229095459,12.634933471679688,10.589980125427246,16.0203857421875,10.984881401062012,11.365650177001951,12.06236743927002,0.4094690382480621,0.3183744251728058,0.1143078282475471,0.1227531284093856,0.1397764682769775,0.0759139433503151,-0.0501202121376991,-0.0705371648073196,0.0575788803398609,0.0952331945300102,0.0564453862607479,0.0324577800929546,-0.016714472323656,12.093847274780272,7.607847690582275,4.153974533081055,3.1960437297821045,3.922916173934937,2.645869493484497,3.175572872161865,2.1449215412139893,1.9109665155410769,2.9158060550689697,1.870155334472656,1.785496711730957,2.036799430847168,-0.3750747740268707,-0.2377013862133026,-0.0411603525280952,0.0135481776669621,0.0843590348958969,0.0510224923491478,0.0646219924092292,0.0109539609402418,0.0064901360310614,0.0024696832988411,-0.0581219382584095,0.0042755212634801,0.0228766836225986,7.455785274505615,4.350054740905762,2.6903955936431885,1.708684325218201,1.9510188102722168,1.0985126495361328,1.7855823040008545,1.1455271244049072,1.2185434103012085,1.4793565273284912,1.045375108718872,0.9326796531677246,1.027568817138672,0.0300895564908367,0.0150333764880622,0.0847800175564421,0.0378656729127606,16.018685013877644,1,Hyperfunktionelle Dysphonie,1887,phrase
-345.1620483398437,133.47483825683594,13.682313919067385,39.62713241577149,3.714884042739868,21.33175468444824,-10.827048301696776,-12.970684051513672,8.454461097717285,-2.33081316947937,-4.9874444007873535,-5.939302921295166,-5.318906307220459,94.54883575439452,53.28942489624024,27.587268829345703,23.35408592224121,28.70563697814941,18.45905876159668,18.294065475463867,16.796010971069336,8.287251472473145,13.87601089477539,11.12742805480957,10.687203407287598,9.27514362335205,0.7873658537864685,0.5253333449363708,0.0317241363227367,0.118438720703125,0.0925151780247688,0.0861129611730575,-0.0441328920423984,-0.0915111228823661,-0.0067771901376545,-0.0413512960076332,0.0105769326910376,-0.0027588515076786,-0.0765304416418075,13.38601779937744,8.237601280212402,4.593382835388184,3.1291747093200684,4.208431243896484,2.4852545261383057,3.0873796939849854,3.3251376152038574,1.726645588874817,2.6365325450897217,2.003072500228882,1.8576772212982176,1.747563719749451,-0.1649605482816696,-0.0346420966088771,0.0333034954965114,-0.0028411836829036,0.0544614642858505,-0.03577172011137,0.0266522727906703,0.0484696179628372,-0.0395420268177986,-0.0264110099524259,-0.0203345399349927,-0.002937069395557,0.0051361941732466,8.18094253540039,3.6769282817840576,3.0302436351776123,1.661704182624817,1.9363938570022583,1.228773832321167,1.5376849174499512,1.6330355405807495,1.033249855041504,1.3516706228256226,1.0266351699829102,1.056088924407959,0.9298197627067566,0.017895225707805,0.0085683616916533,0.0640692049294349,0.0220222949906743,18.38575154031037,1,Hyperfunktionelle Dysphonie,1888,phrase
-384.2008972167969,94.08895111083984,16.903005599975586,38.50599670410156,14.529351234436035,15.904739379882812,-2.881249189376831,2.569979190826416,11.458364486694336,0.4080395102500915,3.96439790725708,-0.4810236692428589,-4.2135186195373535,103.22026824951172,58.36884307861328,30.765146255493164,23.730939865112305,27.28226852416992,15.295998573303224,18.030092239379883,11.556849479675291,9.487100601196287,12.840374946594238,9.690448760986328,11.577012062072754,11.372901916503906,0.4665713012218475,0.2904610335826874,0.0395987480878829,0.1493481248617172,-0.036631342023611,-0.0842067748308181,0.042401548475027,0.0067239832133054,0.0448388755321502,0.0339849628508091,-0.0381406061351299,0.016583826392889,-0.0205534715205431,12.263930320739746,8.689828872680664,4.6463799476623535,3.293407440185547,4.733209133148193,2.945789337158203,3.2323548793792725,2.188650131225586,1.6950558423995972,1.8874908685684204,1.706004619598389,1.885642170906067,1.5064256191253662,-0.0549296848475933,-0.1144002899527549,-0.0827276408672332,0.0567646101117134,0.0360549800097942,-0.0040789656341075,0.0592281371355056,0.0272108316421508,0.0207386743277311,0.023692425340414,-0.0284423884004354,-0.0092729637399315,0.0041366415098309,7.6549072265625,3.940298557281494,2.802388906478882,2.155959129333496,2.2861602306365967,1.3724408149719238,1.9376436471939087,1.2563080787658691,0.9447821378707886,1.0967031717300415,0.8493143320083618,0.9550291895866394,0.7737538814544678,0.0149841193107923,0.0056692201452635,0.0526195061145619,0.0176106966462273,19.25751284304481,1,Hyperfunktionelle Dysphonie,1891,phrase
-322.8807983398437,106.89124298095705,1.8589391708374023,39.046653747558594,9.195502281188965,23.825233459472656,-3.820601224899292,-6.490474224090576,-1.439195990562439,-7.385660171508789,-3.584367752075196,-6.864837646484375,-7.017125606536865,95.58101654052734,43.34968566894531,28.49333381652832,23.92432403564453,27.71409797668457,18.71836280822754,14.310364723205566,15.76358127593994,14.96953582763672,11.555724143981934,12.54489040374756,12.2120361328125,9.871813774108888,0.2749596238136291,0.3512214422225952,0.10332603007555,0.0087704472243785,0.0111076701432466,0.0847145020961761,0.0365230292081832,-0.0222999695688486,-0.0445726886391639,-0.0702692344784736,-0.0589076839387416,-0.101472333073616,-0.1030421927571296,14.244976043701172,7.679646492004394,5.0669145584106445,3.390915632247925,3.965096235275269,2.457176446914673,2.381927490234375,2.83026385307312,2.3529837131500244,1.8426823616027832,2.0993380546569824,2.031505584716797,1.7395535707473757,0.369743674993515,0.0838976874947547,-0.0261929482221603,0.0005767103284597,0.0425228849053382,-0.0037760436534881,0.0716153234243393,0.0547249913215637,0.0242455564439296,0.0381905026733875,-0.0169153939932584,0.0235160216689109,0.005184156820178,8.995220184326172,3.640313148498535,3.007093667984009,1.6516622304916382,2.1656196117401123,1.244251012802124,1.306443452835083,1.341646671295166,1.0637903213500977,0.903167188167572,1.0188307762145996,0.9857028722763062,0.8706044554710388,0.0306763653553283,0.0151018207795133,0.0555330636560648,0.0240394831210284,14.339660796977546,1,Hyperfunktionelle Dysphonie,1895,phrase
-294.4140930175781,151.95742797851562,8.544857025146484,43.7364387512207,10.447003364562988,22.157421112060547,-11.03811740875244,-0.1085012182593345,-3.308366775512696,-10.555377960205078,5.0848565101623535,-18.36322021484375,-7.467673778533935,64.8116226196289,44.58782196044922,24.38287925720215,23.239370346069336,23.70512008666992,21.42719078063965,16.838773727416992,10.79161262512207,12.350165367126465,10.454960823059082,7.735943794250488,12.60525608062744,12.016640663146973,0.9818872213363647,0.4223208725452423,-0.160960167646408,0.0952325984835624,0.120510496199131,0.1191809996962547,-0.1180022433400154,-0.0755078569054603,-0.0617831870913505,-0.139257863163948,-0.0517225973308086,-0.1469215452671051,-0.0436722747981548,12.812081336975098,7.842835903167725,4.458803653717041,3.4177653789520264,3.9238319396972656,3.207339286804199,3.1579270362854004,2.059582471847534,1.860673189163208,2.153094291687012,1.3511468172073364,2.287170171737671,2.599112033843994,-0.1368073523044586,0.0048543885350227,0.0523266084492206,-0.0593331269919872,0.0653899163007736,0.1182255148887634,0.0309748705476522,0.0127482768148183,0.1011812165379524,0.0660781115293502,-0.0102802803739905,0.0316142365336418,0.0152436261996626,8.25706672668457,3.6655445098876953,3.041654109954834,1.95842707157135,1.7993985414505005,1.2823371887207031,1.8408604860305784,1.1009682416915894,0.955678403377533,1.145067811012268,0.7021646499633789,0.975142538547516,1.2308098077774048,0.0222117323227051,0.0115567625574454,0.0887917190349808,0.0318528179847908,15.84582358370541,1,Hyperfunktionelle Dysphonie,1898,phrase
-350.164306640625,116.57725524902344,22.170255661010746,48.0655632019043,11.39358139038086,17.877456665039062,3.5578765869140625,3.064084053039551,11.469712257385254,5.089622497558594,0.7829065322875977,0.6253402829170227,3.613215446472168,81.8056411743164,48.71197891235352,29.401092529296875,18.05405807495117,18.994972229003903,14.661487579345703,15.396100044250488,9.609471321105955,9.452349662780762,13.103442192077637,12.225431442260742,10.595520973205566,8.052582740783691,0.479677677154541,0.3480493724346161,0.0556437671184539,0.0251539703458547,0.0510887317359447,0.0578371249139308,0.0034667490981519,0.0272185895591974,0.0428743548691272,-0.0035016753245145,-0.0269169434905052,-0.0116736264899373,-0.018451863899827,13.959036827087402,8.094018936157227,5.377923488616943,2.8592607975006104,3.0363364219665527,2.566084146499634,2.782024621963501,1.7930852174758911,1.5800312757492063,2.5429091453552246,2.236412525177002,2.134385824203491,1.53274667263031,-0.3747907876968384,-0.0897161290049552,0.0562517680227756,-0.0179783049970865,0.0922252237796783,0.0596007965505123,0.0538548380136489,-0.006144871469587,0.0383002646267414,0.025713738054037,-0.068992294371128,0.0080389538779854,-0.0164921805262565,9.145977973937988,3.767939329147339,3.4552340507507324,1.6950123310089111,1.634492039680481,1.6191060543060305,1.9836522340774536,1.013844013214111,0.9433311223983764,1.532424807548523,1.4198813438415527,1.006331443786621,0.9449787735939026,0.0278561294403654,0.0110894122765986,0.0948985172227078,0.0303420435994626,15.784713202471163,1,Hyperfunktionelle Dysphonie,1900,phrase
-331.9284362792969,166.79876708984375,24.416019439697266,42.59950256347656,10.122600555419922,20.58694076538086,-6.5032806396484375,-5.271917343139648,11.100584030151367,-5.872622489929199,0.1003922671079635,0.9993287324905396,-9.654288291931152,77.02967071533203,56.94527053833008,25.85643577575684,19.669273376464844,24.120494842529297,19.054718017578125,17.068809509277344,13.199210166931152,10.502585411071776,11.344347953796388,10.211986541748049,7.681775093078613,11.41046142578125,0.8709914088249207,0.599905252456665,0.1623356193304062,0.2720210254192352,0.1493444740772247,0.0871493816375732,-0.0164126474410295,0.0665893852710723,0.1249813362956047,-0.0418905019760131,-0.0670296549797058,-0.0406663827598094,-0.0868998020887374,14.614330291748049,10.29331398010254,4.591502189636231,3.0689117908477783,4.168141841888428,2.634364604949951,3.469395399093628,2.2263286113739014,1.8988337516784668,2.274158239364624,2.0920841693878174,1.2209104299545288,2.409299612045288,-0.6554734706878662,-0.2982103526592254,0.0424733236432075,0.0255433265119791,0.1991801112890243,0.1044323146343231,0.1213506236672401,-0.0179867707192897,0.0572953820228576,0.1747220903635025,-0.0065344334580004,-0.052363384515047,-0.0374771542847156,8.284499168395996,4.862430572509766,3.291111946105957,1.8242027759552,2.1975083351135254,1.4414246082305908,1.9258431196212769,1.3946987390518188,1.0490952730178833,1.4947500228881836,1.2076425552368164,0.8798133730888367,1.2214287519454956,0.0249125886810792,0.0100991655532227,0.0843331855363656,0.0256934492695099,14.173936055400404,1,Hyperfunktionelle Dysphonie,1903,phrase
-341.8743591308594,122.67041778564452,25.668758392333984,35.972930908203125,0.6936637759208679,20.712650299072266,-7.236721992492676,-7.527434825897217,4.417514324188232,-1.6173158884048462,-2.6181252002716064,-7.682452201843262,-1.1674028635025024,97.8285903930664,57.94763946533203,28.096378326416016,24.120037078857425,25.729825973510746,19.23008728027344,16.6252498626709,16.399658203125,10.837919235229492,13.614007949829102,11.458438873291016,11.749584197998049,8.891770362854004,0.7731611728668213,0.4822987914085388,0.1205865815281868,0.1122829094529151,-0.1149812787771225,0.0038016545586287,-0.0031310452613979,-0.0030213193967938,-0.049328364431858,-0.1688599735498428,-0.1163231581449508,-0.0336712263524532,0.0076773087494075,16.630430221557617,9.552988052368164,5.51366138458252,3.289547920227051,4.3403191566467285,2.51851773262024,3.1234889030456543,2.659831047058105,1.937185525894165,2.210345506668091,2.008877277374268,2.052896738052368,1.6010594367980957,-0.0456790849566459,-0.1172047927975654,0.0010489111300557,0.0711282938718795,0.0197669621556997,0.0638468563556671,0.0335268750786781,0.0729379132390022,0.0399323925375938,-0.0288054961711168,-0.0153978252783417,-0.0112117016687989,0.0164252463728189,8.447318077087402,3.841470003128052,3.257502794265747,2.283065795898437,2.1927993297576904,1.0895522832870483,1.510278820991516,1.3200767040252686,1.0625509023666382,1.1644253730773926,0.890877902507782,1.0106145143508911,0.8226436972618103,0.0275129152165291,0.0137021320978022,0.0867512116550653,0.0294586839736165,15.891257806334163,1,Hyperfunktionelle Dysphonie,1906,phrase
-321.2947998046875,116.80010223388672,5.77798318862915,29.904098510742188,-3.833744764328003,24.80058860778809,-20.923967361450195,-4.040306568145752,6.9496169090271,-0.7437589764595032,0.0859818533062934,-5.123757362365723,-3.6263527870178223,92.01844024658205,53.68382263183594,22.427839279174805,28.88545608520508,30.87980079650879,15.726468086242676,18.589216232299805,17.54051971435547,11.138202667236328,12.88692569732666,10.904204368591309,9.844230651855469,8.774980545043945,0.9093862175941468,0.5739864706993103,-0.1168081164360046,-0.1170666068792343,0.0956510379910469,-0.0198883842676877,-0.2053806632757187,-0.1578552424907684,-0.0786593183875083,-0.0248862747102975,0.0584425143897533,-0.0015858494443818,-0.1155626848340034,18.794023513793945,7.0720696449279785,4.054401874542236,3.035175323486328,4.792703628540039,2.408435106277466,3.759328365325928,2.840229034423828,1.938209056854248,2.452091217041016,1.7246979475021362,1.919713020324707,1.738153100013733,-0.8994765877723694,-0.1073962599039077,0.0317096225917339,0.0643940940499305,0.0366146005690097,0.0503361262381076,0.0225670058280229,0.0882328227162361,0.0302938893437385,-0.0694307684898376,-0.0490288957953453,-0.0604035072028636,0.0091148419305682,9.965046882629396,3.2669577598571777,2.641716718673706,1.7045270204544067,2.492675304412842,1.2172878980636597,2.24294662475586,1.4619790315628052,1.0021148920059204,1.2745356559753418,0.9366149306297302,1.1425220966339111,0.8141769766807556,0.0248284879720685,0.0114819267140832,0.1183109087585614,0.0567359130480153,11.991033487236797,1,Hyperfunktionelle Dysphonie,1910,phrase
-339.3103942871094,125.67774200439452,2.1571431159973145,36.238162994384766,8.353758811950684,20.69915008544922,-15.103365898132324,1.174185037612915,10.703659057617188,-10.53176498413086,5.025553226470947,-1.9116146564483645,-5.894251346588135,89.26399993896484,47.02574157714844,29.9947566986084,25.780696868896484,27.177778244018555,13.673205375671388,22.00461769104004,11.14438247680664,10.646197319030762,17.209177017211914,10.087240219116213,8.310957908630371,10.70834732055664,0.6929352879524231,0.3732137382030487,-0.1894187778234481,-0.2330450713634491,-0.1798634380102157,-0.0202962253242731,-0.0745529383420944,-0.0099177192896604,0.0523964129388332,0.0218769647181034,0.0446863770484924,-0.0137221300974488,-0.0075268605723977,17.081003189086914,6.939049243927002,5.560331344604492,3.483745574951172,5.07195520401001,2.174200773239136,4.336565017700195,1.898734450340271,1.6894879341125488,3.447897434234619,1.8929387331008911,1.539171814918518,1.90677809715271,-0.1131331026554107,-0.0570147112011909,0.0424319244921207,0.031304907053709,0.0519284717738628,0.0666234642267227,0.0352349281311035,0.0359234660863876,0.0124691240489482,-0.0076321898959577,-0.0011325761443004,-0.0506432726979255,-0.0247002653777599,9.181779861450195,3.3847618103027344,3.487423896789551,1.6099151372909546,2.354684591293335,1.085963010787964,2.127059936523437,0.8902165293693542,0.8952271938323975,1.558617353439331,1.115731954574585,0.8985721468925476,0.9039965271949768,0.0176830863835175,0.0091719591723856,0.0630067089733873,0.0182264895975025,18.973177315937384,1,Hyperfunktionelle Dysphonie,1927,phrase
-363.2514953613281,128.21273803710938,12.461044311523438,44.06961441040039,6.36335563659668,9.164000511169434,-1.357868194580078,-0.3506501913070678,12.727840423583984,-1.0955044031143188,-5.571674346923828,-6.925925254821777,-7.555328845977783,95.6870346069336,56.77803039550781,31.00596618652344,28.321475982666016,26.918739318847656,21.61263465881348,15.448466300964355,12.873333930969238,10.52028751373291,12.129352569580078,11.047770500183104,9.539870262145996,10.551660537719728,0.0979679301381111,0.0085507715120911,-0.1184183433651924,-0.0596067309379577,-0.0150524377822875,0.00535449385643,0.0349829420447349,0.0120768174529075,-0.0046974527649581,-0.0534896366298198,-0.0832441449165344,-0.0460669361054897,-0.0742324218153953,15.427927017211914,9.03726291656494,5.137439250946045,3.5540642738342285,4.333099842071533,2.5326852798461914,2.1411890983581543,2.5112080574035645,1.6774765253067017,2.3954923152923584,2.123288154602051,1.5611499547958374,2.236413717269897,-0.2144998610019683,-0.1500924229621887,-0.1119767948985099,-0.0893971845507621,0.1263008564710617,0.0992460697889328,0.0267474390566349,0.0733243227005004,0.049981165677309,-0.0214844029396772,-0.0271940529346466,-0.0221133921295404,-0.0439853817224502,8.496831893920898,4.284729480743408,3.333566904067993,2.1728336811065674,2.171049356460572,1.1596784591674805,1.2075833082199097,1.3312617540359497,0.9124209880828856,1.25559663772583,0.8634573817253113,0.8208402991294861,1.1778172254562378,0.0186680265168708,0.0091238278820218,0.0638828495107501,0.0209670847033825,17.417134955903816,1,Hyperfunktionelle Dysphonie,1929,phrase
-375.6727600097656,154.11973571777344,12.510746955871582,39.08013916015625,25.3967227935791,25.412303924560547,7.69485330581665,4.216646194458008,2.3165712356567383,1.470181941986084,7.199330806732178,-3.3315041065216064,-12.455875396728516,101.41527557373048,58.14392852783203,28.594383239746094,27.023691177368164,19.33895874023437,20.762813568115234,15.284136772155762,10.38385009765625,12.322846412658691,11.808832168579102,10.774978637695312,11.676786422729492,12.306596755981444,0.3125303387641907,0.2522525191307068,-0.1015994623303413,-0.1559955477714538,0.0021273547317832,0.0645724087953567,0.0490786880254745,-0.0208021942526102,0.0049322950653731,0.073686197400093,0.0526201464235782,-0.0107399094849824,-0.0001744680484989,12.814464569091797,8.491815567016602,4.493255138397217,3.412320852279663,3.4226207733154297,2.8595995903015137,2.2962751388549805,2.0267040729522705,1.978256702423096,1.836710810661316,1.5387550592422483,2.06968641281128,2.0493671894073486,-0.3249858021736145,-0.2170540243387222,0.0124821243807673,0.0017647267086431,0.0656615868210792,0.1205140352249145,0.0989560559391975,0.0671813488006591,0.0700472295284271,0.0678673610091209,0.0156966932117939,-0.0206960327923297,-0.0240217074751853,5.590681552886963,4.062380790710449,2.477290630340576,1.8447386026382449,1.7870084047317505,1.3873863220214844,1.2202565670013428,0.9987748265266418,1.2172324657440186,1.067253828048706,0.889668881893158,1.0871764421463013,1.0794789791107178,0.0295358339516745,0.0119367327038585,0.0907361897428142,0.0319126973449866,14.36351757297544,1,Hyperfunktionelle Dysphonie,1934,phrase
-355.95037841796875,142.5216522216797,-1.226286768913269,43.80222702026367,5.286263942718506,7.986589908599853,-14.694644927978516,2.369692802429199,-4.349592208862305,2.484935760498047,4.337623596191406,-15.769556999206545,-0.8044089078903198,82.71258544921875,39.6113510131836,32.82329177856445,27.83361053466797,26.935773849487305,16.32083511352539,21.83346939086914,12.713648796081545,10.107487678527832,17.77786636352539,6.320296287536621,13.447264671325684,7.985744476318359,0.5516056418418884,0.2389639765024185,-0.1004046872258186,0.1409835517406463,0.123140811920166,-0.0539000071585178,-0.103827029466629,-0.0422130562365055,-0.0697866156697273,0.0045866169966757,-0.0413353703916072,-0.2235795110464096,-0.1268730163574218,14.365221977233888,7.344947814941406,5.135353088378906,3.8558225631713854,4.279611110687256,2.7745895385742188,4.163117408752441,2.5265824794769287,1.7037954330444336,3.644630193710327,1.0908340215682983,3.0015792846679688,1.4896520376205444,-0.1877389997243881,-0.1748561561107635,-0.1003742590546608,0.0095364050939679,0.1441254168748855,0.0503925010561943,0.0070647597312927,0.0324732363224029,-0.0367695316672325,-0.0399632528424263,-0.0423213392496109,-0.0517626143991947,0.0383609533309936,7.013452529907227,3.775399923324585,2.9621706008911133,1.973159670829773,1.8738393783569336,1.303537368774414,2.0298895835876465,1.502368450164795,0.9649589657783508,1.5514992475509644,0.7855595946311951,1.6874274015426636,1.062883377075195,0.0231725788206561,0.0101528209814073,0.0965575515620726,0.0344529305468375,15.012816279390703,1,Hyperfunktionelle Dysphonie,1944,phrase
-324.67236328125,117.1738739013672,18.536487579345703,35.341514587402344,7.972684383392334,12.906578063964844,3.434920310974121,-8.75838851928711,-1.3890230655670166,5.350857734680176,-2.225965976715088,-13.642622947692873,-1.4453036785125732,70.1307373046875,45.49027633666992,26.1459903717041,23.92730712890625,25.0459213256836,22.57185173034668,13.033557891845703,14.67888641357422,12.356642723083496,8.739978790283203,13.061717987060549,15.272619247436523,8.555623054504395,0.4197013974189758,0.3851152062416076,0.1441447138786316,0.225941389799118,0.162000760436058,-0.012732159346342,-0.016985785216093,-0.1620824187994003,-0.1417756229639053,-0.0026186283212155,-0.1764756143093109,-0.2477898746728897,-0.0836687013506889,10.889707565307615,7.169353485107422,4.746764183044434,3.122724294662476,3.8229317665100098,3.340930223464966,2.3325507640838623,2.577749252319336,1.918187379837036,1.4553948640823364,2.438645362854004,2.5746753215789795,1.6167173385620115,-0.1809387058019638,-0.187544360756874,-0.1099878177046775,-0.0466182716190815,0.038638774305582,0.0596109181642532,0.0440078973770141,0.0417818799614906,0.0170081090182065,-0.0119273597374558,0.0497754029929637,0.0540855340659618,-0.0181309785693883,6.148313999176025,3.282172441482544,2.7260868549346924,1.5622401237487793,1.768570065498352,1.3257579803466797,1.338962197303772,1.3442667722702026,1.1338821649551392,0.99841046333313,1.2208272218704224,1.4161782264709473,1.0656551122665403,0.0257302189081993,0.0116082027789661,0.0701185527249675,0.0224679386964811,17.875896681170794,1,Hyperfunktionelle Dysphonie,1952,phrase
-384.0174560546875,119.11693572998048,15.699200630187988,45.484771728515625,17.86031150817871,24.38265991210937,-7.763697624206543,-5.713551998138428,11.477020263671877,-8.317460060119629,-9.6368408203125,0.1693144142627716,-5.080223083496094,101.32901763916016,51.34140396118164,39.00236511230469,28.616100311279297,31.633684158325195,21.39869880676269,22.18656539916992,13.300344467163086,14.57422924041748,13.538804054260254,13.260132789611816,10.769427299499512,10.297667503356934,0.170884370803833,0.1598534286022186,0.0736928582191467,0.0754368007183075,0.0855074152350425,0.0897735357284545,0.051331877708435,0.0162634886801242,0.0311384089291095,0.0195819828659296,-0.0083040436729788,-0.0202759001404047,-0.044797908514738,15.96148681640625,7.593639373779297,6.284436225891113,3.617464065551758,4.485759258270264,2.611512899398804,3.854528427124024,2.563654899597168,2.241844654083252,2.445713758468628,2.239986181259156,1.75577712059021,1.7398178577423096,-0.1066043451428413,-0.052796933799982,-0.0487258285284042,-0.0307295508682727,0.0377227813005447,0.0269468165934085,0.0475147403776645,0.0022563012316823,0.031755831092596,0.0200385749340057,-0.0009931388776749,0.0281078126281499,-0.0025373413227498,7.875234603881836,3.3803656101226807,3.7559947967529297,1.7868248224258425,1.967043161392212,1.216119647026062,1.9327843189239504,1.1658114194869995,1.122419357299805,1.2157466411590576,1.0177668333053589,1.0502194166183472,0.9955668449401855,0.0160363639971612,0.0066746530509563,0.0609816631627438,0.0203468456154769,19.41744637916716,1,Hyperfunktionelle Dysphonie,1964,phrase
-390.4164733886719,125.98063659667967,19.06216621398925,45.10211563110352,0.6472785472869873,15.49625301361084,-4.93950080871582,-6.057116508483887,1.679429531097412,1.9786295890808103,-7.30059814453125,-6.823646068572998,-4.745394229888916,92.61759185791016,43.96416473388672,27.888551712036133,29.639524459838867,21.273855209350582,21.168790817260746,17.89063835144043,12.623811721801758,14.08382511138916,10.741650581359863,12.862040519714355,12.467658042907717,10.732965469360352,0.9433174729347228,0.4459768235683441,-0.0784023031592369,0.104110412299633,-0.0162035282701253,0.147506833076477,0.0594957768917083,-0.0029828909318894,0.0292320623993873,-0.0481144189834594,-0.0459821373224258,-0.0934620127081871,-0.0721287727355957,15.515070915222168,7.447146415710449,5.382136821746826,4.348937511444092,3.2936182022094727,2.6740665435791016,2.985493898391724,2.346717834472656,2.4467456340789795,1.4072567224502563,2.0641586780548096,2.058069944381714,2.230090379714966,-0.0362511053681373,-0.0648621991276741,-0.0881403759121894,-0.0260330364108085,0.0538799613714218,0.0026907457504421,-0.0085150199010968,0.0171506274491548,0.0158247333019971,0.0156594067811965,-0.0100055709481239,0.0187138561159372,-0.0169494338333606,7.0017595291137695,3.1023545265197754,3.071587085723877,2.086153984069824,1.6950474977493286,1.4825854301452637,1.5982247591018677,1.3097200393676758,1.205212116241455,0.9162610769271852,0.9719416499137878,0.948739230632782,1.1352005004882812,0.0202066842913862,0.0082722960467772,0.0750968867465406,0.0237402250292456,15.808932103341029,1,Hyperfunktionelle Dysphonie,1976,phrase
-366.338623046875,138.627197265625,25.566051483154297,57.5761604309082,4.926760673522949,28.053077697753903,-7.021247863769531,-10.66296100616455,5.963667392730713,6.706971645355225,5.081278324127197,-8.172111511230469,-5.725110530853272,70.33975219726562,45.54489135742188,31.52848243713379,19.594104766845703,26.180082321166992,23.71492576599121,20.838802337646484,14.145308494567873,10.889111518859863,15.284478187561035,8.805811882019043,11.607270240783691,10.224803924560549,1.549250602722168,0.7218018770217896,-0.1232153326272964,0.1262276023626327,-0.1190043091773986,0.0365117378532886,-0.1115750446915626,-0.023416306823492,-0.0251611843705177,-0.0824382454156875,0.1348902583122253,0.0578977800905704,-0.0368669405579566,13.929516792297363,7.708498477935791,5.274843215942383,2.701212406158448,4.392791748046875,3.172528982162476,3.4724667072296143,2.911539554595948,2.116522312164306,3.009352922439575,1.879676103591919,2.470613956451416,2.185441493988037,-0.1596202105283737,-0.0262816753238439,-0.0012684221146628,0.0113732432946562,0.0583495907485485,0.0374636612832546,0.0416582599282264,-0.0092262458056211,0.0100002167746424,0.0060067735612392,0.0666148662567138,0.0094836670905351,0.027290191501379,8.334551811218262,3.5440568923950195,3.3900935649871826,1.620753049850464,2.4104254245758057,1.348979949951172,1.9913417100906368,1.54979145526886,1.1811840534210205,1.6376404762268066,1.2392923831939695,1.2645198106765747,1.1961967945098877,0.0207019550401508,0.0062090967825585,0.0805397414065026,0.0201314185533926,15.988036175121644,1,Hyperfunktionelle Dysphonie,1978,phrase
-322.8236083984375,133.65771484375,21.06790351867676,55.7656135559082,7.456457138061523,21.72037124633789,-7.824131488800049,-3.829240560531616,14.347691535949709,0.1661820262670517,3.122009754180908,-2.333024740219116,-4.479333400726318,69.62689971923828,50.64387130737305,26.879838943481445,26.552276611328125,26.917724609375,18.67389488220215,16.739421844482422,14.49863338470459,12.71119213104248,15.773730278015137,8.428217887878418,9.450830459594728,9.618544578552246,1.485299587249756,0.8450253009796143,-0.0131398774683475,0.0150441918522119,0.0267950426787138,0.1102000623941421,0.0148855894804,0.0504263155162334,0.0137924486771225,0.0677137747406959,0.1708143353462219,-0.0116829145699739,-0.0867981761693954,13.023021697998049,9.26731300354004,3.866022825241089,3.965644359588623,4.6382575035095215,3.2396554946899414,2.994629144668579,2.56423282623291,2.4601852893829346,2.764993667602539,1.68144953250885,1.833185195922852,1.9611566066741943,-0.1503435671329498,-0.1635362803936004,-0.0564248263835907,-0.0431427843868732,0.103707455098629,0.1094251424074173,0.1139043569564819,0.0187968332320451,0.0187825374305248,-0.0722291469573974,-0.0763746947050094,0.0184141043573617,0.0282158255577087,7.106483936309815,3.632291555404663,2.224619150161743,2.1829545497894287,1.9791268110275269,1.4699251651763916,1.6737346649169922,1.3514132499694824,1.4105167388916016,1.4288179874420166,1.0604735612869265,1.100281000137329,1.2201002836227417,0.027382538190793,0.0113312065260788,0.1421513287355759,0.0465362860874395,10.76844954514103,1,Hyperfunktionelle Dysphonie,1982,phrase
-339.1905822753906,145.33578491210938,5.969081401824951,30.588031768798828,10.136591911315918,8.182379722595215,-8.058622360229492,-5.508247375488281,-6.193079948425293,3.7782974243164062,-2.669095277786255,-9.16901683807373,2.286656618118286,95.95478057861328,61.51568984985352,31.11298370361328,26.27676582336425,23.922096252441406,15.322052001953123,17.59579086303711,13.871658325195312,13.614801406860352,11.013542175292969,11.076006889343262,13.17715549468994,7.296703338623047,0.6715120077133179,0.3460297584533691,-0.1565527915954589,-0.0300005469471216,-0.0125998193398118,0.0478171184659004,0.0735171288251876,0.0347949266433715,-0.0542740859091281,-0.1217990145087242,0.0243400130420923,0.0655119717121124,-0.0488537400960922,15.32564926147461,9.860041618347168,5.59123420715332,3.5470776557922363,3.9859304428100586,2.167569160461426,2.810617208480835,2.5526387691497803,1.7824060916900637,2.041433095932007,1.7367807626724243,2.2974774837493896,1.3848263025283811,-0.2242324948310852,-0.0726029872894287,0.0232753977179527,-0.0093673160299658,0.0808597654104232,0.0232666488736867,0.0372143164277076,-0.00183274759911,0.0157843884080648,0.0296088736504316,-0.04645636677742,-0.0167672205716371,-0.0116741191595792,9.229127883911133,3.925911664962769,3.790672779083252,2.05191421508789,1.9958568811416624,1.000430703163147,1.4928289651870728,1.1812609434127808,1.0022143125534058,1.089710354804993,0.8552884459495544,1.200089931488037,0.8440208435058594,0.0288865133562542,0.0155796401459074,0.130784371571829,0.0677115114244105,13.492781726156725,1,Hyperfunktionelle Dysphonie,1983,phrase
-352.1708068847656,156.50558471679688,5.606637954711914,38.32559967041016,11.878539085388184,13.306842803955078,-13.854204177856444,-6.654749393463135,7.333444595336914,-10.034324645996094,-5.443406581878662,-5.401134967803955,-9.85776138305664,71.52642059326172,45.345123291015625,28.81250762939453,22.894115447998047,22.52746963500977,22.03418731689453,18.26343536376953,15.542157173156738,9.355709075927734,12.927783966064451,10.310810089111328,10.475356101989746,10.965466499328612,1.3369436264038086,1.035259246826172,-0.0670633465051651,-0.2518982589244842,-0.1364775747060775,-0.0434997007250785,-0.0961414575576782,-0.1372429281473159,-0.1325093954801559,-0.1929787397384643,-0.0778600946068763,-0.0061930324882268,-0.0986026600003242,14.138265609741213,9.770827293395996,5.41981840133667,2.987910270690918,3.6573665142059326,2.8060665130615234,3.533478260040283,2.41443419456482,1.67689311504364,2.7859723567962646,1.7515480518341064,1.9140620231628416,2.1754868030548096,-0.1255790591239929,-0.117869883775711,-0.0336422957479953,-0.0138373812660574,0.0276862066239118,0.0759102031588554,0.0430478937923908,-0.0045606065541505,-0.0303677543997764,-0.0410152971744537,-0.0264490917325019,-0.0014344578376039,0.0372228436172008,6.34264087677002,3.7141189575195312,3.2075536251068115,1.9470454454422,1.6124531030654907,1.1686489582061768,1.8640615940094,1.1714874505996704,0.9484648704528807,1.3202484846115112,0.973151922225952,1.0501644611358645,0.9323694109916688,0.0210807290554596,0.0088050671276555,0.0672388446511004,0.0257335777016976,17.149498330361105,1,Hyperfunktionelle Dysphonie,1988,phrase
-347.1711120605469,139.488525390625,12.972574234008787,35.74552917480469,9.022677421569824,22.61689186096192,-3.278064489364624,-5.788274765014648,2.762890577316284,-6.809409141540527,-3.22080945968628,-0.6530155539512634,-8.435053825378418,74.9831314086914,42.9951171875,27.96491050720215,22.60029983520508,30.94082832336425,17.86893653869629,22.52924919128418,14.246200561523438,10.713136672973633,14.174668312072754,10.731744766235352,10.237397193908691,8.417252540588379,0.9052691459655762,0.5264418125152588,-0.0625139251351356,0.027980612590909,-0.0329749397933483,-0.0131987938657403,-0.0051513705402612,0.0841721445322036,0.0546641312539577,-0.0874246284365654,0.0015786719741299,0.0280031915754079,-0.1133850142359733,11.71318531036377,7.023563861846924,4.146812438964844,2.835873603820801,4.3990654945373535,2.946922540664673,3.664743423461914,2.741729497909546,1.6701343059539795,2.492652416229248,1.8087519407272337,1.6565139293670654,1.7517794370651243,0.054200455546379,-0.0071430471725761,-0.0392324402928352,0.0346823893487453,0.0881614685058593,0.0679337158799171,-0.0051415404304862,-0.0155558390542864,0.0199594460427761,-0.0190085172653198,-0.0261350665241479,0.0001378458982799,0.0151018826290965,6.201223850250244,3.4086875915527344,2.7772295475006104,1.622480034828186,1.781029462814331,1.2319871187210083,1.78777813911438,1.5345861911773682,0.8590660095214844,1.367561101913452,1.0483922958374023,0.9143475890159608,1.0564264059066772,0.0329028843536159,0.0174207792370758,0.0793034903957616,0.0365779543601079,17.16958458008671,1,Hyperfunktionelle Dysphonie,1989,phrase
-386.9353942871094,161.2013397216797,19.389545440673828,33.592002868652344,7.130046844482422,6.315897941589356,-11.656840324401855,-5.422381401062012,4.761943817138672,-6.0565924644470215,-7.407071590423584,-13.641112327575684,-5.684845447540283,90.0672378540039,61.0445671081543,32.54872512817383,22.463586807250977,27.73666381835937,22.14498519897461,20.68621826171875,13.952133178710938,9.816076278686523,12.13886260986328,12.270482063293455,10.79697036743164,11.058013916015623,0.8608127236366272,0.4552671611309051,0.0942951589822769,0.2193048149347305,0.0386080220341682,0.0097877476364374,0.0121178310364484,-0.0520124919712543,-0.0717805251479148,-0.0186045449227094,-0.083364613354206,-0.1764431148767471,-0.1044281050562858,15.777982711791992,10.702347755432127,5.56107234954834,3.1220836639404297,3.7474982738494873,2.6253981590271,3.648066759109497,2.2181899547576904,1.7157410383224487,2.0405874252319336,2.162396192550659,1.7110799551010132,2.3864753246307373,-0.0593057759106159,-0.0690211281180381,-0.0131950844079256,-0.0337408147752285,0.0740451589226722,0.0202173609286546,-0.0018744270782917,-0.0192204099148511,-0.0117117399349808,0.0234401691704988,-0.0603716410696506,-0.014982571825385,0.0098709240555763,7.753466606140137,4.556894302368164,3.2222700119018555,1.9309277534484863,1.8367486000061035,1.297748565673828,1.811929702758789,1.0921692848205566,0.9376655220985411,1.0594111680984497,1.0974466800689695,0.95676988363266,1.1502816677093506,0.0322677297287474,0.0138170410217207,0.1349704250863447,0.0660684713882522,11.785055655124127,1,Hyperfunktionelle Dysphonie,1990,phrase
-393.2167053222656,130.32691955566406,10.092230796813965,51.48826599121094,3.544581174850464,13.320144653320312,-6.18488073348999,-2.2990972995758057,5.928934097290039,-3.361830234527588,-2.1093978881835938,-4.915941715240479,0.4677033126354217,87.67021942138672,50.02449417114258,32.14688873291016,24.29983139038086,24.818702697753903,24.0726318359375,19.76062393188477,10.796390533447266,13.139361381530762,15.134995460510254,10.208085060119627,9.738495826721191,8.822015762329102,0.4589122235774994,0.3042558133602142,0.0516087338328361,0.0397519655525684,-0.0123493047431111,0.0006396592943929,-0.0626652315258979,-0.0326790399849414,-0.0327471010386943,-0.0073496499098837,0.0666902139782905,-0.0019178634975105,-0.0083713354542851,15.526193618774414,7.881027221679687,5.467404842376709,3.368516683578491,4.131618976593018,2.969321727752685,3.535118579864502,2.056373119354248,2.049259185791016,2.6845197677612305,1.894398808479309,1.823322057723999,1.7822939157485962,-0.318932831287384,-0.2460146695375442,-0.0171824917197227,0.0162777043879032,0.0492365695536136,0.1041949093341827,0.069533996284008,0.0223780572414398,0.0426788702607154,0.0348802283406257,0.0041824067011475,0.0154600674286484,0.0292870234698057,9.557061195373535,3.407606363296509,3.407647132873535,1.927696704864502,1.8137015104293823,1.3594961166381836,1.973534107208252,1.3340102434158323,1.0905922651290894,1.422574162483215,0.9163864254951476,1.0364426374435425,0.9998508095741272,0.0164728649750044,0.0076912385324803,0.0585723064341531,0.0190280980089549,15.827970995437449,1,Hyperfunktionelle Dysphonie,1993,phrase
-343.0682983398437,142.83541870117188,27.60164833068848,47.9620361328125,9.067246437072754,26.28736686706543,-6.851315498352051,-4.2655348777771,7.616300106048584,2.498771905899048,-0.7255029678344727,-15.340326309204102,-5.742576599121094,81.30177307128906,54.97705841064453,27.85942268371582,22.65660095214844,28.89255714416504,18.29554748535156,18.39282989501953,10.802948951721191,10.031268119812012,13.865999221801758,8.283048629760742,14.936484336853027,9.50790309906006,0.1728710979223251,0.1257748007774353,0.0448473580181598,0.0251386854797601,0.028754124417901,0.0380293913185596,0.0035254342947155,0.0471201762557029,0.0188860967755317,0.0057038823142647,0.018571613356471,0.002929861890152,0.0086775319650769,14.576887130737305,9.68985652923584,3.9155592918396,2.7526519298553467,4.721682071685791,2.464574813842773,3.479436159133911,2.206249952316284,1.9421212673187256,2.7407467365264893,1.4048590660095217,2.814884185791016,1.866005539894104,-0.0862082540988922,-0.0322539582848548,-0.1055397614836692,-0.0557493008673191,0.0315301716327667,-0.0071494169533252,0.0593996532261371,0.0084998719394207,0.0444970875978469,0.0645964816212654,0.0265778508037328,0.0767782106995582,0.0236197747290134,9.351877212524414,4.460376739501953,2.8261775970458984,1.461766004562378,2.079874515533448,1.1583232879638672,2.109198093414306,1.2622534036636353,0.9945244193077089,1.587169528007507,0.7846600413322449,1.4341799020767212,0.8880327343940735,0.0351779864259191,0.0178996841890228,0.2019651493938121,0.1164250184858917,11.31410795292769,1,Hyperfunktionelle Dysphonie,2012,phrase
-348.35845947265625,129.07061767578125,7.735023021697998,43.84538269042969,19.218307495117188,16.02524757385254,-3.1342215538024902,6.047017574310303,3.1739282608032227,1.2090632915496826,-6.460741996765137,-3.3613030910491943,-0.5484424233436584,102.9080047607422,59.64543151855469,30.01936912536621,22.142166137695312,22.023500442504883,25.047250747680664,28.83338737487793,10.493644714355469,10.642878532409668,12.029132843017578,11.28189754486084,10.08480167388916,9.376296997070312,0.5085428953170776,0.453380137681961,0.0475154258310794,-0.0585324354469776,0.0014522891724482,0.0624241419136524,0.0603460595011711,-0.0187554154545068,-0.0362167321145534,-0.0379479154944419,-0.0595322661101818,-0.0169702488929033,0.0252949520945549,15.443735122680664,9.0523681640625,5.17172908782959,3.40372896194458,4.174094200134277,2.9846112728118896,4.929416179656982,1.999262809753418,1.9475020170211792,2.5403807163238525,2.090585947036743,2.09906268119812,1.7138344049453735,-0.1640363186597824,-0.0888900831341743,0.0029951548203825,-0.0772123262286186,-0.0248492490500211,0.0502826981246471,0.0212271995842456,0.0443499013781547,0.085866093635559,0.0191804189234972,-0.0323512069880962,0.0039551476947963,-0.0102093536406755,8.515012741088867,4.071930885314941,3.389727830886841,1.7986128330230713,2.22449254989624,1.3154003620147705,2.28348708152771,1.1134636402130127,1.1952905654907229,1.443894863128662,1.051650047302246,1.0643529891967771,0.9346749186515808,0.0255738244679049,0.0122378689041903,0.0979065436385761,0.0360385460736617,15.024881864581246,1,Hyperfunktionelle Dysphonie,2034,phrase
-354.3667297363281,137.71133422851562,17.683027267456055,40.1185417175293,11.084415435791016,12.048131942749023,-7.790882110595703,-2.1793224811553955,2.645415067672729,-0.8370174765586853,-11.729665756225586,-9.83355712890625,2.16615629196167,78.99296569824219,51.4300537109375,31.25629425048828,28.44753837585449,30.7987060546875,15.643839836120604,18.34122085571289,14.03029441833496,10.096302032470703,10.386420249938965,13.14987087249756,10.739668846130373,10.958579063415527,1.0376795530319214,0.7582807540893555,-0.004788258112967,0.0115004992112517,0.0692312344908714,0.0864138081669807,-0.0232084821909666,-0.1303887963294983,-0.0036947166081517,0.026797654107213,-0.0834511071443557,-0.1140553429722786,-0.0816241428256034,15.85236358642578,8.582268714904785,5.953320503234863,3.3341057300567627,4.156404495239258,2.8575470447540283,3.3839669227600098,2.6898951530456543,1.9485020637512207,1.950352668762207,2.6692211627960205,1.7955321073532104,2.1405982971191406,-0.1931772232055664,-0.2262165546417236,-0.1964729875326156,-0.0932020246982574,0.0644556283950805,0.0468223504722118,0.0260452982038259,0.0798855423927307,0.0736711323261261,0.0387451462447643,0.051562625914812,0.0387252978980541,-0.0060200532898306,8.378960609436035,4.108068466186523,3.786663293838501,1.9407708644866943,1.7774262428283691,1.3645137548446655,1.801879644393921,1.5198789834976196,1.1341552734375,1.1521683931350708,1.196518898010254,1.0697696208953855,1.107295036315918,0.0219252073978049,0.008305680954054,0.0697932536870373,0.0229241576027044,17.205541101287242,1,Hyperfunktionelle Dysphonie,2062,phrase
-357.7107238769531,116.3759307861328,8.830907821655273,48.44817733764648,-6.477339744567871,3.310891628265381,-9.692808151245115,-14.528365135192873,-11.780524253845217,-9.193838119506836,-6.520905494689941,-12.386707305908203,-3.9345357418060303,74.59124755859375,40.17156219482422,28.807680130004883,20.252674102783203,24.21637916564941,17.385255813598633,14.439535140991213,14.990596771240234,15.778268814086914,9.64240837097168,11.68849277496338,9.008105278015137,7.281572818756103,1.0407960414886477,0.5964571833610535,0.1828719079494476,0.2622548937797546,-0.0505315326154232,-0.0179039444774389,-0.1222336664795875,-0.0797139033675193,-0.1157528087496757,-0.1341873556375503,-0.0239659734070301,-0.0449187830090522,-0.0554707199335098,14.050836563110352,7.020415306091309,5.802839756011963,3.619116067886353,3.5223841667175293,2.85241174697876,2.8457727432250977,2.7090468406677246,2.225388288497925,1.7379502058029177,2.1648964881896973,1.7917720079421997,1.3278799057006836,-0.3189146220684051,-0.2288996279239654,0.002428128151223,0.087892971932888,0.145178735256195,0.0484020784497261,0.0450121983885765,0.0740832909941673,0.0013319185236468,-0.0145161654800176,-0.0166069865226745,-0.0018026140751317,0.0014083832502365,8.371319770812988,3.815275192260742,3.2849156856536865,2.0656332969665527,1.691805720329285,1.5225518941879272,1.4493472576141355,1.3614107370376587,1.1470626592636108,1.1039947271347046,1.1727739572525024,1.058869242668152,0.7950617074966431,0.0116253283193136,0.0043867585002747,0.0463619889368915,0.0132083999711614,23.95655076612908,1,Hyperfunktionelle Dysphonie,2067,phrase
-358.10400390625,107.47119140625,25.356294631958008,42.10948181152344,7.072304725646973,9.73144817352295,-1.6079474687576294,-8.118999481201172,3.5710809230804443,0.9827446937561036,-8.629850387573242,-7.540403366088867,-4.492269992828369,92.98788452148438,57.06544494628906,31.64094352722168,22.57015037536621,21.256771087646484,16.583236694335938,14.72589874267578,12.79434585571289,10.057123184204102,11.56202793121338,11.10459041595459,9.046996116638184,9.709115028381348,0.3605150282382965,0.3846838176250458,0.1670777946710586,0.048961903899908,0.0291109215468168,0.0049995561130344,-0.050565343350172,-0.0566193796694278,-0.0356808379292488,-0.0411804020404815,-0.0625904500484466,-0.0904359370470047,-0.1208786964416503,16.460506439208984,9.38970947265625,5.070119857788086,3.6373753547668457,3.1250569820404053,2.3634748458862305,3.0271642208099365,2.638789892196656,1.7061097621917725,2.0560519695281982,2.033360958099365,1.6281362771987915,1.635730862617493,-0.1739171892404556,-0.1022642403841018,-0.0486757643520832,-0.017637301236391,0.1188672482967376,0.0814318731427192,0.0578336976468563,0.0393896289169788,0.0202143751084804,0.0212520826607942,-0.0133851114660501,0.0085178269073367,0.0087180556729435,8.785645484924316,4.626733779907227,2.824728488922119,2.0799567699432373,1.6921857595443726,1.189117431640625,1.5071394443511963,1.3543366193771362,1.0242555141448977,1.164038896560669,0.992561101913452,0.9730942249298096,0.795521080493927,0.0343105291586094,0.0154495874090382,0.0810412030665328,0.0311044680484974,12.18460639945736,1,Hyperfunktionelle Dysphonie,2071,phrase
-319.0515441894531,136.2488555908203,4.357219219207764,44.67979049682617,14.43647575378418,21.50411605834961,-7.266554355621338,-8.723970413208008,6.092023849487305,-7.636266231536865,-1.6664923429489136,2.7230312824249268,-7.187595367431641,96.55327606201172,58.33098983764648,34.705963134765625,20.771026611328125,23.299116134643555,17.116239547729492,19.61913299560547,12.747220993041992,10.309608459472656,14.906002044677734,9.743897438049316,10.22646141052246,12.021296501159668,0.4050061404705047,0.3917974233627319,0.0416409261524677,-0.0585901364684104,0.0328570753335952,-0.000304973393213,-0.0069584441371262,0.0274419076740741,-0.0515687763690948,-0.0637605190277099,0.0321795232594013,0.0951584801077842,0.0522597171366214,15.423693656921388,10.067721366882324,5.501273155212402,3.484818458557129,4.165365219116211,1.9935784339904783,3.290494441986084,2.2366528511047363,1.682426691055298,2.8277957439422607,1.6188844442367554,1.5702497959136963,2.009572505950928,-0.2588547170162201,-0.1158249601721763,0.066317118704319,0.0572231858968734,0.0774085894227027,0.0355233065783977,0.0392243713140487,-0.0094824023544788,-0.0092399986460804,0.0190484914928674,-0.0373530015349388,-0.0559708513319492,-0.0253413524478673,8.936890602111816,4.171025276184082,3.337474822998047,2.1272425651550293,2.121176481246948,1.0364463329315186,1.633520483970642,1.178025245666504,0.8914272785186768,1.4031845331192017,0.8953378796577454,0.9411176443099976,0.9456223845481871,0.0254431576603788,0.010785300209339,0.075487310847881,0.0214374591099879,15.426507306828311,1,Hyperfunktionelle Dysphonie,2077,phrase
-373.0767211914063,133.27024841308594,22.291690826416016,31.83438301086425,9.989460945129396,14.25634765625,-7.071068286895752,-2.573449850082397,9.508196830749512,-5.2854485511779785,-0.2880401611328125,-6.950424671173096,-9.13205337524414,86.43165588378906,51.88099670410156,27.2697868347168,21.05695915222168,21.58492851257324,17.167428970336914,18.08879280090332,11.849287033081056,9.382619857788086,13.209075927734377,8.747089385986328,10.04781723022461,9.700871467590332,0.309592068195343,0.2465590685606002,-0.0373483747243881,-0.0894168689846992,0.0362978242337703,0.1009822860360145,0.0428660959005355,0.0026691397652029,-0.0301118027418851,-0.0117971422150731,0.0342736765742301,-0.0002551746729295,-0.0189760532230138,14.74222469329834,8.476465225219727,5.44196081161499,2.4545934200286865,3.588437557220459,2.513998985290528,3.308370351791382,2.084823608398437,1.487840175628662,2.210005044937134,1.5482662916183472,2.0932061672210693,1.8472079038619995,-0.1979042887687683,-0.1769718825817108,-0.1264195889234542,-0.0874271690845489,0.033341459929943,0.0562558397650718,0.0710249841213226,0.0299628153443336,-0.0110252769663929,0.0166846010833978,0.0152061749249696,-0.0014194613322615,-0.0041960715316236,8.533941268920898,3.922564744949341,3.4372317790985107,1.5263625383377075,1.8138426542282104,1.2130870819091797,1.6119263172149658,1.0061501264572144,0.8883574604988098,1.078061580657959,0.8136019706726074,1.0916664600372314,0.8831768035888672,0.014691445769245,0.0049831831559389,0.0575738054549061,0.0160917089399386,21.494248974650347,1,Hyperfunktionelle Dysphonie,2080,phrase
-399.4828186035156,166.22317504882812,28.43585777282715,25.315235137939453,23.43854331970215,22.29599380493164,-1.730234146118164,-0.6724810600280762,9.28135585784912,4.014501094818115,5.398209095001221,1.515487551689148,-2.8234097957611084,80.0467300415039,62.46346282958984,31.41222381591797,22.86152648925781,24.94968605041504,20.18239402770996,16.82994270324707,12.196505546569824,10.536977767944336,8.388374328613281,8.591432571411133,7.261427402496338,8.872598648071289,0.4769918620586395,0.3505510985851288,0.1464956998825073,0.1121059283614158,0.0261328052729368,-0.0317458994686603,-0.0008272461127489,-0.0736893713474273,-0.0703758299350738,-0.0045379898510873,0.0539843738079071,0.0338201187551021,0.0138658443465828,13.897951126098633,10.36324405670166,4.916416168212891,3.173927068710327,3.9903366565704346,3.6640472412109375,2.825644969940185,2.457515239715576,1.809662103652954,1.5281343460083008,1.7565284967422483,1.5047001838684082,1.6489113569259644,-0.3009924590587616,-0.1287548094987869,-0.0283393394201993,-0.0025187106803059,0.0907266736030578,0.0356142222881317,-0.0120236165821552,-0.0665102899074554,2.339240745641291e-05,0.0397120676934719,-0.0208684131503105,0.0300318375229835,0.0205521993339061,6.789807796478272,4.384073257446289,2.6303296089172363,2.0135180950164795,2.055438041687012,1.6022571325302124,1.564275145530701,1.1937124729156494,0.9887070059776306,0.9271949529647828,0.9956633448600768,0.90542733669281,0.905526041984558,0.0229570583991951,0.0093704673405733,0.0862576721940358,0.0228249780819593,16.02823011152369,1,Hyperfunktionelle Dysphonie,2081,phrase
-356.181396484375,118.8795166015625,22.47205352783203,57.51137924194336,5.551017284393311,23.308591842651367,-2.2666523456573486,-3.6287145614624015,2.1368930339813232,1.0261480808258057,-4.340107440948486,-13.102068901062012,-2.084045648574829,88.66621398925781,45.469669342041016,35.72648239135742,25.5649528503418,28.62002944946289,15.28283977508545,16.46466064453125,11.86763858795166,11.173358917236328,8.880520820617676,10.36406421661377,12.747557640075684,7.961044311523437,0.4396182596683502,0.3605755567550659,0.0706453025341034,0.00198853504844,-0.0070339967496693,0.0082225250080227,0.004922165069729,0.0101956687867641,-0.038836732506752,0.0060964571312069,0.053382396697998,0.0217050854116678,0.0290309563279151,14.893925666809082,7.490486145019531,5.916335582733154,4.053938388824463,3.895341157913208,2.33925724029541,2.900286674499512,2.1992342472076416,1.7981010675430298,1.5499420166015625,1.7784548997879028,2.149397373199463,1.2698578834533691,0.104566752910614,0.0708746612071991,0.0289787799119949,0.0133620938286185,-0.0346582606434822,-0.0329603031277656,-0.0061968890950083,0.0136688994243741,-0.02684479765594,0.0035276997368782,0.0034226733259856,-0.0418939143419265,0.0177680235356092,8.67265796661377,3.220691680908203,3.726861953735352,2.0147194862365723,1.979181408882141,1.2564697265625,1.6385442018508911,1.007089376449585,1.0320924520492554,0.9856745004653932,0.929740071296692,1.0532208681106567,0.892022430896759,0.0235345370092598,0.0112015387247656,0.0606804234743955,0.0235812478525724,17.033473924713974,1,Hyperfunktionelle Dysphonie,2090,phrase
-411.3115539550781,111.78926849365234,26.486196517944336,35.94354248046875,3.3141660690307617,4.186622619628906,4.163476943969727,-9.229080200195312,1.0673927068710327,0.002383436076343,-4.5153679847717285,-3.079628229141236,-5.725028038024902,102.11727905273438,55.20000076293945,28.13728141784668,16.30405616760254,20.65825653076172,20.127382278442383,13.357213973999023,18.606199264526367,9.399617195129396,9.264422416687012,10.659658432006836,11.612271308898926,11.58385181427002,0.0187952052801847,-0.0009811933850869,-0.0234917495399713,-0.0167054235935211,-0.0624606236815452,-0.0741991102695465,-0.0168291069567203,-0.0252020582556724,-0.0326936468482017,-0.0183477513492107,-0.015961704775691,0.0205806121230125,0.0130005115643143,16.658601760864258,8.725884437561035,5.443790912628174,2.3960201740264893,3.00241494178772,2.8853461742401123,2.104628324508667,3.082850933074951,1.8395055532455444,1.696463942527771,1.9665378332138064,1.839141726493836,1.9167652130126955,-0.0825406834483146,-0.0258722864091396,-0.0106900231912732,0.0040171439759433,0.1093905270099639,0.0800476521253585,0.0509442314505577,0.0329966656863689,0.035454224795103,0.0347339659929275,-0.0197597816586494,-0.0222553852945566,-0.0047002951614558,7.591646194458008,3.7040820121765137,2.80324649810791,1.3621985912322998,1.4064066410064695,1.222663402557373,0.9971158504486084,1.359753131866455,0.9474493265151978,1.0183857679367063,0.9409517645835876,0.8414031267166138,0.8546425104141235,0.0128801547860998,0.0036086283687158,0.0618484777041867,0.0130607904466618,21.22084301350672,1,Hyperfunktionelle Dysphonie,2102,phrase
-410.2239990234375,125.46277618408205,16.459665298461914,42.94327545166016,16.25273323059082,16.295251846313477,-1.2096538543701172,-0.4820978343486786,4.744975090026856,-1.1860986948013306,1.2229092121124268,-10.476826667785645,-9.80522632598877,87.60395812988281,53.72065734863281,28.74114990234375,21.42877960205078,28.76401901245117,18.620115280151367,15.464255332946776,10.247326850891112,12.155370712280272,14.637528419494627,8.74582576751709,11.90963363647461,11.977520942687988,0.3284512162208557,0.2302732169628143,-0.0149791873991489,-0.0829612910747528,-0.1505995541810989,-0.1097623258829116,-0.0499254316091537,-0.028965076431632,-0.005973121151328,-0.0246336329728364,0.0130222691223025,-0.0016833448316901,-0.039434541016817,17.276872634887695,8.804058074951172,5.338479518890381,3.2780611515045166,4.755668640136719,2.9169185161590576,3.149446725845337,2.0496716499328613,2.264338254928589,3.037615776062012,1.6929410696029663,2.3053293228149414,2.5620152950286865,0.2511415481567383,0.1042859554290771,-0.1429587304592132,-0.0386257544159889,0.0688142925500869,0.0886184424161911,0.0552326999604702,0.023430136963725,0.0295037813484668,0.009462428279221,0.0097547564655542,0.0235441662371158,-0.014228381216526,10.406604766845703,4.029939651489258,3.312927961349488,1.943135380744934,2.05490517616272,1.3347556591033936,1.5887267589569092,1.0487295389175415,1.4340755939483645,1.718315362930298,0.9990113973617554,1.0836529731750488,1.4668872356414795,0.0266861332534588,0.0125154524415415,0.0689698499286719,0.0275637874744535,18.338929475274423,1,Hyperfunktionelle Dysphonie,2104,phrase
-421.26898193359375,107.7052001953125,1.8334479331970213,34.43516159057617,11.29581069946289,13.731642723083496,-3.2766425609588623,-5.16471529006958,9.953911781311035,0.4778225123882293,-5.930060386657715,-6.350065231323242,-7.932929039001465,106.62847137451172,59.28174209594727,31.371238708496094,27.614919662475582,20.81106758117676,17.904666900634766,16.06449317932129,17.080093383789062,11.88797092437744,11.60682773590088,11.255099296569824,8.991016387939453,11.07872200012207,0.224003329873085,0.1757630109786987,0.0595518164336681,0.0437446869909763,-0.00307263340801,-0.008679830469191,0.0158321280032396,0.0123649789020419,-0.0090777222067117,0.0005835484480485,-0.0025184557307511,-0.0057906615547835,-0.0092409877106547,16.7605037689209,8.0955171585083,5.425032615661621,3.5657742023468018,2.61079740524292,2.1139607429504395,2.6404454708099365,2.5699880123138428,1.7650060653686523,1.8603473901748653,1.9480098485946653,1.629540205001831,1.8529614210128784,-0.1047164499759674,-0.062130082398653,-0.0138656832277774,-0.0295023471117019,0.0065456684678792,0.0284946393221616,0.0237153526395559,0.013772846199572,0.0213914178311824,0.0189345926046371,0.0192832797765731,0.0117935435846447,0.0129826003685593,7.396382331848144,3.7113137245178223,2.561384677886963,1.7803844213485718,1.3748376369476318,0.9764965772628784,1.2396568059921265,0.9973108172416688,0.8632205128669739,0.8741487860679626,0.8192104697227478,0.814113974571228,0.9342235922813416,0.0107975414866433,0.0045588493388448,0.048417367767366,0.0142564188023246,21.63005832404597,1,Hyperfunktionelle Dysphonie,2105,phrase
-335.6812438964844,132.32142639160156,10.38302516937256,37.636993408203125,11.181085586547852,21.641027450561523,-7.001724243164063,-5.981008529663086,10.205653190612791,-1.5765485763549805,-4.605276584625244,-8.766764640808105,-7.641322135925293,89.01551818847656,53.717071533203125,35.365966796875,26.91883659362793,27.22537040710449,20.31233787536621,18.703269958496094,14.414007186889648,11.154102325439451,12.058978080749512,11.559947967529297,14.380440711975098,11.64561939239502,0.6524955034255981,0.3787696957588196,0.0692933574318885,0.1698539704084396,-0.0440386869013309,0.0074264337308704,0.0503632202744483,-0.0001348471705568,-0.0006410598871298,-0.0398599058389663,-0.0283001251518726,-0.034495934844017,-0.0341315902769565,16.376346588134766,8.65024471282959,6.015213966369629,3.966064929962158,4.394510746002197,2.5307185649871826,3.0590670108795166,2.7143349647521973,1.825364589691162,2.2212932109832764,1.9933542013168333,2.661620140075684,1.984306693077088,0.0164613351225852,0.0876429006457328,0.0107843307778239,-0.0455602519214153,0.0755626186728477,0.0324151888489723,-0.0017710805404931,0.0271077491343021,0.022507831454277,0.0294346138834953,-0.005911364685744,-0.0186553448438644,-0.0032753038685768,8.757308959960938,4.120645999908447,3.5779194831848145,1.8616302013397217,2.209901571273804,1.1839715242385864,1.728974223136902,1.379649043083191,0.933602809906006,1.2281185388565063,1.030921459197998,1.3662585020065308,1.059840202331543,0.020033282158662,0.0077273282981525,0.0640579059349556,0.0208149284297277,15.577967376259506,1,Hyperfunktionelle Dysphonie,2107,phrase
-383.87896728515625,121.77678680419922,30.41287422180176,34.303565979003906,10.73683738708496,13.771979331970217,-6.5983567237854,-6.095276832580566,3.6431033611297607,-7.924601554870605,-3.295095443725586,-3.894309043884277,-9.558741569519045,77.39666748046875,53.23334503173828,27.695941925048828,24.957618713378903,22.170209884643555,17.234485626220703,17.320261001586914,9.984460830688477,11.105859756469728,12.283040046691896,8.398772239685059,8.581226348876953,9.595420837402344,0.1660803705453872,0.1837635934352874,0.0995600372552871,0.0234120953828096,-0.0586251653730869,-0.0578252077102661,0.0052278148941695,-0.0022954388987272,-0.0142711326479911,0.0134214218705892,-0.0001457342441426,-0.0159772112965583,-0.0164221711456775,13.073748588562012,9.366613388061523,4.952995777130127,3.082901954650879,3.178790330886841,2.390181064605713,2.940370559692383,1.844395399093628,1.6325620412826538,2.541518211364746,1.4972642660140991,1.5496041774749756,1.930082082748413,-0.0342678539454937,-0.0352273546159267,-0.0107425367459654,0.0156611781567335,0.0370944738388061,0.0403770320117473,0.0379298105835914,0.0342259742319583,0.0193804930895566,-0.0034496979787945,-0.0206403136253356,-0.0214823931455612,-0.0122975148260593,7.04427433013916,3.907369375228882,2.8083643913269043,1.8332557678222656,1.5762932300567627,1.0006119012832642,1.3729475736618042,0.9521738886833192,0.9442605376243592,1.1936672925949097,0.8020404577255249,0.8327435851097107,0.9614271521568298,0.0144849137658125,0.0070652481509594,0.057319664305292,0.0198878353697048,22.85575891962379,1,Hyperfunktionelle Dysphonie,2114,phrase
-329.4287414550781,133.28952026367188,23.48211669921875,40.230995178222656,0.5207769274711609,24.260284423828125,0.9751731157302856,-13.067567825317385,1.7368658781051636,-1.3973034620285034,-6.08074426651001,-3.3396129608154297,-3.10293960571289,63.91706848144531,40.825809478759766,28.99729347229004,23.79932403564453,24.290771484375,17.5714168548584,14.843217849731444,18.877254486083984,9.681329727172852,10.825325965881348,12.80508041381836,14.166665077209473,6.996611595153809,-0.1916391551494598,-0.1122118607163429,-0.0599672645330429,0.0326372310519218,0.1469511687755584,0.0913401544094085,0.0695860385894775,0.0057833064347505,0.0286036226898431,0.0005864513805136,0.0135848531499505,0.0635936409235,0.0141074461862444,13.199881553649902,7.187334060668945,4.720764636993408,3.1919384002685547,3.4313535690307617,2.3841915130615234,2.456663131713867,3.306584358215332,1.5308091640472412,1.7896065711975098,2.245069026947021,1.972558736801148,1.1877858638763428,-0.1989772915840149,-0.1603218764066696,-0.023712670430541,0.0445153042674064,0.0711301863193512,0.0503817051649093,-0.0157624650746583,-0.0601635128259658,0.0137630058452487,0.0548229031264781,0.0109858252108097,0.018871271982789,0.03265031427145,7.0662126541137695,3.5953621864318848,2.748107433319092,1.7151930332183838,1.4763526916503906,0.9845243096351624,1.2203137874603271,1.5445475578308103,0.8518381714820862,1.0037072896957395,1.0627679824829102,1.0347641706466677,0.790160059928894,0.018108536651082,0.0090066252971566,0.0475576127946862,0.0168189561364164,22.15808310775181,1,Hyperfunktionelle Dysphonie,2121,phrase
-344.6800231933594,148.29624938964844,21.518590927124023,45.73599624633789,15.887396812438965,10.981101036071776,-5.251798152923584,-8.493243217468262,8.633637428283691,1.3753350973129272,-5.580092906951904,-5.773137092590332,-4.942997455596924,62.503204345703125,51.20583724975586,32.5633544921875,19.773902893066406,30.81896209716797,22.98343849182129,23.05377197265625,12.918693542480469,11.827550888061523,11.825061798095703,12.103716850280762,9.001710891723633,11.067577362060549,0.5034924149513245,0.43579763174057,0.0430624485015869,-0.023701848462224,-0.0344324149191379,-0.0678038224577903,0.016284430399537,0.0140224564820528,-0.0245479047298431,0.054115492850542,0.0969337373971939,0.0123626766726374,-0.0627632439136505,10.008340835571287,8.625264167785645,4.970447540283203,3.09407925605774,4.508390426635742,2.430101156234741,3.937626838684082,2.461406707763672,1.8739490509033203,2.0938313007354736,1.988558053970337,1.4172372817993164,1.886121392250061,-0.2992874681949615,-0.2911393046379089,-0.1374128013849258,-0.0523033849895,0.0364013761281967,0.045016311109066,0.0421720631420612,0.0478733927011489,0.0289856418967247,0.0160312000662088,0.0309339165687561,0.050709594041109,0.0389996394515037,5.736771106719971,3.824439764022827,2.9005067348480225,1.6580525636672974,1.7763537168502808,0.9762070178985596,1.7874170541763306,1.251534938812256,0.8376802206039429,1.188356876373291,1.1629889011383057,0.9889273047447203,0.8954046964645386,0.0202479099687235,0.0082501722851793,0.0685487680533261,0.0199746721028319,16.813854935234737,1,Hyperfunktionelle Dysphonie,2122,phrase
-373.9088439941406,136.7582244873047,26.26022720336914,41.03165054321289,11.798466682434082,5.75642728805542,-4.383816719055176,-5.0736823081970215,5.015076637268066,1.4020076990127563,-5.963376998901367,-3.964513301849365,-6.069787979125977,87.62828826904297,62.49504470825195,31.969152450561523,25.75403594970703,22.31371116638184,15.990341186523438,14.71217918395996,13.17448902130127,9.280641555786133,9.767010688781738,11.769524574279783,7.627457141876221,10.657140731811523,0.2594633400440216,0.3000866174697876,0.1039412692189216,-0.0240954421460628,0.0002034979552263,-0.0030529382638633,-0.0190015230327844,-0.0077294609509408,-0.007933847606182,0.0034608957357704,0.0041078361682593,-0.0141386426985263,-0.0293903741985559,11.331686973571776,9.370817184448242,5.08836030960083,3.178009510040283,4.280506134033203,2.191910982131958,2.3809971809387207,2.2182505130767822,1.7034908533096311,1.583766222000122,1.9806007146835327,1.362635850906372,1.7885807752609253,-0.097536027431488,-0.0757784470915794,-0.02073067240417,-0.0001892120635602,0.0366795770823955,0.0117348851636052,-0.0184302292764186,-0.0109072960913181,-0.0026400801725685,0.007751568686217,0.008975532837212,-0.010393489152193,-0.0391390658915042,6.486673831939697,4.122241020202637,2.688076972961426,1.9053630828857424,2.082404613494873,1.1767231225967407,1.3671869039535522,1.2574573755264282,0.9206252694129944,0.8257428407669067,1.1426031589508057,0.8320090770721436,1.0261398553848269,0.021683227457179,0.0084423063843959,0.0691341791772354,0.0180679246407186,18.733982250691778,1,Hyperfunktionelle Dysphonie,2124,phrase
-378.6294555664063,144.65638732910156,30.182493209838867,40.22949981689453,11.967127799987791,27.403165817260746,5.427791118621826,-8.73806381225586,1.0885961055755615,4.268624305725098,0.1332698613405227,-7.41135835647583,-2.523688554763794,62.34722137451172,46.77769470214844,32.24700927734375,20.333223342895508,21.098159790039062,22.017847061157227,15.509682655334473,16.370534896850586,11.063159942626951,10.071619987487791,6.038403034210205,11.13802719116211,8.298662185668945,0.4884558618068695,0.3548595011234283,0.0026355562731623,-0.0494213253259658,0.0045774360187351,0.0167857035994529,-0.004216612316668,0.0085609164088964,-0.0241503678262233,-0.0804623961448669,-0.030418287962675,-0.0429933667182922,-0.0373973697423934,10.756542205810549,7.1879754066467285,4.418798923492432,3.0270347595214844,3.1492908000946045,2.5828850269317627,2.5428473949432373,3.2213950157165527,1.9552863836288448,1.801430583000183,1.1619609594345093,1.825393795967102,1.3379480838775637,-0.0388153567910194,-0.055483303964138,-0.0945815220475196,-0.047210618853569,0.0100298868492245,-0.0031636054627597,-0.0014947234885767,0.0444274358451366,0.0187008585780859,-0.0179538335651159,-0.0067589054815471,0.0184430219233036,-0.0081358393654227,5.960291385650635,3.023939371109009,2.4030351638793945,1.5135928392410278,1.4073493480682373,1.200861930847168,1.3516591787338257,1.4183913469314575,1.0749865770339966,1.0806796550750732,0.6691335439682007,0.9201138615608216,0.7258825302124023,0.0390670050559384,0.0193316952300083,0.1122086822607433,0.0409910314754778,12.796363132618112,1,Hyperfunktionelle Dysphonie,2135,phrase
-398.3758544921875,123.8342056274414,17.416940689086914,47.65885925292969,23.939697265625,18.12068557739257,-3.5767834186553955,3.1659443378448486,6.9031982421875,-3.242295742034912,3.231938600540161,-4.402663230895996,-8.799052238464355,92.98551940917967,56.680782318115234,28.85015296936035,26.064945220947266,30.56780242919922,19.327787399291992,20.738704681396484,9.864763259887695,9.790156364440918,12.539892196655272,8.743291854858398,12.450606346130373,10.979059219360352,0.5336608290672302,0.429262638092041,0.0216893590986728,-0.0079071084037423,0.0477490834891796,0.0276588592678308,0.0084523055702447,0.0313196294009685,0.009855818003416,-0.0195776466280221,0.0415902994573116,0.0774265825748443,0.0109800612553954,15.096367835998535,8.641295433044434,4.952917575836182,3.507575035095215,4.405933380126953,2.633671283721924,2.962517499923706,1.621891736984253,1.5770307779312134,2.243794202804565,1.5013090372085571,2.165463924407959,1.8040742874145508,-0.1637465208768844,-0.1233966276049614,-0.0362281389534473,-0.0267859529703855,0.0200290419161319,0.031977605074644,0.027385925874114,0.0197400953620672,0.0127077465876936,-0.0099288104102015,-0.010863073170185,0.0260117333382368,0.0275841262191534,7.691234588623047,3.760986089706421,2.7116613388061523,1.8031198978424072,2.079862117767334,1.3640903234481812,1.255125641822815,0.8700872659683228,0.8543944954872131,1.084058165550232,0.7704038619995117,1.059459567070007,0.8452386260032654,0.024047749277575,0.0110047867341899,0.0555277565623397,0.0172391924991127,17.462056853482032,1,Hyperfunktionelle Dysphonie,2138,phrase
-367.5960693359375,112.68480682373048,16.453914642333984,45.98800659179688,7.975646018981934,14.94336223602295,-5.055059432983398,-0.5786997079849243,7.440969944000244,-7.541003227233887,-5.044537544250488,-6.637104034423828,-7.138031482696533,105.78170013427734,59.77398681640625,33.74236297607422,30.496288299560547,24.42264175415039,18.35506820678711,18.07410430908203,13.320951461791992,11.124814987182615,12.051593780517578,11.037178993225098,10.650460243225098,9.65324878692627,0.2297627180814743,0.2406147718429565,0.0994733199477195,0.0298621226102113,0.0259210467338562,0.0297748018056154,0.006017951760441,-0.0171672515571117,-0.0176806785166263,0.0066227549687027,0.0389239713549613,0.0283383429050445,-0.0127238500863313,16.03923988342285,8.318009376525879,5.099833965301514,4.281619071960449,3.1143958568573,2.1996877193450928,2.975902318954468,2.101517915725708,1.7773183584213257,1.7157374620437622,1.8822740316390991,1.9426065683364868,1.5162341594696045,-0.1143352687358856,-0.1316048204898834,-0.0918301865458488,-0.0571627281606197,0.0032362474594265,0.0518406108021736,0.0610464885830879,0.0332998558878898,-0.0011473955819383,-0.0019149251747876,0.0041318470612168,-0.0006087166839279,0.0047294339165091,6.896006107330322,3.44731068611145,2.089172840118408,2.1254982948303223,1.4332855939865112,1.060071349143982,1.3799200057983398,1.0287870168685913,0.8601789474487305,0.7778903841972351,0.8594071865081787,0.8834342360496521,0.7629356384277344,0.0246216289413735,0.0111885342098696,0.0764964892887753,0.0266079988502457,16.835741970768222,1,Hyperfunktionelle Dysphonie,2139,phrase
-381.6209106445313,136.16896057128906,19.24071502685547,43.75808334350586,16.33493995666504,16.697660446166992,-11.000375747680664,1.684587478637695,8.12867546081543,-8.140865325927734,-0.7262004017829895,-1.4187291860580444,-9.365777969360352,89.90408325195312,58.334617614746094,34.46293258666992,24.912006378173828,25.324932098388672,18.36785316467285,19.856277465820312,11.660605430603027,13.040311813354492,12.232735633850098,10.255776405334473,7.969665050506592,9.747459411621094,0.6970459818840027,0.3868256211280823,0.0412902124226093,0.1338876187801361,0.0377571284770965,0.0353477783501148,0.0179772824048995,0.0188717488199472,0.0130733987316489,0.0233506597578525,0.0798199325799942,0.0239573623985052,0.0046272068284451,17.646453857421875,9.571996688842772,5.601274967193604,4.080123901367188,3.771326065063477,2.1150946617126465,3.671564817428589,1.8908064365386963,2.0888683795928955,2.170252561569214,1.6116421222686768,1.4245532751083374,1.7323757410049438,-0.0970586389303207,-0.1536872535943985,-0.0273610204458236,0.031003214418888,0.0424819178879261,0.0510851107537746,0.0216043051332235,-0.0053533427417278,0.0007072410662658,0.0070212567225098,-0.0029347820673137,-0.0296851936727762,-0.015574799850583,9.086359977722168,4.034709930419922,2.879112482070923,2.2293593883514404,1.8144536018371584,1.0733052492141724,1.7419164180755615,1.040605545043945,1.0605493783950806,0.8904157280921936,0.7742905616760254,0.8648238182067871,0.8537824749946594,0.0177689070428264,0.0077242208907266,0.057611546725713,0.0177134511184002,18.2287691179588,1,Hyperfunktionelle Dysphonie,2151,phrase
-390.6164855957031,142.51272583007812,14.38842487335205,37.54850387573242,8.008573532104492,2.1769237518310547,-16.1953182220459,-2.894684076309204,6.031540870666504,-4.713428020477295,-12.426711082458496,-10.721454620361328,-4.285828113555908,78.87971496582031,53.27213668823242,30.415685653686523,31.517333984375,29.46144676208496,20.71005630493164,19.013198852539062,11.64844036102295,10.041008949279783,11.726317405700684,11.39642333984375,9.409833908081056,8.103774070739746,1.02872896194458,0.7613163590431213,0.2400386035442352,0.1779692471027374,0.0421014241874218,0.0606835037469863,-0.1034852564334869,-0.114565834403038,0.0044914288446307,-0.069625049829483,-0.0436054542660713,-0.099285639822483,-0.1888583302497863,13.480062484741213,10.496373176574709,4.860325336456299,3.415698528289795,4.779524326324463,3.1112897396087646,3.8230299949646,2.150428056716919,1.6580283641815186,2.361025094985962,1.936326503753662,1.7663592100143433,1.7279889583587646,-0.4003823101520538,-0.2109085768461227,-0.0080067878589034,0.017348812893033,0.1328615099191665,0.0495028793811798,0.0969217717647552,0.0704025849699974,0.0396275930106639,0.0475090518593788,-0.0259029045701026,0.0102788666263222,0.0243247859179973,7.190097332000732,5.259045600891113,2.6311745643615723,1.653456687927246,2.4955389499664307,1.2332545518875122,1.8142889738082888,1.2314969301223757,0.9943087100982666,1.0894626379013062,0.8816034197807312,0.9273734092712402,0.8702258467674255,0.0224416395175526,0.0117087687585725,0.0911643683530899,0.0331389157520542,16.054207504084633,1,Hyperfunktionelle Dysphonie,2184,phrase
-381.6511535644531,179.2809600830078,20.539026260375977,20.16418838500977,30.87262535095215,29.855751037597656,-6.430671215057373,-14.78954792022705,6.924704551696777,6.1601104736328125,0.7436079978942871,-1.1531933546066284,-0.8111613392829895,63.669410705566406,52.64573287963867,30.29498291015625,21.690248489379883,26.067562103271484,20.96596908569336,20.82333755493164,20.6004581451416,10.896259307861328,13.901056289672852,11.76715850830078,10.30310344696045,7.781270980834961,0.7937422394752502,0.6033318638801575,-0.1609681546688079,-0.2041786909103393,0.1283320486545562,0.1646918058395385,-0.0429700836539268,-0.0783943310379982,0.1106483489274978,0.1806057095527649,0.1069962456822395,0.0360052436590194,-0.0531336069107055,10.901844024658203,9.90849781036377,4.163156032562256,4.265192031860352,3.547616004943848,2.79510235786438,3.3871829509735107,3.299402236938477,1.9894273281097408,2.2355215549468994,2.3107259273529053,1.6351556777954102,1.479267716407776,0.0064158178865909,0.0152942650020122,-0.0048436201177537,-0.0179962534457445,0.0475747659802436,0.0636481866240501,0.0141554400324821,0.0145704513415694,-0.004691844806075,-0.0438292101025581,-0.0459184683859348,-0.030979748815298,-0.0213162675499916,5.337806701660156,4.305921077728272,2.145954132080078,2.056491613388061,1.4528377056121826,1.3766342401504517,1.5731309652328491,1.199716091156006,0.9422301054000854,1.0966506004333496,1.1081600189208984,0.7861189842224121,0.6853992938995361,0.0307688062877013,0.011019777327406,0.093665268462286,0.0297797845254995,13.202679591034116,1,Hyperfunktionelle Dysphonie,2185,phrase
-377.6512756347656,150.55995178222656,22.637500762939453,39.31723785400391,17.03717613220215,9.462921142578123,-0.6620462536811829,-3.801113128662109,1.727453589439392,0.2592587172985077,-0.0254467912018299,-1.1063563823699951,-4.365505695343018,93.30626678466795,59.9880256652832,29.53164291381836,18.5203914642334,22.91482734680176,22.21893119812012,16.426912307739258,11.059412002563477,10.295747756958008,14.205432891845703,10.304024696350098,9.22593593597412,12.057538986206056,0.678329348564148,0.5967250466346741,0.1258286386728286,0.0916367322206497,0.0957216247916221,-0.0415053442120552,-0.0394552759826183,0.0580880641937255,0.0390151664614677,-0.0080109471455216,0.0285010263323783,0.0558411069214344,0.0184926018118858,13.47333526611328,9.729165077209473,5.049810409545898,2.7123067378997803,3.762500286102295,2.990394592285156,2.6803297996521,2.0338141918182373,2.207076072692871,2.5262725353240967,1.8211818933486936,1.7856050729751587,2.3937621116638184,-0.1753649711608886,-0.2061710804700851,-0.1032955273985862,0.0202346947044134,0.0867574363946914,0.0734149515628814,0.0431694351136684,0.0227458570152521,-0.0067218872718513,-0.0496559776365757,-0.0248049739748239,0.0003609786217566,-0.0375878624618053,6.844568252563477,4.113924503326416,2.9678213596343994,1.6201703548431396,2.033381462097168,1.435905933380127,1.4480699300765991,0.9689422845840454,1.2613800764083862,1.576873779296875,0.9627492427825928,0.9725077152252196,1.2507259845733645,0.0259611070699251,0.0108661522549385,0.097159578752637,0.0292169861287332,15.076173657661432,1,Hyperfunktionelle Dysphonie,2186,phrase
-386.9299011230469,115.67440795898438,8.562786102294922,45.443626403808594,10.83282470703125,17.345529556274414,-10.606367111206056,-8.64585018157959,2.9185233116149902,-2.0521011352539062,-3.612144708633423,-5.768627166748047,-4.411486625671387,89.65729522705078,54.6123275756836,28.418472290039062,22.25749588012696,21.3830795288086,20.94097137451172,22.54565048217773,14.10431957244873,10.884073257446287,16.351848602294922,12.02721118927002,9.951143264770508,10.02309513092041,0.2873388230800628,0.2995624840259552,0.0987252369523048,0.0182424113154411,0.0631233602762222,0.0646156445145607,-0.0221230331808328,-0.0043528480455279,0.0232781786471605,0.0409516058862209,0.0275763720273971,-0.0227379072457551,-0.0216734651476144,15.782964706420898,8.554708480834961,5.331853866577148,3.683268785476685,3.164213180541992,3.144593000411988,4.185577869415283,2.4108216762542725,1.960743069648743,2.8545243740081787,2.034151792526245,1.7956514358520508,1.7822530269622805,-0.1680677086114883,-0.0617309994995594,-0.0020913679618388,-0.023589426651597,0.016546182334423,0.0191985610872507,0.0133056687191128,-0.0120321353897452,-0.0041904039680957,0.0224856063723564,-0.0026270186062902,-0.0191920176148414,-0.0069043980911374,9.550751686096191,3.765660762786865,3.1042191982269287,1.97831666469574,1.583316206932068,1.4036448001861572,1.991555333137512,1.1890382766723633,1.1818324327468872,1.417243242263794,0.9591673612594604,0.9179449081420898,0.8824036121368408,0.0144646979473203,0.006350704292557,0.0646938240746941,0.0190785541166261,17.898875850858893,1,Hyperfunktionelle Dysphonie,2215,phrase
-350.578369140625,137.21240234375,18.090559005737305,34.950130462646484,3.573092460632324,15.582853317260742,-15.78069019317627,-11.715790748596191,13.30566120147705,-5.172636032104492,-9.254959106445312,-5.489467620849609,-6.123753070831299,77.74287414550781,54.610294342041016,35.76665115356445,35.188575744628906,25.23153686523437,24.39244842529297,18.54362297058105,16.272424697875977,11.085843086242676,12.399161338806152,12.699101448059082,9.574796676635742,9.47204303741455,0.268434077501297,0.305131733417511,0.1535874754190445,0.0299307703971862,0.0051080784760415,-0.0509227104485034,-0.1262923181056976,-0.0409911349415779,0.1046992316842079,0.1302111893892288,-0.0710445493459701,-0.2003467231988906,-0.1111146211624145,13.708998680114746,9.002409934997559,5.238193988800049,3.4325385093688965,4.171154022216797,3.284745931625366,3.380526542663574,3.0889954566955566,2.188401222229004,2.2910854816436768,2.651836633682251,1.9017759561538696,1.9856315851211548,-0.1099637970328331,-0.1207174733281135,-0.1124251931905746,-0.0500729791820049,0.0236809626221656,0.0562121979892253,0.1212145090103149,0.0547325983643531,0.0150136668235063,-0.0020209236536175,-0.0599439702928066,-0.0162517372518777,-0.0151350367814302,8.633378982543945,4.292206287384033,3.2528090476989746,2.0463106632232666,2.1782686710357666,1.6087509393692017,1.90289044380188,1.8419058322906487,1.3588533401489258,1.2213740348815918,1.23445725440979,1.12554931640625,1.277409553527832,0.0196897745841934,0.0079745852250391,0.057436827129466,0.0160686837478366,16.662110699407563,1,Hyperfunktionelle Dysphonie,2221,phrase
-425.1853332519531,118.0662612915039,8.729192733764648,43.00064086914063,5.101569175720215,26.177715301513672,1.8101727962493896,-8.046574592590332,5.880296230316162,-2.98203444480896,-3.748611211776733,0.3019017577171325,-3.252691507339477,98.73451232910156,54.21759414672852,33.776729583740234,28.035036087036133,29.55475234985352,23.60078239440918,19.19022560119629,14.306962966918944,10.65633773803711,13.096232414245604,11.81867218017578,8.929587364196777,7.689789772033691,0.4996277093887329,0.41618213057518,0.0704498365521431,0.0658370852470398,0.1252254843711853,0.1370001137256622,0.0959879830479621,0.0116000678390264,0.0037559699267148,0.046471681445837,0.0268767997622489,-0.0150182349607348,-0.0548490360379219,15.402593612670898,9.02994441986084,5.211757659912109,3.908864498138428,4.575534820556641,3.2637381553649902,3.296873092651367,2.563403367996216,1.8793363571166992,2.4467644691467285,2.2360990047454834,1.6954432725906372,1.4890713691711426,-0.1164597570896148,-0.105194866657257,-0.0540312565863132,-0.0052684457041323,0.0327773317694664,0.0327608957886695,0.0487374775111675,0.0199223645031452,0.022365354001522,2.3793500076862983e-05,-0.0320989415049552,-0.0019035361474379,-0.002536944579333,7.264463901519775,3.709381103515625,2.759607553482056,2.0266151428222656,2.028583526611328,1.387208342552185,1.600144624710083,1.1537624597549438,1.107135772705078,1.3132877349853516,1.1874322891235352,0.8344950675964355,0.9292221665382384,0.0165364046982114,0.0060900516252349,0.0564017425772106,0.01679897704422,16.899295759976397,1,Hyperfunktionelle Dysphonie,2224,phrase
-388.2492980957031,114.98390197753906,18.61031723022461,49.69232940673828,9.47600269317627,19.549585342407227,-3.6392860412597656,-6.365879058837891,9.96298599243164,-4.867000102996826,-7.570528030395508,-4.515445232391357,-1.4994407892227173,90.37865447998048,52.63531112670898,29.426034927368164,27.29085350036621,23.84856033325196,22.53000259399414,19.95778083801269,13.979629516601562,8.962868690490723,15.2996187210083,12.113397598266602,10.151495933532717,8.760605812072754,0.3352973759174347,0.2117666006088256,-0.004537000786513,0.0018552750116214,0.0148706696927547,0.0767533481121063,0.0250075943768024,0.0277769211679697,0.0311487186700105,-0.0198985822498798,-0.0133754126727581,-0.0550144910812377,-0.0871831625699997,14.363142013549805,7.68582010269165,4.7782721519470215,3.778526306152344,3.954957962036133,2.750805616378784,3.36529278755188,2.4496452808380127,1.4017103910446167,2.696295976638794,2.212696552276612,1.8461428880691528,1.727016806602478,-0.1041008159518241,-0.0963276848196983,-0.0362901575863361,0.0241913050413131,0.0600013099610805,0.0544808357954025,0.0732238143682479,0.0313678905367851,0.005713119637221,0.008242423646152,-0.0206740126013755,-0.0064310547895729,-0.018816215917468,7.460971355438232,3.5754430294036865,3.0328826904296875,1.962777018547058,2.033447742462158,1.0485445261001587,1.7279059886932373,1.208396077156067,0.8724231719970703,1.5035227537155151,1.2431299686431885,1.0663472414016724,1.0170568227767944,0.0240751033403619,0.0114579433508539,0.0613670479190396,0.0172990863365857,19.14810955920576,1,Hyperfunktionelle Dysphonie,2225,phrase
-350.8275451660156,139.48800659179688,24.32320976257324,41.54583358764648,13.812994003295898,7.081419467926025,-6.875521659851074,-6.0629167556762695,1.4186652898788452,-5.98820161819458,-4.535032749176025,-3.813881158828736,-8.682369232177734,71.47700500488281,48.67440414428711,23.88665771484375,22.93898200988769,23.187957763671875,20.05225944519043,19.961368560791016,12.387444496154783,11.186124801635742,12.143510818481444,9.764135360717772,9.390220642089844,12.295742988586426,0.3523416519165039,0.2219889611005783,-0.0132714454084634,0.0179970934987068,0.0034218067303299,0.0215198025107383,0.022613862529397,0.0299307163804769,-0.0041163694113492,0.0057489820756018,0.0212511662393808,-0.0140529870986938,0.011388218961656,12.996933937072754,8.220975875854492,4.301139831542969,3.1614632606506348,4.0202717781066895,2.4666895866394043,3.532103538513184,2.3976891040802,1.9187387228012085,2.769662857055664,1.8760770559310915,1.387557864189148,2.325253963470459,-0.3362688422203064,-0.2293431907892227,-0.0932854786515235,0.00528559461236,0.0846218168735504,0.0695030763745307,0.0337508097290992,0.0120204053819179,0.0095467856153845,0.007812132127583,-0.0129374787211418,-0.0181278567761182,0.012085385620594,7.338583469390869,4.014312744140625,2.900143384933472,1.67473304271698,1.9812886714935305,1.19412100315094,1.8686435222625728,1.2354003190994265,1.182454228401184,1.5741353034973145,1.1317532062530518,0.7207273840904236,1.130282282829285,0.0296331776377843,0.0157158638449379,0.084186387926361,0.0313439153095009,15.11644897158123,1,Hyperfunktionelle Dysphonie,2228,phrase
-326.7970275878906,118.7686767578125,32.186126708984375,45.736663818359375,-0.8153802752494812,21.553083419799805,-3.632659435272217,-2.9163193702697754,1.2817363739013672,-5.878732204437256,-6.4368085861206055,-0.1103754341602325,-4.83055305480957,107.71159362792967,53.879127502441406,24.21989822387696,22.178041458129883,28.1800479888916,15.437878608703612,21.808887481689453,13.56466579437256,11.833233833312988,14.71674919128418,12.571364402770996,9.467371940612791,9.410059928894045,0.1471026688814163,0.184154987335205,0.0564188994467258,-0.027364756911993,0.0503865219652652,0.0882710069417953,0.051452200859785,-0.0109274266287684,-0.0614289306104183,-0.0377190709114074,-0.034322090446949,-0.06034891679883,-0.0486420579254627,20.21394729614257,9.215089797973633,4.150906562805176,3.757080078125,4.58226203918457,2.4166362285614014,4.020792484283447,2.7248690128326416,2.0984926223754883,2.8576791286468506,2.453773736953736,1.6324949264526367,1.5917539596557615,-0.0811419486999511,-0.056391853839159,-0.0193194095045328,-0.0249509941786527,-0.0119304750114679,-0.0437442474067211,-0.0293164271861314,0.0191695317625999,0.0180690642446279,0.0343926921486854,0.0460914857685565,0.0409719981253147,0.045157290995121,10.425640106201172,4.342226982116699,2.746623516082764,2.159039258956909,2.110508441925049,1.2663767337799072,2.072809219360352,1.3849056959152222,1.1383399963378906,1.6473711729049685,1.2879713773727417,0.9224459528923036,0.9344321489334106,0.0234522994792737,0.0117291580837465,0.1088365721225954,0.0555934722114,15.885238144879793,1,Hyperfunktionelle Dysphonie,2229,phrase
-374.6899108886719,144.8485565185547,19.725919723510746,47.79621505737305,14.840641975402832,14.49701976776123,9.581475257873535,-5.645090579986572,-0.998935341835022,7.4453206062316895,3.141778945922852,-3.405040740966797,-4.549314498901367,82.06305694580078,54.541133880615234,31.019058227539062,19.37461471557617,23.39285659790039,20.09370422363281,20.862699508666992,11.22842788696289,10.445449829101562,11.28062343597412,9.108683586120604,11.928956985473633,12.731168746948242,0.4794173240661621,0.2377951294183731,-0.0073391618207097,-0.0096721546724438,-0.0156055428087711,0.0066660312004387,0.0215715710073709,0.0211549494415521,0.0049732322804629,-0.0456708371639251,-0.0044865091331303,0.0461302027106285,0.0433843545615673,12.977107048034668,8.40942096710205,4.916058540344238,3.184781789779663,4.091401100158691,2.948261976242065,3.126330614089966,2.0991032123565674,1.6416141986846924,1.9366235733032229,1.617791771888733,1.7986879348754885,2.1502761840820312,-0.2137114405632019,-0.1874377876520156,-0.0515248514711856,-0.0336409546434879,0.040628470480442,0.0855127647519111,0.0574405826628208,0.0165135022252798,0.0069213765673339,0.0137117551639676,0.0068751568906009,-0.0215348657220602,-0.0216551013290882,7.071503639221191,3.636240959167481,2.915428400039673,1.715221643447876,1.7892264127731323,1.4339951276779177,1.7682939767837524,1.2183899879455566,0.9029171466827391,1.043957233428955,0.8491610884666443,0.935019850730896,1.0185893774032593,0.0209098657919221,0.0077154840215042,0.0957570774727739,0.0322744910853955,15.777482408137509,1,Hyperfunktionelle Dysphonie,2230,phrase
-402.8087158203125,128.82290649414062,12.990959167480469,32.98491287231445,15.018803596496582,23.686607360839844,4.507009029388428,-7.140305042266846,2.4854161739349365,2.898523330688477,-1.5263155698776243,-2.934072971343994,-2.264697551727295,101.7156753540039,65.42304992675781,28.60500907897949,22.50738906860352,18.440410614013672,16.105619430541992,13.629337310791016,15.52907657623291,10.53516674041748,10.967065811157228,8.952834129333496,9.328084945678713,7.887338638305664,0.2113120257854461,0.1072014421224594,-0.037631370127201,-0.0554102323949337,-0.0769626572728157,-0.0584451295435428,-0.0732820034027099,0.0208317786455154,0.0040195528417825,-0.0222978331148624,0.0449565313756465,0.0126486318185925,0.0321418233215808,14.836376190185549,9.141160011291504,4.803895950317383,2.824108839035034,3.3801772594451904,1.9540623426437376,2.1563496589660645,2.612080335617065,1.8525633811950684,2.0555222034454346,1.5543172359466553,1.6363343000411987,1.3104063272476196,-0.0046254587359726,-0.0396328382194042,-0.0294489581137895,-0.0051045711152255,-0.0313665829598903,-0.0295972321182489,-0.0158322732895612,0.0084332088008522,-0.0062814634293317,-0.0220474395900964,0.0238243583589792,0.0241165477782487,0.0003247623972129,7.376704692840576,3.59736442565918,2.808039426803589,1.7334963083267212,1.709365725517273,0.9380327463150024,1.1407455205917358,1.1214072704315186,0.9203298091888428,1.0889524221420288,0.7985013723373413,0.8155978918075562,0.7407878041267395,0.0228421962092025,0.0065034696016895,0.0833636834570405,0.0199679048160637,16.302013770892728,1,Hyperfunktionelle Dysphonie,2232,phrase
-341.5667724609375,135.53363037109375,30.12346267700196,42.02531433105469,13.11137866973877,17.623279571533203,1.370424509048462,-7.939841270446777,1.10546875,8.317855834960938,7.967468738555908,-3.807602405548096,-1.11164653301239,83.31649780273438,57.98099899291992,31.74283790588379,19.361268997192383,21.17336082458496,20.675025939941406,14.295896530151367,12.72213363647461,8.257369995117188,9.625703811645508,7.505648612976074,9.165457725524902,10.502596855163574,0.6110121011734009,0.4406688511371612,0.1158760115504264,0.1060816124081611,-0.0087893074378371,-0.0553354434669017,0.0025354113895446,0.0297072026878595,-0.0169481001794338,-0.0596238486468791,0.0219258312135934,0.0310707595199346,0.0013588042929768,11.489686012268066,8.89202880859375,4.374740123748779,3.289828062057495,3.654489755630493,2.452704429626465,2.3716142177581787,2.407463788986206,1.729642391204834,1.7216498851776123,1.4648215770721436,1.543671727180481,1.9350707530975344,-0.1596369594335556,-0.026948943734169,0.0555370822548866,0.0118372123688459,0.0189906116575002,0.040854450315237,0.0429339334368705,0.0031620787922292,-0.0205967742949724,0.004880029708147,-0.0094216149300336,-0.0344804190099239,-0.0434279553592205,6.644461154937744,3.945590972900391,2.5426247119903564,1.8589683771133425,1.7789744138717651,1.3601422309875488,1.4980459213256836,1.4293185472488403,0.893848717212677,1.046073079109192,0.877138078212738,0.8762720823287964,1.019764423370361,0.0467999566164485,0.0242416190784127,0.1257636275747177,0.0409132304010661,8.32456957566561,1,Hyperfunktionelle Dysphonie,2233,phrase
-365.5997009277344,151.14797973632812,25.34891128540039,38.97185516357422,11.687247276306152,15.454731941223145,10.578228950500488,-4.5900726318359375,-3.727562189102173,1.0119140148162842,7.840836048126221,3.428734540939331,-9.084264755249023,80.34002685546875,58.1650390625,25.801374435424805,19.92319869995117,23.392349243164062,16.54059410095215,18.50298309326172,11.621783256530762,13.48133373260498,13.771676063537598,7.270216464996338,9.771225929260254,11.46389389038086,0.1264635175466537,0.1370905190706253,0.1092411875724792,0.1103018894791603,0.1304630935192108,0.1299457252025604,0.0879724994301796,0.0618644244968891,0.0304516907781362,0.0495599173009395,0.0519855879247188,0.020941887050867,0.0060788160189986,9.856471061706545,8.257643699645996,4.215134620666504,2.5888102054595947,3.480947494506836,2.0651609897613525,2.600994825363159,1.9229670763015747,2.099018812179565,2.199645757675171,1.3768893480300903,1.5149201154708862,2.238582134246826,-0.0842654854059219,-0.0992220565676689,-0.0775140151381492,-0.0260444153100252,0.0362761877477169,0.0333512686192989,0.0072327172383666,-0.0033129411749541,0.0028761508874595,0.0045058610849082,-0.0079680429771542,-0.0183945596218109,-0.0131615931168198,3.959397077560425,2.920772075653076,1.9846625328063965,1.3534613847732544,1.5768550634384155,1.198955535888672,1.2509067058563232,0.9865514039993286,1.0051921606063845,1.0471131801605225,0.7757692337036133,0.7417699098587036,1.0169299840927124,0.0206992867219615,0.0079940541616497,0.0765514838068646,0.0254503307486422,18.88261160078016,1,Hyperfunktionelle Dysphonie,2239,phrase
-358.5702819824219,155.5849609375,26.15021133422852,55.01338577270508,16.277324676513672,18.1989974975586,-1.5816882848739624,-8.672757148742676,2.5153489112854004,6.141323566436768,-0.0660169273614883,-6.989378929138184,-6.370035171508789,75.04450225830078,52.47406768798828,29.01910972595215,23.407150268554688,25.34544944763184,19.833141326904297,16.703834533691406,11.775927543640137,9.428947448730469,12.348090171813965,9.001252174377441,10.211496353149414,11.22197151184082,0.533305823802948,0.4206606745719909,0.0483149923384189,-0.0442068316042423,0.0094720982015132,0.0127612138167023,-0.0707331225275993,-0.0430659502744674,-0.0432552434504032,0.0385705903172493,0.1371025294065475,0.1033133938908577,0.0379896499216556,15.155399322509766,9.163557052612305,5.35081148147583,3.4377012252807617,3.9568991661071777,2.7325236797332764,3.3635826110839844,1.9636503458023071,1.7390753030776978,2.436898708343506,1.6433546543121338,2.0534656047821045,2.019812822341919,-0.2655576169490814,-0.148098424077034,0.0117416884750127,0.0371758118271827,0.08823973685503,0.0847450271248817,0.0441172942519187,-0.0166504383087158,0.010104825720191,0.0130112059414386,-0.0105640646070241,-0.0148992771282792,-0.0225237589329481,8.120372772216797,4.044983386993408,2.8919098377227783,1.9018644094467163,1.945194721221924,1.404464840888977,1.7909495830535889,0.961250066757202,0.8427664637565613,1.3979425430297852,0.7908638715744019,1.106645584106445,1.0008254051208496,0.0206221587516668,0.0078067790923738,0.0833783659426619,0.0246974097073048,15.927791338690106,1,Hyperfunktionelle Dysphonie,2240,phrase
-421.0193786621094,142.45474243164062,15.83755111694336,26.8005313873291,32.39010238647461,16.485836029052734,-3.282244682312012,-5.087337493896484,-2.6974380016326904,2.366728544235229,4.712728977203369,-7.153210163116455,-3.930597305297852,108.05482482910156,73.56214141845703,25.65267562866211,20.16741371154785,24.74082374572754,15.307955741882324,16.72112274169922,12.88154125213623,11.246472358703612,9.66317653656006,7.702309608459473,12.790090560913086,11.240412712097168,0.2991405427455902,0.3276835680007934,0.0096586616709828,-0.078533224761486,0.0593581385910511,0.0620153322815895,0.0802342593669891,0.0110408021137118,-0.0088906353339552,0.0142504004761576,0.0097588431090116,0.0493321195244789,-0.034808799624443,16.33118438720703,10.084317207336426,5.468979358673096,3.0441455841064453,3.637962818145752,2.035946846008301,2.710591554641724,2.1895744800567627,1.9118497371673584,1.760920763015747,1.4472253322601318,1.840659618377685,2.048187732696533,-0.1653652936220169,-0.1523043364286422,-0.0980319827795028,-0.0230763796716928,0.0469893775880336,0.0080142002552747,0.0335241705179214,0.0153577076271176,0.0012025748146697,0.0036070244386792,-0.0277143754065036,-0.0156105952337384,-0.010612316429615,6.40116024017334,3.549015522003174,2.723989725112915,1.6240248680114746,1.6112855672836304,1.0467557907104492,1.226224064826965,1.0655317306518557,0.9444135427474976,0.9230759739875792,0.8055608868598938,0.8975471258163452,0.8652721047401428,0.021343392447059,0.0063764282732242,0.0764453421966275,0.0198489793601076,15.426745254248956,1,Hyperfunktionelle Dysphonie,2241,phrase
-328.47869873046875,139.3549041748047,15.707210540771484,45.57209777832031,15.752519607543944,18.80267333984375,-8.48084831237793,-1.2935128211975098,8.361716270446777,-3.989172220230103,3.879254817962648,-3.5501511096954346,-10.838006973266602,77.99604034423828,54.19072723388672,30.14923858642578,25.933874130249023,22.853471755981445,15.633761405944824,19.25469017028809,11.199017524719238,12.711530685424805,10.39088249206543,8.741796493530273,7.53908109664917,13.709758758544922,0.3665357232093811,0.269208550453186,0.0437504202127456,0.0284057557582855,0.0383079499006271,0.0858758836984634,0.0556960999965667,0.0066786240786314,0.0073556937277317,0.014235071837902,0.0434670560061931,0.0433320924639701,0.0267939120531082,14.78325653076172,9.053128242492676,5.372415542602539,3.3663489818573,3.7893667221069336,2.1299519538879395,3.268604278564453,2.09243392944336,1.8746325969696045,1.848341464996338,1.545440435409546,1.5932528972625732,2.492577314376831,-0.1093776822090148,-0.0793805420398712,-0.1176927387714386,-0.0860292017459869,0.0461401715874671,0.017698572948575,0.0467669963836669,0.0343917123973369,-0.0050215348601341,0.0044048242270946,0.0046072509139776,0.0007555913180112,-0.0253041386604309,6.724361896514893,3.6939074993133545,2.842323064804077,1.5717371702194214,1.7724517583847046,1.070218801498413,1.5626615285873413,1.0373934507369995,1.0026077032089231,0.8344601988792419,0.8665620684623718,0.8467066287994385,1.0814459323883057,0.0215425788701644,0.0085764950646128,0.0524043123762604,0.0151613531223688,21.31933368587046,1,Hyperfunktionelle Dysphonie,2245,phrase
-338.5038757324219,154.83863830566406,34.57765197753906,42.19782257080078,10.90830421447754,15.073981285095217,3.683126449584961,-10.642123222351074,-0.895656406879425,10.559431076049805,4.297743797302246,-8.983285903930664,-7.664059638977051,84.3639907836914,52.37537384033203,34.5157585144043,18.789724349975582,21.809890747070312,22.07138442993164,13.74160385131836,15.499302864074709,10.078143119812012,9.946887016296388,6.929743766784668,10.224453926086426,9.049124717712402,0.3051081597805023,0.2937505543231964,0.0804329290986061,-0.0046787695027887,0.0051682465709745,0.0164680462330579,0.0064597963355481,-0.05697987601161,-0.0556273162364959,-0.0139753343537449,-0.011243425309658,-0.000165176927112,0.0083059296011924,11.192553520202637,7.8736748695373535,3.833218336105346,3.0943517684936523,2.660568952560425,2.103153944015503,2.4130070209503174,3.168119192123413,1.7967474460601809,2.0126993656158447,1.3907592296600342,1.6517612934112549,1.5644464492797852,0.0198998861014843,0.0831019207835197,-0.0250042304396629,-0.080271229147911,0.0606877617537975,0.0739292725920677,0.0390448719263076,-0.0542615801095962,-0.0346060767769813,0.0426744669675827,-0.0052460120059549,-0.0130844786763191,-0.0225195214152336,4.895164489746094,3.491183519363404,1.7396554946899414,1.376258373260498,1.219212770462036,0.9807322025299072,1.2901241779327393,1.6971392631530762,0.9996871948242188,1.183906078338623,0.9158381819725036,0.9514371156692504,0.7919809222221375,0.0595586516743831,0.0295629402088341,0.1113685236436944,0.0444459650624286,10.569872921420972,1,Hyperfunktionelle Dysphonie,2270,phrase
-419.747802734375,127.01544189453124,9.48369026184082,35.23070526123047,7.777563571929932,14.774843215942385,-0.4639539718627929,-11.41590690612793,-0.8350188136100769,2.088362693786621,-0.2045225203037262,-11.30286693572998,-3.400155782699585,72.78524017333984,45.2926025390625,26.13853454589844,19.332279205322266,26.235082626342773,17.7949275970459,15.091164588928224,13.03324031829834,13.389934539794922,12.258769989013672,9.09804344177246,7.744619846343994,7.164680004119873,0.8520053625106812,0.5306267738342285,0.2156587988138198,0.1292242854833603,0.1147464364767074,0.0771228000521659,-0.0329144559800624,-0.0782224014401435,-0.0549558289349079,-0.087972916662693,-0.105021558701992,-0.0828112214803695,-0.0339598543941974,13.04962158203125,8.320696830749512,4.586783409118652,2.8033719062805176,3.698254823684693,2.6006150245666504,2.8062634468078613,2.642158269882202,2.279904842376709,2.20595121383667,1.7777143716812134,1.851978182792664,1.6177420616149902,-0.4106740653514862,-0.1860767155885696,0.0020285276696085,-0.0093905292451381,0.0447393879294395,0.0561436079442501,0.0789559707045555,0.0295687541365623,0.0123500293120741,0.0137504357844591,-0.0226903073489666,0.0159320440143346,-0.0154092935845255,7.37155818939209,3.69789719581604,2.93971586227417,1.671403169631958,1.7618943452835083,1.128726363182068,1.5522432327270508,1.4603718519210815,1.1222524642944336,1.101423978805542,1.044892191886902,0.9547654986381532,0.926500916481018,0.0178242483716548,0.0076112651576373,0.0662339550385096,0.0173917938980328,18.583448513881216,1,Hyperfunktionelle Dysphonie,2272,phrase
-369.0366516113281,129.08255004882812,17.96211051940918,52.95286560058594,0.8445380330085754,21.084815979003903,-3.588208198547364,-4.9034342765808105,9.490797996520996,3.1742806434631348,-2.966125726699829,-9.63622760772705,-1.4941104650497437,81.47911071777344,52.27272415161133,31.95503234863281,22.029024124145508,26.815656661987305,16.19834327697754,14.46132755279541,14.855179786682127,11.280980110168455,11.546762466430664,10.820218086242676,10.3464994430542,9.74886989593506,0.3700279891490936,0.1249977201223373,-0.1856815665960312,0.0008587178890593,0.2311882674694061,0.1573420017957687,0.2105377167463302,0.0446884147822856,0.106167547404766,0.0961312130093574,0.0576370097696781,0.0691662430763244,0.0076285833492875,16.261075973510742,9.321551322937012,5.5170512199401855,3.5433006286621094,4.011374950408936,2.543274164199829,2.7779788970947266,2.9263055324554443,2.0715668201446533,2.110654592514038,2.246489763259888,2.2938802242279053,1.6989012956619265,-0.3490742146968841,-0.2804135978221893,0.0267447289079427,-0.0078025232069194,-0.0685585960745811,-0.0389389134943485,-0.0503220222890377,-0.0096117779612541,-0.0510446205735206,-0.0330627374351024,0.0102737555280327,0.0287653673440217,0.0332961045205593,9.53860855102539,4.317043304443359,3.6695728302001953,2.130775451660156,1.9723092317581177,1.2096105813980105,1.6232478618621826,1.4909217357635498,1.2026630640029907,1.2217469215393066,0.9871937036514282,1.1077666282653809,0.8782328367233276,0.0190492132930159,0.0077576477933759,0.0707666661280208,0.0218410924087539,17.120084208088407,1,Hyperfunktionelle Dysphonie,2288,phrase
-390.9957275390625,135.53759765625,-0.2438576072454452,36.97077941894531,12.898148536682127,24.65268325805664,-21.56793785095215,-5.452147006988525,8.264084815979004,-11.230560302734377,-11.81029987335205,1.1999691724777222,-12.410881996154783,94.3364028930664,53.958770751953125,40.34844970703125,29.11493873596192,27.92086410522461,16.41718101501465,21.33945846557617,14.490439414978027,12.007987022399902,12.988692283630373,10.946982383728027,8.018778800964355,12.31696319580078,0.6872950792312622,0.5211494565010071,0.1806090772151947,0.0887598544359207,-0.0252570360898971,0.0063177510164678,-0.0547780506312847,0.0319083072245121,0.0304144602268934,-0.0104122459888458,-0.0208986140787601,-0.0411374829709529,-0.0294248182326555,17.55938720703125,8.889405250549316,7.192722320556641,3.913963079452514,3.735497951507568,2.215569972991944,4.277835845947266,2.477213382720948,2.153198719024658,2.37858247756958,2.183076858520508,1.6060678958892822,2.4649438858032227,0.0770585089921951,-0.0428454615175724,-0.1175517365336418,-0.0752386376261711,-0.0581981912255287,-0.0355389863252639,-0.0793127343058586,-0.0401091426610946,-0.0208047498017549,-0.0320931784808635,-0.0130327465012669,-0.0179886668920516,-0.0184211451560258,9.88311767578125,3.8156211376190186,4.058268070220947,2.154060840606689,1.9666273593902588,1.1090168952941897,2.370372772216797,1.2180174589157104,1.2045751810073853,1.3294711112976074,1.123709797859192,0.9607674479484558,1.2403916120529177,0.0171241272046363,0.0075759129755696,0.0644730231068402,0.0211305898657006,18.412681623934645,1,Hyperfunktionelle Dysphonie,2292,phrase
-379.660400390625,122.92644500732422,29.6998348236084,46.12163925170898,18.65436172485352,20.26730728149414,-1.953291654586792,-2.135960578918457,4.774082660675049,-7.843724250793457,-8.883854866027832,-3.9954755306243896,-4.694824695587158,85.0836410522461,50.47320175170898,31.401010513305664,29.617061614990234,25.43391799926757,18.51565933227539,20.672626495361328,12.077123641967772,10.309571266174316,12.616178512573242,12.128337860107422,8.224985122680664,8.17585563659668,0.2268398702144622,0.1842149794101715,0.0653389021754264,0.0157871376723051,0.0629426911473274,0.0826390013098716,-0.0170861296355724,-0.0605133697390556,-0.0223458763211965,0.0213986635208129,0.0402359142899513,-0.0191783122718334,-0.0385093949735164,12.594356536865234,6.83744478225708,5.015212059020996,3.402373075485229,3.423795461654663,2.2758164405822754,3.453437566757202,2.179637670516968,1.5468684434890747,1.9906644821166992,2.067688465118408,1.4728220701217651,1.3260130882263184,-0.1026214137673378,-0.0664966627955436,-0.0403802283108234,-0.028896102681756,0.0236720293760299,0.0392265506088733,0.0243573524057865,0.0056739835999906,0.0204532630741596,0.023551408201456,0.0033512173686176,-0.0129044698551297,-0.0017866437556222,6.320812702178955,3.0102732181549072,2.45410704612732,1.5889606475830078,1.461060881614685,1.1656795740127563,1.6494801044464111,1.0843361616134644,0.810007631778717,1.1310744285583496,1.099749207496643,0.7689037322998047,0.7967028617858887,0.0206535449651957,0.0095041142914208,0.0618829608900182,0.0221633219917732,16.87579295103418,1,Hyperfunktionelle Dysphonie,2293,phrase
-386.01806640625,136.66880798339844,21.54517364501953,43.55453109741211,10.38738250732422,12.629658699035645,-5.900110721588135,-11.417104721069336,-1.898358464241028,-3.429249763488769,-2.883615732192993,-9.015413284301758,-6.800532341003418,78.47024536132812,48.403621673583984,30.17860221862793,20.168561935424805,29.243968963623047,20.270307540893555,16.274965286254883,11.223854064941406,13.365395545959473,9.528343200683594,8.818197250366211,9.818037033081056,9.281272888183594,0.7185871601104736,0.5884358286857605,0.0701514855027198,0.0407837517559528,0.107729934155941,-0.004707705695182,-0.1281615793704986,-0.108870655298233,-0.0529864951968193,-0.0467990785837173,-0.019541984423995,0.0346630588173866,-0.0010064489906653,14.490819931030272,8.645718574523926,6.0798163414001465,2.977193832397461,4.22370719909668,2.648141384124756,3.186640977859497,2.559813499450684,2.440117120742798,1.9656436443328853,1.6444085836410522,1.9533244371414185,1.7365591526031494,-0.1090725809335708,-0.1525125056505203,-0.1335624307394027,-0.0643908828496933,-0.0021127567160874,0.0123628117144107,0.0068498873151838,-0.0010929949348792,-0.0276658535003662,-0.0472991690039634,0.0007509656134061,0.0289778616279363,0.0286845117807388,9.142671585083008,4.3279876708984375,3.678361654281616,1.7565075159072876,1.9024988412857056,1.2734344005584717,1.5162619352340698,1.27497136592865,1.294941782951355,1.0629454851150513,0.9461342692375184,1.0488301515579224,0.9997089505195618,0.0273667949998008,0.0136958763545384,0.0883603395943563,0.0373033643418193,16.466002856935653,1,Hyperfunktionelle Dysphonie,2298,phrase
-403.77490234375,101.8451919555664,17.2308406829834,49.18817138671875,8.334650039672852,9.275213241577148,5.246119022369385,-1.3749788999557495,8.350229263305664,5.017742156982422,-6.14982271194458,-4.688675403594971,-1.3014538288116455,87.85125732421875,52.9312858581543,27.671226501464844,22.97962188720703,20.91185188293457,15.146939277648926,15.862921714782717,11.341059684753418,9.860666275024414,10.270261764526367,10.923686027526855,7.12271785736084,6.574485778808594,0.3174718022346496,0.2021493911743164,0.035653606057167,0.0260215699672698,-0.0276239346712827,0.0152122555300593,-0.0052034431137144,-0.0110999485477805,-0.0127517357468605,-0.027200186625123,0.002313139848411,-0.0257005989551544,-0.0328517369925975,12.545888900756836,7.519593238830566,4.424909591674805,2.942590951919556,3.042114019393921,2.185743570327759,2.810899496078491,2.1026060581207275,1.6303519010543823,1.5954580307006836,1.8600327968597408,1.206931471824646,1.1659477949142456,-0.1057530120015144,-0.0304968282580375,0.0219792481511831,-0.0231846403330564,-0.0036396898794919,0.0043039731681346,0.0087956683710217,0.0157930925488472,0.0073175784200429,-0.0055953548289835,0.0044016223400831,0.0135013442486524,0.0111929140985012,5.636875629425049,3.263071298599243,2.0054659843444824,1.666471242904663,1.441214680671692,1.1925873756408691,1.2418112754821775,0.9644904136657716,0.885995090007782,0.9063469171524048,0.9227168560028076,0.7409673929214478,0.6576939821243286,0.0304905602801701,0.0155539366964041,0.0711772509462525,0.0229632135667107,16.559106695909986,1,Hyperfunktionelle Dysphonie,2307,phrase
-354.2904968261719,103.21463775634766,33.403099060058594,40.579193115234375,1.0254249572753906,10.854435920715332,-0.7616779804229736,-5.531160831451416,5.765318870544434,-1.181755781173706,-10.954712867736816,-7.668294906616211,-3.723294973373413,65.1775131225586,52.24206161499024,27.11797332763672,25.28400611877441,24.69623756408692,19.12341690063477,14.942225456237791,12.334537506103516,8.700617790222168,9.72592830657959,13.242984771728516,10.4395170211792,10.14034652709961,0.2444797456264495,0.0438123196363449,0.0682201087474823,0.1128044426441192,0.0059092286974191,0.0627336204051971,-0.0241295229643583,-0.0544186644256114,0.0406848415732383,-0.0531299374997615,-0.0774449631571769,-0.0156395770609378,-0.016024237498641,11.89997673034668,8.052081108093262,4.819141864776611,3.211606502532959,3.3685691356658936,2.669239044189453,2.6261746883392334,2.3324639797210693,1.741884708404541,1.730573654174805,2.256216049194336,1.760044813156128,1.678938627243042,-0.2367121428251266,-0.138650044798851,0.019060319289565,0.0027270638383924,0.0460090711712837,0.0902325734496116,0.0061509911902248,0.0038374592550098,0.0641114339232444,0.0373237282037735,0.0020497562363743,0.0060639344155788,-0.0017407484119758,7.1621503829956055,3.590498447418213,2.694398880004883,1.8790534734725952,1.5074301958084106,1.4976166486740112,1.223076105117798,1.2804303169250488,1.0278831720352173,0.9872682690620422,1.060302495956421,0.8823693990707397,0.7518187165260315,0.0290647530077231,0.0137642102419003,0.0861345760257008,0.0330912383062797,14.673573586224464,1,Hyperfunktionelle Dysphonie,2317,phrase
-344.9165954589844,119.37789154052734,12.51319408416748,36.50022506713867,2.649168968200684,15.38671875,-3.313937902450561,-5.946048736572266,0.9939822554588318,3.447845220565796,-5.0365729331970215,-13.827653884887695,-1.313791275024414,105.43749237060548,60.283203125,30.50758552551269,26.194150924682617,24.12448501586914,15.715017318725586,18.2878646850586,12.443798065185549,8.195752143859863,9.65852165222168,11.14380931854248,14.164445877075195,9.09719944000244,0.4969935715198517,0.3169758915901184,0.0288296081125736,0.0421872437000274,0.0137173300608992,0.09097770601511,0.0741133391857147,0.0591462217271328,0.0362476855516433,0.0114171039313077,-0.0497232005000114,-0.1135392114520073,-0.0464212223887443,16.943939208984375,9.532689094543455,5.508532524108887,3.20601773262024,3.817707061767578,2.1337759494781494,3.032763719558716,2.497575521469116,1.3756299018859863,1.7759026288986206,2.0278360843658447,2.468822479248047,1.5499237775802612,-0.4051800966262817,-0.1986753791570663,0.0025586327537894,0.0162501130253076,0.1075344085693359,0.0662163496017456,0.0818001627922058,0.0201504863798618,0.0144483400508761,-0.0139868073165416,-0.0143008884042501,0.0101439021527767,0.003019283991307,8.997734069824219,3.732240676879883,3.2435572147369385,2.035966157913208,2.0488338470458984,1.2540500164031982,1.6165275573730469,1.225014567375183,0.943850576877594,0.9326093792915344,0.9388635754585266,1.0615155696868896,0.7456865906715393,0.0229414393689805,0.0102994170367597,0.096666107185268,0.0358757020255217,14.895816416108936,1,Hyperfunktionelle Dysphonie,2331,phrase
-317.4979248046875,130.15150451660156,2.1042613983154297,31.74839401245117,12.50041961669922,17.217470169067383,-6.421890258789063,-3.1892478466033936,3.826713085174561,-4.401424407958984,-8.451662063598633,-9.35075855255127,-4.127767086029053,92.21759796142578,55.09642028808594,34.209495544433594,36.0289192199707,23.802949905395508,17.492841720581055,14.989789009094238,12.134336471557615,8.36988639831543,10.84817600250244,12.0167875289917,10.062058448791504,9.08818244934082,0.6719673275947571,0.5458474159240723,0.0747803971171379,0.0487067736685276,0.1548636853694915,0.1455049067735672,0.0648264810442924,0.0485659427940845,-0.0255176406353712,-0.0416737310588359,0.0010224543511867,0.0278265979140996,0.0045724003575742,16.090103149414062,8.966753005981445,5.2949724197387695,4.231431007385254,3.895989418029785,2.857439517974853,2.6307690143585205,2.056115865707397,1.574148178100586,2.089285135269165,2.4439005851745605,2.0036418437957764,1.9425832033157349,-0.2838696241378784,-0.1672303080558776,-0.0761792138218879,-0.0563731156289577,0.0327557474374771,0.0672749951481819,0.0663754642009735,-0.0402707159519195,0.0076213274151086,-0.0329715795814991,-0.0566733554005622,-0.0227671172469854,-0.0125068351626396,10.719401359558104,4.686185359954834,3.497056245803833,2.229020595550537,1.7572826147079468,1.2952805757522583,1.449984788894653,1.2791030406951904,0.8941774964332581,1.298492670059204,1.2784948348999023,1.010997295379639,1.1280517578125,0.0204605161326713,0.0084796015093781,0.0694152139608789,0.0259759414302364,17.36038396715882,1,Hyperfunktionelle Dysphonie,2338,phrase
-394.1793518066406,124.9509506225586,31.832109451293945,39.22345733642578,16.806808471679688,9.956578254699709,-10.567885398864746,-3.894118547439575,6.134382247924805,-5.536372184753418,-5.833691596984863,0.1200949773192405,-8.341656684875488,94.85423278808594,53.41625213623047,28.119388580322266,19.89249038696289,25.053998947143555,19.80108070373535,19.64512062072754,11.035290718078612,9.911691665649414,15.086976051330566,11.080903053283691,8.204716682434082,9.309855461120604,0.4276836812496185,0.3957467079162597,0.131971850991249,0.0616912543773651,-0.0010367494542151,-0.0138034485280513,0.0213886220008134,0.0231608022004365,0.0436286963522434,0.0392466783523559,0.0229291580617427,0.0078773731365799,-0.0638905689120292,14.814404487609863,8.891532897949219,5.2651777267456055,3.011435270309448,3.948888063430786,2.811833143234253,3.676503419876098,2.3041539192199707,1.9360949993133545,2.872791051864624,2.0308592319488525,1.59835946559906,1.970776915550232,-0.11304821819067,-0.1516135931015014,-0.1326041370630264,-0.0552535280585289,0.0203570015728473,0.0172989256680011,0.0283566787838935,0.0422080270946025,0.0177632607519626,-0.0071700122207403,-0.0135928923264145,0.0068301763385534,0.0197316352277994,7.752041816711426,3.739927291870117,3.093407392501831,1.8557324409484863,1.709497094154358,1.103534698486328,1.638663649559021,1.2732454538345337,1.0339574813842771,1.491107940673828,0.9959241151809692,1.0912351608276367,0.9716274738311768,0.022846887926298,0.0085845769641687,0.0589248839763267,0.018520287616989,19.03370551098224,1,Hyperfunktionelle Dysphonie,2363,phrase
-388.9046630859375,121.9673080444336,23.98433494567871,39.93986892700195,16.127214431762695,15.821989059448242,-3.5927858352661133,-8.34531307220459,-0.005209625698626,-7.674627780914307,-8.337628364562988,-9.636307716369627,-4.368232250213623,93.60985565185548,56.19358444213867,29.12036323547364,20.344194412231445,20.00806427001953,16.167282104492188,14.883524894714355,13.726420402526855,9.133696556091309,13.414464950561523,11.77281665802002,9.32284164428711,12.834301948547363,0.199851393699646,0.1700484901666641,0.060420099645853,0.0564343743026256,0.0363195687532424,0.0042178942821919,-0.0368513353168964,-0.016617763787508,0.0126803154125809,-0.0118307946249842,0.0117830596864223,0.0637971684336662,0.0726555660367012,15.166176795959473,8.910361289978027,5.130204677581787,2.7899484634399414,3.272855281829834,2.0231528282165527,2.705090045928955,2.0298993587493896,1.5066622495651243,2.6005492210388184,2.14212703704834,1.6518036127090454,2.216346025466919,-0.184943750500679,-0.083561971783638,0.0509484149515628,0.0323992706835269,0.0420180521905422,-0.0014493425842374,-0.0326221697032451,-0.0532809235155582,-0.042917538434267,-0.0390625298023223,-0.0261237658560276,0.0195631049573421,0.0206678975373506,8.20135498046875,4.011903762817383,2.6406702995300293,1.573723554611206,1.5106176137924194,1.062480092048645,1.4934735298156738,1.030745506286621,0.7906871438026428,1.255261778831482,1.0974664688110352,0.7862152457237244,1.101999282836914,0.0166439650610326,0.0068638364553816,0.0836652350252035,0.0236594067082603,19.143736146867404,1,Hyperfunktionelle Dysphonie,2370,phrase
-386.3797607421875,107.29173278808594,36.25934982299805,37.05839920043945,21.464147567749023,11.111881256103516,-5.666654109954834,-5.080199241638184,4.583057403564453,5.045383453369141,3.796372652053833,-6.268943309783936,-1.7090967893600464,75.35304260253906,51.24625778198242,22.926408767700195,15.662124633789062,21.36305046081543,20.752338409423828,13.373163223266602,10.581978797912598,10.61573314666748,12.68024444580078,8.530904769897461,12.640117645263672,9.626612663269045,0.2123464047908783,0.195851594209671,0.0633157864212989,0.040326602756977,0.0045407703146338,-0.0501578450202941,-0.0450386591255664,-0.0189444851130247,-0.008952222764492,-0.0134251443669199,-0.0405933298170566,-0.0676945596933364,-0.0601545274257659,11.777669906616213,7.634449005126953,3.842862129211426,2.925410270690918,3.353703022003174,2.977933883666992,2.343046188354492,1.89321768283844,1.9168459177017207,1.8946220874786377,1.48978590965271,2.177444696426392,1.634498953819275,-0.05641895160079,-0.0117503469809889,0.0023117123637348,-0.0206817369908094,0.0304358657449483,0.0074557992629706,-0.0019466733792796,0.0247184857726097,0.0068274489603936,0.0112877525389194,0.0059055304154753,-0.0150028383359313,-0.0051407641731202,5.739476203918457,3.481617212295532,2.181288242340088,1.4405083656311035,1.4371371269226074,1.3268557786941528,1.071746826171875,0.9916988015174866,0.9133771061897278,0.9089943766593932,0.7936369776725769,0.9697305560112,0.7597227096557617,0.0194775520131275,0.0078570019306754,0.0524841470589516,0.0168800701576537,19.22924446445408,1,Hyperfunktionelle Dysphonie,2374,phrase
-342.7420959472656,122.73677825927734,20.167217254638672,32.43052291870117,12.613390922546388,26.81334114074707,-11.627445220947266,0.6386296153068542,5.904209613800049,-2.5940957069396973,2.066857099533081,-8.365768432617188,-6.278792381286621,87.24281311035156,47.91202545166016,27.75521850585937,28.0041446685791,21.07968711853028,16.775938034057617,24.260330200195312,10.81992244720459,13.55885410308838,12.239192962646484,9.306708335876465,10.445313453674316,9.850229263305664,0.4082494974136352,0.4055843651294708,0.0733086690306663,-0.1087769716978073,-0.0827485248446464,-0.040711410343647,-0.0269828829914331,0.0258054379373788,0.0314637944102287,0.0153906261548399,0.005103928502649,-0.0105998599901795,-0.0090919341892004,15.824703216552734,8.41783332824707,5.391805171966553,3.934255599975586,3.26080060005188,2.533289909362793,4.420634746551514,1.950738787651062,2.091508388519287,1.923491597175598,1.6831356287002563,1.9087625741958616,1.7252691984176636,-0.2022628933191299,-0.0688653737306594,0.051717884838581,0.0031489287503063,0.0432124398648738,0.0342386402189731,-0.0201988145709037,-0.0556780509650707,-0.0024588552769273,-0.0064332662150263,0.0027781331446021,0.0310495588928461,-0.0016142653767019,8.844351768493652,3.4663519859313965,3.206725597381592,2.073530912399292,1.8321343660354608,1.3397046327590942,2.053576946258545,1.2024712562561035,1.022459626197815,1.0771251916885376,0.8573710322380066,0.9033268094062804,0.8286132216453552,0.0370784326356717,0.016178800659907,0.0956227427388761,0.0430800914886895,15.678432497464645,1,Hyperfunktionelle Dysphonie,2378,phrase
-319.6110534667969,118.84667205810548,40.078006744384766,38.969051361083984,13.67255687713623,20.80249786376953,-13.52272129058838,-0.5821656584739685,11.917097091674805,-6.514413833618164,2.941622257232666,-5.251288890838623,-6.231400966644287,70.35354614257812,48.021934509277344,24.97170639038086,19.67514038085937,23.7323055267334,19.75490379333496,18.56484603881836,12.290653228759766,10.41691780090332,14.326658248901367,8.919404983520508,8.846414566040039,11.003647804260254,0.3181377947330475,0.3725283741950989,0.1808602064847946,0.0753402560949325,0.0440091043710708,-0.034320130944252,-0.0581414736807346,-0.0656099393963813,-0.0317547470331192,0.0418329089879989,0.0188624784350395,-0.044724091887474,-0.0844965949654579,13.050809860229492,8.888875961303711,4.155579566955566,3.044083833694458,3.94594144821167,2.773689031600952,3.592572927474976,2.1901662349700928,1.8208537101745603,2.7988946437835693,1.684128761291504,1.7706564664840698,2.1747934818267822,-0.1155019253492355,-0.1230482906103134,-0.008904593065381,0.0624320469796657,0.0684539675712585,0.0765017718076706,0.061184711754322,0.0650954693555831,0.0468590073287487,-0.0040729227475821,-0.0040222443640232,-0.0013440336333587,-0.0114619946107268,7.658881664276123,4.278593063354492,2.4685332775115967,1.845656394958496,1.890884160995484,1.19139301776886,1.80264949798584,1.1396745443344116,0.904501497745514,1.3238046169281006,0.9187608361244202,1.0674340724945068,1.0675854682922363,0.0156355922667923,0.0061093924234994,0.0543331564718904,0.0122924645167668,21.13511084523336,1,Hyperfunktionelle Dysphonie,2398,phrase
-387.6614685058594,125.1048583984375,16.328441619873047,57.81182861328125,-11.161041259765623,24.30218505859375,-10.768237113952637,-7.717005252838135,11.112401962280272,-7.387376308441162,-8.174201011657715,-12.033618927001951,1.773726224899292,84.90190887451172,55.50404739379883,25.88967704772949,25.96392250061035,26.53628730773925,22.52159118652344,16.058002471923828,14.873727798461914,10.953277587890623,12.092310905456545,11.654995918273926,11.789855003356934,8.769552230834961,0.6954603791236877,0.1829037219285965,-0.1642737686634063,0.0317541509866714,-0.0654828920960426,0.0584286488592624,0.0407267287373542,-0.0063629057258367,0.1003511399030685,0.0038929367437958,-0.0892727524042129,-0.1264586895704269,0.0301163867115974,16.77903938293457,9.589434623718262,4.276005744934082,4.166103363037109,4.684006690979004,2.811773538589477,2.921652317047119,2.7406423091888428,1.7689558267593384,2.029569387435913,2.051509618759156,2.3001396656036377,1.4633077383041382,-0.3391689956188202,-0.1652073115110397,-0.0800336897373199,-0.1317837685346603,0.0472843945026397,0.008959493599832,0.0528963804244995,0.0866677537560463,0.0340798050165176,0.0460175834596157,0.0256952308118343,0.0474686697125434,0.0393508896231651,9.619274139404297,4.700362682342529,2.7147860527038574,2.032435178756714,2.1154003143310547,1.4838857650756836,1.5928906202316284,1.660485863685608,0.9837772846221924,1.1494338512420654,1.1830461025238037,1.180747628211975,0.9907102584838868,0.0303616897099656,0.0151915920743343,0.0890956658051932,0.0331996410771796,12.976942720096392,1,Hyperfunktionelle Dysphonie,2399,phrase
-410.0881042480469,146.05189514160156,21.64054298400879,31.11981773376465,29.16520500183105,14.866400718688965,1.6400426626205444,2.379678010940552,6.479908466339111,5.52700138092041,9.388229370117188,-2.7741153240203857,-10.29791259765625,76.29393005371094,54.66484832763672,30.037294387817383,20.67685317993164,25.31245231628418,19.46829032897949,15.43527603149414,11.799518585205078,11.358197212219238,11.711822509765623,9.980977058410645,10.034154891967772,10.979021072387695,0.8729009032249451,0.7019111514091492,-0.0128502091392874,-0.1008473187685012,-0.0056234681978821,-0.0133281145244836,0.0195058863610029,0.0216871537268161,-0.1235574781894683,-0.1841762512922287,-0.0113861942663788,0.1281519532203674,0.0858830511569976,13.345876693725586,10.34097957611084,5.271614074707031,3.144158363342285,4.382716178894043,2.6588587760925293,2.789321184158325,2.27302885055542,1.974536657333374,2.1304988861083984,1.864467740058899,1.853725552558899,2.116671323776245,-0.2176345288753509,-0.0948953032493591,0.0765672698616981,0.0169072095304727,0.0378202497959136,0.0676593631505966,0.0647520571947097,0.0582557879388332,0.0489747039973735,0.0514902509748935,0.0376912206411361,0.0039454367943108,-0.0145265702158212,7.485538482666016,4.913817405700684,3.143261671066284,1.4971232414245603,2.1132662296295166,1.4051892757415771,1.4437928199768066,1.2142856121063232,1.1291224956512451,1.1811398267745972,1.0496399402618408,0.990022838115692,1.1783242225646973,0.0351205676504452,0.0109196704284398,0.0894650564388105,0.0315048565184313,12.00206624833162,1,Hyperfunktionelle Dysphonie,2420,phrase
-428.1103820800781,141.9475555419922,30.046905517578125,39.7817497253418,16.790185928344727,8.607664108276367,-1.748813509941101,-3.510979652404785,1.8170253038406368,6.081869602203369,-5.050926685333252,-13.041775703430176,-1.2992180585861206,100.50154876708984,62.91598510742188,31.58302497863769,25.111202239990234,28.733718872070312,18.20901298522949,18.96641540527344,11.996063232421877,12.024887084960938,10.213350296020508,11.384990692138672,11.909984588623049,11.406936645507812,0.0149088678881526,0.0273082833737134,0.0517810545861721,0.0764114558696746,0.0699763894081115,0.0528576672077178,0.0504237376153469,0.0442841872572898,0.0287415403872728,0.016014602035284,0.0001811465772334,-0.0193812679499387,-0.0252530183643102,15.425378799438477,8.491586685180664,5.228912353515625,3.4901340007781982,3.299170732498169,2.327066898345948,2.6694891452789307,2.1045961380004883,1.7156405448913574,1.6476374864578247,1.9671125411987305,1.6724035739898682,1.4755935668945312,-0.0155604304745793,-0.0303260628134012,-0.0320162810385227,-0.0067902030423283,0.0143466331064701,0.0184809062629938,0.0278933588415384,0.0303847007453441,0.0181669723242521,0.0081602865830063,0.003666600678116,0.0029389278497546,-0.0002270518161822,6.284335136413574,3.2810163497924805,2.6348674297332764,1.7187511920928955,1.3693900108337402,1.1208391189575195,1.1671087741851809,1.015255093574524,0.8311853408813477,0.7482083439826965,1.0291935205459597,0.8145516514778137,0.7582451701164246,0.0315313445726017,0.0141114021962165,0.101097736801802,0.0466739473626691,15.577625348063794,1,Hyperfunktionelle Dysphonie,2425,phrase
-418.2063903808594,131.1206817626953,28.94478416442871,24.77193069458008,21.89226150512696,18.61805534362793,5.832034587860107,0.3141479194164276,2.4814224243164062,5.231547832489014,7.48062801361084,-1.6720327138900757,-8.405555725097656,102.7096710205078,69.95079803466797,26.12090492248535,16.733531951904297,15.64785385131836,18.96540260314941,16.825841903686523,10.658686637878418,8.815096855163574,11.981060028076172,7.224224090576172,7.560870170593262,10.750738143920898,0.3184716999530792,0.3332494497299194,0.1367256790399551,0.0393489114940166,-0.0022845745552331,-0.0377283133566379,-0.0369931124150753,-0.029313201084733,-0.0297143068164587,-0.0252351630479097,-0.008135194890201,-0.0072232065722346,-0.0623404458165168,11.25980281829834,8.591135025024414,4.193621635437012,2.24081826210022,2.6514639854431152,2.005450963973999,2.397493362426758,2.0673677921295166,1.5896337032318115,1.9500055313110352,1.0699366331100464,1.4246670007705688,1.994375467300415,0.0270924661308527,-0.0032306308858096,-0.0499188639223575,-0.0150840124115347,0.048681266605854,0.0779175609350204,0.0540770590305328,0.0108224768191576,0.0013190610334277,0.0114004798233509,0.0089904619380831,0.0026131481863558,-0.0040789786726236,5.71149206161499,3.593535900115967,2.477673053741455,1.292901635169983,1.4548251628875732,0.9516436457633972,1.2104064226150513,1.0844244956970217,0.8409483432769775,0.9771148562431335,0.613724946975708,0.8662576079368591,0.9023410081863404,0.0434198674281972,0.0218460855366231,0.0821222786955444,0.0251391391651098,12.563345078767911,1,Hyperfunktionelle Dysphonie,2438,phrase
-385.50592041015625,142.45138549804688,19.80206680297852,40.97305679321289,11.545172691345217,19.375112533569336,-1.6020842790603638,-12.693228721618652,1.9719033241271973,4.450598239898682,-2.6902666091918945,-10.101669311523438,-2.434032678604126,75.84701538085938,52.67527770996094,29.61236000061035,20.319711685180664,25.49295234680176,17.35844612121582,12.203214645385742,13.824939727783203,11.835185050964355,8.273983001708984,11.598129272460938,13.47667407989502,12.137494087219238,0.5837716460227966,0.3089483380317688,-0.1372198164463043,0.012182367965579,0.0747405290603637,-0.0003583367506507,-0.0803182497620582,-0.056953627616167,0.043385062366724,0.0291432216763496,-0.0612976886332035,-0.0567541904747486,0.0188355464488267,12.77869701385498,9.563902854919434,4.975925922393799,3.1047842502593994,4.092977523803711,2.7328555583953857,2.1622564792633057,2.323372364044189,2.161233901977539,1.5324866771697998,2.295832872390747,2.566986083984375,2.334091186523437,-0.1445291638374328,-0.0362518653273582,0.0839949399232864,0.0465424880385398,0.0324715487658977,0.0769887939095497,0.0915247276425361,0.0301516987383365,0.00638720812276,0.0180221311748027,0.0083875032141804,-0.0203376840800046,-0.012494508177042,6.693361759185791,4.135979175567627,3.042441129684448,1.4780769348144531,1.7288285493850708,1.4135026931762695,1.174020767211914,1.3262559175491333,1.0559614896774292,1.0328078269958496,1.0095802545547483,1.1738981008529663,0.9266663193702698,0.0158558589705845,0.0078321171625192,0.0559277289340166,0.0201400461805555,21.3909568528958,1,Hyperfunktionelle Dysphonie,2447,phrase
-342.5769348144531,163.34671020507812,8.202812194824219,29.81496810913086,15.95586395263672,22.182430267333984,-2.567145347595215,-10.906173706054688,8.995218276977539,2.723355770111084,-3.856365203857422,-5.443845272064209,-5.45700216293335,84.43677520751953,48.52344131469727,34.05647277832031,26.7652645111084,23.30375289916992,17.669424057006836,16.452255249023438,16.41585350036621,10.447017669677734,8.886556625366211,12.201102256774902,7.709534645080566,11.763412475585938,0.4740996062755584,0.3530825972557068,-0.1198810487985611,-0.1919170916080474,-0.0670364126563072,-0.0182713232934474,0.0481088235974311,0.1108589395880699,0.0418409518897533,-0.066578708589077,-0.0591507069766521,-0.0062595438212156,-0.0399925932288169,14.053884506225586,9.331498146057127,5.8854522705078125,3.307359457015991,4.135695934295654,2.77841854095459,3.2466611862182617,2.7954280376434326,1.7020978927612305,1.7167596817016602,2.0948598384857178,1.5118110179901123,1.937957763671875,-0.2071549594402313,-0.1569619178771972,0.0046266433782875,0.0341762416064739,0.070321075618267,0.0706492364406585,0.0204292014241218,0.0256946925073862,0.0322457440197467,-0.0275854859501123,-0.0561392605304718,-0.0028845854103565,0.0204770695418119,8.54891300201416,3.951250314712525,3.6268935203552246,1.7082509994506836,2.343861818313598,1.5036351680755615,1.798428654670715,1.466488003730774,0.904858648777008,1.1076805591583252,1.1243313550949097,0.8870887756347656,1.0009509325027466,0.0297202447049324,0.0100772733448985,0.0752701758236852,0.0208167876322405,16.304454757709653,1,Hyperfunktionelle Dysphonie,2449,phrase
-373.50189208984375,125.7804946899414,29.12272453308105,25.236797332763672,20.66321563720703,21.231842041015625,5.082150459289551,-4.787088871002197,-1.90513014793396,2.2696774005889893,4.020213603973389,-8.580183982849121,-6.561141014099121,88.1142578125,62.34418487548828,30.621931076049805,18.24324607849121,20.04138946533203,24.89566421508789,16.37467384338379,15.931648254394531,12.474851608276367,11.584390640258787,7.477603435516357,13.104467391967772,10.26119899749756,0.2292253524065017,0.2068703174591064,0.0854580253362655,0.0736140608787536,-0.0009281113743782,-0.0474959760904312,0.0118948956951498,0.0271484833210706,-0.0195717699825763,-0.036053579300642,-0.0229369904845953,-0.0304278098046779,-0.0450335480272769,13.076993942260742,8.725872039794922,4.980679512023926,3.1441071033477783,2.850759506225586,3.171050786972046,2.216092348098755,2.7528319358825684,2.163956642150879,1.89234471321106,1.3334969282150269,1.932036638259888,1.7283366918563845,-0.0278647057712078,-0.0214760918170213,0.0043444717302918,0.0125601748004555,0.0237982850521802,0.0382196232676506,0.0279263630509376,0.0113171488046646,0.011903554201126,0.005736774764955,-0.0043132784776389,0.0036637834273278,0.0080147255212068,5.897664546966553,3.340703010559082,2.4132113456726074,1.5442893505096436,1.3342750072479248,1.4042013883590698,1.0703636407852173,1.1422759294509888,1.007495641708374,1.0633063316345217,0.7677924036979675,0.8816090822219849,0.894732654094696,0.0230560525475679,0.0083095274195026,0.0730885740591568,0.0217874639492008,19.674741737550224,1,Hyperfunktionelle Dysphonie,2454,phrase
-396.5205993652344,119.00991821289062,23.303991317749023,13.690680503845217,13.0075044631958,21.469024658203125,7.926260471343994,-1.2804166078567505,-3.0846216678619385,-6.209862232208252,-0.0921681374311447,5.232060432434082,-6.705719947814941,94.18757629394533,68.58993530273438,20.80007743835449,19.96450996398925,17.12277603149414,14.81279754638672,11.907877922058104,11.283249855041504,10.35943603515625,14.894723892211914,8.126301765441895,8.131050109863281,11.754128456115724,0.1501495540142059,0.1607481241226196,0.0753540396690368,0.0286574121564626,0.0119206616654992,-0.0081647597253322,-0.0355800986289978,-0.0299721304327249,-0.0106970369815826,-0.0131168775260448,-0.0150100188329815,-0.0139448707923293,-0.0219549555331468,12.472264289855955,9.033855438232422,3.963897228240967,3.1684610843658447,2.3626418113708496,2.0296576023101807,2.244281053543091,1.862105131149292,1.5418497323989868,2.5992801189422607,1.3677496910095217,1.637192964553833,1.7684719562530518,0.1214267835021019,0.1372069418430328,0.0464727878570556,-0.0207509417086839,-0.0286767035722732,-0.0367375947535038,-0.0340479463338851,-0.0140164131298661,-0.0147656481713056,-0.0098422653973102,0.0046650092117488,0.0058822818100452,0.0075529064051806,5.1288604736328125,3.746594429016113,2.167143583297729,1.5851123332977295,1.1308252811431885,0.9113224148750304,1.1700655221939087,0.8931465148925781,0.8443155288696289,1.1797893047332764,0.8173478245735168,0.8091985583305359,0.7675679326057434,0.0145297055455828,0.0050214841019453,0.0762277102268772,0.0193403510279742,20.23902145728261,1,Hyperfunktionelle Dysphonie,2463,phrase
-335.65496826171875,112.25518798828124,23.184797286987305,37.8136100769043,9.013313293457031,18.99673652648925,-8.857115745544434,-6.175812721252441,5.360319137573242,0.9946516156196594,-1.5306419134140017,-3.4225993156433105,-6.410567760467529,100.10528564453124,43.08781814575195,26.948171615600582,28.11654663085937,25.21176147460937,17.860366821289062,16.124187469482422,13.511926651000977,10.101219177246094,13.046701431274414,12.13634204864502,10.60964298248291,8.322871208190918,0.3441315293312073,0.2669223845005035,0.0414614975452423,-0.0619990862905979,-0.1500771045684814,-0.0696554630994796,-0.051453873515129,-0.0823101475834846,-0.061968483030796,-0.0197363868355751,0.0748945325613021,0.0918335169553756,0.0247395951300859,15.071321487426758,6.9488396644592285,4.686703205108643,3.6598634719848633,3.385774850845337,2.4109857082366943,2.796170234680176,3.02249526977539,1.8760719299316408,2.058521747589112,1.9937306642532349,1.8854618072509768,1.509387493133545,0.0358913801610469,0.039770059287548,0.0574352741241455,0.0381608270108699,-0.0001160509418696,0.0302404947578907,0.0298224464058876,0.0203393623232841,0.0156525000929832,-0.0050327209755778,-0.0183136109262704,-0.0235452856868505,0.0027638005558401,8.03512954711914,3.452636241912842,2.640672206878662,1.772554874420166,1.7830562591552734,1.126047134399414,1.447485327720642,1.4610596895217896,0.942762017250061,1.0674035549163818,1.0242000818252563,1.0260125398635864,0.7843002080917358,0.0186718945571847,0.0085314713579251,0.066549643293677,0.0255499761300791,18.85879624424101,1,Hyperfunktionelle Dysphonie,2466,phrase
-333.24578857421875,120.84269714355467,28.20035552978516,55.841583251953125,8.662856101989746,12.540997505187988,-7.090858459472656,1.0625829696655271,9.35707664489746,-4.060947418212891,-4.093510627746582,-7.67021369934082,-10.44125747680664,65.37618255615234,53.52564239501953,20.86264991760254,20.937217712402344,24.63570785522461,20.978721618652344,16.492359161376953,10.4944429397583,10.677447319030762,12.678415298461914,9.284692764282228,9.996445655822754,10.32230281829834,0.5264260172843933,0.3737756013870239,0.0461918674409389,-0.0608725026249885,-0.1838795095682144,-0.0747236758470535,-0.0217852070927619,-0.0089320903643965,-0.0451705493032932,-0.0421795137226581,0.0401616841554641,-0.0007328042993322,-0.0116960508748888,12.571447372436523,7.453056812286377,3.6666371822357178,3.048270463943481,3.9360511302948,2.696475982666016,2.927629470825196,2.0937869548797607,1.6555787324905396,2.4751999378204346,1.6032267808914185,1.846834301948548,1.7802947759628296,0.1875176131725311,0.1161988154053688,0.0051535828970372,0.0025079085025936,-0.0386656299233436,-0.0216215997934341,0.0057761883363127,0.0150306578725576,-0.0242264438420534,-0.024978220462799,0.0062697455286979,-0.0022299762349575,0.0021911871153861,7.015422821044922,3.0328938961029053,2.4736168384552,1.681782364845276,1.841026306152344,1.2511459589004517,1.5473178625106812,1.1051537990570068,0.9703502058982848,1.3213424682617188,0.8829960823059082,0.9087229371070862,0.8860839009284973,0.0369561734417207,0.0190763030652177,0.1199782768975837,0.0468694014513789,15.242578861996348,1,Hyperfunktionelle Dysphonie,2471,phrase
-375.0213317871094,136.25328063964844,6.752407073974609,41.28071975708008,6.435266017913818,8.394142150878906,-5.271262645721436,-8.013940811157227,9.445337295532228,-2.809937000274658,-9.593717575073242,0.915701150894165,0.1552538722753524,78.28862762451172,51.22617721557617,34.31349182128906,25.80073547363281,22.574487686157227,18.0556640625,22.82064819335937,11.102564811706545,12.073495864868164,13.629262924194336,12.1910400390625,10.283843040466309,7.745880603790283,0.6572248339653015,0.4564000964164734,-0.0112218987196683,-0.1032617539167404,-0.1123286709189415,-0.0757095888257026,-0.1021601408720016,0.0101957730948925,-0.0372572988271713,-0.1051247715950012,0.0689319670200347,0.0891041457653045,-0.0627056807279586,16.323925018310547,8.843657493591309,6.553090572357178,3.524726390838623,3.201045036315918,2.2608113288879395,4.539539337158203,2.165271520614624,1.941118121147156,3.0790112018585205,2.114441156387329,1.801264762878418,1.559337496757507,-0.2069049179553985,-0.103956364095211,0.0090148523449897,0.0229497496038675,0.0618113614618778,0.0078141912817955,0.0285546481609344,0.011184106580913,0.0096101909875869,0.0301762819290161,-0.0298298206180334,-0.0278913993388414,0.0069981799460947,7.698360919952393,4.046041965484619,3.100174903869629,1.9118187427520752,1.4324398040771484,0.9624568223953248,2.0027992725372314,1.1748651266098022,0.996103286743164,1.41102933883667,1.0181918144226074,0.9392645359039308,0.8017066121101379,0.0243257051357383,0.0092148663616466,0.0679859214961003,0.0180338882926341,18.31856258349826,1,Hyperfunktionelle Dysphonie,2479,phrase
-382.7858276367188,140.54464721679688,15.3882417678833,43.08551788330078,4.64840841293335,14.688794136047363,1.3606057167053225,-2.620748996734619,1.991064190864563,-1.6164021492004397,-3.0997018814086914,-0.7810059785842896,2.962560176849365,85.12702178955078,52.46015548706055,31.66102600097656,23.191394805908203,21.587804794311523,20.977209091186523,20.788707733154297,9.24905490875244,9.36735725402832,12.267144203186035,10.132043838500977,15.46695041656494,11.332894325256348,0.4198443293571472,0.294701337814331,-0.0924681350588798,-0.1527048200368881,-0.0933108180761337,-0.0542464964091777,-0.0729582905769348,-0.0496862903237342,-0.0280516538769006,-0.0578975677490234,0.0153595823794603,0.0732182115316391,0.0499881133437156,13.94381046295166,8.951642036437988,5.494085311889648,3.29895281791687,3.406782627105713,2.605109214782715,3.398582696914673,1.8323179483413696,1.874202013015747,2.659842729568481,1.6881664991378784,2.062705993652344,1.6370495557785034,-0.1847440898418426,-0.090518020093441,0.0588825419545173,0.0382080636918544,0.0905402973294258,0.1376978158950805,0.0791536495089531,-0.0049498779699206,0.0017005431000143,0.0353865772485733,0.0059081059880554,-0.0241907835006713,-0.0090126805007457,8.242735862731934,3.9404642581939697,2.997144937515259,1.6784392595291138,1.6924525499343872,1.3443336486816406,1.970187187194824,0.9461424350738524,1.0038793087005615,1.3658287525177002,0.8105593323707581,0.9997689723968506,0.9126288890838624,0.0205885518555778,0.0083153500891328,0.0752576248426175,0.022375097431919,18.655435274788143,1,Hyperfunktionelle Dysphonie,2480,phrase
-371.57525634765625,109.80958557128906,16.422256469726562,44.05830001831055,7.914196014404297,16.578174591064453,-5.760477066040039,-2.966503620147705,6.29478931427002,-7.14496660232544,-6.081616401672363,-9.001559257507324,-6.200610160827637,105.5950698852539,63.143672943115234,34.136138916015625,28.54316139221192,26.770235061645508,18.1035213470459,17.438495635986328,11.047314643859863,10.090537071228027,11.428417205810549,10.865602493286133,10.989848136901855,10.142891883850098,0.2200336754322052,0.2145990431308746,0.0918140485882759,0.0189877673983573,-0.0220457687973976,-0.0006416797405108,0.0134692760184407,-0.0143045810982584,-0.054355151951313,-0.0112596452236175,0.0404996015131473,-0.0016565386904403,-0.0717805922031402,17.478403091430664,9.108158111572266,5.384341239929199,4.336935043334961,3.371743679046631,2.5123236179351807,2.9669909477233887,1.9949663877487185,1.8005616664886477,1.6092522144317627,1.8804572820663448,1.7524094581604004,1.7263779640197754,-0.1055622473359108,-0.0806895345449447,0.0109564624726772,0.014329832047224,0.0016575877089053,0.035590074956417,0.0566430278122425,0.0296061839908361,0.0032707580830901,0.0008667365764267,-0.0048395814374089,-0.0229702796787023,-0.028943795710802,8.300114631652832,4.349721908569336,2.4256269931793213,1.99980628490448,1.477237105369568,1.1127465963363647,1.4068056344985962,1.1287615299224854,1.0286478996276855,0.926951229572296,0.8579088449478149,0.8726118206977844,0.8960793614387512,0.0213882941954816,0.0091056304353782,0.0575310748899163,0.0190941828312352,17.702088474476923,1,Hyperfunktionelle Dysphonie,2482,phrase
-375.3753662109375,167.24159240722656,1.1504498720169067,33.56867599487305,10.767938613891602,25.52359390258789,-2.2945473194122314,-13.737906455993652,-2.075632333755493,-3.261058807373047,4.115280151367188,-2.937077522277832,-13.097827911376951,79.32402038574219,49.8426628112793,38.48344802856445,21.38482093811035,25.35256576538086,24.55375862121582,16.20916748046875,16.80649185180664,9.514132499694824,12.87738037109375,8.192835807800293,9.616177558898926,12.081008911132812,0.6828826665878296,0.27202969789505,-0.1675031930208206,-0.0346013493835926,-0.0573137588798999,0.1403309106826782,-0.025363739579916,-0.1417777985334396,-0.0614263527095317,-0.0701062828302383,0.0923370197415351,0.0776406303048133,-0.0101784383878111,15.221672058105469,9.470216751098633,6.579059600830078,3.5558383464813232,3.174959897994995,2.502452850341797,2.94424057006836,2.9813146591186523,1.7668911218643188,2.475614547729492,1.4119980335235596,1.7269574403762815,2.257607936859131,-0.0726168379187583,0.0745457261800766,0.1446267068386078,0.0896234586834907,0.0944225415587425,0.0250085461884737,0.0279302559792995,0.0235903188586235,0.028278300538659,0.0181963015347719,-0.0106362523511052,-0.0166702754795551,-0.0186647735536098,7.956804275512695,4.4029645919799805,3.947122573852539,2.051858901977539,1.5647519826889038,1.1893904209136963,1.5168449878692627,1.378877878189087,0.9861302375793456,1.2760564088821411,1.0042449235916138,0.8936202526092529,1.17478609085083,0.0331005848490366,0.0138490649068648,0.0906640667519336,0.0326240740567485,11.884396375485354,1,Hyperfunktionelle Dysphonie,2487,phrase
-337.1473999023437,150.11972045898438,15.153151512145996,49.959468841552734,29.803895950317383,11.73314094543457,-4.403126239776611,4.073644161224365,13.247762680053713,-0.3843240141868591,-0.3450410068035126,-1.883200764656067,-4.30549955368042,81.10377502441406,58.80097198486328,29.529848098754883,25.818906784057617,27.749605178833008,20.987314224243164,22.604591369628903,9.86438274383545,10.275052070617676,10.837032318115234,9.97266674041748,7.833857536315918,9.431575775146484,0.1923698782920837,0.1587463468313217,0.0077812452800571,-0.0039186938665807,0.031143045052886,-0.0322404243052005,-0.1097365766763687,-0.0041105630807578,-0.005768240429461,0.0225726962089538,0.0907363519072532,0.0571101047098636,-0.0018019753042608,13.454219818115234,8.467984199523926,5.457536220550537,2.888460159301758,4.581328392028809,2.607585430145264,3.329811811447144,1.7873910665512085,1.9207987785339355,2.1713929176330566,1.9764991998672483,1.5780744552612305,1.6058133840560913,0.1019123718142509,0.1106845438480377,0.0398217663168907,0.028996517881751,0.0525111332535743,0.0329987257719039,-0.0142934462055563,-0.0168627947568893,0.0123765962198376,0.0171947665512561,0.0077727874740958,-0.0010242436546832,-0.0170628745108842,7.24962854385376,3.885335683822632,3.1716225147247314,1.615422606468201,2.061404228210449,1.3529595136642456,1.7718138694763184,1.004866600036621,0.9812801480293274,1.1568238735198977,1.0726234912872314,0.9885536432266236,0.7004354596138,0.0222004076900574,0.0094402906626416,0.0653599549651354,0.0197524501099095,16.623790947920554,1,Hyperfunktionelle Dysphonie,2492,phrase
-331.5132141113281,125.6355438232422,30.183326721191406,56.00813293457031,-0.4740820229053497,22.64726829528809,-16.543670654296875,-7.366064071655273,4.764408588409424,6.466666221618652,2.143152236938477,-2.851862907409668,-1.5769941806793213,74.37386322021484,47.60615921020508,28.256492614746094,27.5971622467041,21.943458557128903,14.89671516418457,15.158839225769045,10.454642295837402,13.184307098388672,10.631081581115724,11.333684921264648,10.846617698669434,8.785470008850098,0.1667089164257049,0.1828368902206421,0.0282942112535238,0.0371598340570926,0.0898043438792228,0.0429146513342857,0.0843079537153244,0.0718361213803291,0.0550829246640205,0.0326968543231487,0.0226487573236227,0.0306813903152942,0.0008230240782722,9.49364185333252,6.152355670928955,4.595175266265869,4.295156955718994,3.0877444744110107,1.985315442085266,2.563675880432129,1.6726412773132324,1.883345365524292,1.85562264919281,1.6874680519104004,1.8644399642944336,1.4821261167526243,-0.0838264226913452,-0.0157934296876192,0.0383569933474063,0.0307992417365312,0.0168390069156885,-0.0248111132532358,-0.0091123562306165,-0.0295614264905452,-0.0086678927764296,0.0041054678149521,-0.0021257007028907,-0.0012621659552678,-0.0165451988577842,4.707713127136231,2.495997667312622,2.161660671234131,1.996695756912232,1.620673894882202,1.0574219226837158,1.3568236827850342,0.9679556488990784,0.9184612035751344,1.015894889831543,0.8675047755241394,0.8846010565757751,0.8611719608306885,0.0190103574388968,0.005889135730347,0.0574125343323225,0.0121800489838287,16.10095705067851,1,Hyperfunktionelle Dysphonie,2517,phrase
-348.4776916503906,128.90992736816406,28.74406242370605,45.90119552612305,6.32201623916626,28.773311614990234,7.798343181610107,7.723315238952637,-7.281940937042236,-2.1054604053497314,10.35900592803955,-7.067152976989746,-1.637642502784729,96.86834716796876,51.37123107910156,27.52958297729492,19.92109489440918,21.79071044921875,21.97313499450684,18.279268264770508,13.93764877319336,14.35075855255127,15.06626033782959,9.39974594116211,9.368306159973145,8.259522438049316,0.5990122556686401,0.4149372577667236,0.0043685548007488,0.0630963221192359,0.0487346947193145,0.031966496258974,0.0642036795616149,0.085168071091175,0.0158050879836082,-0.013397448696196,0.061656154692173,0.0141925504431128,-9.166500603896566e-06,13.522167205810549,7.338219165802002,5.086771011352539,3.55769419670105,3.3323543071746826,2.938844680786133,2.6710500717163086,2.255953073501587,2.5047106742858887,2.320411443710327,1.7105425596237185,1.8006318807601929,1.6348623037338257,-0.0145960608497262,-0.1320202797651291,-0.1570499837398529,-0.04542201384902,-0.0127152288332581,-0.0041466718539595,0.0067386929877102,0.0233211014419794,-0.0088253328576684,-0.0324454642832279,0.0194559190422296,0.0329831391572952,0.0115339402109384,7.005791187286377,3.621701002120972,3.3955414295196533,1.8513582944869995,1.696468949317932,1.182133674621582,1.3717586994171145,1.213657259941101,1.1881686449050903,1.2554494142532349,0.7547814846038818,0.8821553587913513,0.8455991148948669,0.0283578111906524,0.0128452248441526,0.1022119684590422,0.0412913350316399,15.061409854311924,1,Hyperfunktionelle Dysphonie,2521,phrase
-323.4879150390625,146.93345642089844,21.280786514282227,46.01568222045898,23.253145217895508,12.081046104431152,3.666130542755127,-1.159631609916687,10.204174995422363,3.5822932720184326,-10.538202285766602,-3.034611701965332,-0.9537115097045898,70.90814971923828,46.082069396972656,31.56021881103516,21.293704986572266,23.816654205322266,17.428054809570312,13.810837745666504,10.78976821899414,8.666003227233887,9.14828395843506,11.528040885925291,9.818016052246094,8.538790702819824,0.4956003427505493,0.3791260719299316,-0.007947931997478,0.0135012585669755,0.0791200846433639,0.0354063995182514,0.0057783694937825,-0.0091705387458205,-0.0211679115891456,-0.0165195353329181,0.0078103835694491,0.0452088452875614,0.0071765016764402,13.78065013885498,8.771639823913574,5.347294330596924,3.5144600868225098,3.658284902572632,2.300473690032959,2.353468179702759,2.214890241622925,1.4120837450027466,1.5260205268859863,1.8895128965377808,1.5722131729125977,1.397454857826233,-0.289796769618988,-0.1397111415863037,0.0176565274596214,-0.0186897702515125,0.0867924466729164,0.063036024570465,0.0267827063798904,0.0291364248842,-0.0143733220174908,-0.0274017229676246,-0.0040561123751103,-0.0229228995740413,-0.0235281102359294,7.529897212982178,3.5465567111968994,2.920175313949585,2.319818019866944,1.7393856048583984,1.2731950283050537,1.4368528127670288,1.1966958045959473,0.9988714456558228,0.9998992085456848,0.9518224596977234,0.7553300857543945,0.9260857105255128,0.0195894412140024,0.0086344214068812,0.0695278898853622,0.0230597975584807,18.11411360688544,1,Hyperfunktionelle Dysphonie,2523,phrase
-320.203125,143.37289428710938,5.48119592666626,46.42515182495117,9.12874698638916,12.592951774597168,-0.2187216579914093,-1.7462750673294067,1.3078118562698364,1.7905937433242798,-5.217460632324219,-5.910473346710205,-4.827973365783691,80.1424789428711,51.76641845703125,25.1918888092041,23.008129119873047,25.12381362915039,18.397119522094727,13.897262573242188,11.019594192504885,12.000829696655272,9.16500186920166,11.303521156311035,11.35342502593994,8.229996681213379,0.2968582808971405,0.3325399160385132,0.1945152133703231,0.1500477343797683,0.1298191547393798,0.0502040684223175,0.0394915975630283,0.0779019594192504,0.0390859954059124,-0.0130677856504917,-0.0621671974658966,-0.1032457053661346,-0.1094515323638916,15.0776948928833,10.23215103149414,4.22899055480957,3.817765712738037,3.338578224182129,2.76009202003479,2.639843463897705,2.175845146179199,2.227595090866089,1.643117904663086,1.998527765274048,2.289194345474243,1.8631930351257324,-0.2799597382545471,-0.1483167707920074,-0.0038662680890411,-0.0236046183854341,0.0306275766342878,0.0382035560905933,0.0431877635419368,0.0468540675938129,0.0308318175375461,0.0338063165545463,0.0268755070865154,-0.0117107089608907,-0.0135679133236408,7.959701061248779,3.9428458213806152,2.5015580654144287,2.0205562114715576,1.6292741298675537,1.0807384252548218,1.343010425567627,1.143840789794922,1.007141351699829,0.9045173525810242,0.973139762878418,1.1102933883666992,0.9746978282928468,0.0305059759135117,0.0137655763908794,0.0851429297427546,0.0311495091693726,15.103994004078489,1,Hyperfunktionelle Dysphonie,2526,phrase
-381.0968322753906,132.72909545898438,32.21215057373047,43.40020751953125,13.198277473449709,13.738774299621582,-11.766973495483398,-4.474431991577148,11.081756591796877,-3.088984727859497,-6.158453464508057,-3.53445816040039,-2.1938722133636475,93.61764526367188,53.80874252319336,31.45909881591797,26.983762741088867,27.615577697753903,16.770538330078125,15.152254104614258,10.103157997131348,10.0432710647583,13.098649978637695,13.576955795288086,8.187539100646973,7.728299140930176,0.262620598077774,0.245477870106697,0.0284253358840942,-0.0099589098244905,0.0567228943109512,0.0195778720080852,-0.0385470390319824,-0.0301460530608892,0.010792676359415,0.0417059808969497,0.0258226990699768,0.0024611505214124,0.0145297311246395,16.27356719970703,8.52025318145752,5.548238754272461,3.6818735599517822,3.6441962718963614,2.4976634979248047,2.845630168914795,1.8675012588500977,1.7374534606933594,2.037541151046753,2.455095767974853,1.5589818954467771,1.4271268844604492,-0.2901355624198913,-0.1731346398591995,-0.0401717685163021,-0.0565629042685031,0.0634860470890998,0.0570603311061859,0.0523744784295558,0.0010811801766976,-0.0317848697304725,0.0181903913617134,-0.0080438032746315,0.0036099709104746,-0.0039219725877046,9.14063835144043,3.506388187408448,2.8580996990203857,1.8028922080993648,1.7899197340011597,1.3306642770767212,1.4574360847473145,1.0423665046691897,1.0928367376327517,1.0565814971923828,1.178292989730835,0.8331769704818726,0.7621579170227051,0.0212351514942171,0.008583740322834,0.0632637196636003,0.0200942791993109,17.778431475171434,1,Hyperfunktionelle Dysphonie,2540,phrase
-374.3150939941406,154.3970947265625,22.007184982299805,42.17499542236328,22.33603286743164,23.352754592895508,-2.640737771987915,6.70958137512207,5.536996364593506,5.007004261016846,2.267964124679565,-12.120361328125,-2.972857713699341,77.12210083007812,48.68219375610352,26.07092666625977,20.3801383972168,27.465301513671875,18.8181266784668,14.935455322265623,10.032553672790527,10.27097225189209,15.61259937286377,9.348597526550291,12.579753875732422,8.973456382751465,0.4489032030105591,0.2694455683231354,0.0017912306357175,0.1097134575247764,0.1731898486614227,0.1070925965905189,-0.0060116872191429,0.0050296364352107,0.0668036714196205,0.0916785895824432,0.0173968542367219,-0.0964546576142311,-0.108032003045082,13.664383888244627,8.288082122802734,4.86865234375,2.960070848464966,4.37345552444458,2.406856775283813,2.88226056098938,1.7776578664779663,1.5727044343948364,2.798348426818848,1.5597678422927856,2.2999472618103027,1.967215657234192,-0.3343287706375122,-0.2288453131914138,0.0065571325831115,0.0575785115361213,0.1402849704027176,0.1082744598388671,0.0602642148733139,0.0278784707188606,0.0122062508016824,0.0305692069232463,-0.0242049153894186,-0.0292529799044132,0.0105553325265645,8.163802146911621,3.331871032714844,3.113407611846924,2.136683940887451,2.185168027877808,1.3795197010040283,1.811315894126892,1.081727147102356,0.8877212405204773,1.5620015859603882,0.9740359783172609,1.10020911693573,0.9082013368606568,0.0292271669034589,0.0113202495710347,0.0706874809458369,0.0257851806750917,15.124516303611662,1,Hyperfunktionelle Dysphonie,2545,phrase
-335.71124267578125,149.87208557128906,14.51855754852295,39.91524505615234,13.50428581237793,24.798978805541992,-12.904993057250977,-7.990292549133301,12.547218322753906,-8.827644348144531,-5.5369720458984375,-5.6737141609191895,-8.676422119140625,74.8475570678711,55.34435272216797,27.303207397460938,29.61509132385254,27.959716796875,15.332372665405272,18.255983352661133,11.911130905151367,13.109838485717772,15.228338241577148,13.671894073486328,8.489018440246582,11.71613597869873,0.8881683349609375,0.542349636554718,-0.1001881584525108,0.0663245767354965,0.1129442751407623,0.1486444622278213,0.0722679197788238,-0.0555767081677913,0.0196500234305858,-0.0372836962342262,-0.0322461649775505,0.0498807467520237,-0.0611775144934654,14.267282485961914,10.468937873840332,4.864591598510742,3.436988353729248,4.802681922912598,2.3878540992736816,3.499372959136963,2.654912233352661,2.2198259830474854,3.195875644683838,2.2806296348571777,1.605704665184021,2.5470728874206543,0.0452982001006603,-0.0985140651464462,-0.1678051352500915,-0.0557208880782127,0.0166077241301536,0.1188956350088119,0.0645487904548645,0.0044521461240947,0.0299511011689901,-0.0586886629462242,-0.0763500481843948,-0.0262106209993362,-0.0402865409851074,8.2818021774292,4.885159015655518,2.998075246810913,2.243396282196045,2.5674729347229004,1.4338839054107666,1.8743443489074707,1.4656647443771362,1.2843095064163208,1.606559157371521,1.3293166160583496,0.910067617893219,1.4401991367340088,0.0245824562963261,0.0111018593461246,0.0790291880215739,0.0315878402204014,16.246977771637155,1,Hyperfunktionelle Dysphonie,2546,phrase
-400.4219665527344,141.3831024169922,5.612802982330322,31.744775772094727,11.774612426757812,10.419991493225098,-4.258762359619141,4.449611663818359,0.9969607591629028,-1.4315544366836548,6.769405841827393,-3.6207199096679688,-7.704588413238525,99.2917709350586,56.13836288452149,27.431095123291016,27.65019989013672,25.38811492919922,21.759185791015625,17.89295768737793,10.923876762390137,8.620043754577637,12.880457878112791,10.397823333740234,13.159269332885742,10.602195739746094,0.684435248374939,0.4920276403427124,-0.0215950217097997,-0.0562984272837638,-0.0244736392050981,-0.0538861230015754,-0.0318338051438331,0.0230306312441825,-0.0260137151926755,-0.0759565085172653,0.0219376180320978,0.0364506170153617,-0.0261465385556221,14.949369430541992,8.62796688079834,4.756823539733887,3.25406813621521,4.199317932128906,3.2453134059906006,3.3449411392211914,1.7492910623550415,1.424055099487305,2.725430727005005,1.689150094985962,2.0519402027130127,1.790439248085022,-0.2826799750328064,-0.1568845510482788,-0.0094055784866213,0.0021664754021912,0.0893299356102943,0.0648875087499618,0.0421078577637672,-0.0417280308902263,-0.0481876656413078,-0.0213422235101461,-0.0189797822386026,-0.0230757798999547,0.0229684971272945,6.891321182250977,3.841326951980591,2.532099485397339,1.8238987922668457,2.215869665145874,1.4769824743270874,1.7094557285308838,1.0374579429626465,0.9525179862976074,1.5247746706008911,1.0555603504180908,1.0754450559616089,0.8848720192909241,0.0253071587455235,0.0114682972136289,0.0837946420130318,0.0286345197314622,15.574751449454793,1,Hyperfunktionelle Dysphonie,2553,phrase
-323.6176452636719,85.42457580566406,13.735628128051758,63.44160842895508,-15.560264587402344,34.533695220947266,-1.1412323713302612,-2.305487155914306,-7.862150192260742,12.257850646972656,7.430855751037598,-6.855440616607666,-7.08580207824707,127.30500030517578,38.49225234985352,27.00056838989257,26.51847076416016,21.00560569763184,25.63316535949707,23.018712997436523,9.733854293823242,15.894536972045898,9.91661548614502,8.55428695678711,9.857392311096191,10.129106521606444,0.8283882737159729,0.3778462409973144,-0.1816969811916351,0.010844481177628,-0.0752372741699218,-0.0360048823058605,-0.1001140400767326,-0.0607713907957077,-0.0334261246025562,-0.0863167867064476,0.0627774447202682,-0.0608512461185455,-0.0740521326661109,16.553638458251953,5.551741123199463,3.605825901031494,3.93213152885437,2.9244320392608643,4.090592384338379,3.4439620971679688,2.104055166244507,2.7919883728027344,1.8436394929885864,1.6996299028396606,1.905079364776612,1.6755588054656982,-0.2503083944320678,0.0078196059912443,0.1193204894661903,0.0251348800957202,0.0481226332485675,0.0290389284491539,0.0496665313839912,-0.0018258356722071,0.0276404619216918,-0.0043693259358406,0.0413136444985866,0.0208632070571184,0.034816350787878,8.564156532287598,3.100563764572144,2.267662763595581,1.8412450551986688,1.6400556564331057,1.6609442234039309,1.6134698390960691,1.3475522994995115,1.6580445766448977,1.0495293140411377,1.140072464942932,1.0243000984191897,1.0017839670181274,0.0336527970352857,0.0181203319341664,0.1544556223865247,0.0656889483388837,10.431602067094396,1,Hyperfunktionelle Dysphonie,2572,phrase
-371.22357177734375,124.26219940185548,19.66493034362793,40.80305480957031,8.665168762207031,9.215176582336426,-3.959588289260864,-0.9975928664207458,5.828421592712402,5.951324462890625,-3.311866283416748,-9.234549522399902,2.5219500064849854,86.46912384033203,56.71487045288086,27.29763603210449,24.561267852783203,26.9591064453125,15.3949556350708,13.20452880859375,11.719943046569824,12.032917976379396,11.437827110290527,9.814738273620604,11.755230903625488,7.477090358734131,0.6461448669433594,0.4691439270973205,-0.0103386417031288,-0.0481590554118156,-0.0459635965526104,-0.0141264237463474,0.0008878707885742,0.0389178916811943,0.0420520864427089,-0.012726854532957,-0.0286927241832017,-0.0411017723381519,-0.0048623816110193,15.201725006103516,8.715141296386719,4.539549827575684,3.1368861198425293,3.4958598613739014,2.097167491912842,2.5602848529815674,2.296381711959839,2.016355037689209,1.829922556877136,1.7598265409469604,2.146251916885376,1.3289368152618408,0.0199108365923166,0.0590888038277626,-0.0367377698421478,-0.0760635286569595,0.0574310235679149,0.0751627460122108,0.0593882612884044,0.0486276745796203,0.0046682148240506,-0.0320724844932556,-0.0328881405293941,-0.0201277416199445,-0.0468803234398365,5.802748680114746,3.4888670444488525,2.3358120918273926,1.5907812118530271,1.4563112258911133,1.244055151939392,1.276249885559082,1.0506141185760498,1.1466002464294434,1.0843418836593628,0.8800961971282959,1.050300121307373,0.8094913363456726,0.0260896696979168,0.0118575082861168,0.0934737607284828,0.0371656112391197,15.502745938871564,1,Hyperfunktionelle Dysphonie,2577,phrase
-401.3727722167969,129.25909423828125,27.05132102966309,40.1389274597168,10.569398880004885,16.007768630981445,-6.220880508422852,-6.042136669158936,1.6770238876342771,-3.055030107498169,-5.208864212036133,-7.779599189758301,-4.656588554382324,66.07432556152344,44.81873321533203,22.198183059692383,21.644630432128903,25.945987701416016,14.003453254699709,17.207406997680664,11.35793399810791,8.480613708496094,11.787650108337402,9.016608238220217,10.943291664123535,9.460432052612305,0.5147057771682739,0.4094373285770416,0.0981829538941383,-0.0326447375118732,-0.0749559625983238,-0.0050273812375962,-0.0725734084844589,-0.0224394798278808,-0.0716088935732841,-0.0233375262469053,0.0441475100815296,-0.0065210154280066,0.0069868969731032,11.706170082092283,8.504467010498047,4.279945373535156,2.965064287185669,4.309630393981934,2.204426050186157,3.3233847618103027,2.090663433074951,1.5574820041656494,2.3426456451416016,1.5540471076965332,2.144148111343384,1.681520700454712,-0.1678887605667114,-0.0538257397711277,-0.0683449432253837,-0.0212852694094181,0.060731153935194,0.0346469469368457,0.056244570761919,-0.0051620732992887,0.0434077754616737,0.0208828747272491,-0.0139956455677747,0.0078261392191052,-0.0046002711169421,6.956820011138916,3.331108570098877,3.0309457778930664,1.9308327436447144,2.0410640239715576,1.2089382410049438,1.8763748407363887,1.0842841863632202,0.9123108386993408,1.2143672704696655,1.015416979789734,1.1243247985839844,0.8958854675292969,0.0241524454173365,0.0104464488930366,0.0679184742136593,0.0289686884392521,16.87162715484595,1,Hyperfunktionelle Dysphonie,2589,phrase
-341.0602111816406,125.37374114990234,15.42215633392334,29.169023513793945,9.556803703308104,13.414092063903809,-9.700551986694336,1.3800597190856934,9.591790199279783,-0.6296355724334717,-0.5828717947006226,-0.6743886470794678,-3.163968801498413,101.30684661865234,57.82549285888672,28.127859115600582,31.01163101196289,24.57274627685547,14.541712760925291,16.701087951660156,14.269012451171877,10.442578315734863,13.006996154785156,11.724462509155272,8.19046688079834,9.840944290161133,0.10132547467947,0.0938792526721954,0.069164365530014,0.0095593435689806,-0.0073731285519897,0.0057567148469388,-0.0528858043253421,-0.0083090672269463,-0.0206460766494274,-0.0281545016914606,-0.0037922328338027,-0.01119274366647,0.0242037158459424,15.92463207244873,8.017654418945312,5.109757900238037,4.103551864624023,3.909874200820923,2.388834238052368,3.133526563644409,2.472721815109253,1.7976394891738892,2.436594247817993,2.1636531352996826,1.4981529712677002,1.6941062211990356,-0.0113751543685793,0.0800414755940437,0.0927843376994133,0.0478464625775814,0.0568325407803058,0.0338488072156906,0.02611730620265,-0.0297631453722715,-0.0245484225451946,-0.0210843756794929,-0.03315170109272,0.0004810662358067,-0.0150174712762236,8.723027229309082,3.783048391342163,2.9979372024536133,1.688727617263794,2.0147650241851807,1.0579158067703247,1.5866308212280271,1.3699012994766235,1.0837287902832031,1.4173709154129028,1.1277930736541748,0.741826593875885,0.8145507574081421,0.0161146726916655,0.007547036808365,0.064418506468779,0.0211824438343881,20.26268642389492,1,Hyperfunktionelle Dysphonie,2590,phrase
-377.5071411132813,129.66978454589844,8.90356159210205,32.65399169921875,0.741512656211853,16.963003158569336,-4.234269618988037,-8.070147514343262,6.084724426269531,5.951464653015137,-2.1598925590515137,-9.552576065063477,0.0236847698688507,73.54766082763672,54.80813217163086,24.2625789642334,28.099159240722656,24.70316696166992,18.183738708496094,14.215994834899902,15.771934509277344,9.940181732177734,10.64237117767334,12.903847694396973,12.387008666992188,8.985997200012207,0.9049078822135924,0.4516767561435699,-0.1071963012218475,-0.0202370546758174,-0.1230650395154953,-0.0646696761250495,-0.1838556081056594,-0.0968050435185432,-0.0059748049825429,0.0244153924286365,0.0936264246702194,-0.0379616692662239,-0.1044353768229484,12.8361234664917,9.969115257263184,4.2978515625,3.468441963195801,4.125223159790039,3.382451057434082,2.783542394638061,2.9511590003967285,1.87420654296875,1.5839135646820068,2.267185926437378,2.55079984664917,1.5827628374099731,0.0567527152597904,0.0694831684231758,0.0391706824302673,0.0243845861405134,0.048892855644226,0.0510029606521129,0.0499333590269088,0.0529437288641929,0.0170804392546415,0.0078827878460288,0.0167246274650096,0.0105984490364789,0.0069182310253381,7.038186550140381,4.383363723754883,2.597357749938965,1.96607518196106,1.7363849878311155,1.474567413330078,1.546151638031006,1.4498108625411987,1.204538106918335,0.9188616275787354,1.0610424280166626,1.1791670322418213,0.8655086159706116,0.0208293753972353,0.0083198911853957,0.0542791104080226,0.0129145130571782,18.8418800277199,1,Hyperfunktionelle Dysphonie,2591,phrase
-408.9591369628906,131.10311889648438,2.906624555587769,49.09121322631836,17.49063491821289,10.752076148986816,-4.528057098388672,-3.51719331741333,6.060309886932373,-4.060798645019531,-3.676431179046631,-4.918086528778076,-5.596415519714356,69.49829864501953,46.16355514526367,22.949234008789062,21.5173282623291,25.425981521606445,19.54833984375,18.40318298339844,15.195115089416504,10.330082893371582,8.763344764709473,11.53703498840332,8.337923049926758,8.287466049194336,1.671262502670288,0.7335061430931091,-0.2452416270971298,0.0980712845921516,-0.1860445737838745,-0.1589991003274917,-0.2026973962783813,0.0249169841408729,-0.0501467585563659,-0.1989458948373794,0.0124636804684996,-0.0110831931233406,-0.0480502098798751,12.31661605834961,8.67490291595459,3.811955213546753,2.725577116012573,4.339540958404541,2.5430243015289307,2.9605395793914795,2.139746189117432,2.091533899307251,1.733621597290039,2.2778079509735107,1.5449943542480469,1.6187077760696411,0.0624118596315383,0.1241877004504203,0.0313512720167636,-0.0348552726209163,0.050728403031826,0.0652146711945533,0.0303663108497858,-0.0147771500051021,0.0006874883547425,-0.0128962956368923,-0.0628661587834358,0.0182753186672925,0.0615547932684421,5.934193134307861,4.044345855712891,2.311897754669189,1.6093915700912476,1.5312824249267578,1.3253036737442017,1.4348899126052856,1.308849215507507,0.911334216594696,0.8780214786529541,1.09658682346344,0.9288124442100524,0.8337535262107849,0.0206448584323655,0.009263566783914,0.0750170202806577,0.0168304132739289,19.45525397124146,1,Hyperfunktionelle Dysphonie,2603,phrase
-390.9107055664063,138.76754760742188,25.590181350708008,32.07615661621094,1.8088366985321045,13.22773551940918,-6.485079765319824,-6.078497886657715,4.361742973327637,-8.292336463928223,-7.286439418792725,-4.6763596534729,-1.874874830245972,71.46936798095703,48.49081039428711,22.32032585144043,23.69398498535156,24.05622291564941,15.260069847106934,18.13530921936035,13.039300918579102,11.226480484008787,9.19779109954834,10.809202194213867,9.331223487854004,8.16500473022461,0.5437111854553223,0.2475321143865585,-0.058985985815525,-0.0173079762607812,-0.1759008765220642,-0.0842315480113029,-0.0641421303153038,-0.0367525592446327,-0.0779463648796081,-0.0623863935470581,0.0161654651165008,-0.0350430123507976,-0.08157280087471,11.508723258972168,7.596075534820557,4.437814235687256,3.045439958572388,3.606826066970825,2.464242458343506,3.2444868087768555,2.633354902267456,1.9785503149032595,1.6353129148483276,2.248683214187622,1.6933398246765137,1.6519675254821775,-0.033303428441286,-0.0564560480415821,-0.0412104576826095,-0.0345975719392299,-0.0197688397020101,0.0226447731256485,0.0193560197949409,0.0310828648507595,0.0056553333997726,-0.0079989470541477,0.0007672262727282,-0.0020264228805899,0.0078904908150434,7.562280654907227,3.289276599884033,2.842217206954956,1.703554391860962,1.8711000680923464,1.1570816040039062,1.8293485641479488,1.1414809226989746,0.9959271550178528,0.8509146571159363,1.1300654411315918,0.9262220859527588,0.8661289811134338,0.0155995451262173,0.0061885381687748,0.0547680416468251,0.0145047170522829,20.414700568458624,1,Hyperfunktionelle Dysphonie,2604,phrase
-343.2840576171875,143.50404357910156,6.067215442657471,35.43637466430664,29.06139373779297,20.003585815429688,2.9854865074157715,-5.315412521362305,1.6293388605117798,0.1945139169692993,0.984595000743866,-2.8439245223999023,-3.763091325759888,116.6229476928711,74.42496490478516,35.27667999267578,25.44597625732422,28.426572799682617,19.59961700439453,12.339269638061523,14.333588600158691,14.718388557434082,13.069172859191896,9.613066673278809,10.55405616760254,9.061635971069336,0.307212620973587,0.281664490699768,0.1239348724484443,0.0219673439860343,-0.059045884758234,-0.0496326722204685,-0.0505465790629386,-0.0134925777092576,-0.0239423476159572,-0.0418734177947044,-0.0037785917520523,0.0322926230728626,0.0366736240684986,16.65022087097168,11.190722465515137,4.831799983978272,3.554323434829712,4.810938358306885,2.621957778930664,2.260792255401612,2.5266449451446533,2.0141265392303467,2.2278685569763184,1.6527503728866575,1.3962584733963013,1.5335664749145508,0.149336889386177,0.124746948480606,0.0427914783358573,-0.0046566198579967,-0.0402077212929725,-0.0376549549400806,-0.0441077016294002,-0.0279936753213405,-0.0392431244254112,-0.0192801039665937,0.0085396030917763,-0.0032753080595284,-0.0105995461344718,7.316008567810059,4.331424713134766,2.507652759552002,1.852993369102478,2.167015552520752,1.2893167734146118,1.2518625259399414,1.1523133516311646,0.9154728055000304,1.0705474615097046,0.7499068975448608,0.7085687518119812,0.8417501449584961,0.0168598541130085,0.0071406021852533,0.0775450194857324,0.0237323379109774,17.05345016491168,1,Hyperfunktionelle Dysphonie,348,phrase
-352.9644775390625,133.6463623046875,16.671630859375,50.93370819091797,5.577616691589356,17.5304012298584,-14.01914119720459,-8.212747573852539,2.5623695850372314,1.2196033000946045,3.058581113815308,-10.100418090820312,-1.0778324604034424,68.45879364013672,50.41210174560547,24.513233184814453,26.52182006835937,30.306257247924805,18.23062324523925,15.970351219177246,14.93832015991211,11.014289855957031,14.95891571044922,10.993940353393556,12.814355850219728,7.542859077453613,0.4534937441349029,0.217057317495346,-0.2271658182144165,-0.1098012328147888,-0.0514187142252922,-0.0724260061979293,0.0264961570501327,0.0343159064650535,0.042437270283699,0.0789143517613411,0.0652997940778732,0.0466083660721778,-0.0044006993994116,10.962532043457031,7.976409435272217,4.03179931640625,2.991501808166504,4.987010955810547,2.879709005355835,2.867675304412842,2.750801086425781,2.049487829208374,2.425197124481201,2.222114086151123,2.3897922039031982,1.3993887901306152,-0.2717070281505584,-0.0279929675161838,0.1487306654453277,0.0088786054402589,0.0627878159284591,0.1009794697165489,0.0567155554890632,0.0081286011263728,-0.0037498211022466,-0.0709045678377151,-0.0450633391737937,-0.0402627103030681,-0.0245218519121408,5.933123588562012,3.565419435501098,2.459389925003052,1.5096355676651,2.036304950714112,1.6329666376113892,1.826738953590393,1.7373220920562744,1.006699800491333,1.2394992113113403,1.255259394645691,1.191895604133606,0.6843315958976746,0.0223199375537028,0.0093935234736313,0.0669869722305056,0.0228989342114573,17.908389209502992,1,Hyperfunktionelle Dysphonie,355,phrase
-315.3896179199219,141.976318359375,13.903646469116213,42.08831787109375,9.300704002380373,28.24567222595215,-10.635028839111328,1.2058241367340088,8.835556030273438,-8.982107162475586,-3.0088448524475098,-4.55832052230835,-9.166888236999512,78.84918975830078,46.19053268432617,28.102991104125977,24.82874870300293,21.11810874938965,19.17720031738281,19.56950569152832,14.701578140258787,10.493003845214844,12.108973503112791,10.609696388244627,10.619791030883787,7.932796001434326,0.658536970615387,0.4278008341789245,-0.0521744117140769,-0.1438752561807632,-0.1645764857530594,-0.009040574543178,0.0385876484215259,0.0887972339987754,0.0164658185094594,-0.1038652658462524,-0.0022920917253941,0.0668777152895927,0.0171656608581542,14.53625202178955,7.851944446563721,5.001354217529297,3.7742574214935294,4.131847381591797,2.813727855682373,3.865999937057495,2.1894102096557617,2.1057515144348145,2.333946466445923,1.966258764266968,2.003777265548706,1.4242874383926392,-0.2646007835865021,-0.1511074602603912,-0.0856092572212219,-0.0144853191450238,0.0498388186097145,-0.0051810937002301,0.0577355585992336,0.0284327790141105,0.0468741431832313,-0.0948086529970169,-0.0923949927091598,-0.0179554130882024,-0.0063645895570516,8.635758399963379,2.975694417953491,3.224961757659912,1.933492660522461,2.1025638580322266,1.45441734790802,2.2948429584503174,1.2776000499725342,1.1978062391281128,1.2966315746307373,1.0975772142410278,1.0922971963882446,0.6765978932380676,0.0233457222762211,0.0108437345683526,0.0756926687601168,0.0211158205479613,17.552382703098925,1,Hyperfunktionelle Dysphonie,363,phrase
-399.5386352539063,130.79339599609375,3.7550809383392334,46.5704345703125,12.786718368530272,4.821159839630127,-7.120987892150879,0.3227383196353912,7.416967391967773,-3.760770797729492,-0.1076696887612342,0.8397332429885864,-6.84865140914917,80.37551879882812,53.717552185058594,31.57784652709961,27.492650985717773,28.85801124572754,22.49633979797364,19.986387252807617,9.261174201965332,12.265257835388184,14.153082847595217,7.356550693511963,8.4954252243042,9.375077247619627,0.3868297040462494,0.3542782366275787,0.1363444626331329,-0.0435453169047832,-0.2347856909036636,-0.1342900991439819,-0.0445093065500259,-0.1200125142931938,-0.1204637214541435,-0.0684672370553016,0.0228902213275432,0.0404990129172802,-0.100960649549961,13.831024169921877,9.19260025024414,5.553171157836914,3.573617935180664,5.420863628387451,3.7720789909362793,3.46358585357666,1.904103398323059,2.0490200519561768,2.83174729347229,1.530351638793945,1.674607276916504,1.9610440731048584,-0.1293469667434692,-0.1234511137008667,-0.0723639726638794,-0.0054616322740912,0.0879919826984405,0.0847297832369804,0.0803102031350135,0.0878354758024215,0.0896424874663353,0.0519761368632316,-0.0154754575341939,-0.0015851937932893,0.0081172790378332,7.747607707977295,4.408761978149414,3.612684488296509,2.0743534564971924,2.713993549346924,1.6087872982025146,1.947465896606445,1.1343904733657837,1.1639045476913452,1.6560745239257812,0.9322099089622498,1.0573487281799316,1.1583927869796753,0.0242417035773791,0.0120083463488614,0.073537906571329,0.0198947378791634,16.254130947226596,1,Hyperfunktionelle Dysphonie,499,phrase
-317.6016540527344,131.60423278808594,12.537235260009766,46.860782623291016,11.137812614440918,24.30787849426269,-6.750527858734131,1.8528435230255127,9.456660270690918,1.7767294645309448,10.90445613861084,-11.381742477416992,-10.465038299560549,73.62848663330078,44.59023666381836,24.947126388549805,19.94013977050781,26.150428771972656,18.083946228027344,19.929214477539062,11.856977462768556,10.7221040725708,13.249914169311523,7.306613445281982,12.069028854370115,10.905895233154297,0.4362913072109222,0.227282240986824,0.0122375711798667,0.0301587376743555,-0.070707656443119,0.0050475616008043,-0.0190367437899112,0.03477418795228,0.0237650908529758,-0.0365664586424827,-0.0089842965826392,-0.0714945644140243,-0.0602257996797561,14.00812530517578,7.089140892028809,4.466056823730469,2.8428664207458496,3.938026189804077,2.3933420181274414,3.2754359245300293,1.7605701684951782,2.021329164505005,2.413755416870117,1.1945356130599976,2.2727108001708984,1.992389798164368,-0.0315871722996234,0.0191212184727191,0.0472168773412704,0.0555500984191894,0.0537817552685737,0.0187876410782337,0.0044816518202424,-0.0107438657432794,0.0156838372349739,0.0061436421237885,-0.0122346691787242,-0.0032415427267551,0.0123749962076544,6.981035709381104,3.1783318519592285,2.4527831077575684,1.7702113389968872,1.6545753479003906,0.9732019305229188,1.5527461767196655,0.8867674469947815,1.0761414766311646,1.252718448638916,0.7491692304611206,1.0976067781448364,0.9336345195770264,0.0150220231368408,0.0068230195950169,0.0613204184523747,0.0183981587917343,20.00159535143774,1,Hyperfunktionelle Dysphonie,665,phrase
-405.3527221679688,148.95411682128906,20.46263694763184,45.6324462890625,4.626569747924805,20.71110343933105,3.2498130798339844,-13.501958847045898,4.454189300537109,-0.1239626184105873,-6.648251533508301,-10.544151306152344,-11.805538177490234,69.91937255859375,54.26677703857422,29.88653945922852,23.13056373596192,28.323673248291016,21.47285842895508,13.915801048278809,13.422295570373535,8.855474472045898,12.423484802246094,9.156390190124512,12.170294761657717,10.869897842407228,0.4117878973484039,0.3769747018814087,0.0575089342892169,0.0319907665252685,0.1486268192529678,0.1485869288444519,0.0207135789096355,-0.1126365661621093,-0.0456342361867427,0.0202080775052309,-0.0645315125584602,-0.0906645506620407,-0.0909658223390579,13.523685455322266,9.335293769836426,5.986446380615234,3.4226512908935547,3.9798200130462646,2.373120784759521,2.755797863006592,2.936704635620117,1.6424459218978882,2.502734899520874,1.839991569519043,2.430738925933838,1.9801127910614007,-0.2251149266958236,-0.0699691921472549,-0.0163734443485736,-0.0649449825286865,0.0658373534679412,0.0605530105531215,0.0955418273806572,0.0590900294482708,0.0261895284056663,0.0278509780764579,-0.0089007830247282,0.0048549850471317,0.0531145073473453,8.73119068145752,3.9955763816833496,3.9277303218841553,2.149979591369629,2.0054526329040527,1.1551148891448977,1.6226390600204468,1.512773036956787,0.9230308532714844,1.3310545682907104,0.99056476354599,1.25140118598938,0.9908560514450072,0.0223381536470175,0.0122780039028473,0.0641792787935371,0.0203966138467091,17.294915173332594,1,Hyperfunktionelle Dysphonie,669,phrase
-332.796875,132.47531127929688,27.08074951171875,46.31319046020508,5.53663444519043,14.17678165435791,1.9263129234313965,-5.643869400024414,5.352578163146973,11.308696746826172,2.425256967544556,-8.484505653381348,-0.9727376103401184,108.34403228759766,52.865020751953125,34.208526611328125,21.98603820800781,25.88375473022461,21.766395568847656,16.535493850708008,17.88927459716797,11.127326965332031,11.55026912689209,11.250375747680664,14.32144260406494,8.713089942932129,0.5290389657020569,0.4581952393054962,0.2127499878406524,0.1268271058797836,-0.0205752402544021,0.0256504397839307,0.05149632319808,0.0602151006460189,0.0659641623497009,0.0424151755869388,0.0351888425648212,-0.0386150330305099,-0.0631845146417617,15.1400728225708,7.8544697761535645,4.975563049316406,3.3774685859680176,3.692579507827759,2.50431227684021,2.480705738067627,2.6938259601593018,1.5282527208328247,1.609151840209961,1.8109160661697388,2.4693424701690674,1.4948962926864624,-0.0358601845800876,-0.0101611437276005,0.0366629585623741,0.0533410459756851,0.0781132876873016,0.0624473765492439,0.0211545247584581,0.0126550216227769,0.0205968972295522,0.0195620860904455,-0.0137271508574485,-0.023751888424158,-0.0130487196147441,8.004453659057617,3.5800366401672363,3.1312036514282227,1.7948710918426514,1.772645354270935,1.236559510231018,1.1993266344070437,1.3076701164245603,0.7044569253921509,1.0618160963058472,0.8655132055282593,1.2724204063415527,0.7254892587661743,0.0211508647734026,0.0073458539101578,0.0706701305746009,0.020062740952944,16.88456654812696,1,Hyperfunktionelle Dysphonie,692,phrase
-312.75909423828125,128.58009338378906,10.972575187683104,54.71598815917969,7.284591197967529,19.33802604675293,-11.87657070159912,-1.3704473972320557,8.70849323272705,-7.712862968444824,-1.9276891946792605,-6.629893779754639,-8.482243537902832,86.28800964355469,49.632232666015625,30.19158363342285,21.437440872192383,28.706205368041992,23.481231689453125,18.780323028564453,11.873624801635742,12.683926582336426,12.41684913635254,8.473401069641113,12.467894554138184,11.12717342376709,0.8333923816680908,0.5399895310401917,0.0771589055657386,0.1905787289142608,0.0845834836363792,0.0681881383061409,0.0418084897100925,0.0549005456268787,0.0404303856194019,-0.0076486482284963,-0.0040463712066411,-0.054908949881792,-0.0369442775845527,17.785442352294922,8.328728675842285,6.237035274505615,3.648932218551636,4.083252906799316,2.7363576889038086,3.3422677516937256,2.4793741703033447,1.994201898574829,2.0811028480529785,1.2534431219100952,2.223196506500244,1.9184494018554688,-0.1870937496423721,-0.1004841402173042,0.0072356215678155,0.0180359277874231,0.0748893991112709,0.0166050493717193,0.0257054585963487,0.0372378900647163,-0.0037162743974477,0.0182703826576471,-0.0054582590237259,-0.0538109391927719,-0.0170333441346883,9.886933326721191,3.808260679244995,3.665074348449707,2.25907039642334,2.221669912338257,1.1627840995788574,1.6433075666427612,1.2156277894973757,0.9662607312202454,1.0836565494537354,0.7688760161399841,1.1066842079162598,0.9792545437812804,0.020027121210532,0.0102961919804061,0.0743335609536812,0.0301168643312562,15.493266128269417,1,Hyperfunktionelle Dysphonie,724,phrase
-308.4471130371094,147.10195922851562,25.45079231262207,34.379154205322266,3.239297389984131,29.68805503845215,-6.669673919677734,-4.821873664855957,6.02776575088501,4.069424152374268,-1.7843577861785889,-7.585151672363281,0.1448643803596496,84.36992645263672,53.668216705322266,26.24412727355957,24.41138458251953,25.6199951171875,22.49994659423828,20.14926719665528,13.88463306427002,12.479580879211426,15.733491897583008,10.511980056762695,12.69777488708496,9.553776741027832,0.2529339790344238,0.0779032632708549,0.0097841201350092,0.0817160233855247,-0.0818687379360199,-0.0791184231638908,-0.0983589142560958,-0.0652871429920196,-0.0807312279939651,-0.0891472026705741,-0.0072580245323479,-0.0716876462101936,-0.0446112118661403,13.84751319885254,8.674933433532715,4.253564357757568,3.083972930908203,3.646371603012085,3.1807873249053955,3.65842342376709,2.8223743438720703,2.0113635063171387,3.0019938945770264,1.84895408153534,2.1668527126312256,1.6796268224716189,-0.07823496311903,-0.101872481405735,-0.0624196380376815,-0.0044740159064531,0.0787395685911178,0.1441780477762222,0.0959580168128013,0.0249569341540336,0.0064841206185519,0.028662672266364,0.0432377271354198,0.0290894247591495,0.0519856289029121,7.647119045257568,3.849910259246826,2.9951889514923096,1.936241865158081,1.9715148210525515,1.6862317323684692,2.038933753967285,1.5307109355926514,1.157549262046814,1.7639936208724976,1.0800608396530151,1.244720697402954,0.9369170665740968,0.0300023407017841,0.0159566436538475,0.0875615695080782,0.0361393485423737,15.739093947097372,1,Hyperfunktionelle Dysphonie,819,phrase
-290.01519775390625,136.61727905273438,28.264514923095703,41.35704803466797,14.582316398620604,10.037969589233398,-12.44856071472168,2.685264110565185,5.502558708190918,-9.956191062927246,0.7536960244178772,-0.1958734095096588,-9.1150541305542,70.31119537353516,57.42222595214844,30.86640739440918,30.809261322021484,29.18317604064941,23.48453521728516,16.388294219970703,13.277256965637209,12.057064056396484,17.297496795654297,12.815889358520508,10.832300186157228,10.707819938659668,0.6766747832298279,0.5358962416648865,0.0540111400187015,-0.1412015855312347,-0.2580049335956573,-0.1642777770757675,-0.0717831403017044,-0.0562138780951499,-0.1575754284858703,-0.1095616519451141,0.1124137416481971,0.1029512137174606,-0.0323993153870105,11.880711555480955,8.01398754119873,5.156063079833984,3.5465457439422607,4.936436653137207,3.1747634410858154,3.1592066287994385,2.0441224575042725,2.070986270904541,3.2286031246185303,2.082756519317627,1.7022188901901243,2.00642204284668,-0.1262458562850952,-0.0487688779830932,0.0389764942228794,-0.0014668112853541,-0.002674602670595,0.002610387513414,-0.0089607322588562,-0.0331119149923324,0.0067896335385739,0.0201934613287448,0.0041064890101552,0.0257944259792566,0.0229414273053407,7.865744590759277,3.306546688079834,3.390791177749634,1.8134709596633911,2.265620708465576,1.3208273649215698,1.711719989776611,1.055817723274231,1.0075095891952517,1.5602988004684448,1.146313190460205,0.8857094645500183,1.0203688144683838,0.0186099436209536,0.0083882877026026,0.0635914641970974,0.0183669806149359,20.091350729610465,1,Hyperfunktionelle Dysphonie,827,phrase
-283.0227355957031,153.1654815673828,28.93714714050293,52.72039031982422,12.086634635925291,15.49282932281494,-2.4473745822906494,-3.38227915763855,-1.5284554958343506,11.403406143188477,-8.069082260131836,-16.124929428100586,3.2479968070983887,68.19888305664062,52.99492645263672,32.2384033203125,23.37421607971192,18.90497398376465,20.981101989746094,14.516034126281738,13.895845413208008,9.057466506958008,8.891947746276855,13.034926414489746,14.581742286682127,7.611391544342041,-0.3559039533138275,-0.0782571360468864,-0.2123958319425583,-0.1011907383799552,0.1494486331939697,0.0423643626272678,0.147396981716156,-0.008818594738841,0.1133190020918846,-0.0731857940554618,-0.1698840260505676,-0.015223566442728,-0.0302058327943086,11.381040573120115,8.291145324707031,4.263683795928955,3.768299818038941,3.192436456680298,2.946781873703003,2.7535789012908936,2.043236255645752,1.6028239727020264,1.4048770666122437,2.1709423065185547,2.912764549255371,1.624650478363037,-0.0007886886596679,-0.1024918779730796,-0.0724994018673896,-0.0111980969086289,-0.0308732353150844,0.0475214123725891,0.0728681907057762,0.005143504589796,0.0673350244760513,0.0045392620377242,-0.0500707253813743,0.0263917930424213,0.0395252369344234,6.511086940765381,3.581472158432007,2.6047377586364746,2.1930809020996094,1.7134366035461426,1.5619562864303589,1.7639563083648682,1.178717017173767,1.1743639707565308,0.8248946070671082,1.1362508535385132,1.3550736904144287,0.9737764596939088,0.0268594239801308,0.0116155712595449,0.0961983370493096,0.0341791264666141,13.9887414287461,1,Hyperfunktionelle Dysphonie,829,phrase
-304.2644348144531,139.3501434326172,14.3903226852417,46.858917236328125,8.201355934143066,16.92024803161621,6.655932426452637,1.212020754814148,-5.500095367431641,-1.5242571830749512,0.4569280743598938,-8.088239669799805,-0.8186072707176208,101.09729766845705,51.02287292480469,31.40732383728028,28.054004669189453,25.070283889770508,17.717260360717773,15.537520408630373,9.640963554382324,14.427886962890623,9.96019458770752,7.372208118438721,15.41624641418457,10.558201789855955,0.4061660468578338,0.3171981871128082,0.1019889116287231,0.0669981464743614,0.0009831867646425,-0.0229836720973253,-0.0800654143095016,-0.045417059212923,-0.0469145812094211,-0.0917747393250465,-0.0189930275082588,0.0437259078025817,0.0034643355756998,15.023722648620604,7.546516418457031,4.930935382843018,4.308979511260986,3.6033198833465576,2.057931423187256,2.342597723007202,1.660613179206848,2.2477097511291504,1.4808019399642944,1.2318984270095823,2.47255802154541,1.8554762601852417,-0.1088321954011917,-0.0672408044338226,0.0056552537716925,0.0275882259011268,0.0416891127824783,0.0395247489213943,0.0448924340307712,0.0182107090950012,-0.0160581301897764,-0.0208510905504226,-0.0075183869339525,-0.0117237549275159,0.0204729419201612,8.092647552490234,3.410005807876587,2.893346309661865,1.8620699644088743,1.5644841194152832,1.123819351196289,1.1965409517288208,0.9167277812957764,1.0240968465805054,0.93915057182312,0.786176323890686,1.1592785120010376,1.1019506454467771,0.0213204056431564,0.009761791894242,0.0607242697900061,0.0189132376838415,17.28365773498774,1,Hyperfunktionelle Dysphonie,850,phrase
-387.4546813964844,140.75430297851562,22.673789978027344,32.02831268310547,24.807279586791992,19.12171936035156,4.555192470550537,4.686375141143799,8.721976280212402,2.384967088699341,-0.0962647646665573,1.4430266618728638,0.1721884161233902,81.33685302734375,60.39020156860352,28.821840286254883,26.896738052368164,30.45453834533692,20.10169219970703,20.05547523498535,10.51387882232666,11.157572746276855,8.760120391845703,14.166756629943848,10.070151329040527,9.222437858581545,0.3670668601989746,0.3160921633243561,0.0352277606725692,0.0310790818184614,0.1717019081115722,0.2189871966838836,0.0937843769788742,-0.0368143282830715,-0.0448847971856594,-0.0764010399580001,-0.1349461376667022,-0.0926092267036438,0.0133726922795176,12.263922691345217,9.25843620300293,4.297832012176514,2.5289762020111084,5.3761887550354,2.8374667167663574,3.518953561782837,2.205208778381348,1.8732779026031487,1.874947190284729,2.777584791183472,1.648030400276184,1.553893804550171,-0.166394829750061,-0.1368286162614822,-0.0346856638789176,0.0025598348584026,0.0787053406238555,0.0724130868911743,-0.0148318968713283,-0.0284580327570438,-0.0048852944746613,-0.0111291510984301,-0.0241782218217849,-0.0251825489103794,0.0411098003387451,6.891797065734863,4.430075168609619,2.764859437942505,1.3150638341903689,2.6195645332336426,1.45779550075531,1.8624855279922483,1.309868574142456,0.9940104484558104,1.1456397771835327,1.387137770652771,0.941815972328186,0.8980368971824646,0.0238148658155,0.0078584607212723,0.0821383426655429,0.0233705615237582,16.094842459934767,1,Hyperfunktionelle Dysphonie,854,phrase
-381.60394287109375,127.2013702392578,4.592302322387695,40.34993743896485,15.111586570739746,6.808994770050049,-15.686833381652832,-0.0730154067277908,6.233063697814941,-14.62798309326172,-2.709774971008301,-5.147915840148926,-13.32358169555664,86.00906372070312,52.10820770263672,34.30080032348633,27.47458839416504,25.475854873657227,21.111093521118164,18.172889709472656,11.928494453430176,13.94443416595459,14.960810661315918,12.1583251953125,8.293272972106934,14.53801727294922,0.7696192860603333,0.3334491848945617,-0.1324961483478546,-0.0150403892621397,-0.1312043368816375,-0.0669300034642219,-0.0650868490338325,0.0265181083232164,-0.0196796804666519,-0.093637578189373,-0.0034095125738531,-0.0224484913051128,-0.0659602731466293,15.87626838684082,9.094205856323242,6.047130107879639,2.8391127586364746,4.663374423980713,2.924055814743042,3.4067869186401367,2.3133912086486816,2.177606105804444,3.006781816482544,2.155982494354248,1.3203797340393066,2.888869524002075,0.2176955044269561,0.0526368916034698,-0.0915487259626388,-0.0039667775854468,0.0292281713336706,0.0656974464654922,0.0157654881477355,0.0031851595267653,-0.0107520828023552,-0.0166755616664886,-0.014735659584403,-0.0340366028249263,-0.0242785178124904,7.815627098083496,4.250786304473877,3.2161619663238525,1.6181797981262207,2.2040903568267822,1.5561823844909668,1.6892138719558716,1.3023234605789185,0.936356008052826,1.4192583560943604,1.1877634525299072,1.0305252075195312,1.3514152765274048,0.015719415023399,0.00563399805217,0.0511454758328726,0.0139687209607847,19.896324414357867,1,Hyperfunktionelle Dysphonie,857,phrase
-395.5513000488281,114.71685791015624,2.6933722496032715,41.44247055053711,15.225481033325195,5.475783824920654,-3.336646795272827,-1.4468615055084229,-0.6880332827568054,-4.769716739654541,-5.400793552398682,-7.53813362121582,-0.542543888092041,93.77462005615234,55.76118087768555,34.93030548095703,24.45003318786621,27.11823081970215,23.202497482299805,15.286011695861816,12.485832214355469,9.079928398132324,10.425736427307127,13.214533805847168,12.255419731140137,8.260368347167969,0.0701248124241828,0.0297638587653636,-0.0136885894462466,0.0257211290299892,0.0275115836411714,0.0133219202980399,0.0222069397568702,0.034828245639801,0.0014686079230159,-0.028617613017559,-0.0218125600367784,-0.0261906199157238,-0.0312715657055377,15.446557998657228,7.499411582946777,6.186574459075928,3.346887826919556,3.653577089309693,3.632681846618652,2.7524259090423584,2.07126522064209,1.5342538356781006,1.6918292045593262,2.164291858673096,1.859930634498596,1.506118893623352,0.0067600952461361,0.0399104803800582,-0.0378983132541179,-0.0021683799568563,0.0753249898552894,0.0209479238837957,0.0156939178705215,-0.0159053299576044,0.0354225896298885,0.0079839844256639,-0.0410106964409351,0.0001791475515346,-0.0264050588011741,7.000407695770264,3.182513475418091,3.0993826389312744,1.7160120010375977,1.869961857795716,1.3543528318405151,1.324985384941101,1.0035550594329834,0.8122627139091492,0.8548154830932617,1.083350658416748,0.9108585715293884,0.8352537751197815,0.0167540890013081,0.0077278023179089,0.0577914074114086,0.0160873360933287,19.67257527848964,1,Hyperfunktionelle Dysphonie,868,phrase
-321.3732604980469,125.3310317993164,-3.393193244934082,31.76606559753418,21.05243873596192,17.574478149414062,-13.27903652191162,0.7261048555374146,9.000482559204102,-7.8311944007873535,-0.5943892598152161,3.7603507041931152,-9.119695663452148,73.53829193115234,55.12328720092773,29.86692237854004,28.2154598236084,28.85153007507324,16.972951889038086,20.60054016113281,13.368820190429688,10.609946250915527,17.9829044342041,7.13528299331665,9.117269515991213,12.199655532836914,1.1937167644500732,0.8455687761306763,-0.108411394059658,-0.0992865934967994,0.0554194226861,0.0892309471964836,0.0687915086746215,0.1207868680357933,0.0466696992516517,-0.127662792801857,-0.0279340632259845,0.0426686890423297,-0.0352161042392253,14.538132667541504,9.53773593902588,5.499001502990723,3.60861873626709,5.3604021072387695,2.2672910690307617,4.066609859466553,2.4738569259643555,1.9843260049819944,3.8344805240631104,1.501739501953125,1.8354663848876955,2.3818359375,-0.1697909086942672,-0.2518493831157684,-0.1931200474500656,-0.0236969627439975,0.0892218872904777,0.0550924502313137,0.0110428854823112,0.0153563870117068,-0.0048616440035402,-0.0324056558310985,-0.0400989986956119,-0.0103524746373295,0.0321407616138458,7.878740310668945,3.694650411605835,3.7228193283081055,1.963404655456543,2.447816133499145,1.3084938526153564,2.020311117172241,1.2679483890533447,1.0827187299728394,1.885367631912232,0.8138462901115417,1.1038140058517456,1.1018471717834473,0.0120337531041653,0.0045304281239806,0.0591555750604321,0.0153255715755195,21.305566273018883,1,Hyperfunktionelle Dysphonie,881,phrase
-324.0857238769531,149.12548828125,24.008270263671875,38.79677200317383,-3.559356927871704,21.86536979675293,-3.023275852203369,-19.134809494018555,0.4771524369716644,5.709083080291748,-1.8014310598373413,-11.206146240234377,-6.481279850006104,67.40788269042969,53.95540618896485,29.12793731689453,21.731595993041992,23.45803451538086,18.073766708374023,13.67255973815918,18.784025192260746,9.445996284484863,10.509224891662598,9.421406745910645,11.830689430236816,11.844615936279297,0.8321611881256104,0.5205275416374207,-0.1385292410850525,-0.1706613004207611,-0.1928944736719131,0.0183291994035244,0.047018002718687,-0.0916418433189392,0.090248666703701,0.1454880088567733,0.0319137386977672,-0.038855779916048,-0.0683498382568359,12.61277675628662,8.226640701293945,5.05759859085083,2.499298572540283,3.724517107009888,3.0390379428863525,2.6912331581115723,3.364828109741211,1.791380763053894,1.8277006149291992,1.901971340179444,2.4512248039245605,1.9478470087051392,-0.4445081353187561,-0.0981054604053497,0.1431192457675933,-0.0641293227672576,0.0347840636968612,-0.0207961797714233,0.0120565965771675,0.0741198509931564,0.0280829034745693,0.0574654415249824,0.0416860915720462,-0.038513209670782,0.027329659089446,7.728682994842529,3.37518048286438,3.849982976913452,1.643882393836975,1.9883228540420528,1.5445268154144287,1.5635069608688354,1.772826075553894,1.140764832496643,1.072920322418213,1.1560698747634888,1.3045694828033447,0.9501978158950806,0.0228326628124441,0.0089813718219139,0.0634485469900372,0.0229812347330112,17.044971304850932,1,Hyperfunktionelle Dysphonie,888,phrase
-283.6865234375,129.14959716796875,17.045032501220703,48.81172561645508,-4.756035804748535,27.09524917602539,-0.0523026436567306,-8.060148239135742,6.212871551513672,0.4796625673770904,-5.189435005187988,-9.306647300720217,-2.59779953956604,79.46951293945312,48.89242172241211,34.03508758544922,29.59737205505371,25.05404281616211,19.5230655670166,14.899169921875,15.759268760681152,11.63406753540039,11.61592960357666,14.003011703491213,13.493928909301758,9.016837120056152,0.7020033597946167,0.4780921936035156,-0.054318118840456,-0.0977320075035095,-0.0961279198527336,-0.011326964944601,0.0065045109950006,-0.0050218957476317,-0.042784534394741,-0.0676632076501846,-0.0317447073757648,-0.0317580923438072,-0.0441561490297317,15.489361763000488,7.8787078857421875,5.949239253997803,4.603789806365967,3.4374711513519287,2.5263419151306152,2.823604345321656,2.709432363510132,1.9117882251739504,2.0546882152557373,2.408435344696045,2.379150390625,1.6454023122787476,0.0506117269396781,0.1084117591381073,0.0446711331605911,-0.0568986721336841,-0.0039812293834984,0.026335459202528,-0.0112217534333467,-0.0201371759176254,0.0051514003425836,-0.0123421624302864,-0.042927898466587,-0.0285000056028366,-0.0383361652493476,9.65225315093994,4.3114447593688965,3.515701532363892,2.3024444580078125,2.0563628673553467,1.0396076440811155,1.4865427017211914,1.4060288667678833,1.0024017095565796,1.1677186489105225,1.1736222505569458,1.2005442380905151,1.0375531911849976,0.022239772497747,0.009590529529096,0.0635770448465132,0.0180933754298352,17.025239830379945,1,Hyperfunktionelle Dysphonie,889,phrase
-289.1831359863281,146.4793701171875,12.633140563964844,39.56840896606445,10.845259666442873,15.828169822692873,-11.193278312683104,-8.081302642822266,8.317646980285645,2.3229293823242188,-0.047915119677782,-5.792364597320557,2.361236333847046,74.74552154541016,49.59809112548828,31.472299575805664,25.6838436126709,30.230504989624023,14.464162826538086,13.382302284240724,13.286376953125,9.12879467010498,15.694281578063965,7.966850280761719,12.041740417480469,8.041837692260742,0.6733151078224182,0.5082914233207703,0.0549045763909816,-0.0712545961141586,-0.1848126053810119,-0.0399850457906723,-0.0451329760253429,-0.1245441064238548,0.0405783504247665,0.0849307402968406,0.0554272830486297,0.035842228680849,-0.0630704760551452,13.72881031036377,8.679208755493164,4.818676471710205,3.3360958099365234,4.903316497802734,2.244802474975586,2.415360450744629,2.8192803859710693,1.369507908821106,2.258669853210449,1.539595127105713,2.499197244644165,1.5497844219207764,-0.2401029467582702,-0.2303866744041443,-0.0359790101647377,0.0529406368732452,0.0561307482421398,0.0795849338173866,0.054733820259571,-0.0162739474326372,0.003216017736122,0.0311330575495958,0.004499802365899,-0.0076564392074942,0.0213715434074401,6.539575099945068,3.932377576828003,2.728163957595825,1.659894585609436,2.0522501468658447,1.2551686763763428,1.3274049758911133,1.874337911605835,0.944214403629303,0.998334527015686,0.9130067825317384,1.2239235639572144,0.775161862373352,0.0232013693462348,0.0123306061278023,0.0664011896004916,0.0205370458065913,17.244149815095714,1,Hyperfunktionelle Dysphonie,890,phrase
-366.8317565917969,152.06918334960938,19.049684524536133,44.37052917480469,20.763879776000977,27.70294189453125,-2.168949842453003,0.057920191437006,9.04790210723877,-1.043367624282837,4.30319881439209,-1.9910731315612795,-4.618424892425537,74.72337341308594,63.89046859741211,29.779937744140625,31.04622459411621,27.95108413696289,20.20433807373047,18.841508865356445,15.288582801818848,13.17116355895996,13.89164924621582,8.482653617858887,11.784151077270508,11.828897476196287,0.860282301902771,-0.0625991448760032,-0.1137559190392494,0.2466050684452057,-0.1925305724143982,-0.0153446365147829,-0.079168364405632,0.1366614997386932,0.0020473713520914,-0.0628811717033386,0.0463413596153259,-0.0369829908013343,-0.1329919248819351,15.312174797058104,9.974315643310549,5.375688552856445,4.158907890319824,4.406352043151856,2.5530319213867188,3.832911252975464,2.9874613285064697,2.0702178478240967,2.661983013153076,1.6257784366607666,2.346059083938598,2.423036575317383,0.140134572982788,0.2334343791007995,0.0091361254453659,-0.023869739845395,0.0955125838518142,0.0477514564990997,0.0420154817402362,-0.0314625687897205,-0.0322333686053752,-0.0004232123028486,0.012832548469305,-0.00392452115193,0.0270083490759134,9.223727226257324,4.551812648773193,2.9817798137664795,1.96002197265625,2.0124340057373047,1.4465521574020386,1.9449046850204468,1.5493154525756836,1.205077052116394,1.396223783493042,0.9770157933235168,1.195659041404724,1.2110975980758667,0.0317531037248131,0.0132920285420506,0.1315772619658744,0.0406123697610192,14.867096508508189,1,Hyperfunktionelle Dysphonie,894,phrase
-311.61260986328125,155.13418579101562,22.68722152709961,47.74181365966797,4.75075101852417,28.12276840209961,-4.467976093292236,-5.373857975006104,7.911621570587158,3.449941635131836,-3.304645538330078,-9.2940034866333,-2.613441705703736,79.99737548828125,59.49789810180664,22.584259033203125,17.38018798828125,23.77354049682617,20.80632972717285,19.495370864868164,15.047310829162598,9.110804557800291,6.86192798614502,11.229207038879396,10.604669570922852,8.371705055236816,0.259576141834259,0.1575085222721099,0.1104669794440269,0.0751027688384056,-0.008772918023169,0.0402775779366493,-0.0216039549559354,0.0474031306803226,0.014425890520215,-0.0067545273341238,0.074137270450592,0.0237441752105951,0.0079291984438896,15.173654556274414,9.01793098449707,4.640377998352051,2.8262059688568115,3.9157094955444336,2.727867603302002,3.447795867919922,2.812582015991211,1.6931072473526,1.2827123403549194,2.026494026184082,1.6494605541229248,1.6677166223526,-6.915111589478329e-05,0.0336609408259391,-0.0154123893007636,-0.0351135209202766,0.0328831672668457,0.0358088128268718,0.0236824341118335,0.0239448305219411,0.0202609542757272,-0.0302569642663002,-0.0633523315191268,-0.0268092006444931,0.0169023144990205,8.104999542236328,3.526408195495605,3.048612356185913,1.4648383855819702,2.03211522102356,1.3295215368270874,1.794028878211975,1.435512900352478,0.9730388522148132,0.8911408185958862,0.9424394965171814,0.754761815071106,0.8869467377662659,0.0503812685986583,0.0242174529756949,0.1113618031578769,0.0401509320007671,9.913194766930475,1,Hyperfunktionelle Dysphonie,898,phrase
-380.48736572265625,139.4311981201172,24.60011482238769,56.82023620605469,11.944830894470217,24.82838249206543,4.405336856842041,0.4983809888362884,8.115652084350586,7.335586547851562,-0.9138248562812804,-6.193697929382324,2.7228033542633057,66.4728775024414,34.6011848449707,31.6107120513916,20.0421142578125,25.43629264831543,15.270368576049805,16.750123977661133,11.656974792480469,12.16744899749756,10.040407180786133,12.632736206054688,8.864974021911621,8.50805950164795,0.0660745128989219,0.1603183299303054,0.1142900213599205,0.0077604777179658,-0.0151850152760744,0.0093645695596933,-0.0063079874962568,-0.0094554610550403,0.0096045359969139,-0.029607530683279,-0.0623039230704307,-0.0503022037446498,-0.048243660479784,13.433205604553224,6.520091533660889,6.131380558013916,3.233827352523804,3.758424758911133,2.7281434535980225,3.394862651824951,2.205657720565796,1.875260710716248,1.8745062351226809,2.335758924484253,1.89606511592865,1.6162996292114258,0.7746419310569763,0.0936689749360084,-0.0791487693786621,-0.1004391685128212,0.0541789643466472,0.0173658616840839,-0.0093235652893781,0.0362732410430908,-0.0095450226217508,-0.0774069651961326,-0.0379494465887546,-0.046464268118143,-0.0641145035624504,8.466471672058105,3.296306848526001,3.7142388820648193,2.116206884384156,1.657994508743286,1.4829466342926023,1.8593404293060305,1.1586707830429075,1.1234158277511597,1.0828819274902344,1.2901016473770142,1.0530844926834106,1.1237421035766602,0.0263464892990588,0.011953938087522,0.054850753215127,0.0216496173222201,16.373655578214905,1,Hyperfunktionelle Dysphonie,909,phrase
-371.5325317382813,142.07589721679688,20.03466415405273,58.05995941162109,13.82624340057373,35.0978889465332,14.931504249572754,-10.05264949798584,-6.004818439483643,13.730731010437012,2.2455554008483887,-5.776895523071289,-0.7384839653968811,70.11011505126953,42.93146133422852,33.10500717163086,22.168237686157227,24.00284767150879,26.71138000488281,21.3540096282959,16.75591468811035,18.132211685180664,11.28609561920166,16.768787384033203,11.515862464904783,12.408370018005373,0.3207489550113678,0.3046942055225372,-0.0258555896580219,-0.0280476603657007,-0.0574689991772174,-0.0279417857527732,-0.033449187874794,-0.0262159723788499,-0.007734945975244,-0.0032650313805788,0.0311949662864208,-0.0310250297188758,-0.0279357843101024,12.534238815307615,5.683157920837402,5.581408500671387,4.157369136810303,2.940335988998413,3.005396604537964,2.8178508281707764,2.696502685546875,2.75960373878479,1.946561336517334,1.9705342054367063,1.799555778503418,1.7805838584899902,0.6833813190460205,0.0953009277582168,-0.0402515977621078,-0.0268099848181009,0.0057052145712077,-0.0097454786300659,0.0126004591584205,0.0561930574476718,0.0530254691839218,0.0528855249285697,0.0175073370337486,0.0010809949599206,0.0063049998134374,7.592822074890137,2.837815761566162,3.11918306350708,1.9734477996826167,1.3699675798416138,1.1839107275009155,1.4127607345581057,1.3074257373809814,1.4211461544036863,1.205986738204956,0.8997493386268616,0.9388318061828612,0.8548144102096558,0.0381360453466709,0.0188067521324474,0.0528634293796375,0.0181327191862552,15.97511279428056,1,Hyperfunktionelle Dysphonie,922,phrase
-358.7333984375,119.59659576416016,5.335301399230957,37.779293060302734,12.035738945007324,13.575260162353516,-17.298160552978516,-1.3316301107406616,4.814883708953857,-16.706058502197266,-4.108360767364502,-1.6277023553848269,-6.493823051452637,83.76636505126953,49.84307861328125,26.33534049987793,21.520570755004883,29.884849548339844,15.281862258911133,16.617067337036133,12.284761428833008,13.302237510681152,15.94813346862793,8.668684005737305,9.954925537109377,8.887527465820312,0.5513023138046265,0.4146736562252044,0.0493011586368083,0.067843846976757,0.0040285475552082,-0.084994725883007,-0.0590740554034709,-0.0676857158541679,-0.1191351339221,-0.1049334406852722,-0.037082303315401,0.0502466075122356,0.0570234395563602,15.61561107635498,7.989149570465088,5.489978313446045,3.302919387817383,4.769859790802002,2.5196807384490967,2.933006525039673,2.2017815113067627,1.942959904670716,2.2472164630889893,1.4714219570159912,1.595915913581848,1.4729011058807373,0.1369839906692505,0.1191519126296043,0.056793488562107,0.0206702966243028,-0.0398073755204677,-0.0270203948020935,0.0227996949106454,0.029426947236061,0.0059174899943172,0.0295949447900056,0.0475595816969871,0.0213073641061782,-0.0051000178791582,8.762446403503418,3.5650172233581543,3.5108189582824707,1.7603594064712524,1.9248260259628296,1.2566463947296145,1.580329418182373,1.082795023918152,0.9124980568885804,1.1129465103149414,0.8210995197296143,0.9009918570518494,0.8060245513916016,0.0153032629280047,0.0073452059396022,0.0541299975627831,0.0200920587973255,19.20301735087502,1,Hyperfunktionelle Dysphonie,934,phrase
-339.7656555175781,150.36532592773438,16.49931526184082,49.44619369506836,5.602505207061768,21.67413711547852,-7.872661590576172,-5.382099151611328,4.609100818634033,3.260352373123169,-6.296518802642822,0.192891240119934,-0.4493401646614074,70.79959106445312,42.84892654418945,25.03239822387696,19.31785011291504,23.846704483032227,20.59404563903809,16.399824142456055,11.057799339294434,11.135099411010742,10.292488098144531,15.162338256835938,10.218254089355469,9.109556198120115,0.9796716570854188,0.3509885966777801,-0.0391130000352859,0.1245343089103698,-0.0415523760020732,0.0308750942349433,-0.1349948644638061,0.0175323691219091,0.0185252893716096,-0.0457172021269798,0.0384680293500423,-0.0138127822428941,-0.035573985427618,11.682034492492676,7.201534271240234,4.426091194152832,2.944843053817749,3.5766258239746094,2.515988111495972,2.671288251876831,2.043738603591919,1.941206932067871,1.8720015287399288,2.2801268100738525,1.5016061067581177,1.6675076484680176,-0.1378473937511444,0.0107627492398023,0.0897271484136581,0.0393144823610782,0.1046630442142486,0.0321883484721183,0.0076935035176575,0.0250181090086698,0.0727741196751594,0.0255895219743251,0.0171426609158515,-0.0274299550801515,-0.0378033630549907,6.236206531524658,2.7889997959136963,2.742906093597412,1.6108906269073486,1.6505917310714722,1.35475754737854,1.4819982051849363,1.0472561120986938,1.0298583507537842,1.1467796564102173,1.1170132160186768,0.8378446102142334,1.0628081560134888,0.0265698350185931,0.0125457925385325,0.0930485751259511,0.0360781595332057,13.692755971493073,1,Laryngitis,1046,phrase
-350.4619140625,137.8477020263672,24.210832595825195,35.44799041748047,29.207454681396484,11.706472396850586,-6.771541595458984,-5.453249931335449,-2.429872989654541,-0.8236618041992188,-2.5702061653137207,-13.13185214996338,-6.467888355255127,69.99220275878906,52.53357696533203,28.103435516357425,28.063138961791992,28.19792938232422,16.221118927001953,15.288355827331545,16.468441009521484,13.788070678710938,9.528624534606934,11.138121604919434,13.399885177612305,9.51488971710205,0.2687850892543793,0.2535871565341949,0.0682715475559234,-0.0543169602751731,-0.084809310734272,-0.0290217325091362,-0.0173623692244291,-0.0139060076326131,-0.0381242930889129,-0.0426658280193805,-0.0063662054017186,-0.0229281913489103,-0.0197499599307775,12.615497589111328,7.961431503295898,4.57763147354126,3.517685651779175,4.220449924468994,2.529930353164673,3.216416597366333,2.771543025970459,1.884461760520935,1.6091688871383667,1.849358439445496,2.438807487487793,1.8013603687286377,-0.1785310208797454,-0.1269619911909103,0.0500522553920745,0.0761575922369957,0.0593178197741508,0.0719140842556953,0.0474773868918418,0.0179593861103057,0.0212436988949775,0.0066394214518368,-0.0088051408529281,-5.8631267165765166e-05,-0.0207498297095298,5.910242080688477,3.068453073501587,2.559155941009521,1.8761892318725584,1.9095379114151,1.1866743564605713,1.561715841293335,1.2326184511184692,1.0293699502944946,0.9055150151252748,0.9252384901046752,1.1846593618392944,0.9162381887435912,0.0217360906760303,0.0081722051133899,0.0676585803542913,0.0207234371743879,18.460929661361345,1,Laryngitis,1047,phrase
-318.3229675292969,113.45235443115234,14.25917148590088,46.45436477661133,10.815558433532717,32.89024353027344,-2.5435354709625244,-11.004524230957031,9.161049842834473,2.3861641883850098,1.0430536270141602,-7.028042793273926,-2.9322948455810547,99.12307739257812,55.87623596191406,32.9898681640625,26.13729858398437,19.83781242370605,20.14406013488769,18.96686553955078,17.176910400390625,11.107680320739746,11.190152168273926,10.326094627380373,12.627398490905762,12.532844543457031,0.3887596428394317,0.4060224890708923,0.0799103155732154,-0.0698378160595893,-0.0002098370314342,-0.0099613070487976,-0.0805266126990318,-0.0929092466831207,-0.0441094599664211,-0.0031441817991435,-0.0001743431348586,-0.0101330261677503,-0.022655552253127,16.31439971923828,8.427151679992676,6.180057525634766,4.336864471435547,2.7820096015930176,2.999640464782715,3.502851963043213,3.2003746032714844,1.7304422855377195,1.902921438217163,1.6207540035247805,2.4842119216918945,2.100362062454224,-0.1469958573579788,-0.0950609222054481,0.0737248882651329,0.1161324009299278,0.1076742112636566,0.0692292898893356,0.0177530944347381,0.0062689618207514,-0.022775774821639,-0.0183856319636106,0.0042227157391607,-0.0233061555773019,-0.0310027226805686,7.244537353515625,3.671172857284546,3.1358535289764404,2.2873454093933105,1.6528420448303225,1.4646037817001345,1.6950738430023191,1.485922932624817,0.8969987034797668,0.9879355430603028,0.9303045868873596,1.1192601919174194,1.1589879989624023,0.0299660467444792,0.0123233288331342,0.0970455065549838,0.0370676085615146,14.369424392303628,1,Laryngitis,107,phrase
-293.0085754394531,87.34181213378906,15.52160930633545,47.95082092285156,0.9081016778945924,21.03689384460449,-25.440053939819336,2.803507328033448,-4.8509135246276855,3.2335422039031982,-5.226929664611816,-9.396263122558594,-3.6957831382751465,91.7790985107422,45.71154022216797,32.571556091308594,24.09167861938477,26.02715492248535,14.798433303833008,20.671401977539062,16.346904754638672,12.98086929321289,10.27797508239746,10.32669448852539,9.923797607421877,9.082172393798828,0.6429481506347656,0.3057713210582733,-0.1316503882408142,-0.0579440407454967,-0.045832771807909,-0.0308787729591131,-0.0460050068795681,0.0368519946932792,0.0326435528695583,0.0456173792481422,0.0436513200402259,0.0236117765307426,0.0324993729591369,15.823537826538086,6.574206352233887,4.96147346496582,3.186330556869507,4.267079830169678,2.374895095825196,3.358427762985229,2.462027072906494,2.1922523975372314,1.99307382106781,1.8727823495864868,1.739179253578186,1.522576093673706,-0.4672741889953613,-0.1690146178007125,0.0633103102445602,0.0410688109695911,0.1160670891404151,-0.0524694062769413,-0.0011417792411521,-0.0016671929042786,0.0231628566980361,0.0553217977285385,-0.0315206721425056,0.0006197548937052,0.0270901601761579,8.544877052307129,3.530467748641968,2.688392400741577,1.9027433395385744,2.1064693927764893,1.1632946729660034,1.6812742948532104,1.0887194871902466,1.200847864151001,1.306514859199524,0.903408706188202,0.8692960739135742,0.7949322462081909,0.0174767013587849,0.0076468851537876,0.0589000571126148,0.0216566547725828,16.98210221080633,1,Laryngitis,1119,phrase
-328.4562072753906,127.37173461914062,19.4742431640625,51.86449432373047,8.103404998779297,21.40757369995117,1.0885930061340332,17.299959182739258,-12.625139236450195,-2.066739320755005,12.13062572479248,-11.976491928100586,-1.3565415143966677,84.90046691894531,46.41472625732422,26.877735137939453,22.583131790161133,21.556718826293945,23.49073982238769,19.27342414855957,10.578810691833496,18.080717086791992,12.191692352294922,11.946493148803713,12.904266357421877,10.176436424255373,0.3181222379207611,0.3216137886047363,0.132516473531723,0.1669252216815948,0.0822998061776161,-0.0042792540043592,0.1138103157281875,0.0578574351966381,-0.0681401118636131,-0.0084591042250394,-0.007600856013596,-0.147701546549797,-0.0179558247327804,15.716711044311523,7.437590599060059,4.32776403427124,3.7662513256073,3.4117465019226074,2.8048856258392334,3.2371275424957275,2.0321924686431885,3.6301286220550537,2.359684944152832,1.825622200965881,2.2858097553253174,1.859800934791565,0.1632811427116394,0.1807232946157455,0.0197634361684322,-0.108158953487873,-0.1178119629621505,-0.0552935190498828,-0.0384106896817684,-0.0362687446177005,0.0692191794514656,0.0204037223011255,-0.0275421794503927,0.0744556784629821,0.0801838263869285,8.566278457641602,4.153238773345947,2.74880313873291,2.16603684425354,2.0091769695281982,1.4262956380844116,1.5807291269302368,1.0809366703033447,1.5681406259536743,1.3455175161361694,1.010414481163025,1.2285822629928589,1.0747803449630735,0.0173263134429476,0.0076914235529415,0.1091486016808177,0.0311522583679923,15.345371017387228,1,Laryngitis,1161,phrase
-323.99237060546875,137.64193725585938,-0.062713399529457,33.99922561645508,17.730438232421875,21.74866485595703,-11.108020782470703,-12.159703254699709,4.282389163970947,0.2726999819278717,-4.268162727355957,-9.620889663696287,-5.321864604949951,88.0040054321289,54.331031799316406,31.849889755249023,26.76632308959961,25.100807189941406,18.002273559570312,17.0162353515625,16.019315719604492,15.154463768005373,9.399263381958008,11.517125129699709,11.090418815612791,11.263497352600098,0.5991432666778564,0.3789893686771393,-0.1678507179021835,-0.0964351221919059,-0.0048351748846471,-0.013051064684987,-0.0287099611014127,-0.0138007830828428,0.0525267906486988,-0.0305053535848855,-0.0350766517221927,-0.047521386295557,-0.100856602191925,15.19704246520996,7.20341682434082,5.480910778045654,3.4473907947540283,3.845768690109253,2.35479736328125,2.544296741485596,2.5888867378234863,2.280256509780884,1.696732759475708,2.033195734024048,1.6753596067428589,1.8005698919296265,-0.1297914087772369,-0.0289771445095539,-0.0011795256286859,-0.01713796146214,0.1061289384961128,0.0088857635855674,-0.0156064424663782,0.0131169585511088,-0.0282350834459066,-0.0135831972584128,-0.0277502760291099,-0.0093532372266054,-0.0086217122152447,7.183032989501953,2.549467802047729,3.022365093231201,1.8333641290664675,1.947048902511597,1.2068078517913818,1.253340721130371,1.246518850326538,1.087636113166809,1.035756230354309,0.9415184259414672,0.8351636528968811,0.8164368867874146,0.0276509098819842,0.0119575941215607,0.1043438413703162,0.0396917132958394,13.026274142989871,1,Laryngitis,1163,phrase
-358.5001525878906,130.6927032470703,13.513871192932127,40.42952728271485,-2.144197463989258,21.28432273864746,-17.624448776245117,-12.022904396057127,4.953003883361816,-2.737709045410156,-7.433404445648193,-9.371058464050291,-4.360187530517578,93.42039489746094,54.75936508178711,30.21551513671875,19.24186897277832,26.24822998046875,20.42196083068848,19.68367385864257,16.621278762817383,9.130901336669922,14.712167739868164,12.047078132629396,10.122199058532717,8.668086051940918,0.3466001451015472,0.2696757614612579,-0.0135413408279418,-0.0730592906475067,-0.0117902951315045,-0.0001675089151831,-0.0240669641643762,0.0391841121017932,0.0512780100107193,0.0270105991512537,-0.0314563810825347,-0.0755757316946983,-0.0360769480466842,20.117292404174805,9.972919464111328,5.997048854827881,3.306344747543335,4.391073226928711,3.1329970359802246,4.294582366943359,3.099571228027344,1.5670182704925537,2.59399962425232,2.06317138671875,1.8688054084777832,1.8689063787460327,-0.2354393452405929,-0.136881873011589,-0.0155541002750396,-0.0613264441490173,-0.0189199838787317,0.0222540944814682,0.0754976272583007,0.0137382447719573,-0.0323201157152652,0.0362708196043968,0.0270558353513479,0.0074302651919424,0.0449405908584594,8.474518775939941,3.829661130905152,3.4411330223083496,2.0882227420806885,1.7576836347579956,1.4462707042694092,1.822282552719116,1.3797093629837036,1.000956416130066,1.3010526895523071,1.0353062152862549,0.9922485947608948,0.8743994235992432,0.0228538438060265,0.0112146594130842,0.0749596228401141,0.031347589928566,15.652262120062678,1,Laryngitis,1188,phrase
-360.9375915527344,128.13597106933594,23.231109619140625,50.80207824707031,6.8028178215026855,21.83717155456543,-14.040634155273438,-1.345149040222168,7.144018650054932,-1.805114388465881,-4.651449203491211,-13.789793014526367,-3.0164217948913574,71.43672180175781,50.99631881713867,30.263458251953125,25.651670455932617,22.209339141845703,17.691741943359375,16.196359634399414,14.540717124938965,13.098889350891112,10.779010772705078,12.00390338897705,10.975882530212402,10.203166007995604,0.3467192947864532,0.1147090420126915,-0.1679358184337616,-0.0351166427135467,0.0050770677626132,0.0488052889704704,-0.0101607581600546,0.0245033893734216,0.059968065470457,0.0396237298846244,-7.195237412815914e-05,-0.0833095610141754,-0.0363657400012016,10.938347816467283,6.913466453552246,5.030774593353272,3.484503746032715,3.961477518081665,2.8151156902313232,2.8362362384796143,2.5868113040924072,2.0710041522979736,1.818337202072144,2.1418089866638184,2.08380389213562,1.96944260597229,-0.0852055847644805,0.0425547733902931,-0.0735014751553535,-0.006097546312958,0.1602818965911865,-0.0708843469619751,0.0636030137538909,-0.0179937649518251,-0.089986428618431,0.0173504799604415,-0.0336219519376754,0.0390316732227802,0.0404551513493061,7.616855144500732,3.0476062297821045,2.936162233352661,1.8157830238342283,2.1462676525115967,1.325565218925476,1.4430917501449585,1.3323750495910645,1.147867202758789,1.27204430103302,1.052188515663147,0.9327621459960938,0.9015066623687744,0.0206747384906703,0.0098081736258739,0.062530788991784,0.0215230379778247,19.557486018545884,1,Laryngitis,1192,phrase
-293.29913330078125,111.40234375,9.642767906188965,59.34269714355469,0.1394912749528885,25.885677337646484,2.054097890853882,0.339853435754776,8.681747436523438,11.2986478805542,0.0371745266020298,-3.175367593765259,4.786853313446045,85.25582122802734,42.541969299316406,27.89022254943848,26.190807342529297,24.92295837402344,15.17580509185791,15.022570610046388,11.459430694580078,13.569317817687988,12.2120361328125,11.459909439086914,11.959321975708008,8.909238815307617,0.7136425971984863,0.4923308193683624,0.008506660349667,-0.0018625772790983,-0.0734627395868301,-0.0467155948281288,-0.1092869788408279,-0.1471955478191375,0.0033822930417954,0.0851387232542038,0.0922227427363395,-0.0097378315404057,-0.0381170660257339,17.340364456176758,7.872793674468994,4.991513252258301,4.041516780853272,4.264473915100098,2.6446468830108643,3.250677585601806,2.129061222076416,2.283456325531006,2.105175256729126,2.46692156791687,2.5570905208587646,1.8635646104812624,0.0128824384883046,0.0912437140941619,-0.1015561148524284,-0.1660012155771255,0.0458341017365455,-0.0220831576734781,-0.0035980704706162,0.0734510794281959,0.0175703670829534,-0.0310925915837287,-0.0046787145547568,0.0116606019437313,0.0054565533064305,9.16020965576172,4.018659114837647,3.075216054916382,1.962681531906128,1.7890710830688477,1.2326313257217407,1.7344770431518557,1.267454743385315,1.295954942703247,1.3501306772232056,1.2041131258010864,1.5133583545684814,1.3074332475662231,0.025135523682644,0.0118473271965728,0.1093227119621835,0.0480333648347627,14.643742960048556,1,Laryngitis,1221,phrase
-330.444580078125,127.33248901367188,12.567914962768556,53.01456069946289,-6.981945991516113,18.8598747253418,-10.39051914215088,-10.182819366455078,7.805369853973389,-2.1797080039978027,-5.722121238708496,-5.74788236618042,-9.971529006958008,86.37405395507812,42.40547561645508,28.106725692749023,19.08816146850586,26.91438865661621,20.700801849365234,16.444278717041016,19.43890380859375,11.837982177734377,13.95757007598877,11.643701553344728,8.768197059631348,10.68840503692627,0.2786614596843719,0.1957357972860336,-0.0009847477776929,0.0195824708789587,-0.037280436605215,-0.1047875583171844,-0.0256591439247131,0.0528364144265651,0.0356093235313892,0.0267098061740398,0.0334589667618274,0.0291411578655242,-0.0015003957087174,14.853635787963867,6.744623184204102,5.588231086730957,3.0758635997772217,4.141237258911133,2.9899168014526367,2.575441360473633,2.870927572250366,2.043180465698242,2.470467329025269,2.14927625656128,1.6470046043395996,2.160269498825073,-0.2574922740459442,-0.089822769165039,-0.0037381923757493,-0.0331165194511413,0.1402178257703781,0.072573535144329,-0.007080023176968,0.0094376234337687,-0.0060637332499027,-0.0419210195541381,-0.003930571489036,0.0125693129375576,0.0411540456116199,7.535767555236816,3.3424060344696045,3.303913354873657,1.492906093597412,2.268411636352539,1.3755574226379397,1.3634392023086548,1.4410643577575684,1.0680097341537476,1.2796096801757812,1.051369071006775,0.9390273094177246,1.1493773460388184,0.0169574484785394,0.0075465655834406,0.0462140044106417,0.0140137732843091,18.71609573152725,1,Laryngitis,1228,phrase
-332.3511047363281,161.78565979003906,26.991548538208008,55.54887771606445,-2.227320432662964,9.903965950012209,-9.205832481384276,11.046194076538086,3.189350128173828,-3.980674982070923,3.5578854084014893,-7.258165836334228,0.8656739592552185,76.34730529785156,59.66673278808594,29.97507667541504,16.473369598388672,23.720373153686523,19.118207931518555,19.69298553466797,10.163318634033203,11.116331100463867,12.779618263244627,8.62075424194336,10.593191146850586,8.812284469604492,1.0925079584121704,-0.0864063799381256,-0.2273366302251815,0.3719412088394165,-0.0825133547186851,-0.0185592155903577,-0.1724780797958374,0.0612264685332775,0.0273462533950805,-0.1424365490674972,-0.1517684608697891,-0.0748502016067504,0.0154472365975379,13.599780082702637,9.886676788330078,4.135665416717529,3.244189977645874,3.542799234390259,3.1974148750305176,3.882488965988159,1.663696050643921,1.6157959699630735,2.6348793506622314,1.4889111518859863,2.242616891860962,1.701627254486084,-0.1510257869958877,-0.0374068059027195,0.0086375745013356,-0.0016023981152102,0.1188865825533866,0.1045736670494079,0.0238257683813571,0.0217823609709739,0.0502991005778312,0.0404578559100627,0.0294652767479419,-0.0080960746854543,-0.0094856722280383,6.108302593231201,3.5753328800201416,2.247641086578369,1.8064444065094,1.816984295845032,1.4011952877044678,1.8315887451171875,0.8351278305053711,0.9562442302703856,1.26801598072052,0.9717617034912108,1.0105912685394287,0.9708178639411926,0.0256444144581058,0.0096861235474806,0.0906166011771178,0.0220477702228511,15.308828487174871,1,Laryngitis,1229,phrase
-314.49884033203125,128.34317016601562,-1.1700788736343384,41.74633026123047,18.928300857543945,5.7043304443359375,-13.97482967376709,-0.1926154643297195,4.064832210540772,-10.041149139404297,-5.292705535888672,-6.22272539138794,-12.099761009216309,70.24922180175781,48.13615036010742,27.47209358215332,24.26125144958496,30.05131149291992,18.355281829833984,18.032798767089844,11.128928184509276,10.845808029174805,15.146932601928713,10.965068817138672,9.461651802062988,12.339338302612305,1.2010782957077026,0.7760850191116333,-0.0156235760077834,0.1299679279327392,0.079779177904129,-0.0098667638376355,-0.0147315682843327,-0.0269054863601923,-0.0754441767930984,-0.0289589390158653,-0.0342838689684867,-0.0784570723772049,-0.0876971036195755,14.162605285644531,8.684151649475098,5.517350673675537,3.633128881454468,5.123534679412842,2.6967697143554688,3.5382659435272217,2.2429213523864746,1.5834306478500366,2.9619882106781006,2.000035524368286,1.9707475900650024,2.329252004623413,-0.1907246559858322,-0.1219214424490928,0.0035483497194945,0.0339668206870555,0.0170074198395013,0.0275319423526525,0.0301939416676759,-0.013719699345529,0.0131599344313144,-0.0056200018152594,0.0402869880199432,0.0636079907417297,0.0850590467453002,7.91504430770874,3.890992641448975,3.55995512008667,2.1406500339508057,2.07254695892334,1.3078795671463013,1.9631918668746948,1.2418701648712158,1.0620603561401367,1.6594887971878052,1.0906071662902832,1.157877802848816,1.2243107557296753,0.0181115512208757,0.0077676156906604,0.0683781028433406,0.0186253641813328,20.24249265643182,1,Laryngitis,1233,phrase
-389.5977783203125,169.2864532470703,11.169431686401367,44.28792572021485,15.790197372436523,23.444923400878903,13.71042823791504,1.7672958374023438,-1.5904998779296875,3.190602779388428,6.9374542236328125,-6.685925483703613,-10.185327529907228,77.40264892578125,62.77611923217773,29.388568878173828,19.96323585510254,20.274490356445312,25.52679443359375,18.84966087341309,13.19254207611084,13.703060150146484,10.357522010803224,7.519492149353027,10.525431632995604,12.374584197998049,-0.3106155395507812,0.0259041301906108,0.2535065114498138,-0.00772625207901,-0.0497471094131469,-2.96115867968183e-05,0.1142512559890747,-0.0282102711498737,-0.0588641837239265,0.0334733501076698,-0.0056142834946513,0.0635138601064682,0.0371812209486961,11.09542179107666,9.518831253051758,5.1654486656188965,2.968135356903076,3.6427037715911865,3.1116950511932373,2.788001298904419,2.34950590133667,2.499009132385254,1.7334835529327393,1.490286350250244,2.009586811065674,2.143616199493408,-0.0087199686095118,-0.0874482616782188,0.0012118458980694,0.0722912400960922,0.1029653921723365,0.074510246515274,-0.054902397096157,8.611976954853162e-05,-0.0730073526501655,-0.0614715814590454,-0.0200691670179367,-0.0351588018238544,0.0524439327418804,5.833861827850342,4.975560188293457,3.31454873085022,2.008458137512207,1.734729886054993,1.5265284776687622,1.379999041557312,1.324748396873474,1.4274450540542605,1.0819991827011108,0.8629105687141418,0.946690559387207,1.007551908493042,0.0295772533200044,0.0100831353416584,0.1249643155646078,0.0393003158718301,14.06126511908589,1,Laryngitis,1235,phrase
-295.7051696777344,167.37905883789062,13.245441436767578,25.919374465942383,17.134506225585938,20.71404457092285,10.041058540344238,-2.8631513118743896,4.891528606414795,7.575258731842041,-0.1573092341423034,-1.4995503425598145,-2.32551383972168,91.95994567871094,60.50556182861328,27.70014381408692,20.22610855102539,22.650135040283203,15.751009941101074,16.37185287475586,12.615846633911133,9.468295097351074,13.02613639831543,8.749088287353516,8.872756004333496,8.249221801757812,0.7839882373809814,0.6161376237869263,0.1070721969008445,-0.0176733564585447,-0.1056117117404937,-0.0152843678370118,-0.0103613985702395,-0.0432917587459087,-0.0579596832394599,-0.1151992231607437,-0.1040985509753227,-0.0562368668615818,-0.034123457968235,11.926525115966797,9.44244384765625,4.394915580749512,2.9264159202575684,3.8751070499420166,2.567502498626709,2.6455228328704834,2.356153726577759,1.4362961053848269,2.159298658370972,1.4085932970046997,1.520565629005432,1.2823739051818848,0.0121527686715126,0.0409564822912216,0.0297298096120357,0.0176699310541152,0.0258349906653165,0.0366977602243423,0.0345643013715744,0.0139436293393373,0.0309774242341518,-0.0147510776296257,-0.011423535645008,0.0163748990744352,-0.0138383219018578,5.318236351013184,3.898224115371704,2.451496362686157,1.4897767305374146,1.8226869106292725,1.248438000679016,1.417197823524475,1.1042801141738892,0.8096736669540405,1.1218074560165403,0.7464475035667419,0.8412200808525085,0.643435537815094,0.025888386025226,0.0102585717229833,0.1011535050031285,0.0474585599891094,14.277409873139948,1,Laryngitis,1237,phrase
-324.0750427246094,166.52975463867188,16.11960792541504,46.332252502441406,9.095646858215332,21.671232223510746,8.003028869628906,-1.2413944005966189,0.200467824935913,4.455311298370361,8.354059219360352,-8.578034400939941,-11.540115356445312,87.45360565185547,53.2556037902832,33.02497482299805,15.33361530303955,19.25613212585449,22.04584693908692,20.54391288757324,12.639029502868652,11.386472702026367,11.562422752380373,9.43099594116211,12.838725090026855,12.586968421936035,1.1469316482543943,0.7018985748291016,-0.0565938614308834,0.1236401051282882,0.084839642047882,0.0493229068815708,0.0170924570411443,0.0229948069900274,0.0320015288889408,-0.0584029145538806,-0.0138652473688125,-0.0025965070817619,-0.069770909845829,12.966232299804688,9.407638549804688,4.863430023193359,2.5375938415527344,3.405099630355835,2.746568441390991,2.887468338012696,2.4526853561401367,2.006777286529541,1.9452815055847168,1.618766188621521,1.927743554115296,2.218123197555542,0.1912672072649002,0.0913016572594642,-0.1256914287805557,-0.1319309473037719,0.0071327099576592,0.0488563627004623,-0.0040635177865624,-0.0139140347018837,-0.0514437668025493,-0.0023340443149209,0.0564036779105663,0.0116039616987109,-0.0097817480564117,6.927594184875488,4.330023288726807,3.054891586303711,1.726169466972351,1.753790259361267,1.2684615850448608,1.6048946380615234,1.2823491096496582,0.9829130172729492,0.9262444376945496,0.9159729480743408,0.9755924940109252,1.0473302602767944,0.0255221436582504,0.0059314178047455,0.0874567025685457,0.0319204649889299,10.881278624464754,1,Laryngitis,1246,phrase
-296.32159423828125,145.6879119873047,20.85566711425781,36.45970916748047,1.3875561952590942,26.8533992767334,-8.78128433227539,-3.824299573898315,0.6520013809204102,6.978140354156494,-5.979990005493164,-9.051026344299316,6.118055820465088,71.57234191894531,37.86626815795898,21.90438270568848,25.586124420166016,24.665746688842773,16.530921936035156,14.457097053527832,11.563580513000488,11.043174743652344,10.048823356628418,10.576915740966797,11.773776054382324,11.197752952575684,0.9499772191047668,0.5726023316383362,-0.1599917858839035,-0.095188595354557,0.02093624509871,0.1035945564508438,-0.023612966760993,-0.0872885882854461,-0.03467358648777,-0.0294257793575525,0.0213630180805921,0.04029331356287,0.0285019520670175,11.18145751953125,5.85719633102417,3.5414187908172607,3.065661191940308,3.860741853713989,2.239628553390503,2.595853090286255,1.83058500289917,1.7877566814422607,1.5780234336853027,1.86118483543396,1.9605796337127688,1.5790181159973145,-0.256683886051178,-0.2384788542985916,-0.1452883183956146,0.0183961782604455,0.1542025357484817,0.07082200050354,0.073855236172676,0.0483094006776809,0.0446509458124637,0.013000470586121,-0.0201471485197544,0.0296115409582853,0.000980646465905,5.887048721313477,2.482675552368164,2.412257194519043,1.5087244510650637,1.81009042263031,1.1181421279907229,1.649696946144104,1.1673403978347778,0.9950165748596193,0.934033751487732,1.0398277044296265,0.9404458999633788,0.8493065237998962,0.0350356256241116,0.018446348827441,0.1276716530257722,0.0594065641114207,13.674198121404263,1,Laryngitis,1248,phrase
-340.33258056640625,129.04530334472656,11.56845760345459,51.08637619018555,12.225244522094728,25.82537078857422,1.023898363113403,-7.790217399597168,7.687530517578125,5.214472770690918,-2.88395619392395,-6.106682300567627,1.0258039236068726,95.56938934326172,55.19600296020508,29.71940040588379,22.738433837890625,29.8891544342041,19.18354797363281,11.804780960083008,16.170743942260742,10.969766616821287,10.686553955078123,12.175943374633787,10.950541496276855,7.600505352020264,0.3828531801700592,0.1573717892169952,-0.1044040918350219,-0.013557044789195,-0.0253416411578655,0.0273410994559526,-0.0042666844092309,-0.0102797839790582,-0.0131072690710425,-0.0550174005329608,-0.0209407564252614,-0.0302679017186164,-0.0272188037633895,17.587539672851562,8.387666702270508,4.612789154052734,3.845510005950928,4.038869380950928,2.6977415084838867,2.105988025665283,2.753232002258301,1.624730348587036,1.843076586723328,2.0958826541900635,1.9942110776901243,1.542437195777893,-0.0983468741178512,0.0092580951750278,0.0600305907428264,0.0237493086606264,0.0775316879153251,0.0629720091819763,0.032301627099514,-0.010211031883955,0.0251915957778692,0.0117891607806086,-0.0331108085811138,-0.0246640294790267,-0.0500365570187568,8.542643547058105,3.342007875442505,2.842136144638061,1.815513253211975,1.911396026611328,1.3069188594818115,1.1897000074386597,1.3331094980239868,1.0266828536987305,0.9263297319412231,1.1372020244598389,1.015058517456055,0.9546635746955872,0.023131299571154,0.0113826863226991,0.0738366239869242,0.0265372356652791,17.248246401540644,1,Laryngitis,1257,phrase
-381.30377197265625,128.71804809570312,23.838302612304688,45.53189086914063,0.6764275431632996,21.07533073425293,10.239266395568848,-2.0000967979431152,-8.574310302734375,-4.684148788452148,5.688284873962402,-0.9458975791931152,-8.536096572875977,91.512451171875,48.92909622192383,28.799972534179688,27.70465087890625,20.701210021972656,24.49591064453125,22.43699836730957,14.871840476989746,13.059072494506836,13.78480625152588,10.607784271240234,12.569130897521973,15.182406425476074,0.359079509973526,0.2011453360319137,-0.0653370022773742,-0.0166944731026887,-0.0172614343464374,-0.0401678755879402,-0.0348098650574684,0.0142416851595044,-0.027357468381524,-0.0678671598434448,-0.0173839535564184,-0.0108330380171537,-0.0243548527359962,14.795520782470703,6.563549041748047,5.158129215240479,3.3751096725463867,3.510347366333008,2.7385964393615723,3.7299609184265137,2.0877902507781982,2.666330575942993,2.107940435409546,1.6129008531570437,1.9844729900360107,1.813107967376709,-0.1780283004045486,-0.1616058051586151,-0.0378520973026752,0.0472245439887046,0.0815399214625358,0.0365124307572841,0.03309977799654,0.0370099954307079,-0.0196482688188552,-0.0096795493736863,0.0180629156529903,-0.0445005744695663,-0.0191357005387544,7.929845809936523,2.802628993988037,3.2536191940307617,1.5705020427703855,1.8597395420074463,1.476240873336792,1.822290539741516,1.0378520488739014,1.292355179786682,1.073477268218994,0.9196153283119202,1.00733482837677,0.8600361347198486,0.0220087760640768,0.0093957236489062,0.0856378652048778,0.0290023395092329,16.10728502894446,1,Laryngitis,1259,phrase
-390.7140197753906,122.45935821533205,23.27017974853516,45.20616149902344,9.96470832824707,21.13608932495117,-11.041656494140623,-2.247400045394897,10.688058853149414,-6.3752617835998535,-4.746434211730957,-3.537668466567993,-8.92455005645752,84.66902923583984,52.72255706787109,22.98470497131348,19.216285705566406,24.343141555786133,23.861467361450195,20.3325424194336,11.628684997558594,9.594697952270508,11.192883491516112,9.20272731781006,9.532840728759766,10.254026412963867,0.6253804564476013,0.5486850142478943,0.1155491545796394,0.0607155449688434,0.0914236679673194,0.0916759595274925,0.0536748059093952,-0.003159875748679,0.016926335170865,0.0145863899961113,-0.0002748416154645,0.0236886050552129,-0.027284262701869,13.83884334564209,9.253393173217772,3.83668851852417,3.4055988788604736,3.856283187866211,2.898877143859864,3.4693188667297363,2.2624871730804443,1.8072046041488647,2.2170000076293945,1.7124228477478027,1.7145541906356812,2.153865337371826,-0.1634791791439056,-0.0706528350710868,-0.0142948655411601,-0.05964070931077,0.0527794286608696,0.0555049180984497,0.0223887953907251,-0.0326558649539947,-0.068882904946804,0.0021799441892653,-0.0319675505161285,-0.0310330912470817,0.017119999974966,8.09838581085205,3.9884655475616455,2.856119155883789,2.3122987747192383,2.064378023147583,1.3152741193771362,1.7918696403503418,1.212888479232788,1.1030298471450806,1.1752324104309082,0.9979211688041688,0.9361639022827148,1.0137039422988892,0.018211059245862,0.0066168706022203,0.062382296295523,0.0183209821159724,18.26530616519982,1,Laryngitis,1260,phrase
-323.9642639160156,151.13694763183594,23.850500106811523,48.54425430297852,34.72624206542969,29.06539535522461,-9.331842422485352,-2.627488851547241,5.524910926818848,1.878795862197876,2.491513967514038,-7.852568626403809,0.0708111003041267,74.72428894042969,47.600467681884766,32.484039306640625,18.97035789489746,20.039077758789062,20.698450088500977,22.143285751342773,15.206639289855955,11.10996437072754,11.79978084564209,13.108524322509766,12.598214149475098,8.1316499710083,0.3588584959506988,0.3787016868591308,0.184353694319725,0.0610426627099514,0.0332288518548011,0.0561798512935638,0.0139436861500144,-0.0180350914597511,-0.0043518734164536,0.0532622523605823,0.0217819940298795,-0.0662308037281036,-0.0058609806001186,12.530816078186035,8.29963207244873,5.44880485534668,3.35835337638855,2.86626410484314,3.05525803565979,3.513028621673584,2.7361385822296143,1.926297307014465,1.9123018980026243,2.072798490524292,2.134974956512451,1.4548416137695312,-0.0837334990501403,-0.0134827503934502,0.0672348514199256,0.036444041877985,0.0532622411847114,0.0847083628177642,0.0610550269484519,0.0050080143846571,-0.0224115550518035,-0.0343854576349258,-0.0171533394604921,-0.0046005127951502,-0.0062982235103845,6.305347442626953,3.411513566970825,2.888542890548706,1.7020293474197388,1.627547264099121,1.5187804698944092,1.7992103099822998,1.2409119606018066,1.0495786666870115,1.1300506591796875,0.9079493284225464,1.0905752182006836,0.936229944229126,0.0505360817559422,0.0257050244953804,0.1425024257714058,0.0599019739943059,10.873319132572416,1,Laryngitis,1264,phrase
-307.73651123046875,122.17204284667967,-4.688473224639893,39.61387634277344,15.153915405273438,1.314236760139465,-12.9562349319458,-9.449804306030272,-3.778671979904175,-10.387857437133787,-2.327565193176269,-10.28796672821045,-9.076712608337402,82.35286712646484,43.567325592041016,40.89202880859375,24.86127471923828,27.458988189697266,26.89021682739257,15.41706657409668,12.964929580688477,11.502309799194336,8.9100341796875,9.99721908569336,11.81517219543457,9.31773281097412,0.2932883501052856,0.2480619251728058,0.097613401710987,0.0976979285478591,0.0411837399005889,0.0160153731703758,0.0257151871919631,0.0185086689889431,-0.0109277032315731,-0.0255557745695114,-0.0177237167954444,-0.0578533969819545,-0.0681669414043426,13.71580410003662,7.398621082305908,6.818229675292969,3.4470090866088867,3.5823862552642822,3.6249942779541016,2.749391555786133,2.3976526260375977,1.9476264715194704,1.7154982089996338,1.5872111320495603,1.9881707429885864,1.8060163259506223,-0.0554303936660289,-0.0544807873666286,-0.0223369337618351,0.0151964863762259,0.0496067926287651,0.038223560899496,0.0016026366502046,0.0036082549486309,0.0384068489074707,0.0005248243105597,-0.0332286097109317,-0.0048637799918651,-0.0039727664552628,7.365845203399658,3.551692008972168,3.5925164222717285,1.9298324584960933,1.621604084968567,1.3110369443893433,1.2478147745132446,1.2184666395187378,0.9719308018684388,0.8939525485038757,0.9149221181869508,1.09129798412323,0.919413685798645,0.0115902030439835,0.0053284451946962,0.0491438022643103,0.0125691006374271,20.731039826658407,1,Laryngitis,1265,phrase
-317.32977294921875,158.14215087890625,-0.7416757345199585,33.24885940551758,18.33309936523437,16.292726516723633,-0.4366637766361236,-5.752760410308838,-0.5317957997322083,-1.3937863111495972,-2.298392534255981,-5.571789264678955,-3.3029634952545166,65.84037780761719,47.79121398925781,27.650632858276367,24.783832550048828,22.53707695007324,26.931814193725582,20.253944396972656,14.933167457580566,13.961342811584473,13.345691680908203,8.854446411132812,9.434553146362305,11.16913604736328,0.6116644144058228,0.44345623254776,-0.0224873349070549,-0.0604220032691955,-0.0374408960342407,-0.0225692577660083,-0.0549973584711551,-0.0157732777297496,0.0595798604190349,0.0487839244306087,-0.0066079734824597,-0.0635719001293182,-0.0641491562128067,11.99359130859375,8.223135948181152,5.094787120819092,3.884225606918335,3.380019426345825,3.226041793823242,3.4232091903686523,2.375897169113159,2.306485891342163,2.865872859954834,1.7478772401809692,1.9078848361969,2.2154603004455566,-0.2095968872308731,0.0902148857712745,0.195707306265831,-0.061995904892683,0.0675934180617332,0.098704881966114,0.045970119535923,0.0070735476911067,0.0098932245746254,0.0347128324210643,-0.0593196116387844,-0.0716298073530197,-0.0479559525847435,5.75902795791626,3.754638433456421,3.097217559814453,1.985451459884644,1.5425580739974976,1.389574646949768,1.5040041208267212,1.22031569480896,1.21548593044281,1.4504801034927368,1.087680697441101,1.032484531402588,1.0838642120361328,0.0181600953713407,0.0063793282505612,0.0751214113041163,0.0202380570382053,16.524881573529168,1,Laryngitis,1269,phrase
-278.2981872558594,155.5392303466797,23.003849029541016,59.06666946411133,-4.262146949768066,14.042061805725098,-6.758194446563721,7.388247489929199,6.188445091247559,-8.449435234069824,4.725687026977539,-4.642046928405762,-2.09706974029541,74.60010528564453,59.076934814453125,27.263315200805664,12.58024787902832,24.2086181640625,18.89899063110352,21.85140991210937,9.48625659942627,13.09343719482422,11.412431716918944,9.76928424835205,9.55742073059082,8.291267395019531,0.6593763828277588,0.251330018043518,-0.0762162879109382,0.1641406118869781,-0.0218804962933063,-0.0507635287940502,-0.0433999225497245,0.04686975851655,0.0477457754313945,-0.0369565673172473,0.002050694078207,-0.0453161522746086,0.0140698505565524,14.38523292541504,9.617016792297363,4.318020820617676,2.322413444519043,3.4830574989318848,2.5576963424682617,3.985559463500977,1.708662509918213,1.796805739402771,2.435178756713867,1.7043994665145874,1.940174460411072,1.5338268280029297,-0.1670249998569488,-0.0944241434335708,-0.0430627763271331,0.0040805861353874,0.0763062611222267,0.08333270996809,0.0372277647256851,0.0439408048987388,0.0410747751593589,0.0274994820356369,-0.0132721522822976,-0.0596516579389572,-0.0006009746575728,6.171873569488525,3.63766360282898,2.435342073440552,1.4394452571868896,1.4995194673538208,1.26801335811615,1.9025169610977173,1.1317239999771118,1.016340255737305,1.3131606578826904,0.961495876312256,1.029748558998108,0.8145066499710083,0.0355245126978861,0.0169448094108297,0.0960022220128339,0.0248058529512056,12.521180482177389,1,Laryngitis,1274,phrase
-360.68896484375,159.3964385986328,35.16831970214844,25.45287704467773,14.6396484375,28.144269943237305,10.011295318603516,2.700143575668335,-5.58922290802002,-0.7504081130027771,9.462014198303224,-3.8784608840942383,-4.224819660186768,91.68592834472656,68.43852996826172,30.947242736816406,20.896299362182617,22.644678115844727,20.564861297607425,15.337087631225586,10.663132667541504,13.312440872192385,14.75881004333496,10.648530006408691,9.957180976867676,10.177955627441406,0.3873170018196106,0.3334423899650574,0.0747754797339439,0.0434858910739421,0.0271423924714326,0.0171895548701286,0.0476450398564338,0.0487274602055549,0.0374721251428127,0.0320745930075645,0.0299391914159059,0.0343428552150726,0.0242955237627029,16.150312423706055,12.061768531799316,5.392965316772461,3.0650105476379395,3.4508702754974365,2.451456069946289,2.894084453582764,1.81364107131958,2.352988004684448,2.475927352905273,1.6977872848510742,1.8140556812286377,1.7914234399795532,-0.0729463845491409,-0.0036075266543775,0.0169089697301387,0.0005299379117786,0.0767580494284629,0.0752157270908355,0.0797222405672073,0.0243979021906852,-0.0097609031945467,0.0219854731112718,-0.0305460896342992,-0.0369556099176406,-0.006992953363806,7.889596939086914,4.76830530166626,3.1886508464813232,2.238569974899292,1.8024474382400515,1.1809136867523191,1.743173599243164,0.9191959500312804,1.1461211442947388,1.30048668384552,0.8364042043685913,0.8732248544692993,0.7601062059402466,0.0224091413288818,0.0055605788195603,0.083832861973217,0.0232393211304683,15.96525905026862,1,Laryngitis,1283,phrase
-348.3175354003906,138.90635681152344,23.09144592285156,39.15364074707031,18.98490524291992,8.467830657958984,-12.06489086151123,-4.009862899780273,8.047969818115234,-0.0650753378868103,-3.1471076011657715,-3.998568296432495,-1.814406037330628,58.897090911865234,38.59249114990234,23.79652976989746,20.10886573791504,29.698808670043945,12.57476043701172,16.23590087890625,11.828736305236816,9.163766860961914,15.412678718566896,11.440458297729492,10.840776443481444,9.860954284667969,1.5415271520614624,1.040211796760559,0.026243457570672,-0.1982949078083038,-0.1637921035289764,-0.0188349243253469,-0.0229323394596576,-0.0790965631604194,-0.1114506796002388,-0.0248284265398979,0.1069250330328941,0.0989802107214927,0.118667259812355,11.828392028808594,7.831216335296631,3.354066133499145,3.2794766426086426,5.330326080322266,1.8113586902618408,3.2601099014282227,2.2307302951812744,1.6526139974594116,2.6188759803771973,1.8151087760925293,1.9827401638031008,1.7589770555496216,-0.0262800771743059,-0.1366411745548248,0.1061994507908821,0.1314466744661331,0.0752216652035713,0.0847227573394775,0.0999645292758941,0.1087391301989555,0.0772110596299171,-0.0172529481351375,-0.0576752945780754,-0.1010494530200958,-0.0740361511707305,6.679115295410156,3.995596885681152,2.4095983505249023,2.176698684692383,2.2364702224731445,1.0526188611984253,1.8436362743377688,1.364251732826233,1.1232064962387085,1.0869113206863403,1.070561408996582,1.2336084842681885,1.1589900255203247,0.0288972994215125,0.0142933665254178,0.0792897080016038,0.0253971504248269,17.008836695492615,1,Laryngitis,1295,phrase
-329.7682189941406,138.59300231933594,10.827150344848633,44.035064697265625,0.827347993850708,21.113224029541016,-2.940110445022583,-7.815747261047363,6.269833087921143,-6.054606914520264,-4.240645408630371,-1.6549551486968994,-7.954074859619141,79.65607452392578,57.22598648071289,27.53885269165039,24.033411026000977,27.216833114624023,22.17584800720215,14.214457511901855,17.101421356201172,11.677984237670898,11.1561279296875,12.726961135864258,8.886677742004395,10.194735527038574,0.6923837065696716,0.4665446281433105,-0.1544312685728073,-0.1603435426950454,-0.1516474187374115,-0.1405218988656997,0.0572256445884704,0.0261964667588472,-0.1126439124345779,-0.0548788532614707,0.0862677246332168,0.1155681386590004,0.0085794860497117,14.357290267944336,10.124783515930176,4.367037296295166,3.537314414978028,4.635978221893311,2.69462251663208,2.162892341613769,3.528478145599365,2.325538158416748,2.248324394226074,2.524619579315185,1.628415584564209,2.1429831981658936,-0.158834233880043,-0.0561670884490013,0.0227186623960733,0.0223941337317228,0.1413227468729019,0.1298322230577469,0.0841540172696113,0.0503450185060501,0.0478861853480339,0.0594614893198013,-0.0152788953855633,-0.0818488448858261,-0.0259087458252906,8.5887451171875,5.245808124542236,3.4099113941192627,2.2238211631774902,2.3647124767303467,1.2373981475830078,1.3929964303970337,1.826812624931336,1.2572805881500244,1.3983749151229858,1.4598267078399658,0.9906721115112304,1.3122097253799438,0.0313710421398185,0.0151170779337963,0.1268616766063005,0.045437199029671,13.925272112106214,1,Laryngitis,1300,phrase
-319.3652038574219,165.8188018798828,13.769798278808594,33.825103759765625,22.792888641357425,25.646949768066406,-5.624863624572754,-10.88318157196045,9.890024185180664,5.711950778961182,-4.948940277099609,-4.042961120605469,8.965780258178711,83.28955078125,57.69053268432617,36.304420471191406,21.376712799072266,21.995285034179688,21.000200271606445,26.31358528137207,18.01197624206543,11.63489818572998,9.166810035705566,14.352790832519531,11.254138946533203,10.62912368774414,-0.0610788762569427,-0.0219247229397296,0.1218026354908943,0.1376322209835052,0.0845810770988464,0.0939699485898017,0.0713011920452117,0.0576222613453865,0.0230137594044208,0.016926160082221,0.014059655368328,-0.064582385122776,-0.0621160380542278,13.549118041992188,9.107430458068848,4.868253231048584,3.703268051147461,3.326429843902588,2.0992231369018555,3.5674855709075928,2.9256186485290527,1.7993321418762207,1.6206903457641602,2.436380624771118,1.912237882614136,1.8508540391922,-0.085428886115551,-0.056989062577486,-0.0495684407651424,0.0001376442232867,0.0866377130150795,0.034566193819046,0.0343051813542842,0.0140143930912017,-0.0291503258049488,0.0044759893789887,0.0249179098755121,-0.0101390052586793,-0.0163542348891496,6.512667655944824,3.593715190887451,2.6820173263549805,2.2660791873931885,1.7028292417526243,1.1984251737594604,1.5582218170166016,1.33440101146698,0.9113590121269226,0.913658618927002,1.142106056213379,1.2027252912521362,0.97883939743042,0.0329269762674212,0.0145521589755005,0.1599140763534259,0.0780513767513692,14.92110754344399,1,Laryngitis,1301,phrase
-279.93426513671875,129.4272918701172,8.741792678833008,34.69168472290039,14.624005317687988,28.49267578125,-8.389853477478027,-4.848757743835449,1.899143934249878,-2.0918638706207275,1.2507244348526,-2.8842642307281494,-1.0154578685760498,78.5838394165039,40.499794006347656,30.324501037597656,18.417299270629883,22.22348403930664,19.6355037689209,18.33927726745605,17.087099075317383,11.857104301452637,14.014897346496582,13.206772804260254,10.913012504577637,11.244564056396484,0.0009656386100687,-0.0500432141125202,-0.0202048793435096,0.0512108691036701,-0.022933006286621,-0.0808630436658859,-0.0972430706024169,-0.1051396653056144,-0.0809008777141571,-0.0338858589529991,-0.0261569079011678,0.0086723351851105,0.0979237332940101,11.846363067626951,7.438230991363525,5.025745391845703,3.3393309116363525,3.696857690811157,3.243290662765503,3.0616159439086914,2.999953508377075,1.6182940006256104,2.44681167602539,2.401832342147827,2.10858154296875,1.913549304008484,0.0462790168821811,-0.0203481316566467,-0.0686186254024505,0.0013054446317255,0.0766971185803413,0.0675771310925483,-0.0317611694335937,-0.0469389930367469,-0.0106122875586152,-0.0255375932902097,-0.0302065201103687,-0.0349109210073947,-0.0643508657813072,6.405455589294434,3.658873319625856,2.9478139877319336,1.7817754745483398,1.7211142778396606,1.45526123046875,1.6524503231048584,1.4165287017822266,0.9994612336158752,1.3140000104904177,1.313531756401062,1.1278530359268188,1.0632702112197876,0.0186951957301308,0.0060835221080583,0.0827892178965333,0.0260231291116983,16.100994892117296,1,Laryngitis,1307,phrase
-321.8617248535156,145.97300720214844,10.86435317993164,43.95064926147461,10.412601470947266,10.92746353149414,-4.9993414878845215,-3.492934465408325,1.082186222076416,2.5995333194732666,2.9411118030548096,-8.548503875732422,-3.842810869216919,83.40480041503906,54.1001205444336,30.934192657470703,19.89408493041992,23.7512435913086,22.987159729003903,17.790254592895508,11.838468551635742,10.21678066253662,12.840826988220217,7.379631996154785,10.937353134155272,10.676368713378906,0.5330822467803955,0.1528626829385757,-0.0362084358930587,0.1406829506158828,-0.0448518432676792,0.0324031449854373,-0.0504310578107833,0.0058490904048085,0.0369806513190269,-0.0805302560329437,0.0001292689266847,0.0004636049270629,-0.0423635877668857,16.824779510498047,10.70750904083252,5.459267616271973,2.838183641433716,4.262572288513184,2.68860125541687,3.224537849426269,2.319063663482666,1.8042230606079104,2.549410104751587,1.3750648498535156,1.9416378736495967,2.0035653114318848,0.0970105156302452,0.1625538170337677,0.0342672020196914,0.0120395263656973,0.0963009074330329,0.0452842451632022,0.0104018989950418,-0.0342257767915725,-0.0557723753154277,-0.0670867636799812,-0.0540103167295455,-0.0546325407922267,-0.037535086274147,8.118489265441895,4.663617134094238,2.8893840312957764,1.8446913957595823,2.126023769378662,1.3515528440475464,1.4880402088165283,1.2382179498672483,1.1293036937713623,1.21436870098114,0.8770605325698853,0.8976683616638184,0.8714464902877808,0.0319342289900447,0.0145074810637519,0.0652953842574539,0.0155358451594475,17.911349844951758,1,Laryngitis,1311,phrase
-322.1243896484375,160.77093505859375,19.47853660583496,45.22743988037109,5.855571746826172,31.78778076171875,-7.809043884277344,-12.44302749633789,-3.171386480331421,6.92807149887085,-10.00015640258789,-18.675689697265625,-1.5554606914520264,56.62555694580078,34.956905364990234,29.94615936279297,19.013574600219727,28.80040168762207,25.05386734008789,13.07329273223877,18.343305587768555,13.1530179977417,11.286894798278809,10.600584030151367,12.595802307128906,7.722348213195801,0.7400795817375183,0.5199605226516724,0.1027833297848701,0.1170093566179275,0.0652047470211982,0.1236618384718895,-0.0160182230174541,-0.1897905021905899,-0.0968836024403572,0.0912994369864463,-0.0130772599950432,-0.2513341307640075,-0.0467386730015277,10.576037406921388,5.6783366203308105,4.337872505187988,3.5708696842193604,2.5025980472564697,3.37308669090271,2.2085607051849365,3.471041440963745,2.262361526489258,2.0115060806274414,1.841976761817932,2.4910647869110107,1.260777711868286,-0.457965612411499,-0.2586507201194763,0.0783405601978302,0.0876725241541862,0.1099487394094467,0.0416314713656902,0.0249696280807256,-0.0409085005521774,-0.0012117617297917,0.0972705110907554,0.0153732057660818,-0.03364272788167,-0.0123900352045893,4.491580486297607,2.20637845993042,1.9836745262146,1.92614221572876,1.1416248083114624,1.4867470264434814,0.9604248404502868,1.5413607358932495,1.0541199445724487,1.1314265727996826,0.8386408090591431,1.1426249742507937,0.6852614879608154,0.0241868402510682,0.0104433859393659,0.1201808474973839,0.0395197706356558,11.456394337723316,1,Laryngitis,1315,phrase
-353.51336669921875,153.60690307617188,19.09329414367676,47.56087493896485,10.475577354431152,14.433320045471191,-10.214921951293944,-9.32839012145996,-0.0905506983399391,0.427507221698761,3.745347499847412,-7.657839298248291,-5.1317009925842285,70.96084594726562,50.757598876953125,29.87214088439941,22.586933135986328,25.166784286499023,19.610620498657227,15.581103324890137,14.47314739227295,9.912038803100586,10.16607666015625,10.11691188812256,13.5001220703125,8.664865493774414,0.7833656668663025,0.4668267369270324,0.0206656102091074,-0.0042541553266346,-0.0153747536242008,0.0213832724839448,-0.1162912026047706,-0.0953283980488777,-0.142547070980072,-0.0388315320014953,0.0700364336371421,0.1700695753097534,-0.0287853721529245,12.330670356750488,9.098402976989746,5.521596431732178,3.2397053241729736,4.293673038482666,3.100311517715454,3.143962144851685,2.223071575164795,1.8258216381073,2.250538110733032,2.0805935859680176,2.6058480739593506,1.8581184148788448,-0.0093905301764607,0.0393849425017833,-0.0043196324259042,-0.014085141941905,0.054828904569149,0.1102360486984252,0.0816372334957122,-0.0289735123515129,0.0526002272963523,0.038885124027729,-0.0594469681382179,-0.0105709880590438,0.064473308622837,6.045930862426758,3.9141008853912354,3.271099328994751,2.083925008773804,2.117166042327881,1.5233440399169922,1.927839517593384,1.2627849578857422,0.9429673552513124,1.3336268663406372,1.139439821243286,1.3024975061416626,1.238347053527832,0.0242548418828207,0.0102540020923264,0.0948417371918047,0.0269959872285338,15.150658866989003,1,Laryngitis,1388,phrase
-288.8500366210937,143.83233642578125,41.55597305297852,35.28092575073242,11.04924488067627,21.060609817504883,11.86601448059082,10.607752799987791,8.718789100646973,4.772405624389648,6.3481879234313965,5.328371047973633,2.946249961853028,45.07234573364258,41.34161376953125,13.387325286865234,6.167130470275879,5.809681415557861,5.516881942749023,5.228001594543457,4.935912132263184,5.194619178771973,4.333092212677002,4.252893447875977,4.497167587280273,3.9253334999084473,-0.2783206701278686,-0.3628793358802795,-0.1228006705641746,-0.0262765791267156,0.0045928442850708,0.0317126475274562,0.0289912596344947,0.0296832825988531,0.0272379778325557,0.0219784304499626,0.055544763803482,0.0169262681156396,-0.00301393866539,8.412558555603027,8.035886764526367,2.511413097381592,1.181045651435852,1.1586071252822876,1.155419111251831,0.9567136764526368,0.9110886454582214,1.0009942054748535,0.7676257491111755,0.8461671471595764,0.9213232398033142,0.6831408143043518,-0.3140753507614136,-0.2325516045093536,-0.0466288663446903,-0.0068982723169028,-0.031761348247528,-0.0113687710836529,-0.0318816043436527,0.0093408208340406,0.0498431958258152,0.0497509092092514,0.0333304218947887,0.0258274208754301,0.018191834911704,3.917148351669312,3.620678424835205,1.258819341659546,0.7672475576400757,0.737870991230011,0.7166654467582703,0.5968701839447021,0.5666302442550659,0.6050684452056885,0.5430096387863159,0.5446587204933167,0.5133893489837646,0.424826979637146,0.0415302047436693,0.021047036251663,0.1010114456136829,0.0411070105556669,16.25905641277174,1,Laryngitis,139,phrase
-353.5728454589844,119.96575927734376,-5.42646598815918,41.8960189819336,3.1053009033203125,16.02475357055664,-7.433565616607666,-6.148777008056641,0.0078452071174979,3.360894203186035,-0.4289653301239013,-7.737734794616699,5.450872421264648,109.70709991455078,55.12231063842773,31.74056434631348,29.244474411010746,24.46312141418457,19.73445701599121,16.022512435913086,13.547821998596191,10.46807861328125,11.339807510375977,10.459461212158203,14.81039047241211,7.670360088348389,0.9328261613845824,0.5440858006477356,-0.1078560203313827,0.0202617291361093,0.0432716757059097,0.0334917828440666,-0.0667618811130523,-0.0659462362527847,-0.0099601484835147,0.0191543269902467,-0.0533589273691177,-0.0918122753500938,0.0255980044603347,19.60283660888672,9.910951614379885,6.27193546295166,3.969931364059448,3.529287338256836,3.016907453536988,3.3189046382904053,2.504241943359375,2.0132744312286377,1.9937342405319207,1.6362892389297483,2.9836137294769287,1.4661331176757812,-0.0746823921799659,-0.0280576106160879,-0.0438960157334804,0.002642145846039,0.0843794345855712,0.0369365625083446,0.0392665676772594,0.0053077628836035,0.0226809009909629,0.0024539867881685,-0.0122986789792776,-0.0033033892977982,-0.003021222539246,9.96300220489502,4.380821704864502,3.5713908672332764,2.097139835357666,1.8165109157562256,1.5447719097137451,1.521841287612915,1.4158731698989868,1.134815335273743,0.9371345043182372,0.890679121017456,1.3096421957015991,0.8765261769294739,0.0227563608022794,0.0101643977578037,0.0751859198114839,0.0227570537483345,15.660372256706282,1,Laryngitis,1404,phrase
-371.3672180175781,152.3379669189453,24.394981384277344,48.631961822509766,2.7489564418792725,16.69923210144043,1.6695491075515747,-6.800237655639648,-8.378178596496582,-0.9508612751960754,4.590852737426758,-11.421295166015623,-4.227784633636475,76.42080688476562,42.54629135131836,27.53455924987793,24.77876281738281,26.11346244812012,20.00514793395996,17.133995056152344,13.436402320861816,15.045044898986816,12.369280815124512,9.656500816345217,11.391512870788574,10.790657997131348,0.6177344918251038,0.4867194592952728,0.0552547164261341,0.081160619854927,0.1194987073540687,0.0993148386478424,0.0484248250722885,-0.0707385465502739,-0.06749227643013,0.0572473593056201,0.1018534526228904,0.0064154504798352,-0.0587239786982536,14.755388259887695,8.895113945007324,5.137250900268555,3.7638440132141113,3.785858154296875,2.6921465396881104,3.2178750038146973,2.584871530532837,2.654115438461304,2.370600938796997,1.6347713470458984,2.323699951171875,2.2853753566741943,-0.342642605304718,-0.2391037046909332,-0.08038130402565,-0.0418839268386364,0.1009173840284347,0.08395317196846,0.0621155016124248,0.0258747953921556,0.0455003306269645,0.0603933483362197,0.0014750260161235,0.0148258274421095,-6.358807149808854e-05,8.796326637268066,3.7585854530334473,3.751801013946533,2.0354130268096924,1.7849345207214355,1.2690192461013794,1.9174489974975584,1.2310367822647097,1.417253494262695,1.3638198375701904,0.8381878733634949,1.067966341972351,1.220012664794922,0.0332931388783785,0.0175796395273683,0.1205125459823663,0.0523690903224801,13.468250776112532,1,Laryngitis,1405,phrase
-286.7767639160156,166.83065795898438,17.865724563598633,23.30634880065918,16.903350830078125,13.71018886566162,12.362703323364258,7.611254692077637,7.670143604278564,4.680559158325195,5.382816791534424,4.704365253448486,3.440004110336304,92.66647338867188,65.05943298339844,19.83306884765625,12.153911590576172,9.356203079223633,7.538924694061279,7.037187099456787,7.080605506896973,5.735433101654053,5.713022232055664,5.78932523727417,4.806670665740967,4.344535827636719,0.1931801587343216,0.2316357493400573,0.128003641963005,0.0575903467833995,0.0517541542649269,0.0371504165232181,0.013704003766179,0.0068803052417933,0.0098298350349068,0.0238357186317443,0.0254192017018795,-0.0120724374428391,-0.0150461941957473,15.757415771484377,11.174165725708008,3.539070606231689,2.000706911087036,1.893354177474976,1.3078782558441162,1.277274489402771,1.2974369525909424,1.0224244594573977,0.9752795100212096,0.9707338213920592,0.8048539757728577,0.6850546002388,-0.1820300817489624,-0.15484119951725,-0.0373232327401638,-0.0189286693930625,0.0086076604202389,0.0253367256373167,0.0084232706576585,-0.0019535005558282,-0.0071533941663801,-0.0123635651543736,-0.0044564912095665,0.0058693764731287,0.0008016646606847,6.737061977386475,5.297770977020264,2.07605242729187,1.11754047870636,1.105196237564087,0.864750325679779,0.7553038001060486,0.8715839982032776,0.7884206175804138,0.7130158543586731,0.5182386040687561,0.5695474743843079,0.4245183765888214,0.0247716648282266,0.0082981539438414,0.0543128560257254,0.0171950432565022,22.110958435175505,1,Laryngitis,141,phrase
-330.3473205566406,130.63209533691406,16.90152931213379,53.359859466552734,12.324403762817385,12.454805374145508,0.8382483720779419,1.146785020828247,-4.1186957359313965,3.328425168991089,6.343607425689697,-6.564829349517822,-7.60700798034668,90.22159576416016,46.29108047485352,34.52329635620117,23.517671585083008,27.803895950317383,21.20251846313477,19.597576141357425,13.129536628723145,14.038354873657228,9.13675594329834,11.634262084960938,11.130311965942385,13.067312240600586,1.0437217950820925,0.6663304567337036,-0.0404019467532634,-0.1918668001890182,-0.146764874458313,-0.0556861869990825,-0.0455319061875343,0.0351289622485637,-0.1236009523272514,-0.037610862404108,-0.0008611364173702,0.0058400304988026,-0.0088671473786234,16.98400115966797,8.009239196777344,5.337350845336914,3.72326135635376,4.157451629638672,2.5462982654571533,2.9220244884490967,2.257721185684204,2.4793195724487305,1.486981987953186,2.009852409362793,1.99392569065094,2.495437860488892,-0.3478847146034241,-0.0524835623800754,0.1126015782356262,0.0060330359265208,0.1425353437662124,0.0465689040720462,0.0255758315324783,0.012330244295299,0.0265154913067817,0.0302750710397958,-0.0639001950621604,-0.026959478855133,0.0100425370037555,8.018214225769043,2.8745534420013428,2.987400531768799,1.6907203197479248,1.7533067464828491,1.1951932907104492,1.378020405769348,1.1467429399490356,1.3882089853286743,0.8575781583786011,1.0259166955947876,0.8435959219932556,1.0038142204284668,0.02419682293434,0.010277880803095,0.0970067458891868,0.0371914397316263,15.154206560598029,1,Laryngitis,1414,phrase
-361.4525451660156,133.92758178710938,29.26638603210449,45.925899505615234,5.44318437576294,37.81951904296875,10.000036239624023,-1.0719574689865112,-0.4899066686630249,1.3443107604980469,11.109743118286133,-4.495826721191406,-14.797613143920898,85.29476928710938,57.0275993347168,32.939300537109375,18.41681671142578,22.107648849487305,17.475940704345703,15.217236518859863,15.702842712402344,13.355670928955078,9.527613639831545,9.353708267211914,8.520572662353516,15.45576286315918,0.6016120910644531,0.2817041277885437,-0.0427852049469947,0.0876058936119079,-0.0790613815188407,0.0056011066772043,0.0684779286384582,-0.0119628738611936,-0.0412088818848133,-0.0212228428572416,-0.0064035062678158,-0.0412332266569137,0.0137698976323008,15.787933349609377,7.974837779998779,5.538174152374268,3.199981212615967,3.865912914276123,2.4376771450042725,2.5608057975769043,2.515032768249512,2.4062631130218506,1.9848449230194087,1.415884494781494,1.6616084575653076,2.92089581489563,-0.0174112375825643,0.0225640069693326,0.0639310777187347,0.0282275769859552,0.0653440207242965,0.0519063174724578,-0.0412393696606159,0.0189027860760688,0.0419906973838806,0.0026452564634382,0.0357501655817031,-0.0067630507983267,-0.0524564832448959,7.91599178314209,3.1363182067871094,2.9184536933898926,1.8983616828918457,2.031754732131958,1.2839336395263672,1.4655084609985352,1.2617435455322266,1.057132601737976,1.0947586297988892,0.818970799446106,0.9066023230552672,1.26598858833313,0.0384177123263152,0.0144785879909631,0.1145732596142933,0.0389628512901195,9.85674107222436,1,Laryngitis,1426,phrase
-299.43414306640625,135.09820556640625,21.94298553466797,61.76456451416016,14.892145156860352,27.69693946838379,0.6502608060836792,4.588472843170166,16.152528762817383,-4.335065364837647,-2.9849979877471924,3.1446292400360107,-2.0211997032165527,78.03759765625,42.8520736694336,28.514835357666016,22.05596351623535,21.34961700439453,19.03200912475586,15.840291976928713,9.53635597229004,12.00747299194336,12.165051460266112,10.385782241821287,9.372732162475586,9.275419235229492,0.4702956974506378,0.3127417266368866,-0.0363868772983551,-0.0416969172656536,-0.0679496154189109,-0.1086563766002655,-0.0432758182287216,0.1059872284531593,0.0521183535456657,-0.0892240926623344,0.0145407952368259,0.1052568107843399,-0.0107079474255442,15.306700706481934,8.022472381591797,5.079575061798096,3.8504464626312256,3.763175249099731,3.010654926300049,3.0945701599121094,1.8730194568634035,2.2984352111816406,2.652480363845825,1.8005139827728271,1.780999779701233,1.807676196098328,-0.0844460278749466,0.0693279504776001,0.0327063761651515,0.012750337831676,0.0702413693070411,0.0110711744055151,0.06508819013834,0.0612615272402763,-0.0143831577152013,0.0278212036937475,0.0028154242318123,-0.0228711701929569,-0.0100000221282243,8.740646362304688,3.1504530906677246,3.043557643890381,1.9768474102020264,2.0087697505950928,1.254558801651001,1.5743228197097778,1.083131194114685,1.340510010719299,1.4863152503967283,0.938709020614624,0.9372676014900208,0.9664419293403624,0.031928905714592,0.0158333262292703,0.1088272392099304,0.0387372782467418,12.849311380864672,1,Laryngitis,1436,phrase
-305.3936462402344,151.4651336669922,21.44972038269043,43.24490737915039,9.375744819641112,20.28770637512207,3.0902819633483887,-5.047160625457764,-3.739334106445313,5.425594329833984,3.8811967372894287,-9.571754455566406,-4.206970691680908,75.8753662109375,49.44759750366211,26.32653045654297,22.267349243164062,22.57699203491211,17.725549697875977,17.377574920654297,14.18367862701416,12.941265106201172,11.098854064941406,8.936338424682617,11.234527587890623,10.393811225891112,0.7479254007339478,0.545464038848877,-0.0043172668665647,0.1281887143850326,0.1297682374715805,0.0458819791674613,0.0697868689894676,-0.076432853937149,-0.0516209229826927,0.0116805480793118,0.0412761196494102,0.0275729522109031,-0.1059998124837875,16.241819381713867,9.795086860656738,5.120357513427734,3.453372001647949,4.072947025299072,2.30377197265625,3.3140485286712646,2.6349730491638184,2.5714805126190186,2.1835527420043945,1.500394344329834,2.162013053894043,2.191417932510376,-0.2353711426258087,-0.1315080821514129,-0.1120874509215354,-0.1074656248092651,0.0740872621536254,0.098716139793396,0.1223388090729713,0.0711385384202003,0.0951477438211441,0.0317251421511173,-0.045295313000679,-0.00632637552917,-0.0663155242800712,8.105269432067871,4.127804756164551,3.349283456802368,2.036364793777466,1.947725296020508,1.236210823059082,1.9732486009597776,1.3723973035812378,1.5536377429962158,1.1866720914840698,0.9317692518234252,0.9530600309371948,1.2038055658340454,0.0223433706601338,0.0109636454789278,0.0698285074498418,0.0262050701207893,18.06113352631533,1,Laryngitis,1440,phrase
-325.3295288085937,156.70785522460938,26.69827079772949,54.40311050415039,3.1392059326171875,13.35512638092041,-6.195976257324219,10.904638290405272,2.3200268745422363,-11.134909629821776,6.260473251342773,-7.263931751251221,-3.1510612964630127,84.48019409179688,58.08280944824219,26.60950088500977,15.748299598693848,26.34104347229004,21.965621948242188,22.858318328857425,11.843708992004396,12.41026210784912,12.945076942443848,9.41445541381836,12.647507667541504,8.674816131591797,-0.2781207263469696,-0.102382093667984,0.1383875608444214,-0.0433959737420082,-0.1653174459934234,-0.0281627941876649,0.1277602761983871,0.0130747715011239,0.0020259686280041,0.1109965965151786,0.044427815824747,0.0608531683683395,0.1001136377453804,16.16923713684082,10.16983127593994,3.685668706893921,3.0604822635650635,3.8007543087005615,3.2146315574646,4.319937229156494,1.903688311576844,1.6855098009109497,2.7779617309570312,1.5836063623428345,2.698464155197144,1.6331065893173218,-0.3685552477836609,-0.224461942911148,0.0359153747558593,0.0218730513006448,0.044201660901308,0.0823053941130638,0.0345572344958782,-0.0437112711369991,0.0166667718440294,0.0277646370232105,-0.0578875541687011,-0.0430771186947822,0.0108348755165934,6.795917510986328,3.722516536712648,2.102390050888061,1.641838312149048,1.7573459148406982,1.3413854837417605,1.917586088180542,0.9775376915931702,1.0520886182785034,1.405339598655701,0.7767391204833984,1.2311314344406128,0.9699838161468506,0.0307674351978538,0.0142324500917488,0.0878890080553696,0.0262582917806467,12.677264898549712,1,Laryngitis,1447,phrase
-369.79302978515625,161.33984375,19.16025161743164,41.71537780761719,13.547921180725098,28.139516830444336,7.263477325439453,-1.6896485090255735,6.828349113464356,1.0705571174621582,8.827072143554688,4.568680763244629,-6.870222568511963,73.80699920654297,59.90376281738281,27.855695724487305,23.089563369750977,26.8056583404541,24.17647171020508,19.41073036193848,12.212933540344238,10.465798377990724,10.186386108398438,6.978602409362793,8.419713973999023,12.33415699005127,-0.0058681382797658,0.1417712122201919,0.0690621510148048,-0.0478145740926265,0.1338367462158203,0.2267248332500457,0.1663036048412323,0.0657768622040748,-0.0182396490126848,0.010080904699862,0.0637913569808006,0.0620862990617752,0.1013372242450714,13.081582069396973,9.788801193237305,4.229682922363281,2.494590282440185,4.242021560668945,3.3469955921173096,3.7266111373901367,2.505035638809204,1.8403046131134035,2.05815052986145,1.451593995094299,1.254458785057068,2.4068071842193604,-0.1628119945526123,0.0137197775766253,-0.0295668356120586,-0.0847145393490791,0.0836609676480293,0.0077709569595754,0.1134641394019126,0.0546861998736858,0.0061894301325082,0.0105955442413687,-0.04943273589015,-0.0362270474433898,-0.0168390367180109,7.432164669036865,4.429049015045166,2.374666213989258,1.4714947938919067,2.265244007110596,1.4733535051345823,2.211387157440185,1.314393162727356,0.93977952003479,1.2906391620635986,0.9579164385795592,0.7699689269065857,1.1680564880371094,0.0277677099040643,0.0121914396801907,0.1026255954446281,0.0285985563689203,13.947571876029588,1,Laryngitis,1456,phrase
-279.08367919921875,175.85702514648438,13.229565620422363,42.7562370300293,14.087188720703123,24.72835731506348,20.305498123168945,-0.5076385140419006,-1.935914397239685,6.691604137420654,11.95720672607422,-3.938004732131958,-7.897129058837891,62.4400634765625,48.23163604736328,27.142065048217773,17.482784271240234,20.32887458801269,24.262351989746094,17.941936492919922,16.08475685119629,9.481234550476074,6.337976455688477,8.15075397491455,9.09507942199707,9.079795837402344,0.4411519467830658,0.2066475749015808,-0.0130548849701881,0.1093033924698829,0.0683944001793861,0.0662054121494293,0.0783300995826721,0.100337341427803,0.0022519356571137,0.0127511993050575,0.0276322551071643,-0.0438531264662742,-0.0387049578130245,11.4392671585083,7.80829381942749,4.07049036026001,2.8375277519226074,2.5573296546936035,2.273789644241333,2.4316797256469727,2.370288610458374,1.71260666847229,1.1873799562454224,1.3177664279937744,1.2322721481323242,1.5805840492248535,-0.2472287714481353,-0.1485512405633926,0.0134247746318578,0.0209455862641334,0.0550314374268054,0.0398112013936042,0.0323102138936519,0.0092807859182357,0.0136808147653937,0.0190957877784967,-0.0069797276519238,-0.0217514634132385,0.0077619892545044,5.72628116607666,2.7599937915802,2.3706421852111816,1.450594186782837,1.2616329193115234,1.0471162796020508,1.250126600265503,0.952035665512085,0.8600233793258667,0.6614638566970825,0.675581157207489,0.7710920572280884,0.6746106743812561,0.0327079083934688,0.0161088660641701,0.0734048888557124,0.0220178376508143,11.97606713077912,1,Laryngitis,1463,phrase
-278.079345703125,121.56230926513672,-5.664001941680908,56.20522689819336,7.119054794311523,35.855506896972656,-2.40201473236084,-0.2014247626066208,-4.030077934265137,3.2811994552612305,8.256695747375488,-11.241517066955566,-6.448327541351318,81.6856918334961,38.01847457885742,28.664138793945312,19.94752311706543,24.89153861999512,23.54364585876465,17.74097442626953,16.278438568115234,11.593145370483398,12.280128479003906,10.380010604858398,12.392248153686523,12.202433586120604,1.0967819690704346,0.4057503640651703,-0.2656130194664001,0.1398879587650299,0.0104477498680353,0.1384606212377548,0.0305883400142192,-0.012076485902071,0.0097999777644872,-0.0477727204561233,0.1564160287380218,-0.0591953545808792,-0.0529871620237827,14.51564121246338,6.811678409576416,4.911275386810303,3.667887926101685,3.706125259399414,3.301697969436645,2.611525774002075,3.156181812286377,2.189553737640381,1.9034243822097776,1.9445840120315552,2.2931745052337646,2.28950309753418,-0.2392616868019104,-0.1119348481297493,0.0926414504647255,0.0995848402380943,0.1071443781256675,0.0516601577401161,0.0071828551590442,-0.0659230500459671,-0.0431275740265846,-0.0224375370889902,-0.0558347590267658,0.0161945130676031,0.0161668043583631,7.082484722137451,2.6881282329559326,2.7762980461120605,2.1126694679260254,1.9090008735656736,1.5511621236801147,1.5113235712051392,1.3861761093139648,1.2029446363449097,1.0380998849868774,1.0664077997207642,1.2447504997253418,1.2053247690200806,0.0418886419455338,0.0197669476971503,0.1779298730759363,0.1017771363787073,6.581982920874543,1,Laryngitis,1472,phrase
-364.6513366699219,149.61663818359375,22.04960250854492,44.37913131713867,30.71171760559082,16.912668228149414,2.8453519344329834,-1.176361918449402,4.3142571449279785,4.394122123718262,-5.638532161712647,-7.713892459869385,6.122684001922607,84.22755432128906,62.68144607543945,30.29639434814453,20.59538078308105,23.447378158569336,19.743871688842773,16.396625518798828,10.60257625579834,9.902229309082031,10.288378715515137,11.5072021484375,13.310522079467772,11.019353866577148,0.6162905693054199,0.4833318293094635,0.1224056109786033,0.0906013622879982,0.0623099356889724,0.0812679007649421,0.0051850867457687,-0.024450784549117,-0.0375041775405406,0.0041809664107859,-0.0138643942773342,-0.1027413308620452,0.0253226459026336,16.084545135498047,10.772244453430176,5.152733325958252,3.081141710281372,4.086025714874268,2.433953046798706,2.57627820968628,1.827852725982666,1.8251683712005613,1.7524003982543943,1.6611098051071167,2.2121713161468506,1.578824758529663,-0.2855860292911529,-0.128569021821022,0.0274450220167636,-0.0147359194234013,0.0576050095260143,0.0523323491215705,0.0613782368600368,-0.007047742139548,0.0091947698965668,0.0415205769240856,0.0112707568332552,0.0447757504880428,-0.0199974980205297,8.298544883728027,4.253371238708496,2.990918636322021,1.8387078046798704,1.904475450515747,1.4027981758117676,1.3465209007263184,1.1046501398086548,1.0324809551239014,1.1363118886947632,0.8723057508468628,1.0990086793899536,0.8575953841209412,0.0217784631644681,0.0085051830009989,0.072107682578946,0.0249339102265975,16.238347456822687,1,Laryngitis,1554,phrase
-362.7265625,161.0149383544922,11.403972625732422,52.9251594543457,21.82369613647461,27.08878898620605,-9.36284065246582,-5.888161659240723,12.704069137573242,0.6128002405166626,-3.624154567718506,-5.510210037231445,-1.0023492574691772,82.93017578125,55.894287109375,36.615909576416016,27.4375057220459,24.953950881958008,20.01984977722168,19.769363403320312,13.662141799926758,15.335511207580566,12.780313491821287,10.98552131652832,11.207292556762695,7.286832809448242,0.5346891283988953,0.3885701596736908,-0.01862652041018,0.1195077821612358,0.1849772483110427,-0.0079279597848653,-0.0464983284473419,0.0307479631155729,0.0568686798214912,0.0078776320442557,-0.0111075527966022,-0.0489719212055206,-0.1026860997080802,14.39942741394043,10.068906784057615,6.254953861236572,4.29823112487793,3.884986400604248,2.674837827682495,3.561460256576538,2.689060926437378,2.648987054824829,2.316590547561645,2.1236650943756104,2.0175230503082275,1.3380939960479736,-0.3270038962364197,-0.1572656780481338,0.0769590735435485,0.006245563738048,0.0454438626766204,0.0387909635901451,0.0328733026981353,0.0285240653902292,0.0665617510676384,0.1316228657960891,-0.0072851255536079,-0.0618537962436676,-0.0169608369469642,8.203103065490723,4.114517211914063,3.433502674102783,2.5300827026367188,1.921623945236206,1.1954418420791626,2.162000894546509,1.266393780708313,1.3523832559585571,1.488977074623108,1.031313180923462,1.1434452533721924,0.8558446764945984,0.0318497285020211,0.0143139985643206,0.1006201496442209,0.0283667116641149,14.585201079314247,1,Laryngitis,1567,phrase
-363.6786804199219,122.4258270263672,23.912185668945312,41.39737319946289,-2.046877384185791,27.59548568725586,9.135871887207031,0.7521207928657532,-6.09765625,5.7050461769104,5.50609302520752,-4.519260883331299,-4.498565673828125,103.1943817138672,49.76816940307617,30.57864189147949,20.12233543395996,24.98892593383789,23.03365135192871,22.41961097717285,13.426213264465332,16.333711624145508,13.907569885253906,9.592647552490234,12.287803649902344,10.999889373779297,0.675377607345581,0.3535116016864776,-0.0122471079230308,0.0520633682608604,-0.051506295800209,0.0962350443005561,0.1180491000413894,0.0305142272263765,-0.0399462319910526,0.0399891436100006,0.0117268748581409,-0.0809447765350341,-0.0108322091400623,19.00337219238281,6.653477191925049,5.497282028198242,3.138376474380493,3.608677387237549,3.1981751918792725,3.803353309631348,2.284148693084717,3.03898286819458,2.7027711868286133,1.818575382232666,2.473576307296753,2.035198211669922,-0.1921933591365814,-0.1473059505224228,-0.0491810217499733,0.0217233691364526,0.1074961796402931,0.0228512100875377,0.0098543725907802,-0.0011728492099791,-0.0639954507350921,0.0116116600111126,0.0202681794762611,-0.0279361642897129,0.0397955700755119,9.044349670410156,2.700290441513061,3.1440250873565674,1.6494462490081787,1.8083257675170896,1.6698544025421145,1.9204819202423096,1.12878155708313,1.46620512008667,1.5089665651321411,0.9642021656036376,1.2535730600357056,0.9871788620948792,0.0166296767728653,0.0066273586953465,0.0953449109469638,0.0266528027591651,16.049224712647597,1,Laryngitis,1578,phrase
-383.2659912109375,155.3289794921875,31.36177062988281,39.953102111816406,13.22482204437256,17.730480194091797,6.864654541015625,-7.768077850341797,4.265262603759766,4.113745212554932,3.95358157157898,-4.024229526519775,-8.533293724060059,76.80902862548828,54.40586471557617,27.91573905944824,17.54022979736328,23.01459693908692,21.198654174804688,13.672137260437012,13.78234577178955,8.933812141418457,9.827252388000488,9.893074989318848,9.589632987976074,12.51172161102295,0.6635196208953857,0.5907778739929199,0.2377326041460037,0.2313111871480941,0.1602835059165954,0.1459335535764694,0.0784442871809005,-0.0881726741790771,-0.0372416190803051,0.0444018840789794,-0.0009702444076538,-0.0429396666586399,-0.0410143882036209,13.911388397216797,9.802577018737791,4.9033379554748535,3.33137321472168,3.351170539855957,3.0178239345550537,2.3633480072021484,2.616546392440796,1.286046862602234,1.7968459129333496,1.7407593727111816,1.592987060546875,2.323078155517578,-0.2482335418462753,0.0012621287023648,0.0912046059966087,-0.007906250655651,0.1128434166312217,0.0508105158805847,0.105931207537651,0.0660937204957008,0.019964575767517,0.0762061104178428,0.013735088519752,-0.0171460080891847,0.0466960594058036,6.883908271789551,4.249388217926025,3.1167585849761963,1.7626491785049438,1.780121088027954,1.3826892375946045,1.4364373683929443,1.3612289428710938,0.7892928719520569,1.1971529722213743,0.9654779434204102,0.8194504380226135,1.0437339544296265,0.0192835496578308,0.0087421447046674,0.0909075562848649,0.025813685016944,15.189045811902458,1,Laryngitis,1599,phrase
-351.8754272460937,141.17901611328125,14.903066635131836,43.47026062011719,17.153553009033203,22.42672538757324,-3.0840723514556885,-5.967589378356934,1.953207015991211,-7.543820381164551,-7.544589996337891,-8.045841217041016,-4.014482975006104,100.80359649658205,56.38425064086914,28.97660446166992,25.03467559814453,30.1001091003418,20.43012809753418,18.71313095092773,13.50322437286377,10.445500373840332,10.654132843017578,14.195053100585938,10.12568187713623,10.116759300231934,0.6700065732002258,0.5085606575012207,0.1163750737905502,0.1748981177806854,0.158016636967659,0.1227869838476181,0.018930647522211,-0.0410961881279945,-0.030247937887907,-0.071095086634159,-0.0791000127792358,-0.0656105279922485,-0.0487475581467151,18.32888412475586,9.790523529052734,5.157464981079102,3.2431952953338623,4.090755462646484,2.8217101097106934,2.957387924194336,2.225374460220337,1.5838119983673096,1.8153575658798216,2.0286083221435547,1.7464159727096558,1.7216169834136963,-0.2261916995048523,-0.0526491031050682,0.0350308194756507,-0.0127127096056938,0.0701980143785476,0.0378794074058532,0.0462893545627594,0.0405739396810531,0.0363612994551658,0.0047414195723831,-0.0087167182937264,-0.0080861607566475,0.0030106739141047,8.330428123474121,3.729819059371948,2.979822874069214,1.840197324752808,2.090994119644165,1.5381361246109009,1.3038026094436646,1.1332134008407593,0.8099810481071472,0.8549756407737732,0.9170580506324768,0.904534101486206,0.8459334373474121,0.0273301028900029,0.0115590536694193,0.1271202358654904,0.0593360744443736,13.15165806927463,1,Laryngitis,1610,phrase
-336.8178405761719,129.41917419433594,16.55608367919922,51.26172637939453,2.8386034965515137,25.19171905517578,10.398669242858888,-2.6242833137512207,-5.013158321380615,13.15618896484375,12.364232063293455,-7.950088977813721,-3.4242167472839355,93.35186767578124,48.34799575805664,28.46933364868164,27.644744873046875,21.800201416015625,22.979700088500977,14.36920928955078,11.889406204223633,11.769560813903809,14.536384582519531,7.552455902099609,13.386897087097168,10.365656852722168,0.5452567338943481,0.4523170292377472,0.0819164365530014,-0.0546218715608119,-0.1290567219257354,-0.0601662099361419,0.0131823047995567,0.0315838493406772,-0.0262466091662645,-0.072400726377964,-0.0543920993804931,-0.0468401424586772,-0.005395526997745,13.911402702331545,7.198091506958008,3.722737073898315,4.029393672943115,3.495182514190674,3.040980100631714,2.2881124019622803,2.318266153335572,2.1854236125946045,2.7496931552886963,1.506314396858215,2.151705503463745,1.6215012073516846,-0.190324991941452,-0.0992819517850875,0.0205380879342556,-0.0174120813608169,0.0479685887694358,0.0920012295246124,0.0662854239344596,0.0290919449180364,0.0460181944072246,0.058678463101387,0.0066775418817996,0.0019010321702808,0.0096135223284363,6.666384220123291,3.175532817840576,2.0259127616882324,1.6904959678649902,1.576818585395813,1.4513338804244995,1.244164228439331,1.223141074180603,1.3416012525558472,1.5280683040618896,0.95375394821167,1.147663712501526,0.8288453817367554,0.04267506137733,0.0202468901140157,0.1434806846354121,0.05361789202429,7.425279257912134,1,Laryngitis,1613,phrase
-332.2394104003906,153.98681640625,8.25432014465332,37.35129165649414,22.230131149291992,20.53415298461914,-3.4615797996521,-3.639598608016968,-4.226096630096436,2.0953240394592285,-3.4005472660064697,-13.01692008972168,0.4099926948547363,82.16944885253906,51.094688415527344,30.22626686096192,23.83913230895996,20.96742057800293,24.928178787231445,19.355222702026367,10.828401565551758,15.177327156066896,13.797940254211426,8.894351959228516,12.91280746459961,11.380043029785156,0.311493843793869,0.2285811156034469,0.0113275833427906,-0.0372469909489154,-0.0762484371662139,-0.1013173162937164,-0.1141422837972641,-0.0595069415867328,-0.039459366351366,-0.0135770421475172,-0.0045140837319195,-0.0436521992087364,-0.0639624968171119,14.933415412902832,9.12098789215088,5.430662155151367,3.884445905685425,3.1462790966033936,3.243370771408081,3.512474536895752,2.0487873554229736,2.539618730545044,2.551191806793213,1.7220760583877563,2.6950225830078125,2.169388771057129,-0.1360638439655304,-0.1282324939966201,0.0379198230803012,0.1159742176532745,0.0743476003408432,0.0128594283014535,-0.0503799803555011,-0.0514077246189117,-0.0384260974824428,-0.0094379493966698,0.0409442633390426,0.0493893809616565,4.723640086012893e-05,7.291628360748291,3.7389228343963614,3.281792163848877,2.1625561714172363,1.5452756881713867,1.3116166591644287,1.6678651571273804,1.2404342889785769,1.1446274518966677,1.306496262550354,0.9584543108940125,1.2654350996017456,0.9864526987075806,0.0165675106924717,0.0060414417283988,0.082526600435733,0.0210956435103008,17.673853938094258,1,Laryngitis,1614,phrase
-292.14208984375,126.4525146484375,-2.8155324459075928,49.716346740722656,15.357833862304688,30.35400581359864,-21.928985595703125,-5.000630855560303,16.29345703125,-6.400549411773682,-6.821689128875732,-0.2524083852767944,-7.010919094085693,77.04794311523438,45.469825744628906,31.882719039916992,21.577295303344727,23.3389835357666,19.05207252502441,24.314441680908203,15.399699211120604,11.853530883789062,8.638579368591309,10.01356315612793,6.755199432373047,12.004257202148438,0.7252698540687561,0.3774163126945495,-0.0274126641452312,0.0561032332479953,-0.0870311111211776,-0.0277815647423267,-0.1125667318701744,-0.0185423735529184,0.0887336507439613,-0.0801140218973159,-0.0470814071595668,-0.0131095871329307,-0.0388083755970001,12.049750328063965,7.475552082061768,4.552762031555176,2.847203731536865,3.6963918209075928,2.392906188964844,3.417370319366455,2.513877391815185,1.970669388771057,1.543381690979004,1.7180312871932983,1.0801880359649658,1.701967477798462,-0.401820570230484,-0.1693301349878311,0.0985624194145202,0.0770717859268188,0.0872166529297828,-0.0030492146033793,0.0037905832286924,-0.0032859370112419,0.0691133290529251,0.0946834832429885,0.0208603497594594,-0.0238349810242652,-0.0311179924756288,5.432560920715332,2.9586081504821777,2.165291309356689,1.821731686592102,1.6300714015960691,1.137887954711914,1.6087312698364258,1.2555902004241943,1.1000152826309204,0.9663929343223572,0.862159013748169,0.7528203725814819,0.8604952096939087,0.0152460584783369,0.0053456821057198,0.0961721477094615,0.0321530046844509,13.497551790181326,1,Laryngitis,1617,phrase
-350.42791748046875,138.0740203857422,18.49628639221192,50.22394180297852,7.502326488494873,25.34225082397461,-1.743937849998474,-10.474664688110352,7.994794845581055,9.326042175292969,0.8033824563026428,-11.418546676635742,-1.51441752910614,101.78514862060548,56.61419677734375,31.02145767211914,27.62306785583496,19.791852951049805,18.51446533203125,12.231246948242188,15.859293937683104,10.437908172607422,12.076273918151855,10.821643829345703,12.954926490783691,10.47669792175293,0.6206502914428711,0.1885311007499694,-0.0743840336799621,0.1142172366380691,-0.0591099746525287,0.0142018087208271,-0.0957133471965789,-0.0394349843263626,0.0337049849331378,-0.0508990138769149,-0.0472967475652694,-0.0468030422925949,-0.0012935483828186,16.112762451171875,7.393402576446533,5.006008625030518,3.5896458625793457,3.214958906173706,2.4614593982696533,2.3783624172210693,3.002205371856689,1.8298295736312864,2.1122727394104004,1.9523926973342896,1.9446921348571773,1.5115119218826294,-0.0037766005843877,0.0243030916899442,-0.0221592709422111,0.0053844032809138,0.1002857312560081,0.0502646006643772,0.0602853596210479,0.0185271743685007,-0.024070419371128,0.0308833345770835,-0.014469938352704,-0.0078157372772693,0.0290977917611598,7.578729629516602,3.037309169769287,2.786267042160034,1.6746153831481934,1.5923396348953247,1.209316968917847,1.264167070388794,1.4349534511566162,0.8818192481994629,1.0990532636642456,1.0753365755081177,0.903058648109436,0.9259708523750304,0.0234228530834525,0.0100138263692178,0.1044432365840806,0.0389190810936785,14.572251051392552,1,Laryngitis,1629,phrase
-377.5614929199219,159.17306518554688,27.14112091064453,47.82787704467773,13.8861722946167,17.886812210083008,-2.9400784969329834,-12.78463077545166,5.894223213195801,11.845640182495115,0.6208009123802185,-17.459814071655273,-2.1288726329803467,70.4753189086914,52.869285583496094,33.83834457397461,28.657751083374023,21.09546089172364,17.788076400756836,12.248698234558104,19.55368995666504,9.948143005371094,14.769972801208496,11.871349334716797,13.388401985168455,9.325465202331545,1.0405924320220947,0.6251304745674133,-0.101723700761795,-0.0020591490902006,0.1113324090838432,0.1582492738962173,-0.0500093512237072,-0.0431031920015811,0.0291566625237464,0.0725011453032493,0.013801721855998,-0.0831387117505073,-0.005152613390237,12.69765567779541,8.890101432800293,5.001519680023193,4.210270881652832,2.832935810089112,2.363393545150757,1.923424243927002,4.0121750831604,1.7508509159088137,2.697284460067749,2.384021520614624,2.4630844593048096,1.734410285949707,-0.2556870579719543,-0.1530313491821289,-0.1237654983997345,-0.0807442814111709,0.012929294258356,-0.0189864635467529,0.0892227366566658,0.0487605147063732,0.0436168424785137,0.0072254911065101,0.0311299972236156,0.0089212851598858,0.0008745869272388,5.941720008850098,3.7583987712860094,2.650834321975708,2.1898813247680664,1.6904573440551758,1.4524152278900146,1.1656047105789185,1.855713486671448,1.0761891603469849,1.2811992168426514,1.1735988855361938,1.203499436378479,1.0183124542236328,0.0231976513336956,0.0117618779704443,0.1257085807143892,0.0475006241975816,12.894362518199143,1,Laryngitis,1665,phrase
-367.5035095214844,122.15066528320312,22.13058280944824,43.04936599731445,19.02473831176757,16.188356399536133,7.621476650238037,11.034842491149902,1.7844244241714478,-7.333077907562256,1.7378125190734863,2.741159677505493,-3.553849935531616,109.21141815185548,67.25275421142578,34.83964538574219,26.449621200561523,21.56138801574707,18.27129554748535,13.35853672027588,9.654142379760742,11.334678649902344,13.383601188659668,10.911767959594728,8.155698776245117,11.182394981384276,0.0218707118183374,-0.0352707505226135,0.0140122417360544,0.0793451517820358,0.0734055787324905,0.1045076474547386,0.0232353378087282,0.0170983225107193,0.0343415178358554,0.0296234171837568,0.0408197566866874,-0.0196617096662521,0.017938258126378,14.963345527648926,10.035165786743164,6.120119094848633,3.692979097366333,3.167484998703003,2.912372589111328,2.639448404312134,1.7255525588989258,2.064244508743286,2.362251281738281,1.7525277137756348,1.4281175136566162,2.0624611377716064,-0.0892809256911277,-0.079408124089241,-0.0663785487413406,-0.0196944624185562,0.0372947752475738,0.0500542223453521,0.0695739313960075,0.0184798873960971,0.0047500231303274,-0.0041988249868154,0.0158216021955013,0.020619697868824,-0.0105603598058223,7.202602863311768,3.4448134899139404,3.371600151062012,2.0219273567199707,1.573825120925903,1.5803656578063965,1.6890822649002075,1.0942373275756836,1.0034464597702026,1.246492624282837,0.875638484954834,0.8721888065338135,0.9751074314117432,0.0244815338009112,0.0060623660668855,0.1143057849992811,0.0316241726451118,14.662539748858796,1,Laryngitis,1780,phrase
-327.92498779296875,141.61819458007812,24.809309005737305,47.75057220458984,9.484103202819824,44.40247344970703,-2.212430953979492,-1.066378474235535,3.427231311798096,6.20970630645752,-5.149104118347168,-3.4862656593322754,-3.657313823699951,78.49299621582031,40.71269989013672,29.20340156555176,24.80457878112793,22.60068893432617,28.407928466796875,19.184600830078125,13.809968948364258,12.590377807617188,13.574511528015137,14.750894546508787,11.539471626281738,11.272354125976562,0.7921689748764038,0.478338211774826,-0.0341912470757961,-0.067414216697216,-0.082848273217678,-0.0214424524456262,-0.0483693480491638,-0.0245051197707653,-0.1120346039533615,0.0266057886183261,0.0540520548820495,-0.0140320556238293,0.0384595356881618,13.43968677520752,7.338886737823486,4.375307083129883,3.5197908878326416,3.36934232711792,3.7496554851531982,3.2034037113189697,2.6629297733306885,1.9563007354736328,2.6402511596679688,2.947024345397949,2.0306944847106934,1.826348662376404,-0.1932297348976135,-0.1027674078941345,0.0045449286699295,0.0159613043069839,0.1191611066460609,0.0438778437674045,0.036764707416296,0.0570627190172672,-0.0070774457417428,0.0334150902926921,-0.0202133227139711,-0.0282936617732048,-0.0021998472511768,7.0175957679748535,3.3112597465515137,2.35022521018982,2.062933444976806,1.926558017730713,1.4917253255844116,1.7437270879745483,1.507892370223999,0.8999188542366028,1.3739186525344849,1.391877055168152,1.0879696607589722,1.0652732849121094,0.0642029666295519,0.0307383118769023,0.1946128219442215,0.0781882592868508,6.076096022671841,1,Laryngitis,1783,phrase
-331.84979248046875,169.67222595214844,12.505209922790527,37.448204040527344,27.34988212585449,18.214391708374023,-7.51673698425293,-1.110874056816101,4.916072368621826,1.410219430923462,7.172872543334961,-2.1349337100982666,-10.513432502746582,80.19525146484375,57.30435562133789,26.05045890808105,20.148513793945312,27.231979370117188,18.079360961914062,17.113948822021484,9.333890914916992,10.180691719055176,14.320772171020508,7.509895801544189,10.360108375549316,14.45424461364746,0.8696736693382263,0.3974450528621673,-0.1045286133885383,-0.1014175787568092,-0.0119361234828829,-0.0362726487219333,-0.0203668288886547,-0.029841748997569,-0.0755918398499488,-0.0980099812150001,-0.0177456121891737,0.0248659867793321,-0.0420237146317958,14.658880233764648,9.396973609924316,4.983650207519531,3.031242609024048,4.8401312828063965,2.630393743515014,3.465705633163452,1.661461353302002,1.7092357873916626,2.60847282409668,1.228280544281006,1.8868343830108645,2.510607957839966,0.045320875942707,-0.0029092384502291,0.0845462903380394,-0.0076663587242364,0.1204848289489746,0.1251379698514938,0.0897530615329742,0.046320304274559,0.071175180375576,0.0814328119158744,-0.0035721499007195,-0.0177742261439561,-0.0318903066217899,8.146900177001953,4.201840400695801,3.089571714401245,1.8809155225753784,2.2603116035461426,1.3283237218856812,1.7039799690246582,0.9356740713119508,0.9975752830505372,1.6089304685592651,0.7096636891365051,1.1070672273635864,1.312055230140686,0.062744969725581,0.0309777586936256,0.1283509452459071,0.053774484962506,7.291684419213892,1,Laryngitis,1795,phrase
-366.2107543945313,117.182373046875,4.4107160568237305,40.81816864013672,8.399083137512207,16.69443702697754,-7.221369743347168,6.294253826141357,-0.6382437944412231,-8.506082534790039,6.587247848510742,-0.5678442716598511,-8.942087173461914,122.99171447753906,47.0095329284668,35.484344482421875,26.382539749145508,20.538440704345703,19.213594436645508,23.109947204589844,11.797921180725098,13.068686485290527,14.103177070617676,9.433548927307127,11.164687156677246,14.27452564239502,0.7675760388374329,0.2629501223564148,-0.1192528679966926,0.1390144079923629,-0.025841187685728,0.0912459045648574,0.0501531958580017,-0.0292006935924291,-0.0635309368371963,-0.0653327777981758,0.0617091916501522,0.0246803574264049,-0.075781799852848,18.812705993652344,6.946897029876709,6.0472798347473145,3.9224679470062256,3.0702147483825684,2.740571975708008,3.674939393997192,1.9056246280670168,2.0053415298461914,2.455482006072998,1.807663321495056,1.650550127029419,2.440345048904419,-0.1175671741366386,-0.0452107340097427,0.042448416352272,0.0584255494177341,0.0870508328080177,0.0547923482954502,0.0425421483814716,0.0101824384182691,-0.0041768951341509,-0.0160243120044469,-0.0140738496556878,-0.0008903144625946,-0.0186533667147159,7.911190509796143,3.141234874725342,3.063042163848877,1.8684452772140503,1.6691306829452517,1.2239553928375244,1.753964900970459,0.9849671721458436,1.0172299146652222,1.176919937133789,1.0121114253997805,0.8486776947975159,1.0077757835388184,0.0302108521399846,0.0159373698657107,0.1280443348112974,0.0488641866313671,11.193745911102258,1,Laryngitis,1796,phrase
-326.91778564453125,132.1990966796875,1.896967887878418,31.20694923400879,-3.3649818897247314,18.60333824157715,-4.31840705871582,-7.251017570495605,1.2455604076385498,0.0964925214648246,-2.103616952896118,-10.23665714263916,-7.180781841278076,107.03463745117188,69.81884765625,29.7447566986084,31.63580703735352,25.83875846862793,16.986841201782227,16.44938850402832,16.648372650146484,11.041547775268556,13.81325912475586,10.27036952972412,13.305304527282717,10.403802871704102,0.5637730360031128,0.3703687489032745,0.021479832008481,0.0060169664211571,0.0374456495046615,0.0825177431106567,-0.0380204133689403,-0.0212917532771825,0.0155444452539086,0.0433815121650695,0.0107409944757819,-0.061627060174942,-0.0705987215042114,20.551393508911133,11.096345901489258,5.709226608276367,4.0749688148498535,4.015676021575928,2.2549705505371094,3.114099740982056,2.7835724353790283,1.934866070747376,2.5972728729248047,1.6889396905899048,2.42747449874878,1.7969510555267334,-0.2022880911827087,-0.2057437449693679,-0.121636301279068,-0.0463355630636215,0.0658997818827629,0.0917030274868011,0.06980761885643,0.0225165653973817,0.0299558099359273,0.0339024290442466,-0.0247158724814653,-0.0068982793018221,0.0211289003491401,9.430362701416016,4.146409511566162,3.159658432006836,2.010915994644165,2.053350687026977,1.3273413181304932,1.473443865776062,1.0934325456619265,0.944248616695404,1.138996124267578,0.8188815116882324,1.035323143005371,0.9124082326889038,0.017948165041385,0.0079785145370881,0.0733421033664404,0.0365455421565843,16.623846364202585,1,Laryngitis,1806,phrase
-387.5041809082031,171.9255828857422,13.800325393676758,40.68463134765625,27.13555908203125,23.006824493408203,11.52999782562256,-2.717418909072876,1.8975170850753784,15.965922355651855,12.971437454223633,3.079642534255981,4.174562454223633,70.10073852539062,58.879302978515625,30.017009735107425,19.404430389404297,21.84540557861328,21.073001861572266,16.755413055419922,13.69639492034912,11.279102325439451,10.278356552124023,11.92391586303711,8.324301719665527,7.792612552642822,-0.0213656667619943,0.2370455265045166,0.0548893101513385,0.0766100957989692,0.1339218020439148,0.1367592960596084,0.044542621821165,-0.0458087660372257,0.0066679678857326,0.0751551389694213,0.0905982851982116,0.0099494084715843,-0.0431860014796257,11.298882484436035,9.794829368591309,4.250825881958008,3.353983163833618,4.089101314544678,2.5682213306427,2.8719561100006104,2.507244110107422,1.7989577054977417,1.5579818487167358,1.9993289709091189,1.2978291511535645,1.2595303058624268,0.7673581838607788,0.0208505243062973,-0.0113907670602202,-0.0201369822025299,0.0372285433113575,0.0808949023485183,0.0081779584288597,0.0070231785066425,0.044807281345129,-0.0093361530452966,-0.0469549559056758,-0.0212923977524042,-0.0444470793008804,8.03223991394043,4.159451961517334,2.39853310585022,1.7858632802963257,1.931434154510498,1.5061442852020264,1.5417286157608032,1.1592860221862793,0.96818208694458,0.9593716263771056,1.199300765991211,0.7516286969184875,0.794838547706604,0.0216850035589792,0.0081795638106338,0.0459971314180174,0.0150104403534507,15.326532968766829,1,Laryngitis,1809,phrase
-303.5614013671875,148.15374755859375,4.43184232711792,35.98384094238281,18.27645301818848,15.571720123291016,-3.660611152648926,0.5995286703109741,2.214293956756592,-5.515607833862305,-3.786034107208252,-7.691318988800049,-2.637493371963501,80.74185180664062,49.20878219604492,28.198436737060547,23.602479934692383,19.49770164489746,25.05780792236328,20.39036750793457,13.436395645141602,15.000977516174316,13.780518531799316,8.598237991333008,13.675653457641602,10.412697792053224,0.4135558903217315,0.2962612807750702,0.0268371347337961,0.0225735362619161,-0.0502643585205078,-0.076583094894886,-0.0325739942491054,0.0236050467938184,-0.004936012905091,-0.0596440099179744,-0.0202062297612428,-0.03821537271142,-0.0528092272579669,13.362956047058104,8.555026054382324,5.084529876708984,3.3574085235595703,2.7934670448303223,3.0504136085510254,3.1129343509674072,2.310487985610962,2.2012240886688232,2.4288339614868164,1.6494264602661133,2.433480739593506,2.137515068054199,-0.1171509996056556,-0.0558936521410942,0.0826461389660835,0.0837065428495407,0.0516218729317188,0.0189611986279487,-0.0044080037623643,-5.4696509323548526e-05,-0.0117528196424245,0.011016484349966,0.0231892839074134,-0.0144104855135083,-0.0221537481993436,6.4613423347473145,3.4060583114624023,3.0862081050872803,1.9776440858840945,1.6758517026901243,1.3998874425888062,1.5003578662872314,1.2252860069274902,0.9790725111961364,1.0608121156692505,0.9358925819396972,1.2176151275634766,0.9831468462944032,0.0173043484703377,0.0073453859672625,0.066080334719227,0.0160425834256077,18.59800877179483,1,Laryngitis,1930,phrase
-336.00994873046875,135.6752471923828,6.387761116027832,32.48995590209961,14.857915878295898,19.83783531188965,-4.638154983520508,-11.058168411254885,2.109666109085083,-2.7500596046447754,-3.365187406539917,-5.144887924194336,-1.988115668296814,104.188232421875,56.82234954833984,37.5982780456543,20.88224601745605,23.432018280029297,21.93277359008789,15.343467712402344,15.019285202026367,11.13784122467041,12.30648136138916,9.69329071044922,9.959081649780272,9.44696807861328,0.1218787208199501,0.1094932258129119,0.0398463942110538,0.0616099908947944,0.0654302239418029,0.0301205888390541,0.0068111019209027,-0.0180918835103511,-0.0044114599004387,0.0066816261969506,-0.0125782266259193,-0.0069978265091776,0.0022142441011965,15.703055381774902,9.581462860107422,6.178327560424805,3.3968698978424072,3.429174900054932,2.753753423690796,2.6851818561553955,2.873873233795166,1.902271389961243,2.0798707008361816,1.768515944480896,1.7380716800689695,1.5683865547180176,-0.3299786448478699,-0.256646990776062,-0.0675896257162094,-0.0134328557178378,0.0553307980298996,0.0119642196223139,0.0356035269796848,0.0238130632787942,-0.0145271681249141,0.0281190685927867,-0.0099042011424899,0.0014822378288954,0.0373853184282779,7.86752462387085,3.7620463371276855,3.3174285888671875,1.8346372842788696,1.6699683666229248,1.443813681602478,1.4696674346923828,1.3127989768981934,1.040727615356445,0.9655613303184508,0.9315946698188782,0.7954243421554565,0.7600926756858826,0.0279053292941965,0.013898112232474,0.0919594277853138,0.0298344544785655,13.511204870718942,1,Laryngitis,1940,phrase
-388.4498291015625,142.04173278808594,8.475285530090332,35.92588806152344,19.15314483642578,25.027814865112305,4.22367000579834,-9.527003288269045,11.57813549041748,10.36178207397461,-5.868552207946777,-4.290411472320557,5.5250749588012695,120.58088684082033,68.90774536132812,32.25202941894531,20.91461944580078,23.366361618041992,18.377222061157227,16.269853591918945,19.018770217895508,10.719549179077148,11.312495231628418,13.25308322906494,12.056026458740234,7.9448747634887695,0.5417966842651367,0.395889401435852,-0.032482273876667,-0.0576328113675117,-0.0047706887125968,0.0095041347667574,-0.0418847650289535,-0.0559768192470073,-0.0206690113991498,0.0052949129603803,0.0502415038645267,0.0141603574156761,-0.0123258400708436,17.15790557861328,9.666014671325684,5.608180046081543,2.816305637359619,3.919447183609009,2.578630208969116,2.535602331161499,2.8768763542175293,2.0671920776367188,2.0910277366638184,2.2048933506011963,2.0809645652771,1.622453212738037,0.02459267526865,-0.0123263504356145,-0.0619501806795597,-0.0556589514017105,-0.0224688313901424,0.010520052164793,0.0117875644937157,0.0054564671590924,-0.0119071956723928,-0.011708271689713,0.0138824069872498,-0.0004820746544282,-0.010045756585896,9.146080017089844,3.8563759326934814,3.220205783843994,1.363134741783142,1.839616537094116,1.296000838279724,1.203291654586792,1.4212170839309692,1.056875228881836,1.131913661956787,1.1446928977966309,1.049483299255371,0.9154041409492492,0.0220793948980041,0.0091532354808571,0.0988923844507565,0.0332605373288843,13.437401785412694,1,Laryngitis,1953,phrase
-398.8359375,133.55593872070312,16.929933547973633,43.87536239624024,-3.1888139247894287,17.549415588378906,-0.7658920288085938,-2.37753963470459,1.6276373863220217,1.9171082973480225,3.1657204627990723,-8.154739379882812,-4.606947898864746,95.20870971679688,61.5317611694336,32.82025909423828,29.91360282897949,28.13520812988281,19.000762939453125,20.021146774291992,12.383371353149414,14.044334411621094,13.361041069030762,10.802274703979492,11.812162399291992,11.295047760009766,-1.1134036779403689,-0.4860829710960388,0.1896363943815231,0.2640500068664551,0.3375662267208099,0.0498908311128616,0.1932127475738525,0.2092268168926239,0.2051182240247726,0.0849711745977401,-0.0565865226089954,0.0133067239075899,-0.0120299365371465,19.22391700744629,9.9267578125,5.3832879066467285,4.200366020202637,4.0020833015441895,3.227957010269165,3.858527660369873,2.1633856296539307,2.452420473098755,2.5484018325805664,2.1919023990631104,2.3895394802093506,2.3715219497680664,-0.3683585226535797,-0.1604701280593872,-0.0783159807324409,-0.0945333093404769,0.0216750893741846,-0.071241907775402,0.0238155666738748,-0.0181690827012062,-0.0046630310826003,-0.0034470583777874,-0.0362857840955257,0.0287232305854558,-0.0146672772243618,8.446429252624512,4.612635135650635,2.6683619022369385,2.2899038791656494,2.075042486190796,1.534932255744934,1.7837921380996704,0.9829915165901184,1.2349774837493896,1.2513054609298706,1.2955589294433594,1.3769358396530151,1.400304079055786,0.0444067039076821,0.0214927742584959,0.1010276682189985,0.0308697326878439,11.84726140719957,1,Laryngitis,1965,phrase
-375.1276245117188,126.3422622680664,-3.378967523574829,51.90552520751953,3.111114025115967,23.832483291625977,3.4375832080841064,-1.6064209938049316,-0.5584167838096619,6.044809818267822,-0.5233904123306274,-10.040947914123535,-3.077708005905152,112.50379180908205,46.797943115234375,25.04213523864746,27.38428497314453,18.61931228637696,20.60835838317871,22.837610244750977,15.100471496582031,14.782302856445312,12.013823509216309,11.037649154663086,14.347742080688477,9.049711227416992,0.9045935273170472,0.325803279876709,-0.123374156653881,0.2080596089363098,0.0259403325617313,0.0794477835297584,0.0046226987615227,-0.0323038585484027,0.0069409529678523,0.0217918157577514,0.0379956439137458,-0.0487467423081398,-0.0459747165441513,14.396145820617676,7.54334020614624,3.7668633460998535,4.273224830627441,2.5071680545806885,2.7673189640045166,2.7029032707214355,2.8838768005371094,2.6419544219970703,1.8308781385421755,2.218996524810791,2.4015085697174072,1.383545160293579,-0.2230657637119293,-0.1084557473659515,0.0292798206210136,-0.0268549975007772,0.0610910505056381,0.0675025060772895,0.0370659492909908,0.0429433025419712,0.0305993240326643,0.048694871366024,-0.0068998043425381,-0.0029773493297398,0.0252968333661556,6.853085994720459,3.1233577728271484,1.945309281349182,1.9882274866104128,1.4732491970062256,1.349998950958252,1.2827085256576538,1.2509746551513672,1.4027273654937744,1.145243763923645,1.0932481288909912,1.045907974243164,0.9233112931251526,0.0516989068868015,0.0262985964406338,0.1779259643645256,0.0981559952488112,6.980402741818913,1,Laryngitis,1973,phrase
-380.4976196289063,106.6371841430664,13.453692436218262,57.6584358215332,3.5025851726531982,25.850725173950195,2.891989231109619,1.7027498483657837,-2.6867778301239014,7.99135160446167,3.123820304870605,-14.325517654418944,-0.6025915741920471,110.4105987548828,54.508819580078125,25.148061752319336,26.990068435668945,22.54519462585449,23.465011596679688,17.153675079345703,16.861873626708984,12.532099723815918,11.604134559631348,7.306832313537598,14.484748840332031,10.788321495056152,0.2253824472427368,0.0502738803625106,-0.0761130973696708,0.0381095446646213,0.0307165291160345,0.0201865509152412,0.0006131058908067,0.0570629760622978,-0.0044492459855973,-0.0250691026449203,0.0059846164658665,-0.0592790693044662,-0.0248031187802553,16.170000076293945,6.890629768371582,4.344118118286133,3.823845386505127,3.255260944366455,3.0295138359069824,2.7070083618164062,2.727405309677124,2.124814748764038,1.8919596672058103,1.513069987297058,2.520688533782959,1.8537517786026,-0.1073618754744529,-0.09265648573637,-0.0406320393085479,0.0126365683972835,0.0321232005953788,0.0073209907859563,0.051077265292406,0.052831795066595,0.0330619998276233,-8.034455822780728e-05,-0.0063159298151731,-0.0069147823378443,-0.0384505353868007,6.852107048034668,2.8401458263397217,2.48191499710083,1.6164288520812988,1.537036418914795,1.3167613744735718,1.370870590209961,1.228165864944458,1.1494814157485962,1.2170109748840332,0.9914110898971558,1.1775416135787964,0.9612625241279602,0.0183194326734954,0.0072238703642932,0.0922459321254683,0.0357599512115991,16.636984693472172,1,Laryngitis,1987,phrase
-321.3665466308594,137.3568572998047,26.94453239440918,48.21080017089844,9.043832778930664,48.0357551574707,-6.630254745483398,-5.848114013671875,2.289599657058716,-4.65705680847168,4.397152423858643,-4.762887001037598,0.1314209699630737,88.38272857666016,34.472618103027344,30.885820388793945,18.4626579284668,25.09856033325196,23.14881706237793,19.51480865478516,14.813858032226562,11.864666938781738,13.61954116821289,10.631265640258787,12.546501159667969,11.871079444885254,0.3663132488727569,0.1341545134782791,-0.0816845893859863,0.0100013418123126,-0.0785838961601257,-0.0058309203013777,0.0245479699224233,-0.0476623773574829,-0.100355140864849,-0.0666813552379608,-0.0270548369735479,-0.0691054835915565,-0.0320548079907894,15.212918281555176,5.720282554626465,5.582649230957031,2.9504764080047607,3.3823258876800537,3.665527105331421,3.597865104675293,2.851978778839112,1.9027304649353027,2.353389501571656,1.7169749736785889,2.178359270095825,1.9442417621612549,0.1218089535832405,0.0661612972617149,-0.0371143072843551,-0.0477290414273738,-0.0370796844363212,-0.0247147902846336,-0.0404942408204078,-0.0282821804285049,-0.0495469905436039,-0.0421390123665332,-0.0026954868808388,-0.0012958714505657,0.0233804062008857,7.601081371307373,2.7436013221740723,3.106007575988769,1.808476567268372,1.4472156763076782,1.4804542064666748,1.696277141571045,1.340487718582153,1.0572603940963743,1.1909804344177246,1.0201783180236816,1.1582255363464355,0.999481439590454,0.0147836901104506,0.0047453894289401,0.0917018512157615,0.02971587629254,15.895735926849586,1,Laryngitis,2003,phrase
-360.219482421875,117.74720764160156,5.8090105056762695,51.26836395263672,9.538536071777344,17.736251831054688,-15.823095321655272,4.323160648345947,0.9615699648857116,-7.443557262420654,-5.142765045166016,-7.473161220550537,-2.3035261631011963,88.70793914794922,55.547245025634766,29.42829704284668,29.906414031982425,30.933168411254883,26.042421340942383,22.136951446533203,11.453865051269531,12.832438468933104,13.1256685256958,12.218278884887695,10.091075897216797,10.671028137207031,0.526369571685791,0.432900458574295,0.014722897671163,-0.0505242757499218,0.0159388296306133,0.0208204500377178,-0.0182651113718748,-0.0235569402575492,-0.0380475223064422,-0.0108006373047828,0.0420109964907169,-0.0038691840600222,-0.0678967535495758,17.821266174316406,7.885201454162598,4.999367713928223,3.943548202514648,4.490615367889404,3.625906229019165,4.35645055770874,2.134415864944458,1.956435322761536,2.079094648361206,2.276435375213623,1.9231468439102173,1.974743127822876,-0.1983829140663147,-0.102004274725914,-0.0932825654745101,-0.0652402341365814,0.0474100783467292,0.005080543924123,0.0527295917272567,0.0136645846068859,0.0161268468946218,0.0362248420715332,0.0259222760796546,0.0093062045052647,0.0009099748567678,9.478702545166016,3.433420896530152,2.962475061416626,1.8995943069458008,2.047535419464112,1.369046330451965,2.0537819862365723,1.1938246488571167,0.9514230489730836,0.9504961371421814,1.0118268728256226,1.0466537475585938,0.9915721416473388,0.0203275274669735,0.0099240974451332,0.0907442496405171,0.0348566484144725,16.115712068242335,1,Laryngitis,2021,phrase
-301.56231689453125,162.78289794921875,14.799741744995115,42.2881965637207,11.866250038146973,23.993349075317383,-5.964845657348633,-13.544450759887695,13.113410949707031,-2.925220489501953,-11.124412536621094,-4.498963832855225,-7.330843448638916,75.28854370117188,56.55796051025391,27.85093307495117,16.24092674255371,25.555641174316406,21.358858108520508,11.943376541137695,19.122678756713867,13.834930419921877,12.676874160766602,12.715791702270508,8.484790802001953,13.679204940795898,1.300786018371582,0.6187232136726379,-0.0122118489816784,0.1837098002433776,0.0360153838992118,0.0913315713405609,-0.0672058463096618,0.0746373608708381,0.0166087839752435,0.0062810298986732,-0.0309754069894552,-0.0754901617765426,-0.023202808573842,14.286197662353516,9.96583080291748,5.075802803039551,2.4428014755249023,3.764060258865357,2.9358224868774414,2.4152214527130127,3.363079786300659,2.154723882675171,2.218382835388184,2.0645787715911865,1.3803495168685913,2.283756256103516,-0.1711449176073074,-0.1194649413228035,-0.0579721629619598,0.0145997703075408,0.1461803764104843,0.1392247825860977,0.0271197296679019,-0.049144048243761,0.0089095989242196,0.0047070039436221,-0.0092169204726815,-0.006377775222063,0.0134237613528966,7.522597312927246,3.954269409179688,3.214388847351074,1.6963157653808594,1.9598199129104608,1.3095510005950928,1.174274444580078,1.7081345319747925,1.0904728174209597,1.079020857810974,0.9596301317214966,0.7446653246879578,1.1071637868881226,0.0485777066986606,0.0260250476359571,0.1156285468951283,0.0438792372718952,5.528745124874956,1,Laryngitis,2028,phrase
-320.1891784667969,142.64126586914062,15.87315559387207,52.12965774536133,22.79352569580078,21.94969367980957,11.01173496246338,0.8925395011901855,-4.087798118591309,1.527941346168518,10.028225898742676,-4.813733100891113,-9.331409454345703,78.7685546875,47.66893768310547,28.26874542236328,19.76827812194824,24.69995307922364,20.50224494934082,18.77430725097656,11.796055793762209,13.349717140197754,13.73570728302002,8.369110107421875,11.59214973449707,12.038100242614746,1.0226972103118896,0.7270146012306213,0.0238476917147636,0.018933979794383,0.0153619181364774,0.0758481547236442,0.0407521799206733,-0.0267626363784074,-0.0748416557908058,-0.0901976227760315,-0.0068485378287732,-0.0764209255576133,-0.0497726611793041,12.864217758178713,8.094988822937012,5.0130791664123535,3.2656688690185547,4.081811428070068,2.622175931930542,2.7741246223449707,1.973040580749512,2.4602322578430176,2.429053783416748,1.559343338012695,1.7261319160461426,2.161415100097656,-0.1789482086896896,-0.1345751732587814,-0.0184436626732349,0.0274282041937112,0.0840315446257591,0.0770807936787605,0.0282477270811796,-0.0224796533584594,-0.0301259662955999,-0.0144459912553429,-0.0317634753882885,-0.0260482337325811,-0.0024126947391778,6.498908519744873,3.3130762577056885,2.991517782211304,1.6995421648025513,1.7394368648529053,1.235541820526123,1.515411615371704,0.9345998167991638,1.530650019645691,1.2666397094726562,0.8316735625267029,0.8889558911323547,0.9463070034980774,0.024754524461558,0.0108824506590929,0.0909430593461562,0.0306515738234208,15.019758075786523,1,Laryngitis,2075,phrase
-393.9234924316406,135.9857635498047,24.374725341796875,38.81678009033203,11.261348724365234,22.3787899017334,-3.23673152923584,0.9861993193626404,7.239356994628906,-0.7077829241752625,-0.7542224526405334,-4.975735187530518,-2.397613286972046,81.37608337402344,42.300270080566406,29.912080764770508,20.01476287841797,26.93801689147949,15.11798858642578,16.993722915649414,11.040237426757812,11.755295753479004,12.65635108947754,10.59648895263672,9.616888999938965,9.575936317443848,0.7340388298034668,0.4599919319152832,0.039778359234333,-0.0156428888440132,0.0945715233683586,0.0830553770065307,-0.0354131087660789,-0.0640633404254913,-0.0265661217272281,0.0188156627118587,-0.0272842142730951,-0.0051417644135653,0.065292589366436,13.622218132019045,8.259403228759766,5.700020790100098,3.3066771030426025,3.729475975036621,2.280725240707397,3.1044394969940186,2.217019557952881,2.102602958679199,2.667043685913086,2.0500495433807373,1.7933435440063477,1.7750401496887207,-0.2640747129917145,-0.120130568742752,-0.02693897113204,0.0032271356321871,0.10057033598423,0.0425635203719139,0.0148726152256131,-0.0367905832827091,0.0160712506622076,0.0384516529738903,0.0021034760866314,0.0124658197164535,0.0240627862513065,8.333029747009277,3.915043354034424,3.627982378005981,2.099546194076538,2.0877280235290527,1.3571035861968994,1.9204357862472528,1.298014998435974,1.0818365812301636,1.564765691757202,1.15888512134552,1.1788911819458008,1.068856716156006,0.0230177162410252,0.0096809282369227,0.0873727817310905,0.0314105946753395,14.325889237581102,1,Laryngitis,2079,phrase
-345.97052001953125,136.91439819335938,17.81415367126465,46.80198669433594,4.9933037757873535,16.092819213867188,-1.839271068572998,0.2642092108726501,3.833004951477051,0.7425879240036011,-6.7252936363220215,-9.401869773864746,4.165332794189453,82.51754760742188,58.64168167114258,38.23284530639648,25.818687438964844,28.41283798217773,20.12014579772949,17.28048324584961,9.596596717834473,11.50506591796875,8.306464195251465,10.19570255279541,12.786205291748049,8.96028995513916,0.4580081105232239,0.1480799466371536,0.0683499351143837,0.1162905618548393,-0.1691683977842331,0.0356782637536525,-0.0227343346923589,-0.0463445410132408,-0.0125399278476834,-0.0260777734220027,0.0513548403978347,-0.0520703308284282,-0.0112057123333215,14.397772789001465,9.353934288024902,6.692929744720459,3.217756748199463,3.97936487197876,2.713639974594116,3.3385443687438965,1.9921001195907595,1.8448883295059204,1.6208434104919434,1.7399576902389526,1.970050573348999,1.5080305337905884,0.0749358385801315,0.1525630056858062,0.0290152709931135,-0.0416151545941829,0.037233330309391,-0.0082972114905714,-0.0113294208422303,-0.0098407566547393,-0.0090187769383192,-0.0273153521120548,-0.0249109733849763,0.0033729684073477,-0.0175251215696334,6.738351821899414,3.97784161567688,3.338358163833618,2.114302158355713,1.914783000946045,1.3815209865570068,1.587134838104248,1.0195400714874268,0.958698570728302,0.986456334590912,0.9165741205215454,0.8474181890487671,0.767810046672821,0.0328039492671012,0.0144703028503828,0.0793483834250507,0.0322170442417182,15.683362602853382,1,Laryngitis,2097,phrase
-315.9984741210937,95.69641876220705,6.142504692077637,49.160064697265625,5.749079704284668,21.306171417236328,7.600915908813477,-3.650109052658081,5.177786827087402,11.360761642456056,-0.2698867917060852,-6.463235378265381,4.521119117736816,119.07742309570312,55.41270065307617,31.2856502532959,27.42620658874512,20.45399475097656,15.42884349822998,19.4426383972168,16.033405303955078,12.776063919067385,12.116084098815918,11.698954582214355,12.51118278503418,8.19251823425293,0.5996580719947815,0.38247150182724,0.0505072921514511,-0.0206985957920551,-0.2174010574817657,-0.0846413299441337,-0.0748238712549209,-0.1135379821062088,-0.02838771417737,-0.0940364599227905,-0.1272246539592743,-0.0551310554146766,-0.0722979828715324,18.39974021911621,6.686565399169922,5.806393623352051,4.115908622741699,3.445580244064331,2.4262125492095947,3.1700870990753174,2.71905779838562,2.376380681991577,2.2486276626586914,2.0201447010040283,2.3815274238586426,1.83143949508667,0.1025428920984268,0.1017149090766906,0.0435402616858482,-0.007574746850878,-0.0344580002129077,-0.0150327002629637,0.0114154294133186,0.019179219380021,-0.0087223490700125,0.0019017375307157,0.0114257354289293,-0.0126650985330343,-0.0119929565116763,10.84470272064209,3.546193122863769,3.2453575134277344,1.8544111251831048,2.0222156047821045,1.1887353658676147,1.7327866554260254,1.2862106561660769,1.1899819374084473,1.2364319562911987,1.097727656364441,1.209556221961975,1.1880161762237549,0.0361844835367265,0.0177413586176307,0.159338203129333,0.0709585072086984,7.1190518025452425,1,Laryngitis,2101,phrase
-386.876220703125,138.48423767089844,23.40751266479492,49.240501403808594,16.756746292114258,-1.1454261541366575,-0.2284666001796722,-0.9137774109840392,-4.277313232421875,-2.462930202484131,-0.2290074974298477,-7.463528633117676,-1.353025197982788,72.64271545410156,52.31559371948242,33.43500518798828,23.09151077270508,21.91971015930176,19.58176040649414,16.198652267456055,12.24919891357422,12.014939308166504,10.790102005004885,11.741454124450684,13.875142097473145,11.964645385742188,0.4572294950485229,0.3064899444580078,-0.0054933745414018,0.0158313941210508,-0.0343930907547473,-0.0576212406158447,-0.0270409230142831,-0.0098181162029504,-0.0620433427393436,-0.0747102200984954,-0.0090132914483547,-0.0137621834874153,-0.0356485769152641,13.748223304748535,8.898759841918945,5.304288864135742,3.2753751277923584,3.928867101669312,2.866516828536988,2.6002230644226074,2.3641786575317383,2.2588768005371094,1.7070481777191162,2.007183790206909,2.074045181274414,1.5317119359970093,-0.2138579338788986,-0.1128591671586036,-0.0114255445078015,-0.0072286147624254,0.0813460573554039,0.034026276320219,0.0272565279155969,0.0367027074098587,0.0460764952003955,0.0248995460569858,-0.0294647216796875,-0.0193179827183485,-0.0334867052733898,7.132473468780518,3.5708541870117188,2.583016157150269,1.9205604791641235,2.1668450832366943,1.415286660194397,1.342256784439087,1.409144401550293,1.1793092489242554,0.9646288752555848,1.062383770942688,0.9727333784103394,0.7809696793556213,0.0308806614415213,0.0108220591443494,0.0665225437271304,0.0167937794253524,15.014047654946507,1,Laryngitis,2110,phrase
-403.40374755859375,123.6740493774414,24.818735122680664,42.292110443115234,18.718244552612305,30.95360565185547,6.157688617706299,2.938406229019165,9.206789016723633,2.654768705368042,1.4220030307769775,1.4195001125335691,-1.2629388570785522,113.35922241210938,68.45974731445312,30.266151428222656,23.10647201538086,23.459056854248047,19.50809097290039,18.48996925354004,11.950739860534668,9.775063514709473,9.541641235351562,9.615589141845703,8.195928573608398,11.155790328979492,0.1117996200919151,0.1316375732421875,0.0568223819136619,0.0251854788511991,0.0101735964417457,0.0143500082194805,0.0314040891826152,0.0030381761025637,0.0125363776460289,0.0229068510234355,0.0100611494854092,0.0086010312661528,0.0319835133850574,17.480785369873047,9.596790313720703,4.805342674255371,3.8981289863586426,3.5942397117614746,2.65067458152771,3.2031617164611816,2.0955538749694824,1.66314697265625,1.571819305419922,1.4912095069885254,1.492728590965271,1.5846107006072998,-0.2122627645730972,-0.1121272593736648,-0.0670079886913299,-0.0006104953354224,0.1152423322200775,0.0482343174517154,0.0723250359296798,0.0167774930596351,0.0171192381531,0.0269028451293706,-0.014107609167695,-0.0111425044015049,0.0167981050908565,8.672526359558105,3.648136138916016,2.747453451156616,2.046136379241944,1.8691118955612185,1.342126488685608,1.785469651222229,1.1096845865249634,0.9867552518844604,0.9071764945983888,0.8202641606330872,0.7966695427894592,0.8934037089347839,0.0263010453404228,0.0120339930918613,0.1108656352577875,0.0318665294702786,13.583479062203583,1,Laryngitis,2120,phrase
-385.4671020507813,144.7039031982422,32.44229888916016,48.48612976074219,12.97298812866211,22.432388305664062,12.069753646850586,-6.4979248046875,-3.3100802898406982,5.395388126373291,5.4328718185424805,-8.144901275634766,-3.535605192184448,64.18633270263672,39.88536071777344,31.80705070495605,22.68026161193848,19.98348617553711,23.516712188720703,16.638513565063477,13.984291076660156,9.269612312316896,12.118209838867188,6.978677272796631,11.212449073791504,10.427207946777344,0.1163891777396202,-0.1286982893943786,-0.240156352519989,-0.03981189802289,0.0769572854042053,0.2345157265663147,0.1852349787950515,0.1306644231081009,0.011234002187848,-0.0516965277493,0.017739625647664,-0.0774087682366371,-0.0894393846392631,10.378573417663574,5.819062232971191,5.46637773513794,3.186070919036865,2.98499608039856,2.963566541671753,2.8025782108306885,2.469931125640869,1.8042151927948,2.2548954486846924,1.4230550527572632,1.890469074249268,2.158400058746338,0.0463120192289352,0.0703978314995765,-0.0345416814088821,-0.0199204105883836,-0.0636869221925735,-0.0452272705733776,-0.0191102121025323,-0.0029277266003191,0.0286123342812061,-0.0139344548806548,-0.0116942403838038,0.0027851110789924,-0.0110430857166647,6.541973114013672,3.066978693008423,3.5199663639068604,1.5670170783996582,1.4467624425888062,1.3249239921569824,1.5223195552825928,1.1934605836868286,1.0233957767486572,1.2597044706344604,0.7672515511512756,1.0027955770492554,1.0841708183288574,0.0414163784715682,0.0212605127843525,0.1286377184352585,0.052266785682385,12.319446407215572,1,Laryngitis,2126,phrase
-361.3540649414063,113.28531646728516,20.667631149291992,45.31118392944336,4.809759140014648,12.428627014160156,-3.3855018615722656,1.3717687129974363,5.966817378997803,0.4706018269062042,-0.9509991407394408,-6.7669548988342285,-1.6195439100265503,100.26432037353516,54.06535339355469,30.29355812072754,19.7982177734375,20.805967330932617,22.24726104736328,21.787134170532227,10.39365577697754,13.103635787963867,10.803847312927246,12.168252944946287,9.65471076965332,9.593960762023926,0.2345124632120132,0.0684803575277328,-0.052595317363739,-0.0017754920991137,-0.0726247131824493,-0.0248616151511669,0.0010424962965771,-0.0192208159714937,-0.024432910606265,0.0126596521586179,0.0045734313316643,0.0083725117146968,0.0070502427406609,17.051313400268555,6.894330024719238,5.357135772705078,3.215585947036743,2.959660530090332,2.4960508346557617,3.496955394744873,1.7022559642791748,1.8474254608154297,1.9192135334014893,1.7594774961471558,1.8139009475708008,1.4738025665283203,-0.0184805914759635,-0.0251173675060272,-0.0070708324201405,-0.0166028086096048,0.0147415259853005,0.0328563638031482,-0.0051305461674928,0.0266761258244514,0.0252892412245273,-0.003241091268137,0.0116548286750912,0.0194150675088167,0.0006542649352923,8.527575492858887,3.1370084285736084,3.006436586380005,1.585911512374878,1.542006254196167,1.1651098728179932,1.6199909448623655,0.9965881109237672,0.9164149761199952,0.9811122417449952,0.8442621231079102,0.8919531106948853,0.6896629333496094,0.0256624687412422,0.0115176192255444,0.0802996894137133,0.0341051239627211,14.62069422996444,1,Laryngitis,2128,phrase
-343.5506896972656,142.14305114746094,14.581291198730469,39.32414245605469,1.7947369813919067,18.69627571105957,-5.025278091430664,-4.176321506500244,-2.916243553161621,3.8499951362609854,-0.9731060266494752,-12.322254180908203,-7.426980018615723,82.4972915649414,56.6318588256836,26.14108657836914,25.47949981689453,23.116378784179688,15.753634452819824,19.51693725585937,12.240966796875,11.17454433441162,11.49188232421875,9.376389503479004,12.156795501708984,10.684935569763184,0.9616156220436096,0.5770520567893982,0.0275063328444957,-0.1091431826353073,-0.1229214668273925,0.0745914429426193,-0.1013910099864006,0.0067908857017755,0.0491224378347396,0.0207762531936168,0.1276938319206237,0.0659334063529968,0.0248434115201234,14.64926815032959,8.778972625732422,5.060670852661133,4.067067623138428,3.512227296829224,2.453641176223755,3.7957546710968018,2.485685348510742,1.9449375867843628,2.195030927658081,1.576315999031067,2.2039475440979004,1.6316920518875122,-0.2639528512954712,-0.1041204035282135,-0.0070866630412638,-0.0602265074849128,-0.0069479416124522,-0.0055332947522401,0.0873190462589263,0.0573945492506027,0.0446351803839206,0.0452029146254062,0.0055061508901417,0.0182818006724119,0.0101307928562164,8.111689567565918,3.413112163543701,3.018033742904663,1.827449083328247,1.702976942062378,1.3095006942749023,2.163616895675659,1.367753028869629,0.989778220653534,1.100077986717224,0.7992876172065735,0.9712749719619752,0.8307541012763977,0.036857389923281,0.0191831428290933,0.135459278992485,0.0569781925959687,11.082289977511964,1,Laryngitis,2156,phrase
-352.2823181152344,129.07167053222656,4.155418395996094,19.851673126220703,13.951595306396484,23.039745330810547,-10.174715042114258,-13.603120803833008,5.732841491699219,-6.108114719390869,-5.360436916351318,-7.025454521179199,-7.405998706817627,75.92010498046875,48.66699600219727,25.73102378845215,21.150577545166016,23.927385330200195,18.4858341217041,20.75097274780273,16.22493553161621,12.462700843811035,11.328423500061035,11.42821979522705,10.798158645629885,9.395941734313965,0.4634485840797424,0.4199720919132232,0.120035782456398,0.048730332404375,0.0870463401079177,0.1100357621908187,0.0803238004446029,0.044972226023674,-0.0285057462751865,0.0166865158826112,0.0634824484586715,-0.0080533185973763,-0.0441353917121887,14.583067893981934,8.643397331237793,5.084456443786621,3.403928279876709,3.4539406299591064,1.9339383840560915,3.219658374786377,2.8824470043182373,1.82272207736969,2.278141498565674,1.8613473176956177,1.9897942543029783,1.7239596843719482,-0.1628937572240829,-0.0806018412113189,-0.0234506092965602,-0.0392466522753238,0.0181689970195293,0.0485549829900264,0.0523433797061443,0.0147327147424221,0.0539473257958889,0.0067136487923562,-0.0219775754958391,-0.0169956926256418,-0.0382007397711277,6.554510116577148,3.4242897033691406,2.666839361190796,1.8377104997634888,1.7501786947250366,1.0801104307174685,1.59313702583313,1.124354362487793,1.0324310064315796,0.975929856300354,0.9007577896118164,0.923919141292572,0.8447608351707458,0.0148974036110633,0.0051590848540254,0.0634682028815886,0.0194700032332321,20.213510991430088,1,Laryngitis,2191,phrase
-356.98492431640625,149.89561462402344,17.453310012817383,36.64348220825195,38.31235122680664,25.295467376708984,6.585978984832764,1.7458232641220093,6.855195999145508,-2.4084701538085938,2.4761083126068115,4.336841106414795,-12.71929168701172,88.38850402832031,61.49234771728516,26.854904174804688,17.93483543395996,23.67374992370605,19.907691955566406,23.15199089050293,12.960289001464844,9.73931121826172,12.029461860656738,8.50668716430664,8.378890991210938,14.322332382202148,0.454083651304245,0.3712227940559387,0.0676984265446662,0.0407475568354129,0.0426331460475921,0.0828263089060783,0.0698615163564682,-0.0143781853839755,-0.0162543319165706,0.0045755375176668,0.0242491383105516,0.0506095066666603,0.0037826867774128,14.428960800170898,9.641613006591797,4.850307941436768,2.7916290760040283,4.108063220977783,2.489140748977661,3.347832202911377,1.9883111715316768,1.6111057996749878,2.258630752563477,1.5929818153381348,1.6550767421722412,2.290173292160034,-0.0543675944209098,-0.0469221100211143,-0.0615216419100761,-0.0671518594026565,0.0267280470579862,0.0521398559212684,0.0013349313521757,-0.001355608110316,0.0070694023743271,-0.0388813391327858,-0.0514941774308681,-0.0159771665930748,-0.0091592334210872,6.685530662536621,3.7607829570770255,2.7963387966156006,1.5870004892349243,1.648471474647522,1.169274926185608,1.6513841152191162,0.9275457859039308,0.8779694437980652,1.158211350440979,0.9669619798660278,0.7666305899620056,0.994106948375702,0.0186787434514033,0.0054397343127888,0.0709860511017041,0.0185558525899386,18.22061283623829,1,Laryngitis,2219,phrase
-358.0637512207031,115.48200988769533,28.29374885559082,45.49765396118164,9.019487380981444,15.5513277053833,3.5698482990264893,-4.235381603240967,7.245471000671387,-1.528255820274353,-14.170734405517578,-5.3602070808410645,0.9035133719444276,84.24777221679688,55.325870513916016,30.524356842041016,21.747737884521484,26.091747283935547,16.25973129272461,16.393566131591797,12.28052806854248,12.267812728881836,9.84898567199707,13.806471824645996,11.496101379394531,8.32480239868164,0.8636365532875061,0.4658104181289673,0.0230410564690828,0.0662131607532501,0.0437669456005096,0.0297730844467878,-0.0344371795654296,-0.0199444685131311,-0.0087321614846587,-0.0422137193381786,-0.0367828644812107,-0.0407306365668773,-0.0834725126624107,15.372406959533691,8.757237434387207,5.005430221557617,3.716902017593384,3.589406013488769,2.190023183822632,3.13736343383789,2.4416215419769287,1.891730070114136,1.6736353635787964,2.456916093826294,2.030468225479126,1.3908928632736206,-0.021539257839322,-0.1078146994113922,-0.1006188243627548,-0.0320957079529762,0.0411019138991832,0.0560304261744022,0.0491712093353271,0.0092652263119816,-0.007549391593784,0.0308022033423185,0.0195191353559494,-0.0011608331697061,0.0165436342358589,8.06512451171875,3.774075984954834,3.070929765701294,2.136093854904175,1.638491988182068,1.0537588596343994,1.7214641571044922,1.2675479650497437,0.8733519911766052,0.9974495768547058,1.112155199050903,1.0637810230255127,0.8309738636016846,0.0315571933145269,0.0149099099665748,0.1175505031091107,0.0542304928060258,14.556010979928828,1,Laryngitis,2242,phrase
-370.7671813964844,118.3620834350586,19.830650329589844,49.70854568481445,6.083963394165039,20.95221519470215,-0.7408281564712524,-2.3584346771240234,6.432979106903076,6.075722694396973,-10.673548698425291,-5.1188554763793945,-5.848107814788818,98.4892807006836,45.67282104492188,31.75163078308105,26.38804244995117,23.420549392700195,15.186894416809082,14.841293334960938,11.12135124206543,10.41437816619873,9.843280792236328,15.999238014221191,10.298892974853516,8.843944549560547,0.6830363869667053,0.3470859229564667,-0.0428037084639072,0.0152565343305468,-0.0638199523091316,-0.0352857857942581,-0.1022605895996093,-0.0052973730489611,-0.000808983168099,-0.0368057116866111,0.0480244755744934,0.0119322370737791,-0.0361250340938568,16.261240005493164,7.152262210845947,5.413196086883545,3.472454786300659,3.4919490814208984,2.268144369125366,2.828145980834961,2.1100757122039795,1.760487079620361,1.7136939764022827,2.67673397064209,1.841965675354004,1.4403690099716189,-0.0997167602181434,-0.1173697859048843,-0.0674169734120369,-0.0103036509826779,0.0365247763693332,-0.0052829845808446,-0.0189767908304929,0.0159954670816659,-0.0011042117839679,0.0202778950333595,0.0289217811077833,0.0165674723684787,0.0193687751889228,8.678022384643555,2.71309757232666,2.859495162963867,1.6131030321121216,1.9317948818206787,1.0788086652755735,1.6063684225082395,1.1088873147964478,1.0653148889541626,1.0260415077209473,1.2503100633621216,1.0350353717803955,0.8004552125930786,0.0361345338073658,0.0189127631958575,0.1219943574944582,0.0611392036294727,11.96886542494083,1,Laryngitis,2276,phrase
-384.1471557617188,146.8123779296875,10.643107414245604,23.618989944458008,23.044979095458984,10.281222343444824,-7.360190868377685,-2.629370927810669,-5.46469259262085,-5.466409206390381,-1.3463404178619385,-9.197036743164062,-2.1837470531463623,81.95366668701172,52.21918869018555,32.61382293701172,19.5661735534668,22.652568817138672,22.4002742767334,16.377370834350586,11.044629096984863,11.99761199951172,10.892372131347656,7.410719394683838,12.33142375946045,11.131085395812988,0.3190692961215973,0.2836633324623108,0.0694454163312912,0.0560424402356147,0.0431167185306549,-0.024030452594161,-0.0014754961011931,0.0416982099413871,0.0068927439860999,-0.0346121937036514,-0.0326555930078029,-0.0271598957479,-0.0311306435614824,13.395256996154783,8.615516662597656,5.515337467193604,3.3442556858062744,2.7668612003326416,2.4670774936676025,2.874403238296509,2.0631439685821533,2.027719259262085,1.976187348365784,1.2619612216949463,2.3086085319519043,2.072101831436157,-0.1038080677390098,-0.0931617766618728,0.0038594910874962,0.0524077303707599,0.042609617114067,0.006567551754415,-0.0221959184855222,-0.0266192499548196,-0.0217084661126136,-0.0033774878829717,0.0201552286744117,0.0008190622902475,-0.0322903171181678,5.9430108070373535,3.379295110702514,2.936901569366455,2.008197546005249,1.4767266511917114,1.1892201900482178,1.5647480487823486,1.0001192092895508,0.9934422373771667,0.9490411281585692,0.8509524464607239,1.0859160423278809,0.8740278482437134,0.0152973408748068,0.0052365064362617,0.0560164639215988,0.0136260375147176,20.670509044679125,1,Laryngitis,2296,phrase
-363.256591796875,167.71743774414062,22.40982437133789,45.99254989624024,30.42929077148437,14.802443504333496,-9.855273246765137,0.6060094833374023,9.521496772766112,1.3912914991378784,3.6388556957244873,-2.7559728622436523,-9.919950485229492,71.98295593261719,53.34743118286133,26.081592559814453,19.580671310424805,26.727615356445312,19.87013435363769,20.489402770996094,11.122174263000488,11.06102466583252,20.03505516052246,12.017081260681152,7.249448776245117,11.623417854309082,0.6219438910484314,0.4477212131023407,-0.0374859683215618,-0.0127701517194509,0.0573236905038356,-0.0236929673701524,-0.0558664463460445,0.0301058907061815,0.0813395977020263,0.0592391155660152,0.0529332607984542,-0.0009934115223586,-0.0870603397488594,14.539413452148438,9.82139492034912,4.997601509094238,2.817890167236328,4.786787986755371,2.276718854904175,3.905867338180542,2.0811779499053955,1.8549516201019287,3.573596715927124,1.9639748334884644,1.4535917043685913,2.62155818939209,-0.365264743566513,-0.2591941952705383,-0.0831172466278076,-0.0109894555062055,0.0985398665070533,0.0368573069572448,0.0445340536534786,0.0301744397729635,-0.0003543686761986,0.0081126736477017,-0.0007577975047752,-0.0486142598092556,-0.0188156552612781,7.959763050079346,4.075394630432129,3.223433017730713,1.8246543407440183,2.1927969455718994,1.146742582321167,2.11006760597229,1.0098971128463743,0.9073965549468994,1.7176501750946045,1.0870965719223022,0.933433473110199,1.1876837015151978,0.0436171679017817,0.021295068182188,0.1054350293705566,0.0319852193072819,12.962026879093472,1,Laryngitis,2301,phrase
-313.52783203125,138.01649475097656,-5.386054992675781,47.481101989746094,15.429646492004396,24.440793991088867,-2.7630038261413574,-8.611035346984863,3.4431848526000977,-0.3437658548355102,0.8931699991226196,-3.363673210144043,-2.3182992935180664,93.9904327392578,56.62616729736328,30.30209350585937,28.537317276000977,23.82752227783203,19.67449951171875,17.12934684753418,12.342413902282717,13.064729690551758,11.519149780273438,8.390841484069824,9.97644329071045,9.770718574523926,0.5231375098228455,0.2649432718753814,-0.0159166529774665,0.0690251216292381,0.0569870844483375,0.1356518119573593,0.0205519217997789,0.0063936607912182,0.0775811821222305,0.0039259046316146,0.0251224748790264,0.0427932366728782,-0.00634161895141,13.066943168640137,8.41553020477295,4.768994331359863,3.723926067352295,3.993984460830689,2.4167239665985107,2.451115131378174,2.130780935287476,2.186444997787476,1.960060834884644,1.2283549308776855,1.978311777114868,1.7691175937652588,-0.2289200127124786,-0.1875074207782745,-0.0349747724831104,0.0102542825043201,0.0475653074681758,0.0721955373883247,0.0541112311184406,0.0415669791400432,0.0315205678343772,0.014690694399178,0.0171363875269889,0.0014685426140204,-0.0163521543145179,6.102776050567627,3.326115846633911,2.405644655227661,1.824059247970581,1.9384877681732176,1.3351370096206665,1.327206254005432,1.058545708656311,1.017827391624451,0.987589955329895,0.7410082817077637,0.9046461582183838,0.9512986540794371,0.0208151913510885,0.0080412652158047,0.1060106873397426,0.0392709921436374,12.19502151579349,1,Laryngitis,2305,phrase
-338.6576538085937,125.77247619628906,18.21197509765625,41.127220153808594,7.7395172119140625,7.849517345428467,0.1717519611120224,1.051391839981079,1.7870498895645142,-0.512617826461792,-4.172616958618164,-8.435873985290527,-4.774731159210205,93.30758666992188,52.43430709838867,35.47224807739258,23.36989021301269,25.00583839416504,21.93514060974121,17.216838836669922,12.316591262817385,12.172588348388672,10.442686080932615,10.770047187805176,11.597574234008787,8.672013282775879,0.2564800977706909,0.2798562347888946,0.1129864603281021,-0.0143472105264663,-0.0590449906885623,-0.0160908568650484,0.0254888273775577,0.0072964411228895,-0.0287076290696859,-0.0296426359564065,0.0067415642552077,0.0576661862432956,0.0745641738176345,17.364688873291016,7.844876289367676,6.156496047973633,4.420589923858643,3.50040864944458,2.96780776977539,3.0388548374176025,2.4312095642089844,2.0402488708496094,1.877035856246948,1.760433554649353,1.7222851514816284,1.681431531906128,-0.1131374165415763,-0.1210463717579841,-0.0454742759466171,0.0151156168431043,0.0380465351045131,0.0306397955864667,0.0154897915199399,0.0189326275140047,0.0277372691780328,0.022147599607706,0.0020019228104501,-0.0096868462860584,-0.0115455603227019,8.44723892211914,3.8970675468444815,3.343669176101685,2.2026255130767822,1.9351712465286253,1.4295542240142822,1.5778244733810425,1.2547765970230105,1.0300382375717163,1.057693600654602,0.8184073567390442,0.7808651328086853,0.8396437764167786,0.0427507745883282,0.0245130821437162,0.1045958888614497,0.0425258266973723,14.058029807666356,1,Laryngitis,2315,phrase
-392.0055236816406,144.78305053710938,19.23950958251953,39.62606048583984,23.50040054321289,19.22021102905273,-0.3092911541461944,1.3186575174331665,5.302909851074219,-5.803790092468262,6.349816799163818,0.3159172534942627,-2.6564362049102783,86.75269317626953,50.40327835083008,30.71979713439941,20.8573055267334,26.69295692443848,16.803436279296875,18.450380325317383,9.557151794433594,12.362963676452637,11.546687126159668,7.752309322357178,10.875877380371094,12.68246841430664,0.3552742302417755,0.285173624753952,0.0702062770724296,0.0678224489092826,0.0747578144073486,0.0195813551545143,-0.0165448691695928,0.0208086837083101,0.0004358306177891,-0.0116583872586488,0.0464158542454242,0.0284951850771904,0.0027219853363931,15.157873153686523,7.575290679931641,5.431875705718994,3.115543365478516,3.871760368347168,2.141827344894409,3.359159708023072,1.6976733207702637,1.4778807163238523,1.999464631080628,1.2749732732772827,1.6699132919311523,2.0672309398651123,-0.0496389456093311,-0.0120214624330401,-0.016136160120368,-0.0204314030706882,0.0070938155986368,0.0277596227824687,0.0414017215371131,0.0307046305388212,0.02872209623456,0.017054384574294,-0.0135114686563611,-0.0161918047815561,-0.0117420507594943,8.050360679626465,3.3512837886810303,3.1232340335845947,1.6368869543075562,1.6196202039718628,1.2099868059158323,1.7372573614120483,1.0611610412597656,0.7970192432403564,1.0030370950698853,0.7573080062866211,0.841709315776825,0.9275645613670348,0.0393833601166932,0.0148121021951989,0.1080346839751646,0.0306739808917235,11.004230827623209,1,Laryngitis,2321,phrase
-342.0958251953125,149.80320739746094,19.436248779296875,46.20732879638672,21.241344451904297,22.43939781188965,7.681565761566162,-2.3384673595428467,5.315520286560059,0.713667094707489,-1.5244863033294678,-5.844052791595459,-3.851107597351074,78.64969635009766,60.645782470703125,26.72379302978516,20.23975944519043,25.655776977539062,24.69450759887696,21.265087127685547,10.507232666015623,9.999285697937012,11.65030574798584,10.17756462097168,9.482890129089355,10.45770263671875,0.3211168348789215,0.2899554967880249,0.0791318044066429,0.0111247282475233,0.0362737737596035,0.0413287915289402,-0.0131179364398121,-0.0014556789537891,-0.0414564348757267,-0.0803839862346649,-0.0058127404190599,0.0083894822746515,0.0018945853225886,13.794075012207031,9.43351936340332,4.355825424194336,3.372568368911743,3.9242539405822754,2.848674774169922,3.373305559158325,1.8565211296081543,1.481081485748291,2.183312177658081,1.4016484022140503,1.4357987642288208,1.9062680006027224,-0.1429011672735214,-0.0657683536410331,-0.0077833239920437,-0.0184280704706907,0.0339566767215728,0.0208140444010496,0.0407591387629509,0.036072701215744,-0.0074530411511659,-0.0065615130588412,0.0085582276806235,0.0111966961994767,-0.0191779509186744,6.552939414978027,3.638473510742188,2.441978931427002,1.98426616191864,1.7299754619598389,1.314634084701538,1.756676435470581,0.9730899333953856,0.8842018842697144,1.195180892944336,0.8892673254013062,0.7664538025856018,0.9843775033950806,0.0250266463642661,0.0108832148128994,0.0785453336215072,0.0224808574836392,16.86522399339011,1,Laryngitis,2328,phrase
-362.6659240722656,136.07508850097656,14.30533218383789,61.77771759033203,14.316603660583496,23.226770401000977,5.175082683563232,-2.915301322937012,3.814810991287232,7.373995780944824,8.743377685546875,-5.20390510559082,-3.3171868324279785,85.3899917602539,39.66335678100586,29.128097534179688,22.920520782470703,14.566654205322266,24.11156463623047,16.53246307373047,14.696310997009276,11.781180381774902,8.771684646606445,7.458693504333496,11.088626861572266,11.62615203857422,0.6296811699867249,0.2670851945877075,-0.0855882167816162,-0.0274409856647253,0.0572110302746295,-0.0434899479150772,-0.0981003567576408,0.0208845138549804,-0.0435003377497196,-0.0965804830193519,0.0433607511222362,-0.0072721899487078,-0.0867397487163543,14.149088859558104,6.324874877929688,4.355910778045654,4.235339164733887,2.566166877746582,3.3761415481567383,2.891477584838867,2.88950777053833,1.9606268405914309,1.6748141050338743,1.709911227226257,2.009495973587036,2.424824476242065,0.0251341722905635,0.0403739809989929,-0.1285716295242309,-0.057030614465475,0.0756231769919395,0.1425215154886245,0.0891085490584373,0.0244715977460145,0.0434438697993755,-0.0227559320628643,-0.0095440158620476,0.0044707637280225,-0.0463110469281673,6.868241786956787,2.861914157867432,2.9506118297576904,1.947586297988892,1.3770610094070437,1.6448675394058228,1.4249849319458008,1.384083271026611,1.043002367019653,1.1514755487442017,0.9579277634620668,1.129311442375183,1.1609103679656982,0.0275275110829491,0.0124491955768332,0.0983103652454153,0.0384657102621072,12.5002520637037,1,Laryngitis,2351,phrase
-431.1870422363281,99.83704376220705,24.222713470458984,31.255979537963867,31.34507751464844,17.34157943725586,1.3448313474655151,-2.1675515174865723,4.874457359313965,1.8191176652908323,-3.9933438301086426,-4.1810302734375,-3.3289291858673096,87.34217834472656,67.7856674194336,29.18208312988281,22.095733642578125,25.40277862548828,17.136280059814453,16.51993179321289,10.703633308410645,5.516770362854004,13.601491928100586,14.44034194946289,10.482210159301758,6.725564002990723,0.1890117228031158,0.2172878384590149,0.1316511780023574,0.0780682042241096,0.0439787805080413,0.0161128900945186,0.0067254928871989,0.0164589285850524,0.0237351562827825,0.0320683419704437,0.041270513087511,0.027539312839508,0.0103872939944267,9.36217975616455,7.040781021118164,4.10105037689209,3.0286457538604736,3.456152439117432,2.2586843967437744,2.2029824256896973,1.7772328853607178,0.909101128578186,1.9384801387786863,1.91431188583374,1.7568902969360352,1.1695271730422974,0.0017065713182091,-0.0083201024681329,-0.0182256307452917,-0.0026676214765757,0.0238694753497838,0.0326102524995803,0.021359909325838,0.0091812163591384,-0.0005899358657188,-0.0096753435209393,-0.0097091188654303,-0.0029895631596446,-0.0002976425748784,4.322188854217529,2.838773965835572,2.112563133239746,1.3312314748764038,1.373469352722168,1.1539140939712524,1.1005951166152954,0.8940178751945496,0.607892632484436,1.0265687704086304,0.9103984832763672,0.9255545139312744,0.6590532064437866,0.0157812438518855,0.0056351185001103,0.0601791100558813,0.0116314645808218,24.469678799345907,1,Laryngitis,2404,phrase
-375.0614013671875,142.45217895507812,32.01063537597656,49.972782135009766,30.60161590576172,12.038779258728027,8.22388744354248,-2.371783971786499,-5.473344326019287,4.000356197357178,5.402430057525635,-11.145342826843262,-10.098721504211426,78.8629150390625,52.51875305175781,30.20659637451172,22.65154457092285,22.667049407958984,23.817426681518555,17.765239715576172,13.9905366897583,12.543927192687988,12.448079109191896,6.702781200408936,12.339788436889648,11.740357398986816,0.0785871297121048,0.1049355044960975,0.0865088924765586,0.0585497133433818,0.0280227940529584,0.0028093080036342,-0.0121903764083981,-0.0147262951359152,-0.0051186140626668,0.0102588823065161,0.0199848357588052,0.0184680465608835,0.013825349509716,11.523111343383787,8.025876998901367,4.603968620300293,3.605786085128784,3.0877387523651123,2.5029492378234863,2.4591238498687744,2.6952357292175293,2.335498332977295,1.8801145553588867,1.196299433708191,1.946667194366455,2.034055471420288,0.0800755620002746,0.0951404646039009,0.0574896521866321,0.0308692716062068,0.0273761097341775,0.0351129695773124,0.0388043411076068,0.0341206453740596,0.0226216111332178,0.0051107336767017,-0.0146972853690385,-0.0280527807772159,-0.0297397337853908,6.437355041503906,3.971271514892578,2.796520471572876,1.9085612297058103,1.6151374578475952,1.3250951766967771,1.2006031274795532,1.2023756504058838,1.2708131074905396,1.0479155778884888,0.8107316493988037,1.038498044013977,1.010059833526611,0.026600889946751,0.0108138055523988,0.1100688625010837,0.0349611990437921,16.138467967333032,1,Laryngitis,2424,phrase
-396.5090026855469,128.83489990234375,13.90162467956543,33.03916549682617,15.669029235839844,14.42201805114746,13.36521339416504,-2.151158571243286,-3.701035499572754,0.6948649287223816,2.977020502090454,-1.7270783185958862,-4.915128231048584,109.02259826660156,64.27100372314453,37.10709381103516,23.31955909729004,22.39956283569336,18.840463638305664,13.809810638427734,13.138368606567385,11.15999984741211,10.743603706359863,8.37669563293457,10.551986694335938,9.249058723449709,0.2687618732452392,0.2855586111545563,0.2091390788555145,0.1657452434301376,0.1868245750665664,0.293828010559082,0.1840465664863586,0.0118699492886662,-0.025377644225955,0.0086002051830291,-0.0185390021651983,-0.0867564901709556,-0.0265970360487699,14.315496444702148,8.524045944213867,6.4481706619262695,3.4926857948303223,3.051755666732788,2.553218364715576,2.229087352752685,2.479622602462769,1.6858234405517578,1.920514345169068,1.365099549293518,1.7544547319412231,1.5408391952514648,-0.1789859235286712,-0.1617150902748108,-0.0716385245323181,-0.0366407595574855,0.0247932355850934,0.039225235581398,0.0204091109335422,0.0197824593633413,0.002828785451129,-0.0563338100910186,-0.0098819388076663,0.0643039271235466,0.0001891385618364,6.902678489685059,3.430413007736206,3.462362766265869,1.729281663894653,1.2634708881378174,1.242650032043457,1.238766074180603,1.1728250980377195,1.0190889835357666,1.182024002075195,0.6792871356010437,1.0917446613311768,0.7663938403129578,0.0288914662160624,0.011107927717816,0.1042023262688785,0.0241746644438865,16.065604419415415,1,Laryngitis,2435,phrase
-378.9075927734375,140.558837890625,16.602758407592773,36.94559860229492,16.967641830444336,16.622697830200195,2.023183822631836,-3.8047068119049072,-1.6210962533950806,-3.4507429599761963,4.113793849945068,-10.434332847595217,-10.342158317565918,78.10771179199219,51.36176300048828,31.66965675354004,24.743389129638672,22.12207794189453,19.318998336791992,20.057172775268555,11.217156410217283,11.601677894592283,13.245604515075684,11.284443855285645,11.513151168823242,10.392993927001951,0.3275340795516968,0.1690806299448013,0.0544572994112968,0.0275728050619363,-0.1033753231167793,-0.0270937550812959,-0.0666790455579757,-0.0146618327125906,-0.0182743500918149,-0.0302925277501344,0.0321469865739345,-0.0084679732099175,-0.0110593708232045,12.633946418762209,6.761672019958496,5.443837642669678,3.2219269275665283,3.459867477416992,2.7673587799072266,3.2767174243927,2.017305374145508,2.037802219390869,2.696895837783813,1.960637450218201,2.1589179039001465,1.7825556993484497,0.0700001642107963,0.1250902712345123,0.1160802468657493,0.0370112247765064,0.0243201944977045,0.0352999381721019,0.0013584657572209,-0.0090798493474721,-0.0113920150324702,-0.0303974635899066,-0.032185174524784,-0.0050885169766843,-0.013574625365436,6.366113662719727,2.996549606323242,2.872244358062744,1.68165123462677,1.6092272996902466,1.312750220298767,1.3675971031188965,1.0472344160079956,1.0281318426132202,1.38905131816864,0.9480467438697816,1.093539118766785,0.8449989557266235,0.0184923500357862,0.0049139658547946,0.0727023139198386,0.0164294449919542,20.6012513867635,1,Laryngitis,2443,phrase
-359.9404296875,133.39590454101562,11.984234809875488,43.85649490356445,6.488950729370117,19.79381561279297,1.0810333490371704,-6.30348014831543,6.926004886627197,-2.985069751739502,-13.391444206237791,-9.147734642028809,0.7010260820388794,76.0692367553711,48.45542907714844,28.206876754760746,23.34217643737793,28.42146873474121,17.0760498046875,16.800918579101562,12.01596736907959,12.14481258392334,10.099016189575195,12.849467277526855,11.41602897644043,8.264798164367676,0.5364323854446411,0.4951960444450378,0.1356406807899475,0.0364448986947536,0.1231781765818595,0.1605287343263626,0.0523931011557579,0.0248808860778808,0.0237105432897806,0.0104645835235714,0.0080091832205653,0.0187592934817075,0.0304776392877101,14.525826454162598,8.737852096557617,4.978961944580078,3.525484561920166,3.966435194015503,2.69494891166687,3.163638114929199,2.3282666206359863,2.290477752685547,1.9562534093856807,2.7301721572875977,1.867911577224732,1.5919228792190552,-0.1695293188095092,-0.1125190481543541,-0.0498853027820587,-0.0367544926702976,0.023990036919713,0.0067305364646017,0.0211843755096197,0.0089068822562694,0.0093264812603592,-0.0026297308504581,-0.0156642310321331,-0.002975407289341,-0.0145663553848862,7.83887243270874,3.383233070373535,3.1899306774139404,1.884285807609558,1.64969003200531,1.3757470846176147,1.6423895359039309,1.358263373374939,1.209151268005371,1.0650432109832764,1.1816331148147583,0.8439015746116638,0.8337433934211731,0.0273133970743191,0.012151360446916,0.0686618008285191,0.0200394367072576,17.944510438564482,1,Laryngitis,2510,phrase
-433.5101623535156,128.044189453125,20.936187744140625,31.84412956237793,26.77889633178711,22.71401023864746,1.5754011869430542,-5.843456745147705,6.5109381675720215,3.713414430618286,1.9342796802520752,0.9926531314849854,-5.534667491912842,99.04747772216795,69.93879699707031,24.972553253173828,21.18362236022949,23.272703170776367,21.93864250183105,19.392446517944336,13.012736320495604,8.944693565368652,11.643736839294434,8.747090339660645,7.882840156555176,10.638429641723633,-0.0176338367164134,-0.0203365162014961,0.0078913448378443,0.0840484574437141,0.1799838095903396,0.1686362773180008,0.0641595125198364,0.0291709285229444,0.0529205426573753,0.0686556622385978,0.015312461182475,-0.0328789129853248,0.0294846221804618,13.912760734558104,9.566834449768066,3.924825429916382,2.963952779769897,3.696965217590332,2.8571763038635254,2.572845935821533,1.821810603141785,1.719507098197937,1.850419044494629,1.395624041557312,1.6739661693572998,1.958052515983581,-0.3717638850212097,-0.3093561232089996,-0.0428089089691638,0.037838265299797,0.0581729784607887,0.059434063732624,0.075081318616867,-0.0046827387996017,-0.0722199007868766,-0.0248178374022245,0.0017999964766204,-0.0061704232357442,-0.0199805088341236,5.824290752410889,3.624353408813477,2.140055179595948,1.5262649059295654,1.6629149913787842,1.411604642868042,1.2880606651306152,0.789740264415741,0.9276242256164552,1.1251572370529177,0.8126134872436523,0.7770953178405762,0.9164459705352784,0.0396980107497493,0.0137738092980277,0.1035462498895253,0.0329954087489547,12.709207946888212,1,Laryngitis,2511,phrase
-351.79833984375,139.49098205566406,6.610052108764648,39.31402206420898,1.8236955404281616,10.88938808441162,0.3360777497291565,-9.765687942504885,1.0893925428390503,-4.996547222137451,-3.759735345840454,-7.920071601867676,-7.892851829528809,82.52468872070312,50.819854736328125,25.08513832092285,23.6905517578125,26.981321334838867,16.114086151123047,12.79550075531006,13.645609855651855,11.760650634765623,11.5152587890625,10.728924751281738,12.23009967803955,8.784010887145996,0.6448118686676025,0.3943233788013458,-0.0040307980962097,-0.0206370558589696,-0.0823756605386734,-0.0057043437846004,0.0310153272002935,0.0519636683166027,-0.045550163835287,-0.051963809877634,0.0407961457967758,0.0715242847800254,0.0335107333958148,14.846305847167969,8.355841636657715,4.712878227233887,3.887467384338379,4.032268047332764,2.116973638534546,2.3703160285949707,2.7416818141937256,1.9068738222122192,2.4857637882232666,1.7932121753692627,2.161000490188598,1.8120529651641848,-0.0430342480540275,-0.0229874737560749,0.0480801202356815,0.0039497553370893,0.0083756493404507,0.043330505490303,-0.00646328413859,0.0211996342986822,0.0492206960916519,0.0255786925554275,-0.005076487082988,-0.0146067067980766,-0.0079072713851928,8.07597827911377,4.0264434814453125,2.815217971801758,1.933018922805786,1.6405742168426514,1.0238522291183472,1.4221614599227903,1.2204794883728027,0.9507941007614136,1.144194483757019,0.9329331517219543,0.9692403078079224,0.8973919153213501,0.0226680886547836,0.0115290866778504,0.0805784100190773,0.0243091547962618,17.987250713357465,1,Laryngitis,2514,phrase
-380.8951416015625,122.12570190429688,13.77822494506836,42.51515579223633,19.92054748535156,4.0891523361206055,-7.968118667602539,-2.4208905696868896,-1.7912219762802124,-5.247573375701904,5.007686138153076,-12.14626121520996,-11.209909439086914,78.40860748291016,51.95936965942383,30.599267959594727,24.5783805847168,29.0833797454834,21.28777313232422,14.849963188171388,12.11846923828125,11.1454496383667,11.929495811462402,8.202316284179688,10.296265602111816,10.092860221862791,0.2184604257345199,0.223712608218193,0.1347149163484573,0.0948774963617324,0.0457516349852085,0.0386038497090339,-0.0094552682712674,-0.0405186712741851,-0.0348970852792263,-0.0282625816762447,0.0088929291814565,-0.0475623868405818,-0.0882839858531951,15.520135879516602,9.751103401184082,5.282446384429932,3.845168352127075,4.861833572387695,2.848921298980713,2.9629313945770264,2.127469778060913,1.908766746520996,2.246998071670532,1.493504762649536,2.0731444358825684,2.155984878540039,-0.201716735959053,-0.1161775365471839,-0.0563160181045532,-0.0378377623856067,0.0715349316596984,0.0576841682195663,0.0269219744950532,0.0032353186979889,0.0306127984076738,0.0091144228354096,0.0105680953711271,-0.0081070596352219,-0.0068959943018853,8.213557243347168,4.039476871490479,2.921846389770508,2.1466593742370605,2.3012073040008545,1.3144237995147705,1.4429987668991089,1.2629311084747314,0.9843210577964784,1.1042662858963013,0.9445027709007264,1.0195724964141846,1.0122703313827517,0.018740055818934,0.0092836141471207,0.0501877523960345,0.0149488971450687,18.73169769544034,1,Laryngitis,2516,phrase
-319.9046630859375,151.93870544433594,20.469911575317383,42.47713851928711,18.929561614990234,9.31478500366211,6.934998035430908,-2.235804796218872,-3.1213197708129883,4.367305755615234,0.9322432279586792,-11.90260124206543,-7.357491970062256,78.11280059814453,57.93666076660156,32.814781188964844,22.029102325439453,25.78500366210937,22.998435974121094,13.596732139587402,13.03025722503662,12.43771743774414,11.092573165893556,9.192167282104492,14.355751991271973,9.322327613830566,0.3684664964675903,0.2789173722267151,0.0860844105482101,0.0975049287080764,0.0466055050492286,0.059742946177721,0.019298730418086,0.0100488010793924,0.0554908737540245,0.0084461960941553,-0.01043854188174,-0.0015723111573606,0.0132767977192997,11.169344902038574,9.337868690490724,5.101906776428223,3.357851982116699,4.037299156188965,2.721564769744873,2.042465925216675,2.122011184692383,2.3158180713653564,1.7558413743972778,1.437538504600525,2.124308109283448,1.5508835315704346,0.0074416371062397,0.0176277533173561,0.0021505169570446,0.0104862861335277,0.038938395678997,0.0126211224123835,-0.0256859753280878,-0.0434443689882755,0.0053390758112072,0.0434079617261886,0.0034577113110572,-0.0018173817079514,0.0037977462634444,5.5115814208984375,3.3034162521362305,3.0050535202026367,2.043461561203003,1.9331512451171875,1.3921703100204468,1.226877212524414,1.0701572895050049,0.9887739419937134,1.0105103254318235,0.7768462896347046,0.9060542583465576,0.7234910130500793,0.0243907392133817,0.0091888300842246,0.0802518618044556,0.0237372404662155,16.276454000715304,1,Laryngitis,2525,phrase
-363.9664611816406,129.1544952392578,23.667728424072266,46.276309967041016,11.88823127746582,34.042755126953125,-3.177992105484009,-6.104611396789551,-4.182535171508789,-1.6482436656951904,-3.250543594360352,-4.405160427093506,0.8878669738769531,80.17005157470703,37.33358383178711,31.47380256652832,16.819129943847656,18.0484619140625,22.30755615234375,24.18920516967773,13.79047679901123,8.559410095214844,12.699578285217283,10.988489151000977,9.89479923248291,14.753087043762209,0.3814987540245056,0.2694359123706817,-0.0065171443857252,0.0059459409676492,0.0220063962042331,0.0666216760873794,0.0420145653188228,-0.0589590221643447,-0.0803420916199684,-0.0504217147827148,-0.0244713257998228,-0.0361325703561306,-0.0024588354863226,11.733736038208008,5.346077919006348,4.657371044158936,2.555770874023437,1.9903552532196045,2.797110080718994,3.090095043182373,2.1809537410736084,1.4782612323760986,2.025329113006592,1.890308618545532,1.5712639093399048,1.834526538848877,-0.1054914519190788,-0.0904968231916427,-0.0099342102184891,0.0318628549575805,0.0753783732652664,0.0865110605955123,0.0429776385426521,0.0211940985172987,0.0017875332850962,-0.0318400152027606,0.0029435157775878,0.0070515451952815,-0.015359834767878,5.396646976470947,2.06195330619812,2.246242046356201,1.3821202516555786,1.230133891105652,1.4662166833877563,1.4092830419540403,0.9541387557983398,0.7246253490447998,1.085334539413452,0.9674184918403624,0.7855491042137146,0.8443356156349182,0.0202631936786888,0.0083779086771043,0.0646680791794148,0.0213365653014366,18.35405756351645,1,Laryngitis,2541,phrase
-326.7581787109375,126.23734283447266,-13.294877052307127,47.76357650756836,16.17437171936035,14.046598434448242,7.115622997283936,9.742730140686035,-10.97685432434082,-15.76584815979004,9.275474548339844,-3.47343111038208,-12.2340087890625,102.48324584960938,64.2978515625,35.05816650390625,19.57148551940918,22.58823204040528,23.37339782714844,13.788230895996094,9.361929893493652,13.286161422729492,15.252415657043455,8.317546844482422,9.987149238586426,9.77277660369873,0.0941595733165741,0.0266687609255313,-0.086110696196556,-0.0447360649704933,0.0259794984012842,0.0919283330440521,0.0997472777962684,0.0768931284546852,0.1477643400430679,0.1611984521150589,0.115346223115921,0.1282082647085189,0.1369062960147857,14.54092025756836,7.001390933990479,6.089341163635254,2.84840989112854,2.8700320720672607,2.5393588542938232,1.7823712825775146,1.7260699272155762,2.427301406860352,2.223942756652832,1.3165991306304932,1.491546869277954,1.5882805585861206,0.0815496817231178,0.0190003346651792,-0.0786153599619865,-0.085110105574131,-0.0713243708014488,-0.035591397434473,-0.0462143756449222,-0.0581221170723438,-0.0169033780694007,0.0021645065862685,-0.0125745665282011,0.0025469562970101,0.0236761234700679,6.227659702301025,3.1639647483825684,2.591839075088501,1.439327359199524,1.297786831855774,1.0985573530197144,0.8628753423690796,0.8878380060195923,1.128365993499756,1.0490349531173706,0.6298032999038696,0.6501967906951904,0.7235631942749023,0.0128144711852715,0.0035403597663467,0.0629185986723744,0.0156303268746914,20.54781791985917,1,Laryngitis,2542,phrase
-430.0049743652344,107.43020629882812,29.830894470214844,26.45952606201172,7.5297465324401855,20.895967483520508,3.738527297973633,-0.6887990832328796,-2.340636730194092,-1.3034240007400513,9.05592441558838,2.2288851737976074,-3.1282808780670166,113.55403900146484,69.64663696289062,25.54281997680664,23.377904891967773,18.9062728881836,20.769710540771484,14.149642944335938,11.599860191345217,10.229073524475098,12.394671440124512,6.965029239654541,9.529037475585938,10.385007858276367,0.2253996431827545,0.2637408673763275,0.080879807472229,0.0276480000466108,0.0852121710777282,0.0725741758942604,0.0401475876569747,-0.0278005525469779,0.0065485448576509,0.0682910084724426,0.0146353561431169,-0.0713689476251602,-0.0971561446785926,16.083141326904297,8.999591827392578,3.722517251968384,3.194469451904297,2.8715715408325195,2.559197425842285,2.3658573627471924,1.9444704055786133,1.7870200872421265,2.130725622177124,1.2450710535049438,1.6586780548095703,1.576133370399475,-0.0699677616357803,-0.0677304938435554,0.0055532585829496,0.0316764302551746,0.0463011600077152,0.062571570277214,0.0212422013282775,-0.0164183303713798,-0.0240312479436397,-0.0070173577405512,0.0057784002274274,0.0198952052742242,0.021990343928337,6.648183822631836,3.335552453994751,1.9698854684829712,1.61572527885437,1.4082200527191162,1.282490372657776,1.2619816064834597,0.934464395046234,0.9650808572769164,0.9676820039749146,0.7672564387321472,0.9442058801651,0.790529191493988,0.0306299727048509,0.0089117662694902,0.1133019894777241,0.030234354066719,9.940749281398354,1,Laryngitis,2555,phrase
-368.3389587402344,153.79400634765625,11.311919212341309,42.02628707885742,26.46265983581543,18.236936569213867,7.514488220214844,0.1500051319599151,-2.868659496307373,-0.8914445638656616,8.963494300842285,-9.43954849243164,-8.06171703338623,77.22405242919922,51.12872314453125,27.557191848754883,18.700613021850582,24.64265823364257,21.16817855834961,19.42891311645508,11.649749755859377,12.92072582244873,13.182905197143556,8.910609245300293,11.582438468933104,10.766971588134766,0.7141568064689636,0.6448288559913635,0.1412650644779205,0.0337631665170192,0.0448131933808326,0.0277097187936306,-0.0052080424502491,-0.0719077289104461,-0.065930925309658,-0.0057554333470761,0.0180201083421707,0.0125068631023168,0.0234098341315984,14.673564910888672,9.539443016052246,4.861496448516846,2.9919166564941406,3.7496278285980233,2.617760419845581,2.978524923324585,2.3274848461151123,2.2026560306549072,2.442702054977417,1.7580788135528564,2.1846179962158203,1.755177021026611,-0.1348583698272705,-0.1366999894380569,-0.1008960902690887,-0.0990878939628601,0.0037867708597332,0.069966159760952,0.0222905855625867,0.023851916193962,0.0378287360072135,-0.0070938095450401,-0.0201709270477294,-0.0172138959169387,-0.0116981845349073,7.352851390838623,3.764890432357788,2.66149377822876,1.5917519330978394,2.083945035934448,1.408187747001648,1.3763494491577148,1.1430538892745972,1.0316354036331177,1.2561506032943726,0.9955862164497375,1.0178920030593872,0.8951592445373535,0.0194279800347195,0.0056522943006757,0.0843523888129318,0.020952924872707,16.719851174887264,1,Laryngitis,2556,phrase
-365.0740966796875,158.01165771484375,28.963623046875,44.44332885742188,26.85761833190918,11.410199165344238,7.201240062713623,-9.912529945373535,-9.546287536621094,0.4462628662586212,0.2315491884946823,-5.8137383460998535,-5.212987422943115,71.73735046386719,47.04808044433594,31.018798828125,24.6713924407959,23.5510482788086,18.7405014038086,16.064729690551758,10.43028736114502,12.595429420471191,9.864521980285645,8.940690040588379,11.835082054138184,8.350592613220215,0.6434618830680847,0.5591170191764832,0.0657584443688392,0.0014717181911692,0.0333463251590728,-0.0934294685721397,-0.1285052895545959,-0.0587252713739872,-0.066806823015213,-0.0668302252888679,0.0168932881206274,0.0510302372276783,0.002406011102721,10.431544303894045,7.048386573791504,4.92809009552002,3.794638395309448,2.869659900665283,2.7542874813079834,2.318578720092773,2.259230852127075,2.3155393600463867,1.7704793214797974,1.8035714626312256,1.7969461679458618,1.565402865409851,-0.0971311405301094,-0.0614703632891178,0.0457771122455596,0.0346150808036327,-0.0041330060921609,0.0399745963513851,0.0699604228138923,0.0366500280797481,0.000504667579662,-0.0187464598566293,-0.0188874993473291,-0.0240155886858701,-0.0392617806792259,4.795920372009277,2.804847717285156,2.286600351333618,1.6432089805603027,1.275231122970581,1.203545331954956,1.24226975440979,1.060896396636963,1.1666693687438965,1.0761204957962036,1.1287778615951538,0.9624043107032776,0.9335302710533142,0.0235599350750371,0.0099940454308092,0.0797771415078608,0.0174073728009035,18.342058879795893,1,Laryngitis,2567,phrase
-358.47540283203125,115.50074768066406,9.07200527191162,31.538000106811523,13.369370460510254,33.33137130737305,-10.747440338134766,-2.304093360900879,-1.757362723350525,1.2638992071151731,1.5255458354949951,-11.035292625427246,-1.818767070770264,73.44608306884766,46.51774978637695,24.61829376220703,24.961259841918945,22.81112098693848,19.165184020996094,17.354461669921875,13.41177749633789,12.305500030517578,11.41278076171875,11.308656692504885,14.03226089477539,12.107939720153809,0.7299972176551819,0.5018579959869385,-0.0091929640620946,-0.0344343744218349,0.0030607590451836,0.0385126806795597,-0.1167251989245414,-0.0804823040962219,0.0220991391688585,0.0044364198110997,-0.0280223693698644,-0.0591537170112133,0.0225115232169628,11.69085693359375,6.646454811096191,4.229105949401856,3.8064157962799072,2.771333694458008,2.695636749267578,3.1293370723724365,2.409031629562378,1.9748224020004272,1.702329397201538,1.8534523248672483,2.1589815616607666,1.74975323677063,-0.0958098173141479,-0.0252055376768112,-0.0082118138670921,-0.0225115530192852,0.0578309446573257,0.0494202859699726,0.0406137406826019,-0.0142053561285138,-0.016161048784852,-0.0008032965124584,-0.0089681772515177,0.0297779832035303,0.0067211431451141,5.240435600280762,3.2521398067474365,2.1848700046539307,1.8223614692687988,1.5873193740844729,1.311923265457153,1.4447805881500244,1.197741985321045,0.9168077111244202,0.9340810775756836,0.994783341884613,1.0860308408737185,0.8325742483139038,0.0148644824763437,0.0052599533849024,0.0713350424336284,0.0162289188163732,20.23114886963984,1,Laryngitis,2574,phrase
-366.083251953125,141.11618041992188,21.04375267028809,33.69789123535156,6.496615886688232,22.957420349121094,1.6302430629730225,-8.982071876525879,10.67299747467041,-1.0949103832244873,-7.736434936523437,-3.8308353424072266,-6.96314001083374,92.31714630126952,50.50909423828125,29.72443199157715,22.812225341796875,22.46342658996582,24.11162757873535,16.796030044555664,18.038253784179688,13.301283836364746,9.871758460998535,12.62955093383789,12.019219398498535,10.77004623413086,0.5314212441444397,0.402103453874588,0.0929261818528175,0.0487518832087516,-0.0264062844216823,0.0056865173391997,-0.0272023472934961,-0.0120178237557411,-0.019994942471385,-0.0400482900440692,0.0346685536205768,-0.0138050271198153,-0.0206018071621656,15.234979629516602,8.677543640136719,4.591156959533691,3.1046159267425537,3.280847549438477,2.954951524734497,2.761480569839477,3.3879852294921875,2.198920726776123,1.9144107103347776,2.403538942337036,2.1365225315093994,1.985373497009277,0.0838346630334854,0.0196281634271144,-0.0192995239049196,0.0208585001528263,0.002449759747833,0.0357193797826767,0.0408604219555854,0.0237433463335037,0.0147029710933566,0.0195685178041458,0.0429311133921146,0.00387081829831,-0.0145942103117704,8.70170783996582,3.70035171508789,2.992372274398804,1.423924684524536,1.7882683277130127,1.2261991500854492,1.4315438270568848,1.6444069147109983,1.0900307893753052,1.0284658670425415,1.2006648778915403,1.1140705347061155,1.0070297718048096,0.0167051363959844,0.0071349692947163,0.0608521952134196,0.0155243234450768,19.384898958944103,1,Laryngitis,2578,phrase
-280.8110656738281,138.147705078125,11.394676208496094,55.83088302612305,1.2505724430084229,29.804731369018555,6.738622188568115,-1.9454706907272337,9.897388458251951,-1.427487850189209,2.314706325531006,3.648428201675415,-13.949322700500488,70.1340560913086,37.275665283203125,23.561098098754883,18.3222885131836,24.4694938659668,20.214223861694336,15.316971778869627,17.98617172241211,11.208531379699709,12.597230911254885,8.221644401550293,8.560508728027344,13.32798957824707,0.6099141836166382,0.1860660165548324,-0.1125116571784019,0.139176070690155,-0.0247393324971199,-0.0808014720678329,-0.1358781605958938,-0.0558668002486228,-0.011263663880527,-0.1061721742153167,-0.0585652440786361,-0.0613344348967075,-0.0572874844074249,11.738381385803224,5.975475311279297,3.931512117385864,3.1792514324188232,3.9669151306152335,2.8637115955352783,2.5087969303131104,3.558701992034912,1.894960165023804,2.135738134384156,1.6060322523117063,1.6875325441360474,2.5604655742645264,0.1582851856946945,0.0786109566688537,0.0239836536347866,0.0197942946106195,-0.0122971069067716,0.0291132349520921,-0.0130157880485057,0.0124370846897363,0.0276635996997356,-0.0056050131097435,0.0276200994849205,0.0141821606084704,-0.0523591972887516,6.390493869781494,3.0868167877197266,2.553117275238037,1.7346640825271606,1.907477855682373,1.2477725744247437,1.2343437671661377,1.4206823110580444,1.0006203651428225,1.2023110389709473,1.0248939990997314,1.1086840629577637,1.377583146095276,0.0247298095849308,0.0071760025405167,0.0975319582617121,0.0289141749474926,15.71195589479606,1,Laryngitis,2582,phrase
-306.9886474609375,135.16151428222656,12.33532428741455,40.05152130126953,27.221342086791992,17.93958282470703,3.409716844558716,3.1256377696990967,0.7291998267173767,2.3698298931121826,0.4555906653404236,-7.205818176269531,-0.7174731492996216,71.10398864746094,43.92753982543945,24.73169708251953,17.234495162963867,23.53493309020996,17.410804748535156,14.64223575592041,9.024657249450684,9.474483489990234,10.628524780273438,10.933815002441406,12.641464233398438,12.186086654663086,0.044303111732006,0.1081988885998725,0.0946525707840919,0.032570581883192,-0.0096191084012389,-0.040655430406332,-0.0181473828852176,-0.0182141624391078,0.0003976662410423,0.0178330261260271,0.0205551441758871,0.0056335120461881,-0.0195740964263677,8.842450141906738,6.70200777053833,3.887555122375488,2.27384352684021,3.4098901748657227,2.461076021194458,2.282773017883301,1.3781107664108276,1.539729118347168,1.6914806365966797,1.4735538959503174,1.5675475597381592,1.8382352590560915,-0.1805972605943679,-0.0849673002958297,0.03117461130023,0.0282562654465436,0.0494042299687862,0.05109653621912,0.0330456271767616,-0.036795288324356,0.0011456659995019,-0.0009121219045482,-0.0312844477593898,-0.0090067069977521,0.0073027214966714,5.168931007385254,2.8782992362976074,2.311177968978882,1.396809697151184,1.5452781915664673,1.156114101409912,1.4917514324188232,0.7508084177970886,0.9083228707313538,0.9540163278579712,0.7641724944114685,0.7935039401054382,0.913764715194702,0.0163527772149628,0.0059019216442015,0.0587801824452791,0.0185199627941595,20.78053515454684,1,Laryngitis,2585,phrase
-379.6429748535156,152.0816192626953,30.35378646850586,45.7280502319336,12.611547470092772,24.607481002807617,0.7177005410194397,-6.4233174324035645,8.745035171508789,1.3696119785308838,-5.621321201324463,-7.031394481658936,-2.562541961669922,82.3896255493164,56.73992156982422,25.347585678100582,19.357107162475582,23.02316665649414,13.84786605834961,15.398491859436035,11.052123069763184,9.071022987365724,9.141156196594238,9.55313205718994,7.508652687072754,9.475332260131836,0.4023855328559875,0.1772457957267761,0.0444431379437446,0.0399955734610557,-0.0136132845655083,0.0312470272183418,-0.0318232215940952,-0.0498951859772205,-0.0169903486967086,-0.0608231164515018,0.0055303433910012,-0.0286646857857704,-0.0882080718874931,14.706938743591309,9.460902214050291,4.327365398406982,2.7166013717651367,3.928044080734253,2.30763578414917,2.965888738632202,2.080187559127808,1.5320062637329102,1.796880841255188,1.6412460803985596,1.4474622011184692,1.851694941520691,-0.0920668393373489,-0.0647851824760437,-0.0434461422264575,0.0194662604480981,0.0366457886993885,0.0595560260117054,0.0395816974341869,-0.0026496020145714,0.011513908393681,0.0346537642180919,0.0386235080659389,0.0004083528765477,-0.0046328026801347,8.183526992797852,4.145500183105469,2.280978441238404,1.4885584115982056,1.8614490032196045,1.2883495092391968,1.6926512718200684,1.075070023536682,0.8020269274711609,1.003695011138916,0.8422902822494507,0.8564572334289551,0.8914504051208496,0.0792199370064087,0.0455247922224831,0.1912376431649083,0.0838307192428721,7.564925700800528,1,Laryngitis,2588,phrase
-371.1693420410156,161.95040893554688,6.055939674377441,39.1035270690918,13.712942123413086,8.085128784179688,8.295029640197754,-1.8954167366027832,-3.3411545753479004,6.783995628356934,4.118700981140137,-6.112982273101807,-7.902508735656738,71.91326904296875,52.92414855957031,28.617130279541016,15.04275131225586,25.65343475341797,26.61212158203125,17.90296173095703,10.370850563049316,9.94444179534912,15.41280746459961,7.849729061126709,10.135464668273926,14.200167655944824,0.4185517430305481,0.2791540026664734,-0.0024961901362985,-0.0264094080775976,0.0286251436918973,0.0426789484918117,0.0167808514088392,0.0153946606442332,-0.044120654463768,-0.0649609789252281,-0.0337097644805908,-0.0768657177686691,-0.0596617087721824,11.663628578186035,7.016430377960205,4.916259288787842,2.8867945671081543,4.195101261138916,3.029487133026123,2.899484872817993,1.7736718654632568,2.076422929763794,2.600653648376465,1.4881283044815063,2.0015809535980225,2.4782204627990723,-0.0977799743413925,-0.0617690198123455,-0.0267984922975301,-0.0246824622154235,-0.0166942290961742,-0.0054239551536738,0.0113367130979895,0.0116820558905601,0.0262867994606494,0.0155957005918025,0.0009644668316468,0.0079828416928648,-0.0007598361116833,5.909169673919678,2.654334545135498,2.645460605621338,1.6045315265655518,1.6332603693008425,1.176937222480774,1.5679062604904177,0.8615351915359497,0.9907185435295104,1.4469637870788574,0.8010667562484741,0.9135127067565918,1.048944354057312,0.0218502615330379,0.0072417391357041,0.1048687858105483,0.0291186126123175,14.878692960377355,1,Laryngitis,2600,phrase
-322.6064758300781,119.0774917602539,10.062007904052734,43.42879486083984,-1.7517848014831543,22.11652374267578,1.816823124885559,-4.691774368286133,2.602783679962158,3.920358896255493,-0.9390882253646852,-3.54748010635376,-0.8134482502937317,101.71244049072266,38.44595336914063,24.239076614379883,25.094711303710938,23.26493263244629,17.209394454956055,15.299595832824709,14.029452323913574,10.81956958770752,10.246591567993164,11.344640731811523,14.764259338378906,10.110349655151367,0.6123901605606079,0.3966990411281585,0.0747303441166877,0.1465024799108505,0.0764380618929863,0.0749353319406509,0.029570635408163,0.011896776035428,0.0067067178897559,-0.0005559420096687,0.0181510709226131,-0.0166686344891786,-0.0079490067437291,17.50482749938965,6.839250087738037,3.705322742462158,3.8196358680725098,3.1732265949249268,2.7905735969543457,2.614579916000366,2.5110020637512207,1.7192806005477903,1.3621925115585327,1.8900030851364136,2.3529083728790283,1.6053271293640137,-0.0220835655927658,-0.0863606408238411,-0.0258613787591457,0.0121430335566401,0.0053051142022013,0.0657149478793144,0.0161568783223629,0.0095238182693719,0.0353346578776836,0.0229545924812555,-0.0055747162550687,-0.0443609282374382,-0.0097240451723337,8.070609092712402,3.071763515472412,2.2275924682617188,1.78972327709198,1.6513584852218628,1.4503262042999268,1.351535081863403,1.4266152381896973,1.0008893013000488,0.8771376609802246,1.0380792617797852,0.9976444840431212,0.7833983898162842,0.0240647743490904,0.0111875999190806,0.0747004243004165,0.0303909187842611,16.225800962403518,1,Laryngitis,2602,phrase
-342.84375,125.00686645507812,21.67577362060547,37.29225540161133,9.843443870544434,27.68069648742676,5.529027938842773,-1.1361421346664429,-1.813525915145874,2.9889020919799805,0.2314623296260833,-12.91614055633545,-1.019851565361023,85.63294219970703,42.693641662597656,32.65849685668945,24.102495193481445,20.89227294921875,24.8100814819336,16.382904052734375,16.570404052734375,12.391955375671388,12.621541976928713,9.978638648986816,16.69405174255371,9.451021194458008,0.784243643283844,0.2221579253673553,-0.0956192165613174,0.1617931276559829,-0.0574425011873245,0.0196566618978977,-0.0734935253858566,0.0447794534265995,0.0344342328608036,0.0007152227917686,0.0380065478384494,-0.0630634650588035,-0.0256420653313398,13.755720138549805,7.225724697113037,5.555352687835693,3.325369358062744,2.846001148223877,3.348700761795044,2.7972846031188965,2.7000343799591064,2.3435754776000977,2.3440725803375244,1.7740294933319092,3.031984329223633,1.5351130962371826,-0.0069494014605879,0.0671977400779724,0.0614413805305957,0.0123638529330492,0.0261673983186483,0.003663094015792,0.0143758663907647,0.0106408791616559,0.0244067795574665,0.0271017476916313,0.005180770996958,0.0043937754817306,-0.0058627128601074,6.674874305725098,3.1826021671295166,3.0428051948547363,1.7846245765686035,1.5449559688568115,1.516560196876526,1.5530322790145874,1.1834968328475952,1.107838749885559,1.1495563983917236,1.1024919748306274,1.2431747913360596,0.8632029891014099,0.025775722125099,0.0082897898687744,0.1052817433866897,0.0361115947049391,14.336110579052644,1,Laryngitis,2605,phrase
-340.8243103027344,140.36476135253906,14.663339614868164,28.381715774536133,12.264081954956056,8.06737232208252,-12.022171020507812,-1.9305933713912964,5.640966892242432,-10.136713981628418,-3.290848731994629,-5.987261295318604,-15.035134315490724,70.13626861572266,44.6539192199707,29.11886405944824,19.673763275146484,28.417400360107425,24.07709693908692,18.554771423339844,12.038503646850586,11.316542625427246,16.361814498901367,12.491031646728516,9.868578910827637,11.414855003356934,0.5445653796195984,0.3044716715812683,0.0186359491199255,-0.0107558956369757,-0.0523105561733245,0.0827737525105476,-0.0058363401331007,0.0221076998859643,-0.0431770682334899,-0.0687175318598747,0.0541140995919704,0.0118950856849551,-0.0512022860348224,12.481901168823242,7.196630477905273,4.570545196533203,2.601679563522339,3.847312688827514,2.315476179122925,2.794173240661621,1.868969678878784,1.7807928323745728,2.493544340133667,1.877346396446228,1.5031012296676636,2.025003433227539,0.0412561111152172,0.0018457545666024,0.0023538009263575,0.0147474501281976,0.0156459659337997,0.016912255436182,-0.0147435571998357,0.006696792319417,-0.0173673499375581,-0.0212785080075263,-0.0052980328910052,-0.0039921542629599,-0.0057770814746618,5.480635166168213,3.093277931213379,2.57242751121521,1.5293503999710083,1.644498586654663,0.9926462769508362,1.2235392332077026,0.9394365549087524,0.8922763466835022,1.0603495836257937,0.9581641554832458,0.7495574951171875,0.8069685101509094,0.0142920848922031,0.0062082748541531,0.0499186746808643,0.0138235854986725,20.781600516121426,1,Laryngitis,2610,phrase
-325.3403625488281,160.85342407226562,23.82294464111328,61.59665298461914,13.075021743774414,22.65283203125,-0.3826034963130951,-6.515729904174805,4.96943998336792,12.402983665466309,6.872805595397949,-8.949873924255371,-8.342451095581055,78.37882232666016,49.2609977722168,33.10993194580078,18.880556106567383,22.52738380432129,20.33036994934082,18.761926651000977,13.25767421722412,10.504514694213867,12.45992946624756,7.032332420349121,12.947152137756348,9.268546104431152,0.4591939747333526,0.359961599111557,0.0331530384719371,-0.0027473578229546,-0.0395670533180236,-0.0769586488604545,-0.0807125717401504,-0.0629310682415962,-0.0141537440940737,0.0238585490733385,0.0094953663647174,-0.0782771706581115,-0.0886604860424995,14.131044387817385,8.192611694335938,5.218216419219971,3.3548386096954346,4.3839874267578125,3.257478713989258,2.98373818397522,2.181907415390014,1.949234127998352,2.1517484188079834,1.4000533819198608,2.4419777393341064,1.7543233633041382,0.1405726969242096,0.1562838852405548,-0.0209575183689594,-0.0578568987548351,0.029836680740118,0.0283556785434484,0.043506920337677,0.0109630301594734,0.0019033440621569,-0.0124268373474478,-0.0328437127172946,-0.0063106035813689,-0.0170342717319726,9.017202377319336,3.897260427474976,3.7283413410186768,1.94579553604126,2.002755641937256,1.625003695487976,1.5621122121810913,1.201789140701294,1.3270082473754885,1.3962408304214478,0.945012390613556,1.2273632287979126,0.923449158668518,0.0216706543404512,0.0096120995655717,0.1023568654275427,0.0369595713311309,13.479884096600127,1,Laryngitis,493,phrase
-328.01495361328125,158.34774780273438,27.27971267700196,53.440711975097656,-0.1231095045804977,22.4344539642334,3.348485946655273,-10.143095970153809,-2.04623818397522,10.004558563232422,9.345576286315918,-4.643853664398193,-10.094836235046388,62.37666320800781,59.079872131347656,26.2298583984375,21.607999801635746,26.524322509765625,21.37641906738281,10.881115913391112,18.367061614990234,10.485690116882324,14.560320854187012,8.085566520690918,10.688517570495604,12.193861961364746,0.0419137999415397,-0.3639691472053528,0.022552017122507,0.2965951561927795,0.0397158116102218,0.3421315550804138,-0.0525126978754997,0.0795863643288612,-0.0858900919556617,-0.1184846237301826,-0.0159868281334638,-0.1176204830408096,-0.0157409626990556,9.576680183410645,7.984846115112305,4.170154571533203,3.033108949661255,4.232880592346191,2.459627151489258,2.048635959625244,2.5471720695495605,1.9428786039352417,2.250931024551392,1.5868573188781738,2.214653730392456,1.9484288692474363,0.0884072557091713,-0.1021822020411491,-0.0861693546175956,0.0468786656856536,0.1236802861094474,0.130835086107254,0.0666994079947471,-0.0406301766633987,-0.0202304888516664,-0.0193568393588066,-0.0255408715456724,-0.0525250323116779,-0.0007395183201879,5.558298587799072,3.63806676864624,2.4414687156677246,1.680636644363403,2.025184154510498,1.3162355422973633,1.0210542678833008,1.1592700481414795,1.0615544319152832,1.1506696939468384,0.8010494112968445,1.3287975788116455,1.1360304355621338,0.0240382740207231,0.0101552010470207,0.1060413814310145,0.0282474823308547,15.5187146033132,1,Laryngitis,497,phrase
-340.2299499511719,129.0788116455078,19.460182189941406,52.27071380615234,5.057888984680176,19.424325942993164,-10.761431694030762,-4.058252334594727,7.861640930175781,-5.048906326293945,2.406048059463501,-10.662278175354004,-9.520190238952637,72.38391876220703,45.3657455444336,27.583717346191406,20.41400146484375,24.367107391357425,18.24706268310547,18.635555267333984,13.516006469726562,9.3885498046875,13.483481407165527,8.816221237182617,9.38505744934082,11.752155303955078,0.7334578037261963,0.1863051503896713,-0.1358890682458877,0.0874049663543701,-0.111557200551033,0.0379719585180282,-0.0064462316222488,0.0307511370629072,-0.0571939125657081,-0.1406827718019485,-0.0115967504680156,-0.0150097822770476,0.0225056782364845,15.889257431030272,7.613753795623779,4.720499515533447,3.536102294921875,4.409708499908447,2.763612031936645,3.377290964126587,2.237926959991455,2.0441713333129883,2.770407199859619,1.7330763339996338,2.0688695907592773,2.2708067893981934,-0.0728300511837005,-0.0855732038617134,-0.0235068146139383,0.0326455682516098,0.0440502353012561,0.0456322468817234,0.0046482030302286,-0.023171704262495,0.0250382106751203,0.0152454487979412,-0.0145743610337376,-0.005567317828536,-0.0171673018485307,8.628461837768555,3.5587682723999023,3.091569900512696,1.8743261098861688,1.8163716793060305,1.1628961563110352,1.712794065475464,1.161001205444336,1.1625163555145264,1.3723983764648438,0.8023182153701782,1.0307083129882812,1.0192745923995972,0.0173473077280439,0.0084370296987403,0.0651496049061877,0.018809633571061,17.613633342126814,1,Laryngitis,498,phrase
-359.1243591308594,169.9049530029297,0.7850351333618164,25.44962501525879,12.958744049072266,48.56113815307617,-1.2237213850021362,-6.672391414642334,15.420523643493652,-5.4072041511535645,0.5329414010047913,6.0404486656188965,-0.7158165574073792,89.1258316040039,60.7788200378418,26.379594802856445,26.7480411529541,26.31208038330078,20.847461700439453,25.358003616333008,15.923771858215332,17.227561950683594,12.826354026794434,11.394498825073242,8.55263900756836,8.541160583496094,0.9159238934516908,0.7458873987197876,0.0959056615829467,-0.1116386950016021,-0.1545764207839965,-0.0154165206477046,0.0092949336394667,-0.0096175167709589,0.0162421241402626,-0.0312036126852035,-0.0263996608555316,0.105690062046051,0.1297598630189895,16.819461822509766,11.66704273223877,4.621376514434815,3.749001026153565,4.855445384979248,3.6507298946380615,4.223270893096924,3.0022878646850586,2.869511127471924,2.5918056964874268,1.885312557220459,1.2295794486999512,1.4814037084579468,0.0803898870944976,0.1008015945553779,-0.0052310721948742,0.0177153665572404,0.1332858353853225,0.0510280020534992,-0.0265866667032241,-0.0104623297229409,0.0583137273788452,0.040988951921463,-0.0357198044657707,-0.0433745048940181,-0.0631323084235191,9.79039478302002,4.911576747894287,3.0486412048339844,2.193793773651123,2.4776759147644043,1.864919900894165,2.039386749267578,1.316243290901184,1.3439085483551023,1.4356060028076172,0.9989305138587952,0.7338571548461914,0.983478307723999,0.0314301023361051,0.0153918992861118,0.0767566893050833,0.0253506525699305,14.524528789137811,1,Laryngitis,563,phrase
-348.8039245605469,111.65116119384766,26.130884170532227,49.37268829345703,17.936288833618164,17.107067108154297,-6.703851222991943,7.791493415832519,10.736841201782228,-3.425756931304932,6.510453224182129,-4.978325366973877,-5.666773796081543,92.08963775634766,48.98099136352539,29.74989318847656,25.35370635986328,25.502344131469727,19.21200942993164,20.964412689208984,13.276571273803713,10.357507705688477,17.092336654663086,10.706331253051758,12.020282745361328,12.251710891723633,0.5363955497741699,0.3448803424835205,0.0908395126461982,0.0644163712859153,-0.029504282400012,-0.023997638374567,-0.0324338562786579,-0.0036721194628626,-0.0061288862489163,-0.0063569764606654,0.0254448298364877,0.0015270930016413,0.0143298152834177,13.20040225982666,6.300951480865479,5.070688247680664,3.8343489170074463,4.56852912902832,2.855253934860229,3.237931728363037,1.9486098289489744,1.7836812734603882,2.3869881629943848,1.770506739616394,2.05986762046814,1.9983071088790887,0.2404863685369491,0.0896610617637634,-0.0335827022790908,-0.0036083993036299,0.001357271336019,0.0071725170128047,-0.0221851635724306,-0.0228763185441494,-0.0160734020173549,-0.006342067848891,0.0119295874610543,-0.0022685257717967,-0.010581106878817,8.232002258300781,3.095609188079834,3.197914123535156,2.1199951171875,2.279263973236084,1.5269715785980225,1.763397455215454,1.129368782043457,0.8966431617736816,1.2664141654968262,0.9896774291992188,1.126008152961731,1.0010441541671753,0.0170888099361364,0.0062572654250387,0.0577137655262988,0.0160600223957711,19.9403087822534,1,Laryngitis,568,phrase
-352.6839904785156,113.11676025390624,9.103517532348633,39.24327087402344,16.14483070373535,12.53489875793457,-19.058794021606445,1.922846794128418,6.643730640411377,-12.665201187133787,-3.051450252532959,-7.953464984893799,-8.056143760681152,93.92484283447266,53.85444641113281,31.165361404418945,24.14698982238769,27.05862236022949,23.097959518432617,20.351083755493164,13.378854751586914,10.833887100219728,15.101089477539062,10.929506301879885,11.125837326049805,11.78366756439209,0.3759954273700714,0.2831252217292785,0.026547335088253,0.0102041726931929,0.0318551696836948,0.0177529621869325,-0.0532346777617931,-0.03004976734519,-0.0193532388657331,-0.0325765199959278,-0.0174656584858894,-0.0282004345208406,-0.0123969400301575,17.545494079589844,8.3462553024292,5.4984869956970215,3.4236955642700195,3.709163188934326,2.760826349258423,3.564222812652588,2.4128506183624268,1.4421457052230835,2.668226718902588,2.110247135162353,2.089587688446045,2.464310646057129,-0.1165583059191703,-0.0706672668457031,-0.0097947176545858,0.0325583107769489,0.0575829595327377,0.0078973285853862,0.0072448011487722,-0.0048006200231611,0.0084422556683421,0.0056058964692056,0.0238053407520055,0.0539143718779087,0.0109353912994265,8.331740379333496,3.8008546829223633,2.792322874069214,1.8147449493408203,1.930182218551636,1.2251447439193726,1.5941994190216064,1.247688889503479,0.9127644896507264,1.260788083076477,1.013716459274292,1.2340848445892334,1.207325100898743,0.0218638851687739,0.0107073585630593,0.0717640550385593,0.0281643057395536,20.70610547938426,1,Laryngitis,715,phrase
-344.9338073730469,144.83692932128906,20.52522850036621,40.22463607788086,15.04764461517334,32.52094650268555,4.576210021972656,-12.153894424438477,2.007864236831665,-0.7354563474655151,1.892553806304932,-0.8349432945251465,-6.898870944976807,88.17342376708984,52.33068084716797,34.253662109375,20.98623275756836,22.819822311401367,20.457908630371094,18.676958084106445,18.22964668273925,10.54977035522461,12.2366361618042,8.376829147338867,11.814574241638184,9.408528327941896,0.5186038613319397,0.4124293625354767,-0.1130703911185264,-0.0867631435394287,0.1008126586675643,0.0522670559585094,0.0516187846660614,-0.0475509203970432,-0.0521317161619663,0.0119312675669789,-0.0130716599524021,-0.0345534309744834,-0.0794501006603241,13.699507713317873,9.06104850769043,5.678027153015137,3.1046853065490723,2.99165678024292,2.888258457183838,2.6566708087921143,2.7248694896698,1.7124478816986084,1.9736011028289795,1.4074939489364624,2.163282632827759,1.968769669532776,-0.227535218000412,-0.1586719751358032,-0.1286606788635254,-0.1275994032621383,0.0432145334780216,0.0353255085647106,0.0442050918936729,0.0092887422069907,-0.0323504135012626,0.0151615003123879,-0.0270903315395116,-0.0226639974862337,0.0236240960657596,6.095656394958496,3.852095365524292,2.765291213989258,1.8452374935150144,1.4993919134140017,1.3093560934066772,1.3795222043991089,1.2122136354446411,0.797318160533905,0.9990578889846802,0.6736704111099243,1.0589804649353027,0.969480276107788,0.027702644880815,0.0097996192456862,0.107118844717341,0.0307062014585573,14.13037823542106,1,Laryngitis,818,phrase
-311.6592712402344,161.69189453125,19.719099044799805,39.17961883544922,19.173961639404297,24.867664337158203,3.494616985321045,-6.661131858825684,7.708078384399414,8.940374374389648,-0.3795395493507385,-11.158270835876465,-6.426182270050049,65.74185943603516,52.18861389160156,28.014028549194336,22.07128524780273,28.02749824523925,16.187227249145508,13.642152786254885,12.181154251098633,7.451782703399658,13.641433715820312,8.509464263916016,11.948993682861328,9.753131866455078,1.3428517580032349,0.5093432664871216,-0.1261769980192184,0.2126872539520263,0.0362414754927158,0.0769712477922439,-0.1268508732318878,0.0572237484157085,0.0861881747841835,-0.0257112123072147,0.0187415182590484,-0.0234201960265636,0.0269027799367904,13.290349960327148,10.570892333984377,5.03223180770874,3.4134488105773926,5.168928623199463,2.345389604568481,2.7351531982421875,2.319742202758789,1.348944067955017,2.540180921554565,2.044610023498535,2.481319665908813,1.6243211030960083,0.2743233442306518,0.0833642929792404,-0.1479930728673935,-0.078396663069725,0.0324993282556533,0.0087530575692653,0.0026005040854215,0.0068878126330673,-0.0019121791701763,0.01137116830796,-0.0267985966056585,-0.0087923035025596,0.0068990769796073,8.286601066589355,4.597142219543457,3.5629050731658936,2.179539442062378,2.632725238800049,1.2221258878707886,1.492556095123291,1.2942988872528076,0.7393193244934082,1.484643816947937,1.0942004919052124,1.2061363458633425,0.8170725703239441,0.0208589909287962,0.0076461927965482,0.0593144035565813,0.018886434029316,16.566484700490157,1,Laryngitis,824,phrase
-300.6572265625,158.56617736816406,20.48901557922364,37.51736831665039,8.376465797424316,28.07088661193848,-4.060751438140869,0.681472659111023,6.137629985809326,0.9007887840270996,-2.4002363681793213,-9.301703453063965,-7.138273239135742,91.01349639892578,57.37569808959961,28.629825592041016,20.93554306030273,28.2370719909668,17.19538688659668,19.02161979675293,11.92898941040039,10.959177017211914,10.85817050933838,12.24868106842041,13.723503112792969,11.26216983795166,0.1542816907167434,0.1401150375604629,0.1035811081528663,0.0719082504510879,0.04657918587327,0.0578691884875297,-0.0209129303693771,0.0223880484700202,0.0550680607557296,0.025625754147768,0.0502717047929763,-0.0063993665389716,-0.0348129980266094,17.5460147857666,9.238353729248049,5.5026469230651855,3.114838123321533,3.987395763397217,2.486300706863404,3.614103555679321,2.248262643814087,2.165016889572144,2.16707730293274,2.229045391082764,2.341793298721313,2.0655112266540527,-0.1686349213123321,-0.0024331675376743,-0.0261716395616531,-0.0681214407086372,0.0656894966959953,0.0035587947349995,0.0014822041848674,-0.0214687101542949,0.0476312972605228,-0.0083070592954754,-0.0451925955712795,-0.0022698801476508,-0.0139076933264732,8.25283145904541,3.4841461181640625,3.248594284057617,1.705195426940918,2.031404495239258,1.2678552865982056,1.5530827045440674,1.4017138481140137,1.1868999004364014,1.25703763961792,1.2021398544311523,1.0916361808776855,0.9470611214637756,0.0212469926568096,0.0080850303015599,0.0713409686612954,0.0260249978906092,15.810597587330802,1,Laryngitis,828,phrase
-353.37078857421875,108.33817291259766,20.55060577392578,28.84807014465332,4.980650424957275,15.116606712341309,-10.488188743591309,0.4661564230918884,11.523089408874512,-3.206566095352173,-2.170696258544922,2.5715219974517822,-3.3193724155426025,113.6200942993164,49.89373016357422,22.93184280395508,24.40740203857422,25.658388137817383,10.398365020751951,24.11225891113281,12.01246166229248,9.595678329467772,14.025400161743164,12.636080741882324,9.296563148498535,13.217564582824709,0.0773415938019752,0.0648965090513229,-0.0015986270736902,-0.0431688167154789,-0.0522424802184104,-0.0297989472746849,-0.0121428202837705,0.0054442454129457,0.009934420697391,0.0047741904854774,0.0007606666185893,-0.0057595521211624,6.852066144347191e-05,11.070268630981444,5.305759429931641,3.5289015769958496,2.7325668334960938,2.9569761753082275,1.7369126081466677,3.035680055618286,1.835373520851136,1.280696153640747,2.0073137283325195,1.9094181060791016,1.231192111968994,1.5797933340072632,-0.0279458034783601,-0.0131571218371391,-0.0030640347395092,-4.535834523267113e-05,0.022945387288928,0.0130791366100311,0.0087553476914763,0.0063420324586331,0.0008799578063189,0.0129770096391439,0.0038812826387584,0.0042920536361634,0.0162085276097059,4.898006916046143,2.372230052947998,2.030291080474853,1.4015883207321167,1.496025800704956,0.9332689642906188,1.2889609336853027,0.9196599721908568,0.7406846880912781,0.8773618340492249,0.9572221040725708,0.7096541523933411,0.7662401795387268,0.0170972922172266,0.0079103752563787,0.06089661042661,0.0234321222331704,17.839092871010646,1,Laryngitis,844,phrase
-388.9704284667969,138.96681213378906,24.10255622863769,39.11014938354492,15.588086128234863,20.90584373474121,-6.192319393157959,-3.010110855102539,10.804243087768556,-2.921921968460083,-4.622204780578613,-4.817877769470215,-4.3064069747924805,90.4098129272461,52.64964294433594,32.713565826416016,23.83210182189941,27.36680030822754,17.596956253051758,14.26616382598877,16.48821449279785,11.38426113128662,11.224405288696287,13.533683776855469,11.742908477783203,10.627285957336426,0.0989719405770301,0.091214932501316,0.0491877682507038,0.0443039499223232,0.019592585042119,0.0124120442196726,0.0010259628761559,-0.0126812318339943,-0.006257148925215,-0.0068376287817955,8.272954437416047e-05,0.0019534775055944,-0.014160600490868,15.32395076751709,8.657441139221191,5.778116226196289,3.042330980300904,3.6973180770874015,2.3438735008239746,2.498394250869751,2.7473862171173096,1.825563669204712,1.7812669277191162,2.4235451221466064,2.034895896911621,2.008401870727539,-0.0202462598681449,0.0292252209037542,0.0124960271641612,-0.0143048437312245,0.0588327348232269,0.0477472245693206,0.0024363091215491,-0.0133895734325051,0.007138802204281,0.004443930927664,-0.0384742133319377,-0.0233669001609087,-0.0063305674120783,8.474093437194824,3.79881763458252,3.5750906467437744,1.8898850679397583,1.9610050916671755,1.1775507926940918,1.194586992263794,1.3109525442123413,1.0593504905700684,1.0356441736221311,1.246666431427002,1.0533392429351809,1.042778491973877,0.020699633563626,0.0106701096547472,0.0622549591514279,0.020356365987968,18.69933865754596,1,Laryngitis,871,phrase
-309.3604431152344,155.05909729003906,21.53920555114746,44.97476959228516,22.1655502319336,24.77842903137207,6.183316230773926,8.330892562866211,0.8076307773590088,-0.4118463099002838,13.699270248413086,-3.980244874954224,-6.430243968963623,100.52653503417967,54.238548278808594,29.80739021301269,15.556279182434082,19.218637466430664,18.25121116638184,19.47883033752441,12.81475067138672,8.778470993041992,15.94105339050293,12.970548629760742,11.892545700073242,13.904667854309082,0.2606462836265564,0.246294230222702,0.1367857754230499,0.0417984463274478,0.0348583683371543,0.0110548725351691,-0.0844467133283615,-0.0106627382338047,-0.0340993627905845,-0.0039624460041522,0.0943707376718521,0.1070926636457443,0.084692396223545,12.193573951721191,8.573840141296387,3.974064588546753,2.722334861755371,3.1135029792785645,2.537243127822876,3.095643997192383,2.360740423202514,1.7308039665222168,2.552551031112671,2.123540163040161,2.353321313858032,2.5750014781951904,0.0333515703678131,0.0472164638340473,0.0445781797170639,0.020570458844304,0.0207869727164506,0.0211027469485998,0.026441391557455,0.0400261133909225,0.0220119375735521,0.0006654902826994,-0.0363067835569381,-0.0195538979023695,-0.0065330639481544,4.320513725280762,3.6304523944854736,2.284301280975342,1.2622376680374146,1.5988507270812988,1.358288049697876,1.4869396686553955,1.3026834726333618,1.135859489440918,1.413312315940857,1.0429561138153076,1.0311524868011477,0.9701223373413086,0.0417888345631636,0.0148805328473005,0.084047949339362,0.0225751861608075,9.626490921965976,1,Laryngitis,884,phrase
-312.5689697265625,146.01699829101562,20.545238494873047,48.25071716308594,9.34157657623291,30.718738555908203,0.4522131681442261,-6.374606132507324,3.943341255187988,2.410407543182373,6.745476722717285,-8.986392974853516,-6.75709342956543,89.64114379882812,51.24937438964844,24.003623962402344,20.95621681213379,24.035547256469727,15.418083190917969,12.861605644226074,13.763680458068848,10.74809741973877,9.64028263092041,8.374848365783691,10.649641036987305,9.88884735107422,1.023080825805664,0.4572954773902893,-0.0838169977068901,0.0641777664422988,-0.1732205897569656,-0.0026829792186617,-0.1164029315114021,-0.0879554823040962,0.0683700293302536,0.0452014282345771,0.0424379371106624,-0.1336262822151184,-0.0408558808267116,17.427946090698242,9.580784797668455,3.983887672424317,2.9332141876220703,4.161171436309815,2.2833147048950195,2.6186985969543457,2.276944398880005,1.771327257156372,1.7145707607269287,1.651094913482666,1.909866452217102,2.02946138381958,0.2236229628324508,0.2063291817903518,0.037694051861763,0.0139913614839315,0.0713505446910858,0.0318032279610633,0.0068133403547108,0.0084431078284978,-0.0323247909545898,0.0007416298030875,-0.0105776749551296,-0.0289467088878154,0.0062361783348023,9.491849899291992,4.637305736541748,3.095510005950928,1.838071346282959,2.183042526245117,1.27343487739563,1.6822047233581543,1.3332873582839966,1.061108946800232,0.8836256265640259,0.9581749439239502,0.9743067026138306,1.0917174816131592,0.0357684345884674,0.015017590109417,0.129565719610876,0.0477580909121557,11.485528506026611,1,Laryngitis,886,phrase
-325.6299743652344,147.97201538085938,-3.589536666870117,32.37143325805664,16.586971282958984,33.47698974609375,-21.23528861999512,-5.6128411293029785,-3.7525441646575928,1.0260708332061768,3.762707233428955,-6.896085739135742,-1.346930980682373,79.69007110595703,51.77305221557617,31.29154586791992,30.111900329589844,24.35508728027344,22.832393646240234,17.69593048095703,19.52486991882324,12.810850143432615,12.904223442077637,10.258408546447754,11.650455474853516,10.927739143371582,0.5952772498130798,0.1108415350317955,-0.1550536751747131,-0.0365839749574661,-0.0395058169960975,0.1319368034601211,-0.1345095038414001,-0.0783650949597358,-0.01476994715631,-0.106001041829586,0.0009537931182421,-0.0235179588198661,-0.020893421024084,13.636268615722656,6.869332313537598,5.219612121582031,4.269568920135498,3.298384666442871,3.408310651779175,3.2508544921875,2.8763790130615234,1.9683701992034912,2.1696901321411133,1.623210906982422,1.816223621368408,1.9266564846038816,0.0365899540483951,0.0051328483968973,-0.0276069343090057,0.001725485548377,0.040018256753683,0.0833644643425941,0.0245903693139553,-0.0036215733271092,-0.0313055627048015,-0.0405928492546081,0.0093433186411857,-0.0144094862043857,-0.0209075603634119,6.111574649810791,2.904707908630371,2.590461015701294,2.090843439102173,1.5490738153457642,1.718018651008606,1.5658619403839111,1.5122177600860596,0.9732254147529602,1.3258229494094849,0.9405338168144226,0.9468955993652344,0.857935905456543,0.0266472437140993,0.0090736197665339,0.1380614253285717,0.0560658064682742,9.087343298274476,1,Laryngitis,902,phrase
-420.2156982421875,121.23257446289062,40.037696838378906,40.83641052246094,25.46758460998535,18.21671295166016,4.889812469482422,-1.1469005346298218,2.343693494796753,0.1776303499937057,-3.7952375411987305,-2.291701078414917,1.0962035655975342,87.66841888427734,66.98896026611328,33.90953826904297,24.619104385375977,23.658403396606445,18.024168014526367,16.964445114135742,9.19496726989746,9.798148155212402,10.131756782531738,10.24699592590332,11.836114883422852,9.784314155578612,0.1419701725244522,0.107726015150547,0.0057541574351489,-0.0369403772056102,-0.0758423432707786,-0.0841322764754295,-0.0705678239464759,-0.0190308783203363,-0.021109115332365,-0.0318268351256847,0.0130035448819398,0.0140288770198822,0.0039276760071516,12.75932502746582,9.289679527282717,5.653885364532471,3.5211832523345947,3.836114168167114,2.5255656242370605,2.653977870941162,1.7067959308624268,1.6873116493225098,1.882205843925476,1.6024857759475708,1.8012690544128418,1.7887687683105469,0.1729723811149597,0.1519544869661331,0.0537165068089962,0.0216993428766727,-0.0142409671097993,-0.030214037746191,-0.0315376408398151,-0.0017548169707879,-0.0016378508880734,-0.006705607753247,0.0168371591717004,0.0091191288083791,0.0083057237789034,6.916036605834961,3.982616186141968,2.884251832962036,1.7034180164337158,1.658021330833435,1.2711379528045654,1.412461280822754,0.9531608819961548,0.9042084217071532,1.0402615070343018,0.806941032409668,0.8384016752243042,0.8622361421585083,0.0159011065724641,0.0060367273368241,0.0677364251962749,0.015526002881025,18.58549545591877,1,Laryngitis,904,phrase
-412.5268859863281,106.09639739990234,15.93114185333252,49.08759307861328,12.77971649169922,35.21120071411133,6.955273151397705,2.087353229522705,6.096285343170166,7.062169075012207,7.961087703704834,-0.2819835245609283,6.065179824829102,121.30970764160156,58.211944580078125,24.38123893737793,23.123092651367188,19.193613052368164,18.930408477783203,17.425827026367188,9.219883918762209,10.587532997131348,10.821022033691406,10.006141662597656,10.558167457580566,8.625615119934082,-0.2078066319227218,-0.1324311941862106,-0.0681232810020446,0.0311749354004859,-0.0422546677291393,-0.0274298842996358,-0.029954032972455,0.0168260913342237,0.0164988376200199,-0.0406242124736309,-0.0378803461790084,-0.017316710203886,-0.0099827293306589,18.56609916687012,6.637025833129883,4.59930419921875,3.956470251083374,3.236457586288452,2.959317922592163,3.4850122928619385,1.7504703998565674,1.9302380084991453,2.0145363807678223,1.746556282043457,1.71702241897583,1.4396696090698242,0.5674953460693359,0.0664311274886131,-0.0792977586388588,-0.009199971333146,0.0125970067456364,0.0337188392877578,-0.0109124975278973,0.0070709786377847,-0.0251875128597021,-0.0393420197069644,-0.0150398984551429,-0.0523174293339252,-0.0193503908812999,8.348899841308594,2.366116523742676,2.4158928394317627,1.7653741836547852,1.514495849609375,1.4425476789474487,1.7788796424865725,1.0300066471099854,0.9092612862586976,1.0492984056472778,0.8810822367668152,0.9446185827255248,0.926349639892578,0.0221721916591876,0.0077788415775074,0.0588403482924309,0.0157858792128605,14.49764408153438,1,Laryngitis,910,phrase
-366.4601440429688,126.89022827148438,5.751961708068848,34.6456413269043,16.291419982910156,15.600638389587402,-9.571540832519531,-11.203322410583496,0.7359254956245422,0.3881595730781555,-0.7450445890426636,-6.381167888641357,-0.2840113639831543,104.8119659423828,59.04420471191406,28.81554412841797,25.628801345825195,23.014429092407227,23.57474708557129,16.53949737548828,13.431615829467772,12.359164237976074,12.909729957580566,11.439546585083008,13.376608848571776,11.028205871582031,0.316740483045578,0.2039894014596939,-0.0318391360342502,-0.0262944046407938,-0.0003637690388131,-0.015948275104165,-0.0844072550535202,-0.0619208812713623,-0.0318276844918727,-0.0268857982009649,-0.0171086806803941,-0.0216245036572217,-0.0342839732766151,14.470791816711426,7.196197509765625,4.869095802307129,3.502640962600708,3.301702976226806,2.9013075828552246,3.0984041690826416,2.411610841751098,2.0975403785705566,1.6654423475265503,1.9875373840332031,1.8881956338882449,1.7758172750473022,-0.0733965709805488,-0.0346441566944122,0.0049031022936105,0.0330291613936424,0.1136248558759689,0.0724226981401443,0.0018211961723864,0.0055333916097879,-0.0146329756826162,-0.0164017435163259,0.021361980587244,-0.0106469299644231,-0.0178456753492355,6.499485015869141,2.8058550357818604,2.443947553634644,2.000056028366089,1.722461223602295,1.3312758207321167,1.5748852491378784,1.185707926750183,1.046404242515564,0.8529354333877563,0.9875738620758056,0.9369069933891296,1.005626559257507,0.0284479817311454,0.0135863865632437,0.1539285147109997,0.0745828190969705,10.500356462865469,1,Laryngitis,918,phrase
-321.54034423828125,153.74331665039062,9.872676849365234,27.50216293334961,4.8527421951293945,21.7390079498291,0.977131962776184,-7.962620735168457,2.87894058227539,-0.2691267728805542,-4.413288593292236,-10.747002601623535,-5.772469520568848,84.81732940673828,56.54198455810547,25.337703704833984,23.82198715209961,19.202939987182617,18.28335189819336,13.988153457641602,14.659908294677734,12.46220874786377,12.192106246948242,13.714131355285645,11.23749542236328,11.037479400634766,0.2085943520069122,0.1770424991846084,0.0243247859179973,0.1213192418217659,-0.0221705250442028,0.0206134803593158,0.0456985458731651,-0.0868249237537384,-0.0238574389368295,-0.0037383453454822,-0.1027313768863678,-0.0641918331384658,-0.044698841869831,12.000272750854492,8.896167755126953,4.380917072296143,4.030428886413574,3.902876138687134,2.244666814804077,2.82510757446289,3.0450856685638428,2.1318511962890625,1.865152835845948,2.2777175903320312,1.9352006912231443,2.1892659664154053,0.7716806530952454,0.1621910482645034,-0.125635415315628,0.0260838195681571,0.0205998737365007,0.005847311578691,0.0318870060145854,0.0186448711901903,0.0614748410880565,0.0276265796273946,0.0335441417992115,0.0600784681737422,0.0020592778455466,7.666398048400879,4.181478977203369,2.37680721282959,2.172901153564453,1.7164959907531738,1.2449009418487549,1.586735486984253,1.572597861289978,1.0354666709899902,1.275867223739624,1.1383639574050903,1.0520323514938354,1.0178353786468506,0.0245638691893865,0.0095665616722374,0.0669539004285975,0.0222618497690196,16.550034489270487,1,Laryngitis,919,phrase
-384.094970703125,113.7915496826172,20.845468521118164,25.885183334350582,13.311076164245604,13.995169639587402,5.305615425109863,3.8033952713012695,6.107481479644775,0.6184145212173462,3.164715051651001,2.4050843715667725,4.30470085144043,93.98768615722656,57.48451232910156,27.27241516113281,22.412824630737305,19.48388862609864,18.21601104736328,17.42066764831543,12.131059646606444,11.269076347351074,9.591018676757812,8.173384666442871,12.919523239135742,13.623467445373535,-0.0121727315708994,-0.0196341071277856,-0.0174473505467176,-0.0033379031810909,0.0094640869647264,0.0075962981209158,-0.00372533663176,-0.0124963168054819,-0.0127098783850669,-7.567607099190354e-05,0.0196609515696764,0.0257674735039472,0.0129323340952396,10.25120449066162,7.548178672790527,4.104129314422607,3.327211380004883,3.52348256111145,2.164600133895874,2.750258684158325,1.8517870903015137,1.809898853302002,1.7977806329727173,1.235723853111267,1.4011138677597046,1.704587459564209,0.0247214902192354,0.0278155896812677,0.0115424301475286,-0.0003660940856207,0.000388694810681,0.0075744362547993,0.0126795731484889,0.0107505340129137,0.0010998242069035,-0.0056924149394035,-0.005171843804419,-0.0081691369414329,-0.0132504142820835,5.612634658813477,3.4607858657836914,1.9801232814788816,1.7172938585281372,1.7197777032852173,1.0734434127807615,1.3868272304534912,1.0379232168197632,0.9310258030891418,1.0303585529327393,0.7294347286224365,0.6708795428276062,0.8606883883476257,0.029565023869593,0.0103542088304396,0.0769904805888366,0.0242165693230127,15.871031403308082,1,Laryngitis,930,phrase
-365.906005859375,143.41200256347656,11.485862731933594,39.7331657409668,21.33334922790528,23.74285125732422,-8.893115997314453,2.1064956188201904,5.692925453186035,-4.898512363433838,-3.784618854522705,-9.399860382080078,-7.395164966583252,74.69866943359375,53.12785339355469,21.902103424072266,19.208120346069336,25.79030418395996,18.188661575317383,17.531208038330078,14.144758224487305,12.410601615905762,10.991098403930664,11.279635429382324,12.36718463897705,8.549384117126465,0.8549114465713501,0.6306984424591064,-0.0194873809814453,-0.0564315877854824,0.0084352185949683,-0.0231254436075687,-0.0855292528867721,-0.0482663623988628,-0.0774299800395965,-0.1024748384952545,-0.1019587665796279,-0.1218396872282028,-0.1087792962789535,14.118502616882324,10.642488479614258,3.940387964248657,2.8274056911468506,4.501883506774902,2.745633363723755,3.528535842895508,2.5079212188720703,1.8487306833267207,2.238645315170288,1.5639407634735107,2.462085247039795,1.974793791770935,-0.1321382671594619,0.0090046925470232,0.1092149317264556,0.0338822863996028,0.067470982670784,0.0772754549980163,0.0577621199190616,0.0214607454836368,-0.0032940518576651,-0.0863890275359153,-0.1305944472551345,-0.0423351526260376,0.0342885479331016,7.243714809417725,4.682318687438965,2.82037353515625,1.879037857055664,2.099132776260376,1.1902457475662231,2.011363983154297,1.3893784284591677,0.8835123181343079,1.2370799779891968,1.0429428815841677,1.4131189584732056,1.0535606145858765,0.0212422601359549,0.0071584392631628,0.0872230036197976,0.026486186909717,16.595610858662496,1,Laryngitis,931,phrase
-359.65203857421875,129.71847534179688,28.953771591186523,60.6943588256836,-7.673773765563965,29.63619041442871,16.087356567382812,2.163848638534546,-10.854422569274902,1.881317138671875,17.735733032226562,-2.287317037582397,-9.278937339782717,86.97834014892578,49.58127975463867,31.16290855407715,25.74811172485352,25.27094078063965,25.331268310546875,19.35052490234375,10.3342866897583,18.682004928588867,12.051512718200684,13.441001892089844,8.898370742797852,11.710638046264648,1.2180241346359253,0.6151769757270813,-0.1331293582916259,0.0573674067854881,-0.1377945244312286,-0.1058302670717239,-0.2524842321872711,-0.2597702145576477,-0.0799380540847778,-0.0117997517809271,0.0395785868167877,-0.012030548416078,-0.0641471445560455,14.782917976379396,8.380477905273438,4.7009806632995605,3.369704246520996,3.714198112487793,2.896489381790161,3.243281126022339,2.1345083713531494,3.361056089401245,2.147412300109864,2.1301839351654053,1.6130462884902954,2.488985300064087,0.2953348159790039,0.1832973957061767,0.0297819338738918,0.0234390925616025,-0.0270772092044353,0.0374906286597251,0.0463695488870143,0.0547741949558258,0.0308989137411117,0.0160947702825069,0.0113529078662395,-0.0160962156951427,-0.0293172877281904,8.303336143493652,3.972268581390381,2.787324905395508,1.6121197938919067,2.0487966537475586,1.2174893617630005,1.2419945001602173,1.0283626317977903,1.735141396522522,1.249868392944336,1.185182809829712,0.8756483793258667,1.3565673828125,0.0297855112205655,0.0129795331006368,0.1066671949533053,0.0342514095701174,14.02968500091215,1,Laryngitis,935,phrase
-327.3768615722656,130.4634246826172,9.626254081726074,32.65378189086914,4.813601970672607,11.838385581970217,-9.098729133605955,-7.056190490722656,-3.208979368209839,0.325967788696289,1.39668869972229,-5.366020202636719,3.542654275894165,79.02249145507812,47.35758972167969,32.51674270629883,26.3858585357666,25.027433395385746,20.202816009521484,15.7327299118042,13.173948287963867,13.669062614440918,9.66439151763916,15.688851356506348,15.33283805847168,8.501259803771973,0.6556366682052612,0.5068805813789368,0.0335563085973262,-0.0788905248045921,-0.1613704860210418,-0.1173343509435653,-0.0047584348358213,0.0166430976241827,-0.0604141652584075,-0.0708455517888069,-0.0350548699498176,-0.0219287183135747,-0.0102794636040925,16.05155372619629,8.542167663574219,5.987238883972168,3.327266931533813,3.642045736312866,2.6806881427764893,2.714184045791626,2.201987028121948,1.8335669040679927,1.887683391571045,2.425954341888428,2.3453574180603027,1.512950420379639,-0.0817019119858741,-0.1180513873696327,-0.0490114279091358,0.0121251810342073,0.0129901599138975,0.0433244407176971,0.0521630868315696,0.039840929210186,0.0369021520018577,0.0376498624682426,-0.0002273619174957,-0.0512356683611869,-0.0443493090569973,7.818265438079834,3.9004428386688232,3.23140025138855,2.107818365097046,1.885047912597656,1.3492467403411863,1.2681927680969238,1.0380314588546753,0.9651777148246764,1.246533989906311,1.1572153568267822,1.109943151473999,0.8992741703987122,0.0268351610736772,0.0120571586858498,0.0820075823056671,0.0359741111000515,15.049880322065436,1,Rekurrensparese,1040,phrase
-346.55816650390625,132.11094665527344,20.40572738647461,40.4961166381836,22.64825820922852,8.61648178100586,-6.9018168449401855,-13.874828338623049,3.754041910171509,3.2276358604431152,-0.4015249013900757,-1.81710171699524,-9.988649368286133,74.03009033203125,48.28111267089844,25.69076156616211,26.31157875061035,28.39346694946289,17.938934326171875,18.046459197998047,13.51882553100586,8.706620216369629,14.79457950592041,13.314157485961914,14.317302703857422,9.22779941558838,0.356987863779068,0.3569836616516113,0.0865365043282508,-0.0420704931020736,-0.0107724787667393,0.0280601754784584,0.0110367881134152,-0.0013818960869684,-0.0439429022371768,-0.1242731511592865,-0.0302879940718412,0.1220700219273567,0.0061715403571724,9.49199104309082,7.470035076141357,4.605501651763916,3.256749391555786,3.2503604888916016,2.350360631942749,2.865148067474365,2.248222589492798,1.4610391855239868,2.4403860569000244,1.75069260597229,2.169886350631714,1.5514544248580933,-0.1381475031375885,-0.0456294529139995,0.0574394389986991,0.0164742600172758,0.0252601131796836,0.0070583708584308,0.0109442519024014,0.0224255882203578,0.0119601367041468,0.0087800417095422,-0.0089383441954851,-0.0053082266822457,0.001531193149276,4.452896595001221,3.257603168487549,2.6080965995788574,1.5626016855239868,1.489216685295105,1.2741272449493408,1.4356223344802856,0.9452542066574096,0.8357667922973633,1.1575055122375488,0.8589231967926025,0.9587960839271544,0.7470083832740784,0.0182789991511003,0.0074937780959265,0.0603135559589207,0.0207479837154927,20.16605065825048,1,Rekurrensparese,1049,phrase
-343.02618408203125,104.81697845458984,9.466005325317385,50.63753509521485,11.23218059539795,12.92351245880127,-1.6707361936569214,-12.286198616027832,-1.5362142324447632,3.527806043624878,-10.498920440673828,-12.157718658447266,-1.5811314582824707,103.18096923828124,55.56631088256836,41.54771423339844,28.100988388061523,24.24802589416504,18.072383880615234,15.5928316116333,16.338592529296875,9.088295936584473,8.321467399597168,11.379742622375488,14.086127281188965,9.19839572906494,0.2783108353614807,0.2634444236755371,0.1086987480521202,0.0835404992103576,0.0516240261495113,0.0259317010641098,-0.0126145705580711,-0.0720800757408142,-0.0489536486566066,-0.0104473168030381,-0.0339241176843643,-0.0650506019592285,-0.0758115872740745,15.562417984008787,7.993053436279297,5.359038352966309,4.1203227043151855,2.9165830612182617,2.3512651920318604,2.6162772178649902,2.588836669921875,1.634419322013855,1.4637666940689087,1.8234169483184808,2.3896312713623047,1.5888625383377075,-0.0981326103210449,-0.0234671868383884,-0.0499867238104343,-0.0607121288776397,0.049243725836277,-0.0023942885454744,0.0109624853357672,0.0236403364688158,0.0194867737591266,0.0308245532214641,0.0141806351020932,0.0061862133443355,-0.0036747539415955,5.92098331451416,3.2964680194854736,2.485518455505371,1.921290755271912,1.4375874996185305,1.194340705871582,1.175715684890747,1.0233862400054932,0.8195093870162964,0.8994684219360352,0.8715987205505371,1.1305887699127195,0.93873929977417,0.0166566495251534,0.0060203131360474,0.0600504180865934,0.0183415428787914,18.70078270718206,1,Rekurrensparese,105,phrase
-333.6803283691406,152.6641387939453,12.483073234558104,35.06100082397461,7.795230388641357,18.38859367370605,-15.973453521728516,-6.197658538818359,-0.2120694071054458,-7.486718654632568,3.214132308959961,-11.113646507263184,-5.224118232727051,85.16302490234375,45.39577102661133,29.84477996826172,25.658740997314453,25.856311798095703,16.7027587890625,20.50361061096192,11.741415977478027,10.50223445892334,13.53018283843994,8.360424995422363,9.795486450195312,8.506248474121094,0.2978893518447876,0.1922345012426376,0.1013503074645996,0.0706425309181213,-0.0671862214803695,-0.0279214419424533,-0.0168893132358789,-0.005553952883929,-0.0042394790798425,-0.0153879597783088,0.0013827661750838,-0.0463672503829002,-0.1205552741885185,14.483880043029783,8.534350395202637,5.078818321228027,4.14251184463501,4.688759803771973,2.980719327926636,4.0424885749816895,2.005203485488892,1.6198740005493164,2.796513795852661,1.643683910369873,2.075006484985352,1.7629555463790894,-0.4234287440776825,-0.2319801896810531,0.0243730973452329,0.1583635658025741,0.2353332042694091,0.0415422990918159,-0.0005287447129376,0.0306030306965112,0.0239253174513578,0.0133862681686878,-0.0225520692765712,0.0155742056667804,0.0348186381161212,9.45582389831543,3.770419120788574,3.5374350547790527,2.3293159008026123,2.5470163822174072,1.6083250045776367,2.382537364959717,1.0696561336517334,0.8939936757087708,1.421881914138794,0.8201022744178772,1.1961361169815063,0.8590063452720642,0.0202491723394246,0.0096810185224474,0.1034216039515606,0.0282402505665988,13.384378721598225,1,Rekurrensparese,1054,phrase
-327.8605041503906,124.21851348876952,21.054931640625,53.55412292480469,10.114508628845217,13.533278465270996,-2.420849561691284,-5.902627468109131,4.126864910125732,-5.383846282958984,3.2558608055114746,-6.92617130279541,-13.8297119140625,85.85405731201172,50.21086883544922,24.309080123901367,19.856639862060547,23.047901153564453,18.61139488220215,14.32453155517578,13.650675773620604,10.386999130249023,14.299975395202637,9.253110885620115,9.684897422790527,14.966669082641602,-0.0673238262534141,-0.0627451092004776,-0.0169871114194393,0.0662738606333732,0.0990144535899162,0.0149592077359557,-0.0294376593083143,-0.058604422956705,-0.0175122339278459,0.0076060625724494,-0.0512906461954116,0.0222263615578413,0.0323822684586048,11.971372604370115,8.113987922668457,4.251254558563232,3.1468148231506348,3.4231984615325928,2.477463722229004,2.246042490005493,2.378774642944336,1.5876743793487549,2.615183591842652,1.3891829252243042,1.7737337350845337,2.5564773082733154,-0.3083968460559845,-0.1829079836606979,0.0312143955379724,0.0383163914084434,0.089024506509304,0.0834568813443183,0.0559580586850643,-0.0021046488545835,0.0197556056082248,0.0146803511306643,-0.0355699062347412,-0.0072973063215613,-0.021525414660573,6.193304061889648,3.6387698650360094,3.005614995956421,1.7022027969360352,1.6223468780517578,1.231499195098877,1.2535254955291748,1.1598598957061768,0.8124867677688599,1.2436354160308838,0.8923580646514893,0.9508405327796936,1.0400539636611938,0.0119199457309977,0.0048325176268091,0.0508298470534273,0.0106874686405321,22.77720126068873,1,Rekurrensparese,108,phrase
-337.4115905761719,150.30654907226562,17.266372680664062,32.602638244628906,26.9327335357666,10.482236862182615,-0.4358327984809875,-2.67372989654541,-4.342779636383057,-0.513428807258606,5.4561543464660645,-5.037853240966797,-5.349435329437256,74.38689422607422,49.52359390258789,27.025014877319336,16.386350631713867,20.1827449798584,23.24529457092285,16.98241424560547,13.29042148590088,13.736026763916016,11.40452480316162,10.888422966003418,11.480863571166992,12.315790176391602,0.4525487422943115,0.3670282661914825,0.0852405726909637,0.0458827503025531,-0.0233614649623632,-0.0214951820671558,0.0056642373092472,0.0230735428631305,0.0472627393901348,0.035899668931961,0.0626430511474609,0.0561915896832942,-0.0111151775345206,11.509891510009766,8.853250503540039,4.557627201080322,3.512932062149048,2.8417510986328125,3.0893301963806152,2.255375623703003,2.458982229232788,2.372079610824585,2.0456771850585938,1.7501952648162842,1.608998417854309,2.1754815578460693,0.1198663711547851,0.0552500523626804,-0.0561238154768943,-0.0172815639525651,0.0255967527627944,0.0387036800384521,0.0337493270635604,0.0250059105455875,0.0296218916773796,0.0279388409107923,0.0275769028812646,0.0289120227098464,0.0160434376448392,5.956833362579346,4.302140712738037,2.368021249771118,2.061452627182007,1.5656336545944214,1.3684165477752686,1.3140926361083984,1.07335364818573,1.1048429012298584,1.1608058214187622,1.0469166040420532,0.8702826499938965,1.0622849464416504,0.0203261828330655,0.0066871896157737,0.0987972084295956,0.0252811362939658,16.136735728676356,1,Rekurrensparese,1120,phrase
-302.5308532714844,107.95829010009766,3.028698682785034,31.943267822265625,2.4126365184783936,25.37135124206543,-7.25901460647583,12.694114685058594,16.581682205200195,0.1858441978693008,11.935893058776855,-0.5783331990242004,-3.414473295211792,101.73617553710938,45.1013069152832,27.61760902404785,22.855363845825195,28.365367889404297,12.00993537902832,19.643341064453125,12.176950454711914,11.282879829406738,12.393233299255373,10.364513397216797,9.753064155578612,16.77696990966797,0.5853511095046997,0.2671658098697662,-0.1668542325496673,-0.0948442071676254,0.0127631872892379,0.0109307831153273,-0.1414625644683838,-0.0846650823950767,-0.0280273705720901,-0.0217006262391805,0.000344434811268,0.0197411682456731,-0.0266849510371685,19.446823120117188,6.948753833770752,4.807000160217285,3.217510223388672,4.3210554122924805,2.031911373138428,3.6733343601226807,1.3540552854537964,1.975356101989746,1.8546751737594604,1.550356388092041,1.820506572723389,2.23081374168396,-0.1652390956878662,0.0301002506166696,0.0308748558163642,-0.072636641561985,0.036942258477211,0.0188528876751661,0.0408364422619342,0.032310027629137,0.0395408570766449,-0.0049599101766943,-0.0142484502866864,0.011838044039905,-0.0215347409248352,9.770265579223633,3.054203510284424,2.3951966762542725,1.684896469116211,1.9757120609283447,1.0234755277633667,1.511551022529602,0.8689306378364563,1.1460312604904177,0.9468198418617249,0.7702771425247192,0.9434444904327391,0.933381199836731,0.0461141636267523,0.0229837940198403,0.12209663916296,0.0553189794009505,12.951513544249126,1,Rekurrensparese,1166,phrase
-370.9175109863281,128.33065795898438,8.467370986938477,39.402103424072266,19.619897842407227,14.686832427978516,-6.439263343811035,-1.9369850158691408,7.188746929168701,0.2885473072528839,-2.2539703845977783,-10.347365379333496,-7.739328384399414,82.53426361083984,45.75460815429688,33.7298469543457,23.49212646484375,28.37114906311035,17.5958194732666,19.73579978942871,13.675475120544434,9.939398765563965,17.274036407470703,10.668290138244627,11.726463317871094,9.08604335784912,0.3915349543094635,0.3068670630455017,0.1244353204965591,0.1908785998821258,0.0813483670353889,0.0085600549355149,0.0204847771674394,0.0107628908008337,0.0170626360923051,-0.0162323266267776,-0.0071858414448797,-0.0602389685809612,-0.0907177627086639,16.125642776489258,8.59135913848877,6.49445915222168,2.854142904281616,4.1048455238342285,2.249384880065918,3.5723094940185547,2.932292461395264,1.662761092185974,3.227024793624878,1.6823816299438477,2.339203119277954,1.9005309343338013,-0.6524133682250977,-0.1353515833616256,0.3857315480709076,0.0623069368302822,0.0052671325393021,0.0506979189813137,0.1067839190363884,-0.0391760095953941,-0.0623117499053478,0.0254163946956396,-0.0319032333791255,0.019527293741703,0.0547329559922218,9.12409496307373,4.02044677734375,4.160941123962402,1.9061050415039065,2.308523178100586,1.27615487575531,2.017026901245117,1.6042588949203491,0.9561877846717834,1.603666067123413,0.9311742186546326,1.1978496313095093,1.0204612016677856,0.0265540679423329,0.011137591142769,0.0706059621095937,0.0202213381145917,17.691960386040098,1,Rekurrensparese,120,phrase
-315.97772216796875,136.78761291503906,23.9060287475586,43.96343231201172,3.993077278137207,20.730892181396484,-1.7330689430236816,-9.69862461090088,2.126820802688598,4.851821422576904,-5.078054904937744,-8.122589111328125,-0.0647119730710983,74.70475006103516,41.10418319702149,32.20789337158203,27.49935340881348,26.58548927307129,22.63508415222168,15.429896354675291,15.761248588562012,12.339803695678713,8.770139694213867,15.518003463745115,13.63056182861328,7.878437995910644,0.3628627061843872,0.4984254837036133,0.3115653693675995,-0.1025491803884506,-0.2662631571292877,-0.0186431668698787,0.122596338391304,0.0239969920367002,-0.096108429133892,-0.046909961849451,0.0707130655646324,-0.0299494992941617,-0.1173669174313545,14.170790672302246,7.499034881591797,6.115534782409668,3.985497951507568,3.7887794971466064,2.827359676361084,2.6511712074279785,2.985304355621338,2.3584370613098145,1.7258094549179075,2.4313666820526123,2.399294137954712,1.4940811395645142,-0.149543359875679,-0.0868105366826057,0.0295283533632755,0.0459012612700462,0.0574961602687835,0.0061621223576366,-0.0030843941494822,0.0035882978700101,0.0110855754464864,0.0515662096440792,0.0323540158569812,0.0116309775039553,-0.0107924323529005,7.532944679260254,3.36417293548584,3.085508108139038,1.9653382301330569,1.86759889125824,1.2417166233062744,1.507168173789978,1.5336848497390747,1.2160881757736206,1.2082773447036743,1.134798884391785,1.1741162538528442,0.8882854580879211,0.0279610961937687,0.0149275996084751,0.0895669101545124,0.0308874387794553,15.108834191606528,1,Rekurrensparese,1206,phrase
-347.1663818359375,129.8534393310547,21.31377410888672,46.271217346191406,19.083600997924805,24.9849796295166,-3.898293972015381,-4.695579051971436,9.534136772155762,5.959413051605225,0.9951907992362976,-6.9356794357299805,-3.821249485015869,98.26780700683594,60.26242065429688,31.288393020629883,23.07863998413086,20.83341217041016,23.774890899658203,20.111825942993164,14.037803649902344,8.07547664642334,12.105103492736816,9.104336738586426,12.505252838134766,8.855269432067871,0.4945926368236542,0.477724552154541,0.2232169359922409,0.106529951095581,-0.029011221602559,-0.0124661670997738,0.0072724525816738,-0.0253954641520977,-0.0202270504087209,-0.0139183886349201,0.0346812754869461,0.0023011062294244,0.0196176227182149,14.206881523132324,9.98936367034912,5.503336429595947,3.673374891281128,3.88215708732605,3.3056912422180176,3.026705503463745,3.07956862449646,1.391573786735535,2.412057399749756,2.1103382110595703,2.069193124771118,1.7073404788970947,-0.3005825579166412,-0.1922720670700073,-0.0727395415306091,-0.0364788174629211,0.0582079961895942,0.0490925461053848,0.1289368569850921,0.0373685099184513,-0.0230933222919702,-0.0036785139236599,0.0175758171826601,0.06825702637434,0.0454971641302108,6.538017272949219,4.117609977722168,3.282717227935791,2.0476438999176025,2.0238232612609863,1.4960616827011108,1.5447890758514404,1.5320804119110107,0.8316435813903809,1.423925757408142,1.17527973651886,0.9605029225349426,0.857900857925415,0.0308148121914168,0.0133843577682048,0.1065230952122673,0.0382377509538561,14.863209589631804,1,Rekurrensparese,1223,phrase
-297.8386535644531,121.52613067626952,11.918292999267578,58.30558776855469,3.4605369567871094,25.049724578857425,-11.179452896118164,6.516939640045166,9.77489948272705,3.083975315093994,1.4446672201156616,-4.275251388549805,-2.4408891201019287,84.64765930175781,55.96235656738281,24.787918090820312,27.12894058227539,27.368825912475582,16.446203231811523,17.798738479614258,12.546903610229492,11.79507541656494,12.7771577835083,8.679768562316895,11.149718284606934,9.709769248962402,0.2786159217357635,0.0457070060074329,-0.047819834202528,0.0105627411976456,-0.0333692282438278,-0.0057289144024252,-0.0747380331158638,-0.0221988596022129,-0.0238595213741064,-0.0194734968245029,0.0138046247884631,0.0360520519316196,0.0125385569408535,15.759021759033203,8.201081275939941,4.502006530761719,3.8115742206573486,3.842757225036621,2.0725059509277344,3.2953312397003174,2.287130832672119,2.090208053588867,2.2174439430236816,1.7723358869552612,2.128652811050415,1.7946335077285769,-0.192914068698883,-0.0359869971871376,-0.0233828648924827,0.053853154182434,0.1619294434785843,0.0472591072320938,0.0391344241797924,-0.0276197884231805,-0.0092551158741116,0.0092812245711684,-0.0104736452922225,0.011450863443315,0.0635053813457489,9.20636749267578,3.4570608139038086,3.3356752395629883,2.149301052093506,1.8983339071273804,1.3046598434448242,1.7517026662826538,1.1966298818588257,1.032567262649536,1.1249008178710938,0.9398639798164368,1.0701366662979126,0.9159516096115112,0.0312296094687197,0.0154796816749905,0.1301481536434021,0.054288028506388,12.984933707060216,1,Rekurrensparese,1249,phrase
-321.0660095214844,120.3206024169922,2.936952590942383,47.69923400878906,1.3667185306549072,6.195302963256836,-6.623115539550781,-5.427806377410889,4.080698490142822,5.773940086364746,-6.828335285186768,-9.90834140777588,-1.4524370431900024,93.99885559082033,49.00990676879883,33.89777755737305,29.13216018676757,23.060277938842773,17.614473342895508,14.360884666442873,14.81080436706543,14.49932861328125,14.954113960266112,13.067497253417969,15.12856101989746,11.178590774536133,0.3420435488224029,0.2791580557823181,0.0341541394591331,-0.0317603349685668,-0.0508653819561004,-0.0106158358976244,0.010915283113718,0.0265583451837301,0.0484924204647541,0.0261656399816274,0.0038680324796587,-0.0196671653538942,-0.0245482642203569,16.95231056213379,7.90363883972168,5.4708757400512695,3.9738595485687256,3.563950777053833,2.2685351371765137,2.523573637008667,2.468842029571533,2.29740309715271,2.460285425186157,1.942263126373291,2.4800283908843994,1.7422778606414795,-0.0498577281832695,-0.0396153628826141,-0.0474051348865032,-0.014311010017991,0.0529328547418117,0.0372263863682746,0.0190170183777809,-0.0126541750505566,-0.0167968701571226,-0.0061637824401259,-0.013032617047429,0.0104134790599346,0.0099815148860216,8.522456169128418,3.287750005722046,3.3255624771118164,1.7195427417755127,1.8207030296325684,1.1213603019714355,1.2096574306488037,1.084952712059021,1.1045827865600586,1.2056866884231567,0.9176246523857116,1.1590771675109863,0.9071272015571594,0.0161461465764715,0.0062228341314413,0.0558803498990581,0.0199743080740581,18.469540330076924,1,Rekurrensparese,1256,phrase
-275.3334350585937,119.53697204589844,10.018710136413574,49.4653549194336,6.628832817077637,16.96239471435547,-6.950454711914063,5.749173164367676,9.066781044006348,2.2376692295074463,1.9350836277008057,-1.2295445203781128,1.6336688995361328,87.46085357666016,42.79237747192383,29.90540885925293,20.128284454345703,27.165307998657227,18.58161735534668,18.126163482666016,8.032244682312012,11.44861888885498,10.890830993652344,10.562397003173828,9.351162910461426,9.181563377380373,0.5163920521736145,0.2868722677230835,-0.0195574760437011,0.0709330737590789,-0.0229195319116115,-0.0162474308162927,0.0215187948197126,0.0434388108551502,0.014463560655713,-0.0432698279619216,-0.0231224447488784,-0.0614834539592266,-0.083710066974163,17.530672073364258,7.145336627960205,5.3879499435424805,3.1664156913757324,3.888136625289917,2.6901750564575195,3.299947023391724,1.5299758911132812,1.7739672660827637,2.017420768737793,1.6216596364974976,1.8477703332901,1.8557255268096924,-0.2772165834903717,-0.1657512933015823,-0.113709382712841,-0.0486766584217548,0.1467159837484359,0.0478677563369274,0.0304897595196962,0.0180961228907108,-0.0091660572215914,-0.0166375432163476,-0.0059334617108106,-0.0031762567814439,-0.0076695340685546,10.466699600219728,3.078284502029419,3.181131362915039,1.8418705463409424,2.147108793258667,1.2738348245620728,1.7950559854507446,0.8352963328361511,1.105099320411682,1.071900486946106,0.8737286329269409,0.9698089361190796,0.9539830088615416,0.0208462940241963,0.0101902449867808,0.104838609123025,0.0427694195266437,13.348433846290336,1,Rekurrensparese,1262,phrase
-268.3103332519531,123.42858123779295,15.57491683959961,55.84021759033203,1.0705242156982422,23.78077888488769,-14.699820518493652,7.511090278625488,11.56330108642578,0.8620157241821289,-0.9823939204216005,-1.6346349716186523,-2.143193483352661,73.92265319824219,41.53900146484375,23.157899856567383,23.47989845275879,23.711332321166992,14.844294548034668,18.04512405395508,12.9924955368042,12.51320743560791,11.493173599243164,9.807816505432127,10.085060119628906,7.749446868896484,-0.8165070414543152,0.2027913779020309,0.2668503820896148,-0.0044589499011635,0.1311501264572143,-0.1452478468418121,0.0307250935584306,-0.0899013727903366,0.0519522801041603,0.0793257281184196,-0.0462307147681713,-0.045263011008501,0.0077919517643749,13.917851448059082,7.336258411407471,4.248239040374756,3.520221948623657,3.5978384017944336,2.168245792388916,3.559999704360962,1.89948308467865,2.454251289367676,2.162520408630371,2.012519359588623,2.332205057144165,1.650669813156128,-0.3360724449157715,0.0543749034404754,0.0565174408257007,0.0845262929797172,0.16311115026474,0.0015112074324861,-0.0446115955710411,-0.092992402613163,0.0389046072959899,0.0350017882883548,0.0208548530936241,-0.0190356727689504,0.005045486614108,8.393688201904297,3.2310094833374023,2.851384162902832,1.9636484384536743,2.1258199214935303,1.037455677986145,1.681053876876831,1.1520112752914429,1.4534283876419067,1.1523401737213137,1.007961630821228,1.2064359188079834,0.8274195194244385,0.024495730502712,0.0117354512050983,0.1048356801274993,0.0376443828682415,15.217628411419884,1,Rekurrensparese,1263,phrase
-335.932373046875,147.28233337402344,14.22524070739746,35.07263946533203,17.968746185302734,29.59058952331543,-0.7539722919464111,5.139204502105713,1.8936437368392944,0.8381769061088562,5.071743488311768,-4.31251335144043,6.743873119354248,94.994140625,57.617637634277344,26.7663688659668,25.429224014282227,24.26899719238281,20.82358360290528,20.02460479736328,11.150046348571776,14.673203468322754,10.44699001312256,8.178092002868652,10.615313529968262,11.092467308044434,0.4081755876541137,0.2931049168109894,-0.0738940089941024,-0.135878711938858,-0.0428302474319934,0.0335569120943546,-0.0240598078817129,-0.0712006315588951,-0.0659597143530845,-0.0521358624100685,0.0009098176960833,0.0443582199513912,0.0763714537024498,14.337178230285645,8.244292259216309,4.602755069732666,3.169813632965088,4.150206565856934,2.745739698410034,3.44504976272583,2.145007371902466,2.2038018703460693,2.041654348373413,1.2805752754211426,1.720189094543457,1.608912467956543,-0.2354769259691238,-0.0762888565659523,0.0673144310712814,0.0424381420016288,0.1126151457428932,0.0704037621617317,0.0713817551732063,0.0438339002430439,0.0353836007416248,0.0451265312731266,0.0200780685991048,-0.0035886904224753,-0.0244877282530069,7.674293518066406,3.787186861038208,2.9542839527130127,1.838327407836914,2.015812397003174,1.156938076019287,1.834794044494629,1.2020601034164429,1.0582218170166016,1.192379117012024,0.6851727366447449,0.95439475774765,0.8918792009353638,0.0233652313325641,0.0089440585300588,0.1143948433559759,0.0359994081793244,13.83306368222681,1,Rekurrensparese,1270,phrase
-306.0722351074219,138.17556762695312,10.291507720947266,59.72743225097656,0.1619928479194641,30.835336685180664,6.183852195739746,-7.805238723754883,7.898541450500488,9.935097694396973,0.0966100171208381,-6.313938617706299,-4.344313144683838,88.0520248413086,41.963417053222656,29.995594024658203,23.292070388793945,19.531280517578125,22.149524688720703,14.886560440063477,14.599447250366213,9.52208423614502,12.07022476196289,6.285250186920166,13.814308166503906,9.850257873535156,0.1962943226099014,0.1318636387586593,-0.034157421439886,0.0287433806806802,0.0758158266544342,0.051398504525423,0.0185348652303218,-0.0041845180094242,0.0281237550079822,0.0133781572803854,0.0207336600869894,0.0628680437803268,0.0547892712056636,13.223346710205078,6.350679874420166,4.112712860107422,4.071878910064697,2.6989669799804688,3.27466893196106,2.5484230518341064,2.907187223434448,1.7396090030670166,1.7737526893615725,1.1815598011016846,2.420668363571167,1.7979456186294556,-0.3280205726623535,-0.1395815908908844,0.0446946583688259,-0.0133149521425366,0.0319947488605976,0.033304538577795,0.0222812294960021,-0.005882769357413,-0.03225102648139,-0.0148053606972098,0.0081064216792583,-0.0104770036414265,-0.0056947274133563,5.665080547332764,2.4606363773345947,1.822067379951477,1.735146403312683,1.472577691078186,1.4061567783355713,1.2216649055480957,1.2982873916625977,1.081935167312622,0.9697338342666626,0.7876013517379761,1.1778957843780518,0.9254085421562196,0.0238939259419385,0.0094780164840064,0.1201404885623448,0.0536381347135648,14.300713157919557,1,Rekurrensparese,1271,phrase
-322.805908203125,136.81272888183594,4.701857566833496,47.11540985107422,7.317538261413574,17.221818923950195,-8.909914016723633,0.1044265255331993,7.141096591949463,-12.560152053833008,2.381535053253174,1.892666459083557,-7.411913871765137,89.13058471679688,57.87217712402344,28.648191452026367,25.7795639038086,27.862808227539062,22.45337677001953,21.47591781616211,13.716124534606934,13.844930648803713,17.721548080444336,9.081771850585938,10.161547660827637,12.514949798583984,0.3213077187538147,0.2169093936681747,0.062563732266426,0.0210062358528375,-0.0918830037117004,-0.0214608628302812,0.0117981266230344,0.0376251712441444,0.0225879810750484,-0.0190095864236354,0.0013002377236261,-0.0283447671681642,-0.0443637408316135,14.410355567932127,9.53265380859375,4.36436939239502,3.519005298614502,4.377289295196533,2.9155704975128174,3.7813560962677,2.237354516983032,2.617451906204224,3.231964588165283,1.7942981719970703,1.7079071998596191,2.098956346511841,-0.2413492947816848,-0.075385957956314,0.0725813433527946,0.0509939566254615,0.1460879743099212,0.0548653416335582,-0.0155268171802163,-0.0323953032493591,-0.0312010124325752,-0.0141515266150236,-0.055004134774208,-0.0111727649345994,-0.0386171638965606,8.856921195983887,4.052905082702637,3.239867210388184,1.8843499422073364,2.3716068267822266,1.262465476989746,2.0740807056427,1.114224553108215,1.360872745513916,1.5809626579284668,1.0294991731643677,0.9015626311302184,1.1465436220169067,0.0381192898377519,0.0166616386131813,0.0748916276280722,0.0267605781443535,11.968984815658333,1,Rekurrensparese,1272,phrase
-339.703369140625,148.47439575195312,8.733097076416016,45.16740798950195,16.03091049194336,21.18111038208008,2.559276580810547,3.036985158920288,3.033536195755005,0.3903028666973114,3.278658628463745,-3.088418245315552,2.732337951660156,93.11473846435548,58.12449645996094,24.147310256958008,20.83565902709961,24.35575485229492,20.342742919921875,17.873470306396484,11.00190544128418,10.08292007446289,11.174430847167969,8.371009826660156,9.233299255371094,9.2493257522583,0.516719400882721,0.2534582018852234,-0.0865871459245681,-0.0224416479468345,-0.0527452677488327,0.050169575959444,0.0060115731321275,-0.0127505492419004,-0.0112441191449761,-0.0593608058989048,0.0116670336574316,-0.0023664413020014,0.008886469528079,12.72366714477539,9.49363899230957,4.19736385345459,2.7249069213867188,4.574713230133057,2.458956718444824,2.8954787254333496,1.947041392326355,1.5954586267471311,2.1409454345703125,1.41292142868042,1.5924633741378784,1.6935938596725464,-0.1367504745721817,-0.0447246506810188,0.0396221838891506,0.0234585516154766,0.0612914450466632,0.0376495420932769,0.0586568787693977,0.0379346497356891,0.0016798163997009,0.0018079363508149,-0.0186752323061227,-0.0284357238560915,-0.0490351319313049,6.012031078338623,3.914074182510376,2.086705684661865,1.5481230020523071,2.102213144302368,1.3767898082733154,1.6327694654464722,1.0884087085723877,0.8488674163818359,1.128539800643921,0.8289284110069275,0.8406720757484436,0.9385998845100404,0.0207941820189637,0.0074559864827519,0.0869637351838525,0.0295092877718012,14.099708925826445,1,Rekurrensparese,1277,phrase
-312.6394348144531,118.47626495361328,12.01042652130127,53.50424957275391,3.191779851913452,29.00968170166016,11.336040496826172,1.9244877099990845,14.988800048828123,7.30320930480957,4.686648368835449,6.771435260772705,4.405961513519287,100.61575317382812,42.657752990722656,31.209089279174805,22.606407165527344,24.08826446533203,20.76424217224121,14.171894073486328,13.984164237976074,11.929094314575195,13.343132972717283,8.291439056396484,9.162050247192385,8.449159622192383,0.3584543764591217,0.2305482327938079,-0.0073922933079302,-0.0103796496987342,-0.0192433185875415,-0.0126173254102468,-0.0220865812152624,0.022064970806241,0.0218624975532293,-0.0239349603652954,-0.0363452732563018,-0.0178011748939752,-0.0181037969887256,15.61537265777588,5.4131059646606445,5.065897941589356,3.923201084136963,3.471177339553833,3.439053773880005,2.7927956581115723,2.893441200256348,2.069349765777588,2.285340547561645,1.4785127639770508,1.3827004432678225,1.3672637939453125,-0.1323813050985336,-0.0837789699435234,-0.0560913309454917,-0.036770150065422,0.033881988376379,0.0559899769723415,0.0532914735376834,2.4788048904156312e-05,0.00767741817981,-0.0136775458231568,-0.0129011860117316,-0.0117556443437933,0.0051343408413231,8.044646263122559,2.3549721240997314,2.4623403549194336,1.976513147354126,1.7448920011520386,1.6011015176773071,1.689963936805725,1.5075899362564087,1.0272427797317505,1.133448600769043,0.8742434978485107,0.7745845913887024,0.7983238101005554,0.0340955080805241,0.0145303107985601,0.1687066721445468,0.074301563543167,10.46243795346423,1,Rekurrensparese,128,phrase
-358.05126953125,151.85023498535156,21.85660552978516,42.91109848022461,22.43578720092773,29.707876205444336,2.735880374908448,5.767665863037109,0.3965547680854797,0.5716352462768555,7.182054042816162,-10.273919105529783,2.445500135421753,80.85831451416016,51.24409103393555,30.43552589416504,21.627111434936523,23.64444351196289,17.76811408996582,18.879119873046875,10.567879676818848,12.845955848693848,11.02896499633789,8.678353309631348,11.333982467651367,9.189807891845703,0.9611543416976928,0.2138539552688598,-0.0586086623370647,0.2200607657432556,-0.057653397321701,0.1526480913162231,-0.1193812191486358,0.0341089032590389,0.0375975742936134,-0.1064553409814834,0.0807201713323593,0.0139460489153862,-0.0350699722766876,13.83768367767334,8.772248268127441,5.279219150543213,3.3442201614379883,3.733563661575317,2.358767509460449,3.3979194164276123,1.9310510158538816,1.999817371368408,2.2359893321990967,1.355828046798706,2.3721187114715576,1.6989136934280396,-0.1450758874416351,-0.0789831429719924,0.0783066973090171,0.0380116216838359,0.0810833424329757,0.0546582825481891,-0.0274763442575931,0.0260084383189678,-0.0184767134487628,-0.0026404031086713,0.0280606299638748,0.0047215614467859,-0.0098966406658291,7.269593238830566,3.727615594863892,3.3728458881378174,1.9973490238189693,1.7759311199188232,1.21210515499115,1.6505738496780396,1.1169519424438477,0.9574695825576782,1.3093448877334597,0.7584802508354187,1.2127312421798706,0.9689308404922484,0.0287049060320684,0.0123487925226713,0.099724119344245,0.0301384299351302,15.10717195849596,1,Rekurrensparese,1289,phrase
-276.3677978515625,120.83258819580078,5.719269275665283,48.72271728515625,8.387362480163574,18.394994735717773,-5.008451461791992,8.438211441040039,5.545525074005127,2.34537672996521,5.468565940856934,-1.0831149816513062,-4.554867267608643,82.13233184814453,40.339141845703125,27.14303398132324,20.69952392578125,27.05949783325196,18.13959693908692,18.95185852050781,8.532390594482422,11.361448287963867,10.139193534851074,10.56255340576172,10.378151893615724,9.34021282196045,0.2934008836746216,0.1961299031972885,0.0898714736104011,0.0052724312990903,-0.0659946352243423,0.0617257617413997,-0.0104330917820334,-0.0340070240199565,0.0052968258969485,0.0107272677123546,-0.0423392988741397,-0.0374446250498294,0.005334289278835,14.040616035461426,7.160706520080566,4.3755388259887695,2.983086585998535,4.332241058349609,2.55327582359314,3.089951276779175,1.3081005811691284,1.8087023496627808,1.76501727104187,1.655658721923828,1.8032920360565183,1.472529649734497,-0.1600712984800338,-0.111548900604248,-0.0639402493834495,0.0014399091014638,0.1059905365109443,0.0353470183908939,0.013403988443315,0.0520905554294586,0.0343830473721027,-0.0174305979162454,0.0105154495686292,0.013894198462367,-0.0047514359466731,7.967391014099121,3.1386046409606934,2.5074377059936523,1.5622605085372925,2.282566785812378,1.2169984579086304,1.565470814704895,0.8548142910003662,1.1016592979431152,0.8861560225486755,0.9937716126441956,0.8529260754585266,0.8454525470733643,0.0269119244402559,0.0138705675532117,0.1272042665590178,0.053502302851101,13.05842916216266,1,Rekurrensparese,1292,phrase
-236.96954345703125,120.3468780517578,-7.45366907119751,37.02816009521485,2.6084980964660645,24.905105590820312,-10.374305725097656,5.757147312164307,12.216910362243652,7.130589485168457,2.242634057998657,0.6242830157279968,0.6549264192581177,104.74543762207033,46.70271682739258,25.130916595458984,27.70429992675781,21.84437370300293,16.65520477294922,15.160085678100586,12.656578063964844,11.275551795959473,9.88364601135254,9.563276290893556,7.850260257720947,8.718446731567383,0.6196289658546448,0.1792891174554824,-0.0458608381450176,0.0802200958132743,-0.0621920935809612,0.0817988142371177,-0.0632856488227844,-0.0363685749471187,0.0217633601278066,-0.070716992020607,0.0004376461729407,0.0222271904349327,-0.0279462337493896,14.13718605041504,7.16153621673584,3.219336032867432,3.328842639923096,3.551349878311157,2.353413820266724,2.8466601371765137,1.4600763320922852,1.706251621246338,1.4819176197052002,1.5544335842132568,1.337407469749451,1.3099992275238037,-0.1651728600263595,-0.1064716950058937,-0.0655186548829078,-0.0306329764425754,0.029882913455367,0.0073820315301418,0.0462168604135513,-0.000743213458918,0.0294676255434751,-0.0115305762737989,-0.0745183378458023,-0.0188069753348827,-0.0201908722519874,6.036009311676025,2.76940393447876,1.803896427154541,1.6618053913116455,1.607332706451416,1.2880431413650513,1.457806944847107,0.8115784525871277,0.9377517104148864,0.8421981930732727,0.9289087653160096,0.7236179113388062,0.7169991731643677,0.0340259123370907,0.018715233438321,0.1626518680383733,0.0781519647856656,9.379367141297957,1,Rekurrensparese,1293,phrase
-353.4739990234375,119.34901428222656,21.30302047729492,40.94381713867188,5.489285469055176,22.76334571838379,-5.895302295684815,-8.916570663452148,4.308076858520508,2.33089017868042,0.5539153218269348,-9.245267868041992,6.437667369842529,88.78860473632812,46.65866088867188,29.190717697143555,22.91547203063965,24.78287506103516,15.032164573669434,17.836971282958984,16.553970336914062,12.87540054321289,12.165790557861328,12.983409881591797,12.982425689697266,7.611840724945068,0.2703336775302887,0.1832334846258163,0.0268216598778963,0.0573149994015693,0.0021873924415558,-0.0302950646728277,-0.0475865192711353,-0.042520273476839,-0.0026071572210639,0.0479591339826583,0.0631583854556083,-0.0043283295817673,-0.0114372838288545,15.157225608825684,8.011150360107422,5.417608261108398,3.694141149520874,3.838742256164551,2.6918389797210693,3.4352407455444336,3.1581573486328125,2.065699338912964,1.868201851844788,2.0669989585876465,2.244068145751953,1.4813411235809326,-0.1717389374971389,-0.1064070090651512,-0.0247941855341196,-0.0179356280714273,0.0406521037220954,0.0292428415268659,0.0083099333569407,0.0025089518167078,0.0185200851410627,-0.0205265246331691,-0.0165227930992841,0.0262341536581516,-0.012010452337563,8.961712837219238,3.945908069610596,3.100059986114502,1.7853991985321045,1.8049707412719729,1.4902607202529907,1.653864502906799,1.3973486423492432,1.1902923583984375,1.204920768737793,1.054741382598877,1.1871538162231443,0.9225965738296508,0.0220108508509777,0.0085215371149756,0.0810267398773378,0.0270139820008386,18.24697479238395,1,Rekurrensparese,130,phrase
-304.0841979980469,145.4284210205078,29.31651496887207,42.29152297973633,12.177680015563965,35.58641815185547,4.238598823547363,6.104409694671631,5.6612935066223145,11.13926124572754,8.775508880615234,3.799606084823608,-5.048032760620117,81.09687042236328,38.80131912231445,31.334415435791016,19.0787296295166,21.378549575805664,22.758390426635746,23.750682830810547,10.005149841308594,12.275650024414062,13.35086154937744,9.733570098876951,10.495782852172852,9.71100616455078,0.8021776676177979,0.1108691170811653,-0.3109081089496612,0.1551989912986755,0.0556336529552936,0.101043663918972,-0.0791939944028854,0.0126777738332748,0.0954822674393653,-0.0797787606716156,-0.024903867393732,-0.036436378955841,-0.022177891805768,14.294038772583008,5.933215141296387,4.133682727813721,3.056526660919189,3.31388258934021,3.303400993347168,3.619213819503784,1.9153562784194944,2.19087553024292,2.706917524337769,1.645289421081543,1.9121063947677608,1.9605884552001955,-0.4578352570533752,-0.2919251024723053,0.0053468998521566,0.0408773496747016,0.0789659619331359,0.107034757733345,0.093983419239521,0.0267448425292968,-0.0053985309787094,0.0538055337965488,0.0506398566067218,-0.0177044551819562,0.0172264911234378,8.20982551574707,2.7788689136505127,2.37807035446167,1.964430570602417,1.7917956113815308,1.5850489139556885,1.7507007122039795,1.108857035636902,1.1951757669448853,1.413130283355713,1.0280876159667969,1.078109622001648,1.2036199569702148,0.0253284213069214,0.0107461832213029,0.1314394846719258,0.0564013545046386,14.114266712400353,1,Rekurrensparese,1304,phrase
-302.4950866699219,137.6007843017578,10.333276748657228,60.59234619140625,-5.012644290924072,35.80976104736328,-0.6984061002731323,-5.046894073486328,0.9114251136779784,6.33930778503418,8.324447631835938,0.8846873044967651,3.328826904296875,101.19837951660156,41.12628555297852,26.84124565124512,23.73375701904297,25.960384368896484,19.11701393127441,19.34235382080078,14.710824966430664,12.370930671691896,10.9399995803833,8.769537925720215,10.359527587890623,8.415444374084473,0.4010068476200104,0.1144399121403694,-0.1233862042427063,-0.0190442223101854,0.0175353158265352,0.0436145514249801,-0.0289887227118015,0.0108887739479541,-0.0084425844252109,-0.022544277831912,0.0251088347285985,0.0285361763089895,-0.0137543333694338,19.36913108825684,6.137551307678223,4.901267051696777,3.5626444816589355,3.437213659286499,2.852954387664795,3.093466281890869,2.3440632820129395,1.8577649593353271,1.567203402519226,1.3636703491210938,1.4289765357971191,1.6309295892715454,-0.2462915629148483,-0.0970038250088691,-0.0047952821478247,-0.0542417727410793,0.0910776928067207,0.0668733716011047,0.027850154787302,0.0340563841164112,0.038688801229,0.0137549266219139,-0.0054997699335217,0.0216885786503553,0.0154506443068385,8.475577354431152,2.5043718814849854,2.7315969467163086,1.5619004964828491,1.6829262971878052,1.3949368000030518,1.6113556623458862,1.1910523176193235,0.981377363204956,0.9074521660804749,0.747751772403717,0.7261297702789307,0.8416123986244202,0.0254671239634185,0.0119418508645631,0.1183932491548209,0.0474298389925278,12.577841175111944,1,Rekurrensparese,1314,phrase
-366.3145446777344,113.07818603515624,26.934309005737305,41.69641876220703,21.824113845825195,19.27187156677246,4.539625644683838,-0.2991647124290466,9.282106399536133,11.001219749450684,4.798361778259277,-5.2785749435424805,-1.8135777711868288,86.62409210205078,56.496280670166016,31.06595802307129,23.804588317871094,22.77313041687012,19.46663284301757,18.66004943847656,13.58929443359375,9.349325180053713,10.485468864440918,9.094294548034668,12.313865661621094,9.07003402709961,0.2957504987716675,0.3123866617679596,0.1759919822216034,0.1345082074403762,0.1090670526027679,0.0943482741713523,0.0509803183376789,0.0031335290987044,0.0244079120457172,0.0256246887147426,-0.0082915890961885,-0.0161225330084562,-0.0337569452822208,12.072662353515623,8.484955787658691,5.325006484985352,3.5555403232574463,4.007585525512695,2.449869632720948,2.913984775543213,2.8010525703430176,1.5703613758087158,1.7848376035690308,1.88063395023346,1.8193483352661133,1.5651935338974,-0.1237408518791198,-0.1055271029472351,-0.0414793714880943,-0.0175612997263669,0.0421862788498401,0.0603686459362506,0.0324930697679519,-0.0212630555033683,-0.052806980907917,-0.0263832062482833,-0.0090342024341225,0.0244668945670127,0.068137802183628,5.441713809967041,3.123037099838257,3.1258065700531006,1.9415850639343264,2.028818130493164,1.1684340238571167,1.3031983375549316,1.3410577774047852,0.8931928277015686,0.9813197255134584,1.0639173984527588,0.9548248052597046,0.8527012467384338,0.0255394208061864,0.0100689733724338,0.0863875120229012,0.0235009087461877,17.262641924509758,1,Rekurrensparese,1325,phrase
-224.60226440429688,136.73294067382812,-14.352858543395996,30.91697120666504,-4.421881198883057,18.38420867919922,1.9919520616531368,13.918766021728516,7.078837871551514,7.739630222320557,9.839022636413574,0.8750307559967041,5.12355899810791,92.92173767089844,42.1714096069336,30.739368438720703,18.08404922485352,21.55415344238281,15.871686935424805,14.728565216064451,10.925203323364258,11.509312629699709,11.85993766784668,9.900517463684082,14.179495811462402,9.05222511291504,1.2030879259109497,0.4280878603458404,-0.1199758872389793,-0.0600301288068294,-0.0751399546861648,0.0634578093886375,-0.0720332935452461,0.0793028995394706,0.0124816261231899,0.0246085282415151,-0.0021172363776713,-0.0504126399755477,-0.0289242304861545,16.991771697998047,8.068931579589844,4.403564453125,2.472938776016236,3.742546796798706,1.877434253692627,2.1075305938720703,1.5577229261398315,1.918304443359375,1.893809795379639,1.4922261238098145,2.117732286453247,1.6148639917373655,-0.3836488425731659,-0.2811194360256195,-0.1009949445724487,-0.095725804567337,0.0726917907595634,0.1536812037229538,0.1414654403924942,0.1128508597612381,0.0769091472029686,-0.0479173250496387,-0.0601059533655643,0.0205969139933586,0.0286532081663608,8.085601806640625,3.0458807945251465,2.099320650100708,1.5388580560684204,2.0118446350097656,1.2044059038162231,1.0872280597686768,0.92333322763443,1.159996509552002,1.0191739797592163,0.7735001444816589,0.8127102255821228,0.8207347393035889,0.0607714253161119,0.0325583428399584,0.2084730116863629,0.0785465318150029,4.107394419515398,1,Rekurrensparese,1330,phrase
-311.7101745605469,130.65631103515625,28.743457794189453,45.8804931640625,0.039294596761465,26.01759910583496,-11.62463665008545,2.7965896129608154,2.6809420585632324,-14.613855361938477,0.2892116010189056,-6.460196495056152,-9.126765251159668,75.98371887207031,48.33632278442383,29.955690383911133,25.64586067199707,29.427165985107425,16.293134689331055,20.433313369750977,13.67847728729248,10.773029327392578,13.533973693847656,9.765125274658203,10.30044937133789,11.114456176757812,0.2767601013183594,0.3274783790111542,0.0282927379012107,-0.0861434936523437,0.0375384017825126,0.0758105814456939,0.1001414284110069,0.0524408854544162,0.0438822843134403,-0.0278049521148204,-0.0959526896476745,-0.045582827180624,-0.0683315396308898,14.093242645263672,8.661548614501953,5.513072490692139,3.7161672115325928,3.53977108001709,2.7064733505249023,3.48458194732666,2.270462989807129,1.7361258268356323,2.903085708618164,1.9705443382263184,2.0089364051818848,2.2248995304107666,-0.3717085421085357,-0.1457175463438034,0.0106957228854298,0.0125012593343853,0.1196510791778564,0.014033330604434,0.0546816363930702,0.0347383394837379,0.0235341284424066,0.0154653899371624,-0.0178599655628204,-0.0205585733056068,0.0066936165094375,8.60909366607666,3.739741563796997,3.394606351852417,2.038867235183716,1.8982594013214111,1.5473443269729614,2.007373332977295,1.1539417505264282,1.167267680168152,1.4271340370178225,1.0910346508026123,1.026178956031799,1.087350606918335,0.0290815097048051,0.0131908073452319,0.1308873941577865,0.0475882232083399,14.66744690092282,1,Rekurrensparese,138,phrase
-307.94500732421875,122.60629272460938,23.890756607055664,47.2650146484375,6.008237361907959,24.999462127685547,-10.856656074523926,-9.49453830718994,1.2001230716705322,-4.785701274871826,-2.2897214889526367,-11.296688079833984,-5.005140781402588,87.92210388183594,51.29097366333008,33.89112854003906,22.02207374572754,29.236234664916992,21.96358871459961,20.035886764526367,13.725647926330566,12.709641456604004,15.298185348510742,10.52150821685791,16.5157527923584,9.184287071228027,-0.1307876259088516,-0.2043450623750686,-0.025034936144948,0.1497050821781158,0.1686094254255294,0.2383911460638046,0.1206887736916542,0.0367550775408744,0.0555330328643322,-0.0481053069233894,-0.0703143775463104,-0.0822426676750183,-0.1168669089674949,14.389395713806152,7.445380687713623,5.759244918823242,2.8269803524017334,3.733787298202514,2.4892327785491943,3.175322294235229,2.697632074356079,1.7736763954162598,2.8651018142700195,1.6759525537490845,2.9731740951538086,1.5412135124206543,-0.055607933551073,-0.1218463778495788,-0.0941112264990806,-0.0068899509496986,0.0132667049765586,0.0600042827427387,0.049528956413269,0.0101838456466794,0.0372183695435524,0.009930326603353,-0.0020636136177927,0.021815862506628,0.0197560079395771,7.649158477783203,3.004223823547364,3.6200320720672607,1.4510780572891235,1.6393146514892578,1.3240032196044922,1.6189839839935305,1.2994762659072876,1.006425857543945,1.248017430305481,0.8722304701805115,1.1757756471633911,0.8195546269416809,0.0260830589459441,0.0121201758403699,0.0787348621035707,0.0304057584551328,14.180189274618778,1,Rekurrensparese,1382,phrase
-287.3406066894531,111.3065414428711,6.04065465927124,34.63567352294922,1.8110967874526973,25.83244132995605,-3.6752796173095694,7.354984760284424,10.938558578491213,9.103718757629396,5.676846981048584,2.735052585601806,0.0591935813426971,106.97105407714844,45.14339065551758,25.952491760253903,27.57828521728516,22.58748435974121,15.74805736541748,13.95994472503662,10.638050079345703,9.252158164978027,9.442282676696776,10.2677640914917,7.689105987548828,8.478615760803223,0.2617136538028717,0.2059627771377563,0.0124374367296695,-0.0800149217247963,-0.0096839666366577,-0.0103425765410065,-0.0394353903830051,0.0387406088411808,-0.0438652373850345,-0.0181405786424875,0.0056527871638536,-0.0618687383830547,0.0093517173081636,13.652780532836914,5.765063762664795,3.5676448345184326,2.915923833847046,3.463000059127808,2.275059461593628,2.605554819107056,1.6835132837295532,1.7563475370407104,1.5296639204025269,1.9042266607284544,1.2153196334838867,1.217336654663086,-0.0063425004482269,0.0537237524986267,-0.009691834449768,-0.0099749024957418,0.0254086349159479,-0.0027260894421488,0.0516583062708377,0.0087846834212541,0.0263192113488912,0.0045998934656381,-0.040677323937416,-0.0144114969298243,-0.0119220651686191,6.941819667816162,2.41874098777771,2.0408878326416016,1.5919638872146606,1.704804301261902,1.1556605100631714,1.409152626991272,0.8524031639099121,0.9414700865745544,0.8678240180015564,1.00601065158844,0.7189964652061462,0.6746549010276794,0.0221119235467562,0.0104744885985655,0.1504808559505661,0.0574939607911555,13.12664530324438,1,Rekurrensparese,1390,phrase
-254.8259429931641,120.80950927734376,12.946942329406738,36.91181564331055,-6.250072956085205,31.31656646728516,-22.620304107666016,12.514653205871582,-3.69331169128418,6.767160415649414,8.52800178527832,-11.43908977508545,0.9492908716201782,94.19721221923828,37.46109008789063,28.741573333740234,26.4515438079834,28.08459854125977,14.129304885864258,23.30050277709961,15.612937927246094,13.15618896484375,7.158575534820557,14.011658668518066,12.25190258026123,10.095362663269045,1.1491847038269043,0.6677632927894592,-0.118802934885025,-0.3475355207920074,-0.1885809153318405,0.0092535866424441,-0.1914509385824203,0.028448274359107,0.0757141336798667,0.0229118857532739,0.0026117181405425,-0.0131799085065722,0.0204151440411806,16.316564559936523,7.392404556274414,4.9941582679748535,3.291882038116455,4.953763008117676,2.5375213623046875,4.764039993286133,2.8269407749176025,1.8269459009170528,1.4532161951065063,2.085101842880249,2.2459635734558105,2.173818588256836,-0.1177521273493766,-0.1808254271745681,0.0011197952553629,-0.030389642342925,-0.0063335783779621,0.0986800417304039,0.032331109046936,0.0153627330437302,0.0206342358142137,0.0315074324607849,-0.0346071720123291,-0.0534770227968692,-0.0481416247785091,7.553659915924072,3.6479179859161377,2.5823795795440674,1.7980626821517944,2.155271291732788,1.261095643043518,2.041428804397583,1.483803629875183,1.2354387044906616,0.8634741902351379,1.2068976163864136,1.089293360710144,1.1235836744308472,0.0568898030407575,0.030143102850726,0.1828628215048301,0.084708630520195,8.694650615520727,1,Rekurrensparese,1397,phrase
-345.73077392578125,118.34488677978516,20.107946395874023,59.902130126953125,-0.0690720677375793,34.49457550048828,-7.605681896209717,6.069132328033447,0.5128974914550781,-5.569299221038818,3.956788063049317,-1.4922455549240112,-8.837231636047363,90.20828247070312,44.3742561340332,38.44176483154297,20.42759323120117,18.559080123901367,24.336027145385746,23.295270919799805,13.080236434936523,8.489782333374023,10.75844669342041,10.32887363433838,9.669992446899414,11.82425308227539,0.6416512131690979,0.1526687741279602,0.1548429727554321,0.1814924329519271,0.0226061530411243,0.3324983716011047,-0.0507834330201149,0.0179412961006164,0.0299945659935474,-0.0686230957508087,0.0644990131258964,-0.0945698991417884,-0.0684985369443893,19.83722877502441,5.890674591064453,6.977205753326416,4.3676605224609375,3.229743480682373,3.28610897064209,3.683910369873047,2.029069185256958,1.6043615341186523,2.0461795330047607,1.9894328117370603,1.5974111557006836,1.8070672750473025,-0.2727138102054596,-0.1054905578494072,-0.0666438713669776,0.0289363823831081,0.0682661458849906,-0.02060392126441,0.0996839925646781,0.0263155251741409,0.0079169990494847,-0.0101128024980425,0.0276516079902648,0.0329244025051593,0.0147336916998028,10.51170825958252,2.904072999954224,3.643543243408203,2.25242018699646,1.7047362327575684,1.5860432386398315,1.690589189529419,1.0653445720672607,1.0040185451507568,1.2417802810668943,1.194244146347046,0.8820495009422302,1.0971840620040894,0.0398797135475411,0.0180907271018484,0.1448762360073019,0.0530541517611014,10.397182831353494,1,Rekurrensparese,1399,phrase
-258.1768493652344,130.52505493164062,-4.031832695007324,46.43792343139648,3.96240234375,15.442489624023438,-8.997084617614746,10.052704811096191,8.462441444396973,6.090944290161133,2.672292232513428,1.4308265447616575,1.1502583026885986,82.80278778076172,41.35886001586914,23.30983543395996,18.9962100982666,24.069618225097656,16.287221908569336,18.2020206451416,9.99069595336914,10.136821746826172,8.360915184020996,9.687902450561523,9.772993087768556,9.10257339477539,0.82743901014328,0.2829053103923797,-0.0523627139627933,0.1190585047006607,-0.042307898402214,-0.0156480520963668,-0.1295287758111953,0.0091850282624363,-0.0055576735176146,0.0054341950453817,0.0526746585965156,-0.0250889919698238,-0.1089315935969352,15.362020492553713,7.720529556274414,4.348000526428223,2.766920804977417,3.8139030933380127,2.679067850112915,3.1473989486694336,1.6394509077072144,1.6367590427398682,1.805491209030152,1.7044702768325806,1.7522544860839844,1.851918339729309,-0.0250608809292316,0.0179594382643699,-0.0427359640598297,-0.0046439613215625,0.1159669905900955,0.071545161306858,0.1193352341651916,0.0938754677772522,0.0390581786632537,-0.0140211340039968,-0.062826856970787,-0.0118268709629774,-0.0142801403999328,7.274479866027832,3.262132406234741,2.4611146450042725,1.7157970666885376,1.813293218612671,1.3744556903839111,1.568403959274292,1.180566668510437,1.011765718460083,1.035656213760376,1.2211999893188477,0.92543226480484,0.855964720249176,0.0473323158216379,0.0266079128633552,0.2023495733758158,0.0899787595216969,8.32793705376533,1,Rekurrensparese,1402,phrase
-288.00604248046875,106.53089141845705,-13.657074928283691,43.32187271118164,-1.8983311653137207,20.85610580444336,-20.641277313232425,1.3468284606933594,11.554550170898438,7.525271415710449,10.179423332214355,-0.132537841796875,-0.1411762088537216,105.7810516357422,34.177711486816406,23.18653678894043,24.22748756408692,23.932600021362305,18.17928695678711,16.519792556762695,16.930849075317383,12.999185562133787,13.071913719177246,9.394342422485352,12.0675048828125,9.739479064941406,0.5905419588088989,0.2024152278900146,-0.1043678075075149,0.0033081416040658,-0.0401071608066558,0.0182493571192026,-0.0587936006486415,-0.0347620695829391,-0.0181553959846496,-0.0191009454429149,0.0143927978351712,0.0319051034748554,0.025416200980544,15.37060546875,6.094317436218262,3.9438185691833496,3.125380754470825,3.477344512939453,2.5748257637023926,2.9970264434814453,2.2318804264068604,1.917960286140442,1.8057366609573364,1.7239136695861816,2.2285938262939453,1.6200907230377195,-0.1720761358737945,0.0457955077290535,0.0303760580718517,-0.0304712578654289,0.0967397391796112,0.0771999135613441,0.0506226308643817,-0.0515741221606731,0.027087340131402,-0.0239333808422088,-0.0382529832422733,0.0532535314559936,0.0107800308614969,6.724603652954102,2.93755841255188,1.7426921129226685,1.4700919389724731,1.4647588729858398,1.1835744380950928,1.3864455223083496,1.23880934715271,0.9390912652015686,1.1244348287582395,1.02068829536438,1.1444448232650757,0.913440763950348,0.0741594829981199,0.0385959876900301,0.2183768788744827,0.0994437853682986,6.057892823418636,1,Rekurrensparese,1407,phrase
-362.1447143554688,116.12911224365234,23.3214168548584,52.9470100402832,-2.337773561477661,31.95564651489257,-3.9249987602233887,7.334833145141602,1.7682679891586304,5.075862884521484,-0.7754366397857666,-7.951786041259766,1.7591224908828735,117.41443634033205,52.9623908996582,30.752498626708984,23.93815994262696,23.908462524414062,21.1130485534668,18.336557388305664,12.23188304901123,11.96714973449707,12.507954597473145,11.076645851135254,13.18154525756836,9.301772117614746,0.6878185272216797,0.3557652831077575,-0.0654004588723182,0.0130130071192979,-0.0148954316973686,0.05434026196599,-0.0501415841281414,-0.0148475365713238,-0.0338376387953758,-0.0570408888161182,0.0844793021678924,0.0611727833747863,-0.0129780163988471,13.772883415222168,6.836451530456543,4.85610294342041,3.481159448623657,3.536360740661621,2.78004002571106,3.0388402938842773,2.233326911926269,1.885451316833496,1.9683305025100708,1.86749529838562,2.191518783569336,1.7950690984725952,-0.3168553113937378,-0.11044542491436,0.0455556884407997,-0.0918368324637413,0.0271601676940917,0.0929718986153602,0.0353835932910442,-0.0368031747639179,0.0154963219538331,0.0131285833194851,-0.0107628423720598,0.0615106485784053,0.0235179141163826,7.816803455352783,3.4147634506225586,2.796159029006958,1.633933424949646,1.6569125652313232,1.510937213897705,1.5243678092956543,1.264019250869751,1.0800997018814087,1.1477948427200315,0.9657093286514282,1.1116907596588137,1.011635422706604,0.0363710710337751,0.0166863935796533,0.153777709001275,0.0741101906637335,12.33626857293511,1,Rekurrensparese,1418,phrase
-317.0916748046875,123.1556625366211,2.391151666641236,44.31909942626953,0.8483272194862366,15.932530403137209,-5.758770942687988,2.2086293697357178,7.028073310852051,5.676838397979736,-1.143520712852478,-4.307816028594971,6.727498531341553,88.18460083007812,43.96433639526367,23.16910743713379,19.60725784301757,23.01709747314453,15.508009910583496,23.097063064575195,9.643779754638672,8.682687759399414,13.174936294555664,7.71650505065918,9.757994651794434,9.459256172180176,0.3088465929031372,0.1131719872355461,-0.0594959408044815,-0.0215662978589534,-0.0317326486110687,0.0222701225429773,-0.0706995874643325,-0.0048214765265583,0.0078970314934849,-0.0825508013367652,-0.0138524761423468,-0.0142499553039669,-0.0560880675911903,14.578798294067385,6.208498001098633,3.7976653575897217,2.686241865158081,3.1310832500457764,2.291903495788574,4.141313552856445,1.647918701171875,1.5553460121154783,1.9322129487991333,1.2930502891540527,1.7676048278808594,1.7210071086883545,-0.2031302452087402,-0.1365075558423996,-0.0255607683211565,0.0065200426615774,0.0446024872362613,0.0671868473291397,0.0453521981835365,-0.0033017687965184,0.0044602863490581,0.006195364985615,-0.0156478974968194,0.0062700570560991,0.0145303951576352,7.34215784072876,2.594812393188477,2.3141143321990967,1.3176249265670776,1.2685017585754397,1.1887285709381104,1.7762231826782229,0.8608388900756836,0.8301436305046082,1.004867672920227,0.6489017605781555,0.8745068907737732,0.817526638507843,0.0294074164822449,0.0146066743457213,0.1134373413832232,0.0534810997985431,14.122080356151049,1,Rekurrensparese,142,phrase
-269.3450012207031,135.7386016845703,11.55146598815918,59.32551956176758,-3.743062496185303,35.49660110473633,11.135052680969238,-2.2912633419036865,1.820852398872376,18.028263092041016,10.510658264160156,-4.470943927764893,-0.9140303134918212,80.19407653808594,46.93870544433594,32.970489501953125,21.984899520874023,23.271459579467773,16.931915283203125,19.25567054748535,13.766083717346191,11.817453384399414,11.792579650878906,12.114155769348145,11.961761474609377,10.741626739501951,0.6358250975608826,0.3280347883701324,-0.077333852648735,-0.0213901214301586,-0.0561367273330688,-0.026862796396017,-0.0654935389757156,0.0385356582701206,0.0337972678244113,-0.024159513413906,-0.0076109771616756,-0.0731028765439987,-0.0451592020690441,14.35112476348877,7.311911106109619,4.364163398742676,3.0330114364624023,3.1149325370788574,3.018357753753662,2.8364927768707275,2.499671697616577,2.1799745559692383,2.212541341781616,2.065185070037842,2.2779290676116943,1.7148010730743408,-0.1738105118274688,-0.0891765728592872,-0.0060399444773793,0.0386908836662769,0.079581618309021,0.0258375667035579,-0.0372452549636364,-0.010818556882441,-0.0326473154127597,-0.0115020675584673,0.0347132384777069,0.013348982669413,-0.0270522348582744,7.841241836547852,3.044250011444092,2.6556382179260254,1.5576711893081665,1.609233021736145,1.3877843618392944,1.6302666664123535,1.1583058834075928,1.1493357419967651,1.143626093864441,1.1023143529891968,1.1658188104629517,0.8790780305862427,0.044995621618044,0.0239893907561006,0.1922687728323998,0.0940519747271558,3.763054931246834,1,Rekurrensparese,1424,phrase
-323.75006103515625,143.12899780273438,12.116844177246094,38.2203483581543,26.556161880493164,19.72346878051757,3.3907887935638428,-4.73292875289917,-2.945850372314453,-0.7838281989097595,3.56674599647522,-7.67722749710083,-9.13732624053955,94.837158203125,57.57478713989258,35.01237106323242,19.16100311279297,21.94099998474121,24.64161491394043,21.855588912963867,13.482523918151855,12.005423545837402,10.966442108154297,12.490710258483888,10.802938461303713,12.924253463745115,0.3347660303115845,0.1103651598095893,-0.0169788356870412,0.1209787502884864,-0.0070638363249599,0.0837097316980362,0.0565306693315506,0.0077690784819424,0.0530066266655921,-0.0134750986471772,0.0745723694562912,0.0673837140202522,-0.0013213455677032,15.572601318359377,8.74236011505127,6.101243019104004,3.382685422897339,3.153394222259521,2.8469083309173584,3.443025827407837,2.210902214050293,1.8004766702651978,2.160491466522217,1.7873151302337646,1.7223823070526123,1.916111946105957,-0.0034719388931989,0.0214975271373987,0.0557047873735427,0.0647587031126022,0.043003037571907,0.0194058157503604,0.0106388675048947,-0.0100994864478707,-0.013496184721589,-0.0125473793596029,-0.0085935639217495,-0.0095535293221473,-0.0232593975961208,6.268309593200684,3.3148488998413086,3.045198678970337,1.86554491519928,1.5287797451019287,1.3174443244934082,1.562778115272522,1.0391870737075806,0.8926109075546265,1.017506122589111,0.998151957988739,0.8000296354293823,0.7804641723632812,0.0226510088541127,0.0064504710009735,0.0856878979566651,0.0189840858383757,15.313279468545105,1,Rekurrensparese,1434,phrase
-286.6171569824219,113.6857452392578,26.03290367126465,43.33038330078125,16.153461456298828,6.624063491821289,-5.453248500823975,2.423661947250366,6.808551788330078,-1.482581615447998,-6.174559593200684,-8.705541610717773,-4.783728122711182,62.74850082397461,42.80952072143555,31.14274406433105,23.07506561279297,23.12623786926269,14.915823936462402,16.549352645874023,9.48147678375244,8.63064193725586,8.980005264282227,12.381766319274902,8.752750396728516,11.755248069763184,0.3850411474704742,0.2217893004417419,0.043991819024086,0.1300015747547149,0.0522688366472721,0.0336662009358406,0.0240677613765001,0.0463901497423648,-0.0020771282725036,-0.0268377102911472,0.0142305744811892,-0.0395023673772811,-0.0661732107400894,11.520586967468262,7.097144603729248,4.8700947761535645,2.641520977020264,3.723421812057495,1.97992205619812,2.902229785919189,1.860437512397766,1.4266753196716309,1.6479079723358154,2.086156845092773,1.5014008283615112,1.3766851425170898,-0.1328747570514679,-0.100457102060318,0.006162526551634,0.0743256658315658,0.0974210873246193,0.0245770700275897,-0.0148588689044117,-0.0093236258253455,-0.0086411405354738,-0.0273679494857788,-0.0177984051406383,0.0166014898568391,-0.0003299914242234,5.6292901039123535,3.4304323196411133,2.6792612075805664,1.6583009958267212,1.8349722623825075,0.9580026865005492,1.443980693817139,1.0035429000854492,0.7995436787605286,0.8546779155731201,1.0544042587280271,0.747467577457428,0.6978746652603149,0.0131883521225587,0.0045914790350326,0.0422321763800385,0.0116169067145034,23.59514498615593,1,Rekurrensparese,1437,phrase
-342.8872985839844,134.49008178710938,11.019219398498535,29.93365478515625,-0.9925764203071594,11.82795524597168,-19.585378646850582,-9.486387252807615,0.0423852354288101,-13.45980167388916,8.644734382629395,-9.70946979522705,-8.450922966003418,71.54569244384766,46.1247673034668,35.4201545715332,28.677045822143555,27.968639373779297,21.33189582824707,20.58808898925781,15.427057266235352,9.591214179992676,15.03281307220459,12.921082496643066,12.242431640625,12.274988174438477,0.576215386390686,0.4836706519126892,0.0921756327152252,-0.0322666801512241,-0.0961719676852226,-0.0750946104526519,-0.0998988673090934,-0.0762869119644165,-0.0157835464924573,0.0230736564844846,0.1239334568381309,0.0871460661292076,-0.0366272293031215,13.007908821105955,8.358708381652832,6.032505035400391,3.312638998031616,3.8506343364715576,2.8371756076812744,3.820929765701294,2.2655346393585205,1.6114323139190674,3.1655044555664062,2.195118188858032,2.105919122695923,2.162789821624756,-0.1855712532997131,-0.1081463694572448,0.0246447063982486,0.0245070699602365,0.0479580834507942,0.0234309844672679,0.0454324223101139,0.0488787144422531,-0.0050116339698433,0.0079110758379101,-0.0062724128365516,-0.0177927948534488,0.0058848401531577,7.540870666503906,3.5023910999298096,3.8849363327026367,1.81097948551178,1.816802263259888,1.2149574756622314,1.7682937383651731,1.209246039390564,0.9556848406791688,1.5385239124298096,1.0866914987564087,1.142788290977478,1.1319597959518433,0.0167645209353344,0.0076975754042948,0.057931221205987,0.0210860120768147,20.04309853684489,1,Rekurrensparese,1444,phrase
-356.5671691894531,151.4392852783203,37.27923583984375,53.45918273925781,18.113767623901367,35.6801872253418,10.943488121032717,0.0120572336018085,1.018638253211975,8.619112968444824,4.457849025726318,-4.315054416656494,-0.2759246230125427,77.74891662597656,43.32885360717773,29.39600372314453,18.127349853515625,21.276735305786133,25.0809383392334,20.40723991394043,11.374146461486816,15.106744766235352,14.370162963867188,10.431489944458008,11.729100227355955,10.485989570617676,0.6288251280784607,0.3620173931121826,-0.037486407905817,-0.0108516039326787,0.0144478464499115,0.0711368545889854,0.0001364756171824,0.0484706833958625,0.0413733832538127,-0.0539457760751247,-0.0221612490713596,-0.0700140967965126,-0.0335027649998664,14.343533515930176,6.604121208190918,5.223521709442139,3.152641773223877,3.533273935317993,3.471294641494751,3.634347438812256,2.183223962783813,2.6164474487304688,2.595379114151001,1.7674106359481812,2.3977210521698,1.7920637130737305,0.0208816081285476,-0.0047040041536092,-0.007204970344901,0.0409307777881622,0.0510958060622215,0.0492752306163311,0.0207318030297756,-0.0083927158266305,0.0077369222417473,-0.034163448959589,-0.0102054635062813,-0.0151828872039914,-0.0321269109845161,7.744504451751709,2.910300970077514,2.781725645065308,1.9298361539840696,1.844169020652771,1.6280021667480469,2.01832914352417,1.1706364154815674,1.3312523365020752,1.5237401723861694,0.9009025692939758,1.0306532382965088,0.9551011323928832,0.0230980729329535,0.0082027228749799,0.0860418964142281,0.0303088072308161,16.073877239842297,1,Rekurrensparese,1466,phrase
-347.7303466796875,127.72349548339844,15.00937557220459,54.819480895996094,6.174745559692383,20.3690185546875,-5.534724235534668,7.455397129058838,4.93175220489502,2.6771836280822754,-0.4913147985935211,-8.574117660522461,0.5999967455863953,102.48470306396484,42.08647918701172,27.83959579467773,20.64375877380371,30.14679908752441,15.654295921325684,20.89354515075684,9.79542064666748,10.731432914733888,12.21108055114746,12.186595916748049,11.19784927368164,8.32590103149414,0.5002653002738953,0.2085458040237426,-0.0487751550972461,-0.0015025320462882,-0.1147105544805526,-0.0031269390601664,0.0461331568658351,0.0494983866810798,-0.0084152137860655,-0.0477804280817508,-0.0347786992788314,0.0009417574037797,-0.0107085108757019,16.125062942504883,6.871695041656494,4.773717403411865,3.2694413661956787,4.081326961517334,1.9801921844482424,3.583726406097412,1.580333232879639,1.7557742595672607,2.248270034790039,2.207967519760132,2.231143951416016,1.518378496170044,0.0432097464799881,0.1225926056504249,0.0398660525679588,-0.0898260846734047,-0.0029145535081624,0.0257591661065816,-0.0026065530255436,0.0231917705386877,0.0258434601128101,-0.0192467607557773,-0.0481438301503658,-0.0152366831898689,0.0062003969214856,9.905024528503418,3.150107145309448,3.045974016189575,1.81194806098938,2.0019094944000244,1.2328717708587646,1.921217441558838,0.9666876792907716,0.9454562067985536,1.1044219732284546,1.1322942972183228,1.0910272598266602,0.7327737808227539,0.0381512292930516,0.0199229457211132,0.1430356140130828,0.0705180415918052,12.391309072536036,1,Rekurrensparese,1470,phrase
-394.56927490234375,109.00177764892578,27.792293548583984,47.16666793823242,14.72843074798584,23.19917106628418,-3.6951866149902335,0.9680180549621582,10.568174362182615,4.948797225952148,1.0954872369766235,-4.152414321899414,-1.637423038482666,110.48641204833984,58.460540771484375,28.5821533203125,29.803565979003903,24.668500900268555,15.269709587097168,19.54132461547852,12.449586868286133,9.64395236968994,11.751300811767578,11.687920570373535,12.428696632385254,9.2808837890625,0.3341576755046844,0.229738563299179,0.0832701846957206,0.0750525444746017,0.0024019521661102,0.0699519217014312,0.045575838536024,0.0236724484711885,0.0379265323281288,0.0265225172042846,0.007855150848627,-0.0199028681963682,-0.0188747085630893,15.353730201721191,7.568362712860107,4.58793830871582,3.381409168243408,3.520711898803711,2.061388731002808,3.1107914447784424,2.3169543743133545,1.471340298652649,2.160677671432495,1.7971625328063965,1.9314228296279907,1.5117454528808594,0.0431036539375782,0.0513073690235614,0.0116971805691719,-0.0028666919097304,0.0035260727163404,-0.0031239963136613,0.0064198723994195,0.0125766023993492,0.0217354614287614,0.0119093814864754,0.0077365906909108,0.0232881773263216,0.0134890638291835,7.150457382202148,3.163058519363404,2.538067579269409,1.5803550481796265,1.946480393409729,1.2781487703323364,1.4897805452346802,1.1775850057601929,0.7524696588516235,1.0035500526428225,0.9328839778900146,0.9120184779167176,0.8332416415214539,0.034547717956889,0.0154484557078601,0.1025298014007924,0.0406841115999503,13.953788006346258,1,Rekurrensparese,1478,phrase
-338.552490234375,135.74815368652344,9.949262619018556,56.50401306152344,7.1472487449646,27.08072090148925,-9.587725639343262,0.5363286733627319,5.0985517501831055,1.7766118049621582,1.6135889291763306,2.126519203186035,-2.447337865829468,101.44737243652344,45.240509033203125,35.24984359741211,20.737722396850582,29.40620422363281,17.688480377197266,17.574661254882812,15.687344551086426,11.28550148010254,9.724853515625,14.054555892944336,12.19633674621582,9.31002140045166,0.5897823572158813,0.3886001110076904,-0.0688372254371643,-0.0517237298190593,-0.0014332429273054,-0.0171034950762987,-0.0125448703765869,0.0747726559638977,0.0942834466695785,-0.0418284237384796,-0.0623010881245136,0.0870662555098533,0.0631441101431846,19.14689064025879,8.346506118774414,6.034881114959717,3.4639642238616943,4.545569896697998,2.799224138259888,3.86553692817688,2.937739849090576,2.0917410850524902,1.758021354675293,2.4256956577301025,1.6305925846099854,1.5306679010391235,-0.2395264655351638,-0.0276301838457584,0.0527282990515232,0.0511482693254947,0.1174974367022514,0.0665894225239753,0.1201900318264961,-0.0575173944234848,-0.0232458636164665,0.0866196230053901,-0.025269391015172,-0.0527941137552261,0.0318696871399879,11.350106239318848,4.148982524871826,3.610886335372925,2.15261459350586,2.372289657592773,1.3410077095031738,2.0533788204193115,1.5391864776611328,1.1198794841766355,1.2175828218460083,1.4300740957260132,0.973437249660492,1.067697286605835,0.0331919009517042,0.0160353834408953,0.0925079339420136,0.0311856331037978,12.97056444927822,1,Rekurrensparese,1484,phrase
-346.2305908203125,104.74163818359376,18.164915084838867,43.77148818969727,1.760225772857666,27.606311798095703,-1.354392647743225,5.783285140991211,11.900758743286133,-5.401285648345947,3.556750535964966,-5.0351104736328125,-7.814998149871826,86.84541320800781,48.72895812988281,30.320297241210938,25.4916934967041,29.71458625793457,17.21825408935547,21.635894775390625,11.446680068969728,12.85964298248291,13.6427640914917,9.791703224182127,8.566383361816406,11.9847412109375,0.7596202492713928,0.4651191830635071,0.0864542871713638,0.0854755491018295,-0.0498792566359043,0.1258746683597564,0.066940926015377,-0.0011312419082969,-0.0151794198900461,-0.0322386361658573,0.0431697070598602,0.0074365809559822,-0.049342080950737,15.215386390686035,7.984438896179199,4.642318248748779,3.3999099731445312,5.185613632202148,2.7965872287750244,3.876738786697388,2.073930025100708,2.235717535018921,2.538398742675781,1.8790074586868288,1.6783246994018557,2.3281569480896,-0.0964220762252807,-0.1135712563991546,-0.0771440267562866,0.0368586741387844,0.0428335890173912,0.0154286362230777,0.0264267344027757,-0.0043603843078017,0.0381423272192478,-0.024127883836627,-0.0395408049225807,-0.0041408212855458,4.597946463036351e-05,9.22265338897705,3.3802623748779297,2.896796226501465,1.7372004985809326,2.3844640254974365,1.4522110223770142,1.880105257034301,1.2172670364379885,1.2031890153884888,1.297925353050232,0.9713435769081116,0.993296444416046,1.1867257356643677,0.0197968811800007,0.0086536833569075,0.0742433096843557,0.0267034402483228,17.074336659855206,1,Rekurrensparese,1489,phrase
-298.6488647460937,105.78630065917967,1.2249186038970947,52.39403533935547,0.2561913728713989,20.780725479125977,-14.039326667785645,3.305469274520874,0.9768038392066956,4.920191287994385,1.2751059532165527,-1.3835374116897583,0.7096229791641235,83.7237548828125,60.37507629394531,30.42490196228028,26.973806381225582,22.845016479492188,17.19342803955078,20.432861328125,15.442625045776367,12.18549919128418,12.83051300048828,13.22642707824707,10.909568786621094,7.942715644836426,0.2533682584762573,0.1084576025605201,0.0104782674461603,0.0007445716182701,-0.0615347996354103,0.0317454673349857,0.0173638574779033,0.0238357223570346,-0.0069280676543712,-0.0179560706019401,-0.0070635820738971,0.0040237950161099,-0.0197461750358343,14.443370819091797,7.322349071502685,4.262607574462891,3.4752509593963623,3.060391426086426,2.2489945888519287,3.2271406650543213,2.4608519077301025,1.6986709833145142,1.9318156242370603,2.08970308303833,1.810865879058838,1.422646164894104,-0.0454941503703594,-0.0298520997166633,-0.0682160258293151,-0.0216062553226947,0.0481805317103862,0.0190951153635978,0.0213055927306413,-0.0099430298432707,0.0368874594569206,0.0347161367535591,-0.0090095978230237,0.0020418958738446,-0.0030550886876881,6.4547529220581055,2.640964269638061,2.2770652770996094,1.5150638818740845,1.3866616487503052,1.1215276718139648,1.4131696224212646,1.2002036571502686,1.0283631086349487,0.9654111862182616,1.01859712600708,0.8652816414833069,0.8483335971832275,0.0256780573091629,0.0118893970537051,0.088923655166805,0.0320693534562189,12.486615280063525,1,Rekurrensparese,150,phrase
-295.2261657714844,122.13910675048828,4.009374618530273,44.29446792602539,-6.073853015899658,24.36969947814941,0.8096120953559875,-17.119647979736328,2.6557040214538574,6.392404556274414,-10.736260414123535,-14.875537872314451,-1.7650415897369385,82.59317016601562,51.83782196044922,30.30047035217285,17.7427921295166,29.00336265563965,23.102930068969727,15.396883964538574,20.85070037841797,12.091837882995604,12.037084579467772,10.9535551071167,14.272436141967772,9.816333770751951,0.6580316424369812,0.4188372194766998,0.0932257026433944,0.1488515883684158,0.0847520902752876,0.1369771361351013,0.0152732580900192,-0.1250896751880645,-0.0990342274308204,0.0120997941121459,-0.0750151649117469,-0.1415821462869644,-0.0493984930217266,18.39571189880371,9.121122360229492,6.053354263305664,3.1283750534057617,4.563211917877197,2.622430324554444,2.7593581676483154,3.730136632919312,2.043031930923462,2.03774094581604,2.2425036430358887,2.3585009574890137,1.6284294128417969,-0.1710409522056579,-0.0302202515304088,0.0665256306529045,-0.005135694053024,0.1032596975564956,0.0730267092585563,0.0152642866596579,0.0320185124874115,-0.0265005007386207,-0.0352017618715763,-0.0028873265255242,0.0219455044716596,0.0017436337657272,9.591651916503906,3.768552780151367,3.5367112159729004,1.636540412902832,2.194833278656006,1.2841238975524902,1.4706584215164185,1.815673470497132,1.2060402631759644,1.1819885969161987,1.0888420343399048,1.1105307340621948,0.909789502620697,0.023110833943989,0.0100226823121859,0.065997008492878,0.0256746125490621,13.079550029886612,1,Rekurrensparese,152,phrase
-370.9939575195313,113.29881286621094,23.314525604248047,49.9503173828125,2.4448394775390625,13.52305507659912,-6.22178316116333,-2.310940742492676,2.379401445388794,-0.557151734828949,0.2520597279071808,0.4329205453395843,2.0595128536224365,82.75626373291016,44.62052536010742,30.224475860595703,22.79834175109864,26.714847564697266,19.173084259033203,21.33812713623047,14.034381866455078,11.42155647277832,10.645378112792969,11.437397956848145,12.616957664489746,8.221092224121094,0.4415388703346252,0.3717033863067627,0.1101120561361312,0.101816825568676,0.0395956933498382,-0.0161362588405609,-0.0376038923859596,-0.0900867283344268,-0.0814120322465896,-0.0388027392327785,-0.0318542383611202,-0.0222305934876203,-0.0483557060360908,16.464263916015625,7.636123180389404,5.467166900634766,3.296682596206665,3.418121814727783,2.322181224822998,3.414649248123169,2.155050277709961,1.755820631980896,2.128105878829956,1.8033382892608645,2.4230763912200928,1.5991190671920776,-0.0602141618728637,-0.0793415158987045,-0.1265186518430709,-0.072888396680355,0.0733894109725952,0.072746530175209,0.0660971701145172,0.0804072469472885,0.0241892542690038,-0.0087224058806896,-0.0079256314784288,-0.028251888230443,-0.0303948130458593,8.384468078613281,3.2660229206085205,3.159078359603882,1.6563841104507446,1.731879949569702,1.1334571838378906,1.6575231552124023,1.0944732427597046,0.8970871567726135,1.114960789680481,0.8563523888587952,1.209827899932861,0.9070404767990112,0.0159542693542579,0.0074827720469714,0.0558652121223491,0.0221980877454275,18.83963894349329,1,Rekurrensparese,1547,phrase
-411.5289916992188,143.6193389892578,22.796226501464844,44.63534927368164,17.037158966064453,18.007356643676758,12.359886169433594,4.406681537628174,8.015893936157227,1.891819834709168,2.2987406253814697,5.8248677253723145,6.043811321258545,113.06472778320312,69.15132141113281,33.505367279052734,20.351512908935547,21.57613945007324,17.64386749267578,17.381067276000977,12.037296295166016,10.187691688537598,14.54489803314209,10.399147033691406,7.533544540405273,8.00849437713623,0.0095050306990742,0.0620551593601703,0.0603520274162292,0.0566505901515483,0.0868859142065048,0.0649970471858978,0.0495667047798633,-0.0187220685184001,0.0071327099576592,-0.0195516552776098,-0.0686654224991798,0.0276047885417938,0.0083161639049649,15.107080459594728,8.378839492797852,5.161191463470459,2.780159473419189,3.1177995204925537,2.3050217628479004,2.853550672531128,2.0091419219970703,1.5332376956939695,2.2241454124450684,1.591283679008484,1.1820096969604492,1.250149488449097,-0.0164682883769273,0.0182969309389591,-0.0276733487844467,-0.0300691742449998,0.0576023012399673,0.0604541003704071,0.024844342842698,-0.0199537985026836,-0.0235140137374401,-0.0224212910979986,-0.0415367372334003,-0.0011207471834495,0.0065763820894062,7.69769811630249,3.5792436599731445,2.784463882446289,1.6730105876922607,1.6130566596984863,1.353217363357544,1.7284458875656128,0.8821864724159241,0.8200241923332214,1.234877109527588,0.8440624475479126,0.7198069095611572,0.7169438600540161,0.0181493402667304,0.0056003984902216,0.0841431169457462,0.0279924184256557,13.530786142915346,1,Rekurrensparese,1548,phrase
-427.6798706054688,136.24472045898438,20.98798370361328,55.95600128173828,11.488811492919922,29.547025680541992,3.442420959472656,-3.6448800563812256,10.083977699279783,5.818560123443604,5.443131923675537,-1.372351050376892,-1.9541597366333008,106.30431365966795,61.08232879638672,28.126115798950195,23.7642822265625,24.835493087768555,29.63832092285156,20.39897918701172,14.068235397338867,11.923260688781738,11.973769187927246,11.0932035446167,8.93019962310791,11.042180061340332,1.557100772857666,0.5925901532173157,0.1345704197883606,0.2335333526134491,-0.0379572659730911,0.2887777090072632,0.0312451757490634,-0.0937016233801841,0.0439008250832557,-0.0705729275941848,0.071685142815113,0.0727007389068603,-0.0239293184131383,12.050819396972656,8.875130653381348,4.475235939025879,3.714903354644776,4.206140041351318,3.7322826385498047,3.731266260147095,2.631880760192871,2.226114273071289,2.122816562652588,1.8899507522583008,1.8570151329040527,2.0265889167785645,-0.1431752145290374,-0.0126280225813388,0.0177858974784612,-0.0957538038492202,0.13194440305233,0.0270632337778806,0.0951854810118675,0.1015496104955673,0.014921030960977,0.0904609262943267,0.0268583185970783,-0.0576092861592769,-0.0388486869633197,6.075767517089844,3.75691032409668,2.334427833557129,1.7675732374191284,1.9557253122329712,1.6710399389266968,2.015230417251587,1.4838595390319824,1.0026057958602903,1.2938284873962402,0.8382599949836731,1.0215872526168823,1.1549347639083862,0.0398401485683281,0.0181274627155779,0.1586767214764834,0.0735407010073332,10.08585042275805,1,Rekurrensparese,1549,phrase
-329.6368408203125,142.34129333496094,11.959619522094728,49.59194946289063,13.07262134552002,37.83206558227539,16.88594627380371,2.6941022872924805,4.973711013793945,9.490385055541992,9.274688720703123,0.7069535255432129,-2.1086912155151367,95.96412658691406,46.64693832397461,27.628734588623047,20.231124877929688,24.737245559692383,23.037691116333008,19.880949020385746,13.55212688446045,10.376479148864746,12.194108963012695,7.9399638175964355,9.702363014221191,9.541791915893556,0.2390732914209365,0.0331053026020526,-0.0488321781158447,0.1037758365273475,0.1065965816378593,0.1423029154539108,0.0757421925663948,0.1012991368770599,0.0953286662697792,0.0586527623236179,0.0729515701532363,0.0544546619057655,0.02333939447999,14.691462516784668,6.767964839935303,4.108801364898682,3.287038803100586,3.5403056144714355,3.002356767654419,3.011396169662476,2.1845803260803223,1.8069006204605105,2.303882360458374,1.606083631515503,1.833047866821289,1.6918429136276243,-0.3245335817337036,-0.1887170076370239,-0.0127426516264677,-0.0065381834283471,0.0509743690490722,0.0114359855651855,0.0496727265417575,0.0530461557209491,0.0314009338617324,0.012517761439085,-0.016370739787817,-0.0032141197007149,-0.0042213820852339,7.301169872283935,2.622288703918457,2.1991183757781982,1.520740985870361,1.8683050870895384,1.374389886856079,1.7199773788452148,0.9489415884017944,1.0394617319107056,1.245051622390747,0.899492621421814,0.91180020570755,0.9781033992767334,0.0342445994517106,0.0176143938339772,0.1438968318622676,0.0605314201324686,11.128362976833378,1,Rekurrensparese,155,phrase
-364.5592651367188,143.3123779296875,14.237425804138184,46.753936767578125,12.715165138244627,16.025968551635742,-4.479866027832031,-5.4078049659729,7.913763046264648,4.206798553466797,0.8403061628341675,-5.16928243637085,-0.1493660360574722,72.50757598876953,55.62215805053711,24.556968688964844,23.986713409423828,26.65518379211425,25.17807388305664,15.128252983093262,15.382241249084473,11.906807899475098,9.303836822509766,10.953595161437988,11.464770317077637,8.805662155151367,1.1364415884017944,0.7063757181167603,0.0855249464511871,0.1032311245799064,0.0112957619130611,0.0757575407624244,-0.040265817195177,-0.1030851677060127,-0.0609280467033386,-0.0398186743259429,-0.0043417820706963,-0.0535972118377685,-0.0626231133937835,14.65329647064209,9.128074645996094,4.530365943908691,3.2464470863342285,4.333589553833008,3.3979742527008057,2.381490468978882,2.814990520477295,1.564664363861084,1.8549628257751465,2.0021300315856934,2.188728094100952,1.6157374382019043,-0.1101823300123214,-0.0602117665112018,-0.0084125436842441,0.0059639178216457,0.1410176008939743,0.0590563975274562,0.0815595537424087,0.0921757593750953,0.0470644645392894,-0.0242897197604179,-0.0626446530222892,-0.0361104868352413,-0.0278502870351076,7.794238567352295,4.048614025115967,3.124213933944702,2.029303789138794,2.014749526977539,1.4368300437927246,1.319772720336914,1.4300273656845093,0.913577437400818,1.008169651031494,1.1027933359146118,1.0805895328521729,0.8343603014945984,0.0222292469829126,0.0096569213743882,0.0895317652270217,0.0258900788066579,17.8222240376543,1,Rekurrensparese,1553,phrase
-267.5882873535156,95.91609954833984,-7.845538139343262,30.70189666748047,3.457936286926269,23.41974639892578,-5.222215175628662,-1.6753692626953125,9.02867603302002,8.06071662902832,12.63145637512207,6.3000807762146,6.329562187194824,107.94147491455078,42.264347076416016,30.631479263305664,23.896703720092773,22.751049041748047,16.92312240600586,15.676790237426758,15.958592414855955,10.095048904418944,9.607876777648926,9.75979232788086,11.574335098266602,9.537096977233888,0.4586752951145172,0.2509932518005371,-0.0190574210137128,0.0067807268351316,-0.0064475662074983,0.0797095373272895,-0.0504872761666774,-0.0676590576767921,-0.0186410527676343,-0.0071873813867568,0.0532263033092021,-0.0221792347729206,-0.0364706628024578,20.34333229064941,6.794431686401367,5.682392597198486,3.6470730304718018,3.152245283126831,2.6766278743743896,2.7506978511810303,2.5873172283172607,1.8019002676010127,1.6823972463607788,1.5085195302963257,1.7802765369415283,1.7201741933822632,-0.0144153526052832,0.0400636456906795,-0.0347116217017173,-0.0470443665981292,0.0310902558267116,-0.0140157481655478,0.0531468801200389,0.0406230390071868,-0.0018444899469614,0.026955023407936,-0.0078050182200968,-0.006937856785953,0.0298263300210237,9.343128204345703,2.8662633895874023,2.7340333461761475,1.7073071002960205,1.36903715133667,1.387226700782776,1.1570961475372314,1.2613508701324463,1.0744858980178833,0.9481894373893738,0.8549838662147522,1.0509741306304932,0.9511772990226746,0.0819728196076831,0.0429323277690723,0.201097251814026,0.0749303796477456,6.3462145970837085,1,Rekurrensparese,1555,phrase
-346.0253601074219,142.97509765625,8.004525184631348,54.43239212036133,-6.236438751220703,34.293907165527344,-1.744126796722412,-8.127925872802734,-2.476898431777954,2.5791501998901367,5.7751054763793945,-2.8251328468322754,0.477915495634079,94.81414031982422,42.36973190307617,30.082490921020508,23.66088485717773,24.290672302246094,18.06811714172364,17.749189376831055,15.920153617858888,11.795489311218262,9.55191707611084,7.764399528503418,12.226122856140137,8.275918006896973,0.7852379083633423,0.3765151500701904,0.0203571449965238,0.0618838034570217,0.0244356617331504,0.0442872568964958,-0.0219039786607027,0.0029348880052566,-0.0448010675609111,-0.0288917273283004,0.0312426276504993,-0.0049135978333652,-0.0023469342850148,18.23666381835937,6.720477104187012,5.197249889373779,3.2107059955596924,3.2150096893310547,2.387998580932617,3.338539123535156,2.505788564682007,1.9771440029144287,1.436416745185852,1.4207355976104736,1.7010712623596191,1.534074068069458,0.0626074597239494,-0.0746396258473396,-0.0151732601225376,-0.0228410754352808,0.0276009533554315,0.0702750086784362,0.0170575063675642,0.0293673407286405,0.008259785361588,0.0052918838337063,-0.0154577055945992,-0.0116135589778423,0.0047208839096128,7.86780309677124,2.744307518005371,2.8672783374786377,1.804060220718384,1.627303957939148,1.2496507167816162,1.6330915689468384,1.1940890550613403,0.8841156959533691,0.8607726693153381,0.8810242414474487,0.8199421167373657,0.7999932765960693,0.0212483591122059,0.0099622063907557,0.111508432307282,0.0492890525068851,12.218488066270018,1,Rekurrensparese,1564,phrase
-355.65380859375,97.71228790283205,11.8496732711792,20.68143081665039,0.653271496295929,9.133196830749512,-7.425043106079102,-13.390212059020996,5.220284461975098,-1.1015390157699585,-8.29814338684082,-5.791561126708984,-1.265629768371582,88.83189392089844,56.98480224609375,29.646528244018555,30.93776130676269,28.626934051513672,17.54237174987793,16.291790008544922,19.127403259277344,9.473259925842283,9.13952922821045,13.62522792816162,9.956083297729492,7.985151290893555,0.0907915532588958,0.1137484535574913,0.085334725677967,0.0717241317033767,0.0575277209281921,0.0351554490625858,0.0218843519687652,0.0131145827472209,0.0165648572146892,0.0088177630677819,-0.0114186508581042,-0.0110118836164474,-0.0161980874836444,13.867961883544922,8.73307991027832,4.375307083129883,3.1960904598236084,3.546701669692993,1.984413146972656,2.739816904067993,3.2254433631896973,1.390385389328003,1.450495958328247,2.026303768157959,1.6025956869125366,1.3831629753112793,-0.2051233798265457,-0.1811417341232299,-0.0536231994628906,0.0067931939847767,0.0494819208979606,0.0303273443132638,0.019619395956397,0.0025258194655179,-0.0182682760059833,0.0105247935280203,0.02506023645401,-0.0003575052542146,0.0023898675572127,5.89310884475708,3.78096342086792,2.140153884887696,1.7711316347122192,1.419769287109375,0.932627260684967,1.121589422225952,1.355006456375122,0.7689916491508484,0.7446127533912659,0.8840985894203186,0.762251079082489,0.7362209558486938,0.0125189879102716,0.0054953598964414,0.0386863200731631,0.0158137277759575,21.06141271503929,1,Rekurrensparese,1570,phrase
-340.8312683105469,128.56149291992188,8.683561325073242,37.65256118774414,5.959061622619629,15.211817741394045,-8.882380485534668,-8.965682029724121,-0.341452419757843,-1.1106282472610474,-1.364127516746521,-4.62184476852417,-4.267199993133545,92.9465103149414,46.81718444824219,35.69586563110352,22.36162376403809,29.35760307312012,23.637842178344727,14.551512718200684,16.278059005737305,13.964720726013184,8.940408706665039,11.453099250793455,10.354339599609377,9.174043655395508,0.64825838804245,0.5587919354438782,0.1070495396852493,0.0746336057782173,0.1072171404957771,0.0322006754577159,-0.0389811769127845,-0.0041005602106451,0.0449781790375709,-0.0244397781789302,-0.0579783096909523,-0.0238724090158939,-0.007887571118772,17.404207229614258,8.8367919921875,6.497204303741455,3.854761838912964,3.7259557247161865,3.0723533630371094,2.991213321685791,2.940504550933838,2.037848949432373,1.519484281539917,1.867239236831665,1.94598126411438,1.71716046333313,-0.0329948887228965,-0.0130444774404168,-0.0624923892319202,-0.0437672547996044,0.0651299282908439,0.0452783182263374,0.0466893315315246,0.015233201906085,0.0008723853388801,0.0410652831196785,-0.0119797680526971,-0.0406966283917427,-0.0125223118811845,9.401665687561035,4.110801696777344,3.617364645004273,2.306278944015503,1.815789103507996,1.4236294031143188,1.3928651809692385,1.6252200603485107,1.1756446361541748,0.9427461624145508,1.0347615480422974,1.005718231201172,1.0093200206756592,0.0129616447471141,0.0049188086932452,0.0617213828684667,0.0164327438436989,18.70546116028329,1,Rekurrensparese,1581,phrase
-327.7012634277344,160.0396270751953,4.750039577484131,41.579219818115234,18.505990982055664,27.898691177368164,1.7167078256607056,5.779177188873291,3.8811075687408447,-5.20805025100708,7.767681121826172,-2.531903982162476,-11.982523918151855,108.88306427001952,44.64386367797852,37.21635055541992,18.37979316711425,21.478662490844727,23.54641532897949,20.35076141357422,10.945870399475098,11.079072952270508,13.447174072265623,9.118054389953612,13.17958164215088,9.56956958770752,1.1385656595230105,0.6297423243522644,-0.0111903147771954,0.0918382108211517,0.0182850807905197,0.0486810058355331,-0.0349200405180454,-0.0634964630007743,-0.0237377062439918,-0.0555858314037323,-0.0828626900911331,-0.1166717186570167,-0.1158855855464935,18.40487289428711,9.285633087158203,5.780452251434326,2.7655014991760254,3.05833101272583,3.211829423904419,3.615618944168091,2.0925934314727783,1.5673328638076782,2.716748714447021,1.3876488208770752,2.3174426555633545,1.9457002878189087,0.2077334374189376,0.010869170539081,-0.0801420882344245,-0.0391868092119693,-0.0009481484885327,0.0070791542530059,-0.0207469090819358,0.0119380513206124,-0.0030269026756286,-0.0140710286796092,-0.0047138086520135,0.0286685153841972,0.0046902797184884,10.31926727294922,4.463174819946289,3.4710917472839355,1.6260404586791992,1.5291218757629397,1.5445637702941897,1.901712775230408,1.176626682281494,0.8390304446220398,1.4264863729476929,0.8997834920883179,1.091955065727234,0.9989264607429504,0.0454889931008205,0.0157656219322691,0.1108624781948388,0.0363145008418549,9.525001954717975,1,Rekurrensparese,1601,phrase
-371.7252807617188,137.40298461914062,19.51257705688477,48.85907745361328,2.013874053955078,17.95927619934082,-1.006482720375061,-12.996755599975586,-3.12049412727356,-2.427596092224121,-2.8411450386047363,-6.273967742919922,-4.58109712600708,77.95587158203125,53.35506057739258,38.06636047363281,24.44174575805664,26.893686294555664,21.91806411743164,18.76698875427246,14.422280311584473,14.820679664611816,10.36521816253662,11.089577674865724,10.50655746459961,8.793505668640137,0.35142982006073,0.2726921141147613,0.0502404645085334,0.0755077749490737,0.0634432733058929,0.0367204397916793,0.0235277600586414,-0.0579012259840965,-0.0710243508219719,-0.0225595738738775,-0.024154994636774,0.0070261904038488,-0.0109920781105756,14.519712448120115,7.128660202026367,5.528913974761963,2.7696645259857178,3.3879334926605225,2.4459564685821533,3.146973133087158,2.546070337295532,2.188857316970825,1.8022886514663696,1.819861888885498,1.7563270330429075,1.5048282146453855,-0.1308661252260208,-0.1075428202748298,-0.0539348311722278,-0.0277489852160215,0.0467642396688461,0.0159210488200187,0.011753361672163,0.0593757480382919,0.0510717704892158,0.0329092964529991,-0.0081278095021843,-0.0185352321714162,0.0055390316992998,6.582679271697998,2.8853635787963867,2.6942641735076904,1.452591061592102,1.508206844329834,1.0980260372161863,1.416533350944519,1.299453616142273,1.117790699005127,0.9394062161445618,0.8633937835693359,0.8824902772903442,0.7614193558692932,0.0163539378935325,0.007445057773488,0.0578360776890798,0.0195085761739906,19.786071413843622,1,Rekurrensparese,1604,phrase
-354.1477355957031,128.77828979492188,2.6794354915618896,54.38982391357422,11.38497257232666,21.361469268798828,0.5785747766494751,-2.6202099323272705,4.389520168304443,-1.1377280950546265,2.4913039207458496,-1.2090613842010498,-7.967173099517822,86.01949310302734,49.49384689331055,24.758161544799805,22.06096649169922,27.74637794494629,14.83058261871338,16.856216430664062,11.836881637573242,12.00772476196289,13.28329372406006,12.12156105041504,9.753150939941406,12.222617149353027,0.1773298978805542,0.0953143686056137,0.0527712069451808,0.0449029877781868,-0.0700321644544601,-0.0002274278667755,-0.0163141787052154,-0.0224867016077041,0.0356348529458045,0.0057329349219799,0.0281926710158586,0.0159407556056976,-0.0147421481087803,18.20624351501465,8.665136337280273,4.558193683624268,3.07346773147583,4.132432460784912,2.4014761447906494,3.248087167739868,2.331547260284424,2.0502097606658936,2.411365270614624,2.060168027877808,1.747517466545105,2.276473045349121,-0.1384386420249939,-0.0933443233370781,-0.017709681764245,0.025900200009346,0.104017823934555,0.0636980757117271,-0.0087565947324037,-0.0160348657518625,0.038122683763504,0.0369369685649871,-0.0217086020857095,5.306181265041232e-05,0.0145165938884019,9.499063491821287,3.526001453399658,2.4708445072174072,1.6992149353027344,1.888020396232605,1.2390108108520508,1.6697022914886477,1.1444683074951172,1.0848597288131714,1.3537994623184204,1.0052075386047363,1.071125864982605,0.9554486870765686,0.021487546028323,0.0111302033179998,0.0676793788137866,0.0286373672413499,16.352038088247514,1,Rekurrensparese,1620,phrase
-316.87579345703125,116.83349609375,19.20435333251953,48.55778884887695,7.957773208618164,13.605189323425291,-12.02085781097412,3.5644264221191406,9.846101760864258,-1.1691935062408447,0.566667914390564,4.170705795288086,-0.8001028299331665,99.77847290039062,47.76324462890625,30.36319160461425,24.633718490600582,24.22061538696289,21.512563705444336,19.53572463989257,11.84472370147705,12.441576957702637,15.225899696350098,12.343202590942385,8.714221000671387,8.637940406799316,0.2558015286922455,0.2012689709663391,-0.0250003356486558,-0.0353275276720523,0.0087410267442464,-0.0195546280592679,-0.0110569847747683,0.0017259957967326,-0.039506945759058,-0.0402596667408943,0.0250192768871784,0.0274253524839878,-0.0289925821125507,15.082619667053224,6.951177597045898,5.00158166885376,3.6327078342437744,2.658980369567871,2.274440288543701,3.4477086067199707,1.740003228187561,1.8717442750930784,2.71415376663208,1.8403902053833008,1.5380324125289917,1.478624939918518,0.0501414500176906,0.0116356816142797,-0.0473458059132099,-0.0159443616867065,0.019247991964221,0.0057226084172725,-0.0075070541352033,0.0039181639440357,0.00598217966035,0.0080336090177297,0.0147402547299861,0.0021088218782097,-0.0230166874825954,7.654629707336426,2.629082202911377,3.0724844932556152,1.6093429327011108,1.4967024326324463,0.997062921524048,1.6363221406936646,0.91018944978714,0.9845474362373352,1.2287179231643677,0.9004149436950684,0.8649225831031799,0.7449668049812317,0.0278125553684641,0.0140032437103824,0.1432069238115035,0.0702701705465895,12.885367354461078,1,Rekurrensparese,1624,phrase
-347.50164794921875,154.04527282714844,13.623780250549316,40.68597030639648,12.41307258605957,9.890413284301758,2.931715488433838,1.957455277442932,5.730902671813965,-0.285506010055542,-2.893039464950561,-3.5886011123657227,-4.68333911895752,83.38957214355469,58.73278427124024,28.7199649810791,26.53741836547852,21.895626068115234,19.79202651977539,12.42331886291504,10.151799201965332,8.532462120056152,10.285579681396484,12.627699851989746,10.030667304992676,13.853437423706056,0.5615742206573486,0.2989494204521179,0.0564511306583881,0.0472371391952037,-0.0082979779690504,0.0482397563755512,0.0017175722168758,0.0048878560774028,-0.0531074628233909,-0.012873850762844,-0.0127740763127803,0.0158210285007953,-0.0208078864961862,16.035287857055664,9.817320823669434,4.564138889312744,2.7288153171539307,3.893038034439087,2.550457715988159,2.142783641815185,1.877009987831116,1.234965682029724,1.8829172849655151,1.9797366857528689,1.7767994403839111,2.2490439414978027,-0.2578963935375213,-0.1359845101833343,0.0521993152797222,0.0460096262395381,0.1103256344795227,0.0829654112458229,0.0230376906692981,0.004755622241646,-0.0070030689239501,-0.0139602292329072,-0.0341860204935073,-0.0172453168779611,-0.0198687724769115,8.007028579711914,4.201545238494873,2.8210721015930176,1.7894803285598757,1.7891544103622437,1.1269207000732422,1.1950078010559082,0.9289983510971068,0.8832551836967468,1.056471586227417,0.9157622456550598,0.9164698719978333,1.1405737400054932,0.0327718992277343,0.0132221098920959,0.0815363481473544,0.0286824249386159,11.42490418687505,1,Rekurrensparese,1626,phrase
-230.52294921875,117.3474349975586,0.2698745727539062,49.48306274414063,-0.8222796320915222,39.00270462036133,-5.354824066162109,5.207370758056641,-0.0175892412662506,2.836942672729492,3.1138832569122314,1.3055418729782104,-1.1543869972229004,84.05354309082031,32.92488479614258,30.64222717285156,22.1523494720459,23.846284866333008,20.592214584350582,21.63504409790039,12.64453411102295,9.450193405151367,8.823424339294434,9.420315742492676,12.196893692016602,8.96353530883789,0.1514421254396438,-0.039315577596426,-0.2134918421506881,-0.0161051154136657,0.0506157465279102,0.1209526285529136,0.0675104632973671,-0.0281808618456125,0.0441860146820545,-0.0100263357162475,-0.0210932288318872,-0.017844796180725,0.0329755544662475,12.3972749710083,4.908347129821777,4.608962535858154,3.165188789367676,3.3933234214782715,3.0191946029663086,3.57287859916687,2.6257741451263428,1.7390546798706057,1.573541283607483,1.7269264459609983,1.7739166021347046,1.4932019710540771,-0.5860643982887268,-0.2401162385940551,-0.0009967038640752,-0.0931957140564918,0.0923669263720512,0.077422022819519,0.1381149441003799,0.0494804196059703,0.0607355125248432,0.082791119813919,-0.0114930095151066,-0.0116049796342849,0.0098639307543635,6.84266471862793,2.4831483364105225,2.486999988555908,1.63709819316864,1.957926630973816,1.602207899093628,1.890098214149475,1.4218586683273315,0.985940158367157,0.960804522037506,0.9282440543174744,0.8813403844833374,0.8661274909973145,0.0742460096312866,0.0380436085420896,0.2127755520530705,0.1010425487612286,7.09379104726416,1,Rekurrensparese,1630,phrase
-289.0050048828125,86.60614776611328,11.085222244262695,32.38291549682617,-3.249842882156372,16.242813110351562,-9.522226333618164,-3.6576993465423584,1.4267714023590088,9.809449195861816,-1.0501679182052612,-2.51812481880188,4.418921947479248,118.13875579833984,54.41181564331055,31.95284843444824,23.077146530151367,21.98822593688965,17.807003021240234,17.15142250061035,14.76197910308838,11.723203659057615,10.808483123779297,13.838891983032228,13.119142532348633,10.09680461883545,0.2803308367729187,0.1871615499258041,0.0236410330981016,-0.0044567612931132,-0.0772265046834945,-0.0272299088537693,-0.0315600149333477,-0.0581285431981086,-0.0214953087270259,-0.0197265353053808,0.0029385541565716,0.0146916508674621,-0.0272393003106117,13.99642562866211,6.58914041519165,4.56149435043335,2.816013813018799,2.624865293502808,2.196094036102295,2.861899375915528,2.257903814315796,1.6822587251663208,1.9536540508270264,1.5964380502700806,1.5988696813583374,1.5775902271270752,0.0606106221675872,0.0349610596895217,0.0244049150496721,0.0183294564485549,0.0002083151630358,0.0145783610641956,0.0010542178060859,0.0154349403455853,-0.0038959728553891,-0.007399016059935,0.0020541190169751,-0.0153129594400525,-0.0043629533611238,6.83134651184082,2.805384397506714,2.145745277404785,1.469712495803833,1.2002605199813845,0.9232355356216432,1.329953908920288,1.048637628555298,0.8220651149749756,0.970869243144989,0.7941953539848328,0.9273921847343444,0.7521350383758545,0.0365842080992857,0.0188178600469535,0.1137860540385171,0.0481797441165002,8.472371847807578,1,Rekurrensparese,1631,phrase
-252.21031188964844,135.31515502929688,-9.052620887756348,44.94202423095703,-1.7389429807662964,35.88376998901367,5.561874866485596,1.95374858379364,2.3414878845214844,10.420697212219238,6.390012264251709,2.845674753189087,-0.4349246621131897,102.60171508789062,36.62964630126953,27.61960220336914,26.40278625488281,17.55061912536621,19.40113639831543,19.16485977172852,13.984501838684082,12.374905586242676,12.118736267089844,9.2694673538208,8.098162651062012,7.106881141662598,0.6034030318260193,0.3646698892116546,-0.0595520175993442,-0.0492573380470275,-0.0379725098609924,0.0942572876811027,0.0374147221446037,-0.060833103954792,0.0622334368526935,0.016777841374278,-0.0493749938905239,-0.0159528218209743,-0.0225729625672101,13.20925235748291,6.948626518249512,4.157498836517334,3.186779260635376,2.4336886405944824,3.025441646575928,2.5197579860687256,2.211106777191162,1.824517846107483,1.7611281871795654,1.487440586090088,1.5207085609436035,1.479708909988403,-0.176862433552742,-0.0425596535205841,0.0466047897934913,-0.0086274622008204,0.0709957778453826,-0.0124324299395084,-0.0474017858505249,-0.0854321494698524,-0.0274622738361358,0.0443722493946552,-0.0586964637041091,-0.039765790104866,0.0179900210350751,5.972644805908203,2.8880603313446045,1.791040062904358,1.1826382875442505,1.2839936017990112,1.1191954612731934,1.2218199968338013,1.2679342031478882,0.896884024143219,0.9789544939994812,0.7982606887817383,0.8333131670951843,0.7460101246833801,0.0573930691158539,0.0330574856879789,0.2472496150926685,0.139665943737093,7.817155912251707,1,Rekurrensparese,1638,phrase
-361.8175964355469,130.3723602294922,6.917518138885498,51.13636779785156,0.0446097701787948,35.621925354003906,-0.5973919630050659,-7.50530481338501,-0.1163659840822219,6.1303391456604,11.389859199523926,-1.2434449195861816,-8.700754165649414,89.3034439086914,39.817962646484375,27.489198684692383,24.030738830566406,19.8448486328125,23.67281150817871,14.856534004211426,14.753029823303224,11.115671157836914,13.655991554260254,10.709221839904783,10.594574928283691,10.40090274810791,0.2863794565200805,0.0360406190156936,-0.2615408897399902,-0.107548601925373,0.0861263647675514,0.2060345560312271,0.1314302682876587,0.0253447294235229,0.0232474338263273,0.0446614921092987,0.0111584160476922,-0.0687425062060356,-0.0399192906916141,14.100708961486816,5.467813968658447,3.8193821907043457,3.245116710662842,2.566779375076294,3.0407187938690186,2.3000402450561523,2.3149280548095703,1.7701878547668457,1.8457742929458616,1.765828251838684,1.431314468383789,1.666710376739502,-0.0711096972227096,-0.0449420697987079,-0.0338711589574813,-0.0241032354533672,0.0293295383453369,0.0480560399591922,0.0547823421657085,0.0181709434837102,0.019682802259922,0.0320768542587757,0.0046913302503526,-0.0077988295815885,-0.0048240809701383,5.988128185272217,2.4324519634246826,2.0112032890319824,1.6212905645370483,1.2876302003860474,1.398889422416687,1.4148093461990356,1.0696343183517456,1.0291385650634766,0.8634631037712097,0.9327357411384584,0.7520389556884766,0.8895557522773743,0.0402031596872344,0.0224190928120487,0.1482036131075123,0.0648699956869292,9.73821116798964,1,Rekurrensparese,1641,phrase
-303.17828369140625,105.67667388916016,-15.9810791015625,44.91325378417969,-6.137474060058594,18.38332939147949,-1.8465067148208616,4.308262348175049,4.494936466217041,9.509060859680176,3.63120174407959,-2.974379062652588,-0.7076646685600281,94.30538177490234,29.283275604248047,21.374191284179688,20.750675201416016,20.50825881958008,10.84400749206543,15.615081787109377,13.059494972229004,9.801962852478027,10.799890518188477,9.13294506072998,9.938864707946776,8.881690979003906,0.3570296168327331,0.0800843387842178,0.0007142306421883,-0.0238806009292602,-0.0608158931136131,-0.0289549008011817,-0.0247019790112972,0.0149238659068942,-0.0322971157729625,-0.0302381012588739,-0.0104355858638882,-0.0024483210872858,-0.02430303953588,13.403960227966309,5.090382099151611,3.2483010292053223,2.914642095565796,2.6872222423553467,1.5726240873336792,2.21111273765564,1.5473202466964722,1.5875471830368042,1.5015274286270142,1.6628743410110474,1.7312355041503906,1.5391361713409424,0.1291346997022628,0.0636744573712349,-0.0121918516233563,-0.0145758092403411,0.0026663243770599,0.0340631492435932,-0.000144214121974,-0.030104111880064,-0.0361219570040702,-0.0319483056664466,-0.0334369428455829,-0.0189710222184658,-0.0125466724857687,6.240691184997559,2.328830003738404,1.6316745281219482,1.3495097160339355,1.3016588687896729,0.9499605298042296,1.1541924476623535,0.8819899559020996,0.911318302154541,0.8577061295509338,0.8481834530830383,0.8282814025878906,0.8066175580024719,0.037428918331152,0.0204681090179254,0.1600217963220068,0.069870814423891,9.108934308917275,1,Rekurrensparese,1644,phrase
-257.1128845214844,104.82583618164062,14.72523593902588,51.67781448364258,2.6357882022857666,32.153900146484375,-9.349251747131348,-1.1740164756774902,6.742958068847656,4.349947452545166,-4.940708160400391,-7.6253662109375,0.5035215616226196,85.91448211669922,34.57423400878906,28.99666213989257,21.90449905395508,28.061994552612305,19.30567169189453,20.545330047607425,12.660075187683104,10.325934410095217,10.223029136657717,13.119168281555176,10.73832893371582,7.687456130981445,0.5209071040153503,0.3987524807453155,0.166688397526741,0.0965052619576454,0.0190149769186973,0.1315617114305496,0.0081069767475128,-0.0342145711183548,0.0240976940840482,0.0047795702703297,-0.0138648506253957,-0.0553461089730262,-0.0292352102696895,15.59533405303955,6.0900068283081055,5.302577018737793,4.1370391845703125,4.321118354797363,2.202605724334717,4.042708873748779,1.9033772945404053,1.848909854888916,1.933261156082153,2.395729780197144,1.9562859535217283,1.6747180223464966,-0.2746568620204925,-0.1101650819182396,0.0446359142661094,0.0344680659472942,0.1191810071468353,0.0292629245668649,0.0604855567216873,0.0611978359520435,0.0315362848341465,0.0470115207135677,-0.0097136190161108,0.005060042720288,-0.0336781628429889,9.664353370666504,3.261711359024048,3.20218276977539,2.326356649398804,2.288519382476806,1.1591894626617432,2.032587766647339,1.0925097465515137,1.1514562368392944,1.140111804008484,1.1544212102890017,0.931385338306427,0.9981561303138732,0.0311460301283036,0.017128599477373,0.1042286962747415,0.0395465736411205,14.964741184232397,1,Rekurrensparese,1655,phrase
-378.1180114746094,147.80760192871094,17.18462562561035,48.37266540527344,16.48008918762207,26.781570434570312,-0.1442947685718536,-11.221113204956056,1.4187263250350952,-1.894703984260559,-11.319989204406738,-13.310888290405272,-4.952922821044922,82.2711410522461,48.7279052734375,25.1933650970459,27.01424026489257,33.0878791809082,18.94345664978028,17.397964477539062,14.324800491333008,12.07823657989502,10.22409725189209,12.513665199279783,11.492483139038086,10.074529647827148,0.7753976583480835,0.6239942908287048,0.0880624949932098,0.0479227527976036,0.0937289074063301,0.0879705250263214,-0.0094194868579506,-0.0326817221939563,0.0063306400552392,0.0103006269782781,0.0030238288454711,-0.0669035986065864,-0.1413174271583557,17.895709991455078,9.737064361572266,4.603853225708008,3.676291465759277,4.105343341827393,2.9622914791107178,3.089331150054932,2.9257521629333496,1.892200589179993,1.6812744140625,2.266674280166626,2.2963085174560547,1.9534000158309937,-0.4669449627399444,-0.1996649950742721,0.0501435473561286,0.0161331184208393,0.1369286924600601,0.0556895770132541,0.0695176199078559,0.0559122115373611,0.0581104196608066,0.0200799610465765,-0.029074678197503,-0.0093383202329278,0.0247105918824672,9.181414604187012,4.048004627227783,2.6960225105285645,1.891224980354309,1.8709914684295648,1.4431055784225464,1.4574776887893677,1.3828150033950806,0.8179776072502136,0.8622260689735413,1.0182483196258545,1.0813570022583008,1.031323790550232,0.0241941590000598,0.0106745616285037,0.090967804805796,0.0387937324999456,13.555502362971538,1,Rekurrensparese,1658,phrase
-296.9354858398437,177.22021484375,-1.1122136116027832,39.01975631713867,23.694286346435547,27.555221557617188,5.103144645690918,7.6805548667907715,4.023167133331299,-8.03026008605957,6.879051685333252,-1.2220149040222168,-14.942405700683594,103.10108947753906,50.75231170654297,34.49242401123047,17.596363067626953,23.690031051635746,24.90686798095703,26.50284004211425,11.930453300476074,14.04125690460205,11.38645362854004,7.40066385269165,11.418261528015137,11.831557273864746,1.316641092300415,0.8339313864707947,0.085723653435707,0.1623680889606475,0.1045838445425033,0.1174472495913505,0.0478441268205642,-0.0150446007028222,-0.038166806101799,-0.0574504062533378,-0.0268984641879796,-0.1211138293147087,-0.0978688895702362,16.016921997070312,9.822835922241213,5.639608383178711,3.400752782821656,3.5904815196990967,2.863109350204468,3.813977241516113,2.3577771186828613,1.848542094230652,2.186165809631348,1.335193753242493,1.7510974407196045,2.491797924041748,0.1025441661477088,-0.088597871363163,-0.0632842928171157,0.0777486264705658,0.0956579893827438,0.0219425074756145,-0.0307053606957197,0.0268774516880512,0.0678996741771698,-0.0020631940569728,-0.0270435400307178,0.0476169325411319,0.0161473490297794,8.748761177062988,3.880396604537964,3.643963098526001,1.8648369312286377,2.1938133239746094,1.43195378780365,1.7188481092453003,1.1691642999649048,0.857154905796051,1.1860049962997437,0.7594671845436096,0.9966946244239808,1.220124125480652,0.0320923514137596,0.0111458223766473,0.1029007646496829,0.0313864428959385,9.45451649673196,1,Rekurrensparese,1662,phrase
-347.1151428222656,138.5867919921875,22.41704368591309,43.15818786621094,9.10495376586914,14.604663848876951,-8.278316497802734,-16.498384475708008,10.461155891418455,-1.4265767335891724,-12.876701354980469,-9.39427661895752,-5.387106895446777,75.1465072631836,54.44072341918945,33.27434158325195,23.944543838500977,29.887939453125,23.638545989990234,14.762041091918944,15.290240287780762,12.976152420043944,11.456504821777344,11.062195777893066,12.190421104431152,9.039042472839355,0.0839783623814582,0.2017032206058502,0.2521303296089172,0.1865488737821579,0.1275625824928283,0.055705789476633,0.0209897328168153,0.044127594679594,0.0335070565342903,-0.0182358212769031,-0.0544216111302375,-0.0551885403692722,-0.0552543997764587,14.739018440246582,9.82148265838623,5.719738483428955,3.260437488555908,3.501253128051758,2.557513475418091,2.7326860427856445,3.204894781112671,2.165971279144287,1.9308134317398071,2.1869919300079346,2.104694366455078,1.74733304977417,0.0026243177708238,0.0097384126856923,-0.0331550240516662,-0.0482673123478889,0.0270974114537239,0.0513764955103397,0.0387605354189872,0.0251638256013393,0.0051996819674968,0.013546978123486,-0.0003012277302332,-0.0132713681086897,0.0036190648097544,7.329277515411377,4.414499759674072,2.997078418731689,1.7602640390396118,1.499271035194397,1.0773639678955078,1.256084680557251,1.3698676824569702,1.1304917335510254,0.9719101786613464,1.0968782901763916,0.9956222772598268,1.0163044929504397,0.016954921236977,0.0069026198680227,0.0576104357565158,0.0159507703896654,18.020276918079425,1,Rekurrensparese,1664,phrase
-379.6132507324219,137.5570526123047,12.652050971984863,36.9884147644043,17.054241180419922,16.889039993286133,4.195087432861328,0.745105504989624,0.4335509240627289,-2.088306665420532,8.340758323669434,3.987846374511719,-5.185990333557129,103.74220275878906,61.64962768554688,31.976810455322266,24.73074531555176,21.63673210144043,14.378348350524902,13.485600471496582,11.912997245788574,9.845273971557615,13.870884895324709,9.321303367614746,8.743697166442871,10.771949768066406,0.2515771985054016,0.2573674917221069,0.0975633934140205,0.0570104792714118,0.0335406512022018,0.0029633957892656,-0.0055754636414349,-0.010544148273766,-0.0358854383230209,-0.0085342777892947,0.0253733973950147,-0.1010137274861335,-0.1004594564437866,16.37495994567871,9.84421730041504,5.564878940582275,4.190140724182129,3.655907392501831,2.087498664855957,2.727463722229004,2.390918731689453,1.7549457550048828,2.68811559677124,1.4273393154144287,1.6167055368423462,1.6186070442199707,-0.0401085391640663,0.0073568108491599,0.0030033951625227,-0.0346213802695274,0.0444455295801162,0.0574708171188831,0.0597429499030113,0.0166929475963115,-0.0070625231601297,0.0436891466379165,0.0086232563480734,-0.0109472293406724,-0.0078351395204663,9.047967910766602,4.5018510818481445,3.3682119846343994,2.1980419158935547,1.7665092945098877,1.1835212707519531,1.5413148403167725,1.220658540725708,1.049937129020691,1.4262806177139282,0.8791894912719727,1.0037078857421875,0.7782497406005859,0.0232552315951929,0.0107320496635337,0.0974384316003126,0.0296129982018239,13.11297805742712,1,Rekurrensparese,1671,phrase
-343.90679931640625,94.73125457763672,13.741254806518556,46.63097381591797,6.769847869873047,25.640993118286133,-5.656613349914551,4.857132911682129,9.622597694396973,1.5610085725784302,-3.2544937133789062,-4.951821327209473,-3.1670496463775635,113.25666046142578,43.12335205078125,27.928991317749023,22.78876495361328,30.411571502685547,16.193958282470703,20.269824981689453,10.79525661468506,10.994449615478516,11.609002113342283,12.863077163696287,11.906652450561523,8.90688705444336,0.3911123275756836,0.3540393710136413,0.1895791590213775,0.1065567806363105,0.0500630773603916,0.067161850631237,0.0011941627599298,0.0186415668576955,0.0202759876847267,0.0097979577258229,0.0115870255976915,0.0034287883900105,-0.0372816622257232,18.65948486328125,7.225255489349365,5.05850887298584,3.3968992233276367,4.551455974578857,2.210587501525879,3.709090232849121,1.7417365312576294,1.9859709739685056,2.2622218132019043,2.3504860401153564,2.253373146057129,1.6667089462280271,-0.2487396001815796,0.0038342198822647,0.0499591417610645,-0.0542660243809223,0.0914205387234687,0.0268734861165285,0.00452750781551,0.0263709779828786,0.0373922623693943,0.000608617963735,-0.0182808768004179,0.0080323480069637,0.0123494323343038,10.726327896118164,3.683472871780396,3.150453567504883,1.7628755569458008,2.237560272216797,1.2650827169418335,1.7741578817367554,1.0154420137405396,1.114084243774414,1.2451969385147097,1.1754741668701172,1.027713418006897,0.9224408268928528,0.0156280201420709,0.0064186688224461,0.085582259992144,0.0297025727779129,15.436620948915325,1,Rekurrensparese,1676,phrase
-337.29248046875,131.08961486816406,13.03347110748291,33.221900939941406,20.8431339263916,25.055774688720703,0.1250429004430771,-4.879208564758301,2.418396234512329,-2.4397826194763184,-0.3349825143814087,-9.212849617004396,-4.935344696044922,80.9566879272461,42.77938079833984,28.9679012298584,18.817426681518555,20.177392959594727,23.02665901184082,18.02764129638672,13.498711585998535,11.314739227294922,12.492183685302734,10.983553886413574,10.667741775512695,10.402297019958496,0.2506739497184753,0.135105550289154,-0.0407744869589805,0.0280598755925893,0.0615290403366088,0.0431743375957012,-0.0258034914731979,-0.0130953965708613,0.0081245396286249,0.0025064782239496,0.0176256131380796,-0.0067304740659892,0.021619701758027,15.292746543884276,7.389834880828857,5.480358123779297,2.990162849426269,2.372566699981689,2.7438035011291504,2.906874656677246,2.6324245929718018,2.0411906242370605,2.136331796646118,1.81075119972229,1.920798301696777,1.8345171213150024,-0.1056485027074813,-0.0934266597032547,-0.0014440898085013,0.0243524610996246,0.0436228923499584,0.0139457853510975,-0.0272463597357273,0.0028780666179955,-0.0225277189165353,-0.0293603390455245,-0.0341875404119491,-0.0310161430388689,-0.0051756375469267,6.337186336517334,3.0361368656158447,2.4935619831085205,1.434300184249878,1.2440552711486816,1.122454285621643,1.2375447750091553,1.1946192979812622,1.0189967155456543,1.1443333625793457,0.9769155979156494,0.8376705646514893,0.8133110404014587,0.0209418845553644,0.0066759952366051,0.0866392503718588,0.0293136585602579,16.674944719775738,1,Rekurrensparese,1683,phrase
-293.9980773925781,148.6037139892578,11.363921165466309,30.23310852050781,4.645877838134766,13.261441230773926,-16.675949096679688,-15.578274726867676,6.193449020385742,-5.644181728363037,-3.975106239318848,-4.8313469886779785,-8.47166919708252,63.34767150878906,48.82495880126953,35.58099365234375,26.090442657470703,30.237417221069336,17.95270347595215,16.63179588317871,13.867631912231444,9.33198070526123,14.766018867492676,13.02354335784912,11.254698753356934,10.50678539276123,0.5113868117332458,0.3845495581626892,-0.0551384501159191,-0.1497274041175842,-0.1209246516227722,-0.0374737381935119,-0.0262964908033609,-0.0680483281612396,-0.0479948706924915,-0.0491826236248016,0.0018481041770428,0.0504348389804363,-0.0048952144570648,12.967907905578612,8.884307861328125,5.951330661773682,3.1590023040771484,4.160813331604004,2.178205728530884,3.061203718185425,2.508960962295532,1.4236608743667605,3.022618770599365,2.136136054992676,1.933063626289368,2.083803653717041,-0.1898710876703262,-0.0334543026983737,0.0998341888189315,0.0450651161372661,0.1000416949391365,0.0701930969953537,0.0178695674985647,-0.0429177582263946,-0.0443826802074909,-0.0103752510622143,-0.0104946922510862,0.0061372439377009,-0.000500907015521,7.382026195526123,3.846017837524414,3.588563203811645,1.7313581705093384,1.904518365859985,1.0929220914840698,1.6219165325164795,1.3445837497711182,0.7521683573722839,1.437845230102539,0.9262233376502992,1.0387190580368042,0.950927436351776,0.0278144885883516,0.0136544402072672,0.0541307639216677,0.0174598649380972,16.40576659659971,1,Rekurrensparese,1691,phrase
-351.9597473144531,137.70973205566406,23.938461303710938,49.45385360717773,4.940299987792969,15.88447380065918,-2.525606870651245,-14.818437576293944,11.116196632385254,0.8505145311355591,-9.334569931030272,-7.223925113677978,-5.458779335021973,91.38137817382812,58.00499725341797,34.811805725097656,26.18691635131836,31.68830680847168,19.49252891540528,13.361743927001951,15.64748477935791,12.91526699066162,9.685093879699709,12.043787002563477,11.799931526184082,8.903118133544922,0.2719803154468536,0.1035623103380203,-0.0445207394659519,0.0474415682256221,-0.0720739960670471,-0.0765468627214431,-0.0670599639415741,-0.0972334966063499,-0.0503685213625431,-0.0590354762971401,-0.0227940138429403,-0.0078434878960251,-0.0649635791778564,15.54826545715332,9.77834129333496,5.837847709655762,3.5766937732696533,4.299891948699951,2.283958196640014,2.469736337661743,3.1893773078918457,1.9872002601623533,1.9619041681289675,2.200042963027954,1.8906337022781368,1.6898868083953855,0.1942718476057052,0.2385362535715103,0.0766871348023414,-0.0231847502291202,0.0375104025006294,0.0070244525559246,-0.0370572991669178,0.0111626796424388,0.0218568090349435,0.0040010306984186,-0.0048426995053887,-0.0152261573821306,-0.0212397444993257,8.242216110229492,4.550870895385742,3.4908080101013184,1.9826817512512207,1.734856367111206,1.1525263786315918,1.229849338531494,1.5730916261672974,1.1326279640197754,1.075206995010376,1.153056502342224,1.1693027019500732,1.0562905073165894,0.0217609514004909,0.0086659901837974,0.0572052085792685,0.0162465031423211,16.076863344364867,1,Rekurrensparese,1713,phrase
-339.4924011230469,111.7763442993164,-0.7854716181755066,45.719608306884766,-0.0810032039880752,24.702051162719727,-8.66934585571289,1.8910682201385496,6.286121845245361,-1.6469069719314575,9.31748390197754,-7.587316036224365,-10.192819595336914,90.43254089355467,35.815269470214844,18.39745330810547,22.13710594177246,23.95737648010254,13.019615173339844,17.808805465698242,11.828688621520996,13.448057174682615,12.967223167419434,7.313512802124023,14.154048919677734,11.48580551147461,-0.2619816660881042,-0.0697314441204071,0.0928255692124366,-0.0312480274587869,0.0707599893212318,0.0076869069598615,-0.0589723587036132,0.076514333486557,0.0774534419178962,-0.0046755569055676,-0.0141399260610342,0.0552262030541896,0.0001421169290551,14.24431610107422,6.475235462188721,3.3675498962402344,3.15152645111084,2.86975359916687,2.0384464263916016,2.6749162673950195,2.0976433753967285,2.109737634658813,2.173001289367676,1.3498703241348269,2.203179359436035,1.907955765724182,-0.0097577553242445,0.0268189627677202,0.0573680512607097,0.0082329716533422,-0.0082743559032678,0.0227828547358512,0.0302001889795064,0.0261757858097553,0.0075313760899007,-0.0206649862229824,-0.0187937319278717,0.0110184513032436,0.0069777220487594,6.691567897796631,2.8259522914886475,2.085528612136841,1.4034833908081057,1.3263193368911743,1.1653228998184204,1.2043551206588743,1.1475834846496582,1.122771382331848,1.0679481029510498,0.7914493680000305,0.9664666056632996,0.8840276598930359,0.0320343069906088,0.0152527051000445,0.1192533082890771,0.0560463972563704,14.417085197441258,1,Rekurrensparese,1722,phrase
-384.89202880859375,133.57521057128906,7.296051025390625,38.639251708984375,13.306171417236328,6.594959735870361,-6.6399030685424805,-2.7998108863830566,-0.2495510876178741,0.244221344590187,1.1898568868637085,-11.88955783843994,-2.465665578842163,97.12002563476562,58.20914840698242,29.193923950195312,28.55394744873047,24.309776306152344,18.125402450561523,15.721261978149414,10.90875244140625,12.510196685791016,11.47215461730957,9.406781196594238,15.525206565856934,10.423961639404297,0.1563643664121627,0.1266006082296371,0.0344899892807006,0.0103776799514889,-0.0371561869978904,-0.0377581641077995,-0.0033318519126623,0.0152337169274687,0.0084017869085073,-0.0001318186550633,0.0078835748136043,0.0057827089913189,-0.003143019741401,16.62660789489746,8.836917877197266,4.70728063583374,3.202730894088745,3.4040560722351074,2.2282633781433105,2.414825201034546,1.7801436185836792,1.7487306594848633,1.6519443988800049,1.5572497844696045,2.490769147872925,1.7352640628814695,-0.0163021851330995,0.0059148049913346,0.0139351459220051,0.0251472517848014,0.0466204993426799,0.0182411391288042,0.0100359367206692,0.0118258781731128,0.0019791794475167,-0.0026059029623866,-0.0067682336084544,-0.0168174244463443,-0.003522963495925,6.886903762817383,3.641693115234375,2.4465339183807373,1.506394386291504,1.7129621505737305,1.013573169708252,1.1464762687683103,0.8822392225265503,0.8008998036384583,0.784856915473938,0.7009613513946533,1.008386492729187,0.7990543842315674,0.0118925043134891,0.0054330664097551,0.0403384301417003,0.0127464353525155,22.30616379669512,1,Rekurrensparese,1743,phrase
-376.4990234375,145.37152099609375,8.643623352050781,30.89243698120117,25.780414581298828,31.248760223388672,-0.5543392300605774,-12.382363319396973,6.742170810699463,2.417532444000244,-1.7352200746536257,-0.3811772763729095,-1.602477788925171,109.9706573486328,65.91353607177734,30.93918800354004,20.54576110839844,23.531673431396484,23.63396453857422,15.487957000732422,16.93082046508789,8.769526481628418,11.176164627075195,10.727521896362305,9.705720901489258,10.504685401916504,0.2391826212406158,0.191567838191986,0.0248397439718246,0.0121951820328831,0.0129486229270696,0.0148041192442178,0.0079888543114066,-0.0006672495510429,0.0141314016655087,0.0144892977550625,0.0014731566188856,-0.0095521733164787,-0.024270799010992,15.544279098510742,9.440359115600586,4.732605457305908,3.647515296936035,3.518178939819336,2.8990495204925537,2.648085117340088,2.9209535121917725,1.4971948862075806,1.7685627937316897,1.953725814819336,1.5672427415847778,1.4491816759109497,0.0081587322056293,-0.033018659800291,-0.0588580258190631,-0.0012232039589434,0.0473840422928333,0.0497653260827064,0.0343180261552333,0.0293998643755912,0.0296676214784383,0.0206199008971452,0.0145643791183829,0.0138627095147967,0.0038696981500834,7.483252048492432,3.5177037715911865,2.389490127563477,1.9295886754989624,1.8057315349578853,1.3408347368240356,1.610748529434204,1.157626032829285,0.8895096778869629,0.978276252746582,1.0221998691558838,0.7784992456436157,0.8198261260986328,0.0306079496468659,0.0147014097018345,0.1037100950323746,0.0388625685873555,11.703347599898402,1,Rekurrensparese,1748,phrase
-387.6525573730469,154.2569122314453,12.839258193969728,44.06949615478516,20.36322021484375,25.704763412475582,8.697345733642578,-4.568263053894043,1.2610254287719729,5.6922454833984375,7.90151834487915,-0.9071093201637268,-6.484709739685059,95.25554656982422,63.20903396606445,34.53022003173828,24.587627410888672,20.924028396606445,19.873743057250977,20.295799255371094,11.46111011505127,12.408370971679688,11.210002899169922,10.89320945739746,9.34244441986084,12.577390670776367,0.5841351747512817,0.4177433848381042,-0.0922268107533454,-0.0544083006680011,-0.008061327971518,-0.0664496198296547,-0.0395354628562927,-0.048735361546278,-0.0839615240693092,-0.1049479842185974,0.0013350466033443,0.0186269208788871,-0.0016426687361672,13.958011627197266,9.531815528869627,4.714426517486572,2.9760358333587646,3.2130355834960938,2.466030597686768,2.9899494647979736,2.006908416748047,1.7124725580215454,2.018238067626953,1.5913840532302856,1.5364774465560913,2.0027060508728027,0.0031296366360038,0.0117181921377778,0.0118225226178765,-0.0108057241886854,-0.0074874414131045,0.0162077527493238,0.0158476121723651,0.0149829974398016,0.0081444336101412,0.0097060445696115,0.0126694506034255,-0.0066296551376581,0.0165161769837141,6.8018317222595215,3.8356237411499023,2.51238226890564,1.720554232597351,1.5461993217468262,1.1239274740219116,1.543649673461914,0.9660414457321168,0.8948245644569397,0.9484372138977052,0.830612301826477,0.8780636191368103,0.9330443143844604,0.0202904486731624,0.0073414684662575,0.0900125024213801,0.0289448455514984,15.703593869894886,1,Rekurrensparese,1755,phrase
-371.5021362304688,128.84439086914062,7.152979373931885,48.912628173828125,4.978644371032715,22.64295959472656,-10.912450790405272,-1.0112870931625366,-2.8912365436553955,3.4242515563964844,8.207504272460938,-2.497206211090088,-1.9117395877838133,118.8625946044922,51.94806671142578,26.99395751953125,22.26250457763672,26.611143112182617,14.386527061462402,20.9775447845459,10.785850524902344,11.33682346343994,10.211347579956056,12.6841402053833,11.662744522094728,9.741311073303224,0.2745144069194793,0.152252122759819,0.0280943904072046,-0.0233508665114641,-0.084334947168827,-0.0090802991762757,-0.0169540885835886,0.0110650211572647,-0.0351589545607566,-0.0538472011685371,0.0282206200063228,0.0579761080443859,0.004317897837609,20.43557929992676,8.815423965454102,4.824810028076172,2.7675881385803223,3.970000743865967,2.2916626930236816,3.507418870925904,1.828832507133484,1.814390778541565,1.977197527885437,1.5800235271453855,1.982269525527954,1.6538290977478027,0.0118263913318514,0.0371166989207267,0.0353193804621696,0.0359501726925373,0.0366220995783805,0.0260871797800064,0.004990404471755,-0.0226557329297065,-0.0038033502642065,0.0319661423563957,-0.0001153582561528,-0.0181306693702936,0.0127179119735956,9.704548835754396,3.288173198699951,2.9458670616149902,1.5562340021133425,1.8198702335357664,1.1101291179656982,1.5585134029388428,0.9532842636108398,0.9342634677886964,1.0049878358840942,0.785982608795166,0.9547548294067384,0.8170236349105835,0.0390317244677805,0.019719259322748,0.1578618826611648,0.0702351000097205,10.61499943791211,1,Rekurrensparese,1760,phrase
-352.9755249023437,119.58257293701172,13.295004844665527,45.73518371582031,14.462726593017578,17.77301025390625,-5.034402847290039,0.8586382269859314,1.5370924472808838,5.988657474517822,8.32469654083252,-4.456195831298828,-3.368363618850708,104.12899780273438,52.5598258972168,27.387351989746094,23.04552459716797,24.53774642944336,14.597169876098633,16.902931213378906,11.225582122802734,10.12673282623291,12.60934829711914,10.376786231994627,13.691275596618652,9.69399642944336,0.3121674656867981,0.2023658752441406,0.0122608998790383,0.0324066169559955,0.0023660054430365,0.0099254418164491,0.0035281465388834,0.0065613077022135,0.0162307824939489,0.0160933714359998,0.0091914096847176,0.0074600712396204,0.0024522738531231,14.742114067077637,8.594482421875,4.505777359008789,2.4026873111724854,3.731358289718628,2.366349935531616,2.8869054317474365,2.1878409385681152,1.8305946588516235,1.9877346754074097,1.6655120849609375,2.235882043838501,1.651211142539978,-0.0305720083415508,0.0219273287802934,-0.0040074638091027,-0.0033101893495768,0.076160691678524,0.0306651201099157,0.0217956472188234,-0.0035409580450505,-0.0057267788797616,-0.0025475141592323,-0.0756423398852348,-0.0608475320041179,-0.0231347233057022,7.2873382568359375,3.4124252796173096,2.531590461730957,1.4632610082626345,1.8434871435165403,1.265705704689026,1.4190374612808228,1.101221799850464,0.9885791540145874,1.0770450830459597,0.990208089351654,1.0918763875961304,0.7843215465545654,0.035347706152282,0.0182366233524966,0.1089752972393733,0.043330033520686,13.3903433254029,1,Rekurrensparese,1776,phrase
-327.7395324707031,107.58743286132812,25.578264236450195,43.944854736328125,3.7026662826538086,27.05303382873535,-5.555858612060547,-7.981274127960205,13.238964080810549,5.966540813446045,-5.099034309387207,-1.7423229217529297,0.3292892873287201,94.1914520263672,47.76252365112305,29.804481506347656,27.86601829528809,22.467403411865234,21.419584274291992,20.09698867797852,13.863210678100586,12.274015426635742,10.229392051696776,12.953498840332031,9.993108749389648,11.312216758728027,-0.0155801242217421,0.0129708116874098,0.0558593347668647,0.0483652204275131,0.0382838435471057,0.0270463060587644,-0.0005543375154957,0.00463711284101,0.0208026189357042,0.0077527551911771,-0.0042866179719567,0.0038263155147433,-0.0047246045432984,14.15743637084961,6.731805801391602,4.731600761413574,3.047344923019409,3.018125057220459,2.777752637863159,2.9388792514801025,2.322848320007324,1.63673734664917,1.590858817100525,1.782944917678833,1.5090540647506714,1.6472994089126587,-0.0299266166985034,-0.0562923140823841,-0.0369704775512218,0.0091207362711429,0.0227632522583007,0.0231776442378759,0.0091706551611423,-0.0098473578691482,-0.0209398809820413,-0.0175567250698804,-0.0051271747797727,-0.0080251861363649,-0.0125817656517028,6.547033309936523,3.3318490982055664,2.4836792945861816,1.668900728225708,1.4235491752624512,1.28301203250885,1.3440970182418823,1.111591100692749,0.8289849758148193,0.929818034172058,0.9153289794921876,0.7974869012832642,0.8931200504302979,0.0280591729229666,0.0125404222894832,0.0736704970277533,0.0234432692937987,15.620251423215304,1,Rekurrensparese,1784,phrase
-335.5965576171875,110.83101654052734,22.45484161376953,46.99355697631836,0.7928914427757263,22.98904800415039,-11.653196334838867,7.084818363189697,8.935662269592285,-1.518091082572937,4.267998218536377,-5.000655651092529,-0.3169717490673065,98.42389678955078,39.06938934326172,27.457813262939453,21.544734954833984,29.25172996520996,17.701406478881836,23.74022483825684,8.88490104675293,14.72459888458252,14.22068214416504,9.571210861206056,12.762173652648926,7.676002025604248,0.415704071521759,0.2550672590732574,0.0603867098689079,0.0253616757690906,-0.0944961905479431,0.0015370512846857,-0.0057628145441412,0.0015898187411949,-0.0166283957660198,-0.0383498929440975,0.0347456336021423,0.0315230675041675,0.0015885041793808,16.315980911254883,6.638780117034912,4.573136806488037,3.14689564704895,4.184138298034668,2.404803514480591,4.460779666900635,1.60513436794281,2.1797990798950195,2.658891439437866,1.944977045059204,2.361680507659912,1.5508350133895874,-0.0604810491204261,-0.0351256430149078,-0.0146457478404045,-0.069702498614788,0.0210688654333353,0.089098036289215,0.0169925037771463,-0.0003330878389533,0.0076221451163291,-0.0097269229590892,-0.0306539498269557,0.0105479815974831,0.01311606913805,7.94421911239624,3.1984925270080566,2.5325169563293457,1.4445761442184448,1.8871103525161743,1.2666252851486206,1.885670185089112,0.9813430309295654,1.017039775848389,1.268239974975586,0.9372054934501648,1.053067922592163,0.9381381273269652,0.0213072914871244,0.0105536769428119,0.1281141683919983,0.0527833921431768,13.956373741683022,1,Rekurrensparese,1785,phrase
-347.3727722167969,108.6820831298828,8.68864917755127,33.73267364501953,11.701345443725586,9.492497444152832,-14.23353672027588,-7.47211217880249,7.062536716461182,-7.533601760864258,-3.543575048446656,1.438731670379639,-4.380651473999023,102.92633056640624,65.38213348388672,30.739564895629883,22.082719802856445,26.329072952270508,20.387920379638672,20.71013641357422,16.32685089111328,11.10655403137207,15.22050666809082,12.81191635131836,11.064983367919922,9.55438995361328,0.1334584504365921,0.1325236409902572,0.104000836610794,0.0903981700539588,0.0177835226058959,0.0073438240215182,0.0052908910438418,-0.0036915501113981,0.0096034063026309,-0.0022858665324747,0.0125164305791258,0.0053254258818924,-0.0566326975822448,13.165099143981934,9.450281143188477,4.864476680755615,2.8435046672821045,3.813107967376709,2.3801865577697754,3.163778781890869,2.812740564346313,1.755475997924805,2.6668789386749268,2.1339352130889893,1.7376209497451782,1.7277501821517944,-0.2437785863876342,-0.2277292758226394,-0.1093856394290924,-0.0411573834717273,0.03326266258955,0.0548282340168952,0.069333292543888,0.0266077909618616,0.028004178777337,0.0515535622835159,0.0205688700079917,0.0136899640783667,0.0083192670717835,6.975553035736084,3.9025490283966064,2.8140034675598145,1.629305362701416,1.718420386314392,1.1027573347091677,1.3567781448364258,1.1467324495315552,0.8708270192146301,1.3357501029968262,0.8830544352531433,0.884064793586731,0.9166097640991212,0.0172737798225772,0.0064499012712327,0.05672457784511,0.0170016505709422,19.668903647835045,1,Rekurrensparese,1788,phrase
-384.9814453125,168.08541870117188,20.343828201293945,29.13655471801757,31.93956184387207,32.09162902832031,6.804300785064697,3.0761892795562744,8.821389198303223,3.454472303390503,-1.5516570806503296,-6.618302822113037,1.0278674364089966,97.815185546875,51.67174911499024,34.60640335083008,21.26313591003418,20.51768684387207,20.4132137298584,22.487607955932617,15.334932327270508,11.416728973388672,12.79063320159912,10.444665908813477,14.338388442993164,9.320960998535156,0.1840275377035141,0.2009495943784713,0.1831195056438446,0.155415877699852,0.0466548018157482,0.0327362939715385,0.0636061578989029,0.0651125088334083,0.0357525087893009,0.0350149981677532,0.0585980750620365,0.0262479223310947,-0.0301899220794439,14.162814140319824,8.246336936950684,5.4418110847473145,3.4044265747070312,2.924311876296997,3.066422939300537,3.1995205879211426,2.831865072250366,2.10914158821106,1.791404128074646,1.7442985773086548,2.3141467571258545,1.6884418725967407,-0.1331112086772918,-0.1210085228085517,-0.0461158081889152,0.029162747785449,0.1009886264801025,0.0956739038228988,0.0631671547889709,-0.0066084885038435,-0.0307030398398637,-0.0060380389913916,-0.0038007753901183,-0.0057962876744568,-0.0117776077240705,7.126608848571777,3.3947556018829346,2.972449541091919,1.67356276512146,1.748375415802002,1.4833295345306396,1.5945367813110352,1.2878973484039309,1.172600269317627,1.003366231918335,0.9906840324401855,1.2662346363067627,0.9008714556694032,0.0265616227701423,0.0090671075878368,0.0938040318470927,0.0263030458107313,13.163354653741331,1,Rekurrensparese,1789,phrase
-382.7574157714844,118.45087432861328,25.126022338867188,40.681400299072266,12.435954093933104,14.06984043121338,-9.371746063232422,-4.957344055175781,7.487738132476807,-4.5905609130859375,-11.116294860839844,-8.753595352172852,-7.656503677368164,89.74671936035156,58.842262268066406,29.243173599243164,27.503746032714844,27.673622131347656,16.33207130432129,18.23636054992676,11.638381004333496,10.91721534729004,13.362759590148926,11.212444305419922,9.03989315032959,11.32162094116211,-0.0378629975020885,0.0274039078503847,0.0187727138400077,-0.0158737991005182,0.0823602825403213,0.0900318697094917,-0.0035889036953449,-0.0474084243178367,-0.0050236643292009,-0.0412137061357498,-0.0277303494513034,0.0389086231589317,-0.014163926243782,15.363910675048828,10.202253341674805,5.199634552001953,3.6353604793548575,4.112838745117188,2.2432336807250977,3.402789354324341,2.16990613937378,1.6454685926437378,2.341283798217773,2.0825891494750977,1.7186187505722046,2.228174924850464,-0.151938334107399,-0.0381975620985031,-0.0395651571452617,-0.0770239830017089,0.0697814300656318,0.0263896007090806,0.0052359071560204,0.0099431155249476,0.0227869227528572,-0.0264123827219009,-0.0349341705441474,0.0347813628613948,-0.0157776828855276,6.6916913986206055,4.273464679718018,2.919298887252808,1.7526477575302124,1.8018128871917725,1.0527397394180298,1.5247703790664673,1.2662954330444336,1.052818775177002,1.0538469552993774,1.157535195350647,1.1090596914291382,1.2085670232772827,0.0233203706759422,0.0102164384990032,0.0751690606318738,0.0235107393751223,16.491460461903216,1,Rekurrensparese,1803,phrase
-353.1981506347656,151.62901306152344,21.60353279113769,52.90388488769531,7.40654706954956,23.469202041625977,8.699106216430664,-5.757801055908203,-0.9478915333747864,7.036779880523682,4.578553199768066,-5.002362251281738,2.994515419006348,92.0865707397461,54.08373641967773,29.773530960083008,18.98778533935547,20.98714256286621,26.548398971557617,17.2611026763916,13.148879051208496,10.384546279907228,11.62514877319336,7.84006404876709,11.49539279937744,13.340004920959473,0.9014163017272948,0.396922618150711,-0.0787190645933151,0.0902308672666549,-0.0307259317487478,0.0997867658734321,-0.0790367797017097,-0.043542493134737,0.0015788880409672,-0.0806492641568183,0.056037038564682,-0.1008362546563148,-0.1072761192917823,15.92318344116211,9.02979564666748,5.775927543640137,3.0359692573547363,3.489428997039795,2.8954243659973145,2.8496713638305664,1.9627482891082764,2.02134108543396,2.2325432300567627,1.6023272275924685,1.7456483840942385,2.3832807540893555,-0.0740968361496925,-0.0535449869930744,0.0621714070439338,0.0204278249293565,0.0247239898890256,0.0870314314961433,0.0116246743127703,0.0149337314069271,0.0117536569014191,-0.0120976185426115,-0.0230277143418788,-0.0301299337297678,-0.0138520281761884,8.672649383544922,3.909953832626343,3.589453935623169,1.691785216331482,1.9627102613449097,1.3004896640777588,1.651983380317688,0.9967705607414246,1.0985263586044312,1.1656262874603271,0.9086269736289978,1.001243233680725,1.0223112106323242,0.0290959049634004,0.0102659734635723,0.0885534267893504,0.0299518351958291,14.832037022810365,1,Rekurrensparese,1818,phrase
-342.91217041015625,132.73170471191406,12.585328102111816,46.83648300170898,18.17414093017578,-10.086822509765623,-13.779667854309082,-2.1365275382995605,-4.71894121170044,-7.62105655670166,-4.883209705352783,-7.867741584777832,-5.504719257354736,65.81343078613281,51.95816802978516,31.45389175415039,20.94310760498047,27.91712951660156,27.9026107788086,15.23793601989746,14.379602432250977,9.467628479003906,11.645827293395996,12.449108123779297,8.414819717407227,8.174840927124023,0.4948565661907196,0.4047381579875946,0.0796492546796798,0.1254563182592392,0.0669218897819519,-0.0662164315581321,-0.0547321587800979,-0.0587126351892948,-0.0321948528289794,-0.011234562844038,0.0238713417202234,0.0180539209395647,-0.121298149228096,12.986919403076172,9.041537284851074,5.723897457122803,2.98731017112732,3.687745332717896,3.251775026321411,2.7593109607696533,2.0759477615356445,1.6920117139816284,2.245011568069458,2.110473394393921,1.5587289333343506,1.3716347217559814,-0.192343071103096,-0.0928628891706466,-0.0178920645266771,0.0096415914595127,0.0796650946140289,0.0043047135695815,0.0082912622019648,-0.0254149176180362,0.0140787623822689,0.0140542788431048,-0.0348362401127815,0.0185067076236009,-0.0079306727275252,5.995419979095459,3.462770462036133,2.996185302734375,1.9536186456680296,1.813920974731445,1.1804641485214231,1.4580329656600952,1.1090723276138306,0.7595099806785583,1.0318691730499268,0.9843685030937196,0.8261299729347229,0.8007239699363708,0.0122363478076116,0.0054166557708617,0.0416603245455542,0.013594381792242,25.485344575043825,1,Rekurrensparese,1820,phrase
-373.0567932128906,126.8319091796875,13.657064437866213,32.5565185546875,3.340492248535156,13.534873962402344,-5.0858001708984375,-7.814418315887451,-0.7484470009803772,2.42667293548584,-1.8946675062179563,-11.157567024230955,-1.8881765604019165,79.37097930908203,46.38370513916016,28.183982849121094,27.657041549682617,25.399227142333984,19.35489654541016,14.65698528289795,14.97343635559082,12.177530288696287,8.949079513549805,12.65909194946289,12.789265632629396,8.590766906738281,0.3028891384601593,0.3383404910564422,0.1786766201257705,0.0691770389676094,-0.0003208186826668,-0.0162029638886451,-0.0092200469225645,0.0012929373187944,0.0362057164311409,0.0083261467516422,-0.0367214381694793,-0.0167998634278774,-0.0146971009671688,14.932092666625977,7.849919319152832,5.117333889007568,3.383579969406128,2.805036783218384,2.336190700531006,2.3698203563690186,2.633075714111328,1.9660934209823608,1.6007155179977417,1.982313871383667,2.2629036903381348,1.7423282861709597,-0.1506699472665786,-0.105262890458107,-0.002338369609788,0.0287711191922426,0.0431218668818473,0.0143210226669907,-0.001534856040962,0.0019485702505335,0.0496645607054233,0.0533152669668197,-0.0072396825999021,-0.0161547642201185,-0.0170546304434537,6.192516326904297,3.2601077556610107,2.594470262527466,1.770091533660889,1.3128691911697388,1.234278440475464,1.2275933027267456,1.057249665260315,0.8242743611335754,0.9756210446357728,0.8524779081344604,0.9710957407951356,0.886252760887146,0.0147883925931206,0.0059749773841461,0.0442503767768295,0.0136577618272396,22.846664796010234,1,Rekurrensparese,1825,phrase
-313.7623291015625,127.84063720703124,11.323945999145508,40.19814300537109,6.335666179656982,26.199438095092773,2.8448708057403564,3.2962071895599365,20.34873962402344,6.829183578491211,7.542174816131592,0.7471452355384827,-0.9676228761672974,59.9886474609375,36.67406845092773,27.43182373046875,22.00419044494629,23.109390258789062,17.02794647216797,11.982254028320312,8.82033634185791,12.41170883178711,10.387181282043455,9.123007774353027,9.336891174316406,8.720602989196777,0.1905928403139114,0.2866104543209076,0.0496929511427879,-0.086013525724411,0.0045267809182405,-0.0135079147294163,-0.0635611116886138,-0.1165555939078331,0.0113442875444889,0.0989561006426811,0.0232514757663011,-0.0418603718280792,-0.0575065016746521,10.75318431854248,5.471670150756836,4.120303153991699,3.379737138748169,3.187695264816284,2.5901901721954346,2.1441378593444824,1.5210323333740234,2.108926296234131,1.9446955919265747,1.655158519744873,1.751826286315918,1.5216405391693115,-0.291547566652298,-0.1697058081626892,0.0337455831468105,-0.002393890870735,0.060036364942789,0.0246081259101629,0.0070401118136942,0.0405929610133171,-0.0210756380110979,-0.018302422016859,-0.024150175973773,0.0015843462897464,0.0378675162792205,6.30648136138916,2.9780006408691406,2.397003412246704,2.0618226528167725,1.6458373069763184,1.3898894786834717,1.267016887664795,0.9806147813796996,1.080802083015442,1.1897889375686646,0.8820822238922119,1.0427733659744265,0.8615937232971191,0.0252424683877017,0.0111332868159331,0.111708382742719,0.0355530945457852,15.55158231518721,1,Rekurrensparese,1826,phrase
-341.881591796875,126.24459075927734,12.956707954406738,39.65488052368164,16.419025421142578,15.141654014587402,-5.69711971282959,-6.492513656616211,8.396944999694824,-2.4778406620025635,-2.138444662094116,-7.538956642150879,-14.962409973144531,57.10079193115234,37.51956558227539,25.290313720703125,26.55120086669922,23.53221321105957,13.145350456237791,15.59113597869873,9.237600326538086,11.743361473083496,16.97397232055664,9.921380996704102,10.494730949401855,11.027938842773438,0.6251093745231628,0.5258650779724121,0.04899612814188,-0.0001783058251021,0.0502607785165309,0.0481019727885723,0.0550487078726291,0.0009945123456418,-0.010275637730956,0.0475926883518695,0.0633360594511032,0.010262606665492,-0.0345879085361957,10.44547176361084,6.034781455993652,4.295060157775879,3.042769193649292,3.429783582687378,1.7382519245147705,2.615997076034546,1.6002572774887085,1.5983814001083374,2.634734630584717,1.5851722955703735,1.762813687324524,2.0527076721191406,-0.2608534693717956,-0.2172910720109939,-0.0349795781075954,0.0201493557542562,0.0582747720181942,0.062161736190319,0.0549415461719036,0.0242746658623218,-0.0093705141916871,-0.0046042301692068,-0.0206031128764152,-0.0386354178190231,-0.0117360353469848,6.478817939758301,2.685715675354004,2.805163621902466,1.7544724941253662,1.6478826999664309,0.9560327529907228,1.3358179330825806,0.7999935746192932,0.7646971344947815,1.1449990272521973,0.8632611036300659,0.9673582315444946,0.9663896560668944,0.019965577434057,0.0094231000094818,0.0501366840416996,0.0223602727980002,20.88071161467694,1,Rekurrensparese,1829,phrase
-334.7420959472656,108.49022674560548,8.103355407714844,45.62306213378906,5.668672561645508,28.57518768310547,9.44819450378418,-10.12506866455078,-1.558576583862305,4.727493762969971,1.803354024887085,-9.18953800201416,2.014176368713379,114.86605834960938,61.18383407592773,29.417341232299805,25.568214416503903,22.371835708618164,21.95438575744629,16.770992279052734,17.29583168029785,8.799086570739746,11.406126976013184,10.185870170593262,13.10679817199707,9.798818588256836,0.3670524954795837,0.2235399037599563,0.0167062673717737,0.0493292547762393,-0.0227460097521543,0.0062277615070343,0.0355520285665988,0.0199507419019937,-0.0251521673053503,-0.0082390774041414,0.0050208917818963,-0.0397034920752048,0.0158132147043943,15.152762413024902,7.826706886291504,3.87373685836792,3.605203628540039,3.015857219696045,2.828704833984375,2.80651330947876,2.720455408096313,1.393751859664917,1.8606441020965576,1.5831917524337769,1.791116714477539,1.6187772750854492,-0.1483990997076034,-0.1061258167028427,-0.0471195131540298,-0.0221430212259292,0.0363111719489097,0.0106354551389813,0.0301202964037656,0.0307805482298135,-0.0001686589821474,-0.0003846524341497,0.0036859230604022,-0.0055332919582724,-0.0091491006314754,6.363963603973389,2.970789670944214,2.166980504989624,1.7849220037460327,1.570260763168335,1.3308756351470947,1.306531310081482,1.2040280103683472,0.8467006683349609,0.9350674152374268,0.8406615257263184,0.8537172079086304,0.8452978134155273,0.024371919442772,0.007393045133809,0.0596842067047957,0.0210163692224747,14.882605289131714,1,Rekurrensparese,1830,phrase
-360.3285217285156,133.99465942382812,-13.20105266571045,36.11197662353516,8.950173377990723,6.780998706817627,3.53338623046875,-1.9006657600402832,-8.328506469726562,0.9820374250411988,-5.727351188659668,-5.528548717498779,-8.191414833068848,85.26399993896484,48.82108688354492,32.2405891418457,19.702917098999023,24.6530876159668,23.68588638305664,21.220849990844727,9.978684425354004,15.63014316558838,13.245986938476562,9.15672206878662,12.310955047607422,8.645221710205078,0.4532231390476227,0.3645922243595123,0.0967169404029846,0.0857760459184646,0.0366786867380142,0.0387397520244121,0.0659671872854232,0.0423093363642692,0.0069274245761334,-0.0138993449509143,-0.056881733238697,-0.0828005298972129,-0.0693211928009986,15.187126159667969,9.740856170654297,5.822524070739746,3.230968713760376,4.08214807510376,2.966073036193848,3.251415491104126,1.6748589277267456,2.583213806152344,2.1572515964508057,1.7942126989364624,2.361252784729004,1.610997200012207,-0.0713329911231994,0.0336220413446426,0.0293929949402809,-0.0203800480812788,0.104453906416893,0.0482752285897731,-0.0010655256919562,0.0504037924110889,-0.0047997841611504,-0.048244047909975,0.0385091677308082,0.0567147135734558,-0.0162890423089265,7.134757995605469,4.411695957183838,2.965738773345948,2.2268760204315186,1.891767978668213,1.2543489933013916,1.36889386177063,0.9298936128616332,1.2395974397659302,1.1129697561264038,0.9081768989562988,1.0541836023330688,0.8318498730659485,0.0170547089221572,0.0061068346559422,0.0602048051073874,0.0145030757399621,17.72375467209522,1,Rekurrensparese,1831,phrase
-308.0890197753906,156.19683837890625,8.697867393493652,24.079673767089844,25.49341011047364,17.278976440429688,3.4451470375061035,-1.9091274738311768,-7.278024673461914,-8.991057395935059,-1.352538824081421,-1.8894509077072144,-5.582561016082764,84.75945281982422,51.41801071166992,37.36864471435547,22.90519523620605,25.070051193237305,25.77310562133789,18.87493133544922,13.633840560913086,11.352952003479004,12.212090492248535,9.522480964660645,9.618816375732422,7.668647766113281,0.3362980782985687,0.3324402868747711,0.1469359248876571,0.1543343812227249,0.2229770869016647,0.2385414838790893,0.1564922630786895,0.0287384260445833,-0.0277074221521615,-0.0633236765861511,-0.0527469106018543,-0.0284641627222299,-0.0683280006051063,16.047542572021484,9.523557662963867,6.602318286895752,3.962732553482056,3.391810417175293,2.8246002197265625,2.884578227996826,2.441420793533325,2.105308771133423,2.3252322673797607,1.7162541151046753,1.790626049041748,1.475494384765625,-0.1897855550050735,-0.1836730986833572,-0.0839842185378074,-0.0228737853467464,0.0242223031818866,-0.0014412302989512,-0.0078659681603312,-0.0100872758775949,-0.0299113783985376,-0.0095495264977216,0.0007946192054077,0.0109290378168225,0.0087223863229155,7.88151741027832,4.230774879455566,3.3563790321350098,2.056127548217773,1.5156033039093018,1.330835223197937,1.553624153137207,1.2740062475204468,1.0230509042739868,1.1882989406585691,0.8000574707984924,0.8882383108139038,0.8746703267097473,0.0278852698142524,0.0071736759915259,0.0996076638062641,0.0285764423944235,13.61317819730336,1,Rekurrensparese,1832,phrase
-310.581298828125,116.88484191894533,8.844295501708984,45.839481353759766,2.2077016830444336,25.793237686157227,5.329632759094238,2.459487199783325,15.46156406402588,5.871737480163574,8.117242813110352,0.0800417438149452,-1.155846357345581,53.78643798828125,34.482017517089844,30.739011764526367,19.423906326293945,22.65791702270508,17.378013610839844,15.936723709106444,9.221647262573242,13.03555393218994,13.502325057983398,8.544477462768555,9.941327095031738,9.019189834594728,0.4407013058662414,0.2851980924606323,-0.0320316962897777,-0.0719701498746872,0.0168317165225744,0.1149855852127075,0.0200100503861904,-0.0100114634260535,0.0273235756903886,0.0202513467520475,0.0565164200961589,0.049410630017519,-0.0758577510714531,9.233057975769045,5.324300765991211,4.839815616607666,2.987443685531616,3.505037307739258,2.918503522872925,2.9560933113098145,1.6096187829971311,2.1905229091644287,2.840609550476074,1.3701210021972656,1.8423576354980469,1.668551325798035,-0.242834061384201,-0.0731340572237968,-0.0152345011010766,-0.0742535442113876,0.0194927118718624,0.0639620572328567,0.0539664402604103,-0.0139798279851675,0.0021237768232822,0.020201226696372,-0.1040671467781066,-0.0554541647434234,0.0528656877577304,5.769124984741211,2.463706016540528,2.2831242084503174,1.7400612831115725,1.6035687923431396,1.437836527824402,1.6111875772476196,1.025787591934204,1.3058364391326904,1.5415658950805664,0.9285479187965392,0.973654568195343,0.9986568689346312,0.0245240027213859,0.0111748286321117,0.115274817773102,0.0396253247906546,14.84108172056192,1,Rekurrensparese,1835,phrase
-285.5201416015625,86.8567886352539,0.8735028505325317,37.47692108154297,-1.0770318508148191,25.43498611450196,-12.430045127868652,-2.50999402999878,5.042348384857178,-0.1074089854955673,2.862964630126953,-9.08980941772461,-5.580165386199951,106.0119857788086,43.51714324951172,21.281253814697266,21.861242294311523,24.723377227783203,16.931795120239258,17.393346786499023,10.962860107421877,10.114971160888672,12.004270553588867,9.448290824890137,13.485657691955566,9.83546257019043,0.5522672533988953,0.2551272809505462,-0.0430161394178867,0.0562615729868412,-0.0140177477151155,0.0658051297068595,-0.0247047394514083,-0.026837395504117,-0.012944963760674,-0.0470495223999023,0.0246655140072107,-0.0197025649249553,-0.0566490404307842,15.840425491333008,5.844365119934082,3.0861856937408447,3.045207977294922,3.664551019668579,2.179124116897583,2.5069291591644287,1.8747996091842647,1.6364660263061523,1.6360794305801392,1.4975613355636597,1.870890140533448,1.530129075050354,-0.1407699733972549,-0.0607289895415306,-0.0218150075525045,-0.0144117223098874,0.0510670505464077,-0.0065627759322524,0.0146004939451813,0.0282895304262638,0.0400035418570041,0.0332651324570179,0.0006594731239601,0.0040445080958306,0.0132270315662026,6.63730001449585,2.264385223388672,1.654073715209961,1.4795172214508057,1.527576923370361,0.9970738291740416,0.9549049139022828,0.8456147313117981,0.8389182090759277,0.8290385603904724,0.7597521543502808,0.6966906785964966,0.7568200826644897,0.0421834371686063,0.0217519886062741,0.1749033546882453,0.0733674026705517,8.671270639383252,1,Rekurrensparese,1836,phrase
-311.01812744140625,117.87043762207033,1.0446043014526367,52.75934600830078,10.68629550933838,9.835769653320312,-8.36682415008545,-2.198726892471313,5.082009792327881,-2.0741045475006104,3.2763564586639404,-8.328766822814941,-5.930197238922119,83.43463897705078,49.29818344116211,25.34368324279785,31.1235408782959,28.393190383911133,15.433965682983398,16.922718048095703,11.599527359008787,11.29044246673584,14.611078262329102,9.473804473876951,14.199766159057615,10.08617877960205,0.2262227684259414,0.169029876589775,0.0419384911656379,-0.0259219780564308,-0.0637034028768539,0.0244943555444479,0.0026703665498644,-0.037464901804924,-0.0169489290565252,0.0041840160265564,0.023507684469223,0.0323917232453823,0.008279082365334,16.175411224365234,6.792351722717285,4.62397050857544,4.064585208892822,3.689250707626343,2.1241021156311035,2.83353853225708,2.2495388984680176,1.9427913427352903,2.118029832839966,1.4129005670547483,2.388740539550781,1.669325590133667,-0.1446344554424286,-0.0370112881064415,0.0390702076256275,0.0010154667543247,0.0522231832146644,0.020618487149477,0.0158409345895051,0.0190403405576944,0.0048283487558364,-0.0130384471267461,-0.0388626493513584,-0.0231448952108621,-0.0013579102233052,7.512555122375488,3.3067495822906494,2.4364562034606934,1.7783281803131104,1.444122076034546,0.9803329706192015,1.2668184041976929,1.0576107501983645,0.958224892616272,0.9116202592849731,0.8106775879859924,1.0280895233154297,0.7532452344894409,0.0114277562983108,0.0048840204547011,0.0482670037200318,0.0136690579214258,20.11996992492304,1,Rekurrensparese,1863,phrase
-361.1890563964844,140.8795166015625,12.37614917755127,39.12948989868164,10.700234413146973,16.878480911254883,4.381265640258789,-5.27433443069458,-2.33922815322876,6.687647342681885,0.3229272365570068,-18.090517044067383,-6.461860179901123,80.43368530273438,53.13475036621094,38.12667846679688,22.281774520874023,28.75106430053711,21.1680850982666,12.149459838867188,15.197883605957031,12.964091300964355,10.156231880187988,9.832839012145996,17.279834747314453,11.849566459655762,0.4072448909282684,0.3014842569828033,0.0850023031234741,0.1053516790270805,0.1183487996459007,0.1105542182922363,0.0277568977326154,0.0262449886649847,0.0112011730670928,-0.0036401550751179,-0.0136105073615908,-0.0578443519771099,-0.0762261524796485,17.068025588989258,9.523889541625977,6.81293249130249,2.9649767875671387,4.167029857635498,2.446307182312012,2.525640726089477,2.9276912212371826,2.26436710357666,1.7952256202697754,1.881232738494873,3.0881993770599365,2.2193753719329834,-0.1328224092721939,-0.043114811182022,0.0176809132099151,0.0160718411207199,0.0549194179475307,0.0379340201616287,0.0657621026039123,0.0202294141054153,0.0135031640529632,0.0135834859684109,0.0119451358914375,0.0478506535291671,0.036831896752119,9.3838529586792,4.2043938636779785,4.346375942230225,2.009995698928833,2.2070024013519287,1.276450276374817,1.3723064661026,1.49024760723114,1.296149492263794,1.023984670639038,0.9566794633865356,1.4492825269699097,1.128288984298706,0.0401845433919431,0.013988247311162,0.1238276795924444,0.0408260838461048,11.32294480002298,1,Rekurrensparese,1867,phrase
-368.8553161621094,146.63525390625,12.124021530151367,28.92108917236328,13.616594314575195,14.221819877624512,-15.05968189239502,-11.547971725463867,9.374211311340332,0.6730290651321411,-4.459504127502441,-7.11890172958374,-4.419605255126953,75.17789459228516,52.43210220336914,33.71177673339844,34.60254669189453,26.297758102416992,18.83976554870605,16.187334060668945,14.087928771972656,10.919264793395996,14.119295120239258,12.706168174743652,10.114646911621094,10.1660737991333,0.6064214110374451,0.4758214354515075,-0.0317690707743167,-0.0571885965764522,0.0206376351416111,-0.0415745265781879,-0.0957451164722442,-0.055838193744421,0.0430188626050949,0.0172134451568126,-0.0641849339008331,-0.0563949719071388,-0.0431996881961822,15.13049602508545,9.346341133117676,6.000008583068848,4.103673934936523,4.078907489776611,2.4012656211853027,3.3257758617401123,2.757388114929199,1.7265493869781494,2.460075616836548,2.214250326156616,1.984074234962464,1.9528664350509644,-0.182264044880867,-0.0556017272174358,0.0331728272140026,0.0173995196819305,0.1100061982870101,0.0297918356955051,-0.0321717038750648,-0.0444630272686481,-0.0427489019930362,-0.0439006276428699,-0.0292686820030212,0.0218030884861946,0.015510456636548,7.990171432495117,4.130437850952148,3.3316633701324463,2.017829179763794,2.0176351070404053,1.164706826210022,1.6586506366729736,1.3882561922073364,0.8775699734687805,1.2953861951828003,1.1592025756835938,1.0791000127792358,0.9961935877799988,0.0207899965214965,0.007813556440992,0.0631901964836713,0.0181498134768429,15.35555359213106,1,Rekurrensparese,1892,phrase
-369.5299682617188,128.16995239257812,18.09496307373047,52.55869674682617,2.9916818141937256,16.327533721923828,1.4230496883392334,-11.095697402954102,-5.063090801239014,-1.124650478363037,-2.194459915161133,-6.981532573699951,-8.069737434387207,76.41903686523438,50.4837760925293,31.150245666503903,27.96738052368164,25.192426681518555,16.48948097229004,19.19339942932129,15.142378807067873,13.94391632080078,10.013075828552246,11.218501091003418,9.803462982177734,9.24523639678955,0.0549997426569461,0.0353755392134189,0.0166594572365283,0.1221658959984779,0.0895088911056518,0.0445261672139167,0.067359909415245,-0.0638052448630333,-0.0324097350239753,0.0231387522071599,0.0197400059551,0.0443460755050182,-0.0399919524788856,12.40835952758789,6.864235877990723,5.056551933288574,3.4540185928344727,3.0158166885375977,2.2582356929779053,3.097712278366089,2.198484420776367,1.9325830936431885,1.8738101720809937,2.1200129985809326,1.7138714790344238,1.9297856092453003,-0.0285735260695219,0.0249785203486681,0.0184939354658126,-0.0422722995281219,0.007709986064583,-0.0018324293196201,-0.0240705143660306,0.0316132307052612,0.031618945300579,-0.0054314164444804,-0.0054078842513263,0.0071025504730641,0.0113328108564019,6.146109104156494,3.128647804260254,2.7462165355682373,1.7810215950012207,1.4802525043487549,1.1113715171813965,1.492129683494568,1.045260310173035,0.9951111674308776,0.9935970306396484,0.9881821274757384,0.909959316253662,1.0032621622085571,0.0187103311315885,0.0089002501678558,0.0550532109869782,0.0167791883442729,19.652898739565785,1,Rekurrensparese,1901,phrase
-309.4088439941406,132.3081817626953,27.45420837402344,47.47399139404297,15.764118194580078,19.315332412719727,-6.170194625854492,-4.587141990661621,6.234536170959473,1.809984564781189,-6.110297203063965,-8.330779075622559,-0.9220301508903505,89.65706634521484,48.878997802734375,32.885650634765625,25.459693908691406,27.47282600402832,18.652904510498047,17.328725814819336,12.178568840026855,13.30946922302246,10.680668830871582,10.833795547485352,11.489869117736816,9.130910873413086,0.5665971636772156,0.2428678125143051,0.0210450142621994,0.180410623550415,0.036479402333498,0.0724881440401077,-0.0304473154246807,-0.0265093203634023,0.0481082759797573,0.0193337183445692,-0.0345988944172859,-0.011124063283205,0.0013963633682578,17.51194953918457,9.06298542022705,5.610920906066895,4.062235355377197,4.199868679046631,2.871706962585449,3.337419986724853,2.376411199569702,1.979144811630249,1.9411650896072388,2.012097120285034,2.190327405929565,1.4730504751205444,-0.0927338525652885,0.0116902152076363,0.0053614061325788,0.0205285251140594,0.108245812356472,0.0071725230664014,0.0173660404980182,-0.0123650813475251,-0.0159711297601461,-0.0071534533053636,-0.0395461656153202,-0.0411410629749298,-0.0080419648438692,8.776418685913086,4.372450828552246,3.0068612098693848,2.391289710998535,2.2803781032562256,1.3368704319000244,1.9125983715057373,1.273598551750183,1.0580271482467651,1.071141481399536,1.1400260925292969,1.2281477451324463,0.8809763193130493,0.0324549782320879,0.0137607647755258,0.0806272191695827,0.0254622798597256,13.794111377290072,1,Rekurrensparese,1939,phrase
-378.29791259765625,117.4627914428711,9.717206001281738,25.78999710083008,5.269782543182373,3.607897758483887,-3.410719156265259,-11.716049194335938,-3.0174386501312256,3.3464479446411133,-7.432140350341797,-11.055782318115234,-0.0519379042088985,86.94910430908203,53.01403045654297,29.944339752197266,25.649948120117188,23.493207931518555,20.832660675048828,15.058309555053713,15.757857322692873,10.621455192565918,9.321349143981934,11.909364700317385,12.26625633239746,11.374247550964355,0.3918823301792145,0.2503370940685272,0.0020868217106908,0.055110640823841,0.0978511422872543,0.0771935582160949,-0.038832638412714,-0.0342679359018802,-0.0136818615719676,0.0100482311099767,-0.0234485976397991,-0.0788652151823043,0.0342289172112941,13.579022407531738,8.619667053222656,5.182000160217285,3.494532346725464,2.9698400497436523,2.326601505279541,2.386040210723877,2.7952311038970947,1.8765692710876465,1.6521568298339844,1.8521981239318848,1.979207992553711,1.7940683364868164,-0.1408529877662658,-0.1192724779248237,-0.0211162902414798,-0.0041120904497802,0.0445935390889644,0.0491374060511589,0.0051796133629977,0.0298439320176839,0.044085320085287,0.0437656864523887,0.009311725385487,0.0045596603304147,0.014751617796719,6.847843647003174,3.7836296558380127,2.7242679595947266,1.969260215759277,1.3721619844436646,1.1177926063537598,1.2435798645019531,1.1891828775405884,0.8795533180236816,1.00649893283844,0.8492798209190369,0.9609939455986024,0.9549424648284912,0.016063300373094,0.0061277223204378,0.0465732088138941,0.0116276061979539,21.40061155346021,1,Rekurrensparese,1955,phrase
-312.0361022949219,138.62261962890625,5.958449363708496,41.41579055786133,7.832444667816162,15.201685905456545,7.954853534698486,-1.9993356466293333,3.3293216228485107,8.651344299316406,-0.0781329274177551,-16.036983489990234,-1.16520893573761,92.375244140625,48.593875885009766,32.9419059753418,22.26726531982422,25.42480659484864,19.88090133666992,14.071557998657228,14.95827293395996,11.049565315246582,10.179702758789062,13.190845489501951,18.862865447998047,8.761565208435059,0.2990260422229767,0.2889475524425506,0.02985804900527,-0.0720743536949157,-0.0187925267964601,-0.0345636792480945,-0.0465716458857059,0.0165625009685754,-0.0139270881190896,-0.0714513882994651,-0.065775066614151,-0.0750630944967269,-0.062614805996418,16.46415901184082,8.621346473693848,5.827139377593994,3.2977454662323,3.947719097137451,2.5093863010406494,2.6088509559631348,2.6673784255981445,1.74373459815979,1.7854726314544678,2.239584684371948,3.0416953563690186,1.5357314348220823,-0.0739008709788322,-0.006839595735073,0.0390133410692215,-0.0136702768504619,-0.0020282780751585,0.0288838762789964,0.0517114885151386,0.0435973890125751,0.0480449944734573,0.0261163543909788,-0.0469872131943702,-0.0635344088077545,-0.0363521501421928,8.531014442443848,3.893970251083374,3.5585384368896484,1.85132110118866,1.9263923168182373,1.2549281120300293,1.404749631881714,1.3989006280899048,1.0135327577590942,1.0466914176940918,1.133696436882019,1.4263917207717896,0.9283437728881836,0.0303672649600888,0.0131163360305961,0.1056075844568544,0.0366686637169505,11.798245973951568,1,Rekurrensparese,1970,phrase
-379.3950805664063,99.22918701171876,22.227384567260746,39.03050994873047,17.74933624267578,9.443294525146484,1.4385849237442017,-3.3048343658447266,4.62946891784668,-1.5915557146072388,-3.144434928894043,0.7063600420951843,-4.415008068084717,81.30242156982422,51.99922180175781,32.95608901977539,24.354320526123047,26.022708892822266,19.69339179992676,15.017565727233888,14.59100341796875,12.857659339904783,11.369654655456545,12.229585647583008,7.717495918273926,11.732516288757324,0.1641667932271957,0.201024904847145,0.0734836608171463,-0.0109989829361438,0.0240008849650621,0.0049386215396225,-0.0194415897130966,-0.0007552591850981,-0.0132986912503838,-0.0055438843555748,0.0104852551594376,0.0039464849978685,-0.0109303537756204,12.51431655883789,7.197046279907227,5.012904644012451,3.220199584960937,2.892444133758545,2.2356996536254883,2.203221559524536,2.2991783618927,1.824906826019287,1.6965773105621338,1.5474828481674194,1.3620468378067017,1.688022494316101,-0.1210233941674232,-0.1058095395565033,-0.0046661351807415,0.0227087512612342,0.0220919027924537,0.0412049330770969,0.0326205901801586,0.000286413822323,-0.0045292512513697,-0.0015523472102358,-0.011983647942543,-0.0112528912723064,0.0002938232501037,4.998690605163574,3.07074236869812,2.410230159759521,1.4522969722747805,1.4330753087997437,1.0025811195373535,1.0214102268218994,1.1628888845443726,0.9874853491783142,0.8502204418182373,0.7744970321655273,0.7519575357437134,0.7671592831611633,0.0149690120639424,0.0061768630366701,0.0492767945706049,0.0135297952007232,23.16966199217997,1,Rekurrensparese,2002,phrase
-344.7659606933594,144.20896911621094,24.38166618347168,30.39276123046875,18.1230411529541,17.414701461791992,4.273715972900391,2.502674102783203,-5.64232063293457,0.4483709037303924,8.205976486206055,-5.255539894104004,1.2138992547988892,81.90924072265625,42.95806503295898,30.31220245361328,21.920610427856445,22.49284744262696,19.49112129211425,19.339704513549805,13.017955780029297,13.455695152282717,16.1461181640625,9.879185676574709,12.747756004333496,14.825411796569824,0.3272146880626678,0.336006760597229,0.0665136501193046,-0.126673012971878,-0.1553986966609954,-0.0753490626811981,0.0163889545947313,0.0361949130892753,-0.0104137836024165,-0.0689301863312721,-0.0754484981298446,-0.0378758236765861,-0.0132908532395958,12.722491264343262,7.338320255279541,5.488063335418701,3.486157417297364,2.9281158447265625,2.753501892089844,2.7390682697296143,2.537293672561645,2.1740708351135254,2.7061703205108643,1.731351613998413,1.8165717124938965,2.1020896434783936,-0.1564809679985046,-0.0862165167927742,0.0368619374930858,0.041983775794506,0.0510042943060398,0.0343155562877655,-0.0027904021553695,-0.0290019661188125,0.0274718161672353,0.009103013202548,-0.0481338426470756,-0.0074774790555238,-0.0022440506145358,7.212840557098389,3.4194352626800537,3.284290313720703,1.8328684568405151,1.500802993774414,1.157427191734314,1.5877110958099363,1.335273504257202,1.1900027990341189,1.4153743982315063,1.034748673439026,0.918620765209198,0.9371636509895324,0.0239641936425318,0.0081364761783822,0.1060219155753842,0.0257588028491869,17.021558509014785,1,Rekurrensparese,2007,phrase
-330.4277648925781,160.8745574951172,7.703552722930908,26.69896125793457,23.32618522644043,21.41733741760254,4.047152042388916,-2.326517105102539,-2.317697763442993,-13.050004005432127,-0.5558843612670898,0.8155949711799622,-13.3965482711792,71.2382583618164,51.63325119018555,30.34272003173828,21.432842254638672,20.11220359802246,22.614505767822266,17.614473342895508,15.936738967895508,9.107089042663574,14.352128028869627,9.015814781188965,12.595099449157717,13.51135540008545,0.3599616289138794,0.2527304589748382,-0.0901769623160362,-0.1018615588545799,-0.0186403840780258,0.0122813824564218,0.049345102161169,0.0292491149157285,0.0078080613166093,0.0165660139173269,0.0052441973239183,0.0198884271085262,0.0164957698434591,9.979641914367676,8.945279121398926,3.83056378364563,3.983682632446289,3.09000563621521,2.564523696899414,2.223828315734864,2.68446946144104,1.5848910808563232,2.3701016902923584,1.408044695854187,2.007441520690918,2.1648569107055664,-0.1487522423267364,-0.123238667845726,-0.0105250915512442,0.0003674570762086,0.0245372708886861,0.0703398138284683,0.0659885704517364,0.0702897310256958,0.0484301000833511,-0.0177211165428161,-0.0225081890821456,0.0013588889269158,-0.0165120791643857,5.161130428314209,3.82302498817444,2.138561487197876,1.944626450538636,1.4443771839141846,1.0613309144973757,1.1632466316223145,1.1668468713760376,0.9037997126579284,1.241849064826965,0.8051934838294983,1.0135451555252075,0.9148378372192384,0.0171965364107715,0.0061121046087539,0.0804886979757291,0.0200336480694842,16.85476213050718,1,Rekurrensparese,2009,phrase
-348.3462829589844,134.83140563964844,9.000643730163574,48.07197189331055,8.5657320022583,20.70384979248047,-1.7813032865524292,-6.664896965026856,4.828948974609375,7.657496452331543,3.881007671356201,-11.640660285949709,-6.700816631317139,92.59200286865234,62.53055191040039,31.250045776367188,21.967430114746094,29.134286880493164,17.195798873901367,14.942390441894531,12.650548934936523,10.045910835266112,11.035517692565918,7.37333869934082,14.323236465454102,9.572134017944336,0.2772123515605926,0.1903869956731796,-0.0106719322502613,-0.0013730438658967,0.0295474249869585,0.056483220309019,0.0232233833521604,-0.0211868323385715,0.002646439243108,0.0406936481595039,0.0092817591503262,-0.0309394914656877,-0.0531414672732353,17.955766677856445,10.520947456359863,4.74847936630249,3.606527328491211,4.235471248626709,2.353067636489868,2.573615074157715,2.3177030086517334,1.766667366027832,2.253667116165161,1.3322359323501587,2.408228635787964,1.9282907247543333,-0.2369084805250167,-0.1497131437063217,-0.087964080274105,-0.0933024063706398,0.0506446324288845,0.0265269614756107,0.0101867849007248,0.0112029490992426,0.0016637138323858,-0.0093878097832202,-0.0273880939930677,0.0083260461688041,-0.0181576795876026,8.107954025268555,3.76531720161438,2.517164468765259,1.9590245485305784,2.067246675491333,1.140608310699463,1.3692395687103271,1.1621986627578735,0.8810174465179443,1.1706565618515017,0.8054681420326233,1.0321896076202393,1.0262458324432373,0.0223511418733648,0.0099371306912917,0.0671923097046729,0.0249158011670697,14.468039939660445,1,Rekurrensparese,2014,phrase
-421.7869873046875,99.31234741210938,30.198774337768555,44.53810119628906,14.679055213928224,19.105749130249023,3.2150044441223145,-1.7033562660217283,10.48416805267334,1.6744240522384644,-0.8478558659553528,2.638979911804199,-4.434059143066406,105.69055938720705,59.85992050170898,29.71793365478516,25.986879348754883,23.03419685363769,20.020797729492188,15.542181015014648,16.427452087402344,9.79132843017578,13.31755828857422,14.390156745910645,8.942354202270508,10.423413276672363,0.2658933699131012,0.318611741065979,0.16568323969841,0.1092095002532005,0.1071584224700927,0.0353191941976547,0.0451527312397956,0.0270382687449455,-0.0209585931152105,0.0084830308333039,-0.0025041103363037,-0.0264035649597644,-0.0274315066635608,16.151639938354492,8.269562721252441,5.031859874725342,3.562868356704712,3.505879640579224,2.609645366668701,2.7185983657836914,3.089274883270264,1.730272650718689,2.0380380153656006,1.9988518953323364,1.3744337558746338,1.858363151550293,-0.0191842839121818,-0.0004013412399217,0.0297418665140867,0.0327864252030849,0.02869563549757,0.0015381508274003,-0.02579708956182,-0.0135680986568331,0.0062071746215224,0.0076163858175277,-0.0008378099300898,-0.0024753371253609,0.0194366946816444,7.108012676239014,3.049795866012573,2.7756385803222656,1.921736717224121,1.7577369213104248,1.187020182609558,1.183740735054016,1.2044388055801392,0.9799572229385376,0.982055962085724,0.8912096619606018,0.7885088920593262,0.838607668876648,0.0407598357984055,0.0171706584472085,0.1169325921927804,0.0422251269229025,10.989916187598716,1,Rekurrensparese,2024,phrase
-373.3370666503906,124.28020477294922,22.970582962036133,41.49079132080078,-4.492179870605469,8.93178939819336,-14.460675239562988,-6.967972278594971,6.380488872528076,-2.344697952270508,-4.133613109588623,-12.998027801513672,-4.159736633300781,67.2611312866211,52.57830810546875,33.66497802734375,31.907581329345703,26.608278274536133,16.33100700378418,17.226112365722656,15.240429878234863,11.088546752929688,12.62525749206543,10.105819702148438,11.028192520141602,10.823040962219238,0.446763664484024,0.4180205464363098,0.2315431088209152,0.1422702223062515,0.0517575070261955,0.0353518202900886,-0.1402298659086227,-0.178022876381874,-0.1020851582288742,-0.0864167585968971,0.0163435284048318,-0.0200876127928495,-0.1917429566383361,12.02945327758789,7.741270542144775,4.881350517272949,3.057312488555908,3.945012807846069,2.4730489253997803,3.2985308170318604,2.613987684249878,1.6985496282577517,2.188974380493164,1.983956217765808,2.187797784805298,1.9676157236099243,-0.1676228493452072,-0.1738389432430267,-0.1627426892518997,0.0135738663375377,0.0974284037947654,0.0191875137388706,0.0769625231623649,-0.0302088484168052,-0.0315831080079078,0.0034086175728589,-0.0413824468851089,0.0019852987024933,0.0482855401933193,7.823773860931396,4.074740886688232,2.933277606964112,2.212912082672119,2.1209728717803955,1.1977033615112305,1.562063217163086,1.2975367307662964,0.9663959741592408,1.0926287174224854,0.9108577370643616,1.113972544670105,0.9785183668136596,0.0192243385302825,0.0086453206677399,0.0671452965194017,0.0207193038347729,17.745297162630187,1,Rekurrensparese,2033,phrase
-346.3514709472656,138.13836669921875,13.720638275146484,47.95824813842773,5.590954303741455,36.67094039916992,5.737550735473633,-4.575394153594971,4.390217781066895,10.664545059204102,8.091937065124512,-6.20363712310791,0.8409326076507568,77.58050537109375,43.64800262451172,23.58008575439453,25.00934600830078,26.95584487915039,23.09308624267578,16.674875259399414,12.925699234008787,12.77184772491455,10.359003067016602,6.806676864624023,12.282697677612305,8.62352466583252,0.7001561522483826,0.5208412408828735,-0.0174300782382488,-0.1200802624225616,-0.0196356158703565,0.1549149304628372,0.1127234101295471,0.0198145564645528,-0.0388011634349823,-0.0239018462598323,-0.0041691376827657,-0.0278150588274002,0.0355272851884365,12.980743408203123,7.115267753601074,3.95749568939209,3.360589027404785,4.373800277709961,3.8342888355255127,2.761751890182495,2.5604636669158936,2.3211803436279297,1.9102749824523928,1.3030999898910522,2.0302655696868896,1.5217751264572144,-0.0571541897952556,-0.0074993786402046,0.0448091030120849,0.0094836791977286,0.0239464323967695,0.0451540537178516,0.0557888783514499,0.0364583097398281,-0.0261072646826505,-0.0030089667998254,-0.025794630870223,-0.0645173192024231,0.0030356387142091,7.286161422729492,3.218803644180298,2.6930453777313232,1.8862271308898928,2.289500951766968,1.870803713798523,1.434009671211243,1.3848329782485962,1.2958333492279053,1.0538426637649536,0.848441481590271,1.1016514301300049,0.8582204580307007,0.0531348550737098,0.02839110816509,0.206329481216423,0.0877378672554032,6.888223307461447,1,Rekurrensparese,2058,phrase
-356.8463439941406,143.17349243164062,35.6535758972168,51.24736022949219,9.010629653930664,15.164636611938477,6.099775791168213,1.1177936792373655,3.505908489227295,9.365262985229492,3.792372703552246,-9.116331100463867,-6.206182956695557,66.8943099975586,53.771766662597656,28.89295959472656,18.60708999633789,24.643871307373047,20.33214569091797,17.70616340637207,8.563204765319824,10.51075267791748,11.72218132019043,8.002791404724121,7.837864398956299,9.072650909423828,0.3575381934642792,0.3857664167881012,0.232214093208313,0.174714058637619,0.1505852192640304,0.0844088494777679,0.0650174394249916,0.1374676972627639,0.1148633435368537,0.0098516047000885,-0.0142725193873047,-0.0412189736962318,-0.0776261985301971,11.836787223815918,8.57688045501709,5.092808246612549,3.378389358520508,3.963185787200928,2.9894859790802,3.2058653831481934,1.6899735927581787,1.8954440355300903,1.9604607820510864,1.4806702136993408,1.3244963884353638,1.85549545288086,-0.355785995721817,-0.1938057988882064,-0.0290046241134405,0.057155430316925,0.1099881529808044,0.0443897172808647,0.0318174622952938,-0.0240259729325771,-0.0027898345142602,0.0177456680685281,0.0026209144853055,0.0208139102905988,-0.0231477245688438,6.800305366516113,3.5988216400146484,2.790388584136963,2.0941286087036133,2.1272449493408203,1.378492832183838,1.9105576276779173,0.843106210231781,0.9775261878967284,1.068353295326233,0.8705552220344543,0.7425251603126526,0.912911057472229,0.0277095593557375,0.0110847666606106,0.0844551561365896,0.0224316333023292,15.01666715881566,1,Rekurrensparese,2072,phrase
-382.9949951171875,119.71410369873048,25.81201171875,46.074825286865234,11.851166725158691,8.947277069091797,-1.476119875907898,-6.0203857421875,4.517645835876465,1.9486706256866453,-4.729824542999268,-6.780301094055176,-2.841010570526123,94.67399597167967,58.83868789672852,37.392879486083984,24.93215560913086,21.88066864013672,12.665353775024414,16.71533203125,12.56635856628418,10.590228080749512,13.893058776855469,8.609549522399902,10.515497207641602,10.91134548187256,0.2333051264286041,0.2455096989870071,0.0998568758368492,0.0103512145578861,-0.0438409373164176,-0.0515757612884044,-0.0165378935635089,-0.0032317750155925,0.0145533718168735,0.0365778692066669,0.0124866850674152,-0.0263846926391124,-0.0384224839508533,16.034292221069336,8.986000061035156,6.171605587005615,3.849511623382568,3.25707483291626,1.9944171905517576,2.8100662231445312,2.297204971313477,1.7667275667190552,2.2777912616729736,1.4699400663375854,1.9285708665847776,1.9133034944534304,-0.0837297737598419,-0.075103536248207,-0.029606444761157,-0.0013891763519495,0.0270124487578868,0.0164954476058483,0.0053940899670124,0.0083075603470206,0.0145464306697249,0.0057559967972338,-0.0039876289665699,0.0047175432555377,-0.0037113316357135,7.36750602722168,4.580366134643555,2.976571798324585,2.121298313140869,1.7439346313476562,0.9423075318336488,1.2829009294509888,1.2272018194198608,0.9586244821548462,1.097266674041748,0.7725425958633423,0.9478214979171752,0.8992496728897095,0.0160203141454655,0.0067958008026157,0.0615109623008296,0.0136735550247006,19.891456093047186,1,Rekurrensparese,2073,phrase
-375.2997131347656,165.82595825195312,25.944522857666016,36.60872268676758,12.922773361206056,19.58357810974121,2.9475555419921875,-3.1773786544799805,3.5675604343414307,4.953450202941895,5.2116875648498535,0.4902430176734924,-4.702746391296387,67.84117126464844,56.104759216308594,27.850961685180664,20.02273368835449,24.412755966186523,14.275256156921388,15.1668119430542,13.299116134643556,8.389378547668457,12.79075050354004,9.200632095336914,8.877272605895996,9.869147300720217,0.3713865280151367,0.3606514632701874,0.1145058721303939,-0.0470992513000965,0.0182387437671422,0.1040242984890937,0.0050510903820395,-0.0265118964016437,0.0752145200967788,0.0642556697130203,0.0285842586308717,-0.0376078300178051,-0.0222368687391281,14.216764450073242,10.688517570495604,5.334403991699219,3.749320983886719,3.8870816230773926,2.3232855796813965,3.176959753036499,2.4672327041625977,1.566387176513672,2.3355696201324463,1.7090777158737185,1.57919180393219,1.6320902109146118,-0.1511174589395523,-0.0063116322271525,-0.0763594806194305,-0.102394625544548,0.014917753636837,-0.0037870975211262,0.0447016283869743,0.0021050828509032,0.0390928871929645,0.0675634443759918,0.0227167662233114,0.0434383377432823,0.0133314561098814,7.431134223937988,4.690850257873535,2.8808953762054443,1.795946478843689,1.6892844438552856,1.2531590461730957,1.9007891416549685,1.0835055112838743,0.9300128817558287,1.3557730913162231,0.927295982837677,0.8973332047462463,0.976327896118164,0.0278235788478807,0.0112210649923604,0.0954825855259913,0.0331641696995287,13.950735897846217,1,Rekurrensparese,2078,phrase
-334.8911437988281,142.7175750732422,9.018169403076172,29.4069938659668,16.84593391418457,15.556699752807615,-14.087369918823242,-10.779315948486328,9.662035942077637,1.2927237749099731,-5.899792194366455,-3.537481546401977,-4.80736780166626,79.7506332397461,55.59620666503906,32.5670280456543,32.03134536743164,28.06235122680664,20.30558204650879,17.06964111328125,13.05668830871582,12.034673690795898,15.463926315307615,14.74838638305664,10.87975788116455,9.582880020141602,0.5753262042999268,0.4583732485771179,0.0033215633593499,-0.0089779999107122,0.0532016120851039,0.0259817223995924,-0.0214927643537521,-0.0406722761690616,0.0512388497591018,0.0491533353924751,-0.0239570327103137,-0.0177282877266407,-0.0532255358994007,15.638561248779297,10.134818077087402,6.465080261230469,3.975112438201904,4.88114070892334,2.6318700313568115,3.263883590698242,2.628249168395996,1.954733967781067,2.8689510822296143,2.797879934310913,2.380817413330078,1.8110439777374268,-0.1701902747154235,-0.0457175858318805,0.0731147527694702,0.0198197104036808,0.0662654489278793,0.0525965020060539,0.0245112366974353,0.0173716228455305,0.0172453131526708,-0.0122963963076472,-0.0306705888360738,-0.0009093263652175,-0.014223288744688,8.35433578491211,4.17449426651001,3.608878135681152,2.0154471397399902,2.3363959789276123,1.2102700471878052,1.517494797706604,1.272089600563049,0.8676753640174866,1.4129674434661863,1.322270750999451,1.1276780366897583,0.9285210967063904,0.0184512255540277,0.0070282129820291,0.067615379924594,0.0184740152176984,17.498422605023467,1,Rekurrensparese,2083,phrase
-322.771484375,149.6287841796875,16.67104148864746,49.80648422241211,12.039925575256348,9.036417007446287,1.5240657329559326,4.964505672454834,0.7202500104904175,-5.4784674644470215,-1.3736393451690674,-6.920040130615234,-5.166815280914307,73.89103698730469,50.34495162963867,27.660446166992188,28.07059669494629,25.48588180541992,24.62515640258789,18.481660842895508,9.55903434753418,8.6143798828125,13.070698738098145,10.819031715393066,12.02170467376709,9.724281311035156,0.8058691024780273,0.6668815612792969,0.1198590546846389,-0.0092884982004761,-0.1331350058317184,-0.1264226138591766,-0.0222126152366399,-0.0138303879648447,-0.0301627069711685,-0.0640982240438461,0.0203130822628736,0.0679225549101829,-0.024689182639122,13.123287200927734,8.634499549865723,5.144063472747803,3.8440001010894775,4.090353965759277,3.5657448768615723,3.0628840923309326,1.7374863624572754,1.4670617580413818,2.4995434284210205,2.036752462387085,1.8189228773117063,1.875483155250549,-0.3089527189731598,-0.1326311081647873,0.0850225687026977,0.0180056970566511,0.0744021385908126,0.0718811303377151,0.0596499778330326,0.0351280346512794,0.0314546339213848,0.0521751977503299,-0.0078189997002482,-0.018602892756462,0.0147205172106623,7.803091526031494,3.615349292755127,2.9580166339874268,2.3848042488098145,1.9442816972732544,1.6321992874145508,1.47741436958313,1.0628459453582764,0.861862301826477,1.4080363512039185,1.1366097927093506,0.9417018294334412,1.0226809978485107,0.0228158459348396,0.011925793359222,0.0638069851621133,0.0231581683262085,17.73542050955053,1,Rekurrensparese,2086,phrase
-329.8104248046875,135.49957275390625,24.81007957458496,43.82591247558594,20.2353458404541,20.570167541503903,9.970839500427246,3.3732826709747314,6.992718696594238,-0.2461342960596084,1.2985609769821167,0.2179266959428787,1.9985082149505613,106.52133178710938,61.46125793457031,33.374900817871094,22.19657516479492,21.309799194335938,17.079345703125,15.824326515197754,13.600769996643066,11.097639083862305,12.35219383239746,11.793076515197754,7.092405796051025,8.154586791992188,0.1166165620088577,0.0927678495645523,0.0606392808258533,0.0463147573173046,-3.0194298233254813e-05,0.0146180102601647,0.0527112372219562,0.0331771150231361,0.0105965081602334,0.0138445254415273,0.0331146903336048,-0.0016108707059174,0.0124142505228519,13.455514907836914,7.452606678009033,4.90172815322876,3.172224283218384,3.2838006019592285,2.450127363204956,2.5849950313568115,2.1737170219421387,1.8663461208343504,1.7247991561889648,1.4965195655822754,1.1515520811080933,1.4425621032714844,-0.2177516818046569,-0.1284460574388504,0.010980425402522,0.0122553566470742,0.0517451837658882,0.0558556951582431,0.0201234556734561,-0.0073045762255787,0.0244956947863101,0.0188394654542207,-0.0266370121389627,0.0055933743715286,0.004921622108668,6.559057235717773,3.0454978942871094,2.522139549255371,1.6946752071380615,1.5560414791107178,1.291303038597107,1.4273756742477417,1.0646103620529177,0.954064667224884,0.91163569688797,0.7420086860656738,0.7339074611663818,0.8069836497306824,0.0219869249217286,0.0058855652910492,0.0740037043662215,0.0193489727437831,13.426494754564905,1,Rekurrensparese,2088,phrase
-373.5561828613281,157.96826171875,13.958721160888672,34.45240783691406,28.54314041137696,32.3157844543457,-0.89295893907547,0.0178556554019451,10.373818397521973,5.503911018371582,0.9683049917221068,-1.4707841873168943,-0.1647679507732391,84.24085998535156,55.79039764404297,29.294902801513672,25.08344459533692,24.657760620117188,21.61477851867676,25.592432022094727,13.74180793762207,12.182525634765623,9.892040252685549,10.25783920288086,8.074652671813965,7.441920280456543,0.9179105758666992,0.6370877623558044,-0.0697735399007797,-0.0798289105296135,0.0120412381365895,0.1033574864268302,0.0807764083147049,0.0168137289583683,-0.0761810392141342,-0.0821166187524795,-0.0221627745777368,-0.0942639037966728,-0.0468123815953731,14.642799377441406,9.581280708312988,4.108000755310059,3.5698330402374268,4.419586658477783,3.096723794937134,3.9849157333374015,2.664079189300537,1.8968009948730469,1.750975489616394,2.1015567779541016,1.698503851890564,1.4317325353622437,-0.0617402009665966,-0.0559921786189079,-0.0364657901227474,-0.0267272535711526,0.0656852126121521,0.1201487630605697,0.0795062631368637,0.0623785592615604,0.0547907091677188,0.0159125886857509,-0.0139816896989941,-0.0154718626290559,-0.0371400453150272,8.03685188293457,3.842092275619507,2.875741004943848,2.1224477291107178,2.2397053241729736,1.475508213043213,2.124549627304077,1.3883047103881836,0.9401969909667968,1.145315170288086,1.145553708076477,1.050644040107727,0.8335252404212952,0.0313917880784788,0.0142736336828921,0.1087409150190592,0.0347295518663795,14.055752318732996,1,Rekurrensparese,2100,phrase
-393.9062194824219,112.01758575439452,19.1272029876709,40.4235954284668,15.071718215942385,16.987760543823242,-3.9437625408172607,-2.089716672897339,-2.054870843887329,-2.444987297058105,4.910643577575684,-6.972960948944092,-4.6720404624938965,101.21077728271484,55.40380096435547,31.83646011352539,21.165573120117188,24.511722564697266,16.356874465942383,16.16922950744629,10.51564121246338,11.948967933654783,9.18385124206543,7.810733795166016,12.523900032043455,8.282238960266113,0.2329498827457428,0.20439013838768,0.1156102195382118,0.0529256463050842,-0.0388432629406452,-0.0341947935521602,-0.0504971966147422,-0.0085965087637305,0.0021356369834393,-0.0159861855208873,0.0051244064234197,-0.0228244867175817,-0.0225194692611694,16.3765926361084,9.658486366271973,5.482834815979004,2.84529185295105,3.615963935852051,2.358924865722656,2.767008781433105,1.9581804275512693,1.9260929822921755,1.657880425453186,1.379586100578308,2.097473382949829,1.5733379125595093,0.0121948020532727,0.0223637409508228,0.0145555837079882,0.0105944462120532,0.0180487874895334,0.0229436382651329,0.0244419816881418,0.0121439415961503,0.0079635502770543,0.0035458556376397,-0.0077440990135073,-0.0130635695531964,-0.0122739225625991,6.957779884338379,3.443598747253418,2.7582430839538574,1.6668968200683594,1.5880507230758667,0.9715827107429504,1.197925686836243,1.0076839923858645,0.9267063736915588,0.8064801096916199,0.6433805823326111,1.0771912336349487,0.8202061057090759,0.0227413033880259,0.0104419331844795,0.0576353536752628,0.0233861460950418,19.247717985683376,1,Rekurrensparese,2109,phrase
-353.6880187988281,107.74803161621094,6.798597812652588,40.24357223510742,-8.124375343322754,29.70088195800781,1.774627447128296,-1.8356306552886963,4.816423416137695,7.635987758636475,4.66874361038208,2.481309652328491,8.858418464660645,94.02902221679688,43.017539978027344,26.765958786010746,30.19106674194336,22.95516395568848,20.59530258178711,16.58495330810547,15.191224098205566,11.522214889526367,10.66289520263672,12.230939865112305,11.746190071105955,10.78536891937256,-0.2978968322277069,-0.1154572516679763,-0.0381170846521854,-0.0768927931785583,-0.0435782670974731,0.0061046062037348,0.029981167986989,-0.0090733263641595,-0.034884862601757,0.0009096239809878,-0.0093887150287628,-0.0010371379321441,0.0330978110432624,11.874992370605469,5.445274353027344,4.487146854400635,3.486281156539917,3.243546724319458,3.224149227142334,2.499150514602661,2.201784610748291,1.625407099723816,1.4676634073257446,2.002035856246948,1.645167589187622,1.6550133228302002,0.1348002701997757,0.0392663478851318,-0.0302356779575347,-0.0254000853747129,0.005189006216824,-0.0494444482028484,-0.0124642681330442,-0.001011500833556,-0.0275131091475486,-0.0189704466611146,-0.0264602359384298,-0.014759361743927,-0.0217895284295082,5.768880844116211,2.4165256023406982,2.2818350791931152,1.81582510471344,1.5108137130737305,1.5043329000473022,1.313706874847412,1.2346901893615725,0.9463188648223876,0.9137219786643982,1.069931983947754,0.894517719745636,0.9034703373908995,0.0334193101138281,0.0155504491753253,0.0706480239431419,0.0244645367761226,14.07459813308863,1,Rekurrensparese,2115,phrase
-347.19647216796875,137.78099060058594,19.03095436096192,45.31260681152344,0.0984553769230842,30.65086555480957,5.979589462280273,-5.200618743896484,5.054612636566162,2.044760465621948,4.4480180740356445,3.2880773544311523,-8.811067581176758,91.41434478759766,54.02919387817383,30.83506774902344,23.04869842529297,19.19723129272461,23.87238121032715,17.505359649658203,15.708131790161133,11.107169151306152,13.094532012939451,8.150903701782227,7.546746253967285,10.767873764038086,0.7613189220428467,0.6057475209236145,0.1052841022610664,0.0597468726336956,0.0040099136531353,-0.0090972296893596,-0.0196818150579929,0.0104820113629102,0.0486792773008346,0.0121127273887395,0.0303340200334787,-0.0248708985745906,-0.0387318916618824,15.626372337341309,9.66547966003418,4.306490421295166,3.5792369842529297,3.215637683868408,3.646720409393311,2.9953489303588867,2.7401859760284424,1.949737429618836,2.416290760040283,1.5498510599136353,1.608708143234253,2.3305106163024902,-0.2333797663450241,-0.1783948838710785,-0.0021289866417646,0.0135053386911749,0.0672643855214119,0.1306496262550354,0.0752391815185546,0.025227352976799,0.0507114119827747,0.0452471449971199,0.0129141537472605,0.0012166070519015,-0.0071810218505561,9.282474517822266,4.362423896789551,2.911249876022339,2.088069200515747,1.6804522275924685,1.915409803390503,1.7044804096221924,1.404662847518921,1.2761880159378052,1.5512858629226685,1.0992509126663208,0.8986302614212036,1.204890251159668,0.0273079007765904,0.0124693181896865,0.1132611453829894,0.0517567822599672,12.794043603501706,1,Rekurrensparese,2148,phrase
-370.2452087402344,130.1669158935547,16.51338005065918,34.90352249145508,12.246414184570312,0.46701180934906,-12.30081844329834,-5.885051727294922,-0.9597535729408264,-4.678094863891602,-6.439375400543213,-10.086602210998535,-5.976974487304688,85.03585052490234,46.060577392578125,39.549163818359375,23.36247444152832,26.3303165435791,26.159183502197266,17.563682556152344,12.710729598999023,9.983698844909668,10.008384704589844,8.608637809753418,9.92570686340332,8.312756538391113,0.3827881813049316,0.3319825828075409,0.1293254345655441,0.1766288429498672,0.0903719738125801,-0.0645902007818222,-0.0412200838327407,0.0143286874517798,0.0319191962480545,0.0197017025202512,-0.039358377456665,-0.073900431394577,-0.0985839664936065,14.780370712280272,8.455635070800781,6.085048198699951,3.0983221530914307,3.3367369174957275,3.105743885040283,3.0294880867004395,2.5185353755950928,1.6403979063034058,1.760113000869751,1.5594242811203003,1.8417718410491943,1.6305676698684692,-0.0053510619327425,-0.042858462780714,-0.040394339710474,0.0244078356772661,0.0320751033723354,0.0187374148517847,0.038288626819849,0.0445955991744995,0.0309192035347223,0.0281526576727628,0.0332763940095901,0.0203403588384389,-0.0024014841765165,7.435701847076416,4.106411933898926,3.0249271392822266,1.5846813917160034,1.4753923416137695,1.1189663410186768,1.352655053138733,1.2025476694107056,0.9164466857910156,0.8224242329597473,0.8339994549751282,0.8573189973831177,0.9030136466026306,0.0183936488186859,0.0078683640228194,0.0489650632045291,0.0125331378756114,21.996499781023363,1,Rekurrensparese,2150,phrase
-389.0386962890625,150.04164123535156,6.469193458557129,48.43817901611328,17.520469665527344,14.79228973388672,-3.903582811355591,-13.09118366241455,4.046458721160889,11.376133918762209,-4.184870719909668,-9.76439094543457,-0.1690851598978042,72.76480865478516,58.09174346923828,26.533174514770508,18.03852272033692,27.263301849365234,22.85681915283203,13.701082229614258,14.902018547058104,9.214675903320312,12.707493782043455,9.605688095092772,10.160958290100098,10.631092071533203,1.53620445728302,1.1215534210205078,0.0584347955882549,0.0444242022931575,0.0550832748413085,0.0604612194001674,-0.0332642048597335,-0.0570439100265502,-0.0664201229810714,-0.0938552767038345,-0.1082659140229225,-0.1242744177579879,-0.0018981053726747,15.34753704071045,11.25456428527832,4.649715423583984,2.8333182334899902,4.475576877593994,3.040079593658448,2.318450927734375,2.9704606533050537,1.5549105405807495,2.293162107467652,1.9534071683883667,2.0419342517852783,1.79530930519104,-0.3624180257320404,-0.2375850230455398,-0.0292905364185571,0.0492711141705513,0.1533719301223755,0.0969068109989166,0.0769780650734901,-0.0462345071136951,-0.0578016117215156,0.0873236581683158,0.0111802760511636,-0.0847495347261428,0.0581983923912048,6.955360412597656,4.578029632568359,3.248800754547119,1.4444297552108765,1.9694764614105225,1.4866681098937988,1.3366774320602417,1.5388038158416748,0.9371466636657716,1.242293357849121,1.090006709098816,1.1803408861160278,0.984452188014984,0.027235740504237,0.0126015606631833,0.1137022898458544,0.0334467755376454,12.73475166492076,1,Rekurrensparese,2152,phrase
-340.07696533203125,140.685791015625,22.01774024963379,39.656063079833984,1.353593826293945,10.276385307312012,-5.223101615905762,-3.1484129428863525,6.656559467315674,-1.145432710647583,-2.5454301834106445,-2.9731812477111816,0.5738328099250793,63.58786010742188,51.32085037231445,31.243972778320312,27.05819129943848,22.527606964111328,16.932722091674805,19.36253929138184,8.585874557495117,12.290398597717283,11.59608268737793,10.063642501831056,9.33940315246582,8.84765911102295,0.5045437216758728,0.4470666348934173,0.0922628715634346,0.0077734915539622,0.0312176831066608,-0.0200734473764896,-0.0430136322975158,0.0350586883723735,-0.0113681405782699,-0.079167366027832,-0.0375829003751277,0.0172070879489183,-0.0025062812492251,12.233916282653809,7.990365982055664,5.422119140625,3.396204948425293,2.9872817993164062,2.3968634605407715,3.3894731998443604,1.5931988954544067,1.8904739618301392,2.3295347690582275,1.8477240800857544,1.6240040063858032,1.5088250637054443,-0.0412336811423301,-0.0925237014889717,-0.1159933358430862,-0.0149394460022449,0.0842841491103172,0.0445873290300369,0.0085181649774312,0.0621551424264907,0.0518405400216579,-0.0128210438415408,-0.0249275080859661,-0.0015955028356984,0.0083554238080978,7.628942966461182,3.429784059524536,3.057403564453125,1.966524124145508,1.406946301460266,1.0780872106552124,1.749750018119812,1.003879189491272,1.0351992845535278,1.0576156377792358,1.0368709564208984,0.912455141544342,0.8483738899230957,0.0174353323285471,0.0070874615926833,0.0568352174175318,0.0173246032349643,20.617791617020256,1,Rekurrensparese,2153,phrase
-389.91217041015625,114.70149230957033,10.043451309204102,40.18135452270508,13.994765281677246,7.148926734924316,2.7426977157592773,-7.434215068817139,-2.902506828308105,-0.4949759840965271,-6.722211837768555,-4.401549339294434,-3.7188990116119385,95.30926513671876,59.81336212158203,36.59969329833984,28.4399356842041,23.60685157775879,19.33968162536621,16.158672332763672,15.110199928283691,12.66722297668457,12.748554229736328,12.207277297973633,10.606486320495604,11.326937675476074,0.3175309002399444,0.349098265171051,0.2401486188173294,0.1871964186429977,0.0895891711115837,0.0564222112298011,0.0429909825325012,-0.0174375008791685,-0.0061700902879238,0.0183076560497283,-0.0174646414816379,-0.0265731140971183,-0.0290042422711849,14.687975883483888,8.625128746032715,5.921486854553223,3.693697929382324,2.736569881439209,2.5572376251220703,2.4188103675842285,2.522218942642212,1.94495689868927,1.8209099769592283,1.9427056312561035,1.670225977897644,2.173834562301636,-0.1996425688266754,-0.1467090845108032,-0.0131807625293731,0.0171803031116724,0.0836889743804931,0.0730533972382545,0.0256747212260961,0.0311044100672006,0.0333411805331707,0.0193950124084949,0.0086437994614243,0.0049663735553622,-0.0077344616875052,6.803246021270752,3.6919453144073486,3.0291008949279785,1.840735912322998,1.4251185655593872,1.2722541093826294,1.067901849746704,1.084876537322998,0.9350526332855223,0.8871475458145142,0.974580943584442,0.8186177611351013,1.0382646322250366,0.0165586002219394,0.0064945281920955,0.052223749871654,0.0152151118637947,19.673006038642885,1,Rekurrensparese,2155,phrase
-348.304443359375,126.35208129882812,22.24409294128418,40.95484161376953,11.341940879821776,9.957745552062988,0.2380868047475814,-1.8264323472976685,-1.976191163063049,0.9926077127456664,1.386013150215149,-3.545513153076172,2.317232847213745,61.45891571044922,42.69316482543945,22.61046600341797,18.322603225708008,21.7492618560791,12.805480003356934,14.07919692993164,10.431074142456056,10.009571075439451,9.418810844421388,9.461261749267578,9.11697006225586,6.845768451690674,-0.0587596073746681,0.1395815312862396,0.2121290862560272,-0.0443095751106739,-0.0883911103010177,0.0479991920292377,0.0872926339507103,-0.0621742494404315,-0.0900981277227401,0.0291786659508943,0.0828075930476188,0.013649484142661,0.0095110265538096,13.175687789916992,8.217059135437012,4.446000576019287,2.77777099609375,3.171529769897461,1.9615895748138428,2.819162130355835,1.71431303024292,1.350942850112915,1.915684700012207,1.4099845886230469,1.532430648803711,1.374932885169983,-0.2840818166732788,-0.1258065402507782,-0.0553104691207408,0.0546781681478023,0.1684337258338928,0.0574821420013904,0.0876900404691696,-0.0004864594957325,-0.0077659185044467,0.0516382530331611,-0.0158732142299413,0.0013810202945023,0.0146189704537391,7.87916374206543,4.235120296478272,2.678112268447876,1.6524947881698608,1.662370681762695,1.1361593008041382,1.5259088277816772,1.0108561515808103,0.7671432495117188,1.0885778665542605,0.729819118976593,0.7683535814285278,0.7930178046226501,0.013808718835097,0.0064328201408224,0.0530118060956469,0.014962530384047,21.71472527437114,1,Rekurrensparese,2160,phrase
-363.5276184082031,91.9990692138672,-4.203573703765869,51.83177947998047,-1.9347829818725584,27.07390785217285,3.6446821689605713,-3.697129249572754,-5.627913475036621,11.653143882751465,3.064339160919189,2.589378833770752,1.9072353839874268,120.44417572021484,39.28538131713867,22.219655990600582,23.36264419555664,21.860036849975582,21.546327590942383,18.785202026367188,12.174519538879396,12.345337867736816,9.39452838897705,9.240066528320312,6.9813337326049805,8.171123504638672,0.3895323872566223,0.1818898320198059,-0.0478474833071231,-0.0819695740938186,-0.0378313176333904,0.1280424296855926,0.0775099247694015,-0.0094266487285494,0.0161503311246633,0.0063390280120074,-0.0102325920015573,-0.0210408307611942,-0.0169607363641262,17.27875518798828,5.4773268699646,3.7140862941741934,2.847757577896118,2.4843504428863525,2.1625492572784424,2.422302484512329,1.9244165420532229,2.138102531433105,1.5214775800704956,1.4541023969650269,1.0978459119796753,1.417006492614746,-0.2610398530960083,-0.0738852396607399,0.0181721244007349,-0.0140056274831295,0.0398601926863193,0.0187155678868293,0.0584826171398162,0.0129423066973686,0.0031994229648262,0.0381343178451061,-0.0002535776875447,-0.0265245866030454,0.0103515041992068,8.485795021057129,2.3965039253234863,2.211300134658813,1.2519148588180542,1.2811355590820312,1.1597459316253662,1.435416340827942,0.9679661393165588,1.005052924156189,1.0205717086791992,0.9274546504020692,0.7715275883674622,0.7854709625244141,0.0548076102089593,0.0315084507338929,0.2375068275733606,0.1057043388430429,3.9899449558959215,1,Rekurrensparese,2182,phrase
-351.3092041015625,142.24737548828125,7.411730766296387,41.72053146362305,12.131120681762695,16.683446884155273,-15.810388565063477,-8.96172046661377,11.619857788085938,4.019319534301758,-4.7015156745910645,-7.031469821929932,-3.060253381729126,81.75243377685547,58.55917739868164,35.505001068115234,35.0233154296875,29.74996757507324,19.618276596069336,18.175621032714844,12.677814483642578,12.904581069946287,14.535738945007324,13.980655670166016,10.24410915374756,8.86685848236084,0.8987219333648682,0.4694905877113342,-0.15569968521595,-0.026776747778058,0.0141905713826417,0.0247507859021425,-0.0923952534794807,0.0133448103442788,0.0490042231976985,-0.0004869552794843,0.0571590960025787,-0.0531245954334735,-0.0483019202947616,16.211551666259766,10.736828804016112,6.581367015838623,4.256002426147461,5.350915431976318,2.8395330905914307,3.875199556350708,2.582326650619507,2.4331445693969727,2.674736499786377,2.7298316955566406,2.242783308029175,1.8081519603729248,-0.1875168234109878,-0.0897648259997367,0.0628096610307693,0.0672732219099998,0.0966334864497184,0.0629238486289978,0.0060248682275414,-0.0114981168881058,0.0095489751547575,-0.0746290013194084,-0.0744582489132881,0.0020306741353124,0.0110671427100896,9.044882774353027,4.913771152496338,3.680587768554688,2.430871963500977,2.5426957607269287,1.2819386720657349,2.0709118843078613,1.3639837503433228,1.205898404121399,1.425309658050537,1.342335820198059,1.2106788158416748,0.9217753410339355,0.0356775772782351,0.0165603685714624,0.0977370193991152,0.0374345476982932,12.846474963782118,1,Rekurrensparese,2190,phrase
-376.6672668457031,160.1189727783203,9.960344314575195,33.08948516845703,21.301050186157227,22.46833610534668,-0.3543047606945038,-10.15354061126709,11.950562477111816,4.477724075317383,-7.025998592376709,0.5242283344268799,-1.262778878211975,97.54220581054688,58.8995361328125,29.04232406616211,16.086374282836914,23.937463760375977,21.89240837097168,21.157129287719727,15.891114234924316,9.803872108459473,12.688026428222656,9.72111701965332,12.374735832214355,11.808424949645996,0.2841375470161438,0.2507077753543854,0.0651055723428726,0.0078067332506179,0.0515091829001903,0.0893860831856727,0.0003220427315682,-0.0400971658527851,0.0172885153442621,0.0119752623140811,-0.0100476061925292,-0.0309279281646013,-0.0348852798342704,16.306598663330078,9.431838989257812,5.482417106628418,2.5968642234802246,4.266366481781006,3.103253126144409,3.565979719161988,2.6077492237091064,1.388954758644104,2.130802154541016,1.8036013841629028,1.7815284729003906,1.6909304857254028,-0.0690013840794563,-0.0060468972660601,-0.0268895775079727,-0.0247236173599958,0.0579875223338604,0.0087413564324378,0.0122210448607802,-0.0011429879814386,-0.0162166375666856,0.0055651045404374,-0.0095569798722863,-0.012428356334567,-0.0282222907990217,7.105612277984619,4.0290141105651855,2.651411771774292,1.757097840309143,1.853996992111206,1.4215551614761353,1.6000707149505615,1.0970836877822876,0.7701649069786072,1.1101524829864502,0.8960598707199097,0.8708406686782837,0.919830083847046,0.0238299710963438,0.0090686801049183,0.082959834168824,0.0236779439813458,15.527277663286451,1,Rekurrensparese,2192,phrase
-319.2508850097656,110.44309997558594,7.843662738800049,54.85123062133789,8.307831764221191,20.63291549682617,-0.2123961001634597,-8.395068168640137,5.527896881103516,7.700962066650391,-7.191989421844482,1.303341031074524,0.9972299337387084,97.30963134765624,45.00234603881836,26.483896255493164,28.4467830657959,22.95632743835449,16.980627059936523,14.375142097473145,14.387261390686035,14.752741813659668,11.512919425964355,14.637134552001951,9.467215538024902,7.372646331787109,0.2325494140386581,0.1690593212842941,-0.0307301338762044,-0.104275144636631,-0.0330593660473823,0.0153680723160505,-0.0420339256525039,-0.0173731576651334,0.0058594434522092,0.0257525071501731,0.08395866304636,0.0651952475309372,0.0152557948604226,15.07787799835205,6.354053974151611,4.623511791229248,3.82092547416687,3.361688137054444,2.139466524124145,2.7835452556610107,2.513366460800171,2.0662434101104736,2.147372245788574,2.207123041152954,1.6106351613998413,1.4470953941345217,-0.2609190940856933,-0.1643469482660293,-0.0225669089704751,-0.0395115725696086,-0.0196790993213653,0.0414139553904533,0.0452019870281219,0.046213362365961,0.0187858585268259,-0.0355844013392925,-0.0185450967401266,-0.0334500633180141,-0.0056404303759336,8.751465797424316,2.889129400253296,2.7996203899383545,1.802883863449097,1.7107045650482178,1.0777100324630735,1.6795461177825928,1.2160648107528689,1.1381864547729492,1.2370426654815674,1.0073069334030151,0.877354085445404,0.8369188904762268,0.0246637209887707,0.0123642535281834,0.0985094423100177,0.0469556582079289,14.044907958964334,1,Rekurrensparese,2216,phrase
-386.9036560058594,143.21852111816406,25.80833625793457,32.94769287109375,14.249870300292969,4.940408706665039,-8.680627822875977,2.219188928604126,9.198986053466797,-2.4936747550964355,-6.509341716766357,-4.538684368133545,-4.83047342300415,68.34261322021484,53.72130584716797,34.3414306640625,24.662315368652344,25.627147674560547,18.515024185180664,19.316869735717773,9.937461853027344,12.341699600219728,12.080044746398926,9.410789489746094,8.915761947631836,9.651253700256348,0.8067524433135986,0.5415600538253784,-0.021781688556075,-0.1608278155326843,-0.1524908989667892,-0.1219809427857399,-0.0022560621146112,0.0926217883825302,0.057587906718254,-0.0706646144390106,-0.0389118269085884,0.0271637607365846,-0.0314859040081501,13.575794219970703,9.77635669708252,6.4500732421875,3.3916587829589844,4.078786373138428,2.795981168746948,3.3004536628723145,1.5877089500427246,2.045974969863892,2.534743547439575,1.6938669681549072,1.795015811920166,1.8295875787734983,-0.1224195957183837,-0.0199724752455949,0.0389992035925388,0.0211726482957601,-0.0034638906363397,-0.018238490447402,0.0035665673203766,0.0008007461437955,0.0031518265604972,0.0018413861980661,0.0098719149827957,0.0133546441793441,-0.0156151847913861,7.751116752624512,4.2285661697387695,3.559676170349121,2.103663921356201,1.7675904035568235,1.2366458177566528,1.73732328414917,0.8871426582336426,1.0557861328125,1.2248027324676514,0.8655279874801636,0.99477219581604,0.9515063166618348,0.0224789073681878,0.0104877326821428,0.0632127064653314,0.0169740148024811,18.02421631544179,1,Rekurrensparese,2218,phrase
-324.27178955078125,125.48277282714844,11.08494758605957,47.26155090332031,2.8726093769073486,25.37027931213379,-3.566159009933472,-4.41421365737915,4.780526638031006,11.37049961090088,-0.7323554754257202,-1.1372802257537842,5.373248100280762,107.5090789794922,41.72922134399414,27.08536529541016,26.404165267944336,16.60568618774414,22.499366760253903,18.911762237548828,13.546273231506348,12.044997215270996,12.27034854888916,10.929986953735352,12.368430137634276,10.273327827453612,0.1958020031452179,0.2067495584487915,0.1354963630437851,0.0298471841961145,0.0017308971146121,0.1647955775260925,0.1991369277238845,0.0328296460211277,-0.0291718002408742,0.004330922383815,0.0029864856041967,-0.0331170223653316,-0.0103874485939741,17.50358772277832,7.308840274810791,4.613557815551758,3.966241598129273,2.404959201812744,3.1334805488586426,3.155635356903076,2.403948783874512,2.2310636043548584,2.1769487857818604,2.040847063064575,1.960562825202942,1.72273850440979,-0.2401827871799469,-0.1848374456167221,-0.0519225224852561,0.0132695976644754,0.0707170143723487,0.0205657985061407,0.0120997708290815,0.0215294379740953,0.027680117636919,0.0525515228509902,0.0068818987347185,-0.0037751405034214,0.0463771633803844,8.751296997070312,3.20810866355896,2.8313956260681152,2.371221780776977,1.351876139640808,1.493998646736145,1.5934849977493286,1.3191007375717163,1.1095234155654907,1.0446544885635376,1.0784351825714111,0.9848874807357788,0.9991263151168824,0.0944982907418292,0.0424802850073055,0.2752164875057091,0.1159261074409607,2.013131604800907,1,Rekurrensparese,2235,phrase
-348.9285888671875,109.84642791748048,8.689379692077637,43.888702392578125,10.728405952453612,26.27524948120117,-3.576850652694702,1.3123221397399902,9.69157600402832,0.4898564219474792,0.2176438570022583,-2.639455795288086,-0.9581252336502076,76.04534149169922,39.63230514526367,25.47752952575684,22.03343772888184,19.07012367248535,20.847877502441406,17.72085952758789,13.609357833862305,11.759244918823242,11.024388313293455,8.00669002532959,8.93643569946289,9.694731712341309,0.3333084285259247,0.327040821313858,-0.0282435193657875,-0.1402253210544586,0.0398177728056907,0.0933965891599655,0.0462701395153999,-0.0296288765966892,0.0196943022310733,0.0346498936414718,-0.0332052931189537,-0.065299205482006,-0.0188704933971166,12.741190910339355,7.424046993255615,4.124945163726807,2.646784782409668,3.573207378387451,3.7242486476898193,3.182460069656372,2.3333969116210938,2.127668619155884,1.7488974332809448,1.5184203386306765,1.5654274225234983,2.172156810760498,-0.2568639516830444,-0.1776136755943298,-0.0684907734394073,-0.0430877730250358,0.0352703742682933,0.0715382993221283,0.0721298083662986,0.0690143033862114,0.0426724478602409,-0.0285865552723407,-0.0299261454492807,-0.0190868396311998,0.0213171951472759,8.066091537475586,3.568774938583374,2.425022840499878,1.3727737665176392,1.758337140083313,1.9144355058670044,1.824161529541016,1.32122004032135,1.2385762929916382,1.097412109375,0.9665427207946776,0.8724608421325684,1.1195539236068726,0.0578924859374113,0.0299805638959584,0.1639818528928749,0.0776512480042282,7.968735303841636,1,Rekurrensparese,2237,phrase
-370.7115478515625,164.5550537109375,26.807849884033203,28.07434844970703,13.697165489196776,21.45711898803711,0.8038639426231384,-4.839106559753418,2.265958309173584,-3.928422451019287,2.543995380401612,0.7583693861961365,-10.404535293579102,75.38993072509766,63.20343780517578,31.1655330657959,26.83472442626953,23.14651298522949,17.065937042236328,14.110690116882324,14.334712982177734,9.937623977661133,12.33483600616455,6.454555034637451,7.534718036651611,9.93905258178711,0.5577504634857178,0.5724815130233765,0.1721771657466888,-0.0058422018773853,0.044060330837965,0.0634628236293792,0.0254867877811193,0.0131677584722638,0.0391319878399372,0.106203943490982,0.1098832786083221,0.0398221164941787,-0.0051020616665482,14.023602485656738,11.2255220413208,5.51055383682251,3.5405638217926025,4.010910511016846,2.705669641494751,2.814826250076294,2.7330541610717773,1.8457783460617063,2.1513915061950684,1.4194051027297974,1.2997232675552368,1.92435622215271,-0.3666472733020782,-0.1085652783513069,0.0680159851908683,-0.0840175822377204,-0.0214422047138214,-0.0461636409163475,-0.0210975054651498,-0.0435713864862918,0.0517833679914474,0.088666059076786,-0.0249726921319961,0.0328149832785129,0.0814999267458915,7.517120361328125,4.626748561859131,3.285350561141968,1.7606124877929688,1.8261886835098269,1.4281808137893677,1.691652774810791,1.3855068683624268,1.039046049118042,1.0968343019485474,0.7320868372917175,0.9296503067016602,1.2946362495422363,0.0243524765536113,0.0088445853144395,0.0908762739484196,0.0287237016756616,15.808298589746734,1,Rekurrensparese,2243,phrase
-393.4065551757813,125.5830535888672,18.39713287353516,42.77105712890625,3.98432207107544,18.1792106628418,-4.781806468963623,-6.358018398284912,6.58945369720459,-2.4656686782836914,-1.1544091701507568,-3.684457063674927,-3.5492262840271,96.81542205810548,52.40967559814453,33.09626770019531,27.904447555541992,24.906064987182617,20.36577796936035,17.24631690979004,12.070059776306152,12.249866485595703,11.006587982177734,11.60796356201172,9.615846633911133,9.457265853881836,0.2794451713562011,0.2849078178405761,0.0566805489361286,-0.0656432881951332,-0.05853271484375,-0.0153648816049098,0.0237459931522607,0.0209834929555654,0.0337001755833625,0.051786832511425,0.0623128786683082,0.0516921505331993,-0.0134946731850504,16.79460906982422,7.601686954498291,5.735835075378418,3.790818929672241,3.22899866104126,2.4889252185821533,3.086160659790039,2.126148700714112,1.8602855205535889,1.5341604948043823,1.861295223236084,1.8269593715667725,1.3959367275238037,-0.2353469878435135,-0.1811990141868591,-0.036260150372982,0.0180570073425769,0.0770580023527145,0.0581913813948631,0.0453457906842231,0.0342793501913547,0.0164695270359516,-0.003179389052093,-0.0145083516836166,-0.0232266746461391,-0.011699323542416,8.438980102539062,3.3340721130371094,2.923387050628662,1.8988571166992188,1.6895489692687988,1.2254886627197266,1.4797604084014893,0.990692138671875,1.1642614603042605,0.9209430813789368,0.910261869430542,0.9221024513244628,0.7099343538284302,0.015710934333036,0.0066122020868986,0.0560245698076321,0.0201048387425863,20.842039080798536,1,Rekurrensparese,2247,phrase
-347.95074462890625,118.9678726196289,23.39267921447754,59.30461883544922,11.912914276123049,1.3916035890579224,-5.935115814208984,3.7317636013031006,4.67092227935791,2.719401836395264,-1.3838163614273071,-7.551760196685791,-8.921875,87.88966369628906,49.68691253662109,26.31021308898925,22.38148307800293,24.25139617919922,21.026247024536133,17.097646713256836,11.770612716674805,12.780038833618164,14.057143211364746,11.563974380493164,10.2279634475708,13.469999313354492,0.1824336498975753,0.0588397197425365,0.0794184952974319,0.104481540620327,-0.019716240465641,0.1016431376338005,0.0541715174913406,0.0928902402520179,0.133670687675476,0.0209038853645324,-0.0109690865501761,-0.0464100688695907,-0.0961311608552932,13.843226432800291,7.45252513885498,5.167407512664795,3.927877902984619,4.105123519897461,2.7967634201049805,2.9015347957611084,1.8280346393585205,1.991795539855957,2.4448816776275635,2.154105424880981,1.8225005865097048,2.0049190521240234,-0.2230527251958847,-0.0202138666063547,0.042892824858427,-0.0690383538603782,0.0710777640342712,0.0470823980867862,0.0658049136400222,0.0545917563140392,0.0070768212899565,0.0428737178444862,-0.0574023760855197,-0.0617965348064899,0.0271424502134323,7.998104572296143,3.3722147941589355,3.0177016258239746,1.999382495880127,1.854306697845459,1.2695010900497437,1.6415714025497437,1.175059795379639,0.9800360202789308,1.2870543003082275,1.1713342666625977,1.07174813747406,0.9126980900764464,0.0228807615680333,0.0105898440971305,0.0920161478469233,0.0368878011056257,16.001855367694233,1,Rekurrensparese,2274,phrase
-325.9664306640625,137.6446533203125,30.6683292388916,28.44355010986328,10.190743446350098,9.302539825439451,-8.245105743408203,-2.347341775894165,6.581161975860596,-3.0133280754089355,0.5592866539955139,-3.665693044662476,-6.157870292663574,74.26530456542969,57.63576889038086,32.069793701171875,31.135482788085938,24.270809173583984,18.84380149841309,20.26152229309082,12.19027328491211,12.29680347442627,11.429712295532228,9.53131103515625,8.44936466217041,10.619959831237791,0.4191482067108154,0.4137243926525116,0.1510229557752609,0.0580246523022651,0.0095681622624397,-0.0243103522807359,4.452062421478331e-05,-0.0033076878171414,-0.0214648768305778,0.0149116059765219,0.0419332832098007,-0.0024954420514404,-0.0445834808051586,14.850284576416016,10.170991897583008,5.713432312011719,3.9573299884796143,3.6752333641052246,2.729095697402954,3.807019710540772,2.364839553833008,2.09774112701416,2.214256763458252,1.7736655473709106,1.5534027814865112,1.8959403038024905,-0.1718686521053314,-0.1541173011064529,-0.0744884312152862,-0.0759361088275909,0.0008560629212297,0.0622579120099544,0.0265700612217187,0.017375037074089,0.0402099601924419,0.034069400280714,0.018446896225214,0.0177770368754863,0.0162267815321683,9.01607608795166,4.491562843322754,3.4333174228668213,2.3481619358062744,1.6525421142578125,1.2497000694274902,1.7270134687423706,1.100823998451233,1.0236963033676147,1.0859836339950562,0.941267728805542,0.9303680658340454,0.9052780270576476,0.0207656096227804,0.0092032148722694,0.0579243751330723,0.0193019266895107,19.98912446519148,1,Rekurrensparese,2330,phrase
-371.5860290527344,160.06431579589844,28.49943733215332,31.76522827148437,26.255203247070312,20.629579544067383,2.587086677551269,-6.225486755371094,0.6989955902099609,-6.387939453125,-9.4966402053833,-0.8844830989837646,-3.626009225845337,76.38426971435547,55.96955490112305,31.831085205078125,27.57179069519043,22.66114616394043,14.983360290527344,15.60043239593506,11.99752426147461,10.132787704467772,13.31833267211914,12.044097900390623,9.643086433410645,7.271407604217529,0.2375038415193557,0.2711605131626129,0.1346179246902465,0.049567837268114,0.0487023778259754,0.0423299260437488,-0.0109569681808352,-0.0669745281338691,-0.0755441114306449,-0.0272094514220953,0.0176017042249441,0.0127838104963302,-0.0088287442922592,10.868226051330566,9.044493675231934,4.977733612060547,4.084158420562744,4.075268745422363,2.6675519943237305,2.8859245777130127,2.427711009979248,1.949980854988098,2.1545655727386475,2.261774063110352,1.7709771394729614,1.2130622863769531,0.0171925630420446,0.0109366970136761,-0.0240712817758321,-0.0476741380989551,-0.0318331904709339,-0.0096066743135452,-0.0135415000841021,-0.0258411616086959,-0.0320239551365375,-0.0287669245153665,-0.0129384668543934,-0.0022763039451092,0.0035936273634433,6.189632415771484,3.774035215377808,2.75069522857666,1.8983659744262693,1.812199354171753,1.2271193265914917,1.4972858428955078,1.155162692070007,0.9495381712913512,1.113181233406067,1.2033405303955078,0.9076678156852722,0.6768212914466858,0.0299405162977036,0.0133704339201409,0.094632993965369,0.0256994260879711,12.00852547651932,1,Rekurrensparese,2341,phrase
-398.7970886230469,106.25328826904295,34.07310104370117,39.33420181274414,19.823087692260746,18.764793395996094,5.9192633628845215,-1.784835696220398,-0.1482339203357696,1.5865478515625,1.4991217851638794,-6.498197078704834,-3.831359386444092,97.32522583007812,62.349369049072266,33.29205322265625,23.571542739868164,23.333797454833984,13.949906349182127,10.199837684631348,12.379507064819336,11.4058198928833,11.63621997833252,8.319422721862793,12.371171951293944,9.327188491821287,0.1992971301078796,0.21503347158432,0.099545918405056,-0.0065712318755686,-0.0474567897617816,-0.0179591383785009,0.0012932912213727,-0.0084653152152895,-0.0291909184306859,-0.0120314378291368,0.0145990466699004,0.0330821573734283,0.0217326041311025,13.00367259979248,8.249581336975098,4.240586757659912,3.1335511207580566,2.6354691982269287,1.8718383312225344,1.7016328573226929,1.9207558631896973,1.6269769668579102,1.6728858947753906,1.4010478258132937,1.862133502960205,1.6213923692703247,-0.0342458933591842,-0.032362837344408,-0.0088721793144941,0.0043802908621728,0.0107995122671127,0.0084864776581525,0.0086126355454325,0.0129322186112403,0.016012018546462,0.0134100280702114,0.0051642735488712,0.0016183943953365,-0.0024153662379831,5.393155097961426,3.078669786453247,1.9683912992477417,1.542898654937744,1.16918683052063,0.88312166929245,0.9140251874923706,0.9109200835227966,0.8270562887191772,0.8899962902069092,0.7810520529747009,0.8660517930984497,0.8636122941970825,0.0188361792586847,0.0085393023543826,0.0618628393448439,0.0191495358092803,21.57332516488489,1,Rekurrensparese,2342,phrase
-358.5615234375,148.66453552246094,28.36354637145996,53.0764274597168,26.55791664123535,38.31290817260742,7.59165620803833,5.359353065490723,7.661459922790527,1.822362184524536,5.473587989807129,-3.362006902694702,-10.51207160949707,78.32537078857422,50.43144607543945,31.033292770385746,18.57308387756348,24.52664375305176,24.000459671020508,21.05509757995605,14.345337867736816,12.12819004058838,9.746347427368164,10.62785530090332,8.054963111877441,10.442089080810549,0.061793927103281,0.0749662071466445,0.1855421513319015,0.1478065252304077,0.0090404972434043,0.0347169823944568,-0.0103395227342844,-0.0364880338311195,-0.0117462323978543,-0.0332476161420345,0.0361304618418216,0.0649715363979339,0.0653258711099624,13.309643745422363,7.758761405944824,4.8707661628723145,2.8869054317474365,3.9119675159454346,3.4367737770080566,3.249450445175171,2.228020429611206,2.1117100715637207,1.919158101081848,1.881427526473999,1.6142125129699707,1.843013048171997,-0.2581588923931122,-0.1197738647460937,0.0390606932342052,0.0762533172965049,0.1442856192588806,0.0644916370511055,0.0538610331714153,-0.027859479188919,-0.0244328659027814,0.0535373240709304,0.0235295034945011,-0.0119142737239599,-0.0088838404044508,6.945814609527588,3.459204912185669,2.7685954570770264,2.0275659561157227,2.0418636798858643,1.3610886335372925,1.608941674232483,1.0193970203399658,1.2519639730453491,1.2234892845153809,1.04190993309021,0.9219767451286316,0.8442748188972473,0.0519119175726798,0.0295383958739467,0.1675831063004786,0.0887937844492639,10.230560892413084,1,Rekurrensparese,2346,phrase
-388.48095703125,133.41746520996094,28.801433563232425,52.36770248413086,28.036602020263672,18.26346015930176,7.636910438537598,0.8374958038330078,3.164700508117676,5.631555557250977,9.065674781799316,-5.457277774810791,-6.991549015045166,66.68167877197266,39.294681549072266,27.117626190185547,19.892467498779297,20.798608779907227,17.037734985351562,17.086441040039062,12.109596252441406,12.630725860595703,15.930828094482422,10.333291053771973,12.189455032348633,10.724273681640623,0.2336681485176086,0.116242729127407,-0.0341592952609062,0.0281588844954967,-0.0224358569830656,-0.066162422299385,-0.0722318440675735,-0.0446073822677135,-0.0326775126159191,-0.061463713645935,-0.0363965034484863,-0.0447122007608413,-0.0702279508113861,9.851370811462402,5.48833703994751,4.458827972412109,3.0358121395111084,3.453255414962769,2.584677219390869,2.8415565490722656,1.8659780025482176,2.033606767654419,2.4528486728668213,1.5354763269424438,2.3536415100097656,2.0551998615264893,-0.0627600848674774,-0.1108663082122802,-0.0783827677369117,-0.0040852334350347,0.0095193376764655,-0.0011377334594726,-0.033393558114767,-0.0510774403810501,-0.0128840366378426,0.0259836819022893,0.0415553413331508,0.0343179553747177,-0.003760264487937,5.228222846984863,3.3447253704071045,2.430577754974365,1.7712969779968262,1.8099744319915767,1.1981428861618042,1.4808976650238037,1.1027038097381592,1.073485255241394,1.3702012300491333,1.0394470691680908,1.029567003250122,1.0206845998764038,0.0234466422863548,0.0090618803688953,0.0768911041697398,0.0232311024697415,18.856724813980698,1,Rekurrensparese,2393,phrase
-282.67608642578125,112.89403533935548,9.616654396057127,53.69515609741211,3.76135516166687,23.55785751342773,-7.856276512145996,23.666269302368164,3.6320481300354,0.3195734918117523,10.712530136108398,3.148176670074463,-5.519661903381348,108.7230987548828,33.33053970336914,27.677461624145508,24.39670753479004,20.06821250915528,14.83996868133545,15.790553092956545,13.516736030578612,11.2608003616333,16.018693923950195,13.711185455322266,9.873945236206056,9.981871604919434,0.3779381513595581,0.0664478689432144,-0.037129208445549,0.0302865616977214,-0.1085427850484848,-0.0217598862946033,-0.0240698624402284,0.029542064294219,-0.0062929145060479,-0.0033093004021793,-0.0199716873466968,-0.0260424669831991,-0.0077545987442135,14.529825210571287,5.439465999603272,3.97740650177002,3.0442264080047607,3.1469647884368896,2.514156579971313,2.88031005859375,1.9035382270812988,1.975250005722046,2.4115984439849854,2.225526094436645,1.6358815431594849,1.8350000381469729,0.0010976496851071,0.0577684789896011,0.0171997584402561,-0.0700216889381408,0.0134910997003316,0.050516739487648,-0.0167602114379405,0.0132137918844819,0.0336383059620857,0.0041623245924711,-0.0106831891462206,-0.0027441263664513,0.0130482083186507,5.550212383270264,2.4972918033599854,2.3651936054229736,1.4979124069213867,1.4771907329559326,1.2268930673599243,1.4850172996520996,0.9977352619171144,1.0952050685882568,1.1724462509155271,1.0345027446746826,0.9173296689987184,0.8702874779701233,0.0614594098628941,0.0346140264877015,0.1988170835902259,0.0694195565996762,6.589332748252693,1,Rekurrensparese,2394,phrase
-401.1326293945313,138.08851623535156,34.65509796142578,32.603153228759766,24.3098373413086,16.65206527709961,9.61658763885498,6.3964362144470215,5.609732151031494,3.200579166412353,4.304000377655029,6.322251796722412,0.2133446186780929,116.8835678100586,76.63945007324219,36.51102828979492,20.48691368103028,22.36237907409668,17.87450408935547,14.404751777648926,11.62901496887207,10.183269500732422,13.173508644104004,10.47272491455078,8.578253746032715,7.542380332946777,0.0825434997677803,0.0837823376059532,0.0391004271805286,0.0121904350817203,-0.0167190376669168,-0.0269921496510505,-0.0234303660690784,-0.0215299036353826,-0.0190504696220159,-0.0149594042450189,-0.0036347173154354,0.0037040237803012,0.007684024516493,16.00159454345703,8.988561630249023,5.334347724914551,2.613072395324707,3.200281381607056,2.3488576412200928,2.301265954971313,2.006267070770264,1.7983986139297483,1.8740588426589968,1.4979995489120483,1.2636743783950806,1.2301974296569824,-0.0683417096734047,-0.0470233336091041,0.0130921164527535,0.0147831356152892,0.0208126623183488,0.0357389971613884,0.0227315705269575,0.0146515816450119,0.0242940969765186,0.0202433671802282,0.0052773873321712,0.0057939868420362,0.0135270170867443,10.160438537597656,4.040122032165527,3.078327417373657,1.7188562154769895,1.5753997564315796,1.1878290176391602,1.208202600479126,0.9369234442710876,1.0155737400054932,1.1108390092849731,0.8017628788948059,0.8388189673423767,0.6771566271781921,0.0242362191662721,0.0087160935738309,0.074511914859688,0.0211771035197128,16.29720343177287,1,Rekurrensparese,2395,phrase
-336.3729858398437,160.60670471191406,25.95409202575684,36.197357177734375,37.0927619934082,18.92021751403809,-9.082154273986816,-0.063494361937046,10.518863677978516,-0.5062689185142517,0.2966654896736145,-5.119095802307129,-5.953049659729004,73.88567352294922,59.01044845581055,31.15804100036621,22.894916534423828,26.654634475708008,20.977413177490234,16.358556747436523,12.976765632629396,11.1234769821167,11.315564155578612,11.354511260986328,8.000557899475098,9.43813419342041,0.0900471210479736,0.0690673887729644,0.0812438875436782,0.0751320794224739,-0.0101810097694396,-0.0191875658929348,-0.0113750472664833,0.035892330110073,0.0304740536957979,0.024451345205307,0.0259398315101861,-0.0296953059732913,-0.0219573006033897,10.133386611938477,8.923856735229492,4.569509983062744,3.741318225860596,3.9718072414398193,2.1247305870056152,2.660281181335449,2.1703109741210938,2.0041775703430176,1.6440870761871338,1.6171401739120483,1.4410433769226074,1.5692692995071411,-0.0014277548762038,-0.0074596786871552,0.0264115519821643,0.0583862885832786,0.0694282278418541,0.0663797780871391,0.0233429297804832,0.0121401697397232,0.0030835480429232,-0.0008482366683892,0.0064729037694633,-0.0006198305054567,-0.0146626196801662,4.593868732452393,3.46651577949524,2.5173325538635254,1.959920644760132,1.683821678161621,0.9983895421028136,1.1482654809951782,0.9594487547874452,1.1321204900741575,0.9414475560188292,0.8218933939933777,0.9300181269645692,0.7713019847869873,0.0177370062046745,0.0067590816163892,0.0701991191158877,0.0200975742997466,19.38469342335465,1,Rekurrensparese,2408,phrase
-407.6136779785156,120.46267700195312,33.56481170654297,30.7554988861084,20.016521453857425,13.84763240814209,8.987177848815918,9.694934844970703,1.9984394311904907,-3.847501039505005,3.1723532676696777,-1.298182725906372,-4.702844619750977,89.40381622314453,62.01704788208008,30.44702339172364,23.47717666625977,22.151620864868164,16.07916259765625,13.14069938659668,8.295701026916504,11.80484390258789,12.448928833007812,10.087020874023438,9.205031394958496,10.046672821044922,0.3848326206207275,0.3907980918884277,0.152199700474739,-0.0181783530861139,-0.1032223626971244,-0.0902257412672042,-0.0409149676561355,0.0534509010612964,0.0635378658771514,-0.0051530241034924,-0.0363958403468132,-0.0273275673389434,-0.0069053163751959,12.569215774536133,9.44308090209961,5.594170093536377,3.4299063682556152,3.600576639175415,2.9194424152374268,2.556962490081787,1.5239076614379885,2.0820212364196777,2.1298515796661377,1.708375334739685,1.2918974161148071,1.692501664161682,-0.079848863184452,-0.0865693092346191,-0.0246797036379575,0.0377046726644039,0.0516163222491741,0.0158700104802846,-0.0063294619321823,-0.0053368750959634,-0.0052436939440667,-0.0082008419558405,-0.0068571506999433,0.0090125910937786,0.0098913079127669,5.718527317047119,3.544161319732666,2.7443668842315674,1.5147624015808103,1.5228804349899292,1.3082534074783323,1.5127546787261963,0.8971588015556335,1.3206335306167605,1.0816129446029663,0.8876128792762756,0.6904680132865906,0.8599897027015686,0.0263112945415956,0.0074057127982608,0.1212728273027948,0.0288838338203252,15.437388320811218,1,Rekurrensparese,2414,phrase
-423.22845458984375,123.4023208618164,17.924043655395508,37.71982192993164,-0.9624893069267272,27.608762741088867,6.619332790374756,-2.468223810195923,3.763728141784668,9.627073287963867,5.0635762214660645,2.302690029144287,5.662405967712402,109.93972778320312,44.55329513549805,30.0450439453125,29.338817596435547,18.920425415039062,18.4326229095459,16.512523651123047,14.082691192626951,11.871864318847656,10.539092063903809,10.005290985107422,11.529234886169434,10.30711269378662,0.238998681306839,0.2580994367599487,0.0896846279501915,-0.0565904714167118,0.0353619717061519,0.0578865483403205,-0.0517934300005435,-0.0499327071011066,-0.0407417155802249,-0.0423968844115734,-0.0829513072967529,-0.0229126811027526,0.0038171054329723,14.818668365478516,7.536227703094482,4.014310836791992,3.993357658386232,2.9002063274383545,2.579852819442749,2.656845808029175,2.40074110031128,1.5982996225357056,1.680142164230347,1.5587981939315796,1.94533121585846,1.4395833015441897,0.0483825393021106,-0.0161355137825012,-0.0011257461737841,0.0522831790149211,-0.0299743171781301,-0.0002484081196598,0.0350854843854904,0.035086341202259,0.0108410939574241,-0.0186164584010839,0.005793519783765,-0.0255991891026496,-0.0360447391867637,6.878583908081055,3.0766100883483887,1.9165260791778564,1.868858337402344,1.6469109058380127,1.293042778968811,1.2793928384780884,1.1790826320648191,0.7822876572608948,1.0496952533721924,0.9321299195289612,1.008177638053894,0.8547409772872925,0.0294421874155292,0.0121174968024372,0.1400541566570021,0.0667546104429284,8.955711318028573,1,Rekurrensparese,2418,phrase
-331.4497375488281,156.86764526367188,16.06658172607422,36.5944709777832,17.46243667602539,11.999619483947754,-5.614224433898926,0.6568265557289124,3.8052122592926025,-7.158104419708252,1.5572404861450195,-6.096256732940674,-9.369627952575684,80.66886901855469,55.76179122924805,26.060237884521484,21.328311920166016,21.891759872436523,17.320043563842773,14.377107620239258,13.600502014160156,10.053622245788574,12.964183807373049,10.445664405822754,10.108591079711914,10.971352577209473,0.7349892258644104,0.2849004566669464,-0.0751515179872512,0.0998887196183204,-0.1026189774274826,-0.0264025889337062,-0.0230092275887727,-0.005995241459459,-0.0258015692234039,-0.0299923475831747,-0.0176631864160299,-0.0879388153553009,-0.0248173214495182,16.563417434692383,9.77026653289795,4.8055267333984375,2.967923879623413,3.678611516952514,2.556532859802246,2.757275104522705,2.4309701919555664,1.648586630821228,2.549665927886963,1.981185793876648,1.8619033098220823,1.966989517211914,-0.14268758893013,-0.0471802838146686,-0.0069440929219126,0.0389388687908649,0.0590032786130905,0.0210961420089006,0.0691389515995979,0.0229402054101228,0.0176296047866344,0.0155624980106949,-0.0191979613155126,-0.0021140608005225,-0.0142238326370716,8.669771194458008,4.424732685089111,2.690487861633301,1.782758712768555,1.7453103065490725,1.2999207973480225,1.4081085920333862,1.3710134029388428,0.9229597449302672,1.3801710605621338,0.9523409008979796,0.8785111904144287,0.9809461832046508,0.0222980482957836,0.0105618857414597,0.0952971428890788,0.033738788918549,16.236366866105495,1,Rekurrensparese,2430,phrase
-319.97576904296875,150.7391815185547,35.76704025268555,49.88715744018555,22.222618103027344,25.58378791809082,0.9617581963539124,1.582347750663757,14.612100601196287,11.781750679016112,-0.4283425211906433,-4.412357807159424,-1.3906112909317017,84.64420318603516,54.366249084472656,35.74022674560547,19.458629608154297,27.41178131103516,20.47702407836914,18.26338577270508,11.870043754577637,10.715530395507812,9.742704391479492,12.66911506652832,9.86371612548828,10.459839820861816,0.673686146736145,0.6028684377670288,0.1869957894086837,0.1076979264616966,0.0749757513403892,-0.0504490211606025,0.0416024401783943,0.0236041862517595,-0.0024210398551076,-0.0102255344390869,-0.0866786688566207,-0.0140696847811341,0.039883192628622,14.898755073547363,9.877656936645508,4.814099311828613,3.2821121215820312,3.99345064163208,2.9672112464904785,3.0887975692749023,2.405663013458252,1.873592615127564,1.95037853717804,2.4342052936553955,1.7762527465820312,1.935517311096192,-0.0225914772599935,0.013454663567245,-0.0128972753882408,0.0025894371792674,0.0654224902391433,0.0309335421770811,0.013622242026031,0.0270883422344923,0.0234708786010742,0.026289165019989,-0.0081314109265804,-0.0231825467199087,0.0046259160153567,7.596683502197266,3.739218235015869,2.564962387084961,1.6772185564041138,1.758837103843689,1.2094709873199463,1.5350381135940552,1.2441409826278689,0.9850502610206604,1.1806026697158811,1.015483260154724,0.9545119404792786,0.9357714056968688,0.0551460783776126,0.0245239049092125,0.1617187515615161,0.0708109575388172,8.878084164450799,1,Rekurrensparese,2450,phrase
-421.4035034179688,134.3408203125,28.92395401000977,32.8155632019043,19.822093963623047,19.736553192138672,9.687833786010742,3.9581527709960938,6.812271118164063,3.158827543258667,7.444046020507812,6.5293169021606445,-1.351185917854309,112.2552490234375,68.49801635742188,29.185039520263672,21.888988494873047,23.589344024658203,18.196626663208008,13.223302841186523,11.45991325378418,8.528223037719727,11.350174903869627,8.624074935913086,9.15100383758545,12.189626693725586,0.2261240631341934,0.2064314186573028,0.0913708508014679,0.027262095361948,-0.0280128717422485,-0.0257869288325309,-0.0118552381172776,-0.0048878034576773,-0.0022338188719004,-0.0115884793922305,-0.006238330155611,-0.0419118553400039,-0.052755769342184,12.527850151062012,8.310982704162598,4.328114986419678,2.821369409561157,3.294486284255981,2.513879537582397,2.3443188667297363,1.9289791584014893,1.3653942346572876,1.621035099029541,1.0934717655181885,1.3646202087402344,1.8339883089065552,-0.0650354400277137,-0.0480575114488601,-0.0088666453957557,-0.0028329216875135,0.0049138618633151,0.0165571961551904,0.0145908026024699,0.014205421321094,0.0252977404743433,0.0211313068866729,0.0073727942071855,0.0124951237812638,-0.0009711463353596,6.544267177581787,3.2569127082824707,2.7486367225646973,1.6226153373718262,1.416160225868225,1.2593636512756348,1.3118447065353394,0.9372722506523132,0.9162818789482116,0.9666421413421632,0.816307783126831,0.7676180005073547,0.8736346960067749,0.0307515277723305,0.0144172789244474,0.0957031501704237,0.0356418028565298,15.15245484224169,1,Rekurrensparese,2455,phrase
-327.4736022949219,141.73635864257812,27.5440731048584,45.633880615234375,2.7993571758270264,19.96011543273925,8.093267440795898,-7.939180374145508,1.2138042449951172,-0.1329661905765533,-2.5241000652313232,-3.899660348892212,-4.153633117675781,78.80097198486328,56.49549102783203,34.227264404296875,27.956010818481445,28.62740135192871,23.357898712158203,14.728137969970703,12.061861991882324,11.525835037231444,8.585906982421875,11.907291412353516,12.056984901428224,9.355881690979004,0.0313468016684055,0.0472874008119106,0.0529125109314918,0.0279085673391819,-0.0310631748288869,-0.0645078420639038,0.0118393441662192,0.0498811081051826,0.018587103113532,0.0483975112438201,0.0217153411358594,0.0250419992953538,0.0166385658085346,13.669079780578612,8.618780136108398,5.576804637908936,3.4252734184265137,4.172883987426758,3.106441736221313,2.3994622230529785,2.2229888439178467,1.877757787704468,1.6249091625213623,1.917286038398743,2.0357913970947266,1.4675636291503906,-0.1523360013961792,-0.0895690470933914,0.020989216864109,0.0493489615619182,0.0994265303015708,0.05844596773386,0.0044811246916651,0.0134620098397135,0.0088384049013257,0.0119020463898777,0.0056798076257109,0.0010534637840464,0.0247899331152439,8.334818840026855,4.185372829437256,3.3449690341949463,1.8935520648956297,1.92744779586792,1.474482536315918,1.4449598789215088,1.24651837348938,1.106208324432373,0.9120975136756896,0.970252513885498,1.010576248168945,0.8053430914878845,0.0313252239475311,0.015588242023146,0.0563720947528827,0.0228440561309397,14.963283786193522,1,Rekurrensparese,2460,phrase
-365.56689453125,136.89537048339844,26.21345901489257,52.22271347045898,23.652034759521484,19.133474349975582,-5.335720539093018,-1.8546712398529053,-0.3980521857738495,-1.2953312397003174,5.302252769470215,-9.070136070251465,-7.99072265625,96.47284698486328,52.3242416381836,31.354734420776367,25.74090003967285,27.261831283569336,15.338199615478516,16.549854278564453,10.70183277130127,11.910140991210938,11.06561279296875,11.139178276062012,11.560919761657717,12.281163215637209,0.3689402639865875,0.3598023951053619,0.1523712426424026,0.0688145086169242,0.0042935698293149,-0.0166130065917968,-0.0234317295253276,-0.0245377626270055,-0.0196464974433183,-0.0414895974099636,-0.0416457951068878,-0.0119771929457783,-0.0086166514083743,15.44777774810791,8.890250205993652,5.6934590339660645,3.737205982208252,3.786944627761841,2.248154401779175,3.1186909675598145,1.979984998703003,2.149268865585327,1.7779581546783447,1.5684022903442385,2.049199342727661,1.7982568740844729,-0.0403782241046428,0.0032419990748167,0.0394720509648323,0.0265106614679098,0.0291603989899158,0.0116755431517958,0.0163799542933702,0.0130692720413208,0.0011923130368813,0.0054350979626178,-0.0011516393860802,-0.0121524045243859,-0.015464523807168,7.735527515411377,3.7379326820373535,2.9297008514404297,1.9913815259933472,1.6672440767288208,1.1181584596633911,1.3596254587173462,1.0355665683746338,1.1053850650787354,1.0459848642349243,0.8016356825828552,1.015271544456482,0.8310625553131104,0.0356502856258743,0.0169017762976189,0.1381898714819549,0.0522007594119079,11.386991550444948,1,Rekurrensparese,2464,phrase
-356.915283203125,131.8775177001953,24.710350036621094,41.71990203857422,9.151996612548828,16.557954788208008,1.6936417818069458,-5.492000579833984,2.3804962635040283,3.9090986251831055,-7.954410552978516,-11.245157241821287,-2.7161800861358643,93.43379974365234,65.62240600585938,24.39691734313965,22.552234649658203,29.258563995361328,14.975142478942873,16.57520294189453,11.928678512573242,10.63781452178955,11.05334758758545,10.973373413085938,13.855958938598633,10.224985122680664,0.4684755802154541,0.2052191793918609,0.0447287075221538,-0.0050950548611581,-0.014353834092617,-0.0150938816368579,-0.0297922696918249,-0.0175690688192844,-0.011675770394504,-0.0040055974386632,-0.0288494620472192,-0.0147018060088157,-0.0389438308775424,17.200641632080078,10.562186241149902,4.478966236114502,3.5878255367279053,3.981246948242188,2.1425797939300537,3.021827220916748,1.9903535842895508,1.609951138496399,2.024418830871582,2.082614660263061,2.334256649017334,1.6444264650344849,-0.1566607803106308,-0.0302059538662433,0.0393528379499912,0.0111565664410591,0.0610115490853786,0.043457992374897,0.0446028858423233,0.017684306949377,0.0171893443912267,-0.0077886013314127,-0.0211353506892919,0.0022461912594735,-0.0106354393064975,6.773867130279541,3.6414270401000977,2.580976247787476,1.9295830726623533,1.849766492843628,1.087429165840149,1.4014097452163696,1.1637953519821167,0.7987460494041443,0.8781986832618713,1.0058462619781494,1.0400769710540771,0.8213980197906494,0.0367176550240536,0.019720087367995,0.1707647924219342,0.0785504535042257,8.221701846775506,1,Rekurrensparese,2465,phrase
-417.4308776855469,114.06787109375,20.401098251342773,28.749950408935547,13.74647045135498,3.334695339202881,-12.85177516937256,-7.39918327331543,0.9199945330619812,-5.708192348480225,-8.236023902893066,-9.886366844177246,-6.21766996383667,85.15406799316406,54.92341613769531,34.15465545654297,24.52079391479492,25.773256301879883,25.05418968200684,18.004404067993164,11.839884757995604,8.200911521911621,10.51496124267578,10.064675331115724,10.6889066696167,9.189120292663574,0.3701419830322265,0.3866604566574096,0.234437346458435,0.1684048622846603,0.037728976458311,-0.0145614640787243,0.0246112961322069,0.0214047115296125,-0.0032706675119698,-0.0409229435026645,-0.0724876895546913,-0.0862277373671531,-0.1281337887048721,15.65722370147705,10.486623764038086,5.763031005859375,3.023921012878418,3.755587339401245,3.234694719314575,3.3833107948303223,2.509750366210937,1.525813341140747,2.223406314849853,1.8323590755462649,2.0694808959960938,1.972230076789856,-0.1492502987384796,-0.2639814615249634,-0.2512665688991546,-0.1111633852124214,-0.0169752985239028,0.0192143507301807,0.0340230204164981,0.0360426269471645,0.0322315543889999,0.0066183130256831,-0.0046787727624177,0.0006685256958007,-0.0005203096661716,7.574789047241211,4.7723708152771,3.0072641372680664,1.684234380722046,1.6567784547805786,1.296121597290039,1.619910478591919,1.304038166999817,0.9686725735664368,1.0830262899398804,0.9941554069519044,1.0624446868896484,0.9842128157615662,0.0222000939018129,0.0103987319099485,0.0627099624427632,0.0177969631298231,20.16303374504988,1,Rekurrensparese,2469,phrase
-390.31787109375,149.62313842773438,14.45556354522705,20.845609664916992,17.06329917907715,6.156083106994629,-10.70854949951172,-7.485342979431152,1.6803823709487915,1.1290339231491089,-2.64215350151062,-11.853825569152832,-9.958295822143556,82.9315185546875,56.44562149047852,34.21096420288086,30.20670318603516,24.70512962341309,20.65785789489746,15.165854454040527,13.125245094299316,9.203800201416016,10.002689361572266,9.458051681518556,11.401790618896484,10.107606887817385,0.415454238653183,0.3730120956897735,0.0555094294250011,-0.0592909157276153,-0.0652660056948661,-0.0351718924939632,-0.0059208655729889,-0.03237234801054,-0.0713637024164199,-0.0349490083754062,0.0101778674870729,-0.0118468319997191,-0.0556155703961849,13.58141803741455,9.408461570739746,6.367622375488281,3.350917100906372,4.026094436645508,2.712141513824463,2.5044331550598145,2.3844571113586426,1.7828433513641355,1.966665863990784,1.5908961296081543,2.1525590419769287,1.8493088483810425,-0.1680250167846679,-0.1659199893474578,-0.0297247301787138,0.0522877536714077,0.0675450935959816,0.0542589798569679,0.0424304343760013,0.0292335916310548,0.0163724962621927,0.0194267630577087,-0.015069380402565,-0.0385566540062427,-0.0014354756567627,7.011109352111816,3.9989171028137207,3.707697153091431,1.755445957183838,1.8881412744522093,1.2910643815994265,1.3344218730926514,1.2257667779922483,0.8875563144683838,1.0401195287704468,0.8193581104278564,1.0539169311523438,0.8666009306907654,0.0191752929614552,0.0090192502000545,0.0633692320564003,0.0212670467658138,17.75631656765699,1,Rekurrensparese,2476,phrase
-348.9459533691406,125.12630462646484,23.97927474975586,59.94267654418945,13.922340393066406,9.950380325317385,4.1943230628967285,-3.972087860107422,1.230772614479065,-2.3626177310943604,-3.755606412887573,-7.669180870056152,-3.062107563018799,66.98542785644531,39.76847457885742,27.79605293273925,22.74332618713379,25.803543090820312,19.47671699523925,15.247004508972168,10.5129976272583,11.773565292358398,12.485454559326172,11.03516960144043,10.78810977935791,9.904037475585938,0.4722429811954498,0.348118782043457,0.0704661607742309,-0.0058666979894042,-0.0748672857880592,-0.0021930080838501,-0.0135514056310057,-0.0279531516134738,-0.0476988218724727,-0.0406892523169517,0.0189163628965616,0.0365798734128475,0.0301016308367252,13.72111988067627,8.15689468383789,5.2083821296691895,3.668672800064087,4.219840049743652,2.6279852390289307,2.99119234085083,2.2069332599639893,1.9389702081680296,2.0098185539245605,2.071263551712036,2.1107892990112305,1.903455257415772,-0.1521018743515014,-0.0957016870379448,-0.0442310497164726,0.0197679232805967,0.0873061046004295,0.0338463522493839,0.0356017537415027,0.0231145452708005,-0.0152523089200258,-0.0276538822799921,-0.0039281421341001,-0.0359648391604423,-0.0032622602302581,8.417649269104004,3.785076856613159,2.7137680053710938,1.8339961767196653,2.2529428005218506,1.4392155408859253,1.7086074352264404,1.1925119161605835,1.1291059255599976,1.0698504447937012,1.0090316534042358,0.9744387865066528,1.0450748205184937,0.0256493425317787,0.0100409508729805,0.0809062206819239,0.0308684978045905,16.82927774097767,1,Rekurrensparese,2491,phrase
-327.7823181152344,137.01058959960938,23.83968544006348,50.13872146606445,11.876474380493164,18.528329849243164,5.588390350341797,-6.758037567138672,5.178064346313477,5.661847114562988,-6.225010871887207,-9.558234214782717,0.0402818135917186,71.0744400024414,47.13511276245117,25.402944564819336,21.91178321838379,21.636211395263672,16.483800888061523,17.740413665771484,13.695351600646973,12.572296142578123,8.554173469543457,10.75650691986084,11.346575736999512,8.949698448181152,0.9209914803504944,0.5365158915519714,0.1103871390223503,0.1782764047384262,0.1489271521568298,0.1381355375051498,-0.0400679148733615,0.0021031047217547,0.01214200258255,0.0240596793591976,0.0075703300535678,-0.0634217634797096,0.0032261866144835,13.738062858581545,8.620229721069336,4.63142204284668,3.293646335601806,3.7262117862701416,2.445784568786621,3.194211006164551,2.745360851287842,2.2626161575317383,1.6549636125564575,1.6865350008010864,1.960739731788636,1.7066808938980105,0.0143059156835079,0.0186223406344652,0.021971970796585,-0.0163721535354852,0.0212259665131568,0.0253791734576225,0.0134788062423467,0.0365357808768749,0.0476521849632263,0.0120020378381013,-0.0007308649364858,0.0035141843836754,-0.0306115299463272,8.462536811828613,4.19711446762085,2.8907065391540527,1.9441229104995728,2.1850850582122803,1.3070391416549685,1.939319729804993,1.5878312587738037,1.19307541847229,1.015108585357666,1.064342021942139,1.0678945779800415,1.081449270248413,0.0403238308147723,0.0205918778859669,0.0892075022112641,0.0320396346861462,11.64489793963237,1,Rekurrensparese,2493,phrase
-266.2502136230469,136.42080688476562,3.0684096813201904,45.008087158203125,2.670471429824829,14.725369453430176,-0.218748390674591,-2.165445804595948,6.575292110443115,6.071987152099609,4.223715305328369,-5.452910900115967,1.9095606803894043,87.03450775146484,46.81560897827149,23.460596084594727,19.348438262939453,21.8345890045166,12.752009391784668,13.87155818939209,9.796164512634276,12.479676246643066,11.932156562805176,7.502114295959473,7.73003625869751,9.235119819641112,0.359046459197998,0.3331719636917114,0.0754738450050354,-0.0060448455624282,0.0299094524234533,0.0362194590270519,-0.0371151305735111,-0.0451743490993976,-0.0593795217573642,-0.0545621775090694,-0.067377008497715,-0.0639378055930137,-0.0266098789870739,12.91439437866211,8.33450984954834,3.843080759048462,2.683321237564087,3.6926157474517822,2.14827823638916,2.6625120639801025,2.149129629135132,2.1530473232269287,1.9888255596160889,1.2495917081832886,1.4223097562789917,1.7023288011550903,0.0182828903198242,-0.0186508540064096,-0.006478879135102,0.0151659622788429,-0.0358538478612899,-0.0390076264739036,-0.0252706781029701,0.0350299850106239,-0.0177969764918088,-0.0608026161789894,-0.0388806164264678,0.0088957734405994,0.0143625503405928,8.332343101501465,3.5496950149536133,2.2002766132354736,1.6407548189163208,1.9408345222473145,1.2943449020385742,1.532784938812256,1.2437317371368408,1.095786690711975,1.1305910348892212,0.830819845199585,0.844922661781311,0.842093825340271,0.0213874592162048,0.0109085605005065,0.0965045797440981,0.0371793526496944,12.469071024632129,1,Rekurrensparese,2496,phrase
-340.8714904785156,131.2925262451172,24.3134822845459,33.51235580444336,18.36591911315918,24.465940475463867,6.938178062438965,-5.875861167907715,2.6512820720672607,0.8893353939056396,0.8745616674423218,-8.719738960266113,-13.137349128723145,68.5025405883789,51.7048225402832,30.389101028442383,21.353973388671875,23.15950584411621,20.93231964111328,12.710143089294434,12.162176132202148,8.627175331115723,9.357418060302734,8.250685691833496,10.091297149658203,13.756604194641112,0.5387925505638123,0.4921470880508423,0.1710962504148483,0.1116068512201309,0.0740444883704185,0.0550631284713745,0.0309642646461725,0.009466590359807,0.0213738474994897,-0.0043729846365749,-0.0016820430755615,0.0187242478132247,-0.0012843372533097,12.927772521972656,9.203097343444824,5.319855213165283,3.147457838058472,4.3366217613220215,2.8294193744659424,2.302384853363037,2.305203914642334,1.6147127151489258,1.9089021682739256,1.3691960573196411,1.8523428440094,2.678480386734009,0.0315859131515026,0.033518124371767,0.0223741382360458,-0.0019056717865169,-0.0099050709977746,0.0045653884299099,-0.0271805152297019,-0.0205984488129615,0.0215436108410358,0.0209094509482383,0.0202284939587116,-0.0145357083529233,-0.0431827716529369,7.308734893798828,4.2122578620910645,3.2417550086975098,1.8789540529251096,2.034688234329224,1.218765139579773,1.1483145952224731,1.2061740159988403,0.9604501128196716,1.052386999130249,0.8533008694648743,1.0127942562103271,1.2726383209228516,0.026802497365314,0.013953360954918,0.0723149041140123,0.0294157544372205,18.58920147171549,1,Rekurrensparese,2501,phrase
-261.4694519042969,121.99212646484376,-1.86302649974823,37.5577392578125,16.487428665161133,11.812999725341797,-0.0151832615956664,7.848237991333008,13.005722999572754,1.5864943265914917,-1.3333358764648438,0.203553706407547,-3.7037105560302734,75.73807525634766,37.62561798095703,27.89525032043457,23.858135223388672,23.543270111083984,14.118571281433104,17.062774658203125,9.352643013000488,12.45093059539795,10.282301902770996,10.23423957824707,11.336163520812988,10.078081130981444,0.6119573712348938,0.1994635760784149,-0.0202230513095855,0.1369225531816482,-0.0296395886689424,-0.0628123879432678,0.0325966738164424,0.045875497162342,0.0452771224081516,0.0149007737636566,-0.0043621216900646,0.0073891729116439,-0.0239214785397052,14.378104209899902,5.240527153015137,5.211427211761475,4.217581748962402,3.781793117523194,2.512316942214966,3.0694522857666016,1.5227025747299194,2.1092350482940674,1.650697112083435,1.8024135828018188,2.063542127609253,1.7816343307495115,0.2863165438175201,0.0772694796323776,-0.0288048256188631,-0.033237736672163,-0.053057562559843,-0.0566464439034462,-0.0505558438599109,-0.0276017729192972,-0.0105973640456795,0.0155539792031049,0.0232431329786777,0.0146057484671473,0.028666203841567,7.746774196624756,2.915860414505005,3.5128660202026367,1.80281400680542,1.7662367820739746,1.3131288290023804,1.4759317636489868,0.9053997993469238,1.1779521703720093,0.9010108709335328,0.8752889633178711,0.960623562335968,0.8665782809257507,0.0374817851563937,0.0190249913964508,0.134448508278871,0.0628878861264522,10.788044096037602,1,Rekurrensparese,2507,phrase
-357.6718444824219,137.83673095703125,34.05771255493164,40.1340217590332,16.438615798950195,16.560836791992188,4.203428268432617,-4.234607696533203,2.6898679733276367,-1.6880714893341064,-4.031805515289307,-1.5314358472824097,-2.585434675216675,83.4249496459961,61.46982192993164,28.930295944213867,20.942670822143555,25.940160751342773,21.594295501708984,14.089801788330078,12.863749504089355,10.064461708068848,11.661860466003418,9.576165199279783,7.557537078857422,9.770208358764648,0.309859961271286,0.3185645639896393,0.1345677077770233,0.0428534485399723,0.0181593708693981,0.0365623123943805,0.0274051688611507,-0.009672176092863,-0.0260037723928689,-0.0261737033724784,0.0078107081353664,0.0370420552790164,0.0224617291241884,12.794764518737791,7.743489742279053,5.0612969398498535,2.9581644535064697,3.37595272064209,2.4842865467071533,2.3308417797088623,1.965520262718201,1.6212867498397827,2.0562498569488525,1.8778843879699707,1.2747526168823242,1.7481058835983276,-0.1474451869726181,-0.0673519819974899,0.0119127836078405,0.0231772549450397,0.0831249058246612,0.0319304876029491,0.0288919433951377,0.025103872641921,0.025557342916727,0.038846094161272,-0.0267634075134992,-0.0337378159165382,-0.0001184972861665,6.654717922210693,2.782681465148926,2.6769280433654785,1.6239824295043943,1.5348737239837646,1.1586942672729492,1.2172088623046875,0.924435555934906,0.950874924659729,1.020853042602539,0.9477731585502625,0.7011069655418396,0.950028121471405,0.0213640971279728,0.0075921148677688,0.0824043193044379,0.0308090969271217,18.956771359571803,1,Rekurrensparese,2508,phrase
-367.3617248535156,110.2336654663086,25.4360294342041,50.50709915161133,7.811686038970947,21.586328506469727,4.550215721130371,-3.815013885498047,13.280073165893556,6.845583438873291,-0.5004265904426575,-3.5002737045288086,-5.06568717956543,78.88835906982422,43.54257583618164,28.301559448242188,21.16840362548828,26.743486404418945,18.46535873413086,14.194984436035156,11.558151245117188,10.588461875915527,11.958991050720217,9.366934776306152,7.501272201538086,8.73062801361084,0.3377174139022827,0.247858464717865,0.0344431810081005,-0.0329617336392402,-0.0343790017068386,-0.0148873645812273,-0.1194210648536682,-0.0851023495197296,-0.0692901462316513,-0.0681281983852386,0.0026397665496915,-0.0366226620972156,-0.0548222921788692,13.284626960754396,6.860405921936035,4.525673866271973,3.5808699131011963,4.150264263153076,2.6535260677337646,3.111175060272217,2.2897210121154785,2.096898317337036,2.5498924255371094,1.8846089839935305,1.401049017906189,1.325006127357483,0.0060963784344494,0.0267959386110305,0.040651399642229,0.0191447455435991,0.0074273976497352,0.01826873421669,-0.0078904656693339,0.0011729325633496,0.0369752943515777,0.0102123990654945,0.0132009340450167,0.0023350829724222,-0.0184988360852003,7.860105514526367,3.5099265575408936,2.380450487136841,1.953835606575012,1.8376544713974,1.111631155014038,1.6543521881103516,1.1338324546813965,1.1449798345565796,1.4249063730239868,1.0446839332580566,0.7726555466651917,0.7680374383926392,0.0209870859807869,0.0090115235264579,0.0773449908815705,0.0271423598984477,15.709000696309069,1,Rekurrensparese,2512,phrase
-363.1121826171875,128.2473602294922,26.861713409423828,36.7134895324707,21.44088554382324,22.714826583862305,12.751737594604492,3.026273012161255,7.993204593658447,7.546618461608887,8.995193481445312,4.980327129364014,0.7513309121131897,85.08037567138672,53.37038803100586,26.99480056762696,19.195831298828125,18.541316986083984,17.330108642578125,12.808341026306152,10.2174711227417,8.49727725982666,11.613746643066406,9.910759925842283,8.974998474121094,7.565262317657471,-0.0336667709052562,-0.015648977831006,0.0195419024676084,0.0335655100643634,0.0504742749035358,0.0440462976694107,0.0238983239978551,0.0377419628202915,0.0334710776805877,0.0175415948033332,0.0185304582118988,-0.0048960261046886,-0.0124887451529502,12.646997451782228,7.761815547943115,3.9474196434021,2.636338472366333,3.302328586578369,2.3633580207824707,1.7954168319702148,1.6477038860321045,1.5411295890808103,1.7608933448791504,1.3959577083587646,1.4700534343719482,1.3441314697265625,-0.1283767819404602,-0.0872305408120155,-0.0310415215790271,-0.0182440541684627,0.0403778292238712,0.0518985018134117,0.050959538668394,0.0205680467188358,0.0197780039161443,0.0239698961377143,-0.0187163334339857,-0.0207058526575565,-0.0213870648294687,6.693682670593262,3.5698082447052,2.160630941390991,1.3589224815368652,1.6115113496780396,1.1291474103927612,1.1843007802963257,0.9352352023124696,0.9580884575843812,1.0503555536270142,0.7441030740737915,0.8667296767234802,0.7643755078315735,0.0219365617286764,0.0108579143859354,0.0801442783504565,0.0270879398593951,17.405075870093928,1,Rekurrensparese,2527,phrase
-337.2357177734375,114.55591583251952,22.161319732666016,42.62703704833984,1.2000190019607544,20.66889190673828,-11.463890075683594,-5.465051651000977,9.37026023864746,-4.323178768157959,-3.855700254440308,-5.247395515441895,-3.205362796783448,93.95393371582033,46.23406219482422,27.742881774902344,18.246076583862305,22.133516311645508,19.693321228027344,21.92291641235352,15.27602195739746,11.792159080505373,12.411450386047363,10.761980056762695,9.28688621520996,11.002220153808594,0.3165785074234009,0.3123916089534759,0.1827530264854431,0.0810875371098518,-0.052253358066082,-0.028570607304573,-0.0357757359743118,-0.0227433238178491,0.0031768348999321,-0.0447826534509658,0.0217431150376796,-0.0136462552472949,-0.0899036303162574,13.31863784790039,7.927970886230469,5.260446548461914,2.7108914852142334,3.211524248123169,2.7666432857513428,3.884313344955444,2.4860873222351074,1.928045868873596,2.362062931060791,2.1112771034240723,1.698453426361084,1.6802318096160889,-0.0857870876789093,0.0330401845276355,0.0493152774870395,-0.0608915537595748,0.0381225161254406,0.0277392566204071,-0.0001638276298763,0.0510725900530815,0.0478685088455677,0.0288297478109598,0.0024255702737718,0.0449610240757465,0.0338908359408378,6.996379375457764,3.775420904159546,3.070499420166016,1.4870884418487549,1.7386187314987185,1.1964994668960571,1.7930294275283811,1.2480357885360718,0.9850319623947144,1.286008596420288,1.00383722782135,0.8878370523452759,0.8816994428634644,0.0253338606740079,0.012187113438012,0.0962024914746638,0.0481930693895294,17.68119181291845,1,Rekurrensparese,2536,phrase
-391.6671752929688,139.3028106689453,25.400362014770508,42.6801872253418,20.05827522277832,14.363273620605469,-4.868741989135742,-7.220458030700684,3.085987567901612,-0.8359346389770508,-3.8819737434387207,-6.634164333343506,-6.452702522277832,72.5164794921875,49.54084777832031,27.527820587158203,28.31468391418457,23.64523696899414,19.25446319580078,16.204452514648438,13.868158340454102,11.772558212280272,12.441762924194336,10.87702178955078,8.790484428405762,8.517645835876465,0.1613518446683883,0.1689489185810089,0.1173883974552154,0.1845057904720306,0.2136865109205246,0.1242818012833595,0.0493531674146652,0.0111724436283111,-0.0353207513689994,-0.0576998405158519,-0.0422117412090301,-0.0318180881440639,-0.0356801599264144,13.346447944641112,8.365361213684082,5.285516262054443,3.463866233825684,3.235102415084839,2.3462579250335693,3.0716805458068848,2.906869888305664,2.0596842765808105,2.4050216674804688,1.9254558086395264,1.736405611038208,1.71512770652771,-0.2025359719991684,-0.1639823019504547,-0.0366978868842124,-0.0091405333951115,0.0388635396957397,0.0470732748508453,0.0210661981254816,0.0175571236759424,0.0358972027897834,0.0363882556557655,0.0164324566721916,0.0019368755165487,-0.0065579977817833,8.320610046386719,3.840449571609497,2.9033143520355225,1.90019965171814,1.934495210647583,1.3712486028671265,1.5158573389053345,1.359044313430786,0.9542092680931092,1.1691045761108398,0.9678448438644408,0.9843789339065552,0.8687118291854858,0.0157299735116859,0.0064706222912879,0.0655519853428648,0.0168877627339657,20.152459604993947,1,Rekurrensparese,2538,phrase
-380.5765075683594,161.16954040527344,30.298677444458008,38.81656646728516,18.14156150817871,25.066301345825195,5.90578031539917,-9.15233325958252,0.637829601764679,0.5651994347572327,4.601962566375732,-2.758366346359253,-7.95888614654541,63.20191192626953,51.9361457824707,27.75130271911621,15.242804527282717,22.689008712768555,22.42830467224121,21.53116798400879,13.745052337646484,12.307537078857422,13.606513023376465,10.906410217285156,8.744427680969238,9.865543365478516,0.2945403456687927,0.2985522449016571,0.092927373945713,0.0292119272053241,0.1284604221582412,0.2211272567510604,0.1764729768037796,0.0548059530556201,0.0135201793164014,0.0461420193314552,0.0278510767966508,-0.0229271035641431,-0.0447831228375434,10.44077491760254,8.237850189208984,4.86643123626709,2.6251814365386963,3.980851411819458,3.11401629447937,3.046109914779663,2.233237028121948,1.940346598625183,2.7133116722106934,1.925911903381348,1.7624852657318115,1.9561418294906616,-0.2612773180007934,-0.2285604327917099,-0.0921860113739967,-0.0504620112478733,0.0493774823844432,0.0690555796027183,0.0007033087313175,-0.0448779575526714,-0.0137237254530191,0.0234437864273786,-0.009942059405148,-0.005184156820178,0.04365249350667,5.501192569732666,3.5753512382507324,2.3914780616760254,1.5374279022216797,1.93377685546875,1.5932137966156006,1.6279975175857544,1.2747405767440796,1.061678767204285,1.384576439857483,1.0396817922592163,0.9287737607955932,1.01491117477417,0.0423369577956957,0.018677726569532,0.108662266056378,0.0400811649448501,13.742426156668296,1,Rekurrensparese,2539,phrase
-384.3011779785156,131.4853973388672,16.49435043334961,38.2236442565918,10.971464157104492,4.485747337341309,-7.74079418182373,-5.352304935455322,5.027243614196777,-4.421589374542236,-11.229439735412598,-7.269073486328125,-3.301724910736084,75.90621948242188,51.24137115478516,29.65470314025879,24.14167594909668,27.670391082763672,13.737541198730469,15.031968116760254,11.87460231781006,11.429154396057127,11.79473876953125,15.097482681274414,9.654483795166016,8.117465019226074,0.8417415022850037,0.3757045865058899,-0.1577823460102081,0.0401557609438896,0.046834859997034,0.1172381192445755,-0.0033299997448921,-0.0016734888777136,-0.0227495543658733,-0.1073343530297279,0.0198616739362478,0.0565370991826057,0.011947032995522,14.125886917114258,9.10302734375,4.861690998077393,3.293619155883789,3.999447107315064,2.193213939666748,2.970523834228516,2.3991246223449707,1.822132229804993,2.008737325668335,2.528646230697632,1.596331000328064,1.7230517864227295,-0.3301519453525543,-0.1507435590028762,-0.0376137718558311,-0.0273012295365333,0.0838242247700691,-0.0236995331943035,0.0848773643374443,0.0253540277481079,-0.0286930166184902,0.0122205056250095,-0.0574236139655113,0.012900985777378,0.0157090555876493,6.711752414703369,3.781330108642578,2.280874490737915,2.0315639972686768,1.5947608947753906,1.061431884765625,1.4477537870407104,1.222143054008484,0.9569613933563232,0.8913180828094482,1.086366057395935,0.8030767440795898,0.8885574340820312,0.0183846239298695,0.0081708514248424,0.0611292786857746,0.0190755156001403,20.323870965275336,1,Rekurrensparese,2562,phrase
-427.13623046875,123.06604766845705,29.855972290039062,29.935527801513672,9.858503341674805,11.674285888671877,-3.606356859207153,-11.45681858062744,4.373163223266602,-0.66961270570755,-10.389878273010254,-7.027925491333008,-5.432076930999756,88.4667739868164,59.78730010986328,25.92723274230957,23.849628448486328,20.425411224365234,15.73647403717041,14.620379447937012,13.295781135559082,10.154335975646973,11.959762573242188,11.344444274902344,10.596145629882812,8.425980567932129,0.2601144313812256,0.2368467301130294,0.0479517579078674,-0.0269525125622749,-0.0645159855484962,-0.0723183453083038,-0.0698269605636596,-0.055704791098833,0.011933522298932,0.0174479056149721,-0.0279735010117292,-0.0164930932223796,-0.0087168272584676,13.04221248626709,10.25398063659668,3.9369068145751953,2.81242299079895,3.007929801940918,2.2015459537506104,2.384871244430542,2.1476352214813232,1.4812949895858765,1.6572232246398926,1.799858331680298,1.843799471855164,1.590342998504639,-0.063831977546215,-0.0522849522531032,-0.0018719008658081,0.0106531316414475,0.0125526711344718,0.0081570418551564,0.0079867308959364,0.0189828090369701,0.0174626242369413,0.0079228356480598,0.0028668507002294,-0.0005613209796138,-0.0062285461463034,6.449437141418457,4.24021053314209,2.416393280029297,1.5828197002410889,1.4229869842529297,0.9636502265930176,1.075119972229004,1.0703788995742798,0.8503524661064148,0.7912859320640564,0.8346366882324219,0.8307116627693176,0.7243936061859131,0.0287373094663904,0.0139258521748464,0.1224451416290909,0.054222108438567,14.308434242318508,1,Rekurrensparese,2563,phrase
-379.5921630859375,118.79039001464844,0.9723732471466064,43.24296188354492,9.08242893218994,14.486590385437012,-2.368181228637696,0.2982487380504608,10.174198150634766,-1.9551212787628167,3.884645938873291,-4.834346294403076,-3.5121803283691406,92.8822784423828,50.12809371948242,26.260576248168945,27.84384727478028,24.54984664916992,14.505373001098633,16.518268585205078,10.53805160522461,11.25505256652832,14.195361137390137,9.388611793518066,12.56202507019043,11.284927368164062,0.0928151160478591,0.0512038022279739,-0.010191005654633,-0.0133031466975808,-0.0405166670680046,-0.0360459275543689,-0.0104070901870727,0.0043766908347606,0.0014911263715475,0.0046413554809987,-0.0018120943568646,-0.0042229536920785,-0.0048326859250664,14.550748825073242,7.5091872215271,3.776216983795166,3.245569229125977,3.154750347137451,2.104520082473755,2.452665090560913,1.7089354991912842,1.614211082458496,2.025571823120117,1.476468563079834,2.000476598739624,1.662506341934204,0.0050853053107857,0.0012865482131019,-0.0158297140151262,0.001347596058622,0.0340391546487808,0.0279157608747482,0.0108977751806378,0.0005466291331686,0.0068532121367752,-0.0002840494562406,-0.0136588653549551,-0.0062819346785545,-0.0156858321279287,5.670800685882568,2.905189514160156,1.901803970336914,1.4152811765670776,1.455583095550537,1.1171146631240845,1.0640063285827637,0.9321870803833008,0.8382704854011536,0.9162267446517944,0.7234541773796082,0.9089986085891724,0.817101776599884,0.0124042542374621,0.0060411160235027,0.0476973252626344,0.0172087611147702,20.07177733544608,1,Rekurrensparese,2564,phrase
-367.5198974609375,110.49970245361328,23.56079864501953,42.11879348754883,6.97718620300293,18.02616310119629,-0.2005015760660171,0.360206663608551,6.090631008148193,4.878592014312744,6.888638019561768,-7.580092430114746,-4.566181182861328,76.26998901367188,50.21135711669922,21.4702205657959,24.962549209594727,22.140769958496094,18.312419891357425,14.427933692932127,12.836255073547363,10.943870544433594,9.730321884155272,13.96196174621582,11.639995574951172,10.45420265197754,0.4234598875045776,0.2758431136608124,-0.0909821912646293,-0.0704897716641426,-0.0295327920466661,-0.0070133227854967,0.0240492951124906,-0.0503213480114936,-0.0969603732228279,-0.0149773200973868,0.0805110931396484,0.0344962514936924,-0.0478327572345733,13.32334804534912,6.807010650634766,3.903249979019165,3.565603494644165,3.109910488128662,2.3625853061676025,2.7001702785491943,2.592376947402954,1.7867906093597412,1.385054111480713,1.8379747867584229,2.0009164810180664,1.717473387718201,-0.1676695197820663,-0.0516298785805702,0.0400649905204772,0.0298125855624675,0.10284935683012,0.065095730125904,0.040068432688713,0.0171339996159076,0.0365469381213188,0.0183209832757711,-0.0087496554479002,0.038638949394226,0.0232473164796829,5.813059329986572,2.7672181129455566,2.00361967086792,1.7468315362930298,1.534103512763977,1.2065482139587402,1.4423694610595703,1.3468797206878662,0.9019227027893066,0.8022835850715637,0.9325457811355592,0.8992567658424377,0.8475381731987,0.0262859094748675,0.0131907740134899,0.1115875206910394,0.0515835184702955,20.325136240792048,1,Rekurrensparese,2565,phrase
-340.7109069824219,129.60179138183594,21.158695220947266,52.04802703857422,12.262550354003906,18.63787269592285,6.66596794128418,4.791196346282959,5.381103038787842,5.26007604598999,10.260329246520996,-1.724574089050293,5.731835842132568,79.72041320800781,45.48919296264648,29.454214096069336,18.508543014526367,22.58269119262696,17.68404197692871,16.13509178161621,8.263401985168457,9.875798225402832,11.458086967468262,11.427470207214355,10.210022926330566,9.230775833129885,0.3768618702888489,0.3453465104103088,0.0205456782132387,-0.0548783764243125,-0.0163227207958698,-0.1042182818055152,-0.1149800717830658,-0.0119402538985013,-0.0153089901432394,-0.0561324208974838,-0.0169254094362258,-0.0458407737314701,-0.0947324931621551,15.12350845336914,7.552901268005371,4.4156904220581055,3.306392431259156,3.491405487060547,2.601675033569336,2.9091475009918213,1.550967812538147,1.7032915353775024,2.184713125228882,2.001265287399292,1.810356497764588,1.537035346031189,0.082110546529293,0.0608734935522079,0.0129973646253347,0.0238928478211164,0.0173271726816892,-0.0069471327587962,-0.029451809823513,-0.004881028085947,0.0162701401859521,0.0048412373289465,0.0149397924542427,2.0638917703763585e-05,-0.0163607690483331,8.255059242248535,3.733673095703125,2.2343218326568604,1.6816693544387815,1.7028156518936155,1.3179806470870972,1.636525273323059,0.898967444896698,0.9942183494567872,1.261281132698059,1.0936596393585205,0.9564501643180848,0.8200785517692566,0.0417577284502029,0.0225208718322326,0.1386347967283677,0.0554077743108827,12.761395845400566,1,Rekurrensparese,2570,phrase
-383.9631652832031,120.7072525024414,21.88520812988281,28.989933013916016,6.815493106842041,16.0848388671875,-1.510258436203003,-7.559736728668213,4.459869861602783,-5.918852806091309,-7.723223209381103,-7.562813758850098,-4.433298110961914,69.18932342529297,41.79148483276367,26.574308395385746,20.71715545654297,30.40188217163086,17.585697174072266,17.376367568969727,12.38754940032959,8.994507789611816,10.472281455993652,9.197999954223633,9.150808334350586,10.818367004394531,0.6979225277900696,0.3696246147155761,0.1237900927662849,0.1989712119102478,-0.0998478308320045,-0.023992620408535,-0.0468108728528022,-0.0327244438230991,0.0381953194737434,0.0067637171596288,-0.0386601388454437,-0.0361465364694595,-0.022221527993679,14.355395317077637,7.953705310821533,4.6917219161987305,3.115473747253418,4.192582130432129,2.656949281692505,3.271747350692749,2.4539122581481934,1.635489821434021,1.907271146774292,1.8154411315917969,1.7141213417053225,2.047964334487915,-0.0605863668024539,-0.0168582834303379,0.028495842590928,-0.021462969481945,0.0309583619236946,0.0436708219349384,0.0184166636317968,0.0553194619715213,0.0152432881295681,0.0100125698372721,-0.0050586019642651,-0.0262924712151289,-0.0155882583931088,7.597200870513916,3.92859959602356,2.804213285446167,1.7777211666107178,1.7652333974838257,1.4017685651779177,1.5114896297454834,1.3216496706008911,0.9310711026191713,0.9747904539108276,0.8961778283119202,1.078294277191162,1.029187560081482,0.0183029029801877,0.0068897303914445,0.0466227615374044,0.0119122307258841,21.52542382706206,1,Rekurrensparese,2581,phrase
-282.5189819335937,143.03627014160156,19.634971618652344,55.73817443847656,27.7906494140625,27.402189254760746,-13.693174362182615,-11.565963745117188,13.474871635437012,-8.01069164276123,-14.74406909942627,-1.0728724002838137,-10.09227180480957,101.26615142822266,49.8261947631836,32.43746566772461,23.572301864624023,28.92333030700684,15.249382019042969,20.94820785522461,16.891399383544922,16.051191329956055,14.065335273742676,16.1782169342041,8.411224365234375,12.069178581237791,0.4371464550495147,0.3161473572254181,0.1263353824615478,0.0198977105319499,-0.0738367140293121,0.0003080397145822,-0.0180357731878757,0.002162851858884,-0.0150578208267688,-0.0309334564954042,-0.009751122444868,-0.0173752047121524,-0.0417591817677021,14.86552619934082,7.241728782653809,4.624256134033203,3.232150077819824,3.928453922271729,2.007344007492065,3.200836181640625,2.625441789627075,2.1006743907928467,2.453641176223755,2.4020800590515137,1.5329777002334597,1.6953381299972534,0.0664497017860412,0.0548121631145477,0.0248352251946926,0.0220748148858547,0.0031237092334777,0.0214648470282554,0.0222499556839466,0.0113622704520821,0.0216558948159217,0.0064708916470408,0.0117909451946616,0.0128360390663146,0.004333509132266,6.785829067230225,2.9588022232055664,2.711350202560425,1.4152570962905884,1.9890387058258057,0.942295253276825,1.3350220918655396,1.1240700483322144,0.9624566435813904,1.130850076675415,1.030049204826355,0.9501800537109376,0.7805100083351135,0.0411236417848485,0.0215003132559244,0.1418917951447602,0.0675346038175544,9.065889920661949,1,Rekurrensparese,352,phrase
-331.5401916503906,133.14280700683594,18.621829986572266,33.183475494384766,-1.1242369413375854,22.34250259399414,-4.764597892761231,-12.781190872192385,4.8221516609191895,-0.7340006232261658,-8.226845741271973,-9.809542655944824,-3.7994093894958496,71.31795501708984,45.25493621826172,28.26911354064941,27.286754608154297,29.02743530273437,17.20686149597168,19.44011688232422,12.686688423156738,11.987038612365724,10.029017448425291,13.645791053771973,13.500177383422852,10.175363540649414,0.3057807683944702,0.2937964200973511,0.15193472802639,-0.0049436246044933,-0.0889844819903373,0.0306752435863018,0.0128558436408638,-0.0536110028624534,-0.0603920668363571,-0.0119068631902337,-0.019019316881895,-0.0692649781703949,-0.0076629505492746,13.818120956420898,7.29282283782959,5.313656806945801,3.188768148422241,4.488823890686035,2.2182371616363525,3.368927240371704,2.2769594192504883,1.9352775812149048,1.326145052909851,2.3664803504943848,2.3548355102539062,1.5733870267868042,-0.1594042032957077,-0.0868372470140457,0.0406108535826206,0.0099940206855535,0.0231201779097318,0.0398094430565834,0.0328371748328208,0.036984410136938,0.0304630063474178,0.0133933871984481,-0.0204539336264133,-0.0142307952046394,-0.010757110081613,7.012813091278076,3.145328521728516,3.0134947299957275,1.6693875789642334,2.143141508102417,0.9930582642555236,1.5404871702194214,1.1547821760177612,1.067214012145996,0.9112502932548524,1.264334201812744,1.0157074928283691,0.7981733083724976,0.0330108322104031,0.0146512831632365,0.0783045424064938,0.0340252633370318,16.071582575365113,1,Rekurrensparese,356,phrase
-319.26678466796875,136.56651306152344,-1.903371334075928,49.94382095336914,6.800808906555176,25.2541446685791,3.684877872467041,7.017730712890625,-0.49945068359375,-1.1894783973693848,8.499539375305176,-0.8823965191841125,-3.884460687637329,67.06880950927734,46.11109161376953,30.58492660522461,29.32680892944336,23.476696014404297,22.992095947265625,15.685649871826172,12.266892433166504,12.627275466918944,8.06444263458252,9.02344799041748,11.122507095336914,9.244293212890623,0.6362019181251526,0.1383243203163147,-0.3356087505817413,-0.1462678760290146,-0.2106632739305496,-0.0864881500601768,-0.0076850112527608,-0.0354927442967891,-0.1531313508749008,-0.0796574354171752,0.1647016406059265,0.1168631315231323,-0.0178074818104505,10.613226890563965,7.463676452636719,4.844156265258789,3.627357721328736,3.883241415023804,3.3587777614593506,2.7507240772247314,2.204488039016724,2.028904438018799,1.2716184854507446,1.636668086051941,2.004964590072632,1.7822833061218262,-0.0014292109990492,-0.0800505131483078,-0.0172151923179626,0.1134937703609466,0.0371877215802669,-0.0086577832698822,0.0248505230993032,0.0008313357830047,-0.0172041878104209,0.0049722152762115,0.021242344751954,0.0124548189342021,-0.0237259548157453,6.630588531494141,3.4168920516967773,3.057375192642212,2.3007800579071045,1.5272533893585205,1.1111818552017212,1.7220042943954468,1.3704789876937866,0.8687419295310974,0.7842178344726562,0.8969499468803406,1.0533066987991333,1.132486343383789,0.0200299108574578,0.0080574870652649,0.0926736772333357,0.03005734958413,16.315986865304232,1,Rekurrensparese,358,phrase
-346.1355895996094,119.9502944946289,17.476333618164062,47.48110580444336,-2.804046630859375,20.11635971069336,-6.43277645111084,-6.243646621704102,3.015976905822754,-6.062893390655518,3.844947099685669,-7.450119495391846,-11.094164848327637,74.94274139404297,50.77184677124024,27.27096939086914,20.51335334777832,22.22340202331543,20.209510803222656,17.563377380371094,15.20497703552246,11.905261039733888,11.996318817138672,9.323005676269531,10.435050010681152,10.87989330291748,0.2104751765727996,0.0620686672627925,-0.0725199803709983,-0.0154539812356233,-0.0453349128365516,-0.0051655038259923,-0.006977988872677,0.0028448493685573,0.0094292601570487,-0.0109478794038295,0.0004192371852695,-0.0008256192086264,-0.0215722378343343,11.151643753051758,8.677656173706055,5.053500175476074,2.8791182041168213,2.9863667488098145,2.553474187850952,2.9219014644622803,2.6159071922302246,1.8202935457229608,2.371262550354004,1.2757807970046997,1.956571340560913,2.254624605178833,-0.0038505282718688,0.0595094822347164,0.06227682903409,0.0502406470477581,0.109336033463478,0.0781956315040588,0.0499055720865726,0.0380801931023597,0.0412936061620712,0.0358149632811546,-0.0078222025185823,-0.0076046986505389,-0.0357398502528667,5.361497402191162,3.7448222637176514,3.176511287689209,1.377912521362305,1.5073506832122805,1.1785888671875,1.3878412246704102,1.1808456182479858,1.0248987674713137,1.1727958917617798,0.91243976354599,1.0203797817230225,0.9395988583564758,0.0143153493470188,0.0064260865582241,0.0592805411339734,0.0175515072784496,20.6820322377399,1,Rekurrensparese,362,phrase
-386.40228271484375,115.55696868896484,6.215298175811768,54.09112930297852,-3.276170015335083,34.24264907836914,8.72462272644043,-2.642101287841797,15.04997444152832,16.469341278076172,7.726085186004639,6.557773590087891,4.674168586730957,114.83285522460938,43.09381866455078,25.629941940307617,33.37722396850586,21.988794326782227,21.521726608276367,15.35932445526123,13.541656494140623,13.910452842712402,12.802319526672363,7.9422607421875,8.061708450317383,7.403196811676025,0.5357975959777832,0.1562570631504058,0.0367490351200103,0.0608730055391788,-0.0407065525650978,0.0164393242448568,-0.0566638633608818,-0.0247459206730127,-0.0402044989168643,-0.0447229817509651,-0.0080995308235287,-0.0373765975236892,-0.0233649332076311,17.454362869262695,6.23628568649292,4.081470966339111,4.148889541625977,3.496143341064453,2.5271897315979004,2.84466552734375,2.4149370193481445,2.120700120925904,2.138537645339966,1.3804248571395874,1.271253228187561,1.2480053901672363,0.0454870015382766,0.0509186014533042,-0.0332561284303665,-0.0406969040632247,0.018449081107974,-0.0151811465620994,-0.0102671273052692,-0.0105676986277103,0.0230187959969043,0.0336753986775875,0.0143505986779928,-0.0053675351664423,-0.0170511975884437,9.61828327178955,2.622856378555298,2.621254205703736,1.757835865020752,1.809565544128418,1.1835477352142334,1.8059799671173096,1.267418622970581,1.0877807140350342,1.0968585014343262,0.8341844081878662,0.708566427230835,0.7335270047187805,0.0412787182581074,0.0239959197985856,0.2017903211413241,0.078979060494327,7.843048546581327,1,Rekurrensparese,364,phrase
-362.156982421875,135.86598205566406,23.385692596435547,45.731327056884766,23.213211059570312,15.660131454467772,3.1585402488708496,-2.5556797981262207,-1.3199156522750854,-0.1650117635726928,7.945497512817383,0.8743716478347778,-6.700313091278076,97.02399444580078,56.56489562988281,37.58136367797852,19.58116912841797,18.654203414916992,22.406095504760746,17.644901275634766,14.171018600463867,12.71729850769043,12.841045379638672,9.950751304626465,8.516160011291504,12.5987548828125,0.2147808074951172,0.1806153357028961,0.0710213109850883,-0.0057665724307298,-0.0695590674877166,0.0028875325806438,0.0069240909069776,0.0098962821066379,0.0281127300113439,-0.0226843431591987,-0.0062679629772901,0.0568562224507331,0.0485159121453762,13.779542922973633,9.35233211517334,5.179620742797852,3.7014546394348153,2.9384896755218506,2.866682529449463,2.5127270221710205,2.537674188613892,2.340317487716675,2.194329261779785,1.4097340106964111,1.447643756866455,1.8789687156677248,-0.0448192246258258,-0.095062255859375,-0.0386252403259277,0.0371492467820644,0.0289343874901533,0.0541702508926391,0.0566688142716884,0.0549696050584316,0.058321513235569,0.0422840975224971,0.0340317524969577,0.0073958304710686,-0.022880483418703,6.661848068237305,3.9257116317749023,2.7906651496887207,1.8225618600845337,1.561939358711243,1.3864206075668335,1.328835368156433,1.0904144048690796,1.159271001815796,1.2359901666641235,0.7992554903030396,0.9062432050704956,0.8747876882553101,0.0314611441530431,0.0113376030262473,0.089080636219434,0.0273465112394821,15.47337183218526,1,Rekurrensparese,365,phrase
-374.51898193359375,100.69247436523438,15.638185501098633,52.81861877441406,5.587696075439453,34.854366302490234,3.783510208129883,-3.8197214603424072,14.86600399017334,1.5614358186721802,-1.717300534248352,3.22046971321106,0.8735582828521729,89.2652359008789,41.19258499145508,30.26641845703125,23.47343063354492,27.31148338317871,19.607460021972656,16.51367950439453,11.65064525604248,11.623647689819336,11.471518516540527,11.202011108398438,10.224287986755373,8.369112968444824,0.4473688900470733,0.2591054737567901,0.0083698891103267,0.0680940225720405,0.0396797955036163,0.052381545305252,-0.0363905541598796,-0.0244123730808496,-0.006275042425841,-0.0098390690982341,0.0849132239818573,0.0680565685033798,0.0240965764969587,15.486825942993164,6.8907341957092285,5.102813720703125,3.736711025238037,4.5003204345703125,3.034241437911988,2.791290283203125,2.0318877696990967,2.099815368652344,2.165655374526977,2.1161019802093506,1.4188417196273804,1.4428534507751465,-0.0020679142326116,-0.0157093740999698,-0.0042678965255618,0.0282338857650756,0.0307576116174459,0.0251061413437128,0.0068263453431427,0.0181081853806972,0.0150569546967744,0.0001230595953529,0.0403845272958278,0.030138486996293,0.0151368882507085,9.355083465576172,3.339165687561035,3.2077877521514893,2.029423236846924,2.3290371894836426,1.5998157262802124,1.5934399366378784,1.0648945569992063,1.296736478805542,1.1048648357391355,1.0617740154266355,0.8139948844909668,0.8612771034240723,0.0200958523672722,0.0099707171330722,0.1205500585601394,0.0381480746298758,12.68044813805221,1,Rekurrensparese,448,phrase
-273.12554931640625,120.42666625976562,7.628876209259033,56.30753707885742,3.5085768699646,25.074024200439453,2.1837618350982666,11.766932487487791,5.343793869018555,9.169892311096191,-0.1134956926107406,-8.752288818359375,-4.717164516448975,101.2627410888672,43.6762580871582,24.17766761779785,22.461299896240234,29.54470443725586,17.37492561340332,21.24025535583496,11.846606254577637,9.08164405822754,11.85023307800293,9.515348434448242,13.303454399108888,11.759889602661133,0.5214458107948303,0.2783087790012359,0.0359233133494854,0.06867016851902,-0.0227603781968355,0.0100830039009451,-0.0448321476578712,0.0165106356143951,-0.0357896573841571,-0.0339352637529373,0.0137895504012703,-0.020011942833662,-0.0043022194877266,16.72126579284668,6.611939907073975,3.763594150543213,3.662150859832764,4.672454833984375,3.050840139389038,3.5181801319122314,1.9401005506515503,1.781571388244629,1.6530035734176636,1.5991350412368774,2.433875799179077,1.6328599452972412,-0.0723199322819709,-0.0858629271388053,-0.1106558293104171,0.0151114091277122,0.1344323456287384,0.0532943867146968,0.0334059447050094,0.052691213786602,0.054276093840599,0.0187421180307865,-0.0291959606111049,-0.0348507016897201,-0.057409644126892,8.681816101074219,2.481383800506592,2.2863242626190186,1.7671892642974854,2.255200147628784,1.377163648605347,1.8647719621658323,1.061732292175293,1.0768418312072754,1.019290804862976,0.805176854133606,1.2992408275604248,1.053944110870361,0.0330954405542617,0.0163105936909309,0.1221708041626986,0.0491529418605206,12.925597950984628,1,Rekurrensparese,450,phrase
-238.03469848632807,104.3053207397461,-8.500140190124512,41.69540023803711,-12.223109245300291,25.042280197143555,8.651512145996094,4.511837959289551,-1.7558953762054443,12.11247444152832,4.931845188140869,-6.185656547546387,7.124491691589356,119.17435455322266,30.36889839172364,29.271175384521484,24.40916633605957,23.09482765197754,18.15064239501953,14.566519737243652,13.578425407409668,9.648004531860352,9.20371913909912,7.942117691040039,13.864842414855955,9.252592086791992,0.3271692097187042,0.1234105601906776,-0.0771334543824195,-0.0711879953742027,-0.1151941493153572,-0.0377007536590099,-0.0323427282273769,0.0555894449353218,0.0027943248860538,-0.0627371147274971,-0.0135437967255711,-0.0052887685596942,0.0239795949310064,10.325531005859377,4.157032489776611,3.415540933609009,2.592152833938598,2.667379140853882,1.95624315738678,2.072793245315552,2.1623337268829346,1.481678128242493,1.4433151483535769,1.1762759685516355,1.721940994262695,1.3655861616134644,0.2722929120063782,0.1091319844126701,-0.065243475139141,-0.00601910892874,-0.015614204108715,0.0008664525812491,-0.0384086817502975,-0.0125710079446434,-0.0037198173813521,-0.0129861170426011,-0.000840668042656,-0.0269627291709184,-0.0156588330864906,4.585607528686523,2.293606758117676,1.458319902420044,1.1901899576187134,1.265000820159912,0.9851961731910706,1.185620903968811,1.0240033864974976,0.7628305554389954,0.8335511684417725,0.5945088863372803,0.7732084393501282,0.7987326383590698,0.0641439234367095,0.0352350777473616,0.1819985023606266,0.1042367692905955,3.78788647192668,1,Rekurrensparese,492,phrase
-347.9552307128906,151.55184936523438,22.971311569213867,48.91116714477539,9.459728240966797,18.24248695373535,2.4787726402282715,-8.238160133361816,-6.721152305603027,6.440829753875732,4.069797515869141,-12.569181442260742,5.425567626953125,91.4646987915039,46.94205474853516,27.94491195678711,20.225818634033203,22.22760009765625,17.747793197631836,13.48525047302246,14.206496238708496,11.769230842590332,10.114810943603516,10.808706283569336,16.69039535522461,11.03010082244873,0.4882384836673736,0.2041427791118621,-0.0326337069272995,0.0009656668407842,-0.081042855978012,-0.0322747379541397,-0.0486844405531883,-0.0139301223680377,-0.0304111801087856,-0.0287402309477329,-0.0264660008251667,0.0004123894905205,-0.0152552304789423,15.92132568359375,7.125696659088135,4.971415996551514,3.108203649520874,3.1415579319000244,2.1392481327056885,2.2755959033966064,1.6490594148635864,1.6638927459716797,1.6875182390213013,1.7307262420654297,2.361565351486206,1.5172929763793943,0.0562302693724632,-0.0016799613367766,0.0161531809717416,0.0111229568719863,-0.0020788058172911,0.0110642462968826,-0.007289869710803,0.0049885120242834,-0.0159213207662105,0.0083405245095491,-0.0012141097104176,-0.0001563203259138,-0.0009795496007427,7.143741130828857,3.002736091613769,2.1370880603790283,1.5071375370025637,1.543582558631897,1.040598750114441,1.0765506029129028,0.8935545086860657,0.890471339225769,0.8196850419044495,0.8356824517250061,0.9479527473449708,0.6776526570320129,0.0226193741483673,0.0117343100742736,0.060905918593912,0.0213727575548993,19.72536538867713,1,Rekurrensparese,565,phrase
-365.418212890625,134.1124725341797,5.675365447998047,21.907020568847656,15.197477340698242,19.41806030273437,-6.400846481323242,-6.382174968719482,-2.613166332244873,-6.590335845947266,-0.1779094040393829,-5.132457256317139,-14.640487670898438,84.50714111328125,44.195556640625,38.287994384765625,24.88381767272949,26.627439498901367,18.90397071838379,17.319562911987305,10.94360637664795,13.286072731018066,15.744891166687012,9.98438835144043,10.38801383972168,15.188241004943848,0.1140998601913452,0.052990224212408,-0.0156792737543582,0.0330163948237896,0.0565680153667926,0.118016816675663,0.1539050787687301,0.1295178234577179,0.0983033925294876,0.0446366034448146,0.0021117844153195,-0.0118035608902573,-0.0579462721943855,15.29434299468994,7.808304309844971,6.046107769012451,2.9221158027648926,3.593570709228516,2.520845413208008,3.178832054138184,1.8034648895263672,2.4115476608276367,2.969006299972534,1.8222614526748653,1.7373653650283811,2.827040910720825,0.0162414703518152,0.0195590481162071,0.0215226635336875,0.0392586961388587,0.0609681643545627,0.0519233345985412,-0.0071052606217563,-0.0625255107879638,-0.0439104698598384,-0.0141410510987043,-0.0282245818525552,-0.0305191949009895,-0.0306440647691488,7.654810428619385,3.952313184738159,3.039290428161621,1.5348094701766968,1.626616358757019,1.3478113412857056,1.6304662227630615,1.0712480545043943,1.1276493072509766,1.323497653007507,1.0461134910583496,1.0343434810638428,1.2519700527191162,0.0130094430683406,0.004726957016729,0.0543575097877594,0.0135192473954526,23.9189729649468,1,Rekurrensparese,627,phrase
-348.4756774902344,131.7971649169922,5.404501914978027,68.47174835205078,8.774930953979492,34.76407241821289,0.4973573684692383,-6.653462886810303,15.466997146606444,9.58737850189209,-1.6128170490264893,-5.0236430168151855,-2.8511650562286377,73.08159637451172,40.79490280151367,31.63926124572754,26.16901016235352,20.94954299926757,24.29327964782715,13.890708923339844,12.848855018615724,11.031786918640137,11.307209014892578,8.908719062805176,14.445249557495115,8.563921928405762,0.5970577597618103,0.3947845995426178,-0.1308665871620178,-0.1239710748195648,-0.026165060698986,-0.018113462254405,-0.0509341470897197,-0.0424287542700767,-0.0226766243577003,-0.071688987314701,-0.0389967113733291,0.013103075325489,-0.0385195054113864,13.43274974822998,6.1230082511901855,4.629371166229248,4.389354228973389,3.24125599861145,3.472013235092163,2.4898996353149414,2.509604215621948,1.8931535482406616,1.891045093536377,1.5740875005722046,1.995711088180542,1.5023198127746582,0.134087473154068,0.0987333208322525,0.019739706069231,0.0049283318221569,-0.0076486119069159,0.00624356046319,-0.0047061182558536,-0.0056662731803953,-0.0223465207964181,-0.0431403592228889,-0.0134693849831819,-0.0161537714302539,-0.0493273921310901,7.767804622650146,3.186822891235352,2.831784009933472,2.090362548828125,1.8076714277267456,1.532542109489441,1.4817326068878174,1.3254228830337524,0.9843024611473083,1.1525481939315796,0.8488600850105286,0.9679558873176576,0.9902258515357972,0.0235014760155923,0.0089798366139009,0.0929342313954786,0.0337616829280249,14.074756485929184,1,Rekurrensparese,629,phrase
-336.4676513671875,133.50645446777344,11.915298461914062,51.98094177246094,13.484126091003418,23.48798179626465,5.602142810821533,6.287055969238281,-2.8011584281921387,7.657680511474609,3.898728609085083,-12.864716529846191,-1.4818874597549438,96.00198364257812,52.304473876953125,29.98472023010254,17.842243194580078,27.296852111816406,19.127254486083984,22.355817794799805,10.08846378326416,13.779336929321287,10.514082908630373,10.62094497680664,17.508098602294922,9.146435737609863,0.3882037401199341,0.0954227969050407,-0.0812704488635063,0.0540382750332355,-0.0443622209131717,0.0217657200992107,-0.042794968932867,0.0276486054062843,0.0372308827936649,-0.0178547371178865,0.0982424914836883,0.0403866842389106,0.0028708486352115,14.74545669555664,8.26533317565918,5.013130187988281,3.00692081451416,3.930381774902344,2.770090103149414,3.5188238620758057,1.6738704442977903,1.7588908672332764,1.7408336400985718,1.7864214181900024,2.802889108657837,1.5634663105010986,-0.2100674510002136,-0.1373466551303863,-0.0164475571364164,0.0170286055654287,0.0787566900253295,0.0415143966674804,0.0259913224726915,0.0191887244582176,-0.0020657535642385,0.0085908230394124,-0.0091519970446825,-0.0127557655796408,0.0306531321257352,8.489346504211426,3.241751909255981,3.060744047164917,1.939483523368836,1.9422917366027832,1.466819405555725,1.8973867893219,1.0122566223144531,1.0769765377044678,0.9731152057647704,1.0231343507766724,1.305367112159729,1.012495756149292,0.0368592728652703,0.01790652335578,0.0752689335082823,0.0322596912116814,14.236302351489009,1,Rekurrensparese,632,phrase
-342.2788391113281,137.26971435546875,26.00994110107422,46.25640869140625,15.219959259033203,27.03129196166992,-7.960814476013184,3.229508638381958,13.276795387268066,-0.1607296168804168,-2.0252466201782227,-11.564199447631836,-5.683804035186768,79.44888305664062,51.76094055175781,26.3679141998291,25.911949157714844,29.44711303710937,24.675479888916016,20.62500190734864,10.851482391357422,11.573478698730469,12.22961139678955,10.888910293579102,12.767985343933104,8.67536449432373,0.2198952734470367,0.135496586561203,0.0760768949985504,0.0222260113805532,-0.1084199026226997,-0.0641349554061889,-0.0507201813161373,-0.004474714398384,-0.01857222430408,-0.0245135817676782,-0.0020013826433569,0.0019190981984138,-0.0043886480852961,15.595664024353027,8.657478332519531,5.048707962036133,3.413903951644897,4.670682907104492,3.180288553237915,3.8024864196777344,1.9589591026306152,1.878594160079956,2.05068588256836,1.855100989341736,2.387446880340576,1.5326168537139893,0.0527868904173374,0.1664237827062606,0.0943383499979972,0.0097613111138343,0.0722576081752777,0.0651080906391143,0.0388318933546543,-0.0031051598489284,0.0067506022751331,-0.0073782624676823,-0.0386099033057689,-0.0538383834064006,-0.0149513138458132,7.672118186950684,4.0270609855651855,2.9075160026550293,1.7794123888015747,2.3499021530151367,1.5050609111785889,1.9850248098373413,1.129707098007202,1.084786295890808,0.905643105506897,1.0886502265930176,1.109719157218933,0.947104513645172,0.0311614959315444,0.0143286882886063,0.0832405986402328,0.032749059234856,15.757994703427515,1,Rekurrensparese,633,phrase
-320.4385070800781,139.2454376220703,6.859790802001953,56.597049713134766,-5.363024711608887,35.85958480834961,2.502558469772339,-3.363403081893921,-1.2887250185012815,1.143712282180786,10.55377960205078,-0.1443713307380676,1.139245867729187,109.03824615478516,41.27592849731445,29.558090209960938,19.75633811950684,26.811084747314453,17.461402893066406,18.04861831665039,13.196016311645508,11.61368179321289,11.324060440063477,8.965008735656738,12.675830841064451,11.161333084106444,0.4569929242134094,0.0366778597235679,-0.1938464194536209,0.0367898643016815,-0.0082098208367824,-0.002246897900477,-0.0723126009106636,-0.0294764172285795,0.0064687589183449,-0.0170133467763662,-0.0165202859789133,0.0250545050948858,0.0244170445948839,19.74618530273437,7.003410339355469,5.618266582489014,3.1103086471557617,3.474045991897583,2.2008509635925293,3.1702449321746826,2.1122260093688965,1.80355167388916,1.82824969291687,1.4753693342208862,1.8601130247116089,1.9766981601715088,-0.1193956732749939,0.0214978959411382,0.1221152245998382,-0.0364573523402214,0.040054578334093,0.0942270308732986,0.0252944827079772,0.0181359183043241,0.003628151025623,-0.0312672778964042,-0.041907150298357,-0.0008821607916615,0.0081865768879652,7.925234317779541,2.8759381771087646,3.0639336109161377,1.8449013233184808,1.6936028003692627,1.3787434101104736,1.428821325302124,1.0354551076889038,0.8650869131088257,0.997821033000946,1.0471371412277222,0.9710798263549804,1.0390912294387815,0.0197247700368127,0.0089329294780395,0.1013572376167157,0.0391251310923212,14.616398832437698,1,Rekurrensparese,670,phrase
-338.448486328125,127.3914566040039,32.76427459716797,52.958251953125,7.745929718017578,26.751785278320312,-4.17171049118042,-7.973012447357178,8.887097358703613,-2.282650947570801,1.3490941524505615,-9.047547340393066,-9.908292770385742,75.93598175048828,44.25046157836914,31.0676498413086,23.79372978210449,28.264493942260746,20.380014419555664,15.43907070159912,12.33794403076172,10.053221702575684,12.499866485595703,9.637473106384276,9.551878929138184,9.837154388427734,0.5483378767967224,0.3317535519599914,-0.025499377399683,-0.0270327068865299,-0.062415488064289,-0.0118286916986107,-0.0590524487197399,-0.0232381746172904,-0.0039965780451893,-0.0101332338526844,0.0271187108010053,-0.0408473908901214,-0.0972530618309974,14.056385040283203,6.961085319519043,5.620236873626709,3.631664514541626,3.930396318435669,2.161317586898804,2.904867649078369,2.23290753364563,1.425378441810608,2.104491710662842,1.6024127006530762,1.6026538610458374,1.8050042390823364,0.0092335762456059,-0.0117642246186733,0.0180155411362648,0.0329684615135192,0.0110487826168537,0.0219922866672277,0.0022186378482729,0.0076485900208354,-0.0037326111923903,-0.017035262659192,-0.0100971758365631,-0.0154489437118172,-0.0016041512135416,6.98893404006958,3.125627279281616,2.844853162765503,1.904199481010437,1.83376145362854,0.9497685432434082,1.4821908473968506,1.1067540645599363,0.7183418273925781,1.081563115119934,0.7786930799484253,0.913019835948944,0.8208856582641602,0.0191256110018949,0.0086948359345832,0.0523174768327572,0.0166290181339649,19.468797836221185,1,Rekurrensparese,671,phrase
-335.1591186523437,129.82037353515625,27.9764347076416,43.387428283691406,19.840805053710938,18.55692672729492,-0.7475290894508362,6.622632026672363,10.46007251739502,-4.054058074951172,-2.102060317993164,-8.978148460388184,-3.3164942264556885,62.419620513916016,45.383487701416016,29.178543090820312,22.37708282470703,25.99164772033692,17.698890686035156,18.519153594970703,9.565679550170898,9.40622615814209,11.407146453857422,12.0729341506958,13.842935562133787,9.836869239807127,0.0281138215214014,0.0911300107836723,0.1552961319684982,0.1030969843268394,-0.0032779029570519,-0.0028974518645554,0.0304013956338167,-0.0171354468911886,-0.0459837615489959,-0.0386431850492954,-0.0282599925994873,0.0047322562895715,0.0175329595804214,13.207215309143066,8.129884719848633,5.192354679107666,3.1797754764556885,3.7459676265716553,2.5820512771606445,3.0042545795440674,1.9139142036437988,1.3662809133529663,2.204176664352417,2.0184848308563232,2.1238768100738525,1.9667980670928955,0.0225628353655338,0.1100500896573066,0.078233778476715,0.0160363633185625,0.0634071230888366,0.0004574345366563,0.002822067355737,0.0401182137429714,0.0277661439031362,0.0756144225597381,0.0459259711205959,-0.0348093546926975,-0.0542586930096149,7.366591930389404,4.131831169128418,3.3842456340789795,1.798068284988403,1.6653615236282349,1.142311930656433,1.5988725423812866,1.0002312660217283,0.8168370127677917,1.197527527809143,1.0595752000808716,1.123936891555786,0.9842049479484558,0.0224841609080864,0.0095785129707829,0.0665611383748836,0.0194287133444111,19.71648691921968,1,Rekurrensparese,712,phrase
-343.2352905273437,129.81649780273438,31.009201049804688,47.38207244873047,2.668473243713379,23.916534423828125,5.63567590713501,-10.5973539352417,1.4866243600845337,0.4780918061733246,-2.1168906688690186,-11.462214469909668,1.482125997543335,75.91861724853516,45.949928283691406,23.581193923950195,18.70722770690918,29.45265007019043,20.856170654296875,11.666759490966797,15.233158111572266,14.735625267028809,10.238986015319824,10.968518257141112,12.005627632141112,8.551169395446777,0.38749760389328,0.1772132664918899,0.0065631619654595,0.0804614275693893,-0.1286001950502395,-0.0598264262080192,0.0235918909311294,-0.0472328998148441,-0.0531623475253582,-0.0209940150380134,-0.0044129211455583,-0.1009830757975578,-0.1508894711732864,14.041619300842283,8.577033042907715,4.769158363342285,3.480820894241333,4.62823486328125,3.162619113922119,2.46364164352417,3.0018768310546875,2.6964569091796875,1.7926576137542725,2.1685240268707275,2.446601390838623,1.8856146335601809,0.1294302940368652,0.0858848989009857,-0.0441540591418743,-0.0345863737165927,0.0510757304728031,0.0993823036551475,0.047325249761343,-0.0125297373160719,-0.0239998642355203,-0.1034234315156936,-0.1185614094138145,-0.0316372737288475,-0.0316838324069976,8.652477264404297,3.9993162155151367,3.0836424827575684,2.1622884273529053,2.2811264991760254,1.6366158723831177,1.5063226222991943,1.6739226579666138,1.4549261331558228,1.167199969291687,1.2537091970443726,1.3718411922454834,1.0363672971725464,0.0185018360884567,0.0080025874063541,0.0598233806569426,0.0152873337759176,19.023973032910764,1,Rekurrensparese,716,phrase
-356.4267578125,132.9000244140625,22.64385986328125,52.19254302978516,16.284725189208984,19.19524002075196,5.256756782531738,-8.228904724121094,-3.74275016784668,4.7067084312438965,-2.9511256217956543,-8.24331283569336,1.0858802795410156,77.80271911621094,52.58236312866211,37.92316055297852,25.901012420654297,24.596582412719727,18.42364883422852,15.08194065093994,12.240833282470703,15.324442863464355,9.480236053466797,11.59421443939209,10.895781517028809,8.260686874389648,0.3429995477199554,0.2334649264812469,0.0121115744113922,0.0550503320991992,0.0740032568573951,0.1089729592204094,0.046772114932537,-0.0219409260898828,-0.036911454051733,-0.0886909663677215,0.0046312473714351,0.0570099838078022,-0.0484272092580795,12.828229904174805,8.561320304870605,5.968074321746826,3.5488758087158203,4.116734504699707,2.5383412837982178,2.72852087020874,2.069329023361206,2.101555347442627,1.6093496084213257,2.140475511550904,1.870018720626831,1.6000688076019287,-0.3174844086170196,-0.1523569822311401,0.0566264763474464,-0.0063847312703728,0.0537165366113185,0.0653428584337234,0.0243644528090953,-0.0273382235318422,0.0031981847714632,0.0503112934529781,0.0062077213078737,-0.012250056490302,0.010079544968903,8.34549331665039,3.887928009033203,3.570166826248169,1.9432169198989868,2.2457077503204346,1.270541071891785,1.6623010635375977,1.184186577796936,0.9750224351882936,1.209710955619812,0.9693703651428224,0.9842782020568848,0.9965986013412476,0.021760851610785,0.0097765585722334,0.0634278821879382,0.0225686293758725,18.381266826181616,1,Rekurrensparese,725,phrase
-217.36383056640625,97.56891632080078,-9.13317584991455,58.54192733764648,-6.165524005889893,41.75228500366211,-14.123299598693848,-3.747076988220215,4.193506717681885,9.120125770568848,-10.901150703430176,-5.99504280090332,-2.801448345184326,65.64049530029297,36.391693115234375,30.59461975097656,17.107667922973633,22.310699462890625,17.381391525268555,20.29605484008789,16.440542221069336,11.128883361816406,12.663640022277832,11.243978500366213,11.340249061584473,10.649222373962402,0.0526734739542007,0.013843685388565,0.0453875176608562,-0.0011585236061364,-0.1153792142868042,0.0441340245306491,0.0117714097723364,-0.0996844917535781,0.0098440460860729,-0.0126033993437886,-0.0064754984341561,0.0634273588657379,0.0065787024796009,9.618183135986328,3.9081764221191406,3.491781711578369,2.8182902336120605,3.034972667694092,2.493246793746948,2.699467658996582,3.023090362548828,1.6715059280395508,1.7873013019561768,1.8350601196289065,1.9067925214767456,1.393726468086243,-0.1632985472679138,-0.0201301649212837,0.0512906946241855,-0.0176107455044984,0.0695331320166587,0.0759526640176773,0.1035848036408424,0.0182080138474702,0.0105835879221558,0.0266923978924751,-0.0313295610249042,0.0362896919250488,0.0326940193772316,4.067108154296875,1.8695080280303955,1.4993268251419067,1.5410236120224,1.2872358560562134,1.3148651123046875,1.330885887145996,1.35720956325531,0.7911623120307922,0.9818121790885924,0.9703676104545592,0.8409974575042725,0.6863822937011719,0.0319689090112049,0.0156491222086228,0.1503276168936888,0.0641983131051136,8.732767067539207,1,Rekurrensparese,726,phrase
-334.2201232910156,110.58895874023438,27.78373908996582,41.85547637939453,5.225922107696533,16.74667739868164,-1.5289764404296875,-3.097086429595948,9.568510055541992,0.4153300821781158,3.690027475357056,-5.53410005569458,-7.496005535125732,80.7408676147461,49.886714935302734,26.02615165710449,23.86969947814941,19.95722961425781,16.042245864868164,13.791434288024902,13.150361061096191,10.449231147766112,12.3305082321167,9.383830070495604,10.656720161437988,11.943647384643556,0.0780254080891609,0.0225341357290744,0.0035958930384367,0.0728578865528106,0.0017672553658485,-0.0148175302892923,0.0417941100895404,0.0255584567785263,0.0300555434077978,0.009326315484941,-0.0159736275672912,0.034040194004774,0.048399768769741,10.581594467163086,7.645695686340332,4.088389873504639,2.851536989212036,2.866549491882324,2.0136823654174805,2.3752026557922363,2.346045970916748,1.4823362827301023,2.071794033050537,1.4778250455856323,1.8441070318222048,2.2379868030548096,-0.2022518515586853,-0.1425184607505798,0.0445362627506256,0.076068490743637,0.0874213725328445,0.0792618840932846,0.0030246346723288,-0.0315450057387352,-0.0127899348735809,-0.00846504047513,0.0056473650038242,0.0405328385531902,0.0250801555812358,6.158534049987793,3.834809541702272,2.757404565811157,1.7929983139038086,1.54301118850708,1.1179437637329102,1.242531418800354,1.1056931018829346,0.8683045506477356,1.0573251247406006,0.9529752731323242,0.8848040103912354,1.089128851890564,0.0268369811583681,0.0100380065290499,0.0694640416806557,0.0210316767565839,18.29745728305729,1,Rekurrensparese,728,phrase
-315.1074523925781,138.5814208984375,12.136353492736816,40.09617614746094,23.11575508117676,1.6151243448257446,-9.468485832214355,2.034932851791382,1.606180191040039,-2.255629062652588,-3.2463021278381348,-6.832358360290527,-3.007603883743286,83.23848724365234,55.61685943603516,33.21230697631836,26.334667205810547,28.92919158935547,17.88837432861328,18.027193069458008,10.26942539215088,11.652505874633787,14.218207359313965,13.995492935180664,10.55453395843506,12.259275436401367,-0.0312061738222837,0.0228291489183902,-0.0395426638424396,-0.051739614456892,0.0664676874876022,0.0262274574488401,0.0288477316498756,0.0785515680909156,0.0735526010394096,0.0343897715210914,0.067309945821762,0.0568701885640621,-0.0436207763850688,15.031548500061035,8.456552505493164,6.203773498535156,3.585797071456909,4.254130363464356,2.5082709789276123,3.263857364654541,1.8551617860794067,1.81550681591034,2.7179315090179443,2.357524871826172,2.1100125312805176,2.1671817302703857,-0.1006298139691352,0.0240770038217306,0.0513226091861724,-0.0532934442162513,0.0553928576409816,0.0848614796996116,0.0386024862527847,0.0227033402770757,0.0371404737234115,0.0091599132865667,-0.0611389465630054,-0.025994511321187,-0.0056175314821302,7.058279514312744,3.769763708114624,3.333441257476806,1.8891735076904297,1.7313235998153689,1.191925048828125,1.430046796798706,1.1096131801605225,1.0087146759033203,1.295854568481445,1.0962486267089844,1.1824523210525513,1.112866759300232,0.0214155850229812,0.0098526513131192,0.0535428573404487,0.0121509201682515,18.388144447571143,1,Rekurrensparese,825,phrase
-342.8529357910156,121.52943420410156,8.563843727111816,57.426002502441406,9.180133819580078,30.073057174682617,9.333385467529297,2.7284109592437744,-1.0706334114074707,4.3097124099731445,10.267169952392578,-0.790952205657959,2.497242212295532,115.03936767578124,44.530517578125,33.0388298034668,32.64772033691406,23.519433975219727,17.614334106445312,20.2220458984375,14.016069412231444,13.46055793762207,10.962194442749023,7.871410846710205,12.87633991241455,7.576262474060059,0.3169482946395874,0.1041681244969368,-0.0556296482682228,0.0469310544431209,0.0083919111639261,0.0807727798819542,0.0359017625451087,0.0345992110669612,0.0234925802797079,-0.0157161504030227,0.0207886546850204,-0.0059825922362506,-0.0045892000198364,17.267017364501953,6.926992893218994,4.781433582305908,4.161837100982666,2.889411687850952,2.301116466522217,3.1413652896881104,2.17611050605774,2.1256802082061768,1.6115615367889404,1.501133918762207,1.9754323959350584,1.1925147771835327,-0.1870253235101699,-0.0920665562152862,0.0131231974810361,0.0097573166713118,0.0688399747014045,0.0203147809952497,0.0217344034463167,0.0276337135583162,0.0070007303729653,0.0137185612693429,-0.0154656432569026,-0.0103587321937084,0.002054451033473,7.671774864196777,2.8035426139831543,2.7086503505706787,2.0584425926208496,1.548615336418152,1.1506686210632324,1.5639994144439695,1.1317167282104492,1.169357180595398,0.8738263845443726,0.8960725665092468,0.9741975665092468,0.717710018157959,0.0393892564876242,0.017920338907979,0.1182112053408705,0.050249923376392,11.715474240398802,1,Rekurrensparese,849,phrase
-316.9101257324219,123.88323211669922,21.27911758422852,35.926212310791016,4.256181716918945,21.87921905517578,-7.31411600112915,-2.819868326187134,9.883220672607422,-2.09926438331604,-6.885735034942627,-5.570336818695068,-6.478118896484375,107.21057891845705,56.78045272827149,30.67351531982422,25.305641174316406,26.737585067749023,11.71866512298584,20.97332191467285,10.75523567199707,12.612194061279297,12.015314102172852,12.286953926086426,11.07426929473877,9.712215423583984,0.0747718289494514,0.0900103524327278,0.0165462996810674,-0.0199704207479953,-0.0182057823985815,-0.0728742554783821,-0.0591033287346363,-0.0217454209923744,-0.0264233518391847,-0.0040829847566783,0.0181719716638326,0.041207518428564,0.0372318141162395,14.546146392822266,7.278636932373047,4.415863990783691,3.166339635848999,3.826258659362793,1.7154541015625,3.468888759613037,1.7892755270004272,1.6410746574401855,1.9646462202072144,1.6761654615402222,1.970309376716613,1.744330644607544,0.1357849091291427,0.0890266299247741,0.0077637527137994,-0.0414105616509914,-0.0778463780879974,-0.0210525281727314,-0.0187160242348909,0.0015543174231424,0.0043321102857589,-0.0030721893999725,0.0326264388859272,0.0044585848227143,-0.0068786437623202,7.766423225402832,3.121509790420532,2.525826930999756,1.808127403259277,1.9167207479476929,0.9852654933929444,1.6383626461029053,0.950994312763214,0.9680458307266236,1.1477038860321045,0.9245641827583312,1.0285111665725708,0.8263614773750305,0.0418363814052721,0.0204216499409579,0.1067027169401189,0.0455773748850178,9.949015451523367,1,Rekurrensparese,855,phrase
-316.7260437011719,104.23619079589844,5.419389247894287,46.85179138183594,2.525187015533448,18.18088150024414,-14.090082168579102,10.456507682800291,3.7560410499572754,-3.29795241355896,6.630688190460205,-0.8275986313819885,1.748861312866211,101.48951721191406,37.25261306762695,27.23945999145508,33.913875579833984,20.064672470092773,14.221070289611816,19.788314819335938,13.374932289123535,9.619543075561523,11.88287353515625,12.459632873535156,12.076183319091797,10.579943656921388,-0.0916983038187027,0.01412960793823,0.0096239112317562,-0.0264585260301828,0.0280954781919717,0.0042571239173412,0.0809014216065406,0.013252830132842,-0.0120525378733873,-0.0019924172665923,-0.0619346648454666,0.003357115201652,0.0157945770770311,14.276921272277832,6.314342021942139,3.9275310039520255,2.9092354774475098,2.868147373199463,1.8945658206939693,3.075812578201294,1.5102084875106812,1.4158152341842651,2.241903781890869,1.6261335611343384,1.848501682281494,1.5885109901428225,-0.0350745283067226,0.0042602657340466,0.0221278313547372,-0.0067850556224584,0.0144516788423061,0.0129173686727881,0.0063719847239553,0.0005218844744376,-0.0133272930979728,0.0002877033839467,0.0075461873784661,0.00701146107167,0.0122518269345164,7.140359878540039,2.975144624710083,2.3101015090942383,1.4570326805114746,1.4620167016983032,0.9945676326751708,1.4288125038146973,0.7915287017822266,0.8872281312942505,1.1614593267440796,0.8529046177864075,0.9043330550193788,0.8470432162284851,0.0173408370859587,0.0085668747832411,0.0888683957492513,0.0404703529252907,14.818845615359862,1,Rekurrensparese,859,phrase
-322.7693176269531,118.2668685913086,27.58872985839844,37.40645980834961,13.1831693649292,25.94061851501465,-9.807080268859863,-2.973470449447632,5.567743301391602,-3.245121955871582,0.7955315709114075,-6.88737678527832,-4.637862205505371,76.1089096069336,45.92439651489258,24.055519104003903,23.01854133605957,25.508703231811523,20.970176696777344,17.921537399291992,13.468053817749023,10.079158782958984,10.617705345153809,7.3313188552856445,10.820474624633787,8.953804969787598,0.3035627603530884,0.1937528103590011,0.0626659244298935,0.050624806433916,-0.0114436745643615,0.074490375816822,-0.0030230481643229,-0.0442678295075893,0.0043468624353408,-0.0230835080146789,-0.0149407535791397,0.0101022124290466,-0.0041316053830087,14.06103515625,8.421890258789062,4.37346076965332,3.948751211166382,3.85064697265625,3.133451223373413,3.325269937515259,2.528292417526245,2.021113395690918,2.0265939235687256,1.2597802877426147,1.9250584840774536,1.948219418525696,0.0338027663528919,0.0623512975871562,0.0448165722191333,0.0411023460328578,-0.0169039070606231,-0.0333907455205917,0.0105242924764752,0.0037436510901898,0.0683469697833061,0.0112975360825657,-0.0382365323603153,-0.0394165478646755,-0.0755316689610481,8.213982582092285,4.2815842628479,2.992362260818481,1.9754027128219604,1.9597975015640257,1.272881031036377,1.6910158395767212,1.2629605531692505,1.2148312330245972,1.1032612323760986,0.7349145412445068,1.0331573486328125,1.0943188667297363,0.0175168989589455,0.0075083950857308,0.0540537901531653,0.0165401127395231,19.210850227606603,1,Rekurrensparese,864,phrase
-327.28741455078125,118.62470245361328,8.945333480834961,46.99824905395508,8.940276145935059,27.854921340942383,-7.615812301635742,-2.607180595397949,11.114557266235352,-10.696351051330566,-3.039741277694702,-4.863272190093994,-13.172121047973633,91.59809112548828,41.9633903503418,37.6234130859375,21.473432540893555,28.912851333618164,19.866811752319336,23.26945877075196,14.702741622924805,13.003658294677734,13.604472160339355,10.126993179321287,9.019979476928713,13.102693557739258,0.2303211838006973,0.1420224457979202,0.0826393067836761,0.050260417163372,-0.0544957630336284,-0.0331225246191024,-0.0488504767417907,-0.0320076309144496,-0.0533284060657024,-0.0052077895961701,0.0030917117837816,-0.009526252746582,0.01509222202003,15.969955444335938,7.218854904174805,6.828093528747559,3.184084177017212,4.002434730529785,3.0015358924865723,4.607685565948486,2.650560140609741,2.0382659435272217,1.992040753364563,1.5675870180130005,1.5878596305847168,2.161548376083374,0.3161667585372925,0.2379009872674942,0.0629611313343048,-0.010038424283266,-0.0694575235247612,-0.0081932721659541,-0.0288799349218606,-0.0402296371757984,-0.0394217334687709,-0.0487567782402038,-0.038184817880392,-0.0301737617701292,-0.0422712713479995,8.708170890808105,3.7362799644470215,3.6912896633148193,1.5785808563232422,1.927700400352478,1.472259283065796,2.1250178813934326,1.2232803106307983,1.2534853219985962,1.0058082342147827,0.8232287168502808,0.8821765184402466,0.9937146306037904,0.0194130517297451,0.0093654829746712,0.0654316101375421,0.0178547157545643,19.80275971484005,1,Rekurrensparese,869,phrase
-367.7070007324219,114.54659271240234,23.623050689697266,40.1661376953125,5.291228294372559,18.16707229614257,-2.5799176692962646,-4.224571704864502,7.413064002990723,3.954255342483521,0.0334035791456699,-2.2050223350524902,-1.8417576551437376,90.51776885986328,57.64658737182617,31.731874465942383,28.832704544067383,21.08918571472168,21.684803009033203,14.602897644042969,13.508380889892578,9.04758071899414,9.099477767944336,10.740617752075195,11.16799545288086,9.393770217895508,0.2908767163753509,-0.0422587431967258,-0.0769367441534996,0.0109571833163499,-0.1713253408670425,-0.010366091504693,-0.0510328263044357,0.0052705621346831,-0.0209787897765636,0.0137966526672244,0.0041091572493314,-0.0493363179266452,0.0565517134964466,14.813180923461914,8.06399154663086,5.630781650543213,3.245500564575196,3.4202752113342285,2.5516598224639893,2.71059799194336,2.3524487018585205,1.5665165185928345,1.4368896484375,1.945407748222351,2.0264525413513184,1.82703709602356,-0.1476384997367859,-0.0972526520490646,-0.0434831343591213,-0.036631241440773,0.0849119126796722,0.1068599596619606,0.0340309105813503,0.0131406811997294,0.0440267100930213,0.0094130774959921,-0.0060940808616578,0.0114696500822901,-0.0103976903483271,8.27243709564209,3.8300936222076416,3.2371373176574707,1.7544548511505127,2.036149740219116,1.3350164890289309,1.3519442081451416,1.2418392896652222,0.947822093963623,0.876600980758667,0.8947094082832336,0.9415050745010376,1.000555396080017,0.0184408888753662,0.0076715330464085,0.0647609346431283,0.0173785806392283,16.910149823722982,1,Rekurrensparese,874,phrase
-329.3954162597656,134.6193389892578,12.929609298706056,36.740718841552734,9.64584255218506,16.892425537109375,-7.697237014770508,-8.075614929199219,10.059820175170898,-10.32612419128418,-5.123622894287109,-4.689393520355225,-11.878092765808104,97.68380737304688,59.23454666137695,33.729461669921875,25.13579368591309,25.1033878326416,21.50246810913086,15.040205001831056,15.542415618896484,13.202322006225586,12.781268119812012,10.18159008026123,9.17849063873291,12.399333953857422,0.3640482127666473,0.2715253233909607,0.0219373852014541,-0.0078880675137043,-0.0627844855189323,-0.0508730188012123,0.0074773556552827,0.0316074043512344,-0.0053055938333272,-0.0423881933093071,-0.0103808566927909,-0.0207943171262741,-0.0408990681171417,15.872156143188477,9.042817115783691,6.384597301483154,3.627535343170166,4.14712381362915,2.509429454803467,2.5681281089782715,2.337106227874756,1.9214661121368408,2.356478452682495,1.948553681373596,1.6810181140899658,2.1570489406585693,-0.0233207400888204,0.0207929611206054,0.0693485662341117,0.0803575664758682,0.0849926471710205,0.0310085248202085,-0.0044193593785166,0.0003960421599913,-0.0077939541079103,-0.0037457346916198,0.0011959798866882,-0.0093289697542786,-0.0070709334686398,7.714411735534668,3.805586576461792,3.4576382637023926,1.8160297870635984,1.9801256656646729,1.1369059085845947,1.337846755981445,1.0713123083114624,0.8471114039421082,1.1657782793045044,0.9331424236297609,0.9030188918113708,0.9353314638137816,0.0226596817517483,0.0095298895853714,0.054889332183631,0.0155048748131165,18.33930501095425,1,Rekurrensparese,879,phrase
-312.2191162109375,118.22806549072266,26.16731834411621,44.97219467163086,13.618964195251465,36.07405853271485,10.250516891479492,-0.7143677473068237,10.745802879333496,8.82536792755127,-0.2933633327484131,-6.470362663269043,1.0173360109329224,92.23041534423828,47.027252197265625,29.83847999572754,23.573225021362305,29.93420791625977,19.991016387939453,20.27151870727539,15.991446495056152,7.826003551483154,8.784663200378418,8.51211166381836,11.418231964111328,12.75679874420166,-0.0241377670317888,0.0496342554688453,0.1013023033738136,-0.0280618835240602,-0.104687251150608,-0.0226395390927791,0.0088696721941232,-0.0606103464961051,-0.0641801431775093,0.0215796586126089,0.0374446064233779,-0.0565322451293468,-0.0830632001161575,15.378405570983888,8.050718307495117,5.895414352416992,2.8533194065093994,4.274576663970947,2.7566585540771484,3.4093613624572754,2.9726579189300537,1.3813722133636477,1.379319190979004,1.5286329984664917,2.051053285598755,1.973093867301941,0.2191772013902664,0.1869852542877197,0.0483569763600826,0.0190447885543108,-0.0063961129635572,0.0126240188255906,0.0415755733847618,0.0197749808430671,0.012970239855349,0.0272243525832891,0.0154072297737002,-0.0004269497585482,-0.0290059987455606,8.811511993408203,4.495293617248535,3.5925161838531494,1.5093650817871094,1.874932885169983,1.3556334972381592,1.8026973009109497,1.532707452774048,0.8696613907814026,1.0968035459518433,1.017991065979004,1.0259608030319214,1.1399847269058228,0.0422465492025066,0.0212145215706673,0.1343817550444812,0.0593841314432063,11.569453465092272,1,Rekurrensparese,880,phrase
-277.3126220703125,131.62649536132812,20.871076583862305,59.365501403808594,5.608172416687012,9.971055030822754,6.424313068389893,-2.421626567840576,-2.042426586151123,3.7144525051116943,13.762919425964355,-6.140251159667969,-8.933772087097168,80.93018341064453,43.9604606628418,32.06060028076172,24.81027030944824,24.821964263916016,25.93235206604004,20.42839241027832,13.862164497375488,14.870199203491213,12.77839469909668,8.817360877990723,10.46190357208252,9.854228973388672,0.1504862457513809,0.1081425994634628,0.0820421352982521,0.0187369883060455,-0.1568678170442581,-0.1334987431764602,-0.0787257850170135,-0.0099585214629769,-0.0241580493748188,-0.0862512290477752,-0.0380144156515598,-0.067508116364479,-0.0484820455312728,11.491045951843262,6.442317008972168,4.48572301864624,4.056428909301758,3.779643058776856,3.278468608856201,2.6013119220733643,2.6936283111572266,2.756476402282715,2.044703483581543,1.6181975603103638,1.9576629400253296,1.885811686515808,0.1373917460441589,0.1218305826187133,0.0570034831762313,0.0263735298067331,0.0146484272554516,0.0553525611758232,0.0061665894463658,-0.0162911415100097,0.012906914576888,-0.0152848297730088,0.0019134997855871,0.0034756818786263,0.0062412684783339,6.717549800872803,3.294302701950073,2.688894748687744,1.9799811840057373,1.7854748964309692,1.396200180053711,1.020268201828003,1.4126973152160645,1.3948040008544922,1.0470290184020996,0.9075308442115784,1.112318754196167,1.066443920135498,0.0264256127776652,0.0113566670540843,0.1136124090925402,0.0445737866108993,15.962069163922584,1,Rekurrensparese,883,phrase
-271.1754150390625,74.54597473144531,15.585064888000488,32.61256790161133,-6.663895606994629,23.83500862121582,-10.827471733093262,-5.53181791305542,-0.3088195323944092,11.59650993347168,-8.722731590270996,-0.8646167516708374,0.5020676255226135,131.31228637695312,35.60438537597656,30.99747657775879,28.69687461853028,27.44400978088379,21.36111640930176,19.293182373046875,12.676733016967772,15.589401245117188,9.73158073425293,18.61186981201172,13.151862144470217,9.457855224609377,0.3943164646625519,0.2890034019947052,-0.0115560730919241,-0.0834380462765693,-0.0960206314921379,-0.0340385735034942,0.0139748519286513,0.0183252114802598,-0.0103425718843936,-0.017731700092554,0.0008865757845342,0.0301873721182346,0.0134365623816847,20.087629318237305,6.437941551208496,4.893171787261963,3.831998825073242,3.820876121520996,2.572911024093628,3.1969871520996094,2.2983920574188232,2.180405378341675,1.489137053489685,2.4113569259643555,1.8662980794906616,1.5194778442382812,0.0737478733062744,0.0137401698157191,0.0076031852513551,0.0517770573496818,0.038372129201889,0.0429254695773124,-0.0067035057581961,-0.0031134781893342,0.0019603606779128,-0.0088206930086016,-0.008440701290965,-0.028869405388832,-0.0208042245358228,9.13708209991455,2.9203667640686035,2.634807825088501,1.853541135787964,1.7924178838729858,1.2736996412277222,1.7901281118392944,1.1234769821166992,1.0893223285675049,0.9471007585525512,1.0654643774032593,1.018604755401611,0.8364728093147278,0.0433088375262618,0.0219926792569107,0.1658799828011108,0.0782824878267647,6.419371984058491,1,Rekurrensparese,887,phrase
-323.73699951171875,142.0147705078125,27.36381721496582,64.89007568359375,13.346199035644531,30.638946533203125,9.817362785339355,-1.6000568866729736,11.878652572631836,7.446145057678223,-1.102565050125122,-7.52592134475708,-4.549560070037842,64.2764663696289,45.38615417480469,26.32552719116211,21.50794792175293,25.839906692504883,17.964529037475586,12.740277290344238,14.403416633605955,9.241207122802734,14.007294654846191,9.004365921020508,9.502187728881836,9.783487319946287,-1.0237072706222534,-0.4364082515239715,-0.0108046671375632,-0.0866397991776466,0.2563543319702148,0.1670896857976913,0.2271543443202972,-0.0085289077833294,0.0764737576246261,0.1006452739238739,-0.0243951920419931,0.0543483756482601,0.0913078263401985,10.811474800109863,6.581782817840576,4.236052989959717,3.5853567123413086,4.093750476837158,2.4781148433685303,2.16689395904541,2.4173150062561035,1.639556646347046,1.993013978004456,1.682178974151611,1.8728328943252563,1.6211894750595093,-0.1612752079963684,-0.0548837855458259,-0.0036871598567813,-0.2155661433935165,-0.1647918671369552,-0.0454682633280754,-0.089337557554245,-0.0669640898704528,-0.0322010889649391,0.0084749730303883,-0.0481218285858631,0.0526433587074279,0.0866833105683326,5.9430437088012695,2.839973211288452,2.3998584747314453,1.942883372306824,1.9627580642700195,1.2911301851272583,1.1993452310562134,1.401442050933838,0.8989121317863464,1.1254241466522217,0.952658236026764,0.9535894393920898,0.8880364298820496,0.027065097476042,0.0136800699367784,0.1013581137801394,0.046502308405809,14.493961183279952,1,Rekurrensparese,893,phrase
-403.443359375,131.16844177246094,20.201431274414062,55.02556991577149,10.809256553649902,24.74803733825684,16.058385848999023,2.7148358821868896,5.6630167961120605,5.103274822235107,3.847203493118286,3.954090118408203,4.599477291107178,113.2379379272461,66.7660903930664,31.50079345703125,25.89238739013672,21.468185424804688,17.199665069580078,15.4621000289917,11.875808715820312,10.770660400390623,12.071526527404783,9.661274909973145,7.00169563293457,8.189741134643555,0.2168421000242233,0.0905963853001594,0.0745052024722099,0.0853107348084449,-0.0042974366806447,0.0339667424559593,-0.0052149039693176,0.0016584292752668,0.0173141956329345,0.0275441817939281,0.0170373413711786,-0.0154495425522327,0.0125928353518247,14.441129684448242,7.623208999633789,4.784637928009033,3.433781862258911,2.96290922164917,2.617645263671875,2.7761828899383545,2.1104419231414795,1.552345633506775,1.7801095247268677,1.657576322555542,1.1572591066360474,1.340239405632019,-0.1218480914831161,-0.0289352629333734,0.0306151919066905,-0.0035649940837174,0.0391790829598903,0.0048717558383941,0.0024321721866726,0.0038024885579943,0.0260827671736478,0.0238139275461435,0.0018609731923788,0.0077915573492646,-0.006301671732217,7.613194465637207,3.234820604324341,2.762711763381958,1.8393346071243288,1.5241663455963137,1.3485671281814575,1.6173170804977417,1.2575759887695312,1.025218486785889,1.115397572517395,0.8717219233512878,0.7583492398262024,0.8097047209739685,0.03418851248005,0.0128224230011287,0.0944836447091355,0.0303386200028352,11.531791811621462,1,Rekurrensparese,896,phrase
-307.1610107421875,117.2705535888672,3.180425882339477,35.69673156738281,21.538789749145508,45.73297500610352,12.122973442077637,11.053094863891602,8.172943115234375,-0.3719388842582702,8.25400447845459,4.933940887451172,3.2446770668029785,97.14513397216795,40.0026969909668,22.08056640625,25.033710479736328,19.88137435913086,21.769546508789062,19.30902099609375,9.534427642822266,10.318682670593262,10.626349449157717,7.7877607345581055,9.809688568115234,8.673646926879883,0.2198682725429535,0.0827803686261177,-0.0406131818890571,-0.0053971908055245,-0.0291578825563192,0.0581187233328819,0.0353354513645172,0.0214768145233392,0.0393620617687702,0.0132101187482476,0.00624316977337,-0.0058709867298603,-0.0080541232600808,12.0573091506958,7.3582587242126465,3.357748508453369,2.672255039215088,3.671220541000366,3.480372190475464,3.0324244499206543,1.584047555923462,1.8201748132705688,1.92213237285614,1.3072121143341064,1.6473312377929688,1.25282883644104,-0.0571381375193595,-0.109424814581871,-0.0590667128562927,0.0256589818745851,0.0467205420136451,0.026629239320755,0.0031979421619325,0.0279747284948825,0.0050734467804431,-0.0075430590659379,-0.0122812148183584,-0.0042250724509358,0.0266808979213237,4.23529052734375,3.1880762577056885,1.7337641716003418,1.4640536308288574,1.823166251182556,1.5768117904663086,1.5369418859481812,0.9839056134223938,0.9230360984802246,1.065732717514038,0.7773945927619934,0.9221096634864808,0.8279079794883728,0.0463795149024664,0.0239237033934108,0.1587028742618619,0.0610509915573781,7.533174926813676,1,Rekurrensparese,897,phrase
-278.31719970703125,141.57064819335938,9.435806274414062,55.63256454467773,10.462754249572754,36.79004287719727,4.53847074508667,-5.62338399887085,7.693973541259766,9.552111625671388,3.683274030685425,-5.416543006896973,0.4586659669876098,97.95472717285156,39.86006927490234,27.20809364318848,26.067514419555664,21.386648178100582,20.13305854797364,14.851076126098633,14.093876838684082,10.938240051269531,9.718439102172852,9.81623363494873,14.026385307312012,7.453227996826172,0.105237141251564,0.1228912845253944,0.048814982175827,-0.0136996712535619,0.0070339953526854,0.0362639687955379,0.0152415931224823,0.0171380136162042,0.0248597878962755,0.0086164828389883,0.0278102271258831,0.0489404909312725,0.007353089749813,10.276164054870604,5.017415046691895,3.5632476806640625,3.746222257614136,2.87276291847229,3.016258001327514,2.3532512187957764,2.996998071670532,2.004164695739746,1.6010974645614624,1.5536898374557495,1.8286865949630733,1.5056520700454712,-0.206728920340538,-0.1373816430568695,0.0949727222323417,0.116959199309349,0.0546417497098445,0.0584858916699886,0.0663982033729553,0.0523342154920101,0.0154152046889066,-0.0064747114665806,-0.0153351724147796,-0.028699368238449,-0.00777602288872,3.6394121646881104,2.2005112171173096,1.878617763519287,1.863681435585022,1.420988917350769,1.2592281103134155,1.2936079502105713,1.5866498947143557,1.030072808265686,0.7981491088867188,0.8684161901473999,0.8974942564964294,0.9128032922744752,0.0215937903771003,0.0080548110052003,0.1083962186398275,0.0382901830392328,13.137262918898552,1,Rekurrensparese,908,phrase
-353.12384033203125,129.27078247070312,41.58590698242188,50.67748260498047,17.990314483642578,7.122430801391602,10.106289863586426,-2.1342673301696777,-3.957149028778076,5.084207534790039,7.684016704559326,-3.543179035186768,-7.417132377624512,63.25445556640625,51.82554244995117,33.558685302734375,22.018484115600582,27.979331970214844,26.029874801635746,13.384767532348633,13.390324592590332,14.871784210205078,12.300601959228516,10.399247169494627,8.955534934997559,10.713173866271973,0.3900053203105926,0.4031408727169037,0.1086189076304435,-0.0469883382320404,-0.0318282134830951,-0.0149074494838714,-0.0274670589715242,-0.0272854045033454,0.004608959890902,0.0253137554973363,-0.0210830103605985,-0.0517269819974899,-0.005817181430757,10.939753532409668,7.70660400390625,5.009060859680176,3.652317523956299,4.372784614562988,2.908976078033448,2.2354724407196045,2.362637042999268,2.234904527664185,1.7581923007965088,1.7792171239852903,1.5088847875595093,2.024350881576538,-0.2551160156726837,-0.1743507832288742,0.0063552600331604,0.003569931956008,0.0469444692134857,0.0580126419663429,0.0153392292559146,0.0018413602374494,0.0163343735039234,0.0476714968681335,0.0689433887600898,0.043929386883974,0.0058707580901682,5.677898406982422,3.3013558387756348,2.429872751235962,1.711424469947815,1.9702666997909544,1.4409728050231934,1.0177781581878662,1.238409399986267,1.189379096031189,1.0288046598434448,1.0884629487991333,0.8776277899742126,1.1309081315994265,0.0230590137422014,0.0082137371266418,0.0700080708767466,0.0224405801886239,18.11882854290422,1,Rekurrensparese,912,phrase
-342.4331970214844,119.50310516357422,8.988011360168457,52.76090240478516,8.2089262008667,27.46525382995605,10.615673065185549,1.369528889656067,8.482117652893066,13.547246932983398,8.748485565185547,4.9610981941223145,3.410233497619629,115.11679077148438,42.541900634765625,24.987239837646484,28.39581871032715,22.34714126586914,20.05064392089844,15.33896827697754,14.61713981628418,11.783042907714844,10.183931350708008,7.341654777526855,9.12644863128662,8.589468002319336,0.1158846840262413,0.0010299395071342,-0.0336358472704887,0.0041131251491606,-0.0494961217045784,-0.0215977169573307,-0.0432840324938297,-0.0124827586114406,-0.0201242920011281,-0.0443691164255142,-0.0251035764813423,-0.0578659810125827,-0.0582123100757598,14.7846097946167,6.653833866119385,3.5589911937713623,3.455404758453369,3.324065685272217,3.051305294036865,2.4007184505462646,2.8342761993408203,1.880247712135315,1.755020260810852,1.3111881017684937,1.4992307424545288,1.283393621444702,-0.0851828232407569,-0.0200111214071512,-0.0407859161496162,-0.0293343141674995,0.0417561009526252,0.0009435131796635,0.0056514362804591,-0.0089861657470464,0.0174503121525049,0.0002305516682099,-0.0240270942449569,-0.0144576588645577,-0.0154831437394022,8.104246139526367,2.775090456008911,2.1915433406829834,1.722672700881958,1.5958489179611206,1.3284436464309692,1.4084957838058472,1.4343926906585691,1.061883807182312,1.0187323093414309,0.699955940246582,0.9371547102928162,0.7824099659919739,0.0306237564530509,0.0142164372723298,0.1644642487415276,0.0696157634734953,9.54465128202943,1,Rekurrensparese,914,phrase
-362.6187438964844,137.2216033935547,6.018216133117676,47.603118896484375,21.004512786865234,10.656648635864258,-5.970527172088623,-4.467644214630127,10.81643772125244,-4.313847541809082,-2.075813055038452,2.0967142581939697,-5.589916706085205,89.20425415039062,53.950904846191406,35.81901931762695,20.31250762939453,23.69090461730957,24.86614990234375,16.303497314453125,13.442489624023438,13.56689739227295,16.454544067382812,11.518075942993164,10.759281158447266,13.015267372131348,0.071542777121067,0.1547270864248275,0.0385409668087959,0.0066537056118249,-0.0132194738835096,-0.0122760385274887,0.01965968683362,-0.0141555881127715,-0.0119731500744819,0.0029639427084475,-0.0294402968138456,-0.0317680574953556,-0.0236041955649852,16.074499130249023,7.87600040435791,6.747534275054932,3.232929944992065,3.254211902618408,2.6621649265289307,2.526895046234131,2.295993566513061,1.966354727745056,2.770793914794922,1.843189716339112,1.8957432508468628,1.97930121421814,0.447601169347763,0.1041742861270904,0.0042727207764983,0.0587282478809356,0.0575244314968586,0.0407136008143425,-0.0019271245691925,0.0199631620198488,0.0160998348146677,-0.0151931978762149,-0.0167272426187992,-0.0196404363960027,-0.0204445552080869,8.796531677246094,3.982853651046753,3.5652592182159424,1.7267553806304932,1.7276020050048828,1.2739299535751345,1.1163928508758545,1.15173077583313,1.0089027881622314,1.320986270904541,0.8981923460960388,0.9726505875587464,0.8755179047584534,0.0268436791342121,0.0108510563781078,0.0668882338471694,0.0234879227017873,14.303553353935955,1,Rekurrensparese,924,phrase
-293.48309326171875,134.7811279296875,6.489336013793945,41.67699432373047,4.287557125091553,21.75703811645508,-12.925503730773926,-2.4142487049102783,3.628636121749878,-10.825811386108398,-8.196928024291992,-3.708611011505127,-2.481924772262573,73.6447525024414,46.59890365600586,26.364744186401367,20.626604080200195,25.719621658325195,17.350757598876953,18.072751998901367,15.828083038330078,12.200042724609377,14.23721981048584,13.91427230834961,9.138405799865724,9.312405586242676,0.970690369606018,0.3700201511383056,-0.254868596792221,-0.0027224502991884,-0.080668993294239,-0.0332454554736614,0.0190316084772348,0.107916735112667,0.0269566364586353,-0.0595546849071979,0.0204190425574779,0.0141001744195818,-0.0545817092061042,13.543391227722168,6.86613655090332,4.4500813484191895,2.8086678981781006,4.058952808380127,2.694197654724121,3.254114151000977,2.58450984954834,2.0097925662994385,2.760294437408448,2.437171220779419,1.579031467437744,1.7944982051849363,-0.129523366689682,0.062557928264141,0.1484311819076538,0.0901883170008659,0.1165684685111045,0.0249656569212675,-0.0060659563168883,-0.0162276830524206,-0.0010802983306348,-0.0169914700090885,-0.0278790723532438,0.0277058724313974,-0.009486461058259,7.381443977355957,3.504367589950561,2.9517898559570312,1.5309233665466309,1.964231252670288,1.1905118227005005,1.5953084230422974,1.2290416955947876,1.041469693183899,1.2571256160736084,1.2530900239944458,0.7059485912322998,0.7613539099693298,0.0157115279602718,0.006888614113151,0.0632091350183298,0.0174654204080209,19.35283268783408,1,Rekurrensparese,926,phrase
-320.8869934082031,130.20632934570312,11.649703979492188,44.4907112121582,8.943909645080566,14.70553493499756,-6.348387718200684,9.70785427093506,1.4976699352264404,-4.581832408905029,7.050741672515869,-7.42343807220459,-4.39838457107544,77.5013198852539,39.38619613647461,29.486452102661133,25.539794921875,24.43743324279785,18.51777076721192,22.55939102172852,13.293298721313477,12.806580543518066,10.929960250854492,10.44747257232666,11.226556777954102,8.974982261657715,0.4182250201702118,0.2555240392684936,0.0010565209668129,-0.023006223142147,-0.0695331990718841,-0.0139621393755078,-0.0502808131277561,-0.0257920138537883,-0.035745445638895,-0.0323825664818286,0.0049775396473705,-0.005908562336117,0.0064366371370851,12.963502883911133,5.528115749359131,5.017282009124756,3.012975215911865,3.4162023067474365,3.044151306152344,4.161050319671631,2.152111053466797,2.0033087730407715,1.8861335515975952,1.4171298742294312,1.942978382110596,1.489643931388855,0.0370523668825626,0.0406441614031791,-0.0327234528958797,-0.041265845298767,0.0255251824855804,0.0210773926228284,-0.0149261998012661,-0.004532425198704,0.008550307713449,0.0012794892536476,-0.0007419295143336,-0.0016945741372182,-0.0010407491354271,7.014297962188721,2.5240519046783447,3.040112257003784,1.715909481048584,1.7719950675964355,1.3624658584594729,1.7772400379180908,1.1045209169387815,1.04133141040802,0.9434152245521544,0.7891036868095398,0.882654070854187,0.7549448013305664,0.0254401388532442,0.0127628102963185,0.0750747648751624,0.0290865356132875,17.442680892518943,1,Rekurrensparese,928,phrase
-311.2758483886719,134.8284912109375,5.956112861633301,41.145484924316406,12.305948257446287,11.761332511901855,-4.6742472648620605,0.4273994266986847,6.633735656738281,-0.7357364296913147,-6.842669486999512,-4.866483211517334,-1.2568475008010864,85.05403900146484,49.473819732666016,25.243820190429688,23.53087615966797,26.529993057250977,21.44734573364257,17.066654205322266,12.323690414428713,11.096609115600586,13.748051643371582,13.122953414916992,12.95565700531006,8.588384628295898,0.2711234390735626,0.2171034067869186,0.1160670146346092,0.0296576935797929,-0.0963555723428726,-0.0656711012125015,-0.0526106506586074,0.0138054313138127,-0.0113679580390453,-0.0275488141924142,0.0377502255141735,-0.0228894334286451,-0.0900214090943336,16.7603702545166,9.199895858764648,4.900219917297363,3.336465835571289,4.081606388092041,3.0529441833496094,3.2599685192108154,1.944998025894165,1.6646907329559326,2.2666473388671875,2.6166343688964844,2.5550248622894287,1.6187366247177124,-0.141600415110588,-0.0969700291752815,0.0579392947256565,0.1166775524616241,0.0704956501722335,8.517767855664715e-05,0.0033819898962974,0.0128480847924947,0.016255110502243,0.0185087025165557,-0.0290540214627981,-0.0460365079343318,-0.0404928438365459,9.112689971923828,3.651212453842163,3.277515411376953,2.146782398223877,1.8499398231506348,1.4281039237976074,1.5998265743255615,1.0235670804977417,0.9487369060516356,1.1522905826568604,1.144484281539917,1.2400953769683838,0.9323451519012452,0.0219799854688226,0.0089321878454249,0.0582339712924454,0.0167869939160806,18.013616039132085,1,Rekurrensparese,929,phrase
